split,horizon,target_time,corridor,y_true,naive_pred,historical_average_pred
VALIDATION,1,2026-08-14 02:00:00+00:00,tt_bekasi,17.0,16.0,17.692307692307693
VALIDATION,1,2026-08-14 02:00:00+00:00,tt_bogor,45.0,35.0,36.46153846153846
VALIDATION,1,2026-08-14 02:00:00+00:00,tt_bsd,34.0,30.0,32.30769230769231
VALIDATION,1,2026-08-14 02:00:00+00:00,tt_cawang,26.0,17.0,21.0
VALIDATION,1,2026-08-14 02:00:00+00:00,tt_depok,27.0,27.0,29.23076923076923
VALIDATION,1,2026-08-14 02:00:00+00:00,tt_gatsu,45.0,45.0,40.76923076923077
VALIDATION,1,2026-08-14 02:00:00+00:00,tt_grogol,34.0,32.0,31.076923076923077
VALIDATION,1,2026-08-14 02:00:00+00:00,tt_kebonjeruk,25.0,27.0,25.307692307692307
VALIDATION,1,2026-08-14 02:00:00+00:00,tt_kelapagading,29.0,29.0,26.846153846153847
VALIDATION,1,2026-08-14 02:00:00+00:00,tt_kuningan,17.0,21.0,18.23076923076923
VALIDATION,1,2026-08-14 02:00:00+00:00,tt_sudirman,32.0,33.0,25.384615384615383
VALIDATION,1,2026-08-14 02:00:00+00:00,tt_tangerang,48.0,48.0,43.84615384615385
VALIDATION,1,2026-08-14 02:00:00+00:00,tt_tbsimatupang,28.0,31.0,29.923076923076923
VALIDATION,1,2026-08-14 02:00:00+00:00,tt_thamrin,18.0,22.0,17.846153846153847
VALIDATION,1,2026-08-14 03:00:00+00:00,tt_bekasi,14.0,17.0,17.727272727272727
VALIDATION,1,2026-08-14 03:00:00+00:00,tt_bogor,37.0,45.0,37.90909090909091
VALIDATION,1,2026-08-14 03:00:00+00:00,tt_bsd,34.0,34.0,32.0
VALIDATION,1,2026-08-14 03:00:00+00:00,tt_cawang,25.0,26.0,21.818181818181817
VALIDATION,1,2026-08-14 03:00:00+00:00,tt_depok,27.0,27.0,26.545454545454547
VALIDATION,1,2026-08-14 03:00:00+00:00,tt_gatsu,45.0,45.0,43.90909090909091
VALIDATION,1,2026-08-14 03:00:00+00:00,tt_grogol,25.0,34.0,31.272727272727273
VALIDATION,1,2026-08-14 03:00:00+00:00,tt_kebonjeruk,25.0,25.0,25.0
VALIDATION,1,2026-08-14 03:00:00+00:00,tt_kelapagading,24.0,29.0,24.636363636363637
VALIDATION,1,2026-08-14 03:00:00+00:00,tt_kuningan,16.0,17.0,18.545454545454547
VALIDATION,1,2026-08-14 03:00:00+00:00,tt_sudirman,38.0,32.0,32.27272727272727
VALIDATION,1,2026-08-14 03:00:00+00:00,tt_tangerang,35.0,48.0,39.54545454545455
VALIDATION,1,2026-08-14 03:00:00+00:00,tt_tbsimatupang,32.0,28.0,37.45454545454545
VALIDATION,1,2026-08-14 03:00:00+00:00,tt_thamrin,17.0,18.0,18.90909090909091
VALIDATION,1,2026-08-14 05:00:00+00:00,tt_bekasi,14.0,14.0,18.0
VALIDATION,1,2026-08-14 05:00:00+00:00,tt_bogor,45.0,37.0,39.6
VALIDATION,1,2026-08-14 05:00:00+00:00,tt_bsd,34.0,34.0,32.4
VALIDATION,1,2026-08-14 05:00:00+00:00,tt_cawang,43.0,25.0,23.3
VALIDATION,1,2026-08-14 05:00:00+00:00,tt_depok,31.0,27.0,28.2
VALIDATION,1,2026-08-14 05:00:00+00:00,tt_gatsu,45.0,45.0,45.0
VALIDATION,1,2026-08-14 05:00:00+00:00,tt_grogol,30.0,25.0,32.0
VALIDATION,1,2026-08-14 05:00:00+00:00,tt_kebonjeruk,27.0,25.0,25.2
VALIDATION,1,2026-08-14 05:00:00+00:00,tt_kelapagading,23.0,24.0,21.4
VALIDATION,1,2026-08-14 05:00:00+00:00,tt_kuningan,21.0,16.0,18.2
VALIDATION,1,2026-08-14 05:00:00+00:00,tt_sudirman,28.0,38.0,28.4
VALIDATION,1,2026-08-14 05:00:00+00:00,tt_tangerang,38.0,35.0,39.6
VALIDATION,1,2026-08-14 05:00:00+00:00,tt_tbsimatupang,22.0,32.0,45.0
VALIDATION,1,2026-08-14 05:00:00+00:00,tt_thamrin,18.0,17.0,18.9
VALIDATION,1,2026-08-14 06:00:00+00:00,tt_bekasi,14.0,14.0,17.083333333333332
VALIDATION,1,2026-08-14 06:00:00+00:00,tt_bogor,34.0,45.0,36.166666666666664
VALIDATION,1,2026-08-14 06:00:00+00:00,tt_bsd,34.0,34.0,33.666666666666664
VALIDATION,1,2026-08-14 06:00:00+00:00,tt_cawang,19.0,43.0,21.333333333333332
VALIDATION,1,2026-08-14 06:00:00+00:00,tt_depok,24.0,31.0,26.25
VALIDATION,1,2026-08-14 06:00:00+00:00,tt_gatsu,35.0,45.0,42.5
VALIDATION,1,2026-08-14 06:00:00+00:00,tt_grogol,30.0,30.0,31.333333333333332
VALIDATION,1,2026-08-14 06:00:00+00:00,tt_kebonjeruk,21.0,27.0,24.083333333333332
VALIDATION,1,2026-08-14 06:00:00+00:00,tt_kelapagading,19.0,23.0,20.083333333333332
VALIDATION,1,2026-08-14 06:00:00+00:00,tt_kuningan,21.0,21.0,19.166666666666668
VALIDATION,1,2026-08-14 06:00:00+00:00,tt_sudirman,20.0,28.0,26.75
VALIDATION,1,2026-08-14 06:00:00+00:00,tt_tangerang,40.0,38.0,38.583333333333336
VALIDATION,1,2026-08-14 06:00:00+00:00,tt_tbsimatupang,41.0,22.0,48.833333333333336
VALIDATION,1,2026-08-14 06:00:00+00:00,tt_thamrin,14.0,18.0,18.75
VALIDATION,1,2026-08-14 08:00:00+00:00,tt_bekasi,15.0,14.0,15.923076923076923
VALIDATION,1,2026-08-14 08:00:00+00:00,tt_bogor,35.0,34.0,34.61538461538461
VALIDATION,1,2026-08-14 08:00:00+00:00,tt_bsd,34.0,34.0,32.07692307692308
VALIDATION,1,2026-08-14 08:00:00+00:00,tt_cawang,21.0,19.0,35.15384615384615
VALIDATION,1,2026-08-14 08:00:00+00:00,tt_depok,26.0,24.0,27.384615384615383
VALIDATION,1,2026-08-14 08:00:00+00:00,tt_gatsu,32.0,35.0,30.46153846153846
VALIDATION,1,2026-08-14 08:00:00+00:00,tt_grogol,31.0,30.0,31.384615384615383
VALIDATION,1,2026-08-14 08:00:00+00:00,tt_kebonjeruk,24.0,21.0,21.923076923076923
VALIDATION,1,2026-08-14 08:00:00+00:00,tt_kelapagading,21.0,19.0,20.923076923076923
VALIDATION,1,2026-08-14 08:00:00+00:00,tt_kuningan,14.0,21.0,19.53846153846154
VALIDATION,1,2026-08-14 08:00:00+00:00,tt_sudirman,20.0,20.0,22.846153846153847
VALIDATION,1,2026-08-14 08:00:00+00:00,tt_tangerang,39.0,40.0,37.61538461538461
VALIDATION,1,2026-08-14 08:00:00+00:00,tt_tbsimatupang,19.0,41.0,43.0
VALIDATION,1,2026-08-14 08:00:00+00:00,tt_thamrin,12.0,14.0,15.461538461538462
VALIDATION,1,2026-08-14 10:00:00+00:00,tt_bekasi,15.0,15.0,15.3
VALIDATION,1,2026-08-14 10:00:00+00:00,tt_bogor,34.0,35.0,31.5
VALIDATION,1,2026-08-14 10:00:00+00:00,tt_bsd,34.0,34.0,32.0
VALIDATION,1,2026-08-14 10:00:00+00:00,tt_cawang,31.0,21.0,29.9
VALIDATION,1,2026-08-14 10:00:00+00:00,tt_depok,25.0,26.0,23.6
VALIDATION,1,2026-08-14 10:00:00+00:00,tt_gatsu,20.0,32.0,23.1
VALIDATION,1,2026-08-14 10:00:00+00:00,tt_grogol,31.0,31.0,32.1
VALIDATION,1,2026-08-14 10:00:00+00:00,tt_kebonjeruk,23.0,24.0,21.4
VALIDATION,1,2026-08-14 10:00:00+00:00,tt_kelapagading,19.0,21.0,20.9
VALIDATION,1,2026-08-14 10:00:00+00:00,tt_kuningan,21.0,14.0,15.3
VALIDATION,1,2026-08-14 10:00:00+00:00,tt_sudirman,23.0,20.0,19.4
VALIDATION,1,2026-08-14 10:00:00+00:00,tt_tangerang,32.0,39.0,36.3
VALIDATION,1,2026-08-14 10:00:00+00:00,tt_tbsimatupang,8.0,19.0,34.0
VALIDATION,1,2026-08-14 10:00:00+00:00,tt_thamrin,16.0,12.0,15.5
VALIDATION,1,2026-08-14 11:00:00+00:00,tt_bekasi,14.0,15.0,14.692307692307692
VALIDATION,1,2026-08-14 11:00:00+00:00,tt_bogor,30.0,34.0,33.07692307692308
VALIDATION,1,2026-08-14 11:00:00+00:00,tt_bsd,34.0,34.0,32.07692307692308
VALIDATION,1,2026-08-14 11:00:00+00:00,tt_cawang,33.0,31.0,29.23076923076923
VALIDATION,1,2026-08-14 11:00:00+00:00,tt_depok,24.0,25.0,24.846153846153847
VALIDATION,1,2026-08-14 11:00:00+00:00,tt_gatsu,17.0,20.0,16.615384615384617
VALIDATION,1,2026-08-14 11:00:00+00:00,tt_grogol,30.0,31.0,32.69230769230769
VALIDATION,1,2026-08-14 11:00:00+00:00,tt_kebonjeruk,20.0,23.0,21.923076923076923
VALIDATION,1,2026-08-14 11:00:00+00:00,tt_kelapagading,18.0,19.0,20.076923076923077
VALIDATION,1,2026-08-14 11:00:00+00:00,tt_kuningan,12.0,21.0,15.153846153846153
VALIDATION,1,2026-08-14 11:00:00+00:00,tt_sudirman,18.0,23.0,18.53846153846154
VALIDATION,1,2026-08-14 11:00:00+00:00,tt_tangerang,32.0,32.0,38.0
VALIDATION,1,2026-08-14 11:00:00+00:00,tt_tbsimatupang,7.0,8.0,39.92307692307692
VALIDATION,1,2026-08-14 11:00:00+00:00,tt_thamrin,11.0,16.0,13.0
VALIDATION,1,2026-08-14 13:00:00+00:00,tt_bekasi,12.0,14.0,17.2
VALIDATION,1,2026-08-14 13:00:00+00:00,tt_bogor,36.0,30.0,40.9
VALIDATION,1,2026-08-14 13:00:00+00:00,tt_bsd,34.0,34.0,31.6
VALIDATION,1,2026-08-14 13:00:00+00:00,tt_cawang,43.0,33.0,40.6
VALIDATION,1,2026-08-14 13:00:00+00:00,tt_depok,25.0,24.0,25.0
VALIDATION,1,2026-08-14 13:00:00+00:00,tt_gatsu,45.0,17.0,43.3
VALIDATION,1,2026-08-14 13:00:00+00:00,tt_grogol,28.0,30.0,37.9
VALIDATION,1,2026-08-14 13:00:00+00:00,tt_kebonjeruk,23.0,20.0,25.3
VALIDATION,1,2026-08-14 13:00:00+00:00,tt_kelapagading,20.0,18.0,24.2
VALIDATION,1,2026-08-14 13:00:00+00:00,tt_kuningan,13.0,12.0,16.2
VALIDATION,1,2026-08-14 13:00:00+00:00,tt_sudirman,27.0,18.0,30.6
VALIDATION,1,2026-08-14 13:00:00+00:00,tt_tangerang,32.0,32.0,46.2
VALIDATION,1,2026-08-14 13:00:00+00:00,tt_tbsimatupang,21.0,7.0,67.6
VALIDATION,1,2026-08-14 13:00:00+00:00,tt_thamrin,16.0,11.0,15.7
VALIDATION,1,2026-08-14 14:00:00+00:00,tt_bekasi,16.0,12.0,17.23076923076923
VALIDATION,1,2026-08-14 14:00:00+00:00,tt_bogor,45.0,36.0,39.30769230769231
VALIDATION,1,2026-08-14 14:00:00+00:00,tt_bsd,34.0,34.0,33.23076923076923
VALIDATION,1,2026-08-14 14:00:00+00:00,tt_cawang,28.0,43.0,39.53846153846154
VALIDATION,1,2026-08-14 14:00:00+00:00,tt_depok,26.0,25.0,27.0
VALIDATION,1,2026-08-14 14:00:00+00:00,tt_gatsu,45.0,45.0,45.0
VALIDATION,1,2026-08-14 14:00:00+00:00,tt_grogol,40.0,28.0,38.30769230769231
VALIDATION,1,2026-08-14 14:00:00+00:00,tt_kebonjeruk,28.0,23.0,28.692307692307693
VALIDATION,1,2026-08-14 14:00:00+00:00,tt_kelapagading,29.0,20.0,25.615384615384617
VALIDATION,1,2026-08-14 14:00:00+00:00,tt_kuningan,21.0,13.0,18.23076923076923
VALIDATION,1,2026-08-14 14:00:00+00:00,tt_sudirman,30.0,27.0,31.153846153846153
VALIDATION,1,2026-08-14 14:00:00+00:00,tt_tangerang,48.0,32.0,48.0
VALIDATION,1,2026-08-14 14:00:00+00:00,tt_tbsimatupang,72.0,21.0,68.23076923076923
VALIDATION,1,2026-08-14 14:00:00+00:00,tt_thamrin,13.0,16.0,17.846153846153847
VALIDATION,1,2026-08-14 16:00:00+00:00,tt_bekasi,17.0,16.0,18.0
VALIDATION,1,2026-08-14 16:00:00+00:00,tt_bogor,45.0,45.0,43.44444444444444
VALIDATION,1,2026-08-14 16:00:00+00:00,tt_bsd,34.0,34.0,34.0
VALIDATION,1,2026-08-14 16:00:00+00:00,tt_cawang,43.0,28.0,42.22222222222222
VALIDATION,1,2026-08-14 16:00:00+00:00,tt_depok,31.0,26.0,31.0
VALIDATION,1,2026-08-14 16:00:00+00:00,tt_gatsu,45.0,45.0,45.0
VALIDATION,1,2026-08-14 16:00:00+00:00,tt_grogol,40.0,40.0,40.0
VALIDATION,1,2026-08-14 16:00:00+00:00,tt_kebonjeruk,35.0,28.0,34.333333333333336
VALIDATION,1,2026-08-14 16:00:00+00:00,tt_kelapagading,29.0,29.0,28.555555555555557
VALIDATION,1,2026-08-14 16:00:00+00:00,tt_kuningan,21.0,21.0,20.11111111111111
VALIDATION,1,2026-08-14 16:00:00+00:00,tt_sudirman,38.0,30.0,37.22222222222222
VALIDATION,1,2026-08-14 16:00:00+00:00,tt_tangerang,39.0,48.0,48.0
VALIDATION,1,2026-08-14 16:00:00+00:00,tt_tbsimatupang,72.0,72.0,72.0
VALIDATION,1,2026-08-14 16:00:00+00:00,tt_thamrin,22.0,13.0,20.0
VALIDATION,1,2026-08-14 18:00:00+00:00,tt_bekasi,17.0,17.0,18.0
VALIDATION,1,2026-08-14 18:00:00+00:00,tt_bogor,45.0,45.0,45.0
VALIDATION,1,2026-08-14 18:00:00+00:00,tt_bsd,34.0,34.0,34.0
VALIDATION,1,2026-08-14 18:00:00+00:00,tt_cawang,43.0,43.0,43.0
VALIDATION,1,2026-08-14 18:00:00+00:00,tt_depok,31.0,31.0,31.0
VALIDATION,1,2026-08-14 18:00:00+00:00,tt_gatsu,45.0,45.0,45.0
VALIDATION,1,2026-08-14 18:00:00+00:00,tt_grogol,40.0,40.0,40.0
VALIDATION,1,2026-08-14 18:00:00+00:00,tt_kebonjeruk,35.0,35.0,35.0
VALIDATION,1,2026-08-14 18:00:00+00:00,tt_kelapagading,29.0,29.0,29.0
VALIDATION,1,2026-08-14 18:00:00+00:00,tt_kuningan,21.0,21.0,20.636363636363637
VALIDATION,1,2026-08-14 18:00:00+00:00,tt_sudirman,38.0,38.0,38.0
VALIDATION,1,2026-08-14 18:00:00+00:00,tt_tangerang,48.0,39.0,48.0
VALIDATION,1,2026-08-14 18:00:00+00:00,tt_tbsimatupang,72.0,72.0,72.0
VALIDATION,1,2026-08-14 18:00:00+00:00,tt_thamrin,22.0,22.0,22.0
VALIDATION,1,2026-08-14 19:00:00+00:00,tt_bekasi,17.0,17.0,18.0
VALIDATION,1,2026-08-14 19:00:00+00:00,tt_bogor,45.0,45.0,44.72727272727273
VALIDATION,1,2026-08-14 19:00:00+00:00,tt_bsd,34.0,34.0,34.0
VALIDATION,1,2026-08-14 19:00:00+00:00,tt_cawang,43.0,43.0,43.0
VALIDATION,1,2026-08-14 19:00:00+00:00,tt_depok,31.0,31.0,31.0
VALIDATION,1,2026-08-14 19:00:00+00:00,tt_gatsu,45.0,45.0,45.0
VALIDATION,1,2026-08-14 19:00:00+00:00,tt_grogol,40.0,40.0,40.0
VALIDATION,1,2026-08-14 19:00:00+00:00,tt_kebonjeruk,35.0,35.0,35.0
VALIDATION,1,2026-08-14 19:00:00+00:00,tt_kelapagading,29.0,29.0,29.0
VALIDATION,1,2026-08-14 19:00:00+00:00,tt_kuningan,21.0,21.0,21.0
VALIDATION,1,2026-08-14 19:00:00+00:00,tt_sudirman,38.0,38.0,38.0
VALIDATION,1,2026-08-14 19:00:00+00:00,tt_tangerang,48.0,48.0,48.0
VALIDATION,1,2026-08-14 19:00:00+00:00,tt_tbsimatupang,72.0,72.0,72.0
VALIDATION,1,2026-08-14 19:00:00+00:00,tt_thamrin,22.0,22.0,22.0
VALIDATION,1,2026-08-14 21:00:00+00:00,tt_bekasi,18.0,17.0,18.0
VALIDATION,1,2026-08-14 21:00:00+00:00,tt_bogor,45.0,45.0,45.0
VALIDATION,1,2026-08-14 21:00:00+00:00,tt_bsd,34.0,34.0,34.0
VALIDATION,1,2026-08-14 21:00:00+00:00,tt_cawang,43.0,43.0,43.0
VALIDATION,1,2026-08-14 21:00:00+00:00,tt_depok,31.0,31.0,31.0
VALIDATION,1,2026-08-14 21:00:00+00:00,tt_gatsu,45.0,45.0,45.0
VALIDATION,1,2026-08-14 21:00:00+00:00,tt_grogol,40.0,40.0,40.0
VALIDATION,1,2026-08-14 21:00:00+00:00,tt_kebonjeruk,35.0,35.0,35.0
VALIDATION,1,2026-08-14 21:00:00+00:00,tt_kelapagading,29.0,29.0,29.0
VALIDATION,1,2026-08-14 21:00:00+00:00,tt_kuningan,21.0,21.0,21.0
VALIDATION,1,2026-08-14 21:00:00+00:00,tt_sudirman,38.0,38.0,38.0
VALIDATION,1,2026-08-14 21:00:00+00:00,tt_tangerang,48.0,48.0,48.0
VALIDATION,1,2026-08-14 21:00:00+00:00,tt_tbsimatupang,72.0,72.0,72.0
VALIDATION,1,2026-08-14 21:00:00+00:00,tt_thamrin,22.0,22.0,21.8
VALIDATION,1,2026-08-14 23:00:00+00:00,tt_bekasi,17.0,18.0,18.0
VALIDATION,1,2026-08-14 23:00:00+00:00,tt_bogor,45.0,45.0,40.72727272727273
VALIDATION,1,2026-08-14 23:00:00+00:00,tt_bsd,34.0,34.0,34.0
VALIDATION,1,2026-08-14 23:00:00+00:00,tt_cawang,43.0,43.0,27.636363636363637
VALIDATION,1,2026-08-14 23:00:00+00:00,tt_depok,31.0,31.0,30.363636363636363
VALIDATION,1,2026-08-14 23:00:00+00:00,tt_gatsu,45.0,45.0,45.0
VALIDATION,1,2026-08-14 23:00:00+00:00,tt_grogol,40.0,40.0,36.27272727272727
VALIDATION,1,2026-08-14 23:00:00+00:00,tt_kebonjeruk,35.0,35.0,32.09090909090909
VALIDATION,1,2026-08-14 23:00:00+00:00,tt_kelapagading,29.0,29.0,27.181818181818183
VALIDATION,1,2026-08-14 23:00:00+00:00,tt_kuningan,21.0,21.0,21.0
VALIDATION,1,2026-08-14 23:00:00+00:00,tt_sudirman,38.0,38.0,36.54545454545455
VALIDATION,1,2026-08-14 23:00:00+00:00,tt_tangerang,48.0,48.0,47.36363636363637
VALIDATION,1,2026-08-14 23:00:00+00:00,tt_tbsimatupang,72.0,72.0,53.90909090909091
VALIDATION,1,2026-08-14 23:00:00+00:00,tt_thamrin,22.0,22.0,20.181818181818183
VALIDATION,1,2026-08-15 00:00:00+00:00,tt_bekasi,17.0,17.0,18.0
VALIDATION,1,2026-08-15 00:00:00+00:00,tt_bogor,45.0,45.0,36.2
VALIDATION,1,2026-08-15 00:00:00+00:00,tt_bsd,34.0,34.0,31.5
VALIDATION,1,2026-08-15 00:00:00+00:00,tt_cawang,43.0,43.0,22.6
VALIDATION,1,2026-08-15 00:00:00+00:00,tt_depok,31.0,31.0,30.2
VALIDATION,1,2026-08-15 00:00:00+00:00,tt_gatsu,45.0,45.0,44.2
VALIDATION,1,2026-08-15 00:00:00+00:00,tt_grogol,40.0,40.0,35.9
VALIDATION,1,2026-08-15 00:00:00+00:00,tt_kebonjeruk,35.0,35.0,29.5
VALIDATION,1,2026-08-15 00:00:00+00:00,tt_kelapagading,29.0,29.0,28.3
VALIDATION,1,2026-08-15 00:00:00+00:00,tt_kuningan,21.0,21.0,21.0
VALIDATION,1,2026-08-15 00:00:00+00:00,tt_sudirman,38.0,38.0,31.4
VALIDATION,1,2026-08-15 00:00:00+00:00,tt_tangerang,48.0,48.0,44.3
VALIDATION,1,2026-08-15 00:00:00+00:00,tt_tbsimatupang,56.0,72.0,42.1
VALIDATION,1,2026-08-15 00:00:00+00:00,tt_thamrin,22.0,22.0,20.3
VALIDATION,1,2026-08-15 02:00:00+00:00,tt_bekasi,15.0,17.0,17.692307692307693
VALIDATION,1,2026-08-15 02:00:00+00:00,tt_bogor,37.0,45.0,36.46153846153846
VALIDATION,1,2026-08-15 02:00:00+00:00,tt_bsd,34.0,34.0,32.30769230769231
VALIDATION,1,2026-08-15 02:00:00+00:00,tt_cawang,19.0,43.0,21.0
VALIDATION,1,2026-08-15 02:00:00+00:00,tt_depok,26.0,31.0,29.23076923076923
VALIDATION,1,2026-08-15 02:00:00+00:00,tt_gatsu,45.0,45.0,40.76923076923077
VALIDATION,1,2026-08-15 02:00:00+00:00,tt_grogol,40.0,40.0,31.076923076923077
VALIDATION,1,2026-08-15 02:00:00+00:00,tt_kebonjeruk,29.0,35.0,25.307692307692307
VALIDATION,1,2026-08-15 02:00:00+00:00,tt_kelapagading,29.0,29.0,26.846153846153847
VALIDATION,1,2026-08-15 02:00:00+00:00,tt_kuningan,21.0,21.0,18.23076923076923
VALIDATION,1,2026-08-15 02:00:00+00:00,tt_sudirman,38.0,38.0,25.384615384615383
VALIDATION,1,2026-08-15 02:00:00+00:00,tt_tangerang,48.0,48.0,43.84615384615385
VALIDATION,1,2026-08-15 02:00:00+00:00,tt_tbsimatupang,57.0,56.0,29.923076923076923
VALIDATION,1,2026-08-15 02:00:00+00:00,tt_thamrin,22.0,22.0,17.846153846153847
VALIDATION,1,2026-08-15 03:00:00+00:00,tt_bekasi,12.0,15.0,17.727272727272727
VALIDATION,1,2026-08-15 03:00:00+00:00,tt_bogor,37.0,37.0,37.90909090909091
VALIDATION,1,2026-08-15 03:00:00+00:00,tt_bsd,29.0,34.0,32.0
VALIDATION,1,2026-08-15 03:00:00+00:00,tt_cawang,20.0,19.0,21.818181818181817
VALIDATION,1,2026-08-15 03:00:00+00:00,tt_depok,26.0,26.0,26.545454545454547
VALIDATION,1,2026-08-15 03:00:00+00:00,tt_gatsu,45.0,45.0,43.90909090909091
VALIDATION,1,2026-08-15 03:00:00+00:00,tt_grogol,32.0,40.0,31.272727272727273
VALIDATION,1,2026-08-15 03:00:00+00:00,tt_kebonjeruk,24.0,29.0,25.0
VALIDATION,1,2026-08-15 03:00:00+00:00,tt_kelapagading,22.0,29.0,24.636363636363637
VALIDATION,1,2026-08-15 03:00:00+00:00,tt_kuningan,21.0,21.0,18.545454545454547
VALIDATION,1,2026-08-15 03:00:00+00:00,tt_sudirman,38.0,38.0,32.27272727272727
VALIDATION,1,2026-08-15 03:00:00+00:00,tt_tangerang,35.0,48.0,39.54545454545455
VALIDATION,1,2026-08-15 03:00:00+00:00,tt_tbsimatupang,48.0,57.0,37.45454545454545
VALIDATION,1,2026-08-15 03:00:00+00:00,tt_thamrin,19.0,22.0,18.90909090909091
VALIDATION,1,2026-08-15 05:00:00+00:00,tt_bekasi,14.0,12.0,18.0
VALIDATION,1,2026-08-15 05:00:00+00:00,tt_bogor,45.0,37.0,39.6
VALIDATION,1,2026-08-15 05:00:00+00:00,tt_bsd,34.0,29.0,32.4
VALIDATION,1,2026-08-15 05:00:00+00:00,tt_cawang,20.0,20.0,23.3
VALIDATION,1,2026-08-15 05:00:00+00:00,tt_depok,25.0,26.0,28.2
VALIDATION,1,2026-08-15 05:00:00+00:00,tt_gatsu,45.0,45.0,45.0
VALIDATION,1,2026-08-15 05:00:00+00:00,tt_grogol,40.0,32.0,32.0
VALIDATION,1,2026-08-15 05:00:00+00:00,tt_kebonjeruk,23.0,24.0,25.2
VALIDATION,1,2026-08-15 05:00:00+00:00,tt_kelapagading,19.0,22.0,21.4
VALIDATION,1,2026-08-15 05:00:00+00:00,tt_kuningan,21.0,21.0,18.2
VALIDATION,1,2026-08-15 05:00:00+00:00,tt_sudirman,31.0,38.0,28.4
VALIDATION,1,2026-08-15 05:00:00+00:00,tt_tangerang,30.0,35.0,39.6
VALIDATION,1,2026-08-15 05:00:00+00:00,tt_tbsimatupang,43.0,48.0,45.0
VALIDATION,1,2026-08-15 05:00:00+00:00,tt_thamrin,14.0,19.0,18.9
VALIDATION,1,2026-08-15 07:00:00+00:00,tt_bekasi,15.0,14.0,17.75
VALIDATION,1,2026-08-15 07:00:00+00:00,tt_bogor,34.0,45.0,36.083333333333336
VALIDATION,1,2026-08-15 07:00:00+00:00,tt_bsd,34.0,34.0,31.75
VALIDATION,1,2026-08-15 07:00:00+00:00,tt_cawang,21.0,20.0,28.666666666666668
VALIDATION,1,2026-08-15 07:00:00+00:00,tt_depok,24.0,25.0,26.5
VALIDATION,1,2026-08-15 07:00:00+00:00,tt_gatsu,45.0,45.0,34.5
VALIDATION,1,2026-08-15 07:00:00+00:00,tt_grogol,40.0,40.0,31.666666666666668
VALIDATION,1,2026-08-15 07:00:00+00:00,tt_kebonjeruk,22.0,23.0,22.416666666666668
VALIDATION,1,2026-08-15 07:00:00+00:00,tt_kelapagading,21.0,19.0,21.166666666666668
VALIDATION,1,2026-08-15 07:00:00+00:00,tt_kuningan,21.0,21.0,18.666666666666668
VALIDATION,1,2026-08-15 07:00:00+00:00,tt_sudirman,29.0,31.0,24.583333333333332
VALIDATION,1,2026-08-15 07:00:00+00:00,tt_tangerang,36.0,30.0,43.666666666666664
VALIDATION,1,2026-08-15 07:00:00+00:00,tt_tbsimatupang,37.0,43.0,56.416666666666664
VALIDATION,1,2026-08-15 07:00:00+00:00,tt_thamrin,16.0,14.0,17.0
VALIDATION,1,2026-08-15 08:00:00+00:00,tt_bekasi,15.0,15.0,15.923076923076923
VALIDATION,1,2026-08-15 08:00:00+00:00,tt_bogor,35.0,34.0,34.61538461538461
VALIDATION,1,2026-08-15 08:00:00+00:00,tt_bsd,34.0,34.0,32.07692307692308
VALIDATION,1,2026-08-15 08:00:00+00:00,tt_cawang,21.0,21.0,35.15384615384615
VALIDATION,1,2026-08-15 08:00:00+00:00,tt_depok,24.0,24.0,27.384615384615383
VALIDATION,1,2026-08-15 08:00:00+00:00,tt_gatsu,45.0,45.0,30.46153846153846
VALIDATION,1,2026-08-15 08:00:00+00:00,tt_grogol,34.0,40.0,31.384615384615383
VALIDATION,1,2026-08-15 08:00:00+00:00,tt_kebonjeruk,23.0,22.0,21.923076923076923
VALIDATION,1,2026-08-15 08:00:00+00:00,tt_kelapagading,22.0,21.0,20.923076923076923
VALIDATION,1,2026-08-15 08:00:00+00:00,tt_kuningan,21.0,21.0,19.53846153846154
VALIDATION,1,2026-08-15 08:00:00+00:00,tt_sudirman,32.0,29.0,22.846153846153847
VALIDATION,1,2026-08-15 08:00:00+00:00,tt_tangerang,40.0,36.0,37.61538461538461
VALIDATION,1,2026-08-15 08:00:00+00:00,tt_tbsimatupang,46.0,37.0,43.0
VALIDATION,1,2026-08-15 08:00:00+00:00,tt_thamrin,13.0,16.0,15.461538461538462
VALIDATION,1,2026-08-15 10:00:00+00:00,tt_bekasi,14.0,15.0,15.3
VALIDATION,1,2026-08-15 10:00:00+00:00,tt_bogor,35.0,35.0,31.5
VALIDATION,1,2026-08-15 10:00:00+00:00,tt_bsd,34.0,34.0,32.0
VALIDATION,1,2026-08-15 10:00:00+00:00,tt_cawang,24.0,21.0,29.9
VALIDATION,1,2026-08-15 10:00:00+00:00,tt_depok,23.0,24.0,23.6
VALIDATION,1,2026-08-15 10:00:00+00:00,tt_gatsu,45.0,45.0,23.1
VALIDATION,1,2026-08-15 10:00:00+00:00,tt_grogol,32.0,34.0,32.1
VALIDATION,1,2026-08-15 10:00:00+00:00,tt_kebonjeruk,24.0,23.0,21.4
VALIDATION,1,2026-08-15 10:00:00+00:00,tt_kelapagading,21.0,22.0,20.9
VALIDATION,1,2026-08-15 10:00:00+00:00,tt_kuningan,15.0,21.0,15.3
VALIDATION,1,2026-08-15 10:00:00+00:00,tt_sudirman,34.0,32.0,19.4
VALIDATION,1,2026-08-15 10:00:00+00:00,tt_tangerang,48.0,40.0,36.3
VALIDATION,1,2026-08-15 10:00:00+00:00,tt_tbsimatupang,52.0,46.0,34.0
VALIDATION,1,2026-08-15 10:00:00+00:00,tt_thamrin,17.0,13.0,15.5
VALIDATION,1,2026-08-15 12:00:00+00:00,tt_bekasi,12.0,14.0,14.857142857142858
VALIDATION,1,2026-08-15 12:00:00+00:00,tt_bogor,34.0,35.0,34.0
VALIDATION,1,2026-08-15 12:00:00+00:00,tt_bsd,26.0,34.0,32.642857142857146
VALIDATION,1,2026-08-15 12:00:00+00:00,tt_cawang,25.0,24.0,34.142857142857146
VALIDATION,1,2026-08-15 12:00:00+00:00,tt_depok,22.0,23.0,23.857142857142858
VALIDATION,1,2026-08-15 12:00:00+00:00,tt_gatsu,45.0,45.0,24.785714285714285
VALIDATION,1,2026-08-15 12:00:00+00:00,tt_grogol,29.0,32.0,33.07142857142857
VALIDATION,1,2026-08-15 12:00:00+00:00,tt_kebonjeruk,25.0,24.0,23.571428571428573
VALIDATION,1,2026-08-15 12:00:00+00:00,tt_kelapagading,18.0,21.0,20.714285714285715
VALIDATION,1,2026-08-15 12:00:00+00:00,tt_kuningan,15.0,15.0,13.785714285714286
VALIDATION,1,2026-08-15 12:00:00+00:00,tt_sudirman,24.0,34.0,23.714285714285715
VALIDATION,1,2026-08-15 12:00:00+00:00,tt_tangerang,36.0,48.0,43.57142857142857
VALIDATION,1,2026-08-15 12:00:00+00:00,tt_tbsimatupang,56.0,52.0,58.92857142857143
VALIDATION,1,2026-08-15 12:00:00+00:00,tt_thamrin,15.0,17.0,12.785714285714286
VALIDATION,1,2026-08-15 13:00:00+00:00,tt_bekasi,13.0,12.0,17.2
VALIDATION,1,2026-08-15 13:00:00+00:00,tt_bogor,45.0,34.0,40.9
VALIDATION,1,2026-08-15 13:00:00+00:00,tt_bsd,28.0,26.0,31.6
VALIDATION,1,2026-08-15 13:00:00+00:00,tt_cawang,28.0,25.0,40.6
VALIDATION,1,2026-08-15 13:00:00+00:00,tt_depok,22.0,22.0,25.0
VALIDATION,1,2026-08-15 13:00:00+00:00,tt_gatsu,45.0,45.0,43.3
VALIDATION,1,2026-08-15 13:00:00+00:00,tt_grogol,31.0,29.0,37.9
VALIDATION,1,2026-08-15 13:00:00+00:00,tt_kebonjeruk,28.0,25.0,25.3
VALIDATION,1,2026-08-15 13:00:00+00:00,tt_kelapagading,22.0,18.0,24.2
VALIDATION,1,2026-08-15 13:00:00+00:00,tt_kuningan,16.0,15.0,16.2
VALIDATION,1,2026-08-15 13:00:00+00:00,tt_sudirman,33.0,24.0,30.6
VALIDATION,1,2026-08-15 13:00:00+00:00,tt_tangerang,48.0,36.0,46.2
VALIDATION,1,2026-08-15 13:00:00+00:00,tt_tbsimatupang,72.0,56.0,67.6
VALIDATION,1,2026-08-15 13:00:00+00:00,tt_thamrin,12.0,15.0,15.7
VALIDATION,1,2026-08-15 15:00:00+00:00,tt_bekasi,14.0,13.0,18.0
VALIDATION,1,2026-08-15 15:00:00+00:00,tt_bogor,37.0,45.0,43.416666666666664
VALIDATION,1,2026-08-15 15:00:00+00:00,tt_bsd,34.0,28.0,34.0
VALIDATION,1,2026-08-15 15:00:00+00:00,tt_cawang,33.0,28.0,39.75
VALIDATION,1,2026-08-15 15:00:00+00:00,tt_depok,25.0,22.0,30.5
VALIDATION,1,2026-08-15 15:00:00+00:00,tt_gatsu,45.0,45.0,45.0
VALIDATION,1,2026-08-15 15:00:00+00:00,tt_grogol,40.0,31.0,40.0
VALIDATION,1,2026-08-15 15:00:00+00:00,tt_kebonjeruk,30.0,28.0,34.166666666666664
VALIDATION,1,2026-08-15 15:00:00+00:00,tt_kelapagading,26.0,22.0,28.333333333333332
VALIDATION,1,2026-08-15 15:00:00+00:00,tt_kuningan,21.0,16.0,19.666666666666668
VALIDATION,1,2026-08-15 15:00:00+00:00,tt_sudirman,28.0,33.0,35.833333333333336
VALIDATION,1,2026-08-15 15:00:00+00:00,tt_tangerang,48.0,48.0,46.333333333333336
VALIDATION,1,2026-08-15 15:00:00+00:00,tt_tbsimatupang,72.0,72.0,72.0
VALIDATION,1,2026-08-15 15:00:00+00:00,tt_thamrin,10.0,12.0,18.583333333333332
VALIDATION,1,2026-08-15 16:00:00+00:00,tt_bekasi,17.0,14.0,18.0
VALIDATION,1,2026-08-15 16:00:00+00:00,tt_bogor,45.0,37.0,43.44444444444444
VALIDATION,1,2026-08-15 16:00:00+00:00,tt_bsd,34.0,34.0,34.0
VALIDATION,1,2026-08-15 16:00:00+00:00,tt_cawang,43.0,33.0,42.22222222222222
VALIDATION,1,2026-08-15 16:00:00+00:00,tt_depok,31.0,25.0,31.0
VALIDATION,1,2026-08-15 16:00:00+00:00,tt_gatsu,45.0,45.0,45.0
VALIDATION,1,2026-08-15 16:00:00+00:00,tt_grogol,40.0,40.0,40.0
VALIDATION,1,2026-08-15 16:00:00+00:00,tt_kebonjeruk,35.0,30.0,34.333333333333336
VALIDATION,1,2026-08-15 16:00:00+00:00,tt_kelapagading,29.0,26.0,28.555555555555557
VALIDATION,1,2026-08-15 16:00:00+00:00,tt_kuningan,21.0,21.0,20.11111111111111
VALIDATION,1,2026-08-15 16:00:00+00:00,tt_sudirman,38.0,28.0,37.22222222222222
VALIDATION,1,2026-08-15 16:00:00+00:00,tt_tangerang,48.0,48.0,48.0
VALIDATION,1,2026-08-15 16:00:00+00:00,tt_tbsimatupang,72.0,72.0,72.0
VALIDATION,1,2026-08-15 16:00:00+00:00,tt_thamrin,22.0,10.0,20.0
VALIDATION,1,2026-08-15 18:00:00+00:00,tt_bekasi,17.0,17.0,18.0
VALIDATION,1,2026-08-15 18:00:00+00:00,tt_bogor,45.0,45.0,45.0
VALIDATION,1,2026-08-15 18:00:00+00:00,tt_bsd,34.0,34.0,34.0
VALIDATION,1,2026-08-15 18:00:00+00:00,tt_cawang,43.0,43.0,43.0
VALIDATION,1,2026-08-15 18:00:00+00:00,tt_depok,31.0,31.0,31.0
VALIDATION,1,2026-08-15 18:00:00+00:00,tt_gatsu,45.0,45.0,45.0
VALIDATION,1,2026-08-15 18:00:00+00:00,tt_grogol,40.0,40.0,40.0
VALIDATION,1,2026-08-15 18:00:00+00:00,tt_kebonjeruk,35.0,35.0,35.0
VALIDATION,1,2026-08-15 18:00:00+00:00,tt_kelapagading,29.0,29.0,29.0
VALIDATION,1,2026-08-15 18:00:00+00:00,tt_kuningan,21.0,21.0,20.636363636363637
VALIDATION,1,2026-08-15 18:00:00+00:00,tt_sudirman,38.0,38.0,38.0
VALIDATION,1,2026-08-15 18:00:00+00:00,tt_tangerang,48.0,48.0,48.0
VALIDATION,1,2026-08-15 18:00:00+00:00,tt_tbsimatupang,72.0,72.0,72.0
VALIDATION,1,2026-08-15 18:00:00+00:00,tt_thamrin,22.0,22.0,22.0
VALIDATION,1,2026-08-15 20:00:00+00:00,tt_bekasi,17.0,17.0,18.0
VALIDATION,1,2026-08-15 20:00:00+00:00,tt_bogor,45.0,45.0,45.0
VALIDATION,1,2026-08-15 20:00:00+00:00,tt_bsd,34.0,34.0,34.0
VALIDATION,1,2026-08-15 20:00:00+00:00,tt_cawang,43.0,43.0,43.0
VALIDATION,1,2026-08-15 20:00:00+00:00,tt_depok,31.0,31.0,31.0
VALIDATION,1,2026-08-15 20:00:00+00:00,tt_gatsu,45.0,45.0,45.0
VALIDATION,1,2026-08-15 20:00:00+00:00,tt_grogol,40.0,40.0,40.0
VALIDATION,1,2026-08-15 20:00:00+00:00,tt_kebonjeruk,35.0,35.0,35.0
VALIDATION,1,2026-08-15 20:00:00+00:00,tt_kelapagading,29.0,29.0,29.0
VALIDATION,1,2026-08-15 20:00:00+00:00,tt_kuningan,21.0,21.0,21.0
VALIDATION,1,2026-08-15 20:00:00+00:00,tt_sudirman,38.0,38.0,38.0
VALIDATION,1,2026-08-15 20:00:00+00:00,tt_tangerang,48.0,48.0,48.0
VALIDATION,1,2026-08-15 20:00:00+00:00,tt_tbsimatupang,72.0,72.0,72.0
VALIDATION,1,2026-08-15 20:00:00+00:00,tt_thamrin,22.0,22.0,22.0
VALIDATION,1,2026-08-15 21:00:00+00:00,tt_bekasi,18.0,17.0,18.0
VALIDATION,1,2026-08-15 21:00:00+00:00,tt_bogor,45.0,45.0,45.0
VALIDATION,1,2026-08-15 21:00:00+00:00,tt_bsd,34.0,34.0,34.0
VALIDATION,1,2026-08-15 21:00:00+00:00,tt_cawang,43.0,43.0,43.0
VALIDATION,1,2026-08-15 21:00:00+00:00,tt_depok,31.0,31.0,31.0
VALIDATION,1,2026-08-15 21:00:00+00:00,tt_gatsu,45.0,45.0,45.0
VALIDATION,1,2026-08-15 21:00:00+00:00,tt_grogol,40.0,40.0,40.0
VALIDATION,1,2026-08-15 21:00:00+00:00,tt_kebonjeruk,35.0,35.0,35.0
VALIDATION,1,2026-08-15 21:00:00+00:00,tt_kelapagading,29.0,29.0,29.0
VALIDATION,1,2026-08-15 21:00:00+00:00,tt_kuningan,21.0,21.0,21.0
VALIDATION,1,2026-08-15 21:00:00+00:00,tt_sudirman,38.0,38.0,38.0
VALIDATION,1,2026-08-15 21:00:00+00:00,tt_tangerang,48.0,48.0,48.0
VALIDATION,1,2026-08-15 21:00:00+00:00,tt_tbsimatupang,72.0,72.0,72.0
VALIDATION,1,2026-08-15 21:00:00+00:00,tt_thamrin,22.0,22.0,21.8
VALIDATION,1,2026-08-15 23:00:00+00:00,tt_bekasi,18.0,18.0,18.0
VALIDATION,1,2026-08-15 23:00:00+00:00,tt_bogor,45.0,45.0,40.72727272727273
VALIDATION,1,2026-08-15 23:00:00+00:00,tt_bsd,34.0,34.0,34.0
VALIDATION,1,2026-08-15 23:00:00+00:00,tt_cawang,43.0,43.0,27.636363636363637
VALIDATION,1,2026-08-15 23:00:00+00:00,tt_depok,31.0,31.0,30.363636363636363
VALIDATION,1,2026-08-15 23:00:00+00:00,tt_gatsu,45.0,45.0,45.0
VALIDATION,1,2026-08-15 23:00:00+00:00,tt_grogol,40.0,40.0,36.27272727272727
VALIDATION,1,2026-08-15 23:00:00+00:00,tt_kebonjeruk,35.0,35.0,32.09090909090909
VALIDATION,1,2026-08-15 23:00:00+00:00,tt_kelapagading,29.0,29.0,27.181818181818183
VALIDATION,1,2026-08-15 23:00:00+00:00,tt_kuningan,21.0,21.0,21.0
VALIDATION,1,2026-08-15 23:00:00+00:00,tt_sudirman,27.0,38.0,36.54545454545455
VALIDATION,1,2026-08-15 23:00:00+00:00,tt_tangerang,48.0,48.0,47.36363636363637
VALIDATION,1,2026-08-15 23:00:00+00:00,tt_tbsimatupang,72.0,72.0,53.90909090909091
VALIDATION,1,2026-08-15 23:00:00+00:00,tt_thamrin,22.0,22.0,20.181818181818183
VALIDATION,1,2026-08-16 01:00:00+00:00,tt_bekasi,17.0,18.0,17.818181818181817
VALIDATION,1,2026-08-16 01:00:00+00:00,tt_bogor,45.0,45.0,37.18181818181818
VALIDATION,1,2026-08-16 01:00:00+00:00,tt_bsd,34.0,34.0,31.181818181818183
VALIDATION,1,2026-08-16 01:00:00+00:00,tt_cawang,43.0,43.0,23.818181818181817
VALIDATION,1,2026-08-16 01:00:00+00:00,tt_depok,31.0,31.0,28.363636363636363
VALIDATION,1,2026-08-16 01:00:00+00:00,tt_gatsu,45.0,45.0,42.27272727272727
VALIDATION,1,2026-08-16 01:00:00+00:00,tt_grogol,40.0,40.0,34.36363636363637
VALIDATION,1,2026-08-16 01:00:00+00:00,tt_kebonjeruk,35.0,35.0,29.181818181818183
VALIDATION,1,2026-08-16 01:00:00+00:00,tt_kelapagading,29.0,29.0,28.181818181818183
VALIDATION,1,2026-08-16 01:00:00+00:00,tt_kuningan,21.0,21.0,21.0
VALIDATION,1,2026-08-16 01:00:00+00:00,tt_sudirman,19.0,27.0,26.363636363636363
VALIDATION,1,2026-08-16 01:00:00+00:00,tt_tangerang,48.0,48.0,42.45454545454545
VALIDATION,1,2026-08-16 01:00:00+00:00,tt_tbsimatupang,72.0,72.0,35.45454545454545
VALIDATION,1,2026-08-16 01:00:00+00:00,tt_thamrin,13.0,22.0,18.454545454545453
VALIDATION,1,2026-08-16 02:00:00+00:00,tt_bekasi,15.0,17.0,17.692307692307693
VALIDATION,1,2026-08-16 02:00:00+00:00,tt_bogor,45.0,45.0,36.46153846153846
VALIDATION,1,2026-08-16 02:00:00+00:00,tt_bsd,30.0,34.0,32.30769230769231
VALIDATION,1,2026-08-16 02:00:00+00:00,tt_cawang,43.0,43.0,21.0
VALIDATION,1,2026-08-16 02:00:00+00:00,tt_depok,24.0,31.0,29.23076923076923
VALIDATION,1,2026-08-16 02:00:00+00:00,tt_gatsu,45.0,45.0,40.76923076923077
VALIDATION,1,2026-08-16 02:00:00+00:00,tt_grogol,35.0,40.0,31.076923076923077
VALIDATION,1,2026-08-16 02:00:00+00:00,tt_kebonjeruk,35.0,35.0,25.307692307692307
VALIDATION,1,2026-08-16 02:00:00+00:00,tt_kelapagading,24.0,29.0,26.846153846153847
VALIDATION,1,2026-08-16 02:00:00+00:00,tt_kuningan,21.0,21.0,18.23076923076923
VALIDATION,1,2026-08-16 02:00:00+00:00,tt_sudirman,26.0,19.0,25.384615384615383
VALIDATION,1,2026-08-16 02:00:00+00:00,tt_tangerang,48.0,48.0,43.84615384615385
VALIDATION,1,2026-08-16 02:00:00+00:00,tt_tbsimatupang,72.0,72.0,29.923076923076923
VALIDATION,1,2026-08-16 02:00:00+00:00,tt_thamrin,22.0,13.0,17.846153846153847
VALIDATION,1,2026-08-16 04:00:00+00:00,tt_bekasi,15.0,15.0,17.666666666666668
VALIDATION,1,2026-08-16 04:00:00+00:00,tt_bogor,45.0,45.0,39.25
VALIDATION,1,2026-08-16 04:00:00+00:00,tt_bsd,34.0,30.0,32.833333333333336
VALIDATION,1,2026-08-16 04:00:00+00:00,tt_cawang,21.0,43.0,20.25
VALIDATION,1,2026-08-16 04:00:00+00:00,tt_depok,26.0,24.0,26.916666666666668
VALIDATION,1,2026-08-16 04:00:00+00:00,tt_gatsu,45.0,45.0,45.0
VALIDATION,1,2026-08-16 04:00:00+00:00,tt_grogol,40.0,35.0,31.5
VALIDATION,1,2026-08-16 04:00:00+00:00,tt_kebonjeruk,29.0,35.0,25.166666666666668
VALIDATION,1,2026-08-16 04:00:00+00:00,tt_kelapagading,29.0,24.0,22.5
VALIDATION,1,2026-08-16 04:00:00+00:00,tt_kuningan,21.0,21.0,19.166666666666668
VALIDATION,1,2026-08-16 04:00:00+00:00,tt_sudirman,38.0,26.0,31.666666666666668
VALIDATION,1,2026-08-16 04:00:00+00:00,tt_tangerang,48.0,48.0,38.166666666666664
VALIDATION,1,2026-08-16 04:00:00+00:00,tt_tbsimatupang,72.0,72.0,38.5
VALIDATION,1,2026-08-16 04:00:00+00:00,tt_thamrin,17.0,22.0,19.166666666666668
VALIDATION,1,2026-08-16 06:00:00+00:00,tt_bekasi,16.0,15.0,17.083333333333332
VALIDATION,1,2026-08-16 06:00:00+00:00,tt_bogor,45.0,45.0,36.166666666666664
VALIDATION,1,2026-08-16 06:00:00+00:00,tt_bsd,34.0,34.0,33.666666666666664
VALIDATION,1,2026-08-16 06:00:00+00:00,tt_cawang,15.0,21.0,21.333333333333332
VALIDATION,1,2026-08-16 06:00:00+00:00,tt_depok,26.0,26.0,26.25
VALIDATION,1,2026-08-16 06:00:00+00:00,tt_gatsu,45.0,45.0,42.5
VALIDATION,1,2026-08-16 06:00:00+00:00,tt_grogol,40.0,40.0,31.333333333333332
VALIDATION,1,2026-08-16 06:00:00+00:00,tt_kebonjeruk,26.0,29.0,24.083333333333332
VALIDATION,1,2026-08-16 06:00:00+00:00,tt_kelapagading,20.0,29.0,20.083333333333332
VALIDATION,1,2026-08-16 06:00:00+00:00,tt_kuningan,21.0,21.0,19.166666666666668
VALIDATION,1,2026-08-16 06:00:00+00:00,tt_sudirman,27.0,38.0,26.75
VALIDATION,1,2026-08-16 06:00:00+00:00,tt_tangerang,48.0,48.0,38.583333333333336
VALIDATION,1,2026-08-16 06:00:00+00:00,tt_tbsimatupang,72.0,72.0,48.833333333333336
VALIDATION,1,2026-08-16 06:00:00+00:00,tt_thamrin,16.0,17.0,18.75
VALIDATION,1,2026-08-16 07:00:00+00:00,tt_bekasi,15.0,16.0,17.75
VALIDATION,1,2026-08-16 07:00:00+00:00,tt_bogor,45.0,45.0,36.083333333333336
VALIDATION,1,2026-08-16 07:00:00+00:00,tt_bsd,34.0,34.0,31.75
VALIDATION,1,2026-08-16 07:00:00+00:00,tt_cawang,31.0,15.0,28.666666666666668
VALIDATION,1,2026-08-16 07:00:00+00:00,tt_depok,31.0,26.0,26.5
VALIDATION,1,2026-08-16 07:00:00+00:00,tt_gatsu,45.0,45.0,34.5
VALIDATION,1,2026-08-16 07:00:00+00:00,tt_grogol,40.0,40.0,31.666666666666668
VALIDATION,1,2026-08-16 07:00:00+00:00,tt_kebonjeruk,27.0,26.0,22.416666666666668
VALIDATION,1,2026-08-16 07:00:00+00:00,tt_kelapagading,21.0,20.0,21.166666666666668
VALIDATION,1,2026-08-16 07:00:00+00:00,tt_kuningan,21.0,21.0,18.666666666666668
VALIDATION,1,2026-08-16 07:00:00+00:00,tt_sudirman,25.0,27.0,24.583333333333332
VALIDATION,1,2026-08-16 07:00:00+00:00,tt_tangerang,48.0,48.0,43.666666666666664
VALIDATION,1,2026-08-16 07:00:00+00:00,tt_tbsimatupang,72.0,72.0,56.416666666666664
VALIDATION,1,2026-08-16 07:00:00+00:00,tt_thamrin,16.0,16.0,17.0
VALIDATION,1,2026-08-16 09:00:00+00:00,tt_bekasi,15.0,15.0,15.692307692307692
VALIDATION,1,2026-08-16 09:00:00+00:00,tt_bogor,37.0,45.0,33.84615384615385
VALIDATION,1,2026-08-16 09:00:00+00:00,tt_bsd,34.0,34.0,32.69230769230769
VALIDATION,1,2026-08-16 09:00:00+00:00,tt_cawang,43.0,31.0,30.923076923076923
VALIDATION,1,2026-08-16 09:00:00+00:00,tt_depok,24.0,31.0,23.846153846153847
VALIDATION,1,2026-08-16 09:00:00+00:00,tt_gatsu,45.0,45.0,36.0
VALIDATION,1,2026-08-16 09:00:00+00:00,tt_grogol,40.0,40.0,32.15384615384615
VALIDATION,1,2026-08-16 09:00:00+00:00,tt_kebonjeruk,29.0,27.0,22.692307692307693
VALIDATION,1,2026-08-16 09:00:00+00:00,tt_kelapagading,29.0,21.0,21.692307692307693
VALIDATION,1,2026-08-16 09:00:00+00:00,tt_kuningan,21.0,21.0,18.46153846153846
VALIDATION,1,2026-08-16 09:00:00+00:00,tt_sudirman,28.0,25.0,24.0
VALIDATION,1,2026-08-16 09:00:00+00:00,tt_tangerang,48.0,48.0,40.53846153846154
VALIDATION,1,2026-08-16 09:00:00+00:00,tt_tbsimatupang,72.0,72.0,40.46153846153846
VALIDATION,1,2026-08-16 09:00:00+00:00,tt_thamrin,18.0,16.0,17.615384615384617
VALIDATION,1,2026-08-16 10:00:00+00:00,tt_bekasi,15.0,15.0,15.3
VALIDATION,1,2026-08-16 10:00:00+00:00,tt_bogor,34.0,37.0,31.5
VALIDATION,1,2026-08-16 10:00:00+00:00,tt_bsd,34.0,34.0,32.0
VALIDATION,1,2026-08-16 10:00:00+00:00,tt_cawang,30.0,43.0,29.9
VALIDATION,1,2026-08-16 10:00:00+00:00,tt_depok,23.0,24.0,23.6
VALIDATION,1,2026-08-16 10:00:00+00:00,tt_gatsu,45.0,45.0,23.1
VALIDATION,1,2026-08-16 10:00:00+00:00,tt_grogol,40.0,40.0,32.1
VALIDATION,1,2026-08-16 10:00:00+00:00,tt_kebonjeruk,29.0,29.0,21.4
VALIDATION,1,2026-08-16 10:00:00+00:00,tt_kelapagading,23.0,29.0,20.9
VALIDATION,1,2026-08-16 10:00:00+00:00,tt_kuningan,21.0,21.0,15.3
VALIDATION,1,2026-08-16 10:00:00+00:00,tt_sudirman,29.0,28.0,19.4
VALIDATION,1,2026-08-16 10:00:00+00:00,tt_tangerang,48.0,48.0,36.3
VALIDATION,1,2026-08-16 10:00:00+00:00,tt_tbsimatupang,72.0,72.0,34.0
VALIDATION,1,2026-08-16 10:00:00+00:00,tt_thamrin,18.0,18.0,15.5
VALIDATION,1,2026-08-16 12:00:00+00:00,tt_bekasi,11.0,15.0,14.857142857142858
VALIDATION,1,2026-08-16 12:00:00+00:00,tt_bogor,36.0,34.0,34.0
VALIDATION,1,2026-08-16 12:00:00+00:00,tt_bsd,34.0,34.0,32.642857142857146
VALIDATION,1,2026-08-16 12:00:00+00:00,tt_cawang,24.0,30.0,34.142857142857146
VALIDATION,1,2026-08-16 12:00:00+00:00,tt_depok,24.0,23.0,23.857142857142858
VALIDATION,1,2026-08-16 12:00:00+00:00,tt_gatsu,45.0,45.0,24.785714285714285
VALIDATION,1,2026-08-16 12:00:00+00:00,tt_grogol,40.0,40.0,33.07142857142857
VALIDATION,1,2026-08-16 12:00:00+00:00,tt_kebonjeruk,28.0,29.0,23.571428571428573
VALIDATION,1,2026-08-16 12:00:00+00:00,tt_kelapagading,19.0,23.0,20.714285714285715
VALIDATION,1,2026-08-16 12:00:00+00:00,tt_kuningan,21.0,21.0,13.785714285714286
VALIDATION,1,2026-08-16 12:00:00+00:00,tt_sudirman,27.0,29.0,23.714285714285715
VALIDATION,1,2026-08-16 12:00:00+00:00,tt_tangerang,48.0,48.0,43.57142857142857
VALIDATION,1,2026-08-16 12:00:00+00:00,tt_tbsimatupang,72.0,72.0,58.92857142857143
VALIDATION,1,2026-08-16 12:00:00+00:00,tt_thamrin,13.0,18.0,12.785714285714286
VALIDATION,1,2026-08-16 14:00:00+00:00,tt_bekasi,14.0,11.0,17.23076923076923
VALIDATION,1,2026-08-16 14:00:00+00:00,tt_bogor,38.0,36.0,39.30769230769231
VALIDATION,1,2026-08-16 14:00:00+00:00,tt_bsd,34.0,34.0,33.23076923076923
VALIDATION,1,2026-08-16 14:00:00+00:00,tt_cawang,43.0,24.0,39.53846153846154
VALIDATION,1,2026-08-16 14:00:00+00:00,tt_depok,24.0,24.0,27.0
VALIDATION,1,2026-08-16 14:00:00+00:00,tt_gatsu,45.0,45.0,45.0
VALIDATION,1,2026-08-16 14:00:00+00:00,tt_grogol,40.0,40.0,38.30769230769231
VALIDATION,1,2026-08-16 14:00:00+00:00,tt_kebonjeruk,35.0,28.0,28.692307692307693
VALIDATION,1,2026-08-16 14:00:00+00:00,tt_kelapagading,22.0,19.0,25.615384615384617
VALIDATION,1,2026-08-16 14:00:00+00:00,tt_kuningan,21.0,21.0,18.23076923076923
VALIDATION,1,2026-08-16 14:00:00+00:00,tt_sudirman,30.0,27.0,31.153846153846153
VALIDATION,1,2026-08-16 14:00:00+00:00,tt_tangerang,48.0,48.0,48.0
VALIDATION,1,2026-08-16 14:00:00+00:00,tt_tbsimatupang,72.0,72.0,68.23076923076923
VALIDATION,1,2026-08-16 14:00:00+00:00,tt_thamrin,15.0,13.0,17.846153846153847
VALIDATION,1,2026-08-16 15:00:00+00:00,tt_bekasi,16.0,14.0,18.0
VALIDATION,1,2026-08-16 15:00:00+00:00,tt_bogor,45.0,38.0,43.416666666666664
VALIDATION,1,2026-08-16 15:00:00+00:00,tt_bsd,34.0,34.0,34.0
VALIDATION,1,2026-08-16 15:00:00+00:00,tt_cawang,43.0,43.0,39.75
VALIDATION,1,2026-08-16 15:00:00+00:00,tt_depok,31.0,24.0,30.5
VALIDATION,1,2026-08-16 15:00:00+00:00,tt_gatsu,45.0,45.0,45.0
VALIDATION,1,2026-08-16 15:00:00+00:00,tt_grogol,40.0,40.0,40.0
VALIDATION,1,2026-08-16 15:00:00+00:00,tt_kebonjeruk,35.0,35.0,34.166666666666664
VALIDATION,1,2026-08-16 15:00:00+00:00,tt_kelapagading,29.0,22.0,28.333333333333332
VALIDATION,1,2026-08-16 15:00:00+00:00,tt_kuningan,21.0,21.0,19.666666666666668
VALIDATION,1,2026-08-16 15:00:00+00:00,tt_sudirman,38.0,30.0,35.833333333333336
VALIDATION,1,2026-08-16 15:00:00+00:00,tt_tangerang,48.0,48.0,46.333333333333336
VALIDATION,1,2026-08-16 15:00:00+00:00,tt_tbsimatupang,72.0,72.0,72.0
VALIDATION,1,2026-08-16 15:00:00+00:00,tt_thamrin,19.0,15.0,18.583333333333332
VALIDATION,1,2026-08-16 17:00:00+00:00,tt_bekasi,17.0,16.0,18.0
VALIDATION,1,2026-08-16 17:00:00+00:00,tt_bogor,45.0,45.0,44.27272727272727
VALIDATION,1,2026-08-16 17:00:00+00:00,tt_bsd,34.0,34.0,33.63636363636363
VALIDATION,1,2026-08-16 17:00:00+00:00,tt_cawang,43.0,43.0,43.0
VALIDATION,1,2026-08-16 17:00:00+00:00,tt_depok,31.0,31.0,31.0
VALIDATION,1,2026-08-16 17:00:00+00:00,tt_gatsu,45.0,45.0,45.0
VALIDATION,1,2026-08-16 17:00:00+00:00,tt_grogol,40.0,40.0,39.45454545454545
VALIDATION,1,2026-08-16 17:00:00+00:00,tt_kebonjeruk,35.0,35.0,35.0
VALIDATION,1,2026-08-16 17:00:00+00:00,tt_kelapagading,29.0,29.0,29.0
VALIDATION,1,2026-08-16 17:00:00+00:00,tt_kuningan,21.0,21.0,21.0
VALIDATION,1,2026-08-16 17:00:00+00:00,tt_sudirman,38.0,38.0,38.0
VALIDATION,1,2026-08-16 17:00:00+00:00,tt_tangerang,48.0,48.0,48.0
VALIDATION,1,2026-08-16 17:00:00+00:00,tt_tbsimatupang,72.0,72.0,72.0
VALIDATION,1,2026-08-16 17:00:00+00:00,tt_thamrin,22.0,19.0,22.0
VALIDATION,1,2026-08-16 19:00:00+00:00,tt_bekasi,17.0,17.0,18.0
VALIDATION,1,2026-08-16 19:00:00+00:00,tt_bogor,45.0,45.0,44.72727272727273
VALIDATION,1,2026-08-16 19:00:00+00:00,tt_bsd,34.0,34.0,34.0
VALIDATION,1,2026-08-16 19:00:00+00:00,tt_cawang,43.0,43.0,43.0
VALIDATION,1,2026-08-16 19:00:00+00:00,tt_depok,31.0,31.0,31.0
VALIDATION,1,2026-08-16 19:00:00+00:00,tt_gatsu,45.0,45.0,45.0
VALIDATION,1,2026-08-16 19:00:00+00:00,tt_grogol,40.0,40.0,40.0
VALIDATION,1,2026-08-16 19:00:00+00:00,tt_kebonjeruk,35.0,35.0,35.0
VALIDATION,1,2026-08-16 19:00:00+00:00,tt_kelapagading,29.0,29.0,29.0
VALIDATION,1,2026-08-16 19:00:00+00:00,tt_kuningan,21.0,21.0,21.0
VALIDATION,1,2026-08-16 19:00:00+00:00,tt_sudirman,38.0,38.0,38.0
VALIDATION,1,2026-08-16 19:00:00+00:00,tt_tangerang,48.0,48.0,48.0
VALIDATION,1,2026-08-16 19:00:00+00:00,tt_tbsimatupang,72.0,72.0,72.0
VALIDATION,1,2026-08-16 19:00:00+00:00,tt_thamrin,22.0,22.0,22.0
VALIDATION,1,2026-08-16 20:00:00+00:00,tt_bekasi,17.0,17.0,18.0
VALIDATION,1,2026-08-16 20:00:00+00:00,tt_bogor,45.0,45.0,45.0
VALIDATION,1,2026-08-16 20:00:00+00:00,tt_bsd,34.0,34.0,34.0
VALIDATION,1,2026-08-16 20:00:00+00:00,tt_cawang,43.0,43.0,43.0
VALIDATION,1,2026-08-16 20:00:00+00:00,tt_depok,31.0,31.0,31.0
VALIDATION,1,2026-08-16 20:00:00+00:00,tt_gatsu,45.0,45.0,45.0
VALIDATION,1,2026-08-16 20:00:00+00:00,tt_grogol,40.0,40.0,40.0
VALIDATION,1,2026-08-16 20:00:00+00:00,tt_kebonjeruk,35.0,35.0,35.0
VALIDATION,1,2026-08-16 20:00:00+00:00,tt_kelapagading,29.0,29.0,29.0
VALIDATION,1,2026-08-16 20:00:00+00:00,tt_kuningan,21.0,21.0,21.0
VALIDATION,1,2026-08-16 20:00:00+00:00,tt_sudirman,38.0,38.0,38.0
VALIDATION,1,2026-08-16 20:00:00+00:00,tt_tangerang,48.0,48.0,48.0
VALIDATION,1,2026-08-16 20:00:00+00:00,tt_tbsimatupang,72.0,72.0,72.0
VALIDATION,1,2026-08-16 20:00:00+00:00,tt_thamrin,22.0,22.0,22.0
VALIDATION,1,2026-08-16 22:00:00+00:00,tt_bekasi,18.0,17.0,18.0
VALIDATION,1,2026-08-16 22:00:00+00:00,tt_bogor,45.0,45.0,45.0
VALIDATION,1,2026-08-16 22:00:00+00:00,tt_bsd,34.0,34.0,33.6
VALIDATION,1,2026-08-16 22:00:00+00:00,tt_cawang,43.0,43.0,40.9
VALIDATION,1,2026-08-16 22:00:00+00:00,tt_depok,31.0,31.0,31.0
VALIDATION,1,2026-08-16 22:00:00+00:00,tt_gatsu,45.0,45.0,45.0
VALIDATION,1,2026-08-16 22:00:00+00:00,tt_grogol,40.0,40.0,40.0
VALIDATION,1,2026-08-16 22:00:00+00:00,tt_kebonjeruk,35.0,35.0,35.0
VALIDATION,1,2026-08-16 22:00:00+00:00,tt_kelapagading,29.0,29.0,29.0
VALIDATION,1,2026-08-16 22:00:00+00:00,tt_kuningan,21.0,21.0,21.0
VALIDATION,1,2026-08-16 22:00:00+00:00,tt_sudirman,38.0,38.0,38.0
VALIDATION,1,2026-08-16 22:00:00+00:00,tt_tangerang,48.0,48.0,48.0
VALIDATION,1,2026-08-16 22:00:00+00:00,tt_tbsimatupang,72.0,72.0,72.0
VALIDATION,1,2026-08-16 22:00:00+00:00,tt_thamrin,22.0,22.0,22.0
VALIDATION,1,2026-08-16 23:00:00+00:00,tt_bekasi,17.0,18.0,18.0
VALIDATION,1,2026-08-16 23:00:00+00:00,tt_bogor,45.0,45.0,40.72727272727273
VALIDATION,1,2026-08-16 23:00:00+00:00,tt_bsd,34.0,34.0,34.0
VALIDATION,1,2026-08-16 23:00:00+00:00,tt_cawang,30.0,43.0,27.636363636363637
VALIDATION,1,2026-08-16 23:00:00+00:00,tt_depok,31.0,31.0,30.363636363636363
VALIDATION,1,2026-08-16 23:00:00+00:00,tt_gatsu,45.0,45.0,45.0
VALIDATION,1,2026-08-16 23:00:00+00:00,tt_grogol,40.0,40.0,36.27272727272727
VALIDATION,1,2026-08-16 23:00:00+00:00,tt_kebonjeruk,35.0,35.0,32.09090909090909
VALIDATION,1,2026-08-16 23:00:00+00:00,tt_kelapagading,29.0,29.0,27.181818181818183
VALIDATION,1,2026-08-16 23:00:00+00:00,tt_kuningan,21.0,21.0,21.0
VALIDATION,1,2026-08-16 23:00:00+00:00,tt_sudirman,38.0,38.0,36.54545454545455
VALIDATION,1,2026-08-16 23:00:00+00:00,tt_tangerang,48.0,48.0,47.36363636363637
VALIDATION,1,2026-08-16 23:00:00+00:00,tt_tbsimatupang,72.0,72.0,53.90909090909091
VALIDATION,1,2026-08-16 23:00:00+00:00,tt_thamrin,17.0,22.0,20.181818181818183
VALIDATION,1,2026-08-17 01:00:00+00:00,tt_bekasi,16.0,17.0,17.818181818181817
VALIDATION,1,2026-08-17 01:00:00+00:00,tt_bogor,37.0,45.0,37.18181818181818
VALIDATION,1,2026-08-17 01:00:00+00:00,tt_bsd,34.0,34.0,31.181818181818183
VALIDATION,1,2026-08-17 01:00:00+00:00,tt_cawang,43.0,30.0,23.818181818181817
VALIDATION,1,2026-08-17 01:00:00+00:00,tt_depok,31.0,31.0,28.363636363636363
VALIDATION,1,2026-08-17 01:00:00+00:00,tt_gatsu,45.0,45.0,42.27272727272727
VALIDATION,1,2026-08-17 01:00:00+00:00,tt_grogol,40.0,40.0,34.36363636363637
VALIDATION,1,2026-08-17 01:00:00+00:00,tt_kebonjeruk,35.0,35.0,29.181818181818183
VALIDATION,1,2026-08-17 01:00:00+00:00,tt_kelapagading,29.0,29.0,28.181818181818183
VALIDATION,1,2026-08-17 01:00:00+00:00,tt_kuningan,21.0,21.0,21.0
VALIDATION,1,2026-08-17 01:00:00+00:00,tt_sudirman,38.0,38.0,26.363636363636363
VALIDATION,1,2026-08-17 01:00:00+00:00,tt_tangerang,48.0,48.0,42.45454545454545
VALIDATION,1,2026-08-17 01:00:00+00:00,tt_tbsimatupang,72.0,72.0,35.45454545454545
VALIDATION,1,2026-08-17 01:00:00+00:00,tt_thamrin,22.0,17.0,18.454545454545453
VALIDATION,1,2026-08-17 03:00:00+00:00,tt_bekasi,16.0,16.0,17.727272727272727
VALIDATION,1,2026-08-17 03:00:00+00:00,tt_bogor,45.0,37.0,37.90909090909091
VALIDATION,1,2026-08-17 03:00:00+00:00,tt_bsd,34.0,34.0,32.0
VALIDATION,1,2026-08-17 03:00:00+00:00,tt_cawang,43.0,43.0,21.818181818181817
VALIDATION,1,2026-08-17 03:00:00+00:00,tt_depok,31.0,31.0,26.545454545454547
VALIDATION,1,2026-08-17 03:00:00+00:00,tt_gatsu,45.0,45.0,43.90909090909091
VALIDATION,1,2026-08-17 03:00:00+00:00,tt_grogol,40.0,40.0,31.272727272727273
VALIDATION,1,2026-08-17 03:00:00+00:00,tt_kebonjeruk,35.0,35.0,25.0
VALIDATION,1,2026-08-17 03:00:00+00:00,tt_kelapagading,29.0,29.0,24.636363636363637
VALIDATION,1,2026-08-17 03:00:00+00:00,tt_kuningan,21.0,21.0,18.545454545454547
VALIDATION,1,2026-08-17 03:00:00+00:00,tt_sudirman,38.0,38.0,32.27272727272727
VALIDATION,1,2026-08-17 03:00:00+00:00,tt_tangerang,48.0,48.0,39.54545454545455
VALIDATION,1,2026-08-17 03:00:00+00:00,tt_tbsimatupang,72.0,72.0,37.45454545454545
VALIDATION,1,2026-08-17 03:00:00+00:00,tt_thamrin,19.0,22.0,18.90909090909091
VALIDATION,1,2026-08-17 04:00:00+00:00,tt_bekasi,15.0,16.0,17.666666666666668
VALIDATION,1,2026-08-17 04:00:00+00:00,tt_bogor,45.0,45.0,39.25
VALIDATION,1,2026-08-17 04:00:00+00:00,tt_bsd,34.0,34.0,32.833333333333336
VALIDATION,1,2026-08-17 04:00:00+00:00,tt_cawang,43.0,43.0,20.25
VALIDATION,1,2026-08-17 04:00:00+00:00,tt_depok,31.0,31.0,26.916666666666668
VALIDATION,1,2026-08-17 04:00:00+00:00,tt_gatsu,45.0,45.0,45.0
VALIDATION,1,2026-08-17 04:00:00+00:00,tt_grogol,36.0,40.0,31.5
VALIDATION,1,2026-08-17 04:00:00+00:00,tt_kebonjeruk,35.0,35.0,25.166666666666668
VALIDATION,1,2026-08-17 04:00:00+00:00,tt_kelapagading,29.0,29.0,22.5
VALIDATION,1,2026-08-17 04:00:00+00:00,tt_kuningan,21.0,21.0,19.166666666666668
VALIDATION,1,2026-08-17 04:00:00+00:00,tt_sudirman,38.0,38.0,31.666666666666668
VALIDATION,1,2026-08-17 04:00:00+00:00,tt_tangerang,48.0,48.0,38.166666666666664
VALIDATION,1,2026-08-17 04:00:00+00:00,tt_tbsimatupang,72.0,72.0,38.5
VALIDATION,1,2026-08-17 04:00:00+00:00,tt_thamrin,22.0,19.0,19.166666666666668
VALIDATION,1,2026-08-17 06:00:00+00:00,tt_bekasi,16.0,15.0,17.083333333333332
VALIDATION,1,2026-08-17 06:00:00+00:00,tt_bogor,45.0,45.0,36.166666666666664
VALIDATION,1,2026-08-17 06:00:00+00:00,tt_bsd,34.0,34.0,33.666666666666664
VALIDATION,1,2026-08-17 06:00:00+00:00,tt_cawang,25.0,43.0,21.333333333333332
VALIDATION,1,2026-08-17 06:00:00+00:00,tt_depok,31.0,31.0,26.25
VALIDATION,1,2026-08-17 06:00:00+00:00,tt_gatsu,45.0,45.0,42.5
VALIDATION,1,2026-08-17 06:00:00+00:00,tt_grogol,34.0,36.0,31.333333333333332
VALIDATION,1,2026-08-17 06:00:00+00:00,tt_kebonjeruk,29.0,35.0,24.083333333333332
VALIDATION,1,2026-08-17 06:00:00+00:00,tt_kelapagading,24.0,29.0,20.083333333333332
VALIDATION,1,2026-08-17 06:00:00+00:00,tt_kuningan,21.0,21.0,19.166666666666668
VALIDATION,1,2026-08-17 06:00:00+00:00,tt_sudirman,38.0,38.0,26.75
VALIDATION,1,2026-08-17 06:00:00+00:00,tt_tangerang,48.0,48.0,38.583333333333336
VALIDATION,1,2026-08-17 06:00:00+00:00,tt_tbsimatupang,72.0,72.0,48.833333333333336
VALIDATION,1,2026-08-17 06:00:00+00:00,tt_thamrin,18.0,22.0,18.75
VALIDATION,1,2026-08-17 08:00:00+00:00,tt_bekasi,14.0,16.0,15.923076923076923
VALIDATION,1,2026-08-17 08:00:00+00:00,tt_bogor,38.0,45.0,34.61538461538461
VALIDATION,1,2026-08-17 08:00:00+00:00,tt_bsd,34.0,34.0,32.07692307692308
VALIDATION,1,2026-08-17 08:00:00+00:00,tt_cawang,43.0,25.0,35.15384615384615
VALIDATION,1,2026-08-17 08:00:00+00:00,tt_depok,31.0,31.0,27.384615384615383
VALIDATION,1,2026-08-17 08:00:00+00:00,tt_gatsu,45.0,45.0,30.46153846153846
VALIDATION,1,2026-08-17 08:00:00+00:00,tt_grogol,40.0,34.0,31.384615384615383
VALIDATION,1,2026-08-17 08:00:00+00:00,tt_kebonjeruk,35.0,29.0,21.923076923076923
VALIDATION,1,2026-08-17 08:00:00+00:00,tt_kelapagading,29.0,24.0,20.923076923076923
VALIDATION,1,2026-08-17 08:00:00+00:00,tt_kuningan,21.0,21.0,19.53846153846154
VALIDATION,1,2026-08-17 08:00:00+00:00,tt_sudirman,38.0,38.0,22.846153846153847
VALIDATION,1,2026-08-17 08:00:00+00:00,tt_tangerang,48.0,48.0,37.61538461538461
VALIDATION,1,2026-08-17 08:00:00+00:00,tt_tbsimatupang,72.0,72.0,43.0
VALIDATION,1,2026-08-17 08:00:00+00:00,tt_thamrin,13.0,18.0,15.461538461538462
VALIDATION,1,2026-08-17 09:00:00+00:00,tt_bekasi,15.0,14.0,15.692307692307692
VALIDATION,1,2026-08-17 09:00:00+00:00,tt_bogor,39.0,38.0,33.84615384615385
VALIDATION,1,2026-08-17 09:00:00+00:00,tt_bsd,34.0,34.0,32.69230769230769
VALIDATION,1,2026-08-17 09:00:00+00:00,tt_cawang,23.0,43.0,30.923076923076923
VALIDATION,1,2026-08-17 09:00:00+00:00,tt_depok,25.0,31.0,23.846153846153847
VALIDATION,1,2026-08-17 09:00:00+00:00,tt_gatsu,45.0,45.0,36.0
VALIDATION,1,2026-08-17 09:00:00+00:00,tt_grogol,33.0,40.0,32.15384615384615
VALIDATION,1,2026-08-17 09:00:00+00:00,tt_kebonjeruk,30.0,35.0,22.692307692307693
VALIDATION,1,2026-08-17 09:00:00+00:00,tt_kelapagading,29.0,29.0,21.692307692307693
VALIDATION,1,2026-08-17 09:00:00+00:00,tt_kuningan,21.0,21.0,18.46153846153846
VALIDATION,1,2026-08-17 09:00:00+00:00,tt_sudirman,31.0,38.0,24.0
VALIDATION,1,2026-08-17 09:00:00+00:00,tt_tangerang,48.0,48.0,40.53846153846154
VALIDATION,1,2026-08-17 09:00:00+00:00,tt_tbsimatupang,72.0,72.0,40.46153846153846
VALIDATION,1,2026-08-17 09:00:00+00:00,tt_thamrin,17.0,13.0,17.615384615384617
VALIDATION,1,2026-08-17 11:00:00+00:00,tt_bekasi,15.0,15.0,14.692307692307692
VALIDATION,1,2026-08-17 11:00:00+00:00,tt_bogor,45.0,39.0,33.07692307692308
VALIDATION,1,2026-08-17 11:00:00+00:00,tt_bsd,30.0,34.0,32.07692307692308
VALIDATION,1,2026-08-17 11:00:00+00:00,tt_cawang,43.0,23.0,29.23076923076923
VALIDATION,1,2026-08-17 11:00:00+00:00,tt_depok,24.0,25.0,24.846153846153847
VALIDATION,1,2026-08-17 11:00:00+00:00,tt_gatsu,45.0,45.0,16.615384615384617
VALIDATION,1,2026-08-17 11:00:00+00:00,tt_grogol,33.0,33.0,32.69230769230769
VALIDATION,1,2026-08-17 11:00:00+00:00,tt_kebonjeruk,30.0,30.0,21.923076923076923
VALIDATION,1,2026-08-17 11:00:00+00:00,tt_kelapagading,23.0,29.0,20.076923076923077
VALIDATION,1,2026-08-17 11:00:00+00:00,tt_kuningan,16.0,21.0,15.153846153846153
VALIDATION,1,2026-08-17 11:00:00+00:00,tt_sudirman,32.0,31.0,18.53846153846154
VALIDATION,1,2026-08-17 11:00:00+00:00,tt_tangerang,48.0,48.0,38.0
VALIDATION,1,2026-08-17 11:00:00+00:00,tt_tbsimatupang,72.0,72.0,39.92307692307692
VALIDATION,1,2026-08-17 11:00:00+00:00,tt_thamrin,13.0,17.0,13.0
VALIDATION,3,2026-08-14 03:00:00+00:00,tt_bekasi,14.0,16.0,17.727272727272727
VALIDATION,3,2026-08-14 03:00:00+00:00,tt_bogor,37.0,35.0,37.90909090909091
VALIDATION,3,2026-08-14 03:00:00+00:00,tt_bsd,34.0,30.0,32.0
VALIDATION,3,2026-08-14 03:00:00+00:00,tt_cawang,25.0,17.0,21.818181818181817
VALIDATION,3,2026-08-14 03:00:00+00:00,tt_depok,27.0,27.0,26.545454545454547
VALIDATION,3,2026-08-14 03:00:00+00:00,tt_gatsu,45.0,45.0,43.90909090909091
VALIDATION,3,2026-08-14 03:00:00+00:00,tt_grogol,25.0,32.0,31.272727272727273
VALIDATION,3,2026-08-14 03:00:00+00:00,tt_kebonjeruk,25.0,27.0,25.0
VALIDATION,3,2026-08-14 03:00:00+00:00,tt_kelapagading,24.0,29.0,24.636363636363637
VALIDATION,3,2026-08-14 03:00:00+00:00,tt_kuningan,16.0,21.0,18.545454545454547
VALIDATION,3,2026-08-14 03:00:00+00:00,tt_sudirman,38.0,33.0,32.27272727272727
VALIDATION,3,2026-08-14 03:00:00+00:00,tt_tangerang,35.0,48.0,39.54545454545455
VALIDATION,3,2026-08-14 03:00:00+00:00,tt_tbsimatupang,32.0,31.0,37.45454545454545
VALIDATION,3,2026-08-14 03:00:00+00:00,tt_thamrin,17.0,22.0,18.90909090909091
VALIDATION,3,2026-08-14 05:00:00+00:00,tt_bekasi,14.0,17.0,18.0
VALIDATION,3,2026-08-14 05:00:00+00:00,tt_bogor,45.0,45.0,39.6
VALIDATION,3,2026-08-14 05:00:00+00:00,tt_bsd,34.0,34.0,32.4
VALIDATION,3,2026-08-14 05:00:00+00:00,tt_cawang,43.0,26.0,23.3
VALIDATION,3,2026-08-14 05:00:00+00:00,tt_depok,31.0,27.0,28.2
VALIDATION,3,2026-08-14 05:00:00+00:00,tt_gatsu,45.0,45.0,45.0
VALIDATION,3,2026-08-14 05:00:00+00:00,tt_grogol,30.0,34.0,32.0
VALIDATION,3,2026-08-14 05:00:00+00:00,tt_kebonjeruk,27.0,25.0,25.2
VALIDATION,3,2026-08-14 05:00:00+00:00,tt_kelapagading,23.0,29.0,21.4
VALIDATION,3,2026-08-14 05:00:00+00:00,tt_kuningan,21.0,17.0,18.2
VALIDATION,3,2026-08-14 05:00:00+00:00,tt_sudirman,28.0,32.0,28.4
VALIDATION,3,2026-08-14 05:00:00+00:00,tt_tangerang,38.0,48.0,39.6
VALIDATION,3,2026-08-14 05:00:00+00:00,tt_tbsimatupang,22.0,28.0,45.0
VALIDATION,3,2026-08-14 05:00:00+00:00,tt_thamrin,18.0,18.0,18.9
VALIDATION,3,2026-08-14 06:00:00+00:00,tt_bekasi,14.0,14.0,17.083333333333332
VALIDATION,3,2026-08-14 06:00:00+00:00,tt_bogor,34.0,37.0,36.166666666666664
VALIDATION,3,2026-08-14 06:00:00+00:00,tt_bsd,34.0,34.0,33.666666666666664
VALIDATION,3,2026-08-14 06:00:00+00:00,tt_cawang,19.0,25.0,21.333333333333332
VALIDATION,3,2026-08-14 06:00:00+00:00,tt_depok,24.0,27.0,26.25
VALIDATION,3,2026-08-14 06:00:00+00:00,tt_gatsu,35.0,45.0,42.5
VALIDATION,3,2026-08-14 06:00:00+00:00,tt_grogol,30.0,25.0,31.333333333333332
VALIDATION,3,2026-08-14 06:00:00+00:00,tt_kebonjeruk,21.0,25.0,24.083333333333332
VALIDATION,3,2026-08-14 06:00:00+00:00,tt_kelapagading,19.0,24.0,20.083333333333332
VALIDATION,3,2026-08-14 06:00:00+00:00,tt_kuningan,21.0,16.0,19.166666666666668
VALIDATION,3,2026-08-14 06:00:00+00:00,tt_sudirman,20.0,38.0,26.75
VALIDATION,3,2026-08-14 06:00:00+00:00,tt_tangerang,40.0,35.0,38.583333333333336
VALIDATION,3,2026-08-14 06:00:00+00:00,tt_tbsimatupang,41.0,32.0,48.833333333333336
VALIDATION,3,2026-08-14 06:00:00+00:00,tt_thamrin,14.0,17.0,18.75
VALIDATION,3,2026-08-14 08:00:00+00:00,tt_bekasi,15.0,14.0,15.923076923076923
VALIDATION,3,2026-08-14 08:00:00+00:00,tt_bogor,35.0,45.0,34.61538461538461
VALIDATION,3,2026-08-14 08:00:00+00:00,tt_bsd,34.0,34.0,32.07692307692308
VALIDATION,3,2026-08-14 08:00:00+00:00,tt_cawang,21.0,43.0,35.15384615384615
VALIDATION,3,2026-08-14 08:00:00+00:00,tt_depok,26.0,31.0,27.384615384615383
VALIDATION,3,2026-08-14 08:00:00+00:00,tt_gatsu,32.0,45.0,30.46153846153846
VALIDATION,3,2026-08-14 08:00:00+00:00,tt_grogol,31.0,30.0,31.384615384615383
VALIDATION,3,2026-08-14 08:00:00+00:00,tt_kebonjeruk,24.0,27.0,21.923076923076923
VALIDATION,3,2026-08-14 08:00:00+00:00,tt_kelapagading,21.0,23.0,20.923076923076923
VALIDATION,3,2026-08-14 08:00:00+00:00,tt_kuningan,14.0,21.0,19.53846153846154
VALIDATION,3,2026-08-14 08:00:00+00:00,tt_sudirman,20.0,28.0,22.846153846153847
VALIDATION,3,2026-08-14 08:00:00+00:00,tt_tangerang,39.0,38.0,37.61538461538461
VALIDATION,3,2026-08-14 08:00:00+00:00,tt_tbsimatupang,19.0,22.0,43.0
VALIDATION,3,2026-08-14 08:00:00+00:00,tt_thamrin,12.0,18.0,15.461538461538462
VALIDATION,3,2026-08-14 10:00:00+00:00,tt_bekasi,15.0,14.0,15.3
VALIDATION,3,2026-08-14 10:00:00+00:00,tt_bogor,34.0,34.0,31.5
VALIDATION,3,2026-08-14 10:00:00+00:00,tt_bsd,34.0,34.0,32.0
VALIDATION,3,2026-08-14 10:00:00+00:00,tt_cawang,31.0,19.0,29.9
VALIDATION,3,2026-08-14 10:00:00+00:00,tt_depok,25.0,24.0,23.6
VALIDATION,3,2026-08-14 10:00:00+00:00,tt_gatsu,20.0,35.0,23.1
VALIDATION,3,2026-08-14 10:00:00+00:00,tt_grogol,31.0,30.0,32.1
VALIDATION,3,2026-08-14 10:00:00+00:00,tt_kebonjeruk,23.0,21.0,21.4
VALIDATION,3,2026-08-14 10:00:00+00:00,tt_kelapagading,19.0,19.0,20.9
VALIDATION,3,2026-08-14 10:00:00+00:00,tt_kuningan,21.0,21.0,15.3
VALIDATION,3,2026-08-14 10:00:00+00:00,tt_sudirman,23.0,20.0,19.4
VALIDATION,3,2026-08-14 10:00:00+00:00,tt_tangerang,32.0,40.0,36.3
VALIDATION,3,2026-08-14 10:00:00+00:00,tt_tbsimatupang,8.0,41.0,34.0
VALIDATION,3,2026-08-14 10:00:00+00:00,tt_thamrin,16.0,14.0,15.5
VALIDATION,3,2026-08-14 11:00:00+00:00,tt_bekasi,14.0,15.0,14.692307692307692
VALIDATION,3,2026-08-14 11:00:00+00:00,tt_bogor,30.0,35.0,33.07692307692308
VALIDATION,3,2026-08-14 11:00:00+00:00,tt_bsd,34.0,34.0,32.07692307692308
VALIDATION,3,2026-08-14 11:00:00+00:00,tt_cawang,33.0,21.0,29.23076923076923
VALIDATION,3,2026-08-14 11:00:00+00:00,tt_depok,24.0,26.0,24.846153846153847
VALIDATION,3,2026-08-14 11:00:00+00:00,tt_gatsu,17.0,32.0,16.615384615384617
VALIDATION,3,2026-08-14 11:00:00+00:00,tt_grogol,30.0,31.0,32.69230769230769
VALIDATION,3,2026-08-14 11:00:00+00:00,tt_kebonjeruk,20.0,24.0,21.923076923076923
VALIDATION,3,2026-08-14 11:00:00+00:00,tt_kelapagading,18.0,21.0,20.076923076923077
VALIDATION,3,2026-08-14 11:00:00+00:00,tt_kuningan,12.0,14.0,15.153846153846153
VALIDATION,3,2026-08-14 11:00:00+00:00,tt_sudirman,18.0,20.0,18.53846153846154
VALIDATION,3,2026-08-14 11:00:00+00:00,tt_tangerang,32.0,39.0,38.0
VALIDATION,3,2026-08-14 11:00:00+00:00,tt_tbsimatupang,7.0,19.0,39.92307692307692
VALIDATION,3,2026-08-14 11:00:00+00:00,tt_thamrin,11.0,12.0,13.0
VALIDATION,3,2026-08-14 13:00:00+00:00,tt_bekasi,12.0,15.0,17.2
VALIDATION,3,2026-08-14 13:00:00+00:00,tt_bogor,36.0,34.0,40.9
VALIDATION,3,2026-08-14 13:00:00+00:00,tt_bsd,34.0,34.0,31.6
VALIDATION,3,2026-08-14 13:00:00+00:00,tt_cawang,43.0,31.0,40.6
VALIDATION,3,2026-08-14 13:00:00+00:00,tt_depok,25.0,25.0,25.0
VALIDATION,3,2026-08-14 13:00:00+00:00,tt_gatsu,45.0,20.0,43.3
VALIDATION,3,2026-08-14 13:00:00+00:00,tt_grogol,28.0,31.0,37.9
VALIDATION,3,2026-08-14 13:00:00+00:00,tt_kebonjeruk,23.0,23.0,25.3
VALIDATION,3,2026-08-14 13:00:00+00:00,tt_kelapagading,20.0,19.0,24.2
VALIDATION,3,2026-08-14 13:00:00+00:00,tt_kuningan,13.0,21.0,16.2
VALIDATION,3,2026-08-14 13:00:00+00:00,tt_sudirman,27.0,23.0,30.6
VALIDATION,3,2026-08-14 13:00:00+00:00,tt_tangerang,32.0,32.0,46.2
VALIDATION,3,2026-08-14 13:00:00+00:00,tt_tbsimatupang,21.0,8.0,67.6
VALIDATION,3,2026-08-14 13:00:00+00:00,tt_thamrin,16.0,16.0,15.7
VALIDATION,3,2026-08-14 14:00:00+00:00,tt_bekasi,16.0,14.0,17.23076923076923
VALIDATION,3,2026-08-14 14:00:00+00:00,tt_bogor,45.0,30.0,39.30769230769231
VALIDATION,3,2026-08-14 14:00:00+00:00,tt_bsd,34.0,34.0,33.23076923076923
VALIDATION,3,2026-08-14 14:00:00+00:00,tt_cawang,28.0,33.0,39.53846153846154
VALIDATION,3,2026-08-14 14:00:00+00:00,tt_depok,26.0,24.0,27.0
VALIDATION,3,2026-08-14 14:00:00+00:00,tt_gatsu,45.0,17.0,45.0
VALIDATION,3,2026-08-14 14:00:00+00:00,tt_grogol,40.0,30.0,38.30769230769231
VALIDATION,3,2026-08-14 14:00:00+00:00,tt_kebonjeruk,28.0,20.0,28.692307692307693
VALIDATION,3,2026-08-14 14:00:00+00:00,tt_kelapagading,29.0,18.0,25.615384615384617
VALIDATION,3,2026-08-14 14:00:00+00:00,tt_kuningan,21.0,12.0,18.23076923076923
VALIDATION,3,2026-08-14 14:00:00+00:00,tt_sudirman,30.0,18.0,31.153846153846153
VALIDATION,3,2026-08-14 14:00:00+00:00,tt_tangerang,48.0,32.0,48.0
VALIDATION,3,2026-08-14 14:00:00+00:00,tt_tbsimatupang,72.0,7.0,68.23076923076923
VALIDATION,3,2026-08-14 14:00:00+00:00,tt_thamrin,13.0,11.0,17.846153846153847
VALIDATION,3,2026-08-14 16:00:00+00:00,tt_bekasi,17.0,12.0,18.0
VALIDATION,3,2026-08-14 16:00:00+00:00,tt_bogor,45.0,36.0,43.44444444444444
VALIDATION,3,2026-08-14 16:00:00+00:00,tt_bsd,34.0,34.0,34.0
VALIDATION,3,2026-08-14 16:00:00+00:00,tt_cawang,43.0,43.0,42.22222222222222
VALIDATION,3,2026-08-14 16:00:00+00:00,tt_depok,31.0,25.0,31.0
VALIDATION,3,2026-08-14 16:00:00+00:00,tt_gatsu,45.0,45.0,45.0
VALIDATION,3,2026-08-14 16:00:00+00:00,tt_grogol,40.0,28.0,40.0
VALIDATION,3,2026-08-14 16:00:00+00:00,tt_kebonjeruk,35.0,23.0,34.333333333333336
VALIDATION,3,2026-08-14 16:00:00+00:00,tt_kelapagading,29.0,20.0,28.555555555555557
VALIDATION,3,2026-08-14 16:00:00+00:00,tt_kuningan,21.0,13.0,20.11111111111111
VALIDATION,3,2026-08-14 16:00:00+00:00,tt_sudirman,38.0,27.0,37.22222222222222
VALIDATION,3,2026-08-14 16:00:00+00:00,tt_tangerang,39.0,32.0,48.0
VALIDATION,3,2026-08-14 16:00:00+00:00,tt_tbsimatupang,72.0,21.0,72.0
VALIDATION,3,2026-08-14 16:00:00+00:00,tt_thamrin,22.0,16.0,20.0
VALIDATION,3,2026-08-14 18:00:00+00:00,tt_bekasi,17.0,16.0,18.0
VALIDATION,3,2026-08-14 18:00:00+00:00,tt_bogor,45.0,45.0,45.0
VALIDATION,3,2026-08-14 18:00:00+00:00,tt_bsd,34.0,34.0,34.0
VALIDATION,3,2026-08-14 18:00:00+00:00,tt_cawang,43.0,28.0,43.0
VALIDATION,3,2026-08-14 18:00:00+00:00,tt_depok,31.0,26.0,31.0
VALIDATION,3,2026-08-14 18:00:00+00:00,tt_gatsu,45.0,45.0,45.0
VALIDATION,3,2026-08-14 18:00:00+00:00,tt_grogol,40.0,40.0,40.0
VALIDATION,3,2026-08-14 18:00:00+00:00,tt_kebonjeruk,35.0,28.0,35.0
VALIDATION,3,2026-08-14 18:00:00+00:00,tt_kelapagading,29.0,29.0,29.0
VALIDATION,3,2026-08-14 18:00:00+00:00,tt_kuningan,21.0,21.0,20.636363636363637
VALIDATION,3,2026-08-14 18:00:00+00:00,tt_sudirman,38.0,30.0,38.0
VALIDATION,3,2026-08-14 18:00:00+00:00,tt_tangerang,48.0,48.0,48.0
VALIDATION,3,2026-08-14 18:00:00+00:00,tt_tbsimatupang,72.0,72.0,72.0
VALIDATION,3,2026-08-14 18:00:00+00:00,tt_thamrin,22.0,13.0,22.0
VALIDATION,3,2026-08-14 19:00:00+00:00,tt_bekasi,17.0,17.0,18.0
VALIDATION,3,2026-08-14 19:00:00+00:00,tt_bogor,45.0,45.0,44.72727272727273
VALIDATION,3,2026-08-14 19:00:00+00:00,tt_bsd,34.0,34.0,34.0
VALIDATION,3,2026-08-14 19:00:00+00:00,tt_cawang,43.0,43.0,43.0
VALIDATION,3,2026-08-14 19:00:00+00:00,tt_depok,31.0,31.0,31.0
VALIDATION,3,2026-08-14 19:00:00+00:00,tt_gatsu,45.0,45.0,45.0
VALIDATION,3,2026-08-14 19:00:00+00:00,tt_grogol,40.0,40.0,40.0
VALIDATION,3,2026-08-14 19:00:00+00:00,tt_kebonjeruk,35.0,35.0,35.0
VALIDATION,3,2026-08-14 19:00:00+00:00,tt_kelapagading,29.0,29.0,29.0
VALIDATION,3,2026-08-14 19:00:00+00:00,tt_kuningan,21.0,21.0,21.0
VALIDATION,3,2026-08-14 19:00:00+00:00,tt_sudirman,38.0,38.0,38.0
VALIDATION,3,2026-08-14 19:00:00+00:00,tt_tangerang,48.0,39.0,48.0
VALIDATION,3,2026-08-14 19:00:00+00:00,tt_tbsimatupang,72.0,72.0,72.0
VALIDATION,3,2026-08-14 19:00:00+00:00,tt_thamrin,22.0,22.0,22.0
VALIDATION,3,2026-08-14 21:00:00+00:00,tt_bekasi,18.0,17.0,18.0
VALIDATION,3,2026-08-14 21:00:00+00:00,tt_bogor,45.0,45.0,45.0
VALIDATION,3,2026-08-14 21:00:00+00:00,tt_bsd,34.0,34.0,34.0
VALIDATION,3,2026-08-14 21:00:00+00:00,tt_cawang,43.0,43.0,43.0
VALIDATION,3,2026-08-14 21:00:00+00:00,tt_depok,31.0,31.0,31.0
VALIDATION,3,2026-08-14 21:00:00+00:00,tt_gatsu,45.0,45.0,45.0
VALIDATION,3,2026-08-14 21:00:00+00:00,tt_grogol,40.0,40.0,40.0
VALIDATION,3,2026-08-14 21:00:00+00:00,tt_kebonjeruk,35.0,35.0,35.0
VALIDATION,3,2026-08-14 21:00:00+00:00,tt_kelapagading,29.0,29.0,29.0
VALIDATION,3,2026-08-14 21:00:00+00:00,tt_kuningan,21.0,21.0,21.0
VALIDATION,3,2026-08-14 21:00:00+00:00,tt_sudirman,38.0,38.0,38.0
VALIDATION,3,2026-08-14 21:00:00+00:00,tt_tangerang,48.0,48.0,48.0
VALIDATION,3,2026-08-14 21:00:00+00:00,tt_tbsimatupang,72.0,72.0,72.0
VALIDATION,3,2026-08-14 21:00:00+00:00,tt_thamrin,22.0,22.0,21.8
VALIDATION,3,2026-08-14 23:00:00+00:00,tt_bekasi,17.0,17.0,18.0
VALIDATION,3,2026-08-14 23:00:00+00:00,tt_bogor,45.0,45.0,40.72727272727273
VALIDATION,3,2026-08-14 23:00:00+00:00,tt_bsd,34.0,34.0,34.0
VALIDATION,3,2026-08-14 23:00:00+00:00,tt_cawang,43.0,43.0,27.636363636363637
VALIDATION,3,2026-08-14 23:00:00+00:00,tt_depok,31.0,31.0,30.363636363636363
VALIDATION,3,2026-08-14 23:00:00+00:00,tt_gatsu,45.0,45.0,45.0
VALIDATION,3,2026-08-14 23:00:00+00:00,tt_grogol,40.0,40.0,36.27272727272727
VALIDATION,3,2026-08-14 23:00:00+00:00,tt_kebonjeruk,35.0,35.0,32.09090909090909
VALIDATION,3,2026-08-14 23:00:00+00:00,tt_kelapagading,29.0,29.0,27.181818181818183
VALIDATION,3,2026-08-14 23:00:00+00:00,tt_kuningan,21.0,21.0,21.0
VALIDATION,3,2026-08-14 23:00:00+00:00,tt_sudirman,38.0,38.0,36.54545454545455
VALIDATION,3,2026-08-14 23:00:00+00:00,tt_tangerang,48.0,48.0,47.36363636363637
VALIDATION,3,2026-08-14 23:00:00+00:00,tt_tbsimatupang,72.0,72.0,53.90909090909091
VALIDATION,3,2026-08-14 23:00:00+00:00,tt_thamrin,22.0,22.0,20.181818181818183
VALIDATION,3,2026-08-15 00:00:00+00:00,tt_bekasi,17.0,18.0,18.0
VALIDATION,3,2026-08-15 00:00:00+00:00,tt_bogor,45.0,45.0,36.2
VALIDATION,3,2026-08-15 00:00:00+00:00,tt_bsd,34.0,34.0,31.5
VALIDATION,3,2026-08-15 00:00:00+00:00,tt_cawang,43.0,43.0,22.6
VALIDATION,3,2026-08-15 00:00:00+00:00,tt_depok,31.0,31.0,30.2
VALIDATION,3,2026-08-15 00:00:00+00:00,tt_gatsu,45.0,45.0,44.2
VALIDATION,3,2026-08-15 00:00:00+00:00,tt_grogol,40.0,40.0,35.9
VALIDATION,3,2026-08-15 00:00:00+00:00,tt_kebonjeruk,35.0,35.0,29.5
VALIDATION,3,2026-08-15 00:00:00+00:00,tt_kelapagading,29.0,29.0,28.3
VALIDATION,3,2026-08-15 00:00:00+00:00,tt_kuningan,21.0,21.0,21.0
VALIDATION,3,2026-08-15 00:00:00+00:00,tt_sudirman,38.0,38.0,31.4
VALIDATION,3,2026-08-15 00:00:00+00:00,tt_tangerang,48.0,48.0,44.3
VALIDATION,3,2026-08-15 00:00:00+00:00,tt_tbsimatupang,56.0,72.0,42.1
VALIDATION,3,2026-08-15 00:00:00+00:00,tt_thamrin,22.0,22.0,20.3
VALIDATION,3,2026-08-15 02:00:00+00:00,tt_bekasi,15.0,17.0,17.692307692307693
VALIDATION,3,2026-08-15 02:00:00+00:00,tt_bogor,37.0,45.0,36.46153846153846
VALIDATION,3,2026-08-15 02:00:00+00:00,tt_bsd,34.0,34.0,32.30769230769231
VALIDATION,3,2026-08-15 02:00:00+00:00,tt_cawang,19.0,43.0,21.0
VALIDATION,3,2026-08-15 02:00:00+00:00,tt_depok,26.0,31.0,29.23076923076923
VALIDATION,3,2026-08-15 02:00:00+00:00,tt_gatsu,45.0,45.0,40.76923076923077
VALIDATION,3,2026-08-15 02:00:00+00:00,tt_grogol,40.0,40.0,31.076923076923077
VALIDATION,3,2026-08-15 02:00:00+00:00,tt_kebonjeruk,29.0,35.0,25.307692307692307
VALIDATION,3,2026-08-15 02:00:00+00:00,tt_kelapagading,29.0,29.0,26.846153846153847
VALIDATION,3,2026-08-15 02:00:00+00:00,tt_kuningan,21.0,21.0,18.23076923076923
VALIDATION,3,2026-08-15 02:00:00+00:00,tt_sudirman,38.0,38.0,25.384615384615383
VALIDATION,3,2026-08-15 02:00:00+00:00,tt_tangerang,48.0,48.0,43.84615384615385
VALIDATION,3,2026-08-15 02:00:00+00:00,tt_tbsimatupang,57.0,72.0,29.923076923076923
VALIDATION,3,2026-08-15 02:00:00+00:00,tt_thamrin,22.0,22.0,17.846153846153847
VALIDATION,3,2026-08-15 03:00:00+00:00,tt_bekasi,12.0,17.0,17.727272727272727
VALIDATION,3,2026-08-15 03:00:00+00:00,tt_bogor,37.0,45.0,37.90909090909091
VALIDATION,3,2026-08-15 03:00:00+00:00,tt_bsd,29.0,34.0,32.0
VALIDATION,3,2026-08-15 03:00:00+00:00,tt_cawang,20.0,43.0,21.818181818181817
VALIDATION,3,2026-08-15 03:00:00+00:00,tt_depok,26.0,31.0,26.545454545454547
VALIDATION,3,2026-08-15 03:00:00+00:00,tt_gatsu,45.0,45.0,43.90909090909091
VALIDATION,3,2026-08-15 03:00:00+00:00,tt_grogol,32.0,40.0,31.272727272727273
VALIDATION,3,2026-08-15 03:00:00+00:00,tt_kebonjeruk,24.0,35.0,25.0
VALIDATION,3,2026-08-15 03:00:00+00:00,tt_kelapagading,22.0,29.0,24.636363636363637
VALIDATION,3,2026-08-15 03:00:00+00:00,tt_kuningan,21.0,21.0,18.545454545454547
VALIDATION,3,2026-08-15 03:00:00+00:00,tt_sudirman,38.0,38.0,32.27272727272727
VALIDATION,3,2026-08-15 03:00:00+00:00,tt_tangerang,35.0,48.0,39.54545454545455
VALIDATION,3,2026-08-15 03:00:00+00:00,tt_tbsimatupang,48.0,56.0,37.45454545454545
VALIDATION,3,2026-08-15 03:00:00+00:00,tt_thamrin,19.0,22.0,18.90909090909091
VALIDATION,3,2026-08-15 05:00:00+00:00,tt_bekasi,14.0,15.0,18.0
VALIDATION,3,2026-08-15 05:00:00+00:00,tt_bogor,45.0,37.0,39.6
VALIDATION,3,2026-08-15 05:00:00+00:00,tt_bsd,34.0,34.0,32.4
VALIDATION,3,2026-08-15 05:00:00+00:00,tt_cawang,20.0,19.0,23.3
VALIDATION,3,2026-08-15 05:00:00+00:00,tt_depok,25.0,26.0,28.2
VALIDATION,3,2026-08-15 05:00:00+00:00,tt_gatsu,45.0,45.0,45.0
VALIDATION,3,2026-08-15 05:00:00+00:00,tt_grogol,40.0,40.0,32.0
VALIDATION,3,2026-08-15 05:00:00+00:00,tt_kebonjeruk,23.0,29.0,25.2
VALIDATION,3,2026-08-15 05:00:00+00:00,tt_kelapagading,19.0,29.0,21.4
VALIDATION,3,2026-08-15 05:00:00+00:00,tt_kuningan,21.0,21.0,18.2
VALIDATION,3,2026-08-15 05:00:00+00:00,tt_sudirman,31.0,38.0,28.4
VALIDATION,3,2026-08-15 05:00:00+00:00,tt_tangerang,30.0,48.0,39.6
VALIDATION,3,2026-08-15 05:00:00+00:00,tt_tbsimatupang,43.0,57.0,45.0
VALIDATION,3,2026-08-15 05:00:00+00:00,tt_thamrin,14.0,22.0,18.9
VALIDATION,3,2026-08-15 07:00:00+00:00,tt_bekasi,15.0,12.0,17.75
VALIDATION,3,2026-08-15 07:00:00+00:00,tt_bogor,34.0,37.0,36.083333333333336
VALIDATION,3,2026-08-15 07:00:00+00:00,tt_bsd,34.0,29.0,31.75
VALIDATION,3,2026-08-15 07:00:00+00:00,tt_cawang,21.0,20.0,28.666666666666668
VALIDATION,3,2026-08-15 07:00:00+00:00,tt_depok,24.0,26.0,26.5
VALIDATION,3,2026-08-15 07:00:00+00:00,tt_gatsu,45.0,45.0,34.5
VALIDATION,3,2026-08-15 07:00:00+00:00,tt_grogol,40.0,32.0,31.666666666666668
VALIDATION,3,2026-08-15 07:00:00+00:00,tt_kebonjeruk,22.0,24.0,22.416666666666668
VALIDATION,3,2026-08-15 07:00:00+00:00,tt_kelapagading,21.0,22.0,21.166666666666668
VALIDATION,3,2026-08-15 07:00:00+00:00,tt_kuningan,21.0,21.0,18.666666666666668
VALIDATION,3,2026-08-15 07:00:00+00:00,tt_sudirman,29.0,38.0,24.583333333333332
VALIDATION,3,2026-08-15 07:00:00+00:00,tt_tangerang,36.0,35.0,43.666666666666664
VALIDATION,3,2026-08-15 07:00:00+00:00,tt_tbsimatupang,37.0,48.0,56.416666666666664
VALIDATION,3,2026-08-15 07:00:00+00:00,tt_thamrin,16.0,19.0,17.0
VALIDATION,3,2026-08-15 08:00:00+00:00,tt_bekasi,15.0,14.0,15.923076923076923
VALIDATION,3,2026-08-15 08:00:00+00:00,tt_bogor,35.0,45.0,34.61538461538461
VALIDATION,3,2026-08-15 08:00:00+00:00,tt_bsd,34.0,34.0,32.07692307692308
VALIDATION,3,2026-08-15 08:00:00+00:00,tt_cawang,21.0,20.0,35.15384615384615
VALIDATION,3,2026-08-15 08:00:00+00:00,tt_depok,24.0,25.0,27.384615384615383
VALIDATION,3,2026-08-15 08:00:00+00:00,tt_gatsu,45.0,45.0,30.46153846153846
VALIDATION,3,2026-08-15 08:00:00+00:00,tt_grogol,34.0,40.0,31.384615384615383
VALIDATION,3,2026-08-15 08:00:00+00:00,tt_kebonjeruk,23.0,23.0,21.923076923076923
VALIDATION,3,2026-08-15 08:00:00+00:00,tt_kelapagading,22.0,19.0,20.923076923076923
VALIDATION,3,2026-08-15 08:00:00+00:00,tt_kuningan,21.0,21.0,19.53846153846154
VALIDATION,3,2026-08-15 08:00:00+00:00,tt_sudirman,32.0,31.0,22.846153846153847
VALIDATION,3,2026-08-15 08:00:00+00:00,tt_tangerang,40.0,30.0,37.61538461538461
VALIDATION,3,2026-08-15 08:00:00+00:00,tt_tbsimatupang,46.0,43.0,43.0
VALIDATION,3,2026-08-15 08:00:00+00:00,tt_thamrin,13.0,14.0,15.461538461538462
VALIDATION,3,2026-08-15 10:00:00+00:00,tt_bekasi,14.0,15.0,15.3
VALIDATION,3,2026-08-15 10:00:00+00:00,tt_bogor,35.0,34.0,31.5
VALIDATION,3,2026-08-15 10:00:00+00:00,tt_bsd,34.0,34.0,32.0
VALIDATION,3,2026-08-15 10:00:00+00:00,tt_cawang,24.0,21.0,29.9
VALIDATION,3,2026-08-15 10:00:00+00:00,tt_depok,23.0,24.0,23.6
VALIDATION,3,2026-08-15 10:00:00+00:00,tt_gatsu,45.0,45.0,23.1
VALIDATION,3,2026-08-15 10:00:00+00:00,tt_grogol,32.0,40.0,32.1
VALIDATION,3,2026-08-15 10:00:00+00:00,tt_kebonjeruk,24.0,22.0,21.4
VALIDATION,3,2026-08-15 10:00:00+00:00,tt_kelapagading,21.0,21.0,20.9
VALIDATION,3,2026-08-15 10:00:00+00:00,tt_kuningan,15.0,21.0,15.3
VALIDATION,3,2026-08-15 10:00:00+00:00,tt_sudirman,34.0,29.0,19.4
VALIDATION,3,2026-08-15 10:00:00+00:00,tt_tangerang,48.0,36.0,36.3
VALIDATION,3,2026-08-15 10:00:00+00:00,tt_tbsimatupang,52.0,37.0,34.0
VALIDATION,3,2026-08-15 10:00:00+00:00,tt_thamrin,17.0,16.0,15.5
VALIDATION,3,2026-08-15 12:00:00+00:00,tt_bekasi,12.0,15.0,14.857142857142858
VALIDATION,3,2026-08-15 12:00:00+00:00,tt_bogor,34.0,35.0,34.0
VALIDATION,3,2026-08-15 12:00:00+00:00,tt_bsd,26.0,34.0,32.642857142857146
VALIDATION,3,2026-08-15 12:00:00+00:00,tt_cawang,25.0,21.0,34.142857142857146
VALIDATION,3,2026-08-15 12:00:00+00:00,tt_depok,22.0,24.0,23.857142857142858
VALIDATION,3,2026-08-15 12:00:00+00:00,tt_gatsu,45.0,45.0,24.785714285714285
VALIDATION,3,2026-08-15 12:00:00+00:00,tt_grogol,29.0,34.0,33.07142857142857
VALIDATION,3,2026-08-15 12:00:00+00:00,tt_kebonjeruk,25.0,23.0,23.571428571428573
VALIDATION,3,2026-08-15 12:00:00+00:00,tt_kelapagading,18.0,22.0,20.714285714285715
VALIDATION,3,2026-08-15 12:00:00+00:00,tt_kuningan,15.0,21.0,13.785714285714286
VALIDATION,3,2026-08-15 12:00:00+00:00,tt_sudirman,24.0,32.0,23.714285714285715
VALIDATION,3,2026-08-15 12:00:00+00:00,tt_tangerang,36.0,40.0,43.57142857142857
VALIDATION,3,2026-08-15 12:00:00+00:00,tt_tbsimatupang,56.0,46.0,58.92857142857143
VALIDATION,3,2026-08-15 12:00:00+00:00,tt_thamrin,15.0,13.0,12.785714285714286
VALIDATION,3,2026-08-15 13:00:00+00:00,tt_bekasi,13.0,14.0,17.2
VALIDATION,3,2026-08-15 13:00:00+00:00,tt_bogor,45.0,35.0,40.9
VALIDATION,3,2026-08-15 13:00:00+00:00,tt_bsd,28.0,34.0,31.6
VALIDATION,3,2026-08-15 13:00:00+00:00,tt_cawang,28.0,24.0,40.6
VALIDATION,3,2026-08-15 13:00:00+00:00,tt_depok,22.0,23.0,25.0
VALIDATION,3,2026-08-15 13:00:00+00:00,tt_gatsu,45.0,45.0,43.3
VALIDATION,3,2026-08-15 13:00:00+00:00,tt_grogol,31.0,32.0,37.9
VALIDATION,3,2026-08-15 13:00:00+00:00,tt_kebonjeruk,28.0,24.0,25.3
VALIDATION,3,2026-08-15 13:00:00+00:00,tt_kelapagading,22.0,21.0,24.2
VALIDATION,3,2026-08-15 13:00:00+00:00,tt_kuningan,16.0,15.0,16.2
VALIDATION,3,2026-08-15 13:00:00+00:00,tt_sudirman,33.0,34.0,30.6
VALIDATION,3,2026-08-15 13:00:00+00:00,tt_tangerang,48.0,48.0,46.2
VALIDATION,3,2026-08-15 13:00:00+00:00,tt_tbsimatupang,72.0,52.0,67.6
VALIDATION,3,2026-08-15 13:00:00+00:00,tt_thamrin,12.0,17.0,15.7
VALIDATION,3,2026-08-15 15:00:00+00:00,tt_bekasi,14.0,12.0,18.0
VALIDATION,3,2026-08-15 15:00:00+00:00,tt_bogor,37.0,34.0,43.416666666666664
VALIDATION,3,2026-08-15 15:00:00+00:00,tt_bsd,34.0,26.0,34.0
VALIDATION,3,2026-08-15 15:00:00+00:00,tt_cawang,33.0,25.0,39.75
VALIDATION,3,2026-08-15 15:00:00+00:00,tt_depok,25.0,22.0,30.5
VALIDATION,3,2026-08-15 15:00:00+00:00,tt_gatsu,45.0,45.0,45.0
VALIDATION,3,2026-08-15 15:00:00+00:00,tt_grogol,40.0,29.0,40.0
VALIDATION,3,2026-08-15 15:00:00+00:00,tt_kebonjeruk,30.0,25.0,34.166666666666664
VALIDATION,3,2026-08-15 15:00:00+00:00,tt_kelapagading,26.0,18.0,28.333333333333332
VALIDATION,3,2026-08-15 15:00:00+00:00,tt_kuningan,21.0,15.0,19.666666666666668
VALIDATION,3,2026-08-15 15:00:00+00:00,tt_sudirman,28.0,24.0,35.833333333333336
VALIDATION,3,2026-08-15 15:00:00+00:00,tt_tangerang,48.0,36.0,46.333333333333336
VALIDATION,3,2026-08-15 15:00:00+00:00,tt_tbsimatupang,72.0,56.0,72.0
VALIDATION,3,2026-08-15 15:00:00+00:00,tt_thamrin,10.0,15.0,18.583333333333332
VALIDATION,3,2026-08-15 16:00:00+00:00,tt_bekasi,17.0,13.0,18.0
VALIDATION,3,2026-08-15 16:00:00+00:00,tt_bogor,45.0,45.0,43.44444444444444
VALIDATION,3,2026-08-15 16:00:00+00:00,tt_bsd,34.0,28.0,34.0
VALIDATION,3,2026-08-15 16:00:00+00:00,tt_cawang,43.0,28.0,42.22222222222222
VALIDATION,3,2026-08-15 16:00:00+00:00,tt_depok,31.0,22.0,31.0
VALIDATION,3,2026-08-15 16:00:00+00:00,tt_gatsu,45.0,45.0,45.0
VALIDATION,3,2026-08-15 16:00:00+00:00,tt_grogol,40.0,31.0,40.0
VALIDATION,3,2026-08-15 16:00:00+00:00,tt_kebonjeruk,35.0,28.0,34.333333333333336
VALIDATION,3,2026-08-15 16:00:00+00:00,tt_kelapagading,29.0,22.0,28.555555555555557
VALIDATION,3,2026-08-15 16:00:00+00:00,tt_kuningan,21.0,16.0,20.11111111111111
VALIDATION,3,2026-08-15 16:00:00+00:00,tt_sudirman,38.0,33.0,37.22222222222222
VALIDATION,3,2026-08-15 16:00:00+00:00,tt_tangerang,48.0,48.0,48.0
VALIDATION,3,2026-08-15 16:00:00+00:00,tt_tbsimatupang,72.0,72.0,72.0
VALIDATION,3,2026-08-15 16:00:00+00:00,tt_thamrin,22.0,12.0,20.0
VALIDATION,3,2026-08-15 18:00:00+00:00,tt_bekasi,17.0,14.0,18.0
VALIDATION,3,2026-08-15 18:00:00+00:00,tt_bogor,45.0,37.0,45.0
VALIDATION,3,2026-08-15 18:00:00+00:00,tt_bsd,34.0,34.0,34.0
VALIDATION,3,2026-08-15 18:00:00+00:00,tt_cawang,43.0,33.0,43.0
VALIDATION,3,2026-08-15 18:00:00+00:00,tt_depok,31.0,25.0,31.0
VALIDATION,3,2026-08-15 18:00:00+00:00,tt_gatsu,45.0,45.0,45.0
VALIDATION,3,2026-08-15 18:00:00+00:00,tt_grogol,40.0,40.0,40.0
VALIDATION,3,2026-08-15 18:00:00+00:00,tt_kebonjeruk,35.0,30.0,35.0
VALIDATION,3,2026-08-15 18:00:00+00:00,tt_kelapagading,29.0,26.0,29.0
VALIDATION,3,2026-08-15 18:00:00+00:00,tt_kuningan,21.0,21.0,20.636363636363637
VALIDATION,3,2026-08-15 18:00:00+00:00,tt_sudirman,38.0,28.0,38.0
VALIDATION,3,2026-08-15 18:00:00+00:00,tt_tangerang,48.0,48.0,48.0
VALIDATION,3,2026-08-15 18:00:00+00:00,tt_tbsimatupang,72.0,72.0,72.0
VALIDATION,3,2026-08-15 18:00:00+00:00,tt_thamrin,22.0,10.0,22.0
VALIDATION,3,2026-08-15 20:00:00+00:00,tt_bekasi,17.0,17.0,18.0
VALIDATION,3,2026-08-15 20:00:00+00:00,tt_bogor,45.0,45.0,45.0
VALIDATION,3,2026-08-15 20:00:00+00:00,tt_bsd,34.0,34.0,34.0
VALIDATION,3,2026-08-15 20:00:00+00:00,tt_cawang,43.0,43.0,43.0
VALIDATION,3,2026-08-15 20:00:00+00:00,tt_depok,31.0,31.0,31.0
VALIDATION,3,2026-08-15 20:00:00+00:00,tt_gatsu,45.0,45.0,45.0
VALIDATION,3,2026-08-15 20:00:00+00:00,tt_grogol,40.0,40.0,40.0
VALIDATION,3,2026-08-15 20:00:00+00:00,tt_kebonjeruk,35.0,35.0,35.0
VALIDATION,3,2026-08-15 20:00:00+00:00,tt_kelapagading,29.0,29.0,29.0
VALIDATION,3,2026-08-15 20:00:00+00:00,tt_kuningan,21.0,21.0,21.0
VALIDATION,3,2026-08-15 20:00:00+00:00,tt_sudirman,38.0,38.0,38.0
VALIDATION,3,2026-08-15 20:00:00+00:00,tt_tangerang,48.0,48.0,48.0
VALIDATION,3,2026-08-15 20:00:00+00:00,tt_tbsimatupang,72.0,72.0,72.0
VALIDATION,3,2026-08-15 20:00:00+00:00,tt_thamrin,22.0,22.0,22.0
VALIDATION,3,2026-08-15 21:00:00+00:00,tt_bekasi,18.0,17.0,18.0
VALIDATION,3,2026-08-15 21:00:00+00:00,tt_bogor,45.0,45.0,45.0
VALIDATION,3,2026-08-15 21:00:00+00:00,tt_bsd,34.0,34.0,34.0
VALIDATION,3,2026-08-15 21:00:00+00:00,tt_cawang,43.0,43.0,43.0
VALIDATION,3,2026-08-15 21:00:00+00:00,tt_depok,31.0,31.0,31.0
VALIDATION,3,2026-08-15 21:00:00+00:00,tt_gatsu,45.0,45.0,45.0
VALIDATION,3,2026-08-15 21:00:00+00:00,tt_grogol,40.0,40.0,40.0
VALIDATION,3,2026-08-15 21:00:00+00:00,tt_kebonjeruk,35.0,35.0,35.0
VALIDATION,3,2026-08-15 21:00:00+00:00,tt_kelapagading,29.0,29.0,29.0
VALIDATION,3,2026-08-15 21:00:00+00:00,tt_kuningan,21.0,21.0,21.0
VALIDATION,3,2026-08-15 21:00:00+00:00,tt_sudirman,38.0,38.0,38.0
VALIDATION,3,2026-08-15 21:00:00+00:00,tt_tangerang,48.0,48.0,48.0
VALIDATION,3,2026-08-15 21:00:00+00:00,tt_tbsimatupang,72.0,72.0,72.0
VALIDATION,3,2026-08-15 21:00:00+00:00,tt_thamrin,22.0,22.0,21.8
VALIDATION,3,2026-08-15 23:00:00+00:00,tt_bekasi,18.0,17.0,18.0
VALIDATION,3,2026-08-15 23:00:00+00:00,tt_bogor,45.0,45.0,40.72727272727273
VALIDATION,3,2026-08-15 23:00:00+00:00,tt_bsd,34.0,34.0,34.0
VALIDATION,3,2026-08-15 23:00:00+00:00,tt_cawang,43.0,43.0,27.636363636363637
VALIDATION,3,2026-08-15 23:00:00+00:00,tt_depok,31.0,31.0,30.363636363636363
VALIDATION,3,2026-08-15 23:00:00+00:00,tt_gatsu,45.0,45.0,45.0
VALIDATION,3,2026-08-15 23:00:00+00:00,tt_grogol,40.0,40.0,36.27272727272727
VALIDATION,3,2026-08-15 23:00:00+00:00,tt_kebonjeruk,35.0,35.0,32.09090909090909
VALIDATION,3,2026-08-15 23:00:00+00:00,tt_kelapagading,29.0,29.0,27.181818181818183
VALIDATION,3,2026-08-15 23:00:00+00:00,tt_kuningan,21.0,21.0,21.0
VALIDATION,3,2026-08-15 23:00:00+00:00,tt_sudirman,27.0,38.0,36.54545454545455
VALIDATION,3,2026-08-15 23:00:00+00:00,tt_tangerang,48.0,48.0,47.36363636363637
VALIDATION,3,2026-08-15 23:00:00+00:00,tt_tbsimatupang,72.0,72.0,53.90909090909091
VALIDATION,3,2026-08-15 23:00:00+00:00,tt_thamrin,22.0,22.0,20.181818181818183
VALIDATION,3,2026-08-16 01:00:00+00:00,tt_bekasi,17.0,18.0,17.818181818181817
VALIDATION,3,2026-08-16 01:00:00+00:00,tt_bogor,45.0,45.0,37.18181818181818
VALIDATION,3,2026-08-16 01:00:00+00:00,tt_bsd,34.0,34.0,31.181818181818183
VALIDATION,3,2026-08-16 01:00:00+00:00,tt_cawang,43.0,43.0,23.818181818181817
VALIDATION,3,2026-08-16 01:00:00+00:00,tt_depok,31.0,31.0,28.363636363636363
VALIDATION,3,2026-08-16 01:00:00+00:00,tt_gatsu,45.0,45.0,42.27272727272727
VALIDATION,3,2026-08-16 01:00:00+00:00,tt_grogol,40.0,40.0,34.36363636363637
VALIDATION,3,2026-08-16 01:00:00+00:00,tt_kebonjeruk,35.0,35.0,29.181818181818183
VALIDATION,3,2026-08-16 01:00:00+00:00,tt_kelapagading,29.0,29.0,28.181818181818183
VALIDATION,3,2026-08-16 01:00:00+00:00,tt_kuningan,21.0,21.0,21.0
VALIDATION,3,2026-08-16 01:00:00+00:00,tt_sudirman,19.0,38.0,26.363636363636363
VALIDATION,3,2026-08-16 01:00:00+00:00,tt_tangerang,48.0,48.0,42.45454545454545
VALIDATION,3,2026-08-16 01:00:00+00:00,tt_tbsimatupang,72.0,72.0,35.45454545454545
VALIDATION,3,2026-08-16 01:00:00+00:00,tt_thamrin,13.0,22.0,18.454545454545453
VALIDATION,3,2026-08-16 02:00:00+00:00,tt_bekasi,15.0,18.0,17.692307692307693
VALIDATION,3,2026-08-16 02:00:00+00:00,tt_bogor,45.0,45.0,36.46153846153846
VALIDATION,3,2026-08-16 02:00:00+00:00,tt_bsd,30.0,34.0,32.30769230769231
VALIDATION,3,2026-08-16 02:00:00+00:00,tt_cawang,43.0,43.0,21.0
VALIDATION,3,2026-08-16 02:00:00+00:00,tt_depok,24.0,31.0,29.23076923076923
VALIDATION,3,2026-08-16 02:00:00+00:00,tt_gatsu,45.0,45.0,40.76923076923077
VALIDATION,3,2026-08-16 02:00:00+00:00,tt_grogol,35.0,40.0,31.076923076923077
VALIDATION,3,2026-08-16 02:00:00+00:00,tt_kebonjeruk,35.0,35.0,25.307692307692307
VALIDATION,3,2026-08-16 02:00:00+00:00,tt_kelapagading,24.0,29.0,26.846153846153847
VALIDATION,3,2026-08-16 02:00:00+00:00,tt_kuningan,21.0,21.0,18.23076923076923
VALIDATION,3,2026-08-16 02:00:00+00:00,tt_sudirman,26.0,27.0,25.384615384615383
VALIDATION,3,2026-08-16 02:00:00+00:00,tt_tangerang,48.0,48.0,43.84615384615385
VALIDATION,3,2026-08-16 02:00:00+00:00,tt_tbsimatupang,72.0,72.0,29.923076923076923
VALIDATION,3,2026-08-16 02:00:00+00:00,tt_thamrin,22.0,22.0,17.846153846153847
VALIDATION,3,2026-08-16 04:00:00+00:00,tt_bekasi,15.0,17.0,17.666666666666668
VALIDATION,3,2026-08-16 04:00:00+00:00,tt_bogor,45.0,45.0,39.25
VALIDATION,3,2026-08-16 04:00:00+00:00,tt_bsd,34.0,34.0,32.833333333333336
VALIDATION,3,2026-08-16 04:00:00+00:00,tt_cawang,21.0,43.0,20.25
VALIDATION,3,2026-08-16 04:00:00+00:00,tt_depok,26.0,31.0,26.916666666666668
VALIDATION,3,2026-08-16 04:00:00+00:00,tt_gatsu,45.0,45.0,45.0
VALIDATION,3,2026-08-16 04:00:00+00:00,tt_grogol,40.0,40.0,31.5
VALIDATION,3,2026-08-16 04:00:00+00:00,tt_kebonjeruk,29.0,35.0,25.166666666666668
VALIDATION,3,2026-08-16 04:00:00+00:00,tt_kelapagading,29.0,29.0,22.5
VALIDATION,3,2026-08-16 04:00:00+00:00,tt_kuningan,21.0,21.0,19.166666666666668
VALIDATION,3,2026-08-16 04:00:00+00:00,tt_sudirman,38.0,19.0,31.666666666666668
VALIDATION,3,2026-08-16 04:00:00+00:00,tt_tangerang,48.0,48.0,38.166666666666664
VALIDATION,3,2026-08-16 04:00:00+00:00,tt_tbsimatupang,72.0,72.0,38.5
VALIDATION,3,2026-08-16 04:00:00+00:00,tt_thamrin,17.0,13.0,19.166666666666668
VALIDATION,3,2026-08-16 06:00:00+00:00,tt_bekasi,16.0,15.0,17.083333333333332
VALIDATION,3,2026-08-16 06:00:00+00:00,tt_bogor,45.0,45.0,36.166666666666664
VALIDATION,3,2026-08-16 06:00:00+00:00,tt_bsd,34.0,30.0,33.666666666666664
VALIDATION,3,2026-08-16 06:00:00+00:00,tt_cawang,15.0,43.0,21.333333333333332
VALIDATION,3,2026-08-16 06:00:00+00:00,tt_depok,26.0,24.0,26.25
VALIDATION,3,2026-08-16 06:00:00+00:00,tt_gatsu,45.0,45.0,42.5
VALIDATION,3,2026-08-16 06:00:00+00:00,tt_grogol,40.0,35.0,31.333333333333332
VALIDATION,3,2026-08-16 06:00:00+00:00,tt_kebonjeruk,26.0,35.0,24.083333333333332
VALIDATION,3,2026-08-16 06:00:00+00:00,tt_kelapagading,20.0,24.0,20.083333333333332
VALIDATION,3,2026-08-16 06:00:00+00:00,tt_kuningan,21.0,21.0,19.166666666666668
VALIDATION,3,2026-08-16 06:00:00+00:00,tt_sudirman,27.0,26.0,26.75
VALIDATION,3,2026-08-16 06:00:00+00:00,tt_tangerang,48.0,48.0,38.583333333333336
VALIDATION,3,2026-08-16 06:00:00+00:00,tt_tbsimatupang,72.0,72.0,48.833333333333336
VALIDATION,3,2026-08-16 06:00:00+00:00,tt_thamrin,16.0,22.0,18.75
VALIDATION,3,2026-08-16 07:00:00+00:00,tt_bekasi,15.0,15.0,17.75
VALIDATION,3,2026-08-16 07:00:00+00:00,tt_bogor,45.0,45.0,36.083333333333336
VALIDATION,3,2026-08-16 07:00:00+00:00,tt_bsd,34.0,34.0,31.75
VALIDATION,3,2026-08-16 07:00:00+00:00,tt_cawang,31.0,21.0,28.666666666666668
VALIDATION,3,2026-08-16 07:00:00+00:00,tt_depok,31.0,26.0,26.5
VALIDATION,3,2026-08-16 07:00:00+00:00,tt_gatsu,45.0,45.0,34.5
VALIDATION,3,2026-08-16 07:00:00+00:00,tt_grogol,40.0,40.0,31.666666666666668
VALIDATION,3,2026-08-16 07:00:00+00:00,tt_kebonjeruk,27.0,29.0,22.416666666666668
VALIDATION,3,2026-08-16 07:00:00+00:00,tt_kelapagading,21.0,29.0,21.166666666666668
VALIDATION,3,2026-08-16 07:00:00+00:00,tt_kuningan,21.0,21.0,18.666666666666668
VALIDATION,3,2026-08-16 07:00:00+00:00,tt_sudirman,25.0,38.0,24.583333333333332
VALIDATION,3,2026-08-16 07:00:00+00:00,tt_tangerang,48.0,48.0,43.666666666666664
VALIDATION,3,2026-08-16 07:00:00+00:00,tt_tbsimatupang,72.0,72.0,56.416666666666664
VALIDATION,3,2026-08-16 07:00:00+00:00,tt_thamrin,16.0,17.0,17.0
VALIDATION,3,2026-08-16 09:00:00+00:00,tt_bekasi,15.0,16.0,15.692307692307692
VALIDATION,3,2026-08-16 09:00:00+00:00,tt_bogor,37.0,45.0,33.84615384615385
VALIDATION,3,2026-08-16 09:00:00+00:00,tt_bsd,34.0,34.0,32.69230769230769
VALIDATION,3,2026-08-16 09:00:00+00:00,tt_cawang,43.0,15.0,30.923076923076923
VALIDATION,3,2026-08-16 09:00:00+00:00,tt_depok,24.0,26.0,23.846153846153847
VALIDATION,3,2026-08-16 09:00:00+00:00,tt_gatsu,45.0,45.0,36.0
VALIDATION,3,2026-08-16 09:00:00+00:00,tt_grogol,40.0,40.0,32.15384615384615
VALIDATION,3,2026-08-16 09:00:00+00:00,tt_kebonjeruk,29.0,26.0,22.692307692307693
VALIDATION,3,2026-08-16 09:00:00+00:00,tt_kelapagading,29.0,20.0,21.692307692307693
VALIDATION,3,2026-08-16 09:00:00+00:00,tt_kuningan,21.0,21.0,18.46153846153846
VALIDATION,3,2026-08-16 09:00:00+00:00,tt_sudirman,28.0,27.0,24.0
VALIDATION,3,2026-08-16 09:00:00+00:00,tt_tangerang,48.0,48.0,40.53846153846154
VALIDATION,3,2026-08-16 09:00:00+00:00,tt_tbsimatupang,72.0,72.0,40.46153846153846
VALIDATION,3,2026-08-16 09:00:00+00:00,tt_thamrin,18.0,16.0,17.615384615384617
VALIDATION,3,2026-08-16 10:00:00+00:00,tt_bekasi,15.0,15.0,15.3
VALIDATION,3,2026-08-16 10:00:00+00:00,tt_bogor,34.0,45.0,31.5
VALIDATION,3,2026-08-16 10:00:00+00:00,tt_bsd,34.0,34.0,32.0
VALIDATION,3,2026-08-16 10:00:00+00:00,tt_cawang,30.0,31.0,29.9
VALIDATION,3,2026-08-16 10:00:00+00:00,tt_depok,23.0,31.0,23.6
VALIDATION,3,2026-08-16 10:00:00+00:00,tt_gatsu,45.0,45.0,23.1
VALIDATION,3,2026-08-16 10:00:00+00:00,tt_grogol,40.0,40.0,32.1
VALIDATION,3,2026-08-16 10:00:00+00:00,tt_kebonjeruk,29.0,27.0,21.4
VALIDATION,3,2026-08-16 10:00:00+00:00,tt_kelapagading,23.0,21.0,20.9
VALIDATION,3,2026-08-16 10:00:00+00:00,tt_kuningan,21.0,21.0,15.3
VALIDATION,3,2026-08-16 10:00:00+00:00,tt_sudirman,29.0,25.0,19.4
VALIDATION,3,2026-08-16 10:00:00+00:00,tt_tangerang,48.0,48.0,36.3
VALIDATION,3,2026-08-16 10:00:00+00:00,tt_tbsimatupang,72.0,72.0,34.0
VALIDATION,3,2026-08-16 10:00:00+00:00,tt_thamrin,18.0,16.0,15.5
VALIDATION,3,2026-08-16 12:00:00+00:00,tt_bekasi,11.0,15.0,14.857142857142858
VALIDATION,3,2026-08-16 12:00:00+00:00,tt_bogor,36.0,37.0,34.0
VALIDATION,3,2026-08-16 12:00:00+00:00,tt_bsd,34.0,34.0,32.642857142857146
VALIDATION,3,2026-08-16 12:00:00+00:00,tt_cawang,24.0,43.0,34.142857142857146
VALIDATION,3,2026-08-16 12:00:00+00:00,tt_depok,24.0,24.0,23.857142857142858
VALIDATION,3,2026-08-16 12:00:00+00:00,tt_gatsu,45.0,45.0,24.785714285714285
VALIDATION,3,2026-08-16 12:00:00+00:00,tt_grogol,40.0,40.0,33.07142857142857
VALIDATION,3,2026-08-16 12:00:00+00:00,tt_kebonjeruk,28.0,29.0,23.571428571428573
VALIDATION,3,2026-08-16 12:00:00+00:00,tt_kelapagading,19.0,29.0,20.714285714285715
VALIDATION,3,2026-08-16 12:00:00+00:00,tt_kuningan,21.0,21.0,13.785714285714286
VALIDATION,3,2026-08-16 12:00:00+00:00,tt_sudirman,27.0,28.0,23.714285714285715
VALIDATION,3,2026-08-16 12:00:00+00:00,tt_tangerang,48.0,48.0,43.57142857142857
VALIDATION,3,2026-08-16 12:00:00+00:00,tt_tbsimatupang,72.0,72.0,58.92857142857143
VALIDATION,3,2026-08-16 12:00:00+00:00,tt_thamrin,13.0,18.0,12.785714285714286
VALIDATION,3,2026-08-16 14:00:00+00:00,tt_bekasi,14.0,15.0,17.23076923076923
VALIDATION,3,2026-08-16 14:00:00+00:00,tt_bogor,38.0,34.0,39.30769230769231
VALIDATION,3,2026-08-16 14:00:00+00:00,tt_bsd,34.0,34.0,33.23076923076923
VALIDATION,3,2026-08-16 14:00:00+00:00,tt_cawang,43.0,30.0,39.53846153846154
VALIDATION,3,2026-08-16 14:00:00+00:00,tt_depok,24.0,23.0,27.0
VALIDATION,3,2026-08-16 14:00:00+00:00,tt_gatsu,45.0,45.0,45.0
VALIDATION,3,2026-08-16 14:00:00+00:00,tt_grogol,40.0,40.0,38.30769230769231
VALIDATION,3,2026-08-16 14:00:00+00:00,tt_kebonjeruk,35.0,29.0,28.692307692307693
VALIDATION,3,2026-08-16 14:00:00+00:00,tt_kelapagading,22.0,23.0,25.615384615384617
VALIDATION,3,2026-08-16 14:00:00+00:00,tt_kuningan,21.0,21.0,18.23076923076923
VALIDATION,3,2026-08-16 14:00:00+00:00,tt_sudirman,30.0,29.0,31.153846153846153
VALIDATION,3,2026-08-16 14:00:00+00:00,tt_tangerang,48.0,48.0,48.0
VALIDATION,3,2026-08-16 14:00:00+00:00,tt_tbsimatupang,72.0,72.0,68.23076923076923
VALIDATION,3,2026-08-16 14:00:00+00:00,tt_thamrin,15.0,18.0,17.846153846153847
VALIDATION,3,2026-08-16 15:00:00+00:00,tt_bekasi,16.0,11.0,18.0
VALIDATION,3,2026-08-16 15:00:00+00:00,tt_bogor,45.0,36.0,43.416666666666664
VALIDATION,3,2026-08-16 15:00:00+00:00,tt_bsd,34.0,34.0,34.0
VALIDATION,3,2026-08-16 15:00:00+00:00,tt_cawang,43.0,24.0,39.75
VALIDATION,3,2026-08-16 15:00:00+00:00,tt_depok,31.0,24.0,30.5
VALIDATION,3,2026-08-16 15:00:00+00:00,tt_gatsu,45.0,45.0,45.0
VALIDATION,3,2026-08-16 15:00:00+00:00,tt_grogol,40.0,40.0,40.0
VALIDATION,3,2026-08-16 15:00:00+00:00,tt_kebonjeruk,35.0,28.0,34.166666666666664
VALIDATION,3,2026-08-16 15:00:00+00:00,tt_kelapagading,29.0,19.0,28.333333333333332
VALIDATION,3,2026-08-16 15:00:00+00:00,tt_kuningan,21.0,21.0,19.666666666666668
VALIDATION,3,2026-08-16 15:00:00+00:00,tt_sudirman,38.0,27.0,35.833333333333336
VALIDATION,3,2026-08-16 15:00:00+00:00,tt_tangerang,48.0,48.0,46.333333333333336
VALIDATION,3,2026-08-16 15:00:00+00:00,tt_tbsimatupang,72.0,72.0,72.0
VALIDATION,3,2026-08-16 15:00:00+00:00,tt_thamrin,19.0,13.0,18.583333333333332
VALIDATION,3,2026-08-16 17:00:00+00:00,tt_bekasi,17.0,14.0,18.0
VALIDATION,3,2026-08-16 17:00:00+00:00,tt_bogor,45.0,38.0,44.27272727272727
VALIDATION,3,2026-08-16 17:00:00+00:00,tt_bsd,34.0,34.0,33.63636363636363
VALIDATION,3,2026-08-16 17:00:00+00:00,tt_cawang,43.0,43.0,43.0
VALIDATION,3,2026-08-16 17:00:00+00:00,tt_depok,31.0,24.0,31.0
VALIDATION,3,2026-08-16 17:00:00+00:00,tt_gatsu,45.0,45.0,45.0
VALIDATION,3,2026-08-16 17:00:00+00:00,tt_grogol,40.0,40.0,39.45454545454545
VALIDATION,3,2026-08-16 17:00:00+00:00,tt_kebonjeruk,35.0,35.0,35.0
VALIDATION,3,2026-08-16 17:00:00+00:00,tt_kelapagading,29.0,22.0,29.0
VALIDATION,3,2026-08-16 17:00:00+00:00,tt_kuningan,21.0,21.0,21.0
VALIDATION,3,2026-08-16 17:00:00+00:00,tt_sudirman,38.0,30.0,38.0
VALIDATION,3,2026-08-16 17:00:00+00:00,tt_tangerang,48.0,48.0,48.0
VALIDATION,3,2026-08-16 17:00:00+00:00,tt_tbsimatupang,72.0,72.0,72.0
VALIDATION,3,2026-08-16 17:00:00+00:00,tt_thamrin,22.0,15.0,22.0
VALIDATION,3,2026-08-16 19:00:00+00:00,tt_bekasi,17.0,16.0,18.0
VALIDATION,3,2026-08-16 19:00:00+00:00,tt_bogor,45.0,45.0,44.72727272727273
VALIDATION,3,2026-08-16 19:00:00+00:00,tt_bsd,34.0,34.0,34.0
VALIDATION,3,2026-08-16 19:00:00+00:00,tt_cawang,43.0,43.0,43.0
VALIDATION,3,2026-08-16 19:00:00+00:00,tt_depok,31.0,31.0,31.0
VALIDATION,3,2026-08-16 19:00:00+00:00,tt_gatsu,45.0,45.0,45.0
VALIDATION,3,2026-08-16 19:00:00+00:00,tt_grogol,40.0,40.0,40.0
VALIDATION,3,2026-08-16 19:00:00+00:00,tt_kebonjeruk,35.0,35.0,35.0
VALIDATION,3,2026-08-16 19:00:00+00:00,tt_kelapagading,29.0,29.0,29.0
VALIDATION,3,2026-08-16 19:00:00+00:00,tt_kuningan,21.0,21.0,21.0
VALIDATION,3,2026-08-16 19:00:00+00:00,tt_sudirman,38.0,38.0,38.0
VALIDATION,3,2026-08-16 19:00:00+00:00,tt_tangerang,48.0,48.0,48.0
VALIDATION,3,2026-08-16 19:00:00+00:00,tt_tbsimatupang,72.0,72.0,72.0
VALIDATION,3,2026-08-16 19:00:00+00:00,tt_thamrin,22.0,19.0,22.0
VALIDATION,3,2026-08-16 20:00:00+00:00,tt_bekasi,17.0,17.0,18.0
VALIDATION,3,2026-08-16 20:00:00+00:00,tt_bogor,45.0,45.0,45.0
VALIDATION,3,2026-08-16 20:00:00+00:00,tt_bsd,34.0,34.0,34.0
VALIDATION,3,2026-08-16 20:00:00+00:00,tt_cawang,43.0,43.0,43.0
VALIDATION,3,2026-08-16 20:00:00+00:00,tt_depok,31.0,31.0,31.0
VALIDATION,3,2026-08-16 20:00:00+00:00,tt_gatsu,45.0,45.0,45.0
VALIDATION,3,2026-08-16 20:00:00+00:00,tt_grogol,40.0,40.0,40.0
VALIDATION,3,2026-08-16 20:00:00+00:00,tt_kebonjeruk,35.0,35.0,35.0
VALIDATION,3,2026-08-16 20:00:00+00:00,tt_kelapagading,29.0,29.0,29.0
VALIDATION,3,2026-08-16 20:00:00+00:00,tt_kuningan,21.0,21.0,21.0
VALIDATION,3,2026-08-16 20:00:00+00:00,tt_sudirman,38.0,38.0,38.0
VALIDATION,3,2026-08-16 20:00:00+00:00,tt_tangerang,48.0,48.0,48.0
VALIDATION,3,2026-08-16 20:00:00+00:00,tt_tbsimatupang,72.0,72.0,72.0
VALIDATION,3,2026-08-16 20:00:00+00:00,tt_thamrin,22.0,22.0,22.0
VALIDATION,3,2026-08-16 22:00:00+00:00,tt_bekasi,18.0,17.0,18.0
VALIDATION,3,2026-08-16 22:00:00+00:00,tt_bogor,45.0,45.0,45.0
VALIDATION,3,2026-08-16 22:00:00+00:00,tt_bsd,34.0,34.0,33.6
VALIDATION,3,2026-08-16 22:00:00+00:00,tt_cawang,43.0,43.0,40.9
VALIDATION,3,2026-08-16 22:00:00+00:00,tt_depok,31.0,31.0,31.0
VALIDATION,3,2026-08-16 22:00:00+00:00,tt_gatsu,45.0,45.0,45.0
VALIDATION,3,2026-08-16 22:00:00+00:00,tt_grogol,40.0,40.0,40.0
VALIDATION,3,2026-08-16 22:00:00+00:00,tt_kebonjeruk,35.0,35.0,35.0
VALIDATION,3,2026-08-16 22:00:00+00:00,tt_kelapagading,29.0,29.0,29.0
VALIDATION,3,2026-08-16 22:00:00+00:00,tt_kuningan,21.0,21.0,21.0
VALIDATION,3,2026-08-16 22:00:00+00:00,tt_sudirman,38.0,38.0,38.0
VALIDATION,3,2026-08-16 22:00:00+00:00,tt_tangerang,48.0,48.0,48.0
VALIDATION,3,2026-08-16 22:00:00+00:00,tt_tbsimatupang,72.0,72.0,72.0
VALIDATION,3,2026-08-16 22:00:00+00:00,tt_thamrin,22.0,22.0,22.0
VALIDATION,3,2026-08-16 23:00:00+00:00,tt_bekasi,17.0,17.0,18.0
VALIDATION,3,2026-08-16 23:00:00+00:00,tt_bogor,45.0,45.0,40.72727272727273
VALIDATION,3,2026-08-16 23:00:00+00:00,tt_bsd,34.0,34.0,34.0
VALIDATION,3,2026-08-16 23:00:00+00:00,tt_cawang,30.0,43.0,27.636363636363637
VALIDATION,3,2026-08-16 23:00:00+00:00,tt_depok,31.0,31.0,30.363636363636363
VALIDATION,3,2026-08-16 23:00:00+00:00,tt_gatsu,45.0,45.0,45.0
VALIDATION,3,2026-08-16 23:00:00+00:00,tt_grogol,40.0,40.0,36.27272727272727
VALIDATION,3,2026-08-16 23:00:00+00:00,tt_kebonjeruk,35.0,35.0,32.09090909090909
VALIDATION,3,2026-08-16 23:00:00+00:00,tt_kelapagading,29.0,29.0,27.181818181818183
VALIDATION,3,2026-08-16 23:00:00+00:00,tt_kuningan,21.0,21.0,21.0
VALIDATION,3,2026-08-16 23:00:00+00:00,tt_sudirman,38.0,38.0,36.54545454545455
VALIDATION,3,2026-08-16 23:00:00+00:00,tt_tangerang,48.0,48.0,47.36363636363637
VALIDATION,3,2026-08-16 23:00:00+00:00,tt_tbsimatupang,72.0,72.0,53.90909090909091
VALIDATION,3,2026-08-16 23:00:00+00:00,tt_thamrin,17.0,22.0,20.181818181818183
VALIDATION,3,2026-08-17 01:00:00+00:00,tt_bekasi,16.0,18.0,17.818181818181817
VALIDATION,3,2026-08-17 01:00:00+00:00,tt_bogor,37.0,45.0,37.18181818181818
VALIDATION,3,2026-08-17 01:00:00+00:00,tt_bsd,34.0,34.0,31.181818181818183
VALIDATION,3,2026-08-17 01:00:00+00:00,tt_cawang,43.0,43.0,23.818181818181817
VALIDATION,3,2026-08-17 01:00:00+00:00,tt_depok,31.0,31.0,28.363636363636363
VALIDATION,3,2026-08-17 01:00:00+00:00,tt_gatsu,45.0,45.0,42.27272727272727
VALIDATION,3,2026-08-17 01:00:00+00:00,tt_grogol,40.0,40.0,34.36363636363637
VALIDATION,3,2026-08-17 01:00:00+00:00,tt_kebonjeruk,35.0,35.0,29.181818181818183
VALIDATION,3,2026-08-17 01:00:00+00:00,tt_kelapagading,29.0,29.0,28.181818181818183
VALIDATION,3,2026-08-17 01:00:00+00:00,tt_kuningan,21.0,21.0,21.0
VALIDATION,3,2026-08-17 01:00:00+00:00,tt_sudirman,38.0,38.0,26.363636363636363
VALIDATION,3,2026-08-17 01:00:00+00:00,tt_tangerang,48.0,48.0,42.45454545454545
VALIDATION,3,2026-08-17 01:00:00+00:00,tt_tbsimatupang,72.0,72.0,35.45454545454545
VALIDATION,3,2026-08-17 01:00:00+00:00,tt_thamrin,22.0,22.0,18.454545454545453
VALIDATION,3,2026-08-17 03:00:00+00:00,tt_bekasi,16.0,17.0,17.727272727272727
VALIDATION,3,2026-08-17 03:00:00+00:00,tt_bogor,45.0,45.0,37.90909090909091
VALIDATION,3,2026-08-17 03:00:00+00:00,tt_bsd,34.0,34.0,32.0
VALIDATION,3,2026-08-17 03:00:00+00:00,tt_cawang,43.0,30.0,21.818181818181817
VALIDATION,3,2026-08-17 03:00:00+00:00,tt_depok,31.0,31.0,26.545454545454547
VALIDATION,3,2026-08-17 03:00:00+00:00,tt_gatsu,45.0,45.0,43.90909090909091
VALIDATION,3,2026-08-17 03:00:00+00:00,tt_grogol,40.0,40.0,31.272727272727273
VALIDATION,3,2026-08-17 03:00:00+00:00,tt_kebonjeruk,35.0,35.0,25.0
VALIDATION,3,2026-08-17 03:00:00+00:00,tt_kelapagading,29.0,29.0,24.636363636363637
VALIDATION,3,2026-08-17 03:00:00+00:00,tt_kuningan,21.0,21.0,18.545454545454547
VALIDATION,3,2026-08-17 03:00:00+00:00,tt_sudirman,38.0,38.0,32.27272727272727
VALIDATION,3,2026-08-17 03:00:00+00:00,tt_tangerang,48.0,48.0,39.54545454545455
VALIDATION,3,2026-08-17 03:00:00+00:00,tt_tbsimatupang,72.0,72.0,37.45454545454545
VALIDATION,3,2026-08-17 03:00:00+00:00,tt_thamrin,19.0,17.0,18.90909090909091
VALIDATION,3,2026-08-17 04:00:00+00:00,tt_bekasi,15.0,16.0,17.666666666666668
VALIDATION,3,2026-08-17 04:00:00+00:00,tt_bogor,45.0,37.0,39.25
VALIDATION,3,2026-08-17 04:00:00+00:00,tt_bsd,34.0,34.0,32.833333333333336
VALIDATION,3,2026-08-17 04:00:00+00:00,tt_cawang,43.0,43.0,20.25
VALIDATION,3,2026-08-17 04:00:00+00:00,tt_depok,31.0,31.0,26.916666666666668
VALIDATION,3,2026-08-17 04:00:00+00:00,tt_gatsu,45.0,45.0,45.0
VALIDATION,3,2026-08-17 04:00:00+00:00,tt_grogol,36.0,40.0,31.5
VALIDATION,3,2026-08-17 04:00:00+00:00,tt_kebonjeruk,35.0,35.0,25.166666666666668
VALIDATION,3,2026-08-17 04:00:00+00:00,tt_kelapagading,29.0,29.0,22.5
VALIDATION,3,2026-08-17 04:00:00+00:00,tt_kuningan,21.0,21.0,19.166666666666668
VALIDATION,3,2026-08-17 04:00:00+00:00,tt_sudirman,38.0,38.0,31.666666666666668
VALIDATION,3,2026-08-17 04:00:00+00:00,tt_tangerang,48.0,48.0,38.166666666666664
VALIDATION,3,2026-08-17 04:00:00+00:00,tt_tbsimatupang,72.0,72.0,38.5
VALIDATION,3,2026-08-17 04:00:00+00:00,tt_thamrin,22.0,22.0,19.166666666666668
VALIDATION,3,2026-08-17 06:00:00+00:00,tt_bekasi,16.0,16.0,17.083333333333332
VALIDATION,3,2026-08-17 06:00:00+00:00,tt_bogor,45.0,45.0,36.166666666666664
VALIDATION,3,2026-08-17 06:00:00+00:00,tt_bsd,34.0,34.0,33.666666666666664
VALIDATION,3,2026-08-17 06:00:00+00:00,tt_cawang,25.0,43.0,21.333333333333332
VALIDATION,3,2026-08-17 06:00:00+00:00,tt_depok,31.0,31.0,26.25
VALIDATION,3,2026-08-17 06:00:00+00:00,tt_gatsu,45.0,45.0,42.5
VALIDATION,3,2026-08-17 06:00:00+00:00,tt_grogol,34.0,40.0,31.333333333333332
VALIDATION,3,2026-08-17 06:00:00+00:00,tt_kebonjeruk,29.0,35.0,24.083333333333332
VALIDATION,3,2026-08-17 06:00:00+00:00,tt_kelapagading,24.0,29.0,20.083333333333332
VALIDATION,3,2026-08-17 06:00:00+00:00,tt_kuningan,21.0,21.0,19.166666666666668
VALIDATION,3,2026-08-17 06:00:00+00:00,tt_sudirman,38.0,38.0,26.75
VALIDATION,3,2026-08-17 06:00:00+00:00,tt_tangerang,48.0,48.0,38.583333333333336
VALIDATION,3,2026-08-17 06:00:00+00:00,tt_tbsimatupang,72.0,72.0,48.833333333333336
VALIDATION,3,2026-08-17 06:00:00+00:00,tt_thamrin,18.0,19.0,18.75
VALIDATION,3,2026-08-17 08:00:00+00:00,tt_bekasi,14.0,15.0,15.923076923076923
VALIDATION,3,2026-08-17 08:00:00+00:00,tt_bogor,38.0,45.0,34.61538461538461
VALIDATION,3,2026-08-17 08:00:00+00:00,tt_bsd,34.0,34.0,32.07692307692308
VALIDATION,3,2026-08-17 08:00:00+00:00,tt_cawang,43.0,43.0,35.15384615384615
VALIDATION,3,2026-08-17 08:00:00+00:00,tt_depok,31.0,31.0,27.384615384615383
VALIDATION,3,2026-08-17 08:00:00+00:00,tt_gatsu,45.0,45.0,30.46153846153846
VALIDATION,3,2026-08-17 08:00:00+00:00,tt_grogol,40.0,36.0,31.384615384615383
VALIDATION,3,2026-08-17 08:00:00+00:00,tt_kebonjeruk,35.0,35.0,21.923076923076923
VALIDATION,3,2026-08-17 08:00:00+00:00,tt_kelapagading,29.0,29.0,20.923076923076923
VALIDATION,3,2026-08-17 08:00:00+00:00,tt_kuningan,21.0,21.0,19.53846153846154
VALIDATION,3,2026-08-17 08:00:00+00:00,tt_sudirman,38.0,38.0,22.846153846153847
VALIDATION,3,2026-08-17 08:00:00+00:00,tt_tangerang,48.0,48.0,37.61538461538461
VALIDATION,3,2026-08-17 08:00:00+00:00,tt_tbsimatupang,72.0,72.0,43.0
VALIDATION,3,2026-08-17 08:00:00+00:00,tt_thamrin,13.0,22.0,15.461538461538462
VALIDATION,3,2026-08-17 09:00:00+00:00,tt_bekasi,15.0,16.0,15.692307692307692
VALIDATION,3,2026-08-17 09:00:00+00:00,tt_bogor,39.0,45.0,33.84615384615385
VALIDATION,3,2026-08-17 09:00:00+00:00,tt_bsd,34.0,34.0,32.69230769230769
VALIDATION,3,2026-08-17 09:00:00+00:00,tt_cawang,23.0,25.0,30.923076923076923
VALIDATION,3,2026-08-17 09:00:00+00:00,tt_depok,25.0,31.0,23.846153846153847
VALIDATION,3,2026-08-17 09:00:00+00:00,tt_gatsu,45.0,45.0,36.0
VALIDATION,3,2026-08-17 09:00:00+00:00,tt_grogol,33.0,34.0,32.15384615384615
VALIDATION,3,2026-08-17 09:00:00+00:00,tt_kebonjeruk,30.0,29.0,22.692307692307693
VALIDATION,3,2026-08-17 09:00:00+00:00,tt_kelapagading,29.0,24.0,21.692307692307693
VALIDATION,3,2026-08-17 09:00:00+00:00,tt_kuningan,21.0,21.0,18.46153846153846
VALIDATION,3,2026-08-17 09:00:00+00:00,tt_sudirman,31.0,38.0,24.0
VALIDATION,3,2026-08-17 09:00:00+00:00,tt_tangerang,48.0,48.0,40.53846153846154
VALIDATION,3,2026-08-17 09:00:00+00:00,tt_tbsimatupang,72.0,72.0,40.46153846153846
VALIDATION,3,2026-08-17 09:00:00+00:00,tt_thamrin,17.0,18.0,17.615384615384617
VALIDATION,3,2026-08-17 11:00:00+00:00,tt_bekasi,15.0,14.0,14.692307692307692
VALIDATION,3,2026-08-17 11:00:00+00:00,tt_bogor,45.0,38.0,33.07692307692308
VALIDATION,3,2026-08-17 11:00:00+00:00,tt_bsd,30.0,34.0,32.07692307692308
VALIDATION,3,2026-08-17 11:00:00+00:00,tt_cawang,43.0,43.0,29.23076923076923
VALIDATION,3,2026-08-17 11:00:00+00:00,tt_depok,24.0,31.0,24.846153846153847
VALIDATION,3,2026-08-17 11:00:00+00:00,tt_gatsu,45.0,45.0,16.615384615384617
VALIDATION,3,2026-08-17 11:00:00+00:00,tt_grogol,33.0,40.0,32.69230769230769
VALIDATION,3,2026-08-17 11:00:00+00:00,tt_kebonjeruk,30.0,35.0,21.923076923076923
VALIDATION,3,2026-08-17 11:00:00+00:00,tt_kelapagading,23.0,29.0,20.076923076923077
VALIDATION,3,2026-08-17 11:00:00+00:00,tt_kuningan,16.0,21.0,15.153846153846153
VALIDATION,3,2026-08-17 11:00:00+00:00,tt_sudirman,32.0,38.0,18.53846153846154
VALIDATION,3,2026-08-17 11:00:00+00:00,tt_tangerang,48.0,48.0,38.0
VALIDATION,3,2026-08-17 11:00:00+00:00,tt_tbsimatupang,72.0,72.0,39.92307692307692
VALIDATION,3,2026-08-17 11:00:00+00:00,tt_thamrin,13.0,13.0,13.0
VALIDATION,6,2026-08-14 06:00:00+00:00,tt_bekasi,14.0,16.0,17.083333333333332
VALIDATION,6,2026-08-14 06:00:00+00:00,tt_bogor,34.0,35.0,36.166666666666664
VALIDATION,6,2026-08-14 06:00:00+00:00,tt_bsd,34.0,30.0,33.666666666666664
VALIDATION,6,2026-08-14 06:00:00+00:00,tt_cawang,19.0,17.0,21.333333333333332
VALIDATION,6,2026-08-14 06:00:00+00:00,tt_depok,24.0,27.0,26.25
VALIDATION,6,2026-08-14 06:00:00+00:00,tt_gatsu,35.0,45.0,42.5
VALIDATION,6,2026-08-14 06:00:00+00:00,tt_grogol,30.0,32.0,31.333333333333332
VALIDATION,6,2026-08-14 06:00:00+00:00,tt_kebonjeruk,21.0,27.0,24.083333333333332
VALIDATION,6,2026-08-14 06:00:00+00:00,tt_kelapagading,19.0,29.0,20.083333333333332
VALIDATION,6,2026-08-14 06:00:00+00:00,tt_kuningan,21.0,21.0,19.166666666666668
VALIDATION,6,2026-08-14 06:00:00+00:00,tt_sudirman,20.0,33.0,26.75
VALIDATION,6,2026-08-14 06:00:00+00:00,tt_tangerang,40.0,48.0,38.583333333333336
VALIDATION,6,2026-08-14 06:00:00+00:00,tt_tbsimatupang,41.0,31.0,48.833333333333336
VALIDATION,6,2026-08-14 06:00:00+00:00,tt_thamrin,14.0,22.0,18.75
VALIDATION,6,2026-08-14 08:00:00+00:00,tt_bekasi,15.0,17.0,15.923076923076923
VALIDATION,6,2026-08-14 08:00:00+00:00,tt_bogor,35.0,45.0,34.61538461538461
VALIDATION,6,2026-08-14 08:00:00+00:00,tt_bsd,34.0,34.0,32.07692307692308
VALIDATION,6,2026-08-14 08:00:00+00:00,tt_cawang,21.0,26.0,35.15384615384615
VALIDATION,6,2026-08-14 08:00:00+00:00,tt_depok,26.0,27.0,27.384615384615383
VALIDATION,6,2026-08-14 08:00:00+00:00,tt_gatsu,32.0,45.0,30.46153846153846
VALIDATION,6,2026-08-14 08:00:00+00:00,tt_grogol,31.0,34.0,31.384615384615383
VALIDATION,6,2026-08-14 08:00:00+00:00,tt_kebonjeruk,24.0,25.0,21.923076923076923
VALIDATION,6,2026-08-14 08:00:00+00:00,tt_kelapagading,21.0,29.0,20.923076923076923
VALIDATION,6,2026-08-14 08:00:00+00:00,tt_kuningan,14.0,17.0,19.53846153846154
VALIDATION,6,2026-08-14 08:00:00+00:00,tt_sudirman,20.0,32.0,22.846153846153847
VALIDATION,6,2026-08-14 08:00:00+00:00,tt_tangerang,39.0,48.0,37.61538461538461
VALIDATION,6,2026-08-14 08:00:00+00:00,tt_tbsimatupang,19.0,28.0,43.0
VALIDATION,6,2026-08-14 08:00:00+00:00,tt_thamrin,12.0,18.0,15.461538461538462
VALIDATION,6,2026-08-14 10:00:00+00:00,tt_bekasi,15.0,14.0,15.3
VALIDATION,6,2026-08-14 10:00:00+00:00,tt_bogor,34.0,37.0,31.5
VALIDATION,6,2026-08-14 10:00:00+00:00,tt_bsd,34.0,34.0,32.0
VALIDATION,6,2026-08-14 10:00:00+00:00,tt_cawang,31.0,25.0,29.9
VALIDATION,6,2026-08-14 10:00:00+00:00,tt_depok,25.0,27.0,23.6
VALIDATION,6,2026-08-14 10:00:00+00:00,tt_gatsu,20.0,45.0,23.1
VALIDATION,6,2026-08-14 10:00:00+00:00,tt_grogol,31.0,25.0,32.1
VALIDATION,6,2026-08-14 10:00:00+00:00,tt_kebonjeruk,23.0,25.0,21.4
VALIDATION,6,2026-08-14 10:00:00+00:00,tt_kelapagading,19.0,24.0,20.9
VALIDATION,6,2026-08-14 10:00:00+00:00,tt_kuningan,21.0,16.0,15.3
VALIDATION,6,2026-08-14 10:00:00+00:00,tt_sudirman,23.0,38.0,19.4
VALIDATION,6,2026-08-14 10:00:00+00:00,tt_tangerang,32.0,35.0,36.3
VALIDATION,6,2026-08-14 10:00:00+00:00,tt_tbsimatupang,8.0,32.0,34.0
VALIDATION,6,2026-08-14 10:00:00+00:00,tt_thamrin,16.0,17.0,15.5
VALIDATION,6,2026-08-14 11:00:00+00:00,tt_bekasi,14.0,14.0,14.692307692307692
VALIDATION,6,2026-08-14 11:00:00+00:00,tt_bogor,30.0,45.0,33.07692307692308
VALIDATION,6,2026-08-14 11:00:00+00:00,tt_bsd,34.0,34.0,32.07692307692308
VALIDATION,6,2026-08-14 11:00:00+00:00,tt_cawang,33.0,43.0,29.23076923076923
VALIDATION,6,2026-08-14 11:00:00+00:00,tt_depok,24.0,31.0,24.846153846153847
VALIDATION,6,2026-08-14 11:00:00+00:00,tt_gatsu,17.0,45.0,16.615384615384617
VALIDATION,6,2026-08-14 11:00:00+00:00,tt_grogol,30.0,30.0,32.69230769230769
VALIDATION,6,2026-08-14 11:00:00+00:00,tt_kebonjeruk,20.0,27.0,21.923076923076923
VALIDATION,6,2026-08-14 11:00:00+00:00,tt_kelapagading,18.0,23.0,20.076923076923077
VALIDATION,6,2026-08-14 11:00:00+00:00,tt_kuningan,12.0,21.0,15.153846153846153
VALIDATION,6,2026-08-14 11:00:00+00:00,tt_sudirman,18.0,28.0,18.53846153846154
VALIDATION,6,2026-08-14 11:00:00+00:00,tt_tangerang,32.0,38.0,38.0
VALIDATION,6,2026-08-14 11:00:00+00:00,tt_tbsimatupang,7.0,22.0,39.92307692307692
VALIDATION,6,2026-08-14 11:00:00+00:00,tt_thamrin,11.0,18.0,13.0
VALIDATION,6,2026-08-14 13:00:00+00:00,tt_bekasi,12.0,14.0,17.2
VALIDATION,6,2026-08-14 13:00:00+00:00,tt_bogor,36.0,34.0,40.9
VALIDATION,6,2026-08-14 13:00:00+00:00,tt_bsd,34.0,34.0,31.6
VALIDATION,6,2026-08-14 13:00:00+00:00,tt_cawang,43.0,19.0,40.6
VALIDATION,6,2026-08-14 13:00:00+00:00,tt_depok,25.0,24.0,25.0
VALIDATION,6,2026-08-14 13:00:00+00:00,tt_gatsu,45.0,35.0,43.3
VALIDATION,6,2026-08-14 13:00:00+00:00,tt_grogol,28.0,30.0,37.9
VALIDATION,6,2026-08-14 13:00:00+00:00,tt_kebonjeruk,23.0,21.0,25.3
VALIDATION,6,2026-08-14 13:00:00+00:00,tt_kelapagading,20.0,19.0,24.2
VALIDATION,6,2026-08-14 13:00:00+00:00,tt_kuningan,13.0,21.0,16.2
VALIDATION,6,2026-08-14 13:00:00+00:00,tt_sudirman,27.0,20.0,30.6
VALIDATION,6,2026-08-14 13:00:00+00:00,tt_tangerang,32.0,40.0,46.2
VALIDATION,6,2026-08-14 13:00:00+00:00,tt_tbsimatupang,21.0,41.0,67.6
VALIDATION,6,2026-08-14 13:00:00+00:00,tt_thamrin,16.0,14.0,15.7
VALIDATION,6,2026-08-14 14:00:00+00:00,tt_bekasi,16.0,15.0,17.23076923076923
VALIDATION,6,2026-08-14 14:00:00+00:00,tt_bogor,45.0,35.0,39.30769230769231
VALIDATION,6,2026-08-14 14:00:00+00:00,tt_bsd,34.0,34.0,33.23076923076923
VALIDATION,6,2026-08-14 14:00:00+00:00,tt_cawang,28.0,21.0,39.53846153846154
VALIDATION,6,2026-08-14 14:00:00+00:00,tt_depok,26.0,26.0,27.0
VALIDATION,6,2026-08-14 14:00:00+00:00,tt_gatsu,45.0,32.0,45.0
VALIDATION,6,2026-08-14 14:00:00+00:00,tt_grogol,40.0,31.0,38.30769230769231
VALIDATION,6,2026-08-14 14:00:00+00:00,tt_kebonjeruk,28.0,24.0,28.692307692307693
VALIDATION,6,2026-08-14 14:00:00+00:00,tt_kelapagading,29.0,21.0,25.615384615384617
VALIDATION,6,2026-08-14 14:00:00+00:00,tt_kuningan,21.0,14.0,18.23076923076923
VALIDATION,6,2026-08-14 14:00:00+00:00,tt_sudirman,30.0,20.0,31.153846153846153
VALIDATION,6,2026-08-14 14:00:00+00:00,tt_tangerang,48.0,39.0,48.0
VALIDATION,6,2026-08-14 14:00:00+00:00,tt_tbsimatupang,72.0,19.0,68.23076923076923
VALIDATION,6,2026-08-14 14:00:00+00:00,tt_thamrin,13.0,12.0,17.846153846153847
VALIDATION,6,2026-08-14 16:00:00+00:00,tt_bekasi,17.0,15.0,18.0
VALIDATION,6,2026-08-14 16:00:00+00:00,tt_bogor,45.0,34.0,43.44444444444444
VALIDATION,6,2026-08-14 16:00:00+00:00,tt_bsd,34.0,34.0,34.0
VALIDATION,6,2026-08-14 16:00:00+00:00,tt_cawang,43.0,31.0,42.22222222222222
VALIDATION,6,2026-08-14 16:00:00+00:00,tt_depok,31.0,25.0,31.0
VALIDATION,6,2026-08-14 16:00:00+00:00,tt_gatsu,45.0,20.0,45.0
VALIDATION,6,2026-08-14 16:00:00+00:00,tt_grogol,40.0,31.0,40.0
VALIDATION,6,2026-08-14 16:00:00+00:00,tt_kebonjeruk,35.0,23.0,34.333333333333336
VALIDATION,6,2026-08-14 16:00:00+00:00,tt_kelapagading,29.0,19.0,28.555555555555557
VALIDATION,6,2026-08-14 16:00:00+00:00,tt_kuningan,21.0,21.0,20.11111111111111
VALIDATION,6,2026-08-14 16:00:00+00:00,tt_sudirman,38.0,23.0,37.22222222222222
VALIDATION,6,2026-08-14 16:00:00+00:00,tt_tangerang,39.0,32.0,48.0
VALIDATION,6,2026-08-14 16:00:00+00:00,tt_tbsimatupang,72.0,8.0,72.0
VALIDATION,6,2026-08-14 16:00:00+00:00,tt_thamrin,22.0,16.0,20.0
VALIDATION,6,2026-08-14 18:00:00+00:00,tt_bekasi,17.0,14.0,18.0
VALIDATION,6,2026-08-14 18:00:00+00:00,tt_bogor,45.0,30.0,45.0
VALIDATION,6,2026-08-14 18:00:00+00:00,tt_bsd,34.0,34.0,34.0
VALIDATION,6,2026-08-14 18:00:00+00:00,tt_cawang,43.0,33.0,43.0
VALIDATION,6,2026-08-14 18:00:00+00:00,tt_depok,31.0,24.0,31.0
VALIDATION,6,2026-08-14 18:00:00+00:00,tt_gatsu,45.0,17.0,45.0
VALIDATION,6,2026-08-14 18:00:00+00:00,tt_grogol,40.0,30.0,40.0
VALIDATION,6,2026-08-14 18:00:00+00:00,tt_kebonjeruk,35.0,20.0,35.0
VALIDATION,6,2026-08-14 18:00:00+00:00,tt_kelapagading,29.0,18.0,29.0
VALIDATION,6,2026-08-14 18:00:00+00:00,tt_kuningan,21.0,12.0,20.636363636363637
VALIDATION,6,2026-08-14 18:00:00+00:00,tt_sudirman,38.0,18.0,38.0
VALIDATION,6,2026-08-14 18:00:00+00:00,tt_tangerang,48.0,32.0,48.0
VALIDATION,6,2026-08-14 18:00:00+00:00,tt_tbsimatupang,72.0,7.0,72.0
VALIDATION,6,2026-08-14 18:00:00+00:00,tt_thamrin,22.0,11.0,22.0
VALIDATION,6,2026-08-14 19:00:00+00:00,tt_bekasi,17.0,12.0,18.0
VALIDATION,6,2026-08-14 19:00:00+00:00,tt_bogor,45.0,36.0,44.72727272727273
VALIDATION,6,2026-08-14 19:00:00+00:00,tt_bsd,34.0,34.0,34.0
VALIDATION,6,2026-08-14 19:00:00+00:00,tt_cawang,43.0,43.0,43.0
VALIDATION,6,2026-08-14 19:00:00+00:00,tt_depok,31.0,25.0,31.0
VALIDATION,6,2026-08-14 19:00:00+00:00,tt_gatsu,45.0,45.0,45.0
VALIDATION,6,2026-08-14 19:00:00+00:00,tt_grogol,40.0,28.0,40.0
VALIDATION,6,2026-08-14 19:00:00+00:00,tt_kebonjeruk,35.0,23.0,35.0
VALIDATION,6,2026-08-14 19:00:00+00:00,tt_kelapagading,29.0,20.0,29.0
VALIDATION,6,2026-08-14 19:00:00+00:00,tt_kuningan,21.0,13.0,21.0
VALIDATION,6,2026-08-14 19:00:00+00:00,tt_sudirman,38.0,27.0,38.0
VALIDATION,6,2026-08-14 19:00:00+00:00,tt_tangerang,48.0,32.0,48.0
VALIDATION,6,2026-08-14 19:00:00+00:00,tt_tbsimatupang,72.0,21.0,72.0
VALIDATION,6,2026-08-14 19:00:00+00:00,tt_thamrin,22.0,16.0,22.0
VALIDATION,6,2026-08-14 21:00:00+00:00,tt_bekasi,18.0,16.0,18.0
VALIDATION,6,2026-08-14 21:00:00+00:00,tt_bogor,45.0,45.0,45.0
VALIDATION,6,2026-08-14 21:00:00+00:00,tt_bsd,34.0,34.0,34.0
VALIDATION,6,2026-08-14 21:00:00+00:00,tt_cawang,43.0,28.0,43.0
VALIDATION,6,2026-08-14 21:00:00+00:00,tt_depok,31.0,26.0,31.0
VALIDATION,6,2026-08-14 21:00:00+00:00,tt_gatsu,45.0,45.0,45.0
VALIDATION,6,2026-08-14 21:00:00+00:00,tt_grogol,40.0,40.0,40.0
VALIDATION,6,2026-08-14 21:00:00+00:00,tt_kebonjeruk,35.0,28.0,35.0
VALIDATION,6,2026-08-14 21:00:00+00:00,tt_kelapagading,29.0,29.0,29.0
VALIDATION,6,2026-08-14 21:00:00+00:00,tt_kuningan,21.0,21.0,21.0
VALIDATION,6,2026-08-14 21:00:00+00:00,tt_sudirman,38.0,30.0,38.0
VALIDATION,6,2026-08-14 21:00:00+00:00,tt_tangerang,48.0,48.0,48.0
VALIDATION,6,2026-08-14 21:00:00+00:00,tt_tbsimatupang,72.0,72.0,72.0
VALIDATION,6,2026-08-14 21:00:00+00:00,tt_thamrin,22.0,13.0,21.8
VALIDATION,6,2026-08-14 23:00:00+00:00,tt_bekasi,17.0,17.0,18.0
VALIDATION,6,2026-08-14 23:00:00+00:00,tt_bogor,45.0,45.0,40.72727272727273
VALIDATION,6,2026-08-14 23:00:00+00:00,tt_bsd,34.0,34.0,34.0
VALIDATION,6,2026-08-14 23:00:00+00:00,tt_cawang,43.0,43.0,27.636363636363637
VALIDATION,6,2026-08-14 23:00:00+00:00,tt_depok,31.0,31.0,30.363636363636363
VALIDATION,6,2026-08-14 23:00:00+00:00,tt_gatsu,45.0,45.0,45.0
VALIDATION,6,2026-08-14 23:00:00+00:00,tt_grogol,40.0,40.0,36.27272727272727
VALIDATION,6,2026-08-14 23:00:00+00:00,tt_kebonjeruk,35.0,35.0,32.09090909090909
VALIDATION,6,2026-08-14 23:00:00+00:00,tt_kelapagading,29.0,29.0,27.181818181818183
VALIDATION,6,2026-08-14 23:00:00+00:00,tt_kuningan,21.0,21.0,21.0
VALIDATION,6,2026-08-14 23:00:00+00:00,tt_sudirman,38.0,38.0,36.54545454545455
VALIDATION,6,2026-08-14 23:00:00+00:00,tt_tangerang,48.0,39.0,47.36363636363637
VALIDATION,6,2026-08-14 23:00:00+00:00,tt_tbsimatupang,72.0,72.0,53.90909090909091
VALIDATION,6,2026-08-14 23:00:00+00:00,tt_thamrin,22.0,22.0,20.181818181818183
VALIDATION,6,2026-08-15 00:00:00+00:00,tt_bekasi,17.0,17.0,18.0
VALIDATION,6,2026-08-15 00:00:00+00:00,tt_bogor,45.0,45.0,36.2
VALIDATION,6,2026-08-15 00:00:00+00:00,tt_bsd,34.0,34.0,31.5
VALIDATION,6,2026-08-15 00:00:00+00:00,tt_cawang,43.0,43.0,22.6
VALIDATION,6,2026-08-15 00:00:00+00:00,tt_depok,31.0,31.0,30.2
VALIDATION,6,2026-08-15 00:00:00+00:00,tt_gatsu,45.0,45.0,44.2
VALIDATION,6,2026-08-15 00:00:00+00:00,tt_grogol,40.0,40.0,35.9
VALIDATION,6,2026-08-15 00:00:00+00:00,tt_kebonjeruk,35.0,35.0,29.5
VALIDATION,6,2026-08-15 00:00:00+00:00,tt_kelapagading,29.0,29.0,28.3
VALIDATION,6,2026-08-15 00:00:00+00:00,tt_kuningan,21.0,21.0,21.0
VALIDATION,6,2026-08-15 00:00:00+00:00,tt_sudirman,38.0,38.0,31.4
VALIDATION,6,2026-08-15 00:00:00+00:00,tt_tangerang,48.0,48.0,44.3
VALIDATION,6,2026-08-15 00:00:00+00:00,tt_tbsimatupang,56.0,72.0,42.1
VALIDATION,6,2026-08-15 00:00:00+00:00,tt_thamrin,22.0,22.0,20.3
VALIDATION,6,2026-08-15 02:00:00+00:00,tt_bekasi,15.0,17.0,17.692307692307693
VALIDATION,6,2026-08-15 02:00:00+00:00,tt_bogor,37.0,45.0,36.46153846153846
VALIDATION,6,2026-08-15 02:00:00+00:00,tt_bsd,34.0,34.0,32.30769230769231
VALIDATION,6,2026-08-15 02:00:00+00:00,tt_cawang,19.0,43.0,21.0
VALIDATION,6,2026-08-15 02:00:00+00:00,tt_depok,26.0,31.0,29.23076923076923
VALIDATION,6,2026-08-15 02:00:00+00:00,tt_gatsu,45.0,45.0,40.76923076923077
VALIDATION,6,2026-08-15 02:00:00+00:00,tt_grogol,40.0,40.0,31.076923076923077
VALIDATION,6,2026-08-15 02:00:00+00:00,tt_kebonjeruk,29.0,35.0,25.307692307692307
VALIDATION,6,2026-08-15 02:00:00+00:00,tt_kelapagading,29.0,29.0,26.846153846153847
VALIDATION,6,2026-08-15 02:00:00+00:00,tt_kuningan,21.0,21.0,18.23076923076923
VALIDATION,6,2026-08-15 02:00:00+00:00,tt_sudirman,38.0,38.0,25.384615384615383
VALIDATION,6,2026-08-15 02:00:00+00:00,tt_tangerang,48.0,48.0,43.84615384615385
VALIDATION,6,2026-08-15 02:00:00+00:00,tt_tbsimatupang,57.0,72.0,29.923076923076923
VALIDATION,6,2026-08-15 02:00:00+00:00,tt_thamrin,22.0,22.0,17.846153846153847
VALIDATION,6,2026-08-15 03:00:00+00:00,tt_bekasi,12.0,18.0,17.727272727272727
VALIDATION,6,2026-08-15 03:00:00+00:00,tt_bogor,37.0,45.0,37.90909090909091
VALIDATION,6,2026-08-15 03:00:00+00:00,tt_bsd,29.0,34.0,32.0
VALIDATION,6,2026-08-15 03:00:00+00:00,tt_cawang,20.0,43.0,21.818181818181817
VALIDATION,6,2026-08-15 03:00:00+00:00,tt_depok,26.0,31.0,26.545454545454547
VALIDATION,6,2026-08-15 03:00:00+00:00,tt_gatsu,45.0,45.0,43.90909090909091
VALIDATION,6,2026-08-15 03:00:00+00:00,tt_grogol,32.0,40.0,31.272727272727273
VALIDATION,6,2026-08-15 03:00:00+00:00,tt_kebonjeruk,24.0,35.0,25.0
VALIDATION,6,2026-08-15 03:00:00+00:00,tt_kelapagading,22.0,29.0,24.636363636363637
VALIDATION,6,2026-08-15 03:00:00+00:00,tt_kuningan,21.0,21.0,18.545454545454547
VALIDATION,6,2026-08-15 03:00:00+00:00,tt_sudirman,38.0,38.0,32.27272727272727
VALIDATION,6,2026-08-15 03:00:00+00:00,tt_tangerang,35.0,48.0,39.54545454545455
VALIDATION,6,2026-08-15 03:00:00+00:00,tt_tbsimatupang,48.0,72.0,37.45454545454545
VALIDATION,6,2026-08-15 03:00:00+00:00,tt_thamrin,19.0,22.0,18.90909090909091
VALIDATION,6,2026-08-15 05:00:00+00:00,tt_bekasi,14.0,17.0,18.0
VALIDATION,6,2026-08-15 05:00:00+00:00,tt_bogor,45.0,45.0,39.6
VALIDATION,6,2026-08-15 05:00:00+00:00,tt_bsd,34.0,34.0,32.4
VALIDATION,6,2026-08-15 05:00:00+00:00,tt_cawang,20.0,43.0,23.3
VALIDATION,6,2026-08-15 05:00:00+00:00,tt_depok,25.0,31.0,28.2
VALIDATION,6,2026-08-15 05:00:00+00:00,tt_gatsu,45.0,45.0,45.0
VALIDATION,6,2026-08-15 05:00:00+00:00,tt_grogol,40.0,40.0,32.0
VALIDATION,6,2026-08-15 05:00:00+00:00,tt_kebonjeruk,23.0,35.0,25.2
VALIDATION,6,2026-08-15 05:00:00+00:00,tt_kelapagading,19.0,29.0,21.4
VALIDATION,6,2026-08-15 05:00:00+00:00,tt_kuningan,21.0,21.0,18.2
VALIDATION,6,2026-08-15 05:00:00+00:00,tt_sudirman,31.0,38.0,28.4
VALIDATION,6,2026-08-15 05:00:00+00:00,tt_tangerang,30.0,48.0,39.6
VALIDATION,6,2026-08-15 05:00:00+00:00,tt_tbsimatupang,43.0,72.0,45.0
VALIDATION,6,2026-08-15 05:00:00+00:00,tt_thamrin,14.0,22.0,18.9
VALIDATION,6,2026-08-15 07:00:00+00:00,tt_bekasi,15.0,17.0,17.75
VALIDATION,6,2026-08-15 07:00:00+00:00,tt_bogor,34.0,45.0,36.083333333333336
VALIDATION,6,2026-08-15 07:00:00+00:00,tt_bsd,34.0,34.0,31.75
VALIDATION,6,2026-08-15 07:00:00+00:00,tt_cawang,21.0,43.0,28.666666666666668
VALIDATION,6,2026-08-15 07:00:00+00:00,tt_depok,24.0,31.0,26.5
VALIDATION,6,2026-08-15 07:00:00+00:00,tt_gatsu,45.0,45.0,34.5
VALIDATION,6,2026-08-15 07:00:00+00:00,tt_grogol,40.0,40.0,31.666666666666668
VALIDATION,6,2026-08-15 07:00:00+00:00,tt_kebonjeruk,22.0,35.0,22.416666666666668
VALIDATION,6,2026-08-15 07:00:00+00:00,tt_kelapagading,21.0,29.0,21.166666666666668
VALIDATION,6,2026-08-15 07:00:00+00:00,tt_kuningan,21.0,21.0,18.666666666666668
VALIDATION,6,2026-08-15 07:00:00+00:00,tt_sudirman,29.0,38.0,24.583333333333332
VALIDATION,6,2026-08-15 07:00:00+00:00,tt_tangerang,36.0,48.0,43.666666666666664
VALIDATION,6,2026-08-15 07:00:00+00:00,tt_tbsimatupang,37.0,56.0,56.416666666666664
VALIDATION,6,2026-08-15 07:00:00+00:00,tt_thamrin,16.0,22.0,17.0
VALIDATION,6,2026-08-15 08:00:00+00:00,tt_bekasi,15.0,15.0,15.923076923076923
VALIDATION,6,2026-08-15 08:00:00+00:00,tt_bogor,35.0,37.0,34.61538461538461
VALIDATION,6,2026-08-15 08:00:00+00:00,tt_bsd,34.0,34.0,32.07692307692308
VALIDATION,6,2026-08-15 08:00:00+00:00,tt_cawang,21.0,19.0,35.15384615384615
VALIDATION,6,2026-08-15 08:00:00+00:00,tt_depok,24.0,26.0,27.384615384615383
VALIDATION,6,2026-08-15 08:00:00+00:00,tt_gatsu,45.0,45.0,30.46153846153846
VALIDATION,6,2026-08-15 08:00:00+00:00,tt_grogol,34.0,40.0,31.384615384615383
VALIDATION,6,2026-08-15 08:00:00+00:00,tt_kebonjeruk,23.0,29.0,21.923076923076923
VALIDATION,6,2026-08-15 08:00:00+00:00,tt_kelapagading,22.0,29.0,20.923076923076923
VALIDATION,6,2026-08-15 08:00:00+00:00,tt_kuningan,21.0,21.0,19.53846153846154
VALIDATION,6,2026-08-15 08:00:00+00:00,tt_sudirman,32.0,38.0,22.846153846153847
VALIDATION,6,2026-08-15 08:00:00+00:00,tt_tangerang,40.0,48.0,37.61538461538461
VALIDATION,6,2026-08-15 08:00:00+00:00,tt_tbsimatupang,46.0,57.0,43.0
VALIDATION,6,2026-08-15 08:00:00+00:00,tt_thamrin,13.0,22.0,15.461538461538462
VALIDATION,6,2026-08-15 10:00:00+00:00,tt_bekasi,14.0,12.0,15.3
VALIDATION,6,2026-08-15 10:00:00+00:00,tt_bogor,35.0,37.0,31.5
VALIDATION,6,2026-08-15 10:00:00+00:00,tt_bsd,34.0,29.0,32.0
VALIDATION,6,2026-08-15 10:00:00+00:00,tt_cawang,24.0,20.0,29.9
VALIDATION,6,2026-08-15 10:00:00+00:00,tt_depok,23.0,26.0,23.6
VALIDATION,6,2026-08-15 10:00:00+00:00,tt_gatsu,45.0,45.0,23.1
VALIDATION,6,2026-08-15 10:00:00+00:00,tt_grogol,32.0,32.0,32.1
VALIDATION,6,2026-08-15 10:00:00+00:00,tt_kebonjeruk,24.0,24.0,21.4
VALIDATION,6,2026-08-15 10:00:00+00:00,tt_kelapagading,21.0,22.0,20.9
VALIDATION,6,2026-08-15 10:00:00+00:00,tt_kuningan,15.0,21.0,15.3
VALIDATION,6,2026-08-15 10:00:00+00:00,tt_sudirman,34.0,38.0,19.4
VALIDATION,6,2026-08-15 10:00:00+00:00,tt_tangerang,48.0,35.0,36.3
VALIDATION,6,2026-08-15 10:00:00+00:00,tt_tbsimatupang,52.0,48.0,34.0
VALIDATION,6,2026-08-15 10:00:00+00:00,tt_thamrin,17.0,19.0,15.5
VALIDATION,6,2026-08-15 12:00:00+00:00,tt_bekasi,12.0,14.0,14.857142857142858
VALIDATION,6,2026-08-15 12:00:00+00:00,tt_bogor,34.0,45.0,34.0
VALIDATION,6,2026-08-15 12:00:00+00:00,tt_bsd,26.0,34.0,32.642857142857146
VALIDATION,6,2026-08-15 12:00:00+00:00,tt_cawang,25.0,20.0,34.142857142857146
VALIDATION,6,2026-08-15 12:00:00+00:00,tt_depok,22.0,25.0,23.857142857142858
VALIDATION,6,2026-08-15 12:00:00+00:00,tt_gatsu,45.0,45.0,24.785714285714285
VALIDATION,6,2026-08-15 12:00:00+00:00,tt_grogol,29.0,40.0,33.07142857142857
VALIDATION,6,2026-08-15 12:00:00+00:00,tt_kebonjeruk,25.0,23.0,23.571428571428573
VALIDATION,6,2026-08-15 12:00:00+00:00,tt_kelapagading,18.0,19.0,20.714285714285715
VALIDATION,6,2026-08-15 12:00:00+00:00,tt_kuningan,15.0,21.0,13.785714285714286
VALIDATION,6,2026-08-15 12:00:00+00:00,tt_sudirman,24.0,31.0,23.714285714285715
VALIDATION,6,2026-08-15 12:00:00+00:00,tt_tangerang,36.0,30.0,43.57142857142857
VALIDATION,6,2026-08-15 12:00:00+00:00,tt_tbsimatupang,56.0,43.0,58.92857142857143
VALIDATION,6,2026-08-15 12:00:00+00:00,tt_thamrin,15.0,14.0,12.785714285714286
VALIDATION,6,2026-08-15 13:00:00+00:00,tt_bekasi,13.0,15.0,17.2
VALIDATION,6,2026-08-15 13:00:00+00:00,tt_bogor,45.0,34.0,40.9
VALIDATION,6,2026-08-15 13:00:00+00:00,tt_bsd,28.0,34.0,31.6
VALIDATION,6,2026-08-15 13:00:00+00:00,tt_cawang,28.0,21.0,40.6
VALIDATION,6,2026-08-15 13:00:00+00:00,tt_depok,22.0,24.0,25.0
VALIDATION,6,2026-08-15 13:00:00+00:00,tt_gatsu,45.0,45.0,43.3
VALIDATION,6,2026-08-15 13:00:00+00:00,tt_grogol,31.0,40.0,37.9
VALIDATION,6,2026-08-15 13:00:00+00:00,tt_kebonjeruk,28.0,22.0,25.3
VALIDATION,6,2026-08-15 13:00:00+00:00,tt_kelapagading,22.0,21.0,24.2
VALIDATION,6,2026-08-15 13:00:00+00:00,tt_kuningan,16.0,21.0,16.2
VALIDATION,6,2026-08-15 13:00:00+00:00,tt_sudirman,33.0,29.0,30.6
VALIDATION,6,2026-08-15 13:00:00+00:00,tt_tangerang,48.0,36.0,46.2
VALIDATION,6,2026-08-15 13:00:00+00:00,tt_tbsimatupang,72.0,37.0,67.6
VALIDATION,6,2026-08-15 13:00:00+00:00,tt_thamrin,12.0,16.0,15.7
VALIDATION,6,2026-08-15 15:00:00+00:00,tt_bekasi,14.0,15.0,18.0
VALIDATION,6,2026-08-15 15:00:00+00:00,tt_bogor,37.0,35.0,43.416666666666664
VALIDATION,6,2026-08-15 15:00:00+00:00,tt_bsd,34.0,34.0,34.0
VALIDATION,6,2026-08-15 15:00:00+00:00,tt_cawang,33.0,21.0,39.75
VALIDATION,6,2026-08-15 15:00:00+00:00,tt_depok,25.0,24.0,30.5
VALIDATION,6,2026-08-15 15:00:00+00:00,tt_gatsu,45.0,45.0,45.0
VALIDATION,6,2026-08-15 15:00:00+00:00,tt_grogol,40.0,34.0,40.0
VALIDATION,6,2026-08-15 15:00:00+00:00,tt_kebonjeruk,30.0,23.0,34.166666666666664
VALIDATION,6,2026-08-15 15:00:00+00:00,tt_kelapagading,26.0,22.0,28.333333333333332
VALIDATION,6,2026-08-15 15:00:00+00:00,tt_kuningan,21.0,21.0,19.666666666666668
VALIDATION,6,2026-08-15 15:00:00+00:00,tt_sudirman,28.0,32.0,35.833333333333336
VALIDATION,6,2026-08-15 15:00:00+00:00,tt_tangerang,48.0,40.0,46.333333333333336
VALIDATION,6,2026-08-15 15:00:00+00:00,tt_tbsimatupang,72.0,46.0,72.0
VALIDATION,6,2026-08-15 15:00:00+00:00,tt_thamrin,10.0,13.0,18.583333333333332
VALIDATION,6,2026-08-15 16:00:00+00:00,tt_bekasi,17.0,14.0,18.0
VALIDATION,6,2026-08-15 16:00:00+00:00,tt_bogor,45.0,35.0,43.44444444444444
VALIDATION,6,2026-08-15 16:00:00+00:00,tt_bsd,34.0,34.0,34.0
VALIDATION,6,2026-08-15 16:00:00+00:00,tt_cawang,43.0,24.0,42.22222222222222
VALIDATION,6,2026-08-15 16:00:00+00:00,tt_depok,31.0,23.0,31.0
VALIDATION,6,2026-08-15 16:00:00+00:00,tt_gatsu,45.0,45.0,45.0
VALIDATION,6,2026-08-15 16:00:00+00:00,tt_grogol,40.0,32.0,40.0
VALIDATION,6,2026-08-15 16:00:00+00:00,tt_kebonjeruk,35.0,24.0,34.333333333333336
VALIDATION,6,2026-08-15 16:00:00+00:00,tt_kelapagading,29.0,21.0,28.555555555555557
VALIDATION,6,2026-08-15 16:00:00+00:00,tt_kuningan,21.0,15.0,20.11111111111111
VALIDATION,6,2026-08-15 16:00:00+00:00,tt_sudirman,38.0,34.0,37.22222222222222
VALIDATION,6,2026-08-15 16:00:00+00:00,tt_tangerang,48.0,48.0,48.0
VALIDATION,6,2026-08-15 16:00:00+00:00,tt_tbsimatupang,72.0,52.0,72.0
VALIDATION,6,2026-08-15 16:00:00+00:00,tt_thamrin,22.0,17.0,20.0
VALIDATION,6,2026-08-15 18:00:00+00:00,tt_bekasi,17.0,12.0,18.0
VALIDATION,6,2026-08-15 18:00:00+00:00,tt_bogor,45.0,34.0,45.0
VALIDATION,6,2026-08-15 18:00:00+00:00,tt_bsd,34.0,26.0,34.0
VALIDATION,6,2026-08-15 18:00:00+00:00,tt_cawang,43.0,25.0,43.0
VALIDATION,6,2026-08-15 18:00:00+00:00,tt_depok,31.0,22.0,31.0
VALIDATION,6,2026-08-15 18:00:00+00:00,tt_gatsu,45.0,45.0,45.0
VALIDATION,6,2026-08-15 18:00:00+00:00,tt_grogol,40.0,29.0,40.0
VALIDATION,6,2026-08-15 18:00:00+00:00,tt_kebonjeruk,35.0,25.0,35.0
VALIDATION,6,2026-08-15 18:00:00+00:00,tt_kelapagading,29.0,18.0,29.0
VALIDATION,6,2026-08-15 18:00:00+00:00,tt_kuningan,21.0,15.0,20.636363636363637
VALIDATION,6,2026-08-15 18:00:00+00:00,tt_sudirman,38.0,24.0,38.0
VALIDATION,6,2026-08-15 18:00:00+00:00,tt_tangerang,48.0,36.0,48.0
VALIDATION,6,2026-08-15 18:00:00+00:00,tt_tbsimatupang,72.0,56.0,72.0
VALIDATION,6,2026-08-15 18:00:00+00:00,tt_thamrin,22.0,15.0,22.0
VALIDATION,6,2026-08-15 20:00:00+00:00,tt_bekasi,17.0,13.0,18.0
VALIDATION,6,2026-08-15 20:00:00+00:00,tt_bogor,45.0,45.0,45.0
VALIDATION,6,2026-08-15 20:00:00+00:00,tt_bsd,34.0,28.0,34.0
VALIDATION,6,2026-08-15 20:00:00+00:00,tt_cawang,43.0,28.0,43.0
VALIDATION,6,2026-08-15 20:00:00+00:00,tt_depok,31.0,22.0,31.0
VALIDATION,6,2026-08-15 20:00:00+00:00,tt_gatsu,45.0,45.0,45.0
VALIDATION,6,2026-08-15 20:00:00+00:00,tt_grogol,40.0,31.0,40.0
VALIDATION,6,2026-08-15 20:00:00+00:00,tt_kebonjeruk,35.0,28.0,35.0
VALIDATION,6,2026-08-15 20:00:00+00:00,tt_kelapagading,29.0,22.0,29.0
VALIDATION,6,2026-08-15 20:00:00+00:00,tt_kuningan,21.0,16.0,21.0
VALIDATION,6,2026-08-15 20:00:00+00:00,tt_sudirman,38.0,33.0,38.0
VALIDATION,6,2026-08-15 20:00:00+00:00,tt_tangerang,48.0,48.0,48.0
VALIDATION,6,2026-08-15 20:00:00+00:00,tt_tbsimatupang,72.0,72.0,72.0
VALIDATION,6,2026-08-15 20:00:00+00:00,tt_thamrin,22.0,12.0,22.0
VALIDATION,6,2026-08-15 21:00:00+00:00,tt_bekasi,18.0,14.0,18.0
VALIDATION,6,2026-08-15 21:00:00+00:00,tt_bogor,45.0,37.0,45.0
VALIDATION,6,2026-08-15 21:00:00+00:00,tt_bsd,34.0,34.0,34.0
VALIDATION,6,2026-08-15 21:00:00+00:00,tt_cawang,43.0,33.0,43.0
VALIDATION,6,2026-08-15 21:00:00+00:00,tt_depok,31.0,25.0,31.0
VALIDATION,6,2026-08-15 21:00:00+00:00,tt_gatsu,45.0,45.0,45.0
VALIDATION,6,2026-08-15 21:00:00+00:00,tt_grogol,40.0,40.0,40.0
VALIDATION,6,2026-08-15 21:00:00+00:00,tt_kebonjeruk,35.0,30.0,35.0
VALIDATION,6,2026-08-15 21:00:00+00:00,tt_kelapagading,29.0,26.0,29.0
VALIDATION,6,2026-08-15 21:00:00+00:00,tt_kuningan,21.0,21.0,21.0
VALIDATION,6,2026-08-15 21:00:00+00:00,tt_sudirman,38.0,28.0,38.0
VALIDATION,6,2026-08-15 21:00:00+00:00,tt_tangerang,48.0,48.0,48.0
VALIDATION,6,2026-08-15 21:00:00+00:00,tt_tbsimatupang,72.0,72.0,72.0
VALIDATION,6,2026-08-15 21:00:00+00:00,tt_thamrin,22.0,10.0,21.8
VALIDATION,6,2026-08-15 23:00:00+00:00,tt_bekasi,18.0,17.0,18.0
VALIDATION,6,2026-08-15 23:00:00+00:00,tt_bogor,45.0,45.0,40.72727272727273
VALIDATION,6,2026-08-15 23:00:00+00:00,tt_bsd,34.0,34.0,34.0
VALIDATION,6,2026-08-15 23:00:00+00:00,tt_cawang,43.0,43.0,27.636363636363637
VALIDATION,6,2026-08-15 23:00:00+00:00,tt_depok,31.0,31.0,30.363636363636363
VALIDATION,6,2026-08-15 23:00:00+00:00,tt_gatsu,45.0,45.0,45.0
VALIDATION,6,2026-08-15 23:00:00+00:00,tt_grogol,40.0,40.0,36.27272727272727
VALIDATION,6,2026-08-15 23:00:00+00:00,tt_kebonjeruk,35.0,35.0,32.09090909090909
VALIDATION,6,2026-08-15 23:00:00+00:00,tt_kelapagading,29.0,29.0,27.181818181818183
VALIDATION,6,2026-08-15 23:00:00+00:00,tt_kuningan,21.0,21.0,21.0
VALIDATION,6,2026-08-15 23:00:00+00:00,tt_sudirman,27.0,38.0,36.54545454545455
VALIDATION,6,2026-08-15 23:00:00+00:00,tt_tangerang,48.0,48.0,47.36363636363637
VALIDATION,6,2026-08-15 23:00:00+00:00,tt_tbsimatupang,72.0,72.0,53.90909090909091
VALIDATION,6,2026-08-15 23:00:00+00:00,tt_thamrin,22.0,22.0,20.181818181818183
VALIDATION,6,2026-08-16 01:00:00+00:00,tt_bekasi,17.0,17.0,17.818181818181817
VALIDATION,6,2026-08-16 01:00:00+00:00,tt_bogor,45.0,45.0,37.18181818181818
VALIDATION,6,2026-08-16 01:00:00+00:00,tt_bsd,34.0,34.0,31.181818181818183
VALIDATION,6,2026-08-16 01:00:00+00:00,tt_cawang,43.0,43.0,23.818181818181817
VALIDATION,6,2026-08-16 01:00:00+00:00,tt_depok,31.0,31.0,28.363636363636363
VALIDATION,6,2026-08-16 01:00:00+00:00,tt_gatsu,45.0,45.0,42.27272727272727
VALIDATION,6,2026-08-16 01:00:00+00:00,tt_grogol,40.0,40.0,34.36363636363637
VALIDATION,6,2026-08-16 01:00:00+00:00,tt_kebonjeruk,35.0,35.0,29.181818181818183
VALIDATION,6,2026-08-16 01:00:00+00:00,tt_kelapagading,29.0,29.0,28.181818181818183
VALIDATION,6,2026-08-16 01:00:00+00:00,tt_kuningan,21.0,21.0,21.0
VALIDATION,6,2026-08-16 01:00:00+00:00,tt_sudirman,19.0,38.0,26.363636363636363
VALIDATION,6,2026-08-16 01:00:00+00:00,tt_tangerang,48.0,48.0,42.45454545454545
VALIDATION,6,2026-08-16 01:00:00+00:00,tt_tbsimatupang,72.0,72.0,35.45454545454545
VALIDATION,6,2026-08-16 01:00:00+00:00,tt_thamrin,13.0,22.0,18.454545454545453
VALIDATION,6,2026-08-16 02:00:00+00:00,tt_bekasi,15.0,17.0,17.692307692307693
VALIDATION,6,2026-08-16 02:00:00+00:00,tt_bogor,45.0,45.0,36.46153846153846
VALIDATION,6,2026-08-16 02:00:00+00:00,tt_bsd,30.0,34.0,32.30769230769231
VALIDATION,6,2026-08-16 02:00:00+00:00,tt_cawang,43.0,43.0,21.0
VALIDATION,6,2026-08-16 02:00:00+00:00,tt_depok,24.0,31.0,29.23076923076923
VALIDATION,6,2026-08-16 02:00:00+00:00,tt_gatsu,45.0,45.0,40.76923076923077
VALIDATION,6,2026-08-16 02:00:00+00:00,tt_grogol,35.0,40.0,31.076923076923077
VALIDATION,6,2026-08-16 02:00:00+00:00,tt_kebonjeruk,35.0,35.0,25.307692307692307
VALIDATION,6,2026-08-16 02:00:00+00:00,tt_kelapagading,24.0,29.0,26.846153846153847
VALIDATION,6,2026-08-16 02:00:00+00:00,tt_kuningan,21.0,21.0,18.23076923076923
VALIDATION,6,2026-08-16 02:00:00+00:00,tt_sudirman,26.0,38.0,25.384615384615383
VALIDATION,6,2026-08-16 02:00:00+00:00,tt_tangerang,48.0,48.0,43.84615384615385
VALIDATION,6,2026-08-16 02:00:00+00:00,tt_tbsimatupang,72.0,72.0,29.923076923076923
VALIDATION,6,2026-08-16 02:00:00+00:00,tt_thamrin,22.0,22.0,17.846153846153847
VALIDATION,6,2026-08-16 04:00:00+00:00,tt_bekasi,15.0,18.0,17.666666666666668
VALIDATION,6,2026-08-16 04:00:00+00:00,tt_bogor,45.0,45.0,39.25
VALIDATION,6,2026-08-16 04:00:00+00:00,tt_bsd,34.0,34.0,32.833333333333336
VALIDATION,6,2026-08-16 04:00:00+00:00,tt_cawang,21.0,43.0,20.25
VALIDATION,6,2026-08-16 04:00:00+00:00,tt_depok,26.0,31.0,26.916666666666668
VALIDATION,6,2026-08-16 04:00:00+00:00,tt_gatsu,45.0,45.0,45.0
VALIDATION,6,2026-08-16 04:00:00+00:00,tt_grogol,40.0,40.0,31.5
VALIDATION,6,2026-08-16 04:00:00+00:00,tt_kebonjeruk,29.0,35.0,25.166666666666668
VALIDATION,6,2026-08-16 04:00:00+00:00,tt_kelapagading,29.0,29.0,22.5
VALIDATION,6,2026-08-16 04:00:00+00:00,tt_kuningan,21.0,21.0,19.166666666666668
VALIDATION,6,2026-08-16 04:00:00+00:00,tt_sudirman,38.0,38.0,31.666666666666668
VALIDATION,6,2026-08-16 04:00:00+00:00,tt_tangerang,48.0,48.0,38.166666666666664
VALIDATION,6,2026-08-16 04:00:00+00:00,tt_tbsimatupang,72.0,72.0,38.5
VALIDATION,6,2026-08-16 04:00:00+00:00,tt_thamrin,17.0,22.0,19.166666666666668
VALIDATION,6,2026-08-16 06:00:00+00:00,tt_bekasi,16.0,18.0,17.083333333333332
VALIDATION,6,2026-08-16 06:00:00+00:00,tt_bogor,45.0,45.0,36.166666666666664
VALIDATION,6,2026-08-16 06:00:00+00:00,tt_bsd,34.0,34.0,33.666666666666664
VALIDATION,6,2026-08-16 06:00:00+00:00,tt_cawang,15.0,43.0,21.333333333333332
VALIDATION,6,2026-08-16 06:00:00+00:00,tt_depok,26.0,31.0,26.25
VALIDATION,6,2026-08-16 06:00:00+00:00,tt_gatsu,45.0,45.0,42.5
VALIDATION,6,2026-08-16 06:00:00+00:00,tt_grogol,40.0,40.0,31.333333333333332
VALIDATION,6,2026-08-16 06:00:00+00:00,tt_kebonjeruk,26.0,35.0,24.083333333333332
VALIDATION,6,2026-08-16 06:00:00+00:00,tt_kelapagading,20.0,29.0,20.083333333333332
VALIDATION,6,2026-08-16 06:00:00+00:00,tt_kuningan,21.0,21.0,19.166666666666668
VALIDATION,6,2026-08-16 06:00:00+00:00,tt_sudirman,27.0,27.0,26.75
VALIDATION,6,2026-08-16 06:00:00+00:00,tt_tangerang,48.0,48.0,38.583333333333336
VALIDATION,6,2026-08-16 06:00:00+00:00,tt_tbsimatupang,72.0,72.0,48.833333333333336
VALIDATION,6,2026-08-16 06:00:00+00:00,tt_thamrin,16.0,22.0,18.75
VALIDATION,6,2026-08-16 07:00:00+00:00,tt_bekasi,15.0,17.0,17.75
VALIDATION,6,2026-08-16 07:00:00+00:00,tt_bogor,45.0,45.0,36.083333333333336
VALIDATION,6,2026-08-16 07:00:00+00:00,tt_bsd,34.0,34.0,31.75
VALIDATION,6,2026-08-16 07:00:00+00:00,tt_cawang,31.0,43.0,28.666666666666668
VALIDATION,6,2026-08-16 07:00:00+00:00,tt_depok,31.0,31.0,26.5
VALIDATION,6,2026-08-16 07:00:00+00:00,tt_gatsu,45.0,45.0,34.5
VALIDATION,6,2026-08-16 07:00:00+00:00,tt_grogol,40.0,40.0,31.666666666666668
VALIDATION,6,2026-08-16 07:00:00+00:00,tt_kebonjeruk,27.0,35.0,22.416666666666668
VALIDATION,6,2026-08-16 07:00:00+00:00,tt_kelapagading,21.0,29.0,21.166666666666668
VALIDATION,6,2026-08-16 07:00:00+00:00,tt_kuningan,21.0,21.0,18.666666666666668
VALIDATION,6,2026-08-16 07:00:00+00:00,tt_sudirman,25.0,19.0,24.583333333333332
VALIDATION,6,2026-08-16 07:00:00+00:00,tt_tangerang,48.0,48.0,43.666666666666664
VALIDATION,6,2026-08-16 07:00:00+00:00,tt_tbsimatupang,72.0,72.0,56.416666666666664
VALIDATION,6,2026-08-16 07:00:00+00:00,tt_thamrin,16.0,13.0,17.0
VALIDATION,6,2026-08-16 09:00:00+00:00,tt_bekasi,15.0,15.0,15.692307692307692
VALIDATION,6,2026-08-16 09:00:00+00:00,tt_bogor,37.0,45.0,33.84615384615385
VALIDATION,6,2026-08-16 09:00:00+00:00,tt_bsd,34.0,30.0,32.69230769230769
VALIDATION,6,2026-08-16 09:00:00+00:00,tt_cawang,43.0,43.0,30.923076923076923
VALIDATION,6,2026-08-16 09:00:00+00:00,tt_depok,24.0,24.0,23.846153846153847
VALIDATION,6,2026-08-16 09:00:00+00:00,tt_gatsu,45.0,45.0,36.0
VALIDATION,6,2026-08-16 09:00:00+00:00,tt_grogol,40.0,35.0,32.15384615384615
VALIDATION,6,2026-08-16 09:00:00+00:00,tt_kebonjeruk,29.0,35.0,22.692307692307693
VALIDATION,6,2026-08-16 09:00:00+00:00,tt_kelapagading,29.0,24.0,21.692307692307693
VALIDATION,6,2026-08-16 09:00:00+00:00,tt_kuningan,21.0,21.0,18.46153846153846
VALIDATION,6,2026-08-16 09:00:00+00:00,tt_sudirman,28.0,26.0,24.0
VALIDATION,6,2026-08-16 09:00:00+00:00,tt_tangerang,48.0,48.0,40.53846153846154
VALIDATION,6,2026-08-16 09:00:00+00:00,tt_tbsimatupang,72.0,72.0,40.46153846153846
VALIDATION,6,2026-08-16 09:00:00+00:00,tt_thamrin,18.0,22.0,17.615384615384617
VALIDATION,6,2026-08-16 10:00:00+00:00,tt_bekasi,15.0,15.0,15.3
VALIDATION,6,2026-08-16 10:00:00+00:00,tt_bogor,34.0,45.0,31.5
VALIDATION,6,2026-08-16 10:00:00+00:00,tt_bsd,34.0,34.0,32.0
VALIDATION,6,2026-08-16 10:00:00+00:00,tt_cawang,30.0,21.0,29.9
VALIDATION,6,2026-08-16 10:00:00+00:00,tt_depok,23.0,26.0,23.6
VALIDATION,6,2026-08-16 10:00:00+00:00,tt_gatsu,45.0,45.0,23.1
VALIDATION,6,2026-08-16 10:00:00+00:00,tt_grogol,40.0,40.0,32.1
VALIDATION,6,2026-08-16 10:00:00+00:00,tt_kebonjeruk,29.0,29.0,21.4
VALIDATION,6,2026-08-16 10:00:00+00:00,tt_kelapagading,23.0,29.0,20.9
VALIDATION,6,2026-08-16 10:00:00+00:00,tt_kuningan,21.0,21.0,15.3
VALIDATION,6,2026-08-16 10:00:00+00:00,tt_sudirman,29.0,38.0,19.4
VALIDATION,6,2026-08-16 10:00:00+00:00,tt_tangerang,48.0,48.0,36.3
VALIDATION,6,2026-08-16 10:00:00+00:00,tt_tbsimatupang,72.0,72.0,34.0
VALIDATION,6,2026-08-16 10:00:00+00:00,tt_thamrin,18.0,17.0,15.5
VALIDATION,6,2026-08-16 12:00:00+00:00,tt_bekasi,11.0,16.0,14.857142857142858
VALIDATION,6,2026-08-16 12:00:00+00:00,tt_bogor,36.0,45.0,34.0
VALIDATION,6,2026-08-16 12:00:00+00:00,tt_bsd,34.0,34.0,32.642857142857146
VALIDATION,6,2026-08-16 12:00:00+00:00,tt_cawang,24.0,15.0,34.142857142857146
VALIDATION,6,2026-08-16 12:00:00+00:00,tt_depok,24.0,26.0,23.857142857142858
VALIDATION,6,2026-08-16 12:00:00+00:00,tt_gatsu,45.0,45.0,24.785714285714285
VALIDATION,6,2026-08-16 12:00:00+00:00,tt_grogol,40.0,40.0,33.07142857142857
VALIDATION,6,2026-08-16 12:00:00+00:00,tt_kebonjeruk,28.0,26.0,23.571428571428573
VALIDATION,6,2026-08-16 12:00:00+00:00,tt_kelapagading,19.0,20.0,20.714285714285715
VALIDATION,6,2026-08-16 12:00:00+00:00,tt_kuningan,21.0,21.0,13.785714285714286
VALIDATION,6,2026-08-16 12:00:00+00:00,tt_sudirman,27.0,27.0,23.714285714285715
VALIDATION,6,2026-08-16 12:00:00+00:00,tt_tangerang,48.0,48.0,43.57142857142857
VALIDATION,6,2026-08-16 12:00:00+00:00,tt_tbsimatupang,72.0,72.0,58.92857142857143
VALIDATION,6,2026-08-16 12:00:00+00:00,tt_thamrin,13.0,16.0,12.785714285714286
VALIDATION,6,2026-08-16 14:00:00+00:00,tt_bekasi,14.0,15.0,17.23076923076923
VALIDATION,6,2026-08-16 14:00:00+00:00,tt_bogor,38.0,45.0,39.30769230769231
VALIDATION,6,2026-08-16 14:00:00+00:00,tt_bsd,34.0,34.0,33.23076923076923
VALIDATION,6,2026-08-16 14:00:00+00:00,tt_cawang,43.0,31.0,39.53846153846154
VALIDATION,6,2026-08-16 14:00:00+00:00,tt_depok,24.0,31.0,27.0
VALIDATION,6,2026-08-16 14:00:00+00:00,tt_gatsu,45.0,45.0,45.0
VALIDATION,6,2026-08-16 14:00:00+00:00,tt_grogol,40.0,40.0,38.30769230769231
VALIDATION,6,2026-08-16 14:00:00+00:00,tt_kebonjeruk,35.0,27.0,28.692307692307693
VALIDATION,6,2026-08-16 14:00:00+00:00,tt_kelapagading,22.0,21.0,25.615384615384617
VALIDATION,6,2026-08-16 14:00:00+00:00,tt_kuningan,21.0,21.0,18.23076923076923
VALIDATION,6,2026-08-16 14:00:00+00:00,tt_sudirman,30.0,25.0,31.153846153846153
VALIDATION,6,2026-08-16 14:00:00+00:00,tt_tangerang,48.0,48.0,48.0
VALIDATION,6,2026-08-16 14:00:00+00:00,tt_tbsimatupang,72.0,72.0,68.23076923076923
VALIDATION,6,2026-08-16 14:00:00+00:00,tt_thamrin,15.0,16.0,17.846153846153847
VALIDATION,6,2026-08-16 15:00:00+00:00,tt_bekasi,16.0,15.0,18.0
VALIDATION,6,2026-08-16 15:00:00+00:00,tt_bogor,45.0,37.0,43.416666666666664
VALIDATION,6,2026-08-16 15:00:00+00:00,tt_bsd,34.0,34.0,34.0
VALIDATION,6,2026-08-16 15:00:00+00:00,tt_cawang,43.0,43.0,39.75
VALIDATION,6,2026-08-16 15:00:00+00:00,tt_depok,31.0,24.0,30.5
VALIDATION,6,2026-08-16 15:00:00+00:00,tt_gatsu,45.0,45.0,45.0
VALIDATION,6,2026-08-16 15:00:00+00:00,tt_grogol,40.0,40.0,40.0
VALIDATION,6,2026-08-16 15:00:00+00:00,tt_kebonjeruk,35.0,29.0,34.166666666666664
VALIDATION,6,2026-08-16 15:00:00+00:00,tt_kelapagading,29.0,29.0,28.333333333333332
VALIDATION,6,2026-08-16 15:00:00+00:00,tt_kuningan,21.0,21.0,19.666666666666668
VALIDATION,6,2026-08-16 15:00:00+00:00,tt_sudirman,38.0,28.0,35.833333333333336
VALIDATION,6,2026-08-16 15:00:00+00:00,tt_tangerang,48.0,48.0,46.333333333333336
VALIDATION,6,2026-08-16 15:00:00+00:00,tt_tbsimatupang,72.0,72.0,72.0
VALIDATION,6,2026-08-16 15:00:00+00:00,tt_thamrin,19.0,18.0,18.583333333333332
VALIDATION,6,2026-08-16 17:00:00+00:00,tt_bekasi,17.0,15.0,18.0
VALIDATION,6,2026-08-16 17:00:00+00:00,tt_bogor,45.0,34.0,44.27272727272727
VALIDATION,6,2026-08-16 17:00:00+00:00,tt_bsd,34.0,34.0,33.63636363636363
VALIDATION,6,2026-08-16 17:00:00+00:00,tt_cawang,43.0,30.0,43.0
VALIDATION,6,2026-08-16 17:00:00+00:00,tt_depok,31.0,23.0,31.0
VALIDATION,6,2026-08-16 17:00:00+00:00,tt_gatsu,45.0,45.0,45.0
VALIDATION,6,2026-08-16 17:00:00+00:00,tt_grogol,40.0,40.0,39.45454545454545
VALIDATION,6,2026-08-16 17:00:00+00:00,tt_kebonjeruk,35.0,29.0,35.0
VALIDATION,6,2026-08-16 17:00:00+00:00,tt_kelapagading,29.0,23.0,29.0
VALIDATION,6,2026-08-16 17:00:00+00:00,tt_kuningan,21.0,21.0,21.0
VALIDATION,6,2026-08-16 17:00:00+00:00,tt_sudirman,38.0,29.0,38.0
VALIDATION,6,2026-08-16 17:00:00+00:00,tt_tangerang,48.0,48.0,48.0
VALIDATION,6,2026-08-16 17:00:00+00:00,tt_tbsimatupang,72.0,72.0,72.0
VALIDATION,6,2026-08-16 17:00:00+00:00,tt_thamrin,22.0,18.0,22.0
VALIDATION,6,2026-08-16 19:00:00+00:00,tt_bekasi,17.0,11.0,18.0
VALIDATION,6,2026-08-16 19:00:00+00:00,tt_bogor,45.0,36.0,44.72727272727273
VALIDATION,6,2026-08-16 19:00:00+00:00,tt_bsd,34.0,34.0,34.0
VALIDATION,6,2026-08-16 19:00:00+00:00,tt_cawang,43.0,24.0,43.0
VALIDATION,6,2026-08-16 19:00:00+00:00,tt_depok,31.0,24.0,31.0
VALIDATION,6,2026-08-16 19:00:00+00:00,tt_gatsu,45.0,45.0,45.0
VALIDATION,6,2026-08-16 19:00:00+00:00,tt_grogol,40.0,40.0,40.0
VALIDATION,6,2026-08-16 19:00:00+00:00,tt_kebonjeruk,35.0,28.0,35.0
VALIDATION,6,2026-08-16 19:00:00+00:00,tt_kelapagading,29.0,19.0,29.0
VALIDATION,6,2026-08-16 19:00:00+00:00,tt_kuningan,21.0,21.0,21.0
VALIDATION,6,2026-08-16 19:00:00+00:00,tt_sudirman,38.0,27.0,38.0
VALIDATION,6,2026-08-16 19:00:00+00:00,tt_tangerang,48.0,48.0,48.0
VALIDATION,6,2026-08-16 19:00:00+00:00,tt_tbsimatupang,72.0,72.0,72.0
VALIDATION,6,2026-08-16 19:00:00+00:00,tt_thamrin,22.0,13.0,22.0
VALIDATION,6,2026-08-16 20:00:00+00:00,tt_bekasi,17.0,14.0,18.0
VALIDATION,6,2026-08-16 20:00:00+00:00,tt_bogor,45.0,38.0,45.0
VALIDATION,6,2026-08-16 20:00:00+00:00,tt_bsd,34.0,34.0,34.0
VALIDATION,6,2026-08-16 20:00:00+00:00,tt_cawang,43.0,43.0,43.0
VALIDATION,6,2026-08-16 20:00:00+00:00,tt_depok,31.0,24.0,31.0
VALIDATION,6,2026-08-16 20:00:00+00:00,tt_gatsu,45.0,45.0,45.0
VALIDATION,6,2026-08-16 20:00:00+00:00,tt_grogol,40.0,40.0,40.0
VALIDATION,6,2026-08-16 20:00:00+00:00,tt_kebonjeruk,35.0,35.0,35.0
VALIDATION,6,2026-08-16 20:00:00+00:00,tt_kelapagading,29.0,22.0,29.0
VALIDATION,6,2026-08-16 20:00:00+00:00,tt_kuningan,21.0,21.0,21.0
VALIDATION,6,2026-08-16 20:00:00+00:00,tt_sudirman,38.0,30.0,38.0
VALIDATION,6,2026-08-16 20:00:00+00:00,tt_tangerang,48.0,48.0,48.0
VALIDATION,6,2026-08-16 20:00:00+00:00,tt_tbsimatupang,72.0,72.0,72.0
VALIDATION,6,2026-08-16 20:00:00+00:00,tt_thamrin,22.0,15.0,22.0
VALIDATION,6,2026-08-16 22:00:00+00:00,tt_bekasi,18.0,16.0,18.0
VALIDATION,6,2026-08-16 22:00:00+00:00,tt_bogor,45.0,45.0,45.0
VALIDATION,6,2026-08-16 22:00:00+00:00,tt_bsd,34.0,34.0,33.6
VALIDATION,6,2026-08-16 22:00:00+00:00,tt_cawang,43.0,43.0,40.9
VALIDATION,6,2026-08-16 22:00:00+00:00,tt_depok,31.0,31.0,31.0
VALIDATION,6,2026-08-16 22:00:00+00:00,tt_gatsu,45.0,45.0,45.0
VALIDATION,6,2026-08-16 22:00:00+00:00,tt_grogol,40.0,40.0,40.0
VALIDATION,6,2026-08-16 22:00:00+00:00,tt_kebonjeruk,35.0,35.0,35.0
VALIDATION,6,2026-08-16 22:00:00+00:00,tt_kelapagading,29.0,29.0,29.0
VALIDATION,6,2026-08-16 22:00:00+00:00,tt_kuningan,21.0,21.0,21.0
VALIDATION,6,2026-08-16 22:00:00+00:00,tt_sudirman,38.0,38.0,38.0
VALIDATION,6,2026-08-16 22:00:00+00:00,tt_tangerang,48.0,48.0,48.0
VALIDATION,6,2026-08-16 22:00:00+00:00,tt_tbsimatupang,72.0,72.0,72.0
VALIDATION,6,2026-08-16 22:00:00+00:00,tt_thamrin,22.0,19.0,22.0
VALIDATION,6,2026-08-16 23:00:00+00:00,tt_bekasi,17.0,17.0,18.0
VALIDATION,6,2026-08-16 23:00:00+00:00,tt_bogor,45.0,45.0,40.72727272727273
VALIDATION,6,2026-08-16 23:00:00+00:00,tt_bsd,34.0,34.0,34.0
VALIDATION,6,2026-08-16 23:00:00+00:00,tt_cawang,30.0,43.0,27.636363636363637
VALIDATION,6,2026-08-16 23:00:00+00:00,tt_depok,31.0,31.0,30.363636363636363
VALIDATION,6,2026-08-16 23:00:00+00:00,tt_gatsu,45.0,45.0,45.0
VALIDATION,6,2026-08-16 23:00:00+00:00,tt_grogol,40.0,40.0,36.27272727272727
VALIDATION,6,2026-08-16 23:00:00+00:00,tt_kebonjeruk,35.0,35.0,32.09090909090909
VALIDATION,6,2026-08-16 23:00:00+00:00,tt_kelapagading,29.0,29.0,27.181818181818183
VALIDATION,6,2026-08-16 23:00:00+00:00,tt_kuningan,21.0,21.0,21.0
VALIDATION,6,2026-08-16 23:00:00+00:00,tt_sudirman,38.0,38.0,36.54545454545455
VALIDATION,6,2026-08-16 23:00:00+00:00,tt_tangerang,48.0,48.0,47.36363636363637
VALIDATION,6,2026-08-16 23:00:00+00:00,tt_tbsimatupang,72.0,72.0,53.90909090909091
VALIDATION,6,2026-08-16 23:00:00+00:00,tt_thamrin,17.0,22.0,20.181818181818183
VALIDATION,6,2026-08-17 01:00:00+00:00,tt_bekasi,16.0,17.0,17.818181818181817
VALIDATION,6,2026-08-17 01:00:00+00:00,tt_bogor,37.0,45.0,37.18181818181818
VALIDATION,6,2026-08-17 01:00:00+00:00,tt_bsd,34.0,34.0,31.181818181818183
VALIDATION,6,2026-08-17 01:00:00+00:00,tt_cawang,43.0,43.0,23.818181818181817
VALIDATION,6,2026-08-17 01:00:00+00:00,tt_depok,31.0,31.0,28.363636363636363
VALIDATION,6,2026-08-17 01:00:00+00:00,tt_gatsu,45.0,45.0,42.27272727272727
VALIDATION,6,2026-08-17 01:00:00+00:00,tt_grogol,40.0,40.0,34.36363636363637
VALIDATION,6,2026-08-17 01:00:00+00:00,tt_kebonjeruk,35.0,35.0,29.181818181818183
VALIDATION,6,2026-08-17 01:00:00+00:00,tt_kelapagading,29.0,29.0,28.181818181818183
VALIDATION,6,2026-08-17 01:00:00+00:00,tt_kuningan,21.0,21.0,21.0
VALIDATION,6,2026-08-17 01:00:00+00:00,tt_sudirman,38.0,38.0,26.363636363636363
VALIDATION,6,2026-08-17 01:00:00+00:00,tt_tangerang,48.0,48.0,42.45454545454545
VALIDATION,6,2026-08-17 01:00:00+00:00,tt_tbsimatupang,72.0,72.0,35.45454545454545
VALIDATION,6,2026-08-17 01:00:00+00:00,tt_thamrin,22.0,22.0,18.454545454545453
VALIDATION,6,2026-08-17 03:00:00+00:00,tt_bekasi,16.0,17.0,17.727272727272727
VALIDATION,6,2026-08-17 03:00:00+00:00,tt_bogor,45.0,45.0,37.90909090909091
VALIDATION,6,2026-08-17 03:00:00+00:00,tt_bsd,34.0,34.0,32.0
VALIDATION,6,2026-08-17 03:00:00+00:00,tt_cawang,43.0,43.0,21.818181818181817
VALIDATION,6,2026-08-17 03:00:00+00:00,tt_depok,31.0,31.0,26.545454545454547
VALIDATION,6,2026-08-17 03:00:00+00:00,tt_gatsu,45.0,45.0,43.90909090909091
VALIDATION,6,2026-08-17 03:00:00+00:00,tt_grogol,40.0,40.0,31.272727272727273
VALIDATION,6,2026-08-17 03:00:00+00:00,tt_kebonjeruk,35.0,35.0,25.0
VALIDATION,6,2026-08-17 03:00:00+00:00,tt_kelapagading,29.0,29.0,24.636363636363637
VALIDATION,6,2026-08-17 03:00:00+00:00,tt_kuningan,21.0,21.0,18.545454545454547
VALIDATION,6,2026-08-17 03:00:00+00:00,tt_sudirman,38.0,38.0,32.27272727272727
VALIDATION,6,2026-08-17 03:00:00+00:00,tt_tangerang,48.0,48.0,39.54545454545455
VALIDATION,6,2026-08-17 03:00:00+00:00,tt_tbsimatupang,72.0,72.0,37.45454545454545
VALIDATION,6,2026-08-17 03:00:00+00:00,tt_thamrin,19.0,22.0,18.90909090909091
VALIDATION,6,2026-08-17 04:00:00+00:00,tt_bekasi,15.0,18.0,17.666666666666668
VALIDATION,6,2026-08-17 04:00:00+00:00,tt_bogor,45.0,45.0,39.25
VALIDATION,6,2026-08-17 04:00:00+00:00,tt_bsd,34.0,34.0,32.833333333333336
VALIDATION,6,2026-08-17 04:00:00+00:00,tt_cawang,43.0,43.0,20.25
VALIDATION,6,2026-08-17 04:00:00+00:00,tt_depok,31.0,31.0,26.916666666666668
VALIDATION,6,2026-08-17 04:00:00+00:00,tt_gatsu,45.0,45.0,45.0
VALIDATION,6,2026-08-17 04:00:00+00:00,tt_grogol,36.0,40.0,31.5
VALIDATION,6,2026-08-17 04:00:00+00:00,tt_kebonjeruk,35.0,35.0,25.166666666666668
VALIDATION,6,2026-08-17 04:00:00+00:00,tt_kelapagading,29.0,29.0,22.5
VALIDATION,6,2026-08-17 04:00:00+00:00,tt_kuningan,21.0,21.0,19.166666666666668
VALIDATION,6,2026-08-17 04:00:00+00:00,tt_sudirman,38.0,38.0,31.666666666666668
VALIDATION,6,2026-08-17 04:00:00+00:00,tt_tangerang,48.0,48.0,38.166666666666664
VALIDATION,6,2026-08-17 04:00:00+00:00,tt_tbsimatupang,72.0,72.0,38.5
VALIDATION,6,2026-08-17 04:00:00+00:00,tt_thamrin,22.0,22.0,19.166666666666668
VALIDATION,6,2026-08-17 06:00:00+00:00,tt_bekasi,16.0,17.0,17.083333333333332
VALIDATION,6,2026-08-17 06:00:00+00:00,tt_bogor,45.0,45.0,36.166666666666664
VALIDATION,6,2026-08-17 06:00:00+00:00,tt_bsd,34.0,34.0,33.666666666666664
VALIDATION,6,2026-08-17 06:00:00+00:00,tt_cawang,25.0,30.0,21.333333333333332
VALIDATION,6,2026-08-17 06:00:00+00:00,tt_depok,31.0,31.0,26.25
VALIDATION,6,2026-08-17 06:00:00+00:00,tt_gatsu,45.0,45.0,42.5
VALIDATION,6,2026-08-17 06:00:00+00:00,tt_grogol,34.0,40.0,31.333333333333332
VALIDATION,6,2026-08-17 06:00:00+00:00,tt_kebonjeruk,29.0,35.0,24.083333333333332
VALIDATION,6,2026-08-17 06:00:00+00:00,tt_kelapagading,24.0,29.0,20.083333333333332
VALIDATION,6,2026-08-17 06:00:00+00:00,tt_kuningan,21.0,21.0,19.166666666666668
VALIDATION,6,2026-08-17 06:00:00+00:00,tt_sudirman,38.0,38.0,26.75
VALIDATION,6,2026-08-17 06:00:00+00:00,tt_tangerang,48.0,48.0,38.583333333333336
VALIDATION,6,2026-08-17 06:00:00+00:00,tt_tbsimatupang,72.0,72.0,48.833333333333336
VALIDATION,6,2026-08-17 06:00:00+00:00,tt_thamrin,18.0,17.0,18.75
VALIDATION,6,2026-08-17 08:00:00+00:00,tt_bekasi,14.0,16.0,15.923076923076923
VALIDATION,6,2026-08-17 08:00:00+00:00,tt_bogor,38.0,37.0,34.61538461538461
VALIDATION,6,2026-08-17 08:00:00+00:00,tt_bsd,34.0,34.0,32.07692307692308
VALIDATION,6,2026-08-17 08:00:00+00:00,tt_cawang,43.0,43.0,35.15384615384615
VALIDATION,6,2026-08-17 08:00:00+00:00,tt_depok,31.0,31.0,27.384615384615383
VALIDATION,6,2026-08-17 08:00:00+00:00,tt_gatsu,45.0,45.0,30.46153846153846
VALIDATION,6,2026-08-17 08:00:00+00:00,tt_grogol,40.0,40.0,31.384615384615383
VALIDATION,6,2026-08-17 08:00:00+00:00,tt_kebonjeruk,35.0,35.0,21.923076923076923
VALIDATION,6,2026-08-17 08:00:00+00:00,tt_kelapagading,29.0,29.0,20.923076923076923
VALIDATION,6,2026-08-17 08:00:00+00:00,tt_kuningan,21.0,21.0,19.53846153846154
VALIDATION,6,2026-08-17 08:00:00+00:00,tt_sudirman,38.0,38.0,22.846153846153847
VALIDATION,6,2026-08-17 08:00:00+00:00,tt_tangerang,48.0,48.0,37.61538461538461
VALIDATION,6,2026-08-17 08:00:00+00:00,tt_tbsimatupang,72.0,72.0,43.0
VALIDATION,6,2026-08-17 08:00:00+00:00,tt_thamrin,13.0,22.0,15.461538461538462
VALIDATION,6,2026-08-17 09:00:00+00:00,tt_bekasi,15.0,16.0,15.692307692307692
VALIDATION,6,2026-08-17 09:00:00+00:00,tt_bogor,39.0,45.0,33.84615384615385
VALIDATION,6,2026-08-17 09:00:00+00:00,tt_bsd,34.0,34.0,32.69230769230769
VALIDATION,6,2026-08-17 09:00:00+00:00,tt_cawang,23.0,43.0,30.923076923076923
VALIDATION,6,2026-08-17 09:00:00+00:00,tt_depok,25.0,31.0,23.846153846153847
VALIDATION,6,2026-08-17 09:00:00+00:00,tt_gatsu,45.0,45.0,36.0
VALIDATION,6,2026-08-17 09:00:00+00:00,tt_grogol,33.0,40.0,32.15384615384615
VALIDATION,6,2026-08-17 09:00:00+00:00,tt_kebonjeruk,30.0,35.0,22.692307692307693
VALIDATION,6,2026-08-17 09:00:00+00:00,tt_kelapagading,29.0,29.0,21.692307692307693
VALIDATION,6,2026-08-17 09:00:00+00:00,tt_kuningan,21.0,21.0,18.46153846153846
VALIDATION,6,2026-08-17 09:00:00+00:00,tt_sudirman,31.0,38.0,24.0
VALIDATION,6,2026-08-17 09:00:00+00:00,tt_tangerang,48.0,48.0,40.53846153846154
VALIDATION,6,2026-08-17 09:00:00+00:00,tt_tbsimatupang,72.0,72.0,40.46153846153846
VALIDATION,6,2026-08-17 09:00:00+00:00,tt_thamrin,17.0,19.0,17.615384615384617
VALIDATION,6,2026-08-17 11:00:00+00:00,tt_bekasi,15.0,15.0,14.692307692307692
VALIDATION,6,2026-08-17 11:00:00+00:00,tt_bogor,45.0,45.0,33.07692307692308
VALIDATION,6,2026-08-17 11:00:00+00:00,tt_bsd,30.0,34.0,32.07692307692308
VALIDATION,6,2026-08-17 11:00:00+00:00,tt_cawang,43.0,43.0,29.23076923076923
VALIDATION,6,2026-08-17 11:00:00+00:00,tt_depok,24.0,31.0,24.846153846153847
VALIDATION,6,2026-08-17 11:00:00+00:00,tt_gatsu,45.0,45.0,16.615384615384617
VALIDATION,6,2026-08-17 11:00:00+00:00,tt_grogol,33.0,36.0,32.69230769230769
VALIDATION,6,2026-08-17 11:00:00+00:00,tt_kebonjeruk,30.0,35.0,21.923076923076923
VALIDATION,6,2026-08-17 11:00:00+00:00,tt_kelapagading,23.0,29.0,20.076923076923077
VALIDATION,6,2026-08-17 11:00:00+00:00,tt_kuningan,16.0,21.0,15.153846153846153
VALIDATION,6,2026-08-17 11:00:00+00:00,tt_sudirman,32.0,38.0,18.53846153846154
VALIDATION,6,2026-08-17 11:00:00+00:00,tt_tangerang,48.0,48.0,38.0
VALIDATION,6,2026-08-17 11:00:00+00:00,tt_tbsimatupang,72.0,72.0,39.92307692307692
VALIDATION,6,2026-08-17 11:00:00+00:00,tt_thamrin,13.0,22.0,13.0
TEST,1,2026-08-18 02:00:00+00:00,tt_bekasi,16.0,16.0,17.692307692307693
TEST,1,2026-08-18 02:00:00+00:00,tt_bogor,36.0,34.0,36.46153846153846
TEST,1,2026-08-18 02:00:00+00:00,tt_bsd,34.0,34.0,32.30769230769231
TEST,1,2026-08-18 02:00:00+00:00,tt_cawang,21.0,19.0,21.0
TEST,1,2026-08-18 02:00:00+00:00,tt_depok,31.0,27.0,29.23076923076923
TEST,1,2026-08-18 02:00:00+00:00,tt_gatsu,33.0,45.0,40.76923076923077
TEST,1,2026-08-18 02:00:00+00:00,tt_grogol,26.0,24.0,31.076923076923077
TEST,1,2026-08-18 02:00:00+00:00,tt_kebonjeruk,26.0,27.0,25.307692307692307
TEST,1,2026-08-18 02:00:00+00:00,tt_kelapagading,29.0,29.0,26.846153846153847
TEST,1,2026-08-18 02:00:00+00:00,tt_kuningan,21.0,21.0,18.23076923076923
TEST,1,2026-08-18 02:00:00+00:00,tt_sudirman,23.0,33.0,25.384615384615383
TEST,1,2026-08-18 02:00:00+00:00,tt_tangerang,48.0,38.0,43.84615384615385
TEST,1,2026-08-18 02:00:00+00:00,tt_tbsimatupang,16.0,31.0,29.923076923076923
TEST,1,2026-08-18 02:00:00+00:00,tt_thamrin,17.0,19.0,17.846153846153847
TEST,1,2026-08-18 04:00:00+00:00,tt_bekasi,15.0,16.0,17.666666666666668
TEST,1,2026-08-18 04:00:00+00:00,tt_bogor,33.0,36.0,39.25
TEST,1,2026-08-18 04:00:00+00:00,tt_bsd,28.0,34.0,32.833333333333336
TEST,1,2026-08-18 04:00:00+00:00,tt_cawang,22.0,21.0,20.25
TEST,1,2026-08-18 04:00:00+00:00,tt_depok,31.0,31.0,26.916666666666668
TEST,1,2026-08-18 04:00:00+00:00,tt_gatsu,32.0,33.0,45.0
TEST,1,2026-08-18 04:00:00+00:00,tt_grogol,27.0,26.0,31.5
TEST,1,2026-08-18 04:00:00+00:00,tt_kebonjeruk,25.0,26.0,25.166666666666668
TEST,1,2026-08-18 04:00:00+00:00,tt_kelapagading,29.0,29.0,22.5
TEST,1,2026-08-18 04:00:00+00:00,tt_kuningan,16.0,21.0,19.166666666666668
TEST,1,2026-08-18 04:00:00+00:00,tt_sudirman,24.0,23.0,31.666666666666668
TEST,1,2026-08-18 04:00:00+00:00,tt_tangerang,36.0,48.0,38.166666666666664
TEST,1,2026-08-18 04:00:00+00:00,tt_tbsimatupang,55.0,16.0,38.5
TEST,1,2026-08-18 04:00:00+00:00,tt_thamrin,18.0,17.0,19.166666666666668
TEST,1,2026-08-18 05:00:00+00:00,tt_bekasi,15.0,15.0,18.0
TEST,1,2026-08-18 05:00:00+00:00,tt_bogor,38.0,33.0,39.6
TEST,1,2026-08-18 05:00:00+00:00,tt_bsd,28.0,28.0,32.4
TEST,1,2026-08-18 05:00:00+00:00,tt_cawang,28.0,22.0,23.3
TEST,1,2026-08-18 05:00:00+00:00,tt_depok,26.0,31.0,28.2
TEST,1,2026-08-18 05:00:00+00:00,tt_gatsu,45.0,32.0,45.0
TEST,1,2026-08-18 05:00:00+00:00,tt_grogol,36.0,27.0,32.0
TEST,1,2026-08-18 05:00:00+00:00,tt_kebonjeruk,22.0,25.0,25.2
TEST,1,2026-08-18 05:00:00+00:00,tt_kelapagading,22.0,29.0,21.4
TEST,1,2026-08-18 05:00:00+00:00,tt_kuningan,21.0,16.0,18.2
TEST,1,2026-08-18 05:00:00+00:00,tt_sudirman,31.0,24.0,28.4
TEST,1,2026-08-18 05:00:00+00:00,tt_tangerang,41.0,36.0,39.6
TEST,1,2026-08-18 05:00:00+00:00,tt_tbsimatupang,51.0,55.0,45.0
TEST,1,2026-08-18 05:00:00+00:00,tt_thamrin,20.0,18.0,18.9
TEST,1,2026-08-18 07:00:00+00:00,tt_bekasi,15.0,15.0,17.75
TEST,1,2026-08-18 07:00:00+00:00,tt_bogor,34.0,38.0,36.083333333333336
TEST,1,2026-08-18 07:00:00+00:00,tt_bsd,30.0,28.0,31.75
TEST,1,2026-08-18 07:00:00+00:00,tt_cawang,43.0,28.0,28.666666666666668
TEST,1,2026-08-18 07:00:00+00:00,tt_depok,31.0,26.0,26.5
TEST,1,2026-08-18 07:00:00+00:00,tt_gatsu,45.0,45.0,34.5
TEST,1,2026-08-18 07:00:00+00:00,tt_grogol,32.0,36.0,31.666666666666668
TEST,1,2026-08-18 07:00:00+00:00,tt_kebonjeruk,25.0,22.0,22.416666666666668
TEST,1,2026-08-18 07:00:00+00:00,tt_kelapagading,22.0,22.0,21.166666666666668
TEST,1,2026-08-18 07:00:00+00:00,tt_kuningan,15.0,21.0,18.666666666666668
TEST,1,2026-08-18 07:00:00+00:00,tt_sudirman,28.0,31.0,24.583333333333332
TEST,1,2026-08-18 07:00:00+00:00,tt_tangerang,38.0,41.0,43.666666666666664
TEST,1,2026-08-18 07:00:00+00:00,tt_tbsimatupang,57.0,51.0,56.416666666666664
TEST,1,2026-08-18 07:00:00+00:00,tt_thamrin,22.0,20.0,17.0
TEST,1,2026-08-18 09:00:00+00:00,tt_bekasi,14.0,15.0,15.692307692307692
TEST,1,2026-08-18 09:00:00+00:00,tt_bogor,35.0,34.0,33.84615384615385
TEST,1,2026-08-18 09:00:00+00:00,tt_bsd,28.0,30.0,32.69230769230769
TEST,1,2026-08-18 09:00:00+00:00,tt_cawang,29.0,43.0,30.923076923076923
TEST,1,2026-08-18 09:00:00+00:00,tt_depok,24.0,31.0,23.846153846153847
TEST,1,2026-08-18 09:00:00+00:00,tt_gatsu,45.0,45.0,36.0
TEST,1,2026-08-18 09:00:00+00:00,tt_grogol,32.0,32.0,32.15384615384615
TEST,1,2026-08-18 09:00:00+00:00,tt_kebonjeruk,23.0,25.0,22.692307692307693
TEST,1,2026-08-18 09:00:00+00:00,tt_kelapagading,23.0,22.0,21.692307692307693
TEST,1,2026-08-18 09:00:00+00:00,tt_kuningan,21.0,15.0,18.46153846153846
TEST,1,2026-08-18 09:00:00+00:00,tt_sudirman,31.0,28.0,24.0
TEST,1,2026-08-18 09:00:00+00:00,tt_tangerang,38.0,38.0,40.53846153846154
TEST,1,2026-08-18 09:00:00+00:00,tt_tbsimatupang,43.0,57.0,40.46153846153846
TEST,1,2026-08-18 09:00:00+00:00,tt_thamrin,22.0,22.0,17.615384615384617
TEST,1,2026-08-18 10:00:00+00:00,tt_bekasi,14.0,14.0,15.3
TEST,1,2026-08-18 10:00:00+00:00,tt_bogor,35.0,35.0,31.5
TEST,1,2026-08-18 10:00:00+00:00,tt_bsd,34.0,28.0,32.0
TEST,1,2026-08-18 10:00:00+00:00,tt_cawang,30.0,29.0,29.9
TEST,1,2026-08-18 10:00:00+00:00,tt_depok,25.0,24.0,23.6
TEST,1,2026-08-18 10:00:00+00:00,tt_gatsu,4.0,45.0,23.1
TEST,1,2026-08-18 10:00:00+00:00,tt_grogol,31.0,32.0,32.1
TEST,1,2026-08-18 10:00:00+00:00,tt_kebonjeruk,21.0,23.0,21.4
TEST,1,2026-08-18 10:00:00+00:00,tt_kelapagading,21.0,23.0,20.9
TEST,1,2026-08-18 10:00:00+00:00,tt_kuningan,14.0,21.0,15.3
TEST,1,2026-08-18 10:00:00+00:00,tt_sudirman,23.0,31.0,19.4
TEST,1,2026-08-18 10:00:00+00:00,tt_tangerang,34.0,38.0,36.3
TEST,1,2026-08-18 10:00:00+00:00,tt_tbsimatupang,44.0,43.0,34.0
TEST,1,2026-08-18 10:00:00+00:00,tt_thamrin,22.0,22.0,15.5
TEST,1,2026-08-18 12:00:00+00:00,tt_bekasi,14.0,14.0,14.857142857142858
TEST,1,2026-08-18 12:00:00+00:00,tt_bogor,35.0,35.0,34.0
TEST,1,2026-08-18 12:00:00+00:00,tt_bsd,34.0,34.0,32.642857142857146
TEST,1,2026-08-18 12:00:00+00:00,tt_cawang,34.0,30.0,34.142857142857146
TEST,1,2026-08-18 12:00:00+00:00,tt_depok,26.0,25.0,23.857142857142858
TEST,1,2026-08-18 12:00:00+00:00,tt_gatsu,45.0,4.0,24.785714285714285
TEST,1,2026-08-18 12:00:00+00:00,tt_grogol,32.0,31.0,33.07142857142857
TEST,1,2026-08-18 12:00:00+00:00,tt_kebonjeruk,25.0,21.0,23.571428571428573
TEST,1,2026-08-18 12:00:00+00:00,tt_kelapagading,22.0,21.0,20.714285714285715
TEST,1,2026-08-18 12:00:00+00:00,tt_kuningan,13.0,14.0,13.785714285714286
TEST,1,2026-08-18 12:00:00+00:00,tt_sudirman,29.0,23.0,23.714285714285715
TEST,1,2026-08-18 12:00:00+00:00,tt_tangerang,48.0,34.0,43.57142857142857
TEST,1,2026-08-18 12:00:00+00:00,tt_tbsimatupang,72.0,44.0,58.92857142857143
TEST,1,2026-08-18 12:00:00+00:00,tt_thamrin,17.0,22.0,12.785714285714286
TEST,1,2026-08-18 14:00:00+00:00,tt_bekasi,16.0,14.0,17.23076923076923
TEST,1,2026-08-18 14:00:00+00:00,tt_bogor,45.0,35.0,39.30769230769231
TEST,1,2026-08-18 14:00:00+00:00,tt_bsd,34.0,34.0,33.23076923076923
TEST,1,2026-08-18 14:00:00+00:00,tt_cawang,32.0,34.0,39.53846153846154
TEST,1,2026-08-18 14:00:00+00:00,tt_depok,26.0,26.0,27.0
TEST,1,2026-08-18 14:00:00+00:00,tt_gatsu,45.0,45.0,45.0
TEST,1,2026-08-18 14:00:00+00:00,tt_grogol,40.0,32.0,38.30769230769231
TEST,1,2026-08-18 14:00:00+00:00,tt_kebonjeruk,31.0,25.0,28.692307692307693
TEST,1,2026-08-18 14:00:00+00:00,tt_kelapagading,29.0,22.0,25.615384615384617
TEST,1,2026-08-18 14:00:00+00:00,tt_kuningan,16.0,13.0,18.23076923076923
TEST,1,2026-08-18 14:00:00+00:00,tt_sudirman,30.0,29.0,31.153846153846153
TEST,1,2026-08-18 14:00:00+00:00,tt_tangerang,48.0,48.0,48.0
TEST,1,2026-08-18 14:00:00+00:00,tt_tbsimatupang,72.0,72.0,68.23076923076923
TEST,1,2026-08-18 14:00:00+00:00,tt_thamrin,22.0,17.0,17.846153846153847
TEST,1,2026-08-18 15:00:00+00:00,tt_bekasi,16.0,16.0,18.0
TEST,1,2026-08-18 15:00:00+00:00,tt_bogor,45.0,45.0,43.416666666666664
TEST,1,2026-08-18 15:00:00+00:00,tt_bsd,34.0,34.0,34.0
TEST,1,2026-08-18 15:00:00+00:00,tt_cawang,43.0,32.0,39.75
TEST,1,2026-08-18 15:00:00+00:00,tt_depok,31.0,26.0,30.5
TEST,1,2026-08-18 15:00:00+00:00,tt_gatsu,45.0,45.0,45.0
TEST,1,2026-08-18 15:00:00+00:00,tt_grogol,40.0,40.0,40.0
TEST,1,2026-08-18 15:00:00+00:00,tt_kebonjeruk,35.0,31.0,34.166666666666664
TEST,1,2026-08-18 15:00:00+00:00,tt_kelapagading,29.0,29.0,28.333333333333332
TEST,1,2026-08-18 15:00:00+00:00,tt_kuningan,21.0,16.0,19.666666666666668
TEST,1,2026-08-18 15:00:00+00:00,tt_sudirman,39.0,30.0,35.833333333333336
TEST,1,2026-08-18 15:00:00+00:00,tt_tangerang,48.0,48.0,46.333333333333336
TEST,1,2026-08-18 15:00:00+00:00,tt_tbsimatupang,72.0,72.0,72.0
TEST,1,2026-08-18 15:00:00+00:00,tt_thamrin,22.0,22.0,18.583333333333332
TEST,1,2026-08-18 17:00:00+00:00,tt_bekasi,17.0,16.0,18.0
TEST,1,2026-08-18 17:00:00+00:00,tt_bogor,45.0,45.0,44.27272727272727
TEST,1,2026-08-18 17:00:00+00:00,tt_bsd,34.0,34.0,33.63636363636363
TEST,1,2026-08-18 17:00:00+00:00,tt_cawang,43.0,43.0,43.0
TEST,1,2026-08-18 17:00:00+00:00,tt_depok,31.0,31.0,31.0
TEST,1,2026-08-18 17:00:00+00:00,tt_gatsu,45.0,45.0,45.0
TEST,1,2026-08-18 17:00:00+00:00,tt_grogol,40.0,40.0,39.45454545454545
TEST,1,2026-08-18 17:00:00+00:00,tt_kebonjeruk,35.0,35.0,35.0
TEST,1,2026-08-18 17:00:00+00:00,tt_kelapagading,29.0,29.0,29.0
TEST,1,2026-08-18 17:00:00+00:00,tt_kuningan,21.0,21.0,21.0
TEST,1,2026-08-18 17:00:00+00:00,tt_sudirman,39.0,39.0,38.0
TEST,1,2026-08-18 17:00:00+00:00,tt_tangerang,48.0,48.0,48.0
TEST,1,2026-08-18 17:00:00+00:00,tt_tbsimatupang,72.0,72.0,72.0
TEST,1,2026-08-18 17:00:00+00:00,tt_thamrin,22.0,22.0,22.0
TEST,1,2026-08-18 19:00:00+00:00,tt_bekasi,17.0,17.0,18.0
TEST,1,2026-08-18 19:00:00+00:00,tt_bogor,45.0,45.0,44.72727272727273
TEST,1,2026-08-18 19:00:00+00:00,tt_bsd,34.0,34.0,34.0
TEST,1,2026-08-18 19:00:00+00:00,tt_cawang,43.0,43.0,43.0
TEST,1,2026-08-18 19:00:00+00:00,tt_depok,31.0,31.0,31.0
TEST,1,2026-08-18 19:00:00+00:00,tt_gatsu,45.0,45.0,45.0
TEST,1,2026-08-18 19:00:00+00:00,tt_grogol,40.0,40.0,40.0
TEST,1,2026-08-18 19:00:00+00:00,tt_kebonjeruk,35.0,35.0,35.0
TEST,1,2026-08-18 19:00:00+00:00,tt_kelapagading,29.0,29.0,29.0
TEST,1,2026-08-18 19:00:00+00:00,tt_kuningan,21.0,21.0,21.0
TEST,1,2026-08-18 19:00:00+00:00,tt_sudirman,39.0,39.0,38.0
TEST,1,2026-08-18 19:00:00+00:00,tt_tangerang,48.0,48.0,48.0
TEST,1,2026-08-18 19:00:00+00:00,tt_tbsimatupang,72.0,72.0,72.0
TEST,1,2026-08-18 19:00:00+00:00,tt_thamrin,22.0,22.0,22.0
TEST,1,2026-08-18 20:00:00+00:00,tt_bekasi,17.0,17.0,18.0
TEST,1,2026-08-18 20:00:00+00:00,tt_bogor,45.0,45.0,45.0
TEST,1,2026-08-18 20:00:00+00:00,tt_bsd,34.0,34.0,34.0
TEST,1,2026-08-18 20:00:00+00:00,tt_cawang,43.0,43.0,43.0
TEST,1,2026-08-18 20:00:00+00:00,tt_depok,31.0,31.0,31.0
TEST,1,2026-08-18 20:00:00+00:00,tt_gatsu,45.0,45.0,45.0
TEST,1,2026-08-18 20:00:00+00:00,tt_grogol,40.0,40.0,40.0
TEST,1,2026-08-18 20:00:00+00:00,tt_kebonjeruk,35.0,35.0,35.0
TEST,1,2026-08-18 20:00:00+00:00,tt_kelapagading,29.0,29.0,29.0
TEST,1,2026-08-18 20:00:00+00:00,tt_kuningan,21.0,21.0,21.0
TEST,1,2026-08-18 20:00:00+00:00,tt_sudirman,39.0,39.0,38.0
TEST,1,2026-08-18 20:00:00+00:00,tt_tangerang,48.0,48.0,48.0
TEST,1,2026-08-18 20:00:00+00:00,tt_tbsimatupang,72.0,72.0,72.0
TEST,1,2026-08-18 20:00:00+00:00,tt_thamrin,22.0,22.0,22.0
TEST,1,2026-08-18 22:00:00+00:00,tt_bekasi,17.0,17.0,18.0
TEST,1,2026-08-18 22:00:00+00:00,tt_bogor,45.0,45.0,45.0
TEST,1,2026-08-18 22:00:00+00:00,tt_bsd,34.0,34.0,33.6
TEST,1,2026-08-18 22:00:00+00:00,tt_cawang,43.0,43.0,40.9
TEST,1,2026-08-18 22:00:00+00:00,tt_depok,31.0,31.0,31.0
TEST,1,2026-08-18 22:00:00+00:00,tt_gatsu,45.0,45.0,45.0
TEST,1,2026-08-18 22:00:00+00:00,tt_grogol,40.0,40.0,40.0
TEST,1,2026-08-18 22:00:00+00:00,tt_kebonjeruk,35.0,35.0,35.0
TEST,1,2026-08-18 22:00:00+00:00,tt_kelapagading,29.0,29.0,29.0
TEST,1,2026-08-18 22:00:00+00:00,tt_kuningan,21.0,21.0,21.0
TEST,1,2026-08-18 22:00:00+00:00,tt_sudirman,39.0,39.0,38.0
TEST,1,2026-08-18 22:00:00+00:00,tt_tangerang,48.0,48.0,48.0
TEST,1,2026-08-18 22:00:00+00:00,tt_tbsimatupang,72.0,72.0,72.0
TEST,1,2026-08-18 22:00:00+00:00,tt_thamrin,22.0,22.0,22.0
TEST,1,2026-08-19 00:00:00+00:00,tt_bekasi,15.0,17.0,18.0
TEST,1,2026-08-19 00:00:00+00:00,tt_bogor,35.0,45.0,36.2
TEST,1,2026-08-19 00:00:00+00:00,tt_bsd,29.0,34.0,31.5
TEST,1,2026-08-19 00:00:00+00:00,tt_cawang,20.0,43.0,22.6
TEST,1,2026-08-19 00:00:00+00:00,tt_depok,31.0,31.0,30.2
TEST,1,2026-08-19 00:00:00+00:00,tt_gatsu,45.0,45.0,44.2
TEST,1,2026-08-19 00:00:00+00:00,tt_grogol,40.0,40.0,35.9
TEST,1,2026-08-19 00:00:00+00:00,tt_kebonjeruk,27.0,35.0,29.5
TEST,1,2026-08-19 00:00:00+00:00,tt_kelapagading,29.0,29.0,28.3
TEST,1,2026-08-19 00:00:00+00:00,tt_kuningan,21.0,21.0,21.0
TEST,1,2026-08-19 00:00:00+00:00,tt_sudirman,39.0,39.0,31.4
TEST,1,2026-08-19 00:00:00+00:00,tt_tangerang,48.0,48.0,44.3
TEST,1,2026-08-19 00:00:00+00:00,tt_tbsimatupang,39.0,72.0,42.1
TEST,1,2026-08-19 00:00:00+00:00,tt_thamrin,19.0,22.0,20.3
TEST,1,2026-08-19 01:00:00+00:00,tt_bekasi,16.0,15.0,17.818181818181817
TEST,1,2026-08-19 01:00:00+00:00,tt_bogor,37.0,35.0,37.18181818181818
TEST,1,2026-08-19 01:00:00+00:00,tt_bsd,34.0,29.0,31.181818181818183
TEST,1,2026-08-19 01:00:00+00:00,tt_cawang,13.0,20.0,23.818181818181817
TEST,1,2026-08-19 01:00:00+00:00,tt_depok,27.0,31.0,28.363636363636363
TEST,1,2026-08-19 01:00:00+00:00,tt_gatsu,13.0,45.0,42.27272727272727
TEST,1,2026-08-19 01:00:00+00:00,tt_grogol,32.0,40.0,34.36363636363637
TEST,1,2026-08-19 01:00:00+00:00,tt_kebonjeruk,25.0,27.0,29.181818181818183
TEST,1,2026-08-19 01:00:00+00:00,tt_kelapagading,29.0,29.0,28.181818181818183
TEST,1,2026-08-19 01:00:00+00:00,tt_kuningan,21.0,21.0,21.0
TEST,1,2026-08-19 01:00:00+00:00,tt_sudirman,22.0,39.0,26.363636363636363
TEST,1,2026-08-19 01:00:00+00:00,tt_tangerang,39.0,48.0,42.45454545454545
TEST,1,2026-08-19 01:00:00+00:00,tt_tbsimatupang,18.0,39.0,35.45454545454545
TEST,1,2026-08-19 01:00:00+00:00,tt_thamrin,22.0,19.0,18.454545454545453
TEST,1,2026-08-19 03:00:00+00:00,tt_bekasi,16.0,16.0,17.727272727272727
TEST,1,2026-08-19 03:00:00+00:00,tt_bogor,37.0,37.0,37.90909090909091
TEST,1,2026-08-19 03:00:00+00:00,tt_bsd,34.0,34.0,32.0
TEST,1,2026-08-19 03:00:00+00:00,tt_cawang,20.0,13.0,21.818181818181817
TEST,1,2026-08-19 03:00:00+00:00,tt_depok,31.0,27.0,26.545454545454547
TEST,1,2026-08-19 03:00:00+00:00,tt_gatsu,45.0,13.0,43.90909090909091
TEST,1,2026-08-19 03:00:00+00:00,tt_grogol,31.0,32.0,31.272727272727273
TEST,1,2026-08-19 03:00:00+00:00,tt_kebonjeruk,23.0,25.0,25.0
TEST,1,2026-08-19 03:00:00+00:00,tt_kelapagading,29.0,29.0,24.636363636363637
TEST,1,2026-08-19 03:00:00+00:00,tt_kuningan,16.0,21.0,18.545454545454547
TEST,1,2026-08-19 03:00:00+00:00,tt_sudirman,24.0,22.0,32.27272727272727
TEST,1,2026-08-19 03:00:00+00:00,tt_tangerang,40.0,39.0,39.54545454545455
TEST,1,2026-08-19 03:00:00+00:00,tt_tbsimatupang,33.0,18.0,37.45454545454545
TEST,1,2026-08-19 03:00:00+00:00,tt_thamrin,20.0,22.0,18.90909090909091
TEST,1,2026-08-19 05:00:00+00:00,tt_bekasi,15.0,16.0,18.0
TEST,1,2026-08-19 05:00:00+00:00,tt_bogor,32.0,37.0,39.6
TEST,1,2026-08-19 05:00:00+00:00,tt_bsd,34.0,34.0,32.4
TEST,1,2026-08-19 05:00:00+00:00,tt_cawang,17.0,20.0,23.3
TEST,1,2026-08-19 05:00:00+00:00,tt_depok,31.0,31.0,28.2
TEST,1,2026-08-19 05:00:00+00:00,tt_gatsu,45.0,45.0,45.0
TEST,1,2026-08-19 05:00:00+00:00,tt_grogol,31.0,31.0,32.0
TEST,1,2026-08-19 05:00:00+00:00,tt_kebonjeruk,24.0,23.0,25.2
TEST,1,2026-08-19 05:00:00+00:00,tt_kelapagading,21.0,29.0,21.4
TEST,1,2026-08-19 05:00:00+00:00,tt_kuningan,17.0,16.0,18.2
TEST,1,2026-08-19 05:00:00+00:00,tt_sudirman,27.0,24.0,28.4
TEST,1,2026-08-19 05:00:00+00:00,tt_tangerang,40.0,40.0,39.6
TEST,1,2026-08-19 05:00:00+00:00,tt_tbsimatupang,43.0,33.0,45.0
TEST,1,2026-08-19 05:00:00+00:00,tt_thamrin,17.0,20.0,18.9
TEST,1,2026-08-19 06:00:00+00:00,tt_bekasi,18.0,15.0,17.083333333333332
TEST,1,2026-08-19 06:00:00+00:00,tt_bogor,35.0,32.0,36.166666666666664
TEST,1,2026-08-19 06:00:00+00:00,tt_bsd,34.0,34.0,33.666666666666664
TEST,1,2026-08-19 06:00:00+00:00,tt_cawang,19.0,17.0,21.333333333333332
TEST,1,2026-08-19 06:00:00+00:00,tt_depok,27.0,31.0,26.25
TEST,1,2026-08-19 06:00:00+00:00,tt_gatsu,30.0,45.0,42.5
TEST,1,2026-08-19 06:00:00+00:00,tt_grogol,27.0,31.0,31.333333333333332
TEST,1,2026-08-19 06:00:00+00:00,tt_kebonjeruk,21.0,24.0,24.083333333333332
TEST,1,2026-08-19 06:00:00+00:00,tt_kelapagading,21.0,21.0,20.083333333333332
TEST,1,2026-08-19 06:00:00+00:00,tt_kuningan,21.0,17.0,19.166666666666668
TEST,1,2026-08-19 06:00:00+00:00,tt_sudirman,18.0,27.0,26.75
TEST,1,2026-08-19 06:00:00+00:00,tt_tangerang,38.0,40.0,38.583333333333336
TEST,1,2026-08-19 06:00:00+00:00,tt_tbsimatupang,48.0,43.0,48.833333333333336
TEST,1,2026-08-19 06:00:00+00:00,tt_thamrin,13.0,17.0,18.75
TEST,1,2026-08-19 08:00:00+00:00,tt_bekasi,15.0,18.0,15.923076923076923
TEST,1,2026-08-19 08:00:00+00:00,tt_bogor,34.0,35.0,34.61538461538461
TEST,1,2026-08-19 08:00:00+00:00,tt_bsd,28.0,34.0,32.07692307692308
TEST,1,2026-08-19 08:00:00+00:00,tt_cawang,32.0,19.0,35.15384615384615
TEST,1,2026-08-19 08:00:00+00:00,tt_depok,25.0,27.0,27.384615384615383
TEST,1,2026-08-19 08:00:00+00:00,tt_gatsu,26.0,30.0,30.46153846153846
TEST,1,2026-08-19 08:00:00+00:00,tt_grogol,27.0,27.0,31.384615384615383
TEST,1,2026-08-19 08:00:00+00:00,tt_kebonjeruk,18.0,21.0,21.923076923076923
TEST,1,2026-08-19 08:00:00+00:00,tt_kelapagading,22.0,21.0,20.923076923076923
TEST,1,2026-08-19 08:00:00+00:00,tt_kuningan,21.0,21.0,19.53846153846154
TEST,1,2026-08-19 08:00:00+00:00,tt_sudirman,22.0,18.0,22.846153846153847
TEST,1,2026-08-19 08:00:00+00:00,tt_tangerang,48.0,38.0,37.61538461538461
TEST,1,2026-08-19 08:00:00+00:00,tt_tbsimatupang,32.0,48.0,43.0
TEST,1,2026-08-19 08:00:00+00:00,tt_thamrin,8.0,13.0,15.461538461538462
TEST,1,2026-08-19 10:00:00+00:00,tt_bekasi,13.0,15.0,15.3
TEST,1,2026-08-19 10:00:00+00:00,tt_bogor,30.0,34.0,31.5
TEST,1,2026-08-19 10:00:00+00:00,tt_bsd,34.0,28.0,32.0
TEST,1,2026-08-19 10:00:00+00:00,tt_cawang,43.0,32.0,29.9
TEST,1,2026-08-19 10:00:00+00:00,tt_depok,23.0,25.0,23.6
TEST,1,2026-08-19 10:00:00+00:00,tt_gatsu,23.0,26.0,23.1
TEST,1,2026-08-19 10:00:00+00:00,tt_grogol,30.0,27.0,32.1
TEST,1,2026-08-19 10:00:00+00:00,tt_kebonjeruk,19.0,18.0,21.4
TEST,1,2026-08-19 10:00:00+00:00,tt_kelapagading,22.0,22.0,20.9
TEST,1,2026-08-19 10:00:00+00:00,tt_kuningan,16.0,21.0,15.3
TEST,1,2026-08-19 10:00:00+00:00,tt_sudirman,19.0,22.0,19.4
TEST,1,2026-08-19 10:00:00+00:00,tt_tangerang,28.0,48.0,36.3
TEST,1,2026-08-19 10:00:00+00:00,tt_tbsimatupang,34.0,32.0,34.0
TEST,1,2026-08-19 10:00:00+00:00,tt_thamrin,17.0,8.0,15.5
TEST,1,2026-08-19 11:00:00+00:00,tt_bekasi,18.0,13.0,14.692307692307692
TEST,1,2026-08-19 11:00:00+00:00,tt_bogor,33.0,30.0,33.07692307692308
TEST,1,2026-08-19 11:00:00+00:00,tt_bsd,27.0,34.0,32.07692307692308
TEST,1,2026-08-19 11:00:00+00:00,tt_cawang,43.0,43.0,29.23076923076923
TEST,1,2026-08-19 11:00:00+00:00,tt_depok,25.0,23.0,24.846153846153847
TEST,1,2026-08-19 11:00:00+00:00,tt_gatsu,35.0,23.0,16.615384615384617
TEST,1,2026-08-19 11:00:00+00:00,tt_grogol,32.0,30.0,32.69230769230769
TEST,1,2026-08-19 11:00:00+00:00,tt_kebonjeruk,21.0,19.0,21.923076923076923
TEST,1,2026-08-19 11:00:00+00:00,tt_kelapagading,20.0,22.0,20.076923076923077
TEST,1,2026-08-19 11:00:00+00:00,tt_kuningan,16.0,16.0,15.153846153846153
TEST,1,2026-08-19 11:00:00+00:00,tt_sudirman,16.0,19.0,18.53846153846154
TEST,1,2026-08-19 11:00:00+00:00,tt_tangerang,26.0,28.0,38.0
TEST,1,2026-08-19 11:00:00+00:00,tt_tbsimatupang,44.0,34.0,39.92307692307692
TEST,1,2026-08-19 11:00:00+00:00,tt_thamrin,10.0,17.0,13.0
TEST,1,2026-08-19 13:00:00+00:00,tt_bekasi,18.0,18.0,17.2
TEST,1,2026-08-19 13:00:00+00:00,tt_bogor,45.0,33.0,40.9
TEST,1,2026-08-19 13:00:00+00:00,tt_bsd,34.0,27.0,31.6
TEST,1,2026-08-19 13:00:00+00:00,tt_cawang,43.0,43.0,40.6
TEST,1,2026-08-19 13:00:00+00:00,tt_depok,25.0,25.0,25.0
TEST,1,2026-08-19 13:00:00+00:00,tt_gatsu,45.0,35.0,43.3
TEST,1,2026-08-19 13:00:00+00:00,tt_grogol,31.0,32.0,37.9
TEST,1,2026-08-19 13:00:00+00:00,tt_kebonjeruk,27.0,21.0,25.3
TEST,1,2026-08-19 13:00:00+00:00,tt_kelapagading,23.0,20.0,24.2
TEST,1,2026-08-19 13:00:00+00:00,tt_kuningan,13.0,16.0,16.2
TEST,1,2026-08-19 13:00:00+00:00,tt_sudirman,30.0,16.0,30.6
TEST,1,2026-08-19 13:00:00+00:00,tt_tangerang,48.0,26.0,46.2
TEST,1,2026-08-19 13:00:00+00:00,tt_tbsimatupang,72.0,44.0,67.6
TEST,1,2026-08-19 13:00:00+00:00,tt_thamrin,20.0,10.0,15.7
TEST,1,2026-08-19 15:00:00+00:00,tt_bekasi,16.0,18.0,18.0
TEST,1,2026-08-19 15:00:00+00:00,tt_bogor,38.0,45.0,43.416666666666664
TEST,1,2026-08-19 15:00:00+00:00,tt_bsd,34.0,34.0,34.0
TEST,1,2026-08-19 15:00:00+00:00,tt_cawang,32.0,43.0,39.75
TEST,1,2026-08-19 15:00:00+00:00,tt_depok,31.0,25.0,30.5
TEST,1,2026-08-19 15:00:00+00:00,tt_gatsu,45.0,45.0,45.0
TEST,1,2026-08-19 15:00:00+00:00,tt_grogol,40.0,31.0,40.0
TEST,1,2026-08-19 15:00:00+00:00,tt_kebonjeruk,31.0,27.0,34.166666666666664
TEST,1,2026-08-19 15:00:00+00:00,tt_kelapagading,29.0,23.0,28.333333333333332
TEST,1,2026-08-19 15:00:00+00:00,tt_kuningan,21.0,13.0,19.666666666666668
TEST,1,2026-08-19 15:00:00+00:00,tt_sudirman,29.0,30.0,35.833333333333336
TEST,1,2026-08-19 15:00:00+00:00,tt_tangerang,48.0,48.0,46.333333333333336
TEST,1,2026-08-19 15:00:00+00:00,tt_tbsimatupang,72.0,72.0,72.0
TEST,1,2026-08-19 15:00:00+00:00,tt_thamrin,21.0,20.0,18.583333333333332
TEST,1,2026-08-19 16:00:00+00:00,tt_bekasi,18.0,16.0,18.0
TEST,1,2026-08-19 16:00:00+00:00,tt_bogor,45.0,38.0,43.44444444444444
TEST,1,2026-08-19 16:00:00+00:00,tt_bsd,34.0,34.0,34.0
TEST,1,2026-08-19 16:00:00+00:00,tt_cawang,43.0,32.0,42.22222222222222
TEST,1,2026-08-19 16:00:00+00:00,tt_depok,31.0,31.0,31.0
TEST,1,2026-08-19 16:00:00+00:00,tt_gatsu,45.0,45.0,45.0
TEST,1,2026-08-19 16:00:00+00:00,tt_grogol,40.0,40.0,40.0
TEST,1,2026-08-19 16:00:00+00:00,tt_kebonjeruk,35.0,31.0,34.333333333333336
TEST,1,2026-08-19 16:00:00+00:00,tt_kelapagading,29.0,29.0,28.555555555555557
TEST,1,2026-08-19 16:00:00+00:00,tt_kuningan,21.0,21.0,20.11111111111111
TEST,1,2026-08-19 16:00:00+00:00,tt_sudirman,39.0,29.0,37.22222222222222
TEST,1,2026-08-19 16:00:00+00:00,tt_tangerang,48.0,48.0,48.0
TEST,1,2026-08-19 16:00:00+00:00,tt_tbsimatupang,72.0,72.0,72.0
TEST,1,2026-08-19 16:00:00+00:00,tt_thamrin,22.0,21.0,20.0
TEST,1,2026-08-19 18:00:00+00:00,tt_bekasi,18.0,18.0,18.0
TEST,1,2026-08-19 18:00:00+00:00,tt_bogor,45.0,45.0,45.0
TEST,1,2026-08-19 18:00:00+00:00,tt_bsd,34.0,34.0,34.0
TEST,1,2026-08-19 18:00:00+00:00,tt_cawang,43.0,43.0,43.0
TEST,1,2026-08-19 18:00:00+00:00,tt_depok,31.0,31.0,31.0
TEST,1,2026-08-19 18:00:00+00:00,tt_gatsu,45.0,45.0,45.0
TEST,1,2026-08-19 18:00:00+00:00,tt_grogol,40.0,40.0,40.0
TEST,1,2026-08-19 18:00:00+00:00,tt_kebonjeruk,35.0,35.0,35.0
TEST,1,2026-08-19 18:00:00+00:00,tt_kelapagading,29.0,29.0,29.0
TEST,1,2026-08-19 18:00:00+00:00,tt_kuningan,21.0,21.0,20.636363636363637
TEST,1,2026-08-19 18:00:00+00:00,tt_sudirman,39.0,39.0,38.0
TEST,1,2026-08-19 18:00:00+00:00,tt_tangerang,44.0,48.0,48.0
TEST,1,2026-08-19 18:00:00+00:00,tt_tbsimatupang,72.0,72.0,72.0
TEST,1,2026-08-19 18:00:00+00:00,tt_thamrin,22.0,22.0,22.0
TEST,1,2026-08-19 20:00:00+00:00,tt_bekasi,18.0,18.0,18.0
TEST,1,2026-08-19 20:00:00+00:00,tt_bogor,45.0,45.0,45.0
TEST,1,2026-08-19 20:00:00+00:00,tt_bsd,34.0,34.0,34.0
TEST,1,2026-08-19 20:00:00+00:00,tt_cawang,43.0,43.0,43.0
TEST,1,2026-08-19 20:00:00+00:00,tt_depok,31.0,31.0,31.0
TEST,1,2026-08-19 20:00:00+00:00,tt_gatsu,45.0,45.0,45.0
TEST,1,2026-08-19 20:00:00+00:00,tt_grogol,40.0,40.0,40.0
TEST,1,2026-08-19 20:00:00+00:00,tt_kebonjeruk,35.0,35.0,35.0
TEST,1,2026-08-19 20:00:00+00:00,tt_kelapagading,29.0,29.0,29.0
TEST,1,2026-08-19 20:00:00+00:00,tt_kuningan,21.0,21.0,21.0
TEST,1,2026-08-19 20:00:00+00:00,tt_sudirman,39.0,39.0,38.0
TEST,1,2026-08-19 20:00:00+00:00,tt_tangerang,48.0,44.0,48.0
TEST,1,2026-08-19 20:00:00+00:00,tt_tbsimatupang,72.0,72.0,72.0
TEST,1,2026-08-19 20:00:00+00:00,tt_thamrin,22.0,22.0,22.0
TEST,1,2026-08-19 21:00:00+00:00,tt_bekasi,18.0,18.0,18.0
TEST,1,2026-08-19 21:00:00+00:00,tt_bogor,45.0,45.0,45.0
TEST,1,2026-08-19 21:00:00+00:00,tt_bsd,34.0,34.0,34.0
TEST,1,2026-08-19 21:00:00+00:00,tt_cawang,43.0,43.0,43.0
TEST,1,2026-08-19 21:00:00+00:00,tt_depok,31.0,31.0,31.0
TEST,1,2026-08-19 21:00:00+00:00,tt_gatsu,45.0,45.0,45.0
TEST,1,2026-08-19 21:00:00+00:00,tt_grogol,40.0,40.0,40.0
TEST,1,2026-08-19 21:00:00+00:00,tt_kebonjeruk,35.0,35.0,35.0
TEST,1,2026-08-19 21:00:00+00:00,tt_kelapagading,29.0,29.0,29.0
TEST,1,2026-08-19 21:00:00+00:00,tt_kuningan,21.0,21.0,21.0
TEST,1,2026-08-19 21:00:00+00:00,tt_sudirman,39.0,39.0,38.0
TEST,1,2026-08-19 21:00:00+00:00,tt_tangerang,48.0,48.0,48.0
TEST,1,2026-08-19 21:00:00+00:00,tt_tbsimatupang,72.0,72.0,72.0
TEST,1,2026-08-19 21:00:00+00:00,tt_thamrin,22.0,22.0,21.8
TEST,1,2026-08-19 23:00:00+00:00,tt_bekasi,17.0,18.0,18.0
TEST,1,2026-08-19 23:00:00+00:00,tt_bogor,35.0,45.0,40.72727272727273
TEST,1,2026-08-19 23:00:00+00:00,tt_bsd,34.0,34.0,34.0
TEST,1,2026-08-19 23:00:00+00:00,tt_cawang,26.0,43.0,27.636363636363637
TEST,1,2026-08-19 23:00:00+00:00,tt_depok,31.0,31.0,30.363636363636363
TEST,1,2026-08-19 23:00:00+00:00,tt_gatsu,45.0,45.0,45.0
TEST,1,2026-08-19 23:00:00+00:00,tt_grogol,35.0,40.0,36.27272727272727
TEST,1,2026-08-19 23:00:00+00:00,tt_kebonjeruk,30.0,35.0,32.09090909090909
TEST,1,2026-08-19 23:00:00+00:00,tt_kelapagading,29.0,29.0,27.181818181818183
TEST,1,2026-08-19 23:00:00+00:00,tt_kuningan,21.0,21.0,21.0
TEST,1,2026-08-19 23:00:00+00:00,tt_sudirman,39.0,39.0,36.54545454545455
TEST,1,2026-08-19 23:00:00+00:00,tt_tangerang,48.0,48.0,47.36363636363637
TEST,1,2026-08-19 23:00:00+00:00,tt_tbsimatupang,72.0,72.0,53.90909090909091
TEST,1,2026-08-19 23:00:00+00:00,tt_thamrin,20.0,22.0,20.181818181818183
TEST,1,2026-08-20 01:00:00+00:00,tt_bekasi,18.0,17.0,17.818181818181817
TEST,1,2026-08-20 01:00:00+00:00,tt_bogor,35.0,35.0,37.18181818181818
TEST,1,2026-08-20 01:00:00+00:00,tt_bsd,29.0,34.0,31.181818181818183
TEST,1,2026-08-20 01:00:00+00:00,tt_cawang,14.0,26.0,23.818181818181817
TEST,1,2026-08-20 01:00:00+00:00,tt_depok,31.0,31.0,28.363636363636363
TEST,1,2026-08-20 01:00:00+00:00,tt_gatsu,37.0,45.0,42.27272727272727
TEST,1,2026-08-20 01:00:00+00:00,tt_grogol,30.0,35.0,34.36363636363637
TEST,1,2026-08-20 01:00:00+00:00,tt_kebonjeruk,26.0,30.0,29.181818181818183
TEST,1,2026-08-20 01:00:00+00:00,tt_kelapagading,29.0,29.0,28.181818181818183
TEST,1,2026-08-20 01:00:00+00:00,tt_kuningan,21.0,21.0,21.0
TEST,1,2026-08-20 01:00:00+00:00,tt_sudirman,27.0,39.0,26.363636363636363
TEST,1,2026-08-20 01:00:00+00:00,tt_tangerang,36.0,48.0,42.45454545454545
TEST,1,2026-08-20 01:00:00+00:00,tt_tbsimatupang,18.0,72.0,35.45454545454545
TEST,1,2026-08-20 01:00:00+00:00,tt_thamrin,18.0,20.0,18.454545454545453
TEST,1,2026-08-20 02:00:00+00:00,tt_bekasi,18.0,18.0,17.692307692307693
TEST,1,2026-08-20 02:00:00+00:00,tt_bogor,40.0,35.0,36.46153846153846
TEST,1,2026-08-20 02:00:00+00:00,tt_bsd,34.0,29.0,32.30769230769231
TEST,1,2026-08-20 02:00:00+00:00,tt_cawang,18.0,14.0,21.0
TEST,1,2026-08-20 02:00:00+00:00,tt_depok,31.0,31.0,29.23076923076923
TEST,1,2026-08-20 02:00:00+00:00,tt_gatsu,45.0,37.0,40.76923076923077
TEST,1,2026-08-20 02:00:00+00:00,tt_grogol,30.0,30.0,31.076923076923077
TEST,1,2026-08-20 02:00:00+00:00,tt_kebonjeruk,26.0,26.0,25.307692307692307
TEST,1,2026-08-20 02:00:00+00:00,tt_kelapagading,25.0,29.0,26.846153846153847
TEST,1,2026-08-20 02:00:00+00:00,tt_kuningan,21.0,21.0,18.23076923076923
TEST,1,2026-08-20 02:00:00+00:00,tt_sudirman,25.0,27.0,25.384615384615383
TEST,1,2026-08-20 02:00:00+00:00,tt_tangerang,48.0,36.0,43.84615384615385
TEST,1,2026-08-20 02:00:00+00:00,tt_tbsimatupang,21.0,18.0,29.923076923076923
TEST,1,2026-08-20 02:00:00+00:00,tt_thamrin,18.0,18.0,17.846153846153847
TEST,1,2026-08-20 04:00:00+00:00,tt_bekasi,15.0,18.0,17.666666666666668
TEST,1,2026-08-20 04:00:00+00:00,tt_bogor,35.0,40.0,39.25
TEST,1,2026-08-20 04:00:00+00:00,tt_bsd,34.0,34.0,32.833333333333336
TEST,1,2026-08-20 04:00:00+00:00,tt_cawang,20.0,18.0,20.25
TEST,1,2026-08-20 04:00:00+00:00,tt_depok,27.0,31.0,26.916666666666668
TEST,1,2026-08-20 04:00:00+00:00,tt_gatsu,45.0,45.0,45.0
TEST,1,2026-08-20 04:00:00+00:00,tt_grogol,25.0,30.0,31.5
TEST,1,2026-08-20 04:00:00+00:00,tt_kebonjeruk,25.0,26.0,25.166666666666668
TEST,1,2026-08-20 04:00:00+00:00,tt_kelapagading,22.0,25.0,22.5
TEST,1,2026-08-20 04:00:00+00:00,tt_kuningan,21.0,21.0,19.166666666666668
TEST,1,2026-08-20 04:00:00+00:00,tt_sudirman,26.0,25.0,31.666666666666668
TEST,1,2026-08-20 04:00:00+00:00,tt_tangerang,48.0,48.0,38.166666666666664
TEST,1,2026-08-20 04:00:00+00:00,tt_tbsimatupang,45.0,21.0,38.5
TEST,1,2026-08-20 04:00:00+00:00,tt_thamrin,13.0,18.0,19.166666666666668
TEST,1,2026-08-20 06:00:00+00:00,tt_bekasi,15.0,15.0,17.083333333333332
TEST,1,2026-08-20 06:00:00+00:00,tt_bogor,39.0,35.0,36.166666666666664
TEST,1,2026-08-20 06:00:00+00:00,tt_bsd,34.0,34.0,33.666666666666664
TEST,1,2026-08-20 06:00:00+00:00,tt_cawang,28.0,20.0,21.333333333333332
TEST,1,2026-08-20 06:00:00+00:00,tt_depok,29.0,27.0,26.25
TEST,1,2026-08-20 06:00:00+00:00,tt_gatsu,28.0,45.0,42.5
TEST,1,2026-08-20 06:00:00+00:00,tt_grogol,29.0,25.0,31.333333333333332
TEST,1,2026-08-20 06:00:00+00:00,tt_kebonjeruk,25.0,25.0,24.083333333333332
TEST,1,2026-08-20 06:00:00+00:00,tt_kelapagading,20.0,22.0,20.083333333333332
TEST,1,2026-08-20 06:00:00+00:00,tt_kuningan,16.0,21.0,19.166666666666668
TEST,1,2026-08-20 06:00:00+00:00,tt_sudirman,21.0,26.0,26.75
TEST,1,2026-08-20 06:00:00+00:00,tt_tangerang,38.0,48.0,38.583333333333336
TEST,1,2026-08-20 06:00:00+00:00,tt_tbsimatupang,27.0,45.0,48.833333333333336
TEST,1,2026-08-20 06:00:00+00:00,tt_thamrin,12.0,13.0,18.75
TEST,1,2026-08-20 07:00:00+00:00,tt_bekasi,16.0,15.0,17.75
TEST,1,2026-08-20 07:00:00+00:00,tt_bogor,36.0,39.0,36.083333333333336
TEST,1,2026-08-20 07:00:00+00:00,tt_bsd,34.0,34.0,31.75
TEST,1,2026-08-20 07:00:00+00:00,tt_cawang,21.0,28.0,28.666666666666668
TEST,1,2026-08-20 07:00:00+00:00,tt_depok,26.0,29.0,26.5
TEST,1,2026-08-20 07:00:00+00:00,tt_gatsu,20.0,28.0,34.5
TEST,1,2026-08-20 07:00:00+00:00,tt_grogol,29.0,29.0,31.666666666666668
TEST,1,2026-08-20 07:00:00+00:00,tt_kebonjeruk,22.0,25.0,22.416666666666668
TEST,1,2026-08-20 07:00:00+00:00,tt_kelapagading,20.0,20.0,21.166666666666668
TEST,1,2026-08-20 07:00:00+00:00,tt_kuningan,21.0,16.0,18.666666666666668
TEST,1,2026-08-20 07:00:00+00:00,tt_sudirman,20.0,21.0,24.583333333333332
TEST,1,2026-08-20 07:00:00+00:00,tt_tangerang,37.0,38.0,43.666666666666664
TEST,1,2026-08-20 07:00:00+00:00,tt_tbsimatupang,49.0,27.0,56.416666666666664
TEST,1,2026-08-20 07:00:00+00:00,tt_thamrin,12.0,12.0,17.0
TEST,1,2026-08-20 09:00:00+00:00,tt_bekasi,14.0,16.0,15.692307692307692
TEST,1,2026-08-20 09:00:00+00:00,tt_bogor,34.0,36.0,33.84615384615385
TEST,1,2026-08-20 09:00:00+00:00,tt_bsd,28.0,34.0,32.69230769230769
TEST,1,2026-08-20 09:00:00+00:00,tt_cawang,30.0,21.0,30.923076923076923
TEST,1,2026-08-20 09:00:00+00:00,tt_depok,26.0,26.0,23.846153846153847
TEST,1,2026-08-20 09:00:00+00:00,tt_gatsu,32.0,20.0,36.0
TEST,1,2026-08-20 09:00:00+00:00,tt_grogol,31.0,29.0,32.15384615384615
TEST,1,2026-08-20 09:00:00+00:00,tt_kebonjeruk,21.0,22.0,22.692307692307693
TEST,1,2026-08-20 09:00:00+00:00,tt_kelapagading,21.0,20.0,21.692307692307693
TEST,1,2026-08-20 09:00:00+00:00,tt_kuningan,13.0,21.0,18.46153846153846
TEST,1,2026-08-20 09:00:00+00:00,tt_sudirman,23.0,20.0,24.0
TEST,1,2026-08-20 09:00:00+00:00,tt_tangerang,34.0,37.0,40.53846153846154
TEST,1,2026-08-20 09:00:00+00:00,tt_tbsimatupang,47.0,49.0,40.46153846153846
TEST,1,2026-08-20 09:00:00+00:00,tt_thamrin,18.0,12.0,17.615384615384617
TEST,1,2026-08-20 11:00:00+00:00,tt_bekasi,18.0,14.0,14.692307692307692
TEST,1,2026-08-20 11:00:00+00:00,tt_bogor,35.0,34.0,33.07692307692308
TEST,1,2026-08-20 11:00:00+00:00,tt_bsd,34.0,28.0,32.07692307692308
TEST,1,2026-08-20 11:00:00+00:00,tt_cawang,33.0,30.0,29.23076923076923
TEST,1,2026-08-20 11:00:00+00:00,tt_depok,26.0,26.0,24.846153846153847
TEST,1,2026-08-20 11:00:00+00:00,tt_gatsu,7.0,32.0,16.615384615384617
TEST,1,2026-08-20 11:00:00+00:00,tt_grogol,29.0,31.0,32.69230769230769
TEST,1,2026-08-20 11:00:00+00:00,tt_kebonjeruk,18.0,21.0,21.923076923076923
TEST,1,2026-08-20 11:00:00+00:00,tt_kelapagading,21.0,21.0,20.076923076923077
TEST,1,2026-08-20 11:00:00+00:00,tt_kuningan,16.0,13.0,15.153846153846153
TEST,1,2026-08-20 11:00:00+00:00,tt_sudirman,12.0,23.0,18.53846153846154
TEST,1,2026-08-20 11:00:00+00:00,tt_tangerang,35.0,34.0,38.0
TEST,1,2026-08-20 11:00:00+00:00,tt_tbsimatupang,24.0,47.0,39.92307692307692
TEST,1,2026-08-20 11:00:00+00:00,tt_thamrin,10.0,18.0,13.0
TEST,1,2026-08-20 12:00:00+00:00,tt_bekasi,14.0,18.0,14.857142857142858
TEST,1,2026-08-20 12:00:00+00:00,tt_bogor,37.0,35.0,34.0
TEST,1,2026-08-20 12:00:00+00:00,tt_bsd,34.0,34.0,32.642857142857146
TEST,1,2026-08-20 12:00:00+00:00,tt_cawang,43.0,33.0,34.142857142857146
TEST,1,2026-08-20 12:00:00+00:00,tt_depok,24.0,26.0,23.857142857142858
TEST,1,2026-08-20 12:00:00+00:00,tt_gatsu,10.0,7.0,24.785714285714285
TEST,1,2026-08-20 12:00:00+00:00,tt_grogol,32.0,29.0,33.07142857142857
TEST,1,2026-08-20 12:00:00+00:00,tt_kebonjeruk,23.0,18.0,23.571428571428573
TEST,1,2026-08-20 12:00:00+00:00,tt_kelapagading,21.0,21.0,20.714285714285715
TEST,1,2026-08-20 12:00:00+00:00,tt_kuningan,13.0,16.0,13.785714285714286
TEST,1,2026-08-20 12:00:00+00:00,tt_sudirman,22.0,12.0,23.714285714285715
TEST,1,2026-08-20 12:00:00+00:00,tt_tangerang,48.0,35.0,43.57142857142857
TEST,1,2026-08-20 12:00:00+00:00,tt_tbsimatupang,40.0,24.0,58.92857142857143
TEST,1,2026-08-20 12:00:00+00:00,tt_thamrin,9.0,10.0,12.785714285714286
TEST,1,2026-08-20 14:00:00+00:00,tt_bekasi,18.0,14.0,17.23076923076923
TEST,1,2026-08-20 14:00:00+00:00,tt_bogor,38.0,37.0,39.30769230769231
TEST,1,2026-08-20 14:00:00+00:00,tt_bsd,27.0,34.0,33.23076923076923
TEST,1,2026-08-20 14:00:00+00:00,tt_cawang,32.0,43.0,39.53846153846154
TEST,1,2026-08-20 14:00:00+00:00,tt_depok,31.0,24.0,27.0
TEST,1,2026-08-20 14:00:00+00:00,tt_gatsu,45.0,10.0,45.0
TEST,1,2026-08-20 14:00:00+00:00,tt_grogol,40.0,32.0,38.30769230769231
TEST,1,2026-08-20 14:00:00+00:00,tt_kebonjeruk,28.0,23.0,28.692307692307693
TEST,1,2026-08-20 14:00:00+00:00,tt_kelapagading,29.0,21.0,25.615384615384617
TEST,1,2026-08-20 14:00:00+00:00,tt_kuningan,16.0,13.0,18.23076923076923
TEST,1,2026-08-20 14:00:00+00:00,tt_sudirman,39.0,22.0,31.153846153846153
TEST,1,2026-08-20 14:00:00+00:00,tt_tangerang,48.0,48.0,48.0
TEST,1,2026-08-20 14:00:00+00:00,tt_tbsimatupang,59.0,40.0,68.23076923076923
TEST,1,2026-08-20 14:00:00+00:00,tt_thamrin,13.0,9.0,17.846153846153847
TEST,1,2026-08-20 16:00:00+00:00,tt_bekasi,15.0,18.0,18.0
TEST,1,2026-08-20 16:00:00+00:00,tt_bogor,45.0,38.0,43.44444444444444
TEST,1,2026-08-20 16:00:00+00:00,tt_bsd,34.0,27.0,34.0
TEST,1,2026-08-20 16:00:00+00:00,tt_cawang,43.0,32.0,42.22222222222222
TEST,1,2026-08-20 16:00:00+00:00,tt_depok,31.0,31.0,31.0
TEST,1,2026-08-20 16:00:00+00:00,tt_gatsu,45.0,45.0,45.0
TEST,1,2026-08-20 16:00:00+00:00,tt_grogol,40.0,40.0,40.0
TEST,1,2026-08-20 16:00:00+00:00,tt_kebonjeruk,35.0,28.0,34.333333333333336
TEST,1,2026-08-20 16:00:00+00:00,tt_kelapagading,29.0,29.0,28.555555555555557
TEST,1,2026-08-20 16:00:00+00:00,tt_kuningan,21.0,16.0,20.11111111111111
TEST,1,2026-08-20 16:00:00+00:00,tt_sudirman,39.0,39.0,37.22222222222222
TEST,1,2026-08-20 16:00:00+00:00,tt_tangerang,48.0,48.0,48.0
TEST,1,2026-08-20 16:00:00+00:00,tt_tbsimatupang,72.0,59.0,72.0
TEST,1,2026-08-20 16:00:00+00:00,tt_thamrin,22.0,13.0,20.0
TEST,1,2026-08-20 17:00:00+00:00,tt_bekasi,18.0,15.0,18.0
TEST,1,2026-08-20 17:00:00+00:00,tt_bogor,45.0,45.0,44.27272727272727
TEST,1,2026-08-20 17:00:00+00:00,tt_bsd,34.0,34.0,33.63636363636363
TEST,1,2026-08-20 17:00:00+00:00,tt_cawang,43.0,43.0,43.0
TEST,1,2026-08-20 17:00:00+00:00,tt_depok,31.0,31.0,31.0
TEST,1,2026-08-20 17:00:00+00:00,tt_gatsu,45.0,45.0,45.0
TEST,1,2026-08-20 17:00:00+00:00,tt_grogol,40.0,40.0,39.45454545454545
TEST,1,2026-08-20 17:00:00+00:00,tt_kebonjeruk,35.0,35.0,35.0
TEST,1,2026-08-20 17:00:00+00:00,tt_kelapagading,29.0,29.0,29.0
TEST,1,2026-08-20 17:00:00+00:00,tt_kuningan,21.0,21.0,21.0
TEST,1,2026-08-20 17:00:00+00:00,tt_sudirman,39.0,39.0,38.0
TEST,1,2026-08-20 17:00:00+00:00,tt_tangerang,48.0,48.0,48.0
TEST,1,2026-08-20 17:00:00+00:00,tt_tbsimatupang,72.0,72.0,72.0
TEST,1,2026-08-20 17:00:00+00:00,tt_thamrin,22.0,22.0,22.0
TEST,1,2026-08-20 19:00:00+00:00,tt_bekasi,18.0,18.0,18.0
TEST,1,2026-08-20 19:00:00+00:00,tt_bogor,45.0,45.0,44.72727272727273
TEST,1,2026-08-20 19:00:00+00:00,tt_bsd,34.0,34.0,34.0
TEST,1,2026-08-20 19:00:00+00:00,tt_cawang,43.0,43.0,43.0
TEST,1,2026-08-20 19:00:00+00:00,tt_depok,31.0,31.0,31.0
TEST,1,2026-08-20 19:00:00+00:00,tt_gatsu,45.0,45.0,45.0
TEST,1,2026-08-20 19:00:00+00:00,tt_grogol,40.0,40.0,40.0
TEST,1,2026-08-20 19:00:00+00:00,tt_kebonjeruk,35.0,35.0,35.0
TEST,1,2026-08-20 19:00:00+00:00,tt_kelapagading,29.0,29.0,29.0
TEST,1,2026-08-20 19:00:00+00:00,tt_kuningan,21.0,21.0,21.0
TEST,1,2026-08-20 19:00:00+00:00,tt_sudirman,39.0,39.0,38.0
TEST,1,2026-08-20 19:00:00+00:00,tt_tangerang,48.0,48.0,48.0
TEST,1,2026-08-20 19:00:00+00:00,tt_tbsimatupang,72.0,72.0,72.0
TEST,1,2026-08-20 19:00:00+00:00,tt_thamrin,22.0,22.0,22.0
TEST,1,2026-08-20 21:00:00+00:00,tt_bekasi,18.0,18.0,18.0
TEST,1,2026-08-20 21:00:00+00:00,tt_bogor,45.0,45.0,45.0
TEST,1,2026-08-20 21:00:00+00:00,tt_bsd,34.0,34.0,34.0
TEST,1,2026-08-20 21:00:00+00:00,tt_cawang,43.0,43.0,43.0
TEST,1,2026-08-20 21:00:00+00:00,tt_depok,31.0,31.0,31.0
TEST,1,2026-08-20 21:00:00+00:00,tt_gatsu,45.0,45.0,45.0
TEST,1,2026-08-20 21:00:00+00:00,tt_grogol,40.0,40.0,40.0
TEST,1,2026-08-20 21:00:00+00:00,tt_kebonjeruk,35.0,35.0,35.0
TEST,1,2026-08-20 21:00:00+00:00,tt_kelapagading,29.0,29.0,29.0
TEST,1,2026-08-20 21:00:00+00:00,tt_kuningan,21.0,21.0,21.0
TEST,1,2026-08-20 21:00:00+00:00,tt_sudirman,39.0,39.0,38.0
TEST,1,2026-08-20 21:00:00+00:00,tt_tangerang,48.0,48.0,48.0
TEST,1,2026-08-20 21:00:00+00:00,tt_tbsimatupang,72.0,72.0,72.0
TEST,1,2026-08-20 21:00:00+00:00,tt_thamrin,22.0,22.0,21.8
TEST,1,2026-08-20 22:00:00+00:00,tt_bekasi,18.0,18.0,18.0
TEST,1,2026-08-20 22:00:00+00:00,tt_bogor,45.0,45.0,45.0
TEST,1,2026-08-20 22:00:00+00:00,tt_bsd,34.0,34.0,33.6
TEST,1,2026-08-20 22:00:00+00:00,tt_cawang,43.0,43.0,40.9
TEST,1,2026-08-20 22:00:00+00:00,tt_depok,31.0,31.0,31.0
TEST,1,2026-08-20 22:00:00+00:00,tt_gatsu,45.0,45.0,45.0
TEST,1,2026-08-20 22:00:00+00:00,tt_grogol,40.0,40.0,40.0
TEST,1,2026-08-20 22:00:00+00:00,tt_kebonjeruk,35.0,35.0,35.0
TEST,1,2026-08-20 22:00:00+00:00,tt_kelapagading,29.0,29.0,29.0
TEST,1,2026-08-20 22:00:00+00:00,tt_kuningan,21.0,21.0,21.0
TEST,1,2026-08-20 22:00:00+00:00,tt_sudirman,39.0,39.0,38.0
TEST,1,2026-08-20 22:00:00+00:00,tt_tangerang,48.0,48.0,48.0
TEST,1,2026-08-20 22:00:00+00:00,tt_tbsimatupang,72.0,72.0,72.0
TEST,1,2026-08-20 22:00:00+00:00,tt_thamrin,22.0,22.0,22.0
TEST,1,2026-08-21 00:00:00+00:00,tt_bekasi,18.0,18.0,18.0
TEST,1,2026-08-21 00:00:00+00:00,tt_bogor,35.0,45.0,36.2
TEST,1,2026-08-21 00:00:00+00:00,tt_bsd,29.0,34.0,31.5
TEST,1,2026-08-21 00:00:00+00:00,tt_cawang,18.0,43.0,22.6
TEST,1,2026-08-21 00:00:00+00:00,tt_depok,25.0,31.0,30.2
TEST,1,2026-08-21 00:00:00+00:00,tt_gatsu,45.0,45.0,44.2
TEST,1,2026-08-21 00:00:00+00:00,tt_grogol,34.0,40.0,35.9
TEST,1,2026-08-21 00:00:00+00:00,tt_kebonjeruk,25.0,35.0,29.5
TEST,1,2026-08-21 00:00:00+00:00,tt_kelapagading,26.0,29.0,28.3
TEST,1,2026-08-21 00:00:00+00:00,tt_kuningan,21.0,21.0,21.0
TEST,1,2026-08-21 00:00:00+00:00,tt_sudirman,31.0,39.0,31.4
TEST,1,2026-08-21 00:00:00+00:00,tt_tangerang,37.0,48.0,44.3
TEST,1,2026-08-21 00:00:00+00:00,tt_tbsimatupang,32.0,72.0,42.1
TEST,1,2026-08-21 00:00:00+00:00,tt_thamrin,22.0,22.0,20.3
TEST,1,2026-08-21 02:00:00+00:00,tt_bekasi,17.0,18.0,17.692307692307693
TEST,1,2026-08-21 02:00:00+00:00,tt_bogor,37.0,35.0,36.46153846153846
TEST,1,2026-08-21 02:00:00+00:00,tt_bsd,28.0,29.0,32.30769230769231
TEST,1,2026-08-21 02:00:00+00:00,tt_cawang,19.0,18.0,21.0
TEST,1,2026-08-21 02:00:00+00:00,tt_depok,26.0,25.0,29.23076923076923
TEST,1,2026-08-21 02:00:00+00:00,tt_gatsu,45.0,45.0,40.76923076923077
TEST,1,2026-08-21 02:00:00+00:00,tt_grogol,31.0,34.0,31.076923076923077
TEST,1,2026-08-21 02:00:00+00:00,tt_kebonjeruk,26.0,25.0,25.307692307692307
TEST,1,2026-08-21 02:00:00+00:00,tt_kelapagading,29.0,26.0,26.846153846153847
TEST,1,2026-08-21 02:00:00+00:00,tt_kuningan,21.0,21.0,18.23076923076923
TEST,1,2026-08-21 02:00:00+00:00,tt_sudirman,23.0,31.0,25.384615384615383
TEST,1,2026-08-21 02:00:00+00:00,tt_tangerang,37.0,37.0,43.84615384615385
TEST,1,2026-08-21 02:00:00+00:00,tt_tbsimatupang,37.0,32.0,29.923076923076923
TEST,1,2026-08-21 02:00:00+00:00,tt_thamrin,22.0,22.0,17.846153846153847
TEST,1,2026-08-21 03:00:00+00:00,tt_bekasi,15.0,17.0,17.727272727272727
TEST,1,2026-08-21 03:00:00+00:00,tt_bogor,38.0,37.0,37.90909090909091
TEST,1,2026-08-21 03:00:00+00:00,tt_bsd,34.0,28.0,32.0
TEST,1,2026-08-21 03:00:00+00:00,tt_cawang,21.0,19.0,21.818181818181817
TEST,1,2026-08-21 03:00:00+00:00,tt_depok,31.0,26.0,26.545454545454547
TEST,1,2026-08-21 03:00:00+00:00,tt_gatsu,45.0,45.0,43.90909090909091
TEST,1,2026-08-21 03:00:00+00:00,tt_grogol,27.0,31.0,31.272727272727273
TEST,1,2026-08-21 03:00:00+00:00,tt_kebonjeruk,24.0,26.0,25.0
TEST,1,2026-08-21 03:00:00+00:00,tt_kelapagading,23.0,29.0,24.636363636363637
TEST,1,2026-08-21 03:00:00+00:00,tt_kuningan,16.0,21.0,18.545454545454547
TEST,1,2026-08-21 03:00:00+00:00,tt_sudirman,28.0,23.0,32.27272727272727
TEST,1,2026-08-21 03:00:00+00:00,tt_tangerang,48.0,37.0,39.54545454545455
TEST,1,2026-08-21 03:00:00+00:00,tt_tbsimatupang,48.0,37.0,37.45454545454545
TEST,1,2026-08-21 03:00:00+00:00,tt_thamrin,16.0,22.0,18.90909090909091
TEST,1,2026-08-21 05:00:00+00:00,tt_bekasi,16.0,15.0,18.0
TEST,1,2026-08-21 05:00:00+00:00,tt_bogor,45.0,38.0,39.6
TEST,1,2026-08-21 05:00:00+00:00,tt_bsd,34.0,34.0,32.4
TEST,1,2026-08-21 05:00:00+00:00,tt_cawang,43.0,21.0,23.3
TEST,1,2026-08-21 05:00:00+00:00,tt_depok,31.0,31.0,28.2
TEST,1,2026-08-21 05:00:00+00:00,tt_gatsu,45.0,45.0,45.0
TEST,1,2026-08-21 05:00:00+00:00,tt_grogol,32.0,27.0,32.0
TEST,1,2026-08-21 05:00:00+00:00,tt_kebonjeruk,27.0,24.0,25.2
TEST,1,2026-08-21 05:00:00+00:00,tt_kelapagading,23.0,23.0,21.4
TEST,1,2026-08-21 05:00:00+00:00,tt_kuningan,21.0,16.0,18.2
TEST,1,2026-08-21 05:00:00+00:00,tt_sudirman,34.0,28.0,28.4
TEST,1,2026-08-21 05:00:00+00:00,tt_tangerang,48.0,48.0,39.6
TEST,1,2026-08-21 05:00:00+00:00,tt_tbsimatupang,72.0,48.0,45.0
TEST,1,2026-08-21 05:00:00+00:00,tt_thamrin,21.0,16.0,18.9
TEST,1,2026-08-21 07:00:00+00:00,tt_bekasi,14.0,16.0,17.75
TEST,1,2026-08-21 07:00:00+00:00,tt_bogor,35.0,45.0,36.083333333333336
TEST,1,2026-08-21 07:00:00+00:00,tt_bsd,34.0,34.0,31.75
TEST,1,2026-08-21 07:00:00+00:00,tt_cawang,28.0,43.0,28.666666666666668
TEST,1,2026-08-21 07:00:00+00:00,tt_depok,25.0,31.0,26.5
TEST,1,2026-08-21 07:00:00+00:00,tt_gatsu,36.0,45.0,34.5
TEST,1,2026-08-21 07:00:00+00:00,tt_grogol,28.0,32.0,31.666666666666668
TEST,1,2026-08-21 07:00:00+00:00,tt_kebonjeruk,21.0,27.0,22.416666666666668
TEST,1,2026-08-21 07:00:00+00:00,tt_kelapagading,20.0,23.0,21.166666666666668
TEST,1,2026-08-21 07:00:00+00:00,tt_kuningan,21.0,21.0,18.666666666666668
TEST,1,2026-08-21 07:00:00+00:00,tt_sudirman,18.0,34.0,24.583333333333332
TEST,1,2026-08-21 07:00:00+00:00,tt_tangerang,39.0,48.0,43.666666666666664
TEST,1,2026-08-21 07:00:00+00:00,tt_tbsimatupang,52.0,72.0,56.416666666666664
TEST,1,2026-08-21 07:00:00+00:00,tt_thamrin,18.0,21.0,17.0
TEST,1,2026-08-21 08:00:00+00:00,tt_bekasi,16.0,14.0,15.923076923076923
TEST,1,2026-08-21 08:00:00+00:00,tt_bogor,34.0,35.0,34.61538461538461
TEST,1,2026-08-21 08:00:00+00:00,tt_bsd,34.0,34.0,32.07692307692308
TEST,1,2026-08-21 08:00:00+00:00,tt_cawang,31.0,28.0,35.15384615384615
TEST,1,2026-08-21 08:00:00+00:00,tt_depok,25.0,25.0,27.384615384615383
TEST,1,2026-08-21 08:00:00+00:00,tt_gatsu,35.0,36.0,30.46153846153846
TEST,1,2026-08-21 08:00:00+00:00,tt_grogol,29.0,28.0,31.384615384615383
TEST,1,2026-08-21 08:00:00+00:00,tt_kebonjeruk,24.0,21.0,21.923076923076923
TEST,1,2026-08-21 08:00:00+00:00,tt_kelapagading,21.0,20.0,20.923076923076923
TEST,1,2026-08-21 08:00:00+00:00,tt_kuningan,17.0,21.0,19.53846153846154
TEST,1,2026-08-21 08:00:00+00:00,tt_sudirman,24.0,18.0,22.846153846153847
TEST,1,2026-08-21 08:00:00+00:00,tt_tangerang,40.0,39.0,37.61538461538461
TEST,1,2026-08-21 08:00:00+00:00,tt_tbsimatupang,38.0,52.0,43.0
TEST,1,2026-08-21 08:00:00+00:00,tt_thamrin,10.0,18.0,15.461538461538462
TEST,1,2026-08-21 10:00:00+00:00,tt_bekasi,15.0,16.0,15.3
TEST,1,2026-08-21 10:00:00+00:00,tt_bogor,32.0,34.0,31.5
TEST,1,2026-08-21 10:00:00+00:00,tt_bsd,34.0,34.0,32.0
TEST,1,2026-08-21 10:00:00+00:00,tt_cawang,22.0,31.0,29.9
TEST,1,2026-08-21 10:00:00+00:00,tt_depok,24.0,25.0,23.6
TEST,1,2026-08-21 10:00:00+00:00,tt_gatsu,34.0,35.0,23.1
TEST,1,2026-08-21 10:00:00+00:00,tt_grogol,32.0,29.0,32.1
TEST,1,2026-08-21 10:00:00+00:00,tt_kebonjeruk,20.0,24.0,21.4
TEST,1,2026-08-21 10:00:00+00:00,tt_kelapagading,19.0,21.0,20.9
TEST,1,2026-08-21 10:00:00+00:00,tt_kuningan,13.0,17.0,15.3
TEST,1,2026-08-21 10:00:00+00:00,tt_sudirman,22.0,24.0,19.4
TEST,1,2026-08-21 10:00:00+00:00,tt_tangerang,29.0,40.0,36.3
TEST,1,2026-08-21 10:00:00+00:00,tt_tbsimatupang,27.0,38.0,34.0
TEST,1,2026-08-21 10:00:00+00:00,tt_thamrin,19.0,10.0,15.5
TEST,1,2026-08-21 12:00:00+00:00,tt_bekasi,13.0,15.0,14.857142857142858
TEST,1,2026-08-21 12:00:00+00:00,tt_bogor,32.0,32.0,34.0
TEST,1,2026-08-21 12:00:00+00:00,tt_bsd,34.0,34.0,32.642857142857146
TEST,1,2026-08-21 12:00:00+00:00,tt_cawang,34.0,22.0,34.142857142857146
TEST,1,2026-08-21 12:00:00+00:00,tt_depok,26.0,24.0,23.857142857142858
TEST,1,2026-08-21 12:00:00+00:00,tt_gatsu,15.0,34.0,24.785714285714285
TEST,1,2026-08-21 12:00:00+00:00,tt_grogol,32.0,32.0,33.07142857142857
TEST,1,2026-08-21 12:00:00+00:00,tt_kebonjeruk,19.0,20.0,23.571428571428573
TEST,1,2026-08-21 12:00:00+00:00,tt_kelapagading,18.0,19.0,20.714285714285715
TEST,1,2026-08-21 12:00:00+00:00,tt_kuningan,13.0,13.0,13.785714285714286
TEST,1,2026-08-21 12:00:00+00:00,tt_sudirman,18.0,22.0,23.714285714285715
TEST,1,2026-08-21 12:00:00+00:00,tt_tangerang,32.0,29.0,43.57142857142857
TEST,1,2026-08-21 12:00:00+00:00,tt_tbsimatupang,27.0,27.0,58.92857142857143
TEST,1,2026-08-21 12:00:00+00:00,tt_thamrin,9.0,19.0,12.785714285714286
TEST,1,2026-08-21 13:00:00+00:00,tt_bekasi,18.0,13.0,17.2
TEST,1,2026-08-21 13:00:00+00:00,tt_bogor,45.0,32.0,40.9
TEST,1,2026-08-21 13:00:00+00:00,tt_bsd,34.0,34.0,31.6
TEST,1,2026-08-21 13:00:00+00:00,tt_cawang,32.0,34.0,40.6
TEST,1,2026-08-21 13:00:00+00:00,tt_depok,25.0,26.0,25.0
TEST,1,2026-08-21 13:00:00+00:00,tt_gatsu,45.0,15.0,43.3
TEST,1,2026-08-21 13:00:00+00:00,tt_grogol,40.0,32.0,37.9
TEST,1,2026-08-21 13:00:00+00:00,tt_kebonjeruk,25.0,19.0,25.3
TEST,1,2026-08-21 13:00:00+00:00,tt_kelapagading,21.0,18.0,24.2
TEST,1,2026-08-21 13:00:00+00:00,tt_kuningan,21.0,13.0,16.2
TEST,1,2026-08-21 13:00:00+00:00,tt_sudirman,31.0,18.0,30.6
TEST,1,2026-08-21 13:00:00+00:00,tt_tangerang,48.0,32.0,46.2
TEST,1,2026-08-21 13:00:00+00:00,tt_tbsimatupang,72.0,27.0,67.6
TEST,1,2026-08-21 13:00:00+00:00,tt_thamrin,16.0,9.0,15.7
TEST,3,2026-08-18 04:00:00+00:00,tt_bekasi,15.0,16.0,17.666666666666668
TEST,3,2026-08-18 04:00:00+00:00,tt_bogor,33.0,34.0,39.25
TEST,3,2026-08-18 04:00:00+00:00,tt_bsd,28.0,34.0,32.833333333333336
TEST,3,2026-08-18 04:00:00+00:00,tt_cawang,22.0,19.0,20.25
TEST,3,2026-08-18 04:00:00+00:00,tt_depok,31.0,27.0,26.916666666666668
TEST,3,2026-08-18 04:00:00+00:00,tt_gatsu,32.0,45.0,45.0
TEST,3,2026-08-18 04:00:00+00:00,tt_grogol,27.0,24.0,31.5
TEST,3,2026-08-18 04:00:00+00:00,tt_kebonjeruk,25.0,27.0,25.166666666666668
TEST,3,2026-08-18 04:00:00+00:00,tt_kelapagading,29.0,29.0,22.5
TEST,3,2026-08-18 04:00:00+00:00,tt_kuningan,16.0,21.0,19.166666666666668
TEST,3,2026-08-18 04:00:00+00:00,tt_sudirman,24.0,33.0,31.666666666666668
TEST,3,2026-08-18 04:00:00+00:00,tt_tangerang,36.0,38.0,38.166666666666664
TEST,3,2026-08-18 04:00:00+00:00,tt_tbsimatupang,55.0,31.0,38.5
TEST,3,2026-08-18 04:00:00+00:00,tt_thamrin,18.0,19.0,19.166666666666668
TEST,3,2026-08-18 05:00:00+00:00,tt_bekasi,15.0,16.0,18.0
TEST,3,2026-08-18 05:00:00+00:00,tt_bogor,38.0,36.0,39.6
TEST,3,2026-08-18 05:00:00+00:00,tt_bsd,28.0,34.0,32.4
TEST,3,2026-08-18 05:00:00+00:00,tt_cawang,28.0,21.0,23.3
TEST,3,2026-08-18 05:00:00+00:00,tt_depok,26.0,31.0,28.2
TEST,3,2026-08-18 05:00:00+00:00,tt_gatsu,45.0,33.0,45.0
TEST,3,2026-08-18 05:00:00+00:00,tt_grogol,36.0,26.0,32.0
TEST,3,2026-08-18 05:00:00+00:00,tt_kebonjeruk,22.0,26.0,25.2
TEST,3,2026-08-18 05:00:00+00:00,tt_kelapagading,22.0,29.0,21.4
TEST,3,2026-08-18 05:00:00+00:00,tt_kuningan,21.0,21.0,18.2
TEST,3,2026-08-18 05:00:00+00:00,tt_sudirman,31.0,23.0,28.4
TEST,3,2026-08-18 05:00:00+00:00,tt_tangerang,41.0,48.0,39.6
TEST,3,2026-08-18 05:00:00+00:00,tt_tbsimatupang,51.0,16.0,45.0
TEST,3,2026-08-18 05:00:00+00:00,tt_thamrin,20.0,17.0,18.9
TEST,3,2026-08-18 07:00:00+00:00,tt_bekasi,15.0,15.0,17.75
TEST,3,2026-08-18 07:00:00+00:00,tt_bogor,34.0,33.0,36.083333333333336
TEST,3,2026-08-18 07:00:00+00:00,tt_bsd,30.0,28.0,31.75
TEST,3,2026-08-18 07:00:00+00:00,tt_cawang,43.0,22.0,28.666666666666668
TEST,3,2026-08-18 07:00:00+00:00,tt_depok,31.0,31.0,26.5
TEST,3,2026-08-18 07:00:00+00:00,tt_gatsu,45.0,32.0,34.5
TEST,3,2026-08-18 07:00:00+00:00,tt_grogol,32.0,27.0,31.666666666666668
TEST,3,2026-08-18 07:00:00+00:00,tt_kebonjeruk,25.0,25.0,22.416666666666668
TEST,3,2026-08-18 07:00:00+00:00,tt_kelapagading,22.0,29.0,21.166666666666668
TEST,3,2026-08-18 07:00:00+00:00,tt_kuningan,15.0,16.0,18.666666666666668
TEST,3,2026-08-18 07:00:00+00:00,tt_sudirman,28.0,24.0,24.583333333333332
TEST,3,2026-08-18 07:00:00+00:00,tt_tangerang,38.0,36.0,43.666666666666664
TEST,3,2026-08-18 07:00:00+00:00,tt_tbsimatupang,57.0,55.0,56.416666666666664
TEST,3,2026-08-18 07:00:00+00:00,tt_thamrin,22.0,18.0,17.0
TEST,3,2026-08-18 09:00:00+00:00,tt_bekasi,14.0,15.0,15.692307692307692
TEST,3,2026-08-18 09:00:00+00:00,tt_bogor,35.0,38.0,33.84615384615385
TEST,3,2026-08-18 09:00:00+00:00,tt_bsd,28.0,28.0,32.69230769230769
TEST,3,2026-08-18 09:00:00+00:00,tt_cawang,29.0,28.0,30.923076923076923
TEST,3,2026-08-18 09:00:00+00:00,tt_depok,24.0,26.0,23.846153846153847
TEST,3,2026-08-18 09:00:00+00:00,tt_gatsu,45.0,45.0,36.0
TEST,3,2026-08-18 09:00:00+00:00,tt_grogol,32.0,36.0,32.15384615384615
TEST,3,2026-08-18 09:00:00+00:00,tt_kebonjeruk,23.0,22.0,22.692307692307693
TEST,3,2026-08-18 09:00:00+00:00,tt_kelapagading,23.0,22.0,21.692307692307693
TEST,3,2026-08-18 09:00:00+00:00,tt_kuningan,21.0,21.0,18.46153846153846
TEST,3,2026-08-18 09:00:00+00:00,tt_sudirman,31.0,31.0,24.0
TEST,3,2026-08-18 09:00:00+00:00,tt_tangerang,38.0,41.0,40.53846153846154
TEST,3,2026-08-18 09:00:00+00:00,tt_tbsimatupang,43.0,51.0,40.46153846153846
TEST,3,2026-08-18 09:00:00+00:00,tt_thamrin,22.0,20.0,17.615384615384617
TEST,3,2026-08-18 10:00:00+00:00,tt_bekasi,14.0,15.0,15.3
TEST,3,2026-08-18 10:00:00+00:00,tt_bogor,35.0,34.0,31.5
TEST,3,2026-08-18 10:00:00+00:00,tt_bsd,34.0,30.0,32.0
TEST,3,2026-08-18 10:00:00+00:00,tt_cawang,30.0,43.0,29.9
TEST,3,2026-08-18 10:00:00+00:00,tt_depok,25.0,31.0,23.6
TEST,3,2026-08-18 10:00:00+00:00,tt_gatsu,4.0,45.0,23.1
TEST,3,2026-08-18 10:00:00+00:00,tt_grogol,31.0,32.0,32.1
TEST,3,2026-08-18 10:00:00+00:00,tt_kebonjeruk,21.0,25.0,21.4
TEST,3,2026-08-18 10:00:00+00:00,tt_kelapagading,21.0,22.0,20.9
TEST,3,2026-08-18 10:00:00+00:00,tt_kuningan,14.0,15.0,15.3
TEST,3,2026-08-18 10:00:00+00:00,tt_sudirman,23.0,28.0,19.4
TEST,3,2026-08-18 10:00:00+00:00,tt_tangerang,34.0,38.0,36.3
TEST,3,2026-08-18 10:00:00+00:00,tt_tbsimatupang,44.0,57.0,34.0
TEST,3,2026-08-18 10:00:00+00:00,tt_thamrin,22.0,22.0,15.5
TEST,3,2026-08-18 12:00:00+00:00,tt_bekasi,14.0,14.0,14.857142857142858
TEST,3,2026-08-18 12:00:00+00:00,tt_bogor,35.0,35.0,34.0
TEST,3,2026-08-18 12:00:00+00:00,tt_bsd,34.0,28.0,32.642857142857146
TEST,3,2026-08-18 12:00:00+00:00,tt_cawang,34.0,29.0,34.142857142857146
TEST,3,2026-08-18 12:00:00+00:00,tt_depok,26.0,24.0,23.857142857142858
TEST,3,2026-08-18 12:00:00+00:00,tt_gatsu,45.0,45.0,24.785714285714285
TEST,3,2026-08-18 12:00:00+00:00,tt_grogol,32.0,32.0,33.07142857142857
TEST,3,2026-08-18 12:00:00+00:00,tt_kebonjeruk,25.0,23.0,23.571428571428573
TEST,3,2026-08-18 12:00:00+00:00,tt_kelapagading,22.0,23.0,20.714285714285715
TEST,3,2026-08-18 12:00:00+00:00,tt_kuningan,13.0,21.0,13.785714285714286
TEST,3,2026-08-18 12:00:00+00:00,tt_sudirman,29.0,31.0,23.714285714285715
TEST,3,2026-08-18 12:00:00+00:00,tt_tangerang,48.0,38.0,43.57142857142857
TEST,3,2026-08-18 12:00:00+00:00,tt_tbsimatupang,72.0,43.0,58.92857142857143
TEST,3,2026-08-18 12:00:00+00:00,tt_thamrin,17.0,22.0,12.785714285714286
TEST,3,2026-08-18 14:00:00+00:00,tt_bekasi,16.0,14.0,17.23076923076923
TEST,3,2026-08-18 14:00:00+00:00,tt_bogor,45.0,35.0,39.30769230769231
TEST,3,2026-08-18 14:00:00+00:00,tt_bsd,34.0,34.0,33.23076923076923
TEST,3,2026-08-18 14:00:00+00:00,tt_cawang,32.0,30.0,39.53846153846154
TEST,3,2026-08-18 14:00:00+00:00,tt_depok,26.0,25.0,27.0
TEST,3,2026-08-18 14:00:00+00:00,tt_gatsu,45.0,4.0,45.0
TEST,3,2026-08-18 14:00:00+00:00,tt_grogol,40.0,31.0,38.30769230769231
TEST,3,2026-08-18 14:00:00+00:00,tt_kebonjeruk,31.0,21.0,28.692307692307693
TEST,3,2026-08-18 14:00:00+00:00,tt_kelapagading,29.0,21.0,25.615384615384617
TEST,3,2026-08-18 14:00:00+00:00,tt_kuningan,16.0,14.0,18.23076923076923
TEST,3,2026-08-18 14:00:00+00:00,tt_sudirman,30.0,23.0,31.153846153846153
TEST,3,2026-08-18 14:00:00+00:00,tt_tangerang,48.0,34.0,48.0
TEST,3,2026-08-18 14:00:00+00:00,tt_tbsimatupang,72.0,44.0,68.23076923076923
TEST,3,2026-08-18 14:00:00+00:00,tt_thamrin,22.0,22.0,17.846153846153847
TEST,3,2026-08-18 15:00:00+00:00,tt_bekasi,16.0,14.0,18.0
TEST,3,2026-08-18 15:00:00+00:00,tt_bogor,45.0,35.0,43.416666666666664
TEST,3,2026-08-18 15:00:00+00:00,tt_bsd,34.0,34.0,34.0
TEST,3,2026-08-18 15:00:00+00:00,tt_cawang,43.0,34.0,39.75
TEST,3,2026-08-18 15:00:00+00:00,tt_depok,31.0,26.0,30.5
TEST,3,2026-08-18 15:00:00+00:00,tt_gatsu,45.0,45.0,45.0
TEST,3,2026-08-18 15:00:00+00:00,tt_grogol,40.0,32.0,40.0
TEST,3,2026-08-18 15:00:00+00:00,tt_kebonjeruk,35.0,25.0,34.166666666666664
TEST,3,2026-08-18 15:00:00+00:00,tt_kelapagading,29.0,22.0,28.333333333333332
TEST,3,2026-08-18 15:00:00+00:00,tt_kuningan,21.0,13.0,19.666666666666668
TEST,3,2026-08-18 15:00:00+00:00,tt_sudirman,39.0,29.0,35.833333333333336
TEST,3,2026-08-18 15:00:00+00:00,tt_tangerang,48.0,48.0,46.333333333333336
TEST,3,2026-08-18 15:00:00+00:00,tt_tbsimatupang,72.0,72.0,72.0
TEST,3,2026-08-18 15:00:00+00:00,tt_thamrin,22.0,17.0,18.583333333333332
TEST,3,2026-08-18 17:00:00+00:00,tt_bekasi,17.0,16.0,18.0
TEST,3,2026-08-18 17:00:00+00:00,tt_bogor,45.0,45.0,44.27272727272727
TEST,3,2026-08-18 17:00:00+00:00,tt_bsd,34.0,34.0,33.63636363636363
TEST,3,2026-08-18 17:00:00+00:00,tt_cawang,43.0,32.0,43.0
TEST,3,2026-08-18 17:00:00+00:00,tt_depok,31.0,26.0,31.0
TEST,3,2026-08-18 17:00:00+00:00,tt_gatsu,45.0,45.0,45.0
TEST,3,2026-08-18 17:00:00+00:00,tt_grogol,40.0,40.0,39.45454545454545
TEST,3,2026-08-18 17:00:00+00:00,tt_kebonjeruk,35.0,31.0,35.0
TEST,3,2026-08-18 17:00:00+00:00,tt_kelapagading,29.0,29.0,29.0
TEST,3,2026-08-18 17:00:00+00:00,tt_kuningan,21.0,16.0,21.0
TEST,3,2026-08-18 17:00:00+00:00,tt_sudirman,39.0,30.0,38.0
TEST,3,2026-08-18 17:00:00+00:00,tt_tangerang,48.0,48.0,48.0
TEST,3,2026-08-18 17:00:00+00:00,tt_tbsimatupang,72.0,72.0,72.0
TEST,3,2026-08-18 17:00:00+00:00,tt_thamrin,22.0,22.0,22.0
TEST,3,2026-08-18 19:00:00+00:00,tt_bekasi,17.0,16.0,18.0
TEST,3,2026-08-18 19:00:00+00:00,tt_bogor,45.0,45.0,44.72727272727273
TEST,3,2026-08-18 19:00:00+00:00,tt_bsd,34.0,34.0,34.0
TEST,3,2026-08-18 19:00:00+00:00,tt_cawang,43.0,43.0,43.0
TEST,3,2026-08-18 19:00:00+00:00,tt_depok,31.0,31.0,31.0
TEST,3,2026-08-18 19:00:00+00:00,tt_gatsu,45.0,45.0,45.0
TEST,3,2026-08-18 19:00:00+00:00,tt_grogol,40.0,40.0,40.0
TEST,3,2026-08-18 19:00:00+00:00,tt_kebonjeruk,35.0,35.0,35.0
TEST,3,2026-08-18 19:00:00+00:00,tt_kelapagading,29.0,29.0,29.0
TEST,3,2026-08-18 19:00:00+00:00,tt_kuningan,21.0,21.0,21.0
TEST,3,2026-08-18 19:00:00+00:00,tt_sudirman,39.0,39.0,38.0
TEST,3,2026-08-18 19:00:00+00:00,tt_tangerang,48.0,48.0,48.0
TEST,3,2026-08-18 19:00:00+00:00,tt_tbsimatupang,72.0,72.0,72.0
TEST,3,2026-08-18 19:00:00+00:00,tt_thamrin,22.0,22.0,22.0
TEST,3,2026-08-18 20:00:00+00:00,tt_bekasi,17.0,17.0,18.0
TEST,3,2026-08-18 20:00:00+00:00,tt_bogor,45.0,45.0,45.0
TEST,3,2026-08-18 20:00:00+00:00,tt_bsd,34.0,34.0,34.0
TEST,3,2026-08-18 20:00:00+00:00,tt_cawang,43.0,43.0,43.0
TEST,3,2026-08-18 20:00:00+00:00,tt_depok,31.0,31.0,31.0
TEST,3,2026-08-18 20:00:00+00:00,tt_gatsu,45.0,45.0,45.0
TEST,3,2026-08-18 20:00:00+00:00,tt_grogol,40.0,40.0,40.0
TEST,3,2026-08-18 20:00:00+00:00,tt_kebonjeruk,35.0,35.0,35.0
TEST,3,2026-08-18 20:00:00+00:00,tt_kelapagading,29.0,29.0,29.0
TEST,3,2026-08-18 20:00:00+00:00,tt_kuningan,21.0,21.0,21.0
TEST,3,2026-08-18 20:00:00+00:00,tt_sudirman,39.0,39.0,38.0
TEST,3,2026-08-18 20:00:00+00:00,tt_tangerang,48.0,48.0,48.0
TEST,3,2026-08-18 20:00:00+00:00,tt_tbsimatupang,72.0,72.0,72.0
TEST,3,2026-08-18 20:00:00+00:00,tt_thamrin,22.0,22.0,22.0
TEST,3,2026-08-18 22:00:00+00:00,tt_bekasi,17.0,17.0,18.0
TEST,3,2026-08-18 22:00:00+00:00,tt_bogor,45.0,45.0,45.0
TEST,3,2026-08-18 22:00:00+00:00,tt_bsd,34.0,34.0,33.6
TEST,3,2026-08-18 22:00:00+00:00,tt_cawang,43.0,43.0,40.9
TEST,3,2026-08-18 22:00:00+00:00,tt_depok,31.0,31.0,31.0
TEST,3,2026-08-18 22:00:00+00:00,tt_gatsu,45.0,45.0,45.0
TEST,3,2026-08-18 22:00:00+00:00,tt_grogol,40.0,40.0,40.0
TEST,3,2026-08-18 22:00:00+00:00,tt_kebonjeruk,35.0,35.0,35.0
TEST,3,2026-08-18 22:00:00+00:00,tt_kelapagading,29.0,29.0,29.0
TEST,3,2026-08-18 22:00:00+00:00,tt_kuningan,21.0,21.0,21.0
TEST,3,2026-08-18 22:00:00+00:00,tt_sudirman,39.0,39.0,38.0
TEST,3,2026-08-18 22:00:00+00:00,tt_tangerang,48.0,48.0,48.0
TEST,3,2026-08-18 22:00:00+00:00,tt_tbsimatupang,72.0,72.0,72.0
TEST,3,2026-08-18 22:00:00+00:00,tt_thamrin,22.0,22.0,22.0
TEST,3,2026-08-19 00:00:00+00:00,tt_bekasi,15.0,17.0,18.0
TEST,3,2026-08-19 00:00:00+00:00,tt_bogor,35.0,45.0,36.2
TEST,3,2026-08-19 00:00:00+00:00,tt_bsd,29.0,34.0,31.5
TEST,3,2026-08-19 00:00:00+00:00,tt_cawang,20.0,43.0,22.6
TEST,3,2026-08-19 00:00:00+00:00,tt_depok,31.0,31.0,30.2
TEST,3,2026-08-19 00:00:00+00:00,tt_gatsu,45.0,45.0,44.2
TEST,3,2026-08-19 00:00:00+00:00,tt_grogol,40.0,40.0,35.9
TEST,3,2026-08-19 00:00:00+00:00,tt_kebonjeruk,27.0,35.0,29.5
TEST,3,2026-08-19 00:00:00+00:00,tt_kelapagading,29.0,29.0,28.3
TEST,3,2026-08-19 00:00:00+00:00,tt_kuningan,21.0,21.0,21.0
TEST,3,2026-08-19 00:00:00+00:00,tt_sudirman,39.0,39.0,31.4
TEST,3,2026-08-19 00:00:00+00:00,tt_tangerang,48.0,48.0,44.3
TEST,3,2026-08-19 00:00:00+00:00,tt_tbsimatupang,39.0,72.0,42.1
TEST,3,2026-08-19 00:00:00+00:00,tt_thamrin,19.0,22.0,20.3
TEST,3,2026-08-19 01:00:00+00:00,tt_bekasi,16.0,17.0,17.818181818181817
TEST,3,2026-08-19 01:00:00+00:00,tt_bogor,37.0,45.0,37.18181818181818
TEST,3,2026-08-19 01:00:00+00:00,tt_bsd,34.0,34.0,31.181818181818183
TEST,3,2026-08-19 01:00:00+00:00,tt_cawang,13.0,43.0,23.818181818181817
TEST,3,2026-08-19 01:00:00+00:00,tt_depok,27.0,31.0,28.363636363636363
TEST,3,2026-08-19 01:00:00+00:00,tt_gatsu,13.0,45.0,42.27272727272727
TEST,3,2026-08-19 01:00:00+00:00,tt_grogol,32.0,40.0,34.36363636363637
TEST,3,2026-08-19 01:00:00+00:00,tt_kebonjeruk,25.0,35.0,29.181818181818183
TEST,3,2026-08-19 01:00:00+00:00,tt_kelapagading,29.0,29.0,28.181818181818183
TEST,3,2026-08-19 01:00:00+00:00,tt_kuningan,21.0,21.0,21.0
TEST,3,2026-08-19 01:00:00+00:00,tt_sudirman,22.0,39.0,26.363636363636363
TEST,3,2026-08-19 01:00:00+00:00,tt_tangerang,39.0,48.0,42.45454545454545
TEST,3,2026-08-19 01:00:00+00:00,tt_tbsimatupang,18.0,72.0,35.45454545454545
TEST,3,2026-08-19 01:00:00+00:00,tt_thamrin,22.0,22.0,18.454545454545453
TEST,3,2026-08-19 03:00:00+00:00,tt_bekasi,16.0,15.0,17.727272727272727
TEST,3,2026-08-19 03:00:00+00:00,tt_bogor,37.0,35.0,37.90909090909091
TEST,3,2026-08-19 03:00:00+00:00,tt_bsd,34.0,29.0,32.0
TEST,3,2026-08-19 03:00:00+00:00,tt_cawang,20.0,20.0,21.818181818181817
TEST,3,2026-08-19 03:00:00+00:00,tt_depok,31.0,31.0,26.545454545454547
TEST,3,2026-08-19 03:00:00+00:00,tt_gatsu,45.0,45.0,43.90909090909091
TEST,3,2026-08-19 03:00:00+00:00,tt_grogol,31.0,40.0,31.272727272727273
TEST,3,2026-08-19 03:00:00+00:00,tt_kebonjeruk,23.0,27.0,25.0
TEST,3,2026-08-19 03:00:00+00:00,tt_kelapagading,29.0,29.0,24.636363636363637
TEST,3,2026-08-19 03:00:00+00:00,tt_kuningan,16.0,21.0,18.545454545454547
TEST,3,2026-08-19 03:00:00+00:00,tt_sudirman,24.0,39.0,32.27272727272727
TEST,3,2026-08-19 03:00:00+00:00,tt_tangerang,40.0,48.0,39.54545454545455
TEST,3,2026-08-19 03:00:00+00:00,tt_tbsimatupang,33.0,39.0,37.45454545454545
TEST,3,2026-08-19 03:00:00+00:00,tt_thamrin,20.0,19.0,18.90909090909091
TEST,3,2026-08-19 05:00:00+00:00,tt_bekasi,15.0,16.0,18.0
TEST,3,2026-08-19 05:00:00+00:00,tt_bogor,32.0,37.0,39.6
TEST,3,2026-08-19 05:00:00+00:00,tt_bsd,34.0,34.0,32.4
TEST,3,2026-08-19 05:00:00+00:00,tt_cawang,17.0,13.0,23.3
TEST,3,2026-08-19 05:00:00+00:00,tt_depok,31.0,27.0,28.2
TEST,3,2026-08-19 05:00:00+00:00,tt_gatsu,45.0,13.0,45.0
TEST,3,2026-08-19 05:00:00+00:00,tt_grogol,31.0,32.0,32.0
TEST,3,2026-08-19 05:00:00+00:00,tt_kebonjeruk,24.0,25.0,25.2
TEST,3,2026-08-19 05:00:00+00:00,tt_kelapagading,21.0,29.0,21.4
TEST,3,2026-08-19 05:00:00+00:00,tt_kuningan,17.0,21.0,18.2
TEST,3,2026-08-19 05:00:00+00:00,tt_sudirman,27.0,22.0,28.4
TEST,3,2026-08-19 05:00:00+00:00,tt_tangerang,40.0,39.0,39.6
TEST,3,2026-08-19 05:00:00+00:00,tt_tbsimatupang,43.0,18.0,45.0
TEST,3,2026-08-19 05:00:00+00:00,tt_thamrin,17.0,22.0,18.9
TEST,3,2026-08-19 06:00:00+00:00,tt_bekasi,18.0,16.0,17.083333333333332
TEST,3,2026-08-19 06:00:00+00:00,tt_bogor,35.0,37.0,36.166666666666664
TEST,3,2026-08-19 06:00:00+00:00,tt_bsd,34.0,34.0,33.666666666666664
TEST,3,2026-08-19 06:00:00+00:00,tt_cawang,19.0,20.0,21.333333333333332
TEST,3,2026-08-19 06:00:00+00:00,tt_depok,27.0,31.0,26.25
TEST,3,2026-08-19 06:00:00+00:00,tt_gatsu,30.0,45.0,42.5
TEST,3,2026-08-19 06:00:00+00:00,tt_grogol,27.0,31.0,31.333333333333332
TEST,3,2026-08-19 06:00:00+00:00,tt_kebonjeruk,21.0,23.0,24.083333333333332
TEST,3,2026-08-19 06:00:00+00:00,tt_kelapagading,21.0,29.0,20.083333333333332
TEST,3,2026-08-19 06:00:00+00:00,tt_kuningan,21.0,16.0,19.166666666666668
TEST,3,2026-08-19 06:00:00+00:00,tt_sudirman,18.0,24.0,26.75
TEST,3,2026-08-19 06:00:00+00:00,tt_tangerang,38.0,40.0,38.583333333333336
TEST,3,2026-08-19 06:00:00+00:00,tt_tbsimatupang,48.0,33.0,48.833333333333336
TEST,3,2026-08-19 06:00:00+00:00,tt_thamrin,13.0,20.0,18.75
TEST,3,2026-08-19 08:00:00+00:00,tt_bekasi,15.0,15.0,15.923076923076923
TEST,3,2026-08-19 08:00:00+00:00,tt_bogor,34.0,32.0,34.61538461538461
TEST,3,2026-08-19 08:00:00+00:00,tt_bsd,28.0,34.0,32.07692307692308
TEST,3,2026-08-19 08:00:00+00:00,tt_cawang,32.0,17.0,35.15384615384615
TEST,3,2026-08-19 08:00:00+00:00,tt_depok,25.0,31.0,27.384615384615383
TEST,3,2026-08-19 08:00:00+00:00,tt_gatsu,26.0,45.0,30.46153846153846
TEST,3,2026-08-19 08:00:00+00:00,tt_grogol,27.0,31.0,31.384615384615383
TEST,3,2026-08-19 08:00:00+00:00,tt_kebonjeruk,18.0,24.0,21.923076923076923
TEST,3,2026-08-19 08:00:00+00:00,tt_kelapagading,22.0,21.0,20.923076923076923
TEST,3,2026-08-19 08:00:00+00:00,tt_kuningan,21.0,17.0,19.53846153846154
TEST,3,2026-08-19 08:00:00+00:00,tt_sudirman,22.0,27.0,22.846153846153847
TEST,3,2026-08-19 08:00:00+00:00,tt_tangerang,48.0,40.0,37.61538461538461
TEST,3,2026-08-19 08:00:00+00:00,tt_tbsimatupang,32.0,43.0,43.0
TEST,3,2026-08-19 08:00:00+00:00,tt_thamrin,8.0,17.0,15.461538461538462
TEST,3,2026-08-19 10:00:00+00:00,tt_bekasi,13.0,18.0,15.3
TEST,3,2026-08-19 10:00:00+00:00,tt_bogor,30.0,35.0,31.5
TEST,3,2026-08-19 10:00:00+00:00,tt_bsd,34.0,34.0,32.0
TEST,3,2026-08-19 10:00:00+00:00,tt_cawang,43.0,19.0,29.9
TEST,3,2026-08-19 10:00:00+00:00,tt_depok,23.0,27.0,23.6
TEST,3,2026-08-19 10:00:00+00:00,tt_gatsu,23.0,30.0,23.1
TEST,3,2026-08-19 10:00:00+00:00,tt_grogol,30.0,27.0,32.1
TEST,3,2026-08-19 10:00:00+00:00,tt_kebonjeruk,19.0,21.0,21.4
TEST,3,2026-08-19 10:00:00+00:00,tt_kelapagading,22.0,21.0,20.9
TEST,3,2026-08-19 10:00:00+00:00,tt_kuningan,16.0,21.0,15.3
TEST,3,2026-08-19 10:00:00+00:00,tt_sudirman,19.0,18.0,19.4
TEST,3,2026-08-19 10:00:00+00:00,tt_tangerang,28.0,38.0,36.3
TEST,3,2026-08-19 10:00:00+00:00,tt_tbsimatupang,34.0,48.0,34.0
TEST,3,2026-08-19 10:00:00+00:00,tt_thamrin,17.0,13.0,15.5
TEST,3,2026-08-19 11:00:00+00:00,tt_bekasi,18.0,15.0,14.692307692307692
TEST,3,2026-08-19 11:00:00+00:00,tt_bogor,33.0,34.0,33.07692307692308
TEST,3,2026-08-19 11:00:00+00:00,tt_bsd,27.0,28.0,32.07692307692308
TEST,3,2026-08-19 11:00:00+00:00,tt_cawang,43.0,32.0,29.23076923076923
TEST,3,2026-08-19 11:00:00+00:00,tt_depok,25.0,25.0,24.846153846153847
TEST,3,2026-08-19 11:00:00+00:00,tt_gatsu,35.0,26.0,16.615384615384617
TEST,3,2026-08-19 11:00:00+00:00,tt_grogol,32.0,27.0,32.69230769230769
TEST,3,2026-08-19 11:00:00+00:00,tt_kebonjeruk,21.0,18.0,21.923076923076923
TEST,3,2026-08-19 11:00:00+00:00,tt_kelapagading,20.0,22.0,20.076923076923077
TEST,3,2026-08-19 11:00:00+00:00,tt_kuningan,16.0,21.0,15.153846153846153
TEST,3,2026-08-19 11:00:00+00:00,tt_sudirman,16.0,22.0,18.53846153846154
TEST,3,2026-08-19 11:00:00+00:00,tt_tangerang,26.0,48.0,38.0
TEST,3,2026-08-19 11:00:00+00:00,tt_tbsimatupang,44.0,32.0,39.92307692307692
TEST,3,2026-08-19 11:00:00+00:00,tt_thamrin,10.0,8.0,13.0
TEST,3,2026-08-19 13:00:00+00:00,tt_bekasi,18.0,13.0,17.2
TEST,3,2026-08-19 13:00:00+00:00,tt_bogor,45.0,30.0,40.9
TEST,3,2026-08-19 13:00:00+00:00,tt_bsd,34.0,34.0,31.6
TEST,3,2026-08-19 13:00:00+00:00,tt_cawang,43.0,43.0,40.6
TEST,3,2026-08-19 13:00:00+00:00,tt_depok,25.0,23.0,25.0
TEST,3,2026-08-19 13:00:00+00:00,tt_gatsu,45.0,23.0,43.3
TEST,3,2026-08-19 13:00:00+00:00,tt_grogol,31.0,30.0,37.9
TEST,3,2026-08-19 13:00:00+00:00,tt_kebonjeruk,27.0,19.0,25.3
TEST,3,2026-08-19 13:00:00+00:00,tt_kelapagading,23.0,22.0,24.2
TEST,3,2026-08-19 13:00:00+00:00,tt_kuningan,13.0,16.0,16.2
TEST,3,2026-08-19 13:00:00+00:00,tt_sudirman,30.0,19.0,30.6
TEST,3,2026-08-19 13:00:00+00:00,tt_tangerang,48.0,28.0,46.2
TEST,3,2026-08-19 13:00:00+00:00,tt_tbsimatupang,72.0,34.0,67.6
TEST,3,2026-08-19 13:00:00+00:00,tt_thamrin,20.0,17.0,15.7
TEST,3,2026-08-19 15:00:00+00:00,tt_bekasi,16.0,18.0,18.0
TEST,3,2026-08-19 15:00:00+00:00,tt_bogor,38.0,33.0,43.416666666666664
TEST,3,2026-08-19 15:00:00+00:00,tt_bsd,34.0,27.0,34.0
TEST,3,2026-08-19 15:00:00+00:00,tt_cawang,32.0,43.0,39.75
TEST,3,2026-08-19 15:00:00+00:00,tt_depok,31.0,25.0,30.5
TEST,3,2026-08-19 15:00:00+00:00,tt_gatsu,45.0,35.0,45.0
TEST,3,2026-08-19 15:00:00+00:00,tt_grogol,40.0,32.0,40.0
TEST,3,2026-08-19 15:00:00+00:00,tt_kebonjeruk,31.0,21.0,34.166666666666664
TEST,3,2026-08-19 15:00:00+00:00,tt_kelapagading,29.0,20.0,28.333333333333332
TEST,3,2026-08-19 15:00:00+00:00,tt_kuningan,21.0,16.0,19.666666666666668
TEST,3,2026-08-19 15:00:00+00:00,tt_sudirman,29.0,16.0,35.833333333333336
TEST,3,2026-08-19 15:00:00+00:00,tt_tangerang,48.0,26.0,46.333333333333336
TEST,3,2026-08-19 15:00:00+00:00,tt_tbsimatupang,72.0,44.0,72.0
TEST,3,2026-08-19 15:00:00+00:00,tt_thamrin,21.0,10.0,18.583333333333332
TEST,3,2026-08-19 16:00:00+00:00,tt_bekasi,18.0,18.0,18.0
TEST,3,2026-08-19 16:00:00+00:00,tt_bogor,45.0,45.0,43.44444444444444
TEST,3,2026-08-19 16:00:00+00:00,tt_bsd,34.0,34.0,34.0
TEST,3,2026-08-19 16:00:00+00:00,tt_cawang,43.0,43.0,42.22222222222222
TEST,3,2026-08-19 16:00:00+00:00,tt_depok,31.0,25.0,31.0
TEST,3,2026-08-19 16:00:00+00:00,tt_gatsu,45.0,45.0,45.0
TEST,3,2026-08-19 16:00:00+00:00,tt_grogol,40.0,31.0,40.0
TEST,3,2026-08-19 16:00:00+00:00,tt_kebonjeruk,35.0,27.0,34.333333333333336
TEST,3,2026-08-19 16:00:00+00:00,tt_kelapagading,29.0,23.0,28.555555555555557
TEST,3,2026-08-19 16:00:00+00:00,tt_kuningan,21.0,13.0,20.11111111111111
TEST,3,2026-08-19 16:00:00+00:00,tt_sudirman,39.0,30.0,37.22222222222222
TEST,3,2026-08-19 16:00:00+00:00,tt_tangerang,48.0,48.0,48.0
TEST,3,2026-08-19 16:00:00+00:00,tt_tbsimatupang,72.0,72.0,72.0
TEST,3,2026-08-19 16:00:00+00:00,tt_thamrin,22.0,20.0,20.0
TEST,3,2026-08-19 18:00:00+00:00,tt_bekasi,18.0,16.0,18.0
TEST,3,2026-08-19 18:00:00+00:00,tt_bogor,45.0,38.0,45.0
TEST,3,2026-08-19 18:00:00+00:00,tt_bsd,34.0,34.0,34.0
TEST,3,2026-08-19 18:00:00+00:00,tt_cawang,43.0,32.0,43.0
TEST,3,2026-08-19 18:00:00+00:00,tt_depok,31.0,31.0,31.0
TEST,3,2026-08-19 18:00:00+00:00,tt_gatsu,45.0,45.0,45.0
TEST,3,2026-08-19 18:00:00+00:00,tt_grogol,40.0,40.0,40.0
TEST,3,2026-08-19 18:00:00+00:00,tt_kebonjeruk,35.0,31.0,35.0
TEST,3,2026-08-19 18:00:00+00:00,tt_kelapagading,29.0,29.0,29.0
TEST,3,2026-08-19 18:00:00+00:00,tt_kuningan,21.0,21.0,20.636363636363637
TEST,3,2026-08-19 18:00:00+00:00,tt_sudirman,39.0,29.0,38.0
TEST,3,2026-08-19 18:00:00+00:00,tt_tangerang,44.0,48.0,48.0
TEST,3,2026-08-19 18:00:00+00:00,tt_tbsimatupang,72.0,72.0,72.0
TEST,3,2026-08-19 18:00:00+00:00,tt_thamrin,22.0,21.0,22.0
TEST,3,2026-08-19 20:00:00+00:00,tt_bekasi,18.0,18.0,18.0
TEST,3,2026-08-19 20:00:00+00:00,tt_bogor,45.0,45.0,45.0
TEST,3,2026-08-19 20:00:00+00:00,tt_bsd,34.0,34.0,34.0
TEST,3,2026-08-19 20:00:00+00:00,tt_cawang,43.0,43.0,43.0
TEST,3,2026-08-19 20:00:00+00:00,tt_depok,31.0,31.0,31.0
TEST,3,2026-08-19 20:00:00+00:00,tt_gatsu,45.0,45.0,45.0
TEST,3,2026-08-19 20:00:00+00:00,tt_grogol,40.0,40.0,40.0
TEST,3,2026-08-19 20:00:00+00:00,tt_kebonjeruk,35.0,35.0,35.0
TEST,3,2026-08-19 20:00:00+00:00,tt_kelapagading,29.0,29.0,29.0
TEST,3,2026-08-19 20:00:00+00:00,tt_kuningan,21.0,21.0,21.0
TEST,3,2026-08-19 20:00:00+00:00,tt_sudirman,39.0,39.0,38.0
TEST,3,2026-08-19 20:00:00+00:00,tt_tangerang,48.0,48.0,48.0
TEST,3,2026-08-19 20:00:00+00:00,tt_tbsimatupang,72.0,72.0,72.0
TEST,3,2026-08-19 20:00:00+00:00,tt_thamrin,22.0,22.0,22.0
TEST,3,2026-08-19 21:00:00+00:00,tt_bekasi,18.0,18.0,18.0
TEST,3,2026-08-19 21:00:00+00:00,tt_bogor,45.0,45.0,45.0
TEST,3,2026-08-19 21:00:00+00:00,tt_bsd,34.0,34.0,34.0
TEST,3,2026-08-19 21:00:00+00:00,tt_cawang,43.0,43.0,43.0
TEST,3,2026-08-19 21:00:00+00:00,tt_depok,31.0,31.0,31.0
TEST,3,2026-08-19 21:00:00+00:00,tt_gatsu,45.0,45.0,45.0
TEST,3,2026-08-19 21:00:00+00:00,tt_grogol,40.0,40.0,40.0
TEST,3,2026-08-19 21:00:00+00:00,tt_kebonjeruk,35.0,35.0,35.0
TEST,3,2026-08-19 21:00:00+00:00,tt_kelapagading,29.0,29.0,29.0
TEST,3,2026-08-19 21:00:00+00:00,tt_kuningan,21.0,21.0,21.0
TEST,3,2026-08-19 21:00:00+00:00,tt_sudirman,39.0,39.0,38.0
TEST,3,2026-08-19 21:00:00+00:00,tt_tangerang,48.0,44.0,48.0
TEST,3,2026-08-19 21:00:00+00:00,tt_tbsimatupang,72.0,72.0,72.0
TEST,3,2026-08-19 21:00:00+00:00,tt_thamrin,22.0,22.0,21.8
TEST,3,2026-08-19 23:00:00+00:00,tt_bekasi,17.0,18.0,18.0
TEST,3,2026-08-19 23:00:00+00:00,tt_bogor,35.0,45.0,40.72727272727273
TEST,3,2026-08-19 23:00:00+00:00,tt_bsd,34.0,34.0,34.0
TEST,3,2026-08-19 23:00:00+00:00,tt_cawang,26.0,43.0,27.636363636363637
TEST,3,2026-08-19 23:00:00+00:00,tt_depok,31.0,31.0,30.363636363636363
TEST,3,2026-08-19 23:00:00+00:00,tt_gatsu,45.0,45.0,45.0
TEST,3,2026-08-19 23:00:00+00:00,tt_grogol,35.0,40.0,36.27272727272727
TEST,3,2026-08-19 23:00:00+00:00,tt_kebonjeruk,30.0,35.0,32.09090909090909
TEST,3,2026-08-19 23:00:00+00:00,tt_kelapagading,29.0,29.0,27.181818181818183
TEST,3,2026-08-19 23:00:00+00:00,tt_kuningan,21.0,21.0,21.0
TEST,3,2026-08-19 23:00:00+00:00,tt_sudirman,39.0,39.0,36.54545454545455
TEST,3,2026-08-19 23:00:00+00:00,tt_tangerang,48.0,48.0,47.36363636363637
TEST,3,2026-08-19 23:00:00+00:00,tt_tbsimatupang,72.0,72.0,53.90909090909091
TEST,3,2026-08-19 23:00:00+00:00,tt_thamrin,20.0,22.0,20.181818181818183
TEST,3,2026-08-20 01:00:00+00:00,tt_bekasi,18.0,18.0,17.818181818181817
TEST,3,2026-08-20 01:00:00+00:00,tt_bogor,35.0,45.0,37.18181818181818
TEST,3,2026-08-20 01:00:00+00:00,tt_bsd,29.0,34.0,31.181818181818183
TEST,3,2026-08-20 01:00:00+00:00,tt_cawang,14.0,43.0,23.818181818181817
TEST,3,2026-08-20 01:00:00+00:00,tt_depok,31.0,31.0,28.363636363636363
TEST,3,2026-08-20 01:00:00+00:00,tt_gatsu,37.0,45.0,42.27272727272727
TEST,3,2026-08-20 01:00:00+00:00,tt_grogol,30.0,40.0,34.36363636363637
TEST,3,2026-08-20 01:00:00+00:00,tt_kebonjeruk,26.0,35.0,29.181818181818183
TEST,3,2026-08-20 01:00:00+00:00,tt_kelapagading,29.0,29.0,28.181818181818183
TEST,3,2026-08-20 01:00:00+00:00,tt_kuningan,21.0,21.0,21.0
TEST,3,2026-08-20 01:00:00+00:00,tt_sudirman,27.0,39.0,26.363636363636363
TEST,3,2026-08-20 01:00:00+00:00,tt_tangerang,36.0,48.0,42.45454545454545
TEST,3,2026-08-20 01:00:00+00:00,tt_tbsimatupang,18.0,72.0,35.45454545454545
TEST,3,2026-08-20 01:00:00+00:00,tt_thamrin,18.0,22.0,18.454545454545453
TEST,3,2026-08-20 02:00:00+00:00,tt_bekasi,18.0,17.0,17.692307692307693
TEST,3,2026-08-20 02:00:00+00:00,tt_bogor,40.0,35.0,36.46153846153846
TEST,3,2026-08-20 02:00:00+00:00,tt_bsd,34.0,34.0,32.30769230769231
TEST,3,2026-08-20 02:00:00+00:00,tt_cawang,18.0,26.0,21.0
TEST,3,2026-08-20 02:00:00+00:00,tt_depok,31.0,31.0,29.23076923076923
TEST,3,2026-08-20 02:00:00+00:00,tt_gatsu,45.0,45.0,40.76923076923077
TEST,3,2026-08-20 02:00:00+00:00,tt_grogol,30.0,35.0,31.076923076923077
TEST,3,2026-08-20 02:00:00+00:00,tt_kebonjeruk,26.0,30.0,25.307692307692307
TEST,3,2026-08-20 02:00:00+00:00,tt_kelapagading,25.0,29.0,26.846153846153847
TEST,3,2026-08-20 02:00:00+00:00,tt_kuningan,21.0,21.0,18.23076923076923
TEST,3,2026-08-20 02:00:00+00:00,tt_sudirman,25.0,39.0,25.384615384615383
TEST,3,2026-08-20 02:00:00+00:00,tt_tangerang,48.0,48.0,43.84615384615385
TEST,3,2026-08-20 02:00:00+00:00,tt_tbsimatupang,21.0,72.0,29.923076923076923
TEST,3,2026-08-20 02:00:00+00:00,tt_thamrin,18.0,20.0,17.846153846153847
TEST,3,2026-08-20 04:00:00+00:00,tt_bekasi,15.0,18.0,17.666666666666668
TEST,3,2026-08-20 04:00:00+00:00,tt_bogor,35.0,35.0,39.25
TEST,3,2026-08-20 04:00:00+00:00,tt_bsd,34.0,29.0,32.833333333333336
TEST,3,2026-08-20 04:00:00+00:00,tt_cawang,20.0,14.0,20.25
TEST,3,2026-08-20 04:00:00+00:00,tt_depok,27.0,31.0,26.916666666666668
TEST,3,2026-08-20 04:00:00+00:00,tt_gatsu,45.0,37.0,45.0
TEST,3,2026-08-20 04:00:00+00:00,tt_grogol,25.0,30.0,31.5
TEST,3,2026-08-20 04:00:00+00:00,tt_kebonjeruk,25.0,26.0,25.166666666666668
TEST,3,2026-08-20 04:00:00+00:00,tt_kelapagading,22.0,29.0,22.5
TEST,3,2026-08-20 04:00:00+00:00,tt_kuningan,21.0,21.0,19.166666666666668
TEST,3,2026-08-20 04:00:00+00:00,tt_sudirman,26.0,27.0,31.666666666666668
TEST,3,2026-08-20 04:00:00+00:00,tt_tangerang,48.0,36.0,38.166666666666664
TEST,3,2026-08-20 04:00:00+00:00,tt_tbsimatupang,45.0,18.0,38.5
TEST,3,2026-08-20 04:00:00+00:00,tt_thamrin,13.0,18.0,19.166666666666668
TEST,3,2026-08-20 06:00:00+00:00,tt_bekasi,15.0,18.0,17.083333333333332
TEST,3,2026-08-20 06:00:00+00:00,tt_bogor,39.0,40.0,36.166666666666664
TEST,3,2026-08-20 06:00:00+00:00,tt_bsd,34.0,34.0,33.666666666666664
TEST,3,2026-08-20 06:00:00+00:00,tt_cawang,28.0,18.0,21.333333333333332
TEST,3,2026-08-20 06:00:00+00:00,tt_depok,29.0,31.0,26.25
TEST,3,2026-08-20 06:00:00+00:00,tt_gatsu,28.0,45.0,42.5
TEST,3,2026-08-20 06:00:00+00:00,tt_grogol,29.0,30.0,31.333333333333332
TEST,3,2026-08-20 06:00:00+00:00,tt_kebonjeruk,25.0,26.0,24.083333333333332
TEST,3,2026-08-20 06:00:00+00:00,tt_kelapagading,20.0,25.0,20.083333333333332
TEST,3,2026-08-20 06:00:00+00:00,tt_kuningan,16.0,21.0,19.166666666666668
TEST,3,2026-08-20 06:00:00+00:00,tt_sudirman,21.0,25.0,26.75
TEST,3,2026-08-20 06:00:00+00:00,tt_tangerang,38.0,48.0,38.583333333333336
TEST,3,2026-08-20 06:00:00+00:00,tt_tbsimatupang,27.0,21.0,48.833333333333336
TEST,3,2026-08-20 06:00:00+00:00,tt_thamrin,12.0,18.0,18.75
TEST,3,2026-08-20 07:00:00+00:00,tt_bekasi,16.0,15.0,17.75
TEST,3,2026-08-20 07:00:00+00:00,tt_bogor,36.0,35.0,36.083333333333336
TEST,3,2026-08-20 07:00:00+00:00,tt_bsd,34.0,34.0,31.75
TEST,3,2026-08-20 07:00:00+00:00,tt_cawang,21.0,20.0,28.666666666666668
TEST,3,2026-08-20 07:00:00+00:00,tt_depok,26.0,27.0,26.5
TEST,3,2026-08-20 07:00:00+00:00,tt_gatsu,20.0,45.0,34.5
TEST,3,2026-08-20 07:00:00+00:00,tt_grogol,29.0,25.0,31.666666666666668
TEST,3,2026-08-20 07:00:00+00:00,tt_kebonjeruk,22.0,25.0,22.416666666666668
TEST,3,2026-08-20 07:00:00+00:00,tt_kelapagading,20.0,22.0,21.166666666666668
TEST,3,2026-08-20 07:00:00+00:00,tt_kuningan,21.0,21.0,18.666666666666668
TEST,3,2026-08-20 07:00:00+00:00,tt_sudirman,20.0,26.0,24.583333333333332
TEST,3,2026-08-20 07:00:00+00:00,tt_tangerang,37.0,48.0,43.666666666666664
TEST,3,2026-08-20 07:00:00+00:00,tt_tbsimatupang,49.0,45.0,56.416666666666664
TEST,3,2026-08-20 07:00:00+00:00,tt_thamrin,12.0,13.0,17.0
TEST,3,2026-08-20 09:00:00+00:00,tt_bekasi,14.0,15.0,15.692307692307692
TEST,3,2026-08-20 09:00:00+00:00,tt_bogor,34.0,39.0,33.84615384615385
TEST,3,2026-08-20 09:00:00+00:00,tt_bsd,28.0,34.0,32.69230769230769
TEST,3,2026-08-20 09:00:00+00:00,tt_cawang,30.0,28.0,30.923076923076923
TEST,3,2026-08-20 09:00:00+00:00,tt_depok,26.0,29.0,23.846153846153847
TEST,3,2026-08-20 09:00:00+00:00,tt_gatsu,32.0,28.0,36.0
TEST,3,2026-08-20 09:00:00+00:00,tt_grogol,31.0,29.0,32.15384615384615
TEST,3,2026-08-20 09:00:00+00:00,tt_kebonjeruk,21.0,25.0,22.692307692307693
TEST,3,2026-08-20 09:00:00+00:00,tt_kelapagading,21.0,20.0,21.692307692307693
TEST,3,2026-08-20 09:00:00+00:00,tt_kuningan,13.0,16.0,18.46153846153846
TEST,3,2026-08-20 09:00:00+00:00,tt_sudirman,23.0,21.0,24.0
TEST,3,2026-08-20 09:00:00+00:00,tt_tangerang,34.0,38.0,40.53846153846154
TEST,3,2026-08-20 09:00:00+00:00,tt_tbsimatupang,47.0,27.0,40.46153846153846
TEST,3,2026-08-20 09:00:00+00:00,tt_thamrin,18.0,12.0,17.615384615384617
TEST,3,2026-08-20 11:00:00+00:00,tt_bekasi,18.0,16.0,14.692307692307692
TEST,3,2026-08-20 11:00:00+00:00,tt_bogor,35.0,36.0,33.07692307692308
TEST,3,2026-08-20 11:00:00+00:00,tt_bsd,34.0,34.0,32.07692307692308
TEST,3,2026-08-20 11:00:00+00:00,tt_cawang,33.0,21.0,29.23076923076923
TEST,3,2026-08-20 11:00:00+00:00,tt_depok,26.0,26.0,24.846153846153847
TEST,3,2026-08-20 11:00:00+00:00,tt_gatsu,7.0,20.0,16.615384615384617
TEST,3,2026-08-20 11:00:00+00:00,tt_grogol,29.0,29.0,32.69230769230769
TEST,3,2026-08-20 11:00:00+00:00,tt_kebonjeruk,18.0,22.0,21.923076923076923
TEST,3,2026-08-20 11:00:00+00:00,tt_kelapagading,21.0,20.0,20.076923076923077
TEST,3,2026-08-20 11:00:00+00:00,tt_kuningan,16.0,21.0,15.153846153846153
TEST,3,2026-08-20 11:00:00+00:00,tt_sudirman,12.0,20.0,18.53846153846154
TEST,3,2026-08-20 11:00:00+00:00,tt_tangerang,35.0,37.0,38.0
TEST,3,2026-08-20 11:00:00+00:00,tt_tbsimatupang,24.0,49.0,39.92307692307692
TEST,3,2026-08-20 11:00:00+00:00,tt_thamrin,10.0,12.0,13.0
TEST,3,2026-08-20 12:00:00+00:00,tt_bekasi,14.0,14.0,14.857142857142858
TEST,3,2026-08-20 12:00:00+00:00,tt_bogor,37.0,34.0,34.0
TEST,3,2026-08-20 12:00:00+00:00,tt_bsd,34.0,28.0,32.642857142857146
TEST,3,2026-08-20 12:00:00+00:00,tt_cawang,43.0,30.0,34.142857142857146
TEST,3,2026-08-20 12:00:00+00:00,tt_depok,24.0,26.0,23.857142857142858
TEST,3,2026-08-20 12:00:00+00:00,tt_gatsu,10.0,32.0,24.785714285714285
TEST,3,2026-08-20 12:00:00+00:00,tt_grogol,32.0,31.0,33.07142857142857
TEST,3,2026-08-20 12:00:00+00:00,tt_kebonjeruk,23.0,21.0,23.571428571428573
TEST,3,2026-08-20 12:00:00+00:00,tt_kelapagading,21.0,21.0,20.714285714285715
TEST,3,2026-08-20 12:00:00+00:00,tt_kuningan,13.0,13.0,13.785714285714286
TEST,3,2026-08-20 12:00:00+00:00,tt_sudirman,22.0,23.0,23.714285714285715
TEST,3,2026-08-20 12:00:00+00:00,tt_tangerang,48.0,34.0,43.57142857142857
TEST,3,2026-08-20 12:00:00+00:00,tt_tbsimatupang,40.0,47.0,58.92857142857143
TEST,3,2026-08-20 12:00:00+00:00,tt_thamrin,9.0,18.0,12.785714285714286
TEST,3,2026-08-20 14:00:00+00:00,tt_bekasi,18.0,18.0,17.23076923076923
TEST,3,2026-08-20 14:00:00+00:00,tt_bogor,38.0,35.0,39.30769230769231
TEST,3,2026-08-20 14:00:00+00:00,tt_bsd,27.0,34.0,33.23076923076923
TEST,3,2026-08-20 14:00:00+00:00,tt_cawang,32.0,33.0,39.53846153846154
TEST,3,2026-08-20 14:00:00+00:00,tt_depok,31.0,26.0,27.0
TEST,3,2026-08-20 14:00:00+00:00,tt_gatsu,45.0,7.0,45.0
TEST,3,2026-08-20 14:00:00+00:00,tt_grogol,40.0,29.0,38.30769230769231
TEST,3,2026-08-20 14:00:00+00:00,tt_kebonjeruk,28.0,18.0,28.692307692307693
TEST,3,2026-08-20 14:00:00+00:00,tt_kelapagading,29.0,21.0,25.615384615384617
TEST,3,2026-08-20 14:00:00+00:00,tt_kuningan,16.0,16.0,18.23076923076923
TEST,3,2026-08-20 14:00:00+00:00,tt_sudirman,39.0,12.0,31.153846153846153
TEST,3,2026-08-20 14:00:00+00:00,tt_tangerang,48.0,35.0,48.0
TEST,3,2026-08-20 14:00:00+00:00,tt_tbsimatupang,59.0,24.0,68.23076923076923
TEST,3,2026-08-20 14:00:00+00:00,tt_thamrin,13.0,10.0,17.846153846153847
TEST,3,2026-08-20 16:00:00+00:00,tt_bekasi,15.0,14.0,18.0
TEST,3,2026-08-20 16:00:00+00:00,tt_bogor,45.0,37.0,43.44444444444444
TEST,3,2026-08-20 16:00:00+00:00,tt_bsd,34.0,34.0,34.0
TEST,3,2026-08-20 16:00:00+00:00,tt_cawang,43.0,43.0,42.22222222222222
TEST,3,2026-08-20 16:00:00+00:00,tt_depok,31.0,24.0,31.0
TEST,3,2026-08-20 16:00:00+00:00,tt_gatsu,45.0,10.0,45.0
TEST,3,2026-08-20 16:00:00+00:00,tt_grogol,40.0,32.0,40.0
TEST,3,2026-08-20 16:00:00+00:00,tt_kebonjeruk,35.0,23.0,34.333333333333336
TEST,3,2026-08-20 16:00:00+00:00,tt_kelapagading,29.0,21.0,28.555555555555557
TEST,3,2026-08-20 16:00:00+00:00,tt_kuningan,21.0,13.0,20.11111111111111
TEST,3,2026-08-20 16:00:00+00:00,tt_sudirman,39.0,22.0,37.22222222222222
TEST,3,2026-08-20 16:00:00+00:00,tt_tangerang,48.0,48.0,48.0
TEST,3,2026-08-20 16:00:00+00:00,tt_tbsimatupang,72.0,40.0,72.0
TEST,3,2026-08-20 16:00:00+00:00,tt_thamrin,22.0,9.0,20.0
TEST,3,2026-08-20 17:00:00+00:00,tt_bekasi,18.0,18.0,18.0
TEST,3,2026-08-20 17:00:00+00:00,tt_bogor,45.0,38.0,44.27272727272727
TEST,3,2026-08-20 17:00:00+00:00,tt_bsd,34.0,27.0,33.63636363636363
TEST,3,2026-08-20 17:00:00+00:00,tt_cawang,43.0,32.0,43.0
TEST,3,2026-08-20 17:00:00+00:00,tt_depok,31.0,31.0,31.0
TEST,3,2026-08-20 17:00:00+00:00,tt_gatsu,45.0,45.0,45.0
TEST,3,2026-08-20 17:00:00+00:00,tt_grogol,40.0,40.0,39.45454545454545
TEST,3,2026-08-20 17:00:00+00:00,tt_kebonjeruk,35.0,28.0,35.0
TEST,3,2026-08-20 17:00:00+00:00,tt_kelapagading,29.0,29.0,29.0
TEST,3,2026-08-20 17:00:00+00:00,tt_kuningan,21.0,16.0,21.0
TEST,3,2026-08-20 17:00:00+00:00,tt_sudirman,39.0,39.0,38.0
TEST,3,2026-08-20 17:00:00+00:00,tt_tangerang,48.0,48.0,48.0
TEST,3,2026-08-20 17:00:00+00:00,tt_tbsimatupang,72.0,59.0,72.0
TEST,3,2026-08-20 17:00:00+00:00,tt_thamrin,22.0,13.0,22.0
TEST,3,2026-08-20 19:00:00+00:00,tt_bekasi,18.0,15.0,18.0
TEST,3,2026-08-20 19:00:00+00:00,tt_bogor,45.0,45.0,44.72727272727273
TEST,3,2026-08-20 19:00:00+00:00,tt_bsd,34.0,34.0,34.0
TEST,3,2026-08-20 19:00:00+00:00,tt_cawang,43.0,43.0,43.0
TEST,3,2026-08-20 19:00:00+00:00,tt_depok,31.0,31.0,31.0
TEST,3,2026-08-20 19:00:00+00:00,tt_gatsu,45.0,45.0,45.0
TEST,3,2026-08-20 19:00:00+00:00,tt_grogol,40.0,40.0,40.0
TEST,3,2026-08-20 19:00:00+00:00,tt_kebonjeruk,35.0,35.0,35.0
TEST,3,2026-08-20 19:00:00+00:00,tt_kelapagading,29.0,29.0,29.0
TEST,3,2026-08-20 19:00:00+00:00,tt_kuningan,21.0,21.0,21.0
TEST,3,2026-08-20 19:00:00+00:00,tt_sudirman,39.0,39.0,38.0
TEST,3,2026-08-20 19:00:00+00:00,tt_tangerang,48.0,48.0,48.0
TEST,3,2026-08-20 19:00:00+00:00,tt_tbsimatupang,72.0,72.0,72.0
TEST,3,2026-08-20 19:00:00+00:00,tt_thamrin,22.0,22.0,22.0
TEST,3,2026-08-20 21:00:00+00:00,tt_bekasi,18.0,18.0,18.0
TEST,3,2026-08-20 21:00:00+00:00,tt_bogor,45.0,45.0,45.0
TEST,3,2026-08-20 21:00:00+00:00,tt_bsd,34.0,34.0,34.0
TEST,3,2026-08-20 21:00:00+00:00,tt_cawang,43.0,43.0,43.0
TEST,3,2026-08-20 21:00:00+00:00,tt_depok,31.0,31.0,31.0
TEST,3,2026-08-20 21:00:00+00:00,tt_gatsu,45.0,45.0,45.0
TEST,3,2026-08-20 21:00:00+00:00,tt_grogol,40.0,40.0,40.0
TEST,3,2026-08-20 21:00:00+00:00,tt_kebonjeruk,35.0,35.0,35.0
TEST,3,2026-08-20 21:00:00+00:00,tt_kelapagading,29.0,29.0,29.0
TEST,3,2026-08-20 21:00:00+00:00,tt_kuningan,21.0,21.0,21.0
TEST,3,2026-08-20 21:00:00+00:00,tt_sudirman,39.0,39.0,38.0
TEST,3,2026-08-20 21:00:00+00:00,tt_tangerang,48.0,48.0,48.0
TEST,3,2026-08-20 21:00:00+00:00,tt_tbsimatupang,72.0,72.0,72.0
TEST,3,2026-08-20 21:00:00+00:00,tt_thamrin,22.0,22.0,21.8
TEST,3,2026-08-20 22:00:00+00:00,tt_bekasi,18.0,18.0,18.0
TEST,3,2026-08-20 22:00:00+00:00,tt_bogor,45.0,45.0,45.0
TEST,3,2026-08-20 22:00:00+00:00,tt_bsd,34.0,34.0,33.6
TEST,3,2026-08-20 22:00:00+00:00,tt_cawang,43.0,43.0,40.9
TEST,3,2026-08-20 22:00:00+00:00,tt_depok,31.0,31.0,31.0
TEST,3,2026-08-20 22:00:00+00:00,tt_gatsu,45.0,45.0,45.0
TEST,3,2026-08-20 22:00:00+00:00,tt_grogol,40.0,40.0,40.0
TEST,3,2026-08-20 22:00:00+00:00,tt_kebonjeruk,35.0,35.0,35.0
TEST,3,2026-08-20 22:00:00+00:00,tt_kelapagading,29.0,29.0,29.0
TEST,3,2026-08-20 22:00:00+00:00,tt_kuningan,21.0,21.0,21.0
TEST,3,2026-08-20 22:00:00+00:00,tt_sudirman,39.0,39.0,38.0
TEST,3,2026-08-20 22:00:00+00:00,tt_tangerang,48.0,48.0,48.0
TEST,3,2026-08-20 22:00:00+00:00,tt_tbsimatupang,72.0,72.0,72.0
TEST,3,2026-08-20 22:00:00+00:00,tt_thamrin,22.0,22.0,22.0
TEST,3,2026-08-21 00:00:00+00:00,tt_bekasi,18.0,18.0,18.0
TEST,3,2026-08-21 00:00:00+00:00,tt_bogor,35.0,45.0,36.2
TEST,3,2026-08-21 00:00:00+00:00,tt_bsd,29.0,34.0,31.5
TEST,3,2026-08-21 00:00:00+00:00,tt_cawang,18.0,43.0,22.6
TEST,3,2026-08-21 00:00:00+00:00,tt_depok,25.0,31.0,30.2
TEST,3,2026-08-21 00:00:00+00:00,tt_gatsu,45.0,45.0,44.2
TEST,3,2026-08-21 00:00:00+00:00,tt_grogol,34.0,40.0,35.9
TEST,3,2026-08-21 00:00:00+00:00,tt_kebonjeruk,25.0,35.0,29.5
TEST,3,2026-08-21 00:00:00+00:00,tt_kelapagading,26.0,29.0,28.3
TEST,3,2026-08-21 00:00:00+00:00,tt_kuningan,21.0,21.0,21.0
TEST,3,2026-08-21 00:00:00+00:00,tt_sudirman,31.0,39.0,31.4
TEST,3,2026-08-21 00:00:00+00:00,tt_tangerang,37.0,48.0,44.3
TEST,3,2026-08-21 00:00:00+00:00,tt_tbsimatupang,32.0,72.0,42.1
TEST,3,2026-08-21 00:00:00+00:00,tt_thamrin,22.0,22.0,20.3
TEST,3,2026-08-21 02:00:00+00:00,tt_bekasi,17.0,18.0,17.692307692307693
TEST,3,2026-08-21 02:00:00+00:00,tt_bogor,37.0,45.0,36.46153846153846
TEST,3,2026-08-21 02:00:00+00:00,tt_bsd,28.0,34.0,32.30769230769231
TEST,3,2026-08-21 02:00:00+00:00,tt_cawang,19.0,43.0,21.0
TEST,3,2026-08-21 02:00:00+00:00,tt_depok,26.0,31.0,29.23076923076923
TEST,3,2026-08-21 02:00:00+00:00,tt_gatsu,45.0,45.0,40.76923076923077
TEST,3,2026-08-21 02:00:00+00:00,tt_grogol,31.0,40.0,31.076923076923077
TEST,3,2026-08-21 02:00:00+00:00,tt_kebonjeruk,26.0,35.0,25.307692307692307
TEST,3,2026-08-21 02:00:00+00:00,tt_kelapagading,29.0,29.0,26.846153846153847
TEST,3,2026-08-21 02:00:00+00:00,tt_kuningan,21.0,21.0,18.23076923076923
TEST,3,2026-08-21 02:00:00+00:00,tt_sudirman,23.0,39.0,25.384615384615383
TEST,3,2026-08-21 02:00:00+00:00,tt_tangerang,37.0,48.0,43.84615384615385
TEST,3,2026-08-21 02:00:00+00:00,tt_tbsimatupang,37.0,72.0,29.923076923076923
TEST,3,2026-08-21 02:00:00+00:00,tt_thamrin,22.0,22.0,17.846153846153847
TEST,3,2026-08-21 03:00:00+00:00,tt_bekasi,15.0,18.0,17.727272727272727
TEST,3,2026-08-21 03:00:00+00:00,tt_bogor,38.0,35.0,37.90909090909091
TEST,3,2026-08-21 03:00:00+00:00,tt_bsd,34.0,29.0,32.0
TEST,3,2026-08-21 03:00:00+00:00,tt_cawang,21.0,18.0,21.818181818181817
TEST,3,2026-08-21 03:00:00+00:00,tt_depok,31.0,25.0,26.545454545454547
TEST,3,2026-08-21 03:00:00+00:00,tt_gatsu,45.0,45.0,43.90909090909091
TEST,3,2026-08-21 03:00:00+00:00,tt_grogol,27.0,34.0,31.272727272727273
TEST,3,2026-08-21 03:00:00+00:00,tt_kebonjeruk,24.0,25.0,25.0
TEST,3,2026-08-21 03:00:00+00:00,tt_kelapagading,23.0,26.0,24.636363636363637
TEST,3,2026-08-21 03:00:00+00:00,tt_kuningan,16.0,21.0,18.545454545454547
TEST,3,2026-08-21 03:00:00+00:00,tt_sudirman,28.0,31.0,32.27272727272727
TEST,3,2026-08-21 03:00:00+00:00,tt_tangerang,48.0,37.0,39.54545454545455
TEST,3,2026-08-21 03:00:00+00:00,tt_tbsimatupang,48.0,32.0,37.45454545454545
TEST,3,2026-08-21 03:00:00+00:00,tt_thamrin,16.0,22.0,18.90909090909091
TEST,3,2026-08-21 05:00:00+00:00,tt_bekasi,16.0,17.0,18.0
TEST,3,2026-08-21 05:00:00+00:00,tt_bogor,45.0,37.0,39.6
TEST,3,2026-08-21 05:00:00+00:00,tt_bsd,34.0,28.0,32.4
TEST,3,2026-08-21 05:00:00+00:00,tt_cawang,43.0,19.0,23.3
TEST,3,2026-08-21 05:00:00+00:00,tt_depok,31.0,26.0,28.2
TEST,3,2026-08-21 05:00:00+00:00,tt_gatsu,45.0,45.0,45.0
TEST,3,2026-08-21 05:00:00+00:00,tt_grogol,32.0,31.0,32.0
TEST,3,2026-08-21 05:00:00+00:00,tt_kebonjeruk,27.0,26.0,25.2
TEST,3,2026-08-21 05:00:00+00:00,tt_kelapagading,23.0,29.0,21.4
TEST,3,2026-08-21 05:00:00+00:00,tt_kuningan,21.0,21.0,18.2
TEST,3,2026-08-21 05:00:00+00:00,tt_sudirman,34.0,23.0,28.4
TEST,3,2026-08-21 05:00:00+00:00,tt_tangerang,48.0,37.0,39.6
TEST,3,2026-08-21 05:00:00+00:00,tt_tbsimatupang,72.0,37.0,45.0
TEST,3,2026-08-21 05:00:00+00:00,tt_thamrin,21.0,22.0,18.9
TEST,3,2026-08-21 07:00:00+00:00,tt_bekasi,14.0,15.0,17.75
TEST,3,2026-08-21 07:00:00+00:00,tt_bogor,35.0,38.0,36.083333333333336
TEST,3,2026-08-21 07:00:00+00:00,tt_bsd,34.0,34.0,31.75
TEST,3,2026-08-21 07:00:00+00:00,tt_cawang,28.0,21.0,28.666666666666668
TEST,3,2026-08-21 07:00:00+00:00,tt_depok,25.0,31.0,26.5
TEST,3,2026-08-21 07:00:00+00:00,tt_gatsu,36.0,45.0,34.5
TEST,3,2026-08-21 07:00:00+00:00,tt_grogol,28.0,27.0,31.666666666666668
TEST,3,2026-08-21 07:00:00+00:00,tt_kebonjeruk,21.0,24.0,22.416666666666668
TEST,3,2026-08-21 07:00:00+00:00,tt_kelapagading,20.0,23.0,21.166666666666668
TEST,3,2026-08-21 07:00:00+00:00,tt_kuningan,21.0,16.0,18.666666666666668
TEST,3,2026-08-21 07:00:00+00:00,tt_sudirman,18.0,28.0,24.583333333333332
TEST,3,2026-08-21 07:00:00+00:00,tt_tangerang,39.0,48.0,43.666666666666664
TEST,3,2026-08-21 07:00:00+00:00,tt_tbsimatupang,52.0,48.0,56.416666666666664
TEST,3,2026-08-21 07:00:00+00:00,tt_thamrin,18.0,16.0,17.0
TEST,3,2026-08-21 08:00:00+00:00,tt_bekasi,16.0,16.0,15.923076923076923
TEST,3,2026-08-21 08:00:00+00:00,tt_bogor,34.0,45.0,34.61538461538461
TEST,3,2026-08-21 08:00:00+00:00,tt_bsd,34.0,34.0,32.07692307692308
TEST,3,2026-08-21 08:00:00+00:00,tt_cawang,31.0,43.0,35.15384615384615
TEST,3,2026-08-21 08:00:00+00:00,tt_depok,25.0,31.0,27.384615384615383
TEST,3,2026-08-21 08:00:00+00:00,tt_gatsu,35.0,45.0,30.46153846153846
TEST,3,2026-08-21 08:00:00+00:00,tt_grogol,29.0,32.0,31.384615384615383
TEST,3,2026-08-21 08:00:00+00:00,tt_kebonjeruk,24.0,27.0,21.923076923076923
TEST,3,2026-08-21 08:00:00+00:00,tt_kelapagading,21.0,23.0,20.923076923076923
TEST,3,2026-08-21 08:00:00+00:00,tt_kuningan,17.0,21.0,19.53846153846154
TEST,3,2026-08-21 08:00:00+00:00,tt_sudirman,24.0,34.0,22.846153846153847
TEST,3,2026-08-21 08:00:00+00:00,tt_tangerang,40.0,48.0,37.61538461538461
TEST,3,2026-08-21 08:00:00+00:00,tt_tbsimatupang,38.0,72.0,43.0
TEST,3,2026-08-21 08:00:00+00:00,tt_thamrin,10.0,21.0,15.461538461538462
TEST,3,2026-08-21 10:00:00+00:00,tt_bekasi,15.0,14.0,15.3
TEST,3,2026-08-21 10:00:00+00:00,tt_bogor,32.0,35.0,31.5
TEST,3,2026-08-21 10:00:00+00:00,tt_bsd,34.0,34.0,32.0
TEST,3,2026-08-21 10:00:00+00:00,tt_cawang,22.0,28.0,29.9
TEST,3,2026-08-21 10:00:00+00:00,tt_depok,24.0,25.0,23.6
TEST,3,2026-08-21 10:00:00+00:00,tt_gatsu,34.0,36.0,23.1
TEST,3,2026-08-21 10:00:00+00:00,tt_grogol,32.0,28.0,32.1
TEST,3,2026-08-21 10:00:00+00:00,tt_kebonjeruk,20.0,21.0,21.4
TEST,3,2026-08-21 10:00:00+00:00,tt_kelapagading,19.0,20.0,20.9
TEST,3,2026-08-21 10:00:00+00:00,tt_kuningan,13.0,21.0,15.3
TEST,3,2026-08-21 10:00:00+00:00,tt_sudirman,22.0,18.0,19.4
TEST,3,2026-08-21 10:00:00+00:00,tt_tangerang,29.0,39.0,36.3
TEST,3,2026-08-21 10:00:00+00:00,tt_tbsimatupang,27.0,52.0,34.0
TEST,3,2026-08-21 10:00:00+00:00,tt_thamrin,19.0,18.0,15.5
TEST,3,2026-08-21 12:00:00+00:00,tt_bekasi,13.0,16.0,14.857142857142858
TEST,3,2026-08-21 12:00:00+00:00,tt_bogor,32.0,34.0,34.0
TEST,3,2026-08-21 12:00:00+00:00,tt_bsd,34.0,34.0,32.642857142857146
TEST,3,2026-08-21 12:00:00+00:00,tt_cawang,34.0,31.0,34.142857142857146
TEST,3,2026-08-21 12:00:00+00:00,tt_depok,26.0,25.0,23.857142857142858
TEST,3,2026-08-21 12:00:00+00:00,tt_gatsu,15.0,35.0,24.785714285714285
TEST,3,2026-08-21 12:00:00+00:00,tt_grogol,32.0,29.0,33.07142857142857
TEST,3,2026-08-21 12:00:00+00:00,tt_kebonjeruk,19.0,24.0,23.571428571428573
TEST,3,2026-08-21 12:00:00+00:00,tt_kelapagading,18.0,21.0,20.714285714285715
TEST,3,2026-08-21 12:00:00+00:00,tt_kuningan,13.0,17.0,13.785714285714286
TEST,3,2026-08-21 12:00:00+00:00,tt_sudirman,18.0,24.0,23.714285714285715
TEST,3,2026-08-21 12:00:00+00:00,tt_tangerang,32.0,40.0,43.57142857142857
TEST,3,2026-08-21 12:00:00+00:00,tt_tbsimatupang,27.0,38.0,58.92857142857143
TEST,3,2026-08-21 12:00:00+00:00,tt_thamrin,9.0,10.0,12.785714285714286
TEST,3,2026-08-21 13:00:00+00:00,tt_bekasi,18.0,15.0,17.2
TEST,3,2026-08-21 13:00:00+00:00,tt_bogor,45.0,32.0,40.9
TEST,3,2026-08-21 13:00:00+00:00,tt_bsd,34.0,34.0,31.6
TEST,3,2026-08-21 13:00:00+00:00,tt_cawang,32.0,22.0,40.6
TEST,3,2026-08-21 13:00:00+00:00,tt_depok,25.0,24.0,25.0
TEST,3,2026-08-21 13:00:00+00:00,tt_gatsu,45.0,34.0,43.3
TEST,3,2026-08-21 13:00:00+00:00,tt_grogol,40.0,32.0,37.9
TEST,3,2026-08-21 13:00:00+00:00,tt_kebonjeruk,25.0,20.0,25.3
TEST,3,2026-08-21 13:00:00+00:00,tt_kelapagading,21.0,19.0,24.2
TEST,3,2026-08-21 13:00:00+00:00,tt_kuningan,21.0,13.0,16.2
TEST,3,2026-08-21 13:00:00+00:00,tt_sudirman,31.0,22.0,30.6
TEST,3,2026-08-21 13:00:00+00:00,tt_tangerang,48.0,29.0,46.2
TEST,3,2026-08-21 13:00:00+00:00,tt_tbsimatupang,72.0,27.0,67.6
TEST,3,2026-08-21 13:00:00+00:00,tt_thamrin,16.0,19.0,15.7
TEST,6,2026-08-18 07:00:00+00:00,tt_bekasi,15.0,16.0,17.75
TEST,6,2026-08-18 07:00:00+00:00,tt_bogor,34.0,34.0,36.083333333333336
TEST,6,2026-08-18 07:00:00+00:00,tt_bsd,30.0,34.0,31.75
TEST,6,2026-08-18 07:00:00+00:00,tt_cawang,43.0,19.0,28.666666666666668
TEST,6,2026-08-18 07:00:00+00:00,tt_depok,31.0,27.0,26.5
TEST,6,2026-08-18 07:00:00+00:00,tt_gatsu,45.0,45.0,34.5
TEST,6,2026-08-18 07:00:00+00:00,tt_grogol,32.0,24.0,31.666666666666668
TEST,6,2026-08-18 07:00:00+00:00,tt_kebonjeruk,25.0,27.0,22.416666666666668
TEST,6,2026-08-18 07:00:00+00:00,tt_kelapagading,22.0,29.0,21.166666666666668
TEST,6,2026-08-18 07:00:00+00:00,tt_kuningan,15.0,21.0,18.666666666666668
TEST,6,2026-08-18 07:00:00+00:00,tt_sudirman,28.0,33.0,24.583333333333332
TEST,6,2026-08-18 07:00:00+00:00,tt_tangerang,38.0,38.0,43.666666666666664
TEST,6,2026-08-18 07:00:00+00:00,tt_tbsimatupang,57.0,31.0,56.416666666666664
TEST,6,2026-08-18 07:00:00+00:00,tt_thamrin,22.0,19.0,17.0
TEST,6,2026-08-18 09:00:00+00:00,tt_bekasi,14.0,16.0,15.692307692307692
TEST,6,2026-08-18 09:00:00+00:00,tt_bogor,35.0,36.0,33.84615384615385
TEST,6,2026-08-18 09:00:00+00:00,tt_bsd,28.0,34.0,32.69230769230769
TEST,6,2026-08-18 09:00:00+00:00,tt_cawang,29.0,21.0,30.923076923076923
TEST,6,2026-08-18 09:00:00+00:00,tt_depok,24.0,31.0,23.846153846153847
TEST,6,2026-08-18 09:00:00+00:00,tt_gatsu,45.0,33.0,36.0
TEST,6,2026-08-18 09:00:00+00:00,tt_grogol,32.0,26.0,32.15384615384615
TEST,6,2026-08-18 09:00:00+00:00,tt_kebonjeruk,23.0,26.0,22.692307692307693
TEST,6,2026-08-18 09:00:00+00:00,tt_kelapagading,23.0,29.0,21.692307692307693
TEST,6,2026-08-18 09:00:00+00:00,tt_kuningan,21.0,21.0,18.46153846153846
TEST,6,2026-08-18 09:00:00+00:00,tt_sudirman,31.0,23.0,24.0
TEST,6,2026-08-18 09:00:00+00:00,tt_tangerang,38.0,48.0,40.53846153846154
TEST,6,2026-08-18 09:00:00+00:00,tt_tbsimatupang,43.0,16.0,40.46153846153846
TEST,6,2026-08-18 09:00:00+00:00,tt_thamrin,22.0,17.0,17.615384615384617
TEST,6,2026-08-18 10:00:00+00:00,tt_bekasi,14.0,15.0,15.3
TEST,6,2026-08-18 10:00:00+00:00,tt_bogor,35.0,33.0,31.5
TEST,6,2026-08-18 10:00:00+00:00,tt_bsd,34.0,28.0,32.0
TEST,6,2026-08-18 10:00:00+00:00,tt_cawang,30.0,22.0,29.9
TEST,6,2026-08-18 10:00:00+00:00,tt_depok,25.0,31.0,23.6
TEST,6,2026-08-18 10:00:00+00:00,tt_gatsu,4.0,32.0,23.1
TEST,6,2026-08-18 10:00:00+00:00,tt_grogol,31.0,27.0,32.1
TEST,6,2026-08-18 10:00:00+00:00,tt_kebonjeruk,21.0,25.0,21.4
TEST,6,2026-08-18 10:00:00+00:00,tt_kelapagading,21.0,29.0,20.9
TEST,6,2026-08-18 10:00:00+00:00,tt_kuningan,14.0,16.0,15.3
TEST,6,2026-08-18 10:00:00+00:00,tt_sudirman,23.0,24.0,19.4
TEST,6,2026-08-18 10:00:00+00:00,tt_tangerang,34.0,36.0,36.3
TEST,6,2026-08-18 10:00:00+00:00,tt_tbsimatupang,44.0,55.0,34.0
TEST,6,2026-08-18 10:00:00+00:00,tt_thamrin,22.0,18.0,15.5
TEST,6,2026-08-18 12:00:00+00:00,tt_bekasi,14.0,15.0,14.857142857142858
TEST,6,2026-08-18 12:00:00+00:00,tt_bogor,35.0,38.0,34.0
TEST,6,2026-08-18 12:00:00+00:00,tt_bsd,34.0,28.0,32.642857142857146
TEST,6,2026-08-18 12:00:00+00:00,tt_cawang,34.0,28.0,34.142857142857146
TEST,6,2026-08-18 12:00:00+00:00,tt_depok,26.0,26.0,23.857142857142858
TEST,6,2026-08-18 12:00:00+00:00,tt_gatsu,45.0,45.0,24.785714285714285
TEST,6,2026-08-18 12:00:00+00:00,tt_grogol,32.0,36.0,33.07142857142857
TEST,6,2026-08-18 12:00:00+00:00,tt_kebonjeruk,25.0,22.0,23.571428571428573
TEST,6,2026-08-18 12:00:00+00:00,tt_kelapagading,22.0,22.0,20.714285714285715
TEST,6,2026-08-18 12:00:00+00:00,tt_kuningan,13.0,21.0,13.785714285714286
TEST,6,2026-08-18 12:00:00+00:00,tt_sudirman,29.0,31.0,23.714285714285715
TEST,6,2026-08-18 12:00:00+00:00,tt_tangerang,48.0,41.0,43.57142857142857
TEST,6,2026-08-18 12:00:00+00:00,tt_tbsimatupang,72.0,51.0,58.92857142857143
TEST,6,2026-08-18 12:00:00+00:00,tt_thamrin,17.0,20.0,12.785714285714286
TEST,6,2026-08-18 14:00:00+00:00,tt_bekasi,16.0,15.0,17.23076923076923
TEST,6,2026-08-18 14:00:00+00:00,tt_bogor,45.0,34.0,39.30769230769231
TEST,6,2026-08-18 14:00:00+00:00,tt_bsd,34.0,30.0,33.23076923076923
TEST,6,2026-08-18 14:00:00+00:00,tt_cawang,32.0,43.0,39.53846153846154
TEST,6,2026-08-18 14:00:00+00:00,tt_depok,26.0,31.0,27.0
TEST,6,2026-08-18 14:00:00+00:00,tt_gatsu,45.0,45.0,45.0
TEST,6,2026-08-18 14:00:00+00:00,tt_grogol,40.0,32.0,38.30769230769231
TEST,6,2026-08-18 14:00:00+00:00,tt_kebonjeruk,31.0,25.0,28.692307692307693
TEST,6,2026-08-18 14:00:00+00:00,tt_kelapagading,29.0,22.0,25.615384615384617
TEST,6,2026-08-18 14:00:00+00:00,tt_kuningan,16.0,15.0,18.23076923076923
TEST,6,2026-08-18 14:00:00+00:00,tt_sudirman,30.0,28.0,31.153846153846153
TEST,6,2026-08-18 14:00:00+00:00,tt_tangerang,48.0,38.0,48.0
TEST,6,2026-08-18 14:00:00+00:00,tt_tbsimatupang,72.0,57.0,68.23076923076923
TEST,6,2026-08-18 14:00:00+00:00,tt_thamrin,22.0,22.0,17.846153846153847
TEST,6,2026-08-18 15:00:00+00:00,tt_bekasi,16.0,14.0,18.0
TEST,6,2026-08-18 15:00:00+00:00,tt_bogor,45.0,35.0,43.416666666666664
TEST,6,2026-08-18 15:00:00+00:00,tt_bsd,34.0,28.0,34.0
TEST,6,2026-08-18 15:00:00+00:00,tt_cawang,43.0,29.0,39.75
TEST,6,2026-08-18 15:00:00+00:00,tt_depok,31.0,24.0,30.5
TEST,6,2026-08-18 15:00:00+00:00,tt_gatsu,45.0,45.0,45.0
TEST,6,2026-08-18 15:00:00+00:00,tt_grogol,40.0,32.0,40.0
TEST,6,2026-08-18 15:00:00+00:00,tt_kebonjeruk,35.0,23.0,34.166666666666664
TEST,6,2026-08-18 15:00:00+00:00,tt_kelapagading,29.0,23.0,28.333333333333332
TEST,6,2026-08-18 15:00:00+00:00,tt_kuningan,21.0,21.0,19.666666666666668
TEST,6,2026-08-18 15:00:00+00:00,tt_sudirman,39.0,31.0,35.833333333333336
TEST,6,2026-08-18 15:00:00+00:00,tt_tangerang,48.0,38.0,46.333333333333336
TEST,6,2026-08-18 15:00:00+00:00,tt_tbsimatupang,72.0,43.0,72.0
TEST,6,2026-08-18 15:00:00+00:00,tt_thamrin,22.0,22.0,18.583333333333332
TEST,6,2026-08-18 17:00:00+00:00,tt_bekasi,17.0,14.0,18.0
TEST,6,2026-08-18 17:00:00+00:00,tt_bogor,45.0,35.0,44.27272727272727
TEST,6,2026-08-18 17:00:00+00:00,tt_bsd,34.0,34.0,33.63636363636363
TEST,6,2026-08-18 17:00:00+00:00,tt_cawang,43.0,30.0,43.0
TEST,6,2026-08-18 17:00:00+00:00,tt_depok,31.0,25.0,31.0
TEST,6,2026-08-18 17:00:00+00:00,tt_gatsu,45.0,4.0,45.0
TEST,6,2026-08-18 17:00:00+00:00,tt_grogol,40.0,31.0,39.45454545454545
TEST,6,2026-08-18 17:00:00+00:00,tt_kebonjeruk,35.0,21.0,35.0
TEST,6,2026-08-18 17:00:00+00:00,tt_kelapagading,29.0,21.0,29.0
TEST,6,2026-08-18 17:00:00+00:00,tt_kuningan,21.0,14.0,21.0
TEST,6,2026-08-18 17:00:00+00:00,tt_sudirman,39.0,23.0,38.0
TEST,6,2026-08-18 17:00:00+00:00,tt_tangerang,48.0,34.0,48.0
TEST,6,2026-08-18 17:00:00+00:00,tt_tbsimatupang,72.0,44.0,72.0
TEST,6,2026-08-18 17:00:00+00:00,tt_thamrin,22.0,22.0,22.0
TEST,6,2026-08-18 19:00:00+00:00,tt_bekasi,17.0,14.0,18.0
TEST,6,2026-08-18 19:00:00+00:00,tt_bogor,45.0,35.0,44.72727272727273
TEST,6,2026-08-18 19:00:00+00:00,tt_bsd,34.0,34.0,34.0
TEST,6,2026-08-18 19:00:00+00:00,tt_cawang,43.0,34.0,43.0
TEST,6,2026-08-18 19:00:00+00:00,tt_depok,31.0,26.0,31.0
TEST,6,2026-08-18 19:00:00+00:00,tt_gatsu,45.0,45.0,45.0
TEST,6,2026-08-18 19:00:00+00:00,tt_grogol,40.0,32.0,40.0
TEST,6,2026-08-18 19:00:00+00:00,tt_kebonjeruk,35.0,25.0,35.0
TEST,6,2026-08-18 19:00:00+00:00,tt_kelapagading,29.0,22.0,29.0
TEST,6,2026-08-18 19:00:00+00:00,tt_kuningan,21.0,13.0,21.0
TEST,6,2026-08-18 19:00:00+00:00,tt_sudirman,39.0,29.0,38.0
TEST,6,2026-08-18 19:00:00+00:00,tt_tangerang,48.0,48.0,48.0
TEST,6,2026-08-18 19:00:00+00:00,tt_tbsimatupang,72.0,72.0,72.0
TEST,6,2026-08-18 19:00:00+00:00,tt_thamrin,22.0,17.0,22.0
TEST,6,2026-08-18 20:00:00+00:00,tt_bekasi,17.0,16.0,18.0
TEST,6,2026-08-18 20:00:00+00:00,tt_bogor,45.0,45.0,45.0
TEST,6,2026-08-18 20:00:00+00:00,tt_bsd,34.0,34.0,34.0
TEST,6,2026-08-18 20:00:00+00:00,tt_cawang,43.0,32.0,43.0
TEST,6,2026-08-18 20:00:00+00:00,tt_depok,31.0,26.0,31.0
TEST,6,2026-08-18 20:00:00+00:00,tt_gatsu,45.0,45.0,45.0
TEST,6,2026-08-18 20:00:00+00:00,tt_grogol,40.0,40.0,40.0
TEST,6,2026-08-18 20:00:00+00:00,tt_kebonjeruk,35.0,31.0,35.0
TEST,6,2026-08-18 20:00:00+00:00,tt_kelapagading,29.0,29.0,29.0
TEST,6,2026-08-18 20:00:00+00:00,tt_kuningan,21.0,16.0,21.0
TEST,6,2026-08-18 20:00:00+00:00,tt_sudirman,39.0,30.0,38.0
TEST,6,2026-08-18 20:00:00+00:00,tt_tangerang,48.0,48.0,48.0
TEST,6,2026-08-18 20:00:00+00:00,tt_tbsimatupang,72.0,72.0,72.0
TEST,6,2026-08-18 20:00:00+00:00,tt_thamrin,22.0,22.0,22.0
TEST,6,2026-08-18 22:00:00+00:00,tt_bekasi,17.0,16.0,18.0
TEST,6,2026-08-18 22:00:00+00:00,tt_bogor,45.0,45.0,45.0
TEST,6,2026-08-18 22:00:00+00:00,tt_bsd,34.0,34.0,33.6
TEST,6,2026-08-18 22:00:00+00:00,tt_cawang,43.0,43.0,40.9
TEST,6,2026-08-18 22:00:00+00:00,tt_depok,31.0,31.0,31.0
TEST,6,2026-08-18 22:00:00+00:00,tt_gatsu,45.0,45.0,45.0
TEST,6,2026-08-18 22:00:00+00:00,tt_grogol,40.0,40.0,40.0
TEST,6,2026-08-18 22:00:00+00:00,tt_kebonjeruk,35.0,35.0,35.0
TEST,6,2026-08-18 22:00:00+00:00,tt_kelapagading,29.0,29.0,29.0
TEST,6,2026-08-18 22:00:00+00:00,tt_kuningan,21.0,21.0,21.0
TEST,6,2026-08-18 22:00:00+00:00,tt_sudirman,39.0,39.0,38.0
TEST,6,2026-08-18 22:00:00+00:00,tt_tangerang,48.0,48.0,48.0
TEST,6,2026-08-18 22:00:00+00:00,tt_tbsimatupang,72.0,72.0,72.0
TEST,6,2026-08-18 22:00:00+00:00,tt_thamrin,22.0,22.0,22.0
TEST,6,2026-08-19 00:00:00+00:00,tt_bekasi,15.0,17.0,18.0
TEST,6,2026-08-19 00:00:00+00:00,tt_bogor,35.0,45.0,36.2
TEST,6,2026-08-19 00:00:00+00:00,tt_bsd,29.0,34.0,31.5
TEST,6,2026-08-19 00:00:00+00:00,tt_cawang,20.0,43.0,22.6
TEST,6,2026-08-19 00:00:00+00:00,tt_depok,31.0,31.0,30.2
TEST,6,2026-08-19 00:00:00+00:00,tt_gatsu,45.0,45.0,44.2
TEST,6,2026-08-19 00:00:00+00:00,tt_grogol,40.0,40.0,35.9
TEST,6,2026-08-19 00:00:00+00:00,tt_kebonjeruk,27.0,35.0,29.5
TEST,6,2026-08-19 00:00:00+00:00,tt_kelapagading,29.0,29.0,28.3
TEST,6,2026-08-19 00:00:00+00:00,tt_kuningan,21.0,21.0,21.0
TEST,6,2026-08-19 00:00:00+00:00,tt_sudirman,39.0,39.0,31.4
TEST,6,2026-08-19 00:00:00+00:00,tt_tangerang,48.0,48.0,44.3
TEST,6,2026-08-19 00:00:00+00:00,tt_tbsimatupang,39.0,72.0,42.1
TEST,6,2026-08-19 00:00:00+00:00,tt_thamrin,19.0,22.0,20.3
TEST,6,2026-08-19 01:00:00+00:00,tt_bekasi,16.0,17.0,17.818181818181817
TEST,6,2026-08-19 01:00:00+00:00,tt_bogor,37.0,45.0,37.18181818181818
TEST,6,2026-08-19 01:00:00+00:00,tt_bsd,34.0,34.0,31.181818181818183
TEST,6,2026-08-19 01:00:00+00:00,tt_cawang,13.0,43.0,23.818181818181817
TEST,6,2026-08-19 01:00:00+00:00,tt_depok,27.0,31.0,28.363636363636363
TEST,6,2026-08-19 01:00:00+00:00,tt_gatsu,13.0,45.0,42.27272727272727
TEST,6,2026-08-19 01:00:00+00:00,tt_grogol,32.0,40.0,34.36363636363637
TEST,6,2026-08-19 01:00:00+00:00,tt_kebonjeruk,25.0,35.0,29.181818181818183
TEST,6,2026-08-19 01:00:00+00:00,tt_kelapagading,29.0,29.0,28.181818181818183
TEST,6,2026-08-19 01:00:00+00:00,tt_kuningan,21.0,21.0,21.0
TEST,6,2026-08-19 01:00:00+00:00,tt_sudirman,22.0,39.0,26.363636363636363
TEST,6,2026-08-19 01:00:00+00:00,tt_tangerang,39.0,48.0,42.45454545454545
TEST,6,2026-08-19 01:00:00+00:00,tt_tbsimatupang,18.0,72.0,35.45454545454545
TEST,6,2026-08-19 01:00:00+00:00,tt_thamrin,22.0,22.0,18.454545454545453
TEST,6,2026-08-19 03:00:00+00:00,tt_bekasi,16.0,17.0,17.727272727272727
TEST,6,2026-08-19 03:00:00+00:00,tt_bogor,37.0,45.0,37.90909090909091
TEST,6,2026-08-19 03:00:00+00:00,tt_bsd,34.0,34.0,32.0
TEST,6,2026-08-19 03:00:00+00:00,tt_cawang,20.0,43.0,21.818181818181817
TEST,6,2026-08-19 03:00:00+00:00,tt_depok,31.0,31.0,26.545454545454547
TEST,6,2026-08-19 03:00:00+00:00,tt_gatsu,45.0,45.0,43.90909090909091
TEST,6,2026-08-19 03:00:00+00:00,tt_grogol,31.0,40.0,31.272727272727273
TEST,6,2026-08-19 03:00:00+00:00,tt_kebonjeruk,23.0,35.0,25.0
TEST,6,2026-08-19 03:00:00+00:00,tt_kelapagading,29.0,29.0,24.636363636363637
TEST,6,2026-08-19 03:00:00+00:00,tt_kuningan,16.0,21.0,18.545454545454547
TEST,6,2026-08-19 03:00:00+00:00,tt_sudirman,24.0,39.0,32.27272727272727
TEST,6,2026-08-19 03:00:00+00:00,tt_tangerang,40.0,48.0,39.54545454545455
TEST,6,2026-08-19 03:00:00+00:00,tt_tbsimatupang,33.0,72.0,37.45454545454545
TEST,6,2026-08-19 03:00:00+00:00,tt_thamrin,20.0,22.0,18.90909090909091
TEST,6,2026-08-19 05:00:00+00:00,tt_bekasi,15.0,17.0,18.0
TEST,6,2026-08-19 05:00:00+00:00,tt_bogor,32.0,45.0,39.6
TEST,6,2026-08-19 05:00:00+00:00,tt_bsd,34.0,34.0,32.4
TEST,6,2026-08-19 05:00:00+00:00,tt_cawang,17.0,43.0,23.3
TEST,6,2026-08-19 05:00:00+00:00,tt_depok,31.0,31.0,28.2
TEST,6,2026-08-19 05:00:00+00:00,tt_gatsu,45.0,45.0,45.0
TEST,6,2026-08-19 05:00:00+00:00,tt_grogol,31.0,40.0,32.0
TEST,6,2026-08-19 05:00:00+00:00,tt_kebonjeruk,24.0,35.0,25.2
TEST,6,2026-08-19 05:00:00+00:00,tt_kelapagading,21.0,29.0,21.4
TEST,6,2026-08-19 05:00:00+00:00,tt_kuningan,17.0,21.0,18.2
TEST,6,2026-08-19 05:00:00+00:00,tt_sudirman,27.0,39.0,28.4
TEST,6,2026-08-19 05:00:00+00:00,tt_tangerang,40.0,48.0,39.6
TEST,6,2026-08-19 05:00:00+00:00,tt_tbsimatupang,43.0,72.0,45.0
TEST,6,2026-08-19 05:00:00+00:00,tt_thamrin,17.0,22.0,18.9
TEST,6,2026-08-19 06:00:00+00:00,tt_bekasi,18.0,15.0,17.083333333333332
TEST,6,2026-08-19 06:00:00+00:00,tt_bogor,35.0,35.0,36.166666666666664
TEST,6,2026-08-19 06:00:00+00:00,tt_bsd,34.0,29.0,33.666666666666664
TEST,6,2026-08-19 06:00:00+00:00,tt_cawang,19.0,20.0,21.333333333333332
TEST,6,2026-08-19 06:00:00+00:00,tt_depok,27.0,31.0,26.25
TEST,6,2026-08-19 06:00:00+00:00,tt_gatsu,30.0,45.0,42.5
TEST,6,2026-08-19 06:00:00+00:00,tt_grogol,27.0,40.0,31.333333333333332
TEST,6,2026-08-19 06:00:00+00:00,tt_kebonjeruk,21.0,27.0,24.083333333333332
TEST,6,2026-08-19 06:00:00+00:00,tt_kelapagading,21.0,29.0,20.083333333333332
TEST,6,2026-08-19 06:00:00+00:00,tt_kuningan,21.0,21.0,19.166666666666668
TEST,6,2026-08-19 06:00:00+00:00,tt_sudirman,18.0,39.0,26.75
TEST,6,2026-08-19 06:00:00+00:00,tt_tangerang,38.0,48.0,38.583333333333336
TEST,6,2026-08-19 06:00:00+00:00,tt_tbsimatupang,48.0,39.0,48.833333333333336
TEST,6,2026-08-19 06:00:00+00:00,tt_thamrin,13.0,19.0,18.75
TEST,6,2026-08-19 08:00:00+00:00,tt_bekasi,15.0,16.0,15.923076923076923
TEST,6,2026-08-19 08:00:00+00:00,tt_bogor,34.0,37.0,34.61538461538461
TEST,6,2026-08-19 08:00:00+00:00,tt_bsd,28.0,34.0,32.07692307692308
TEST,6,2026-08-19 08:00:00+00:00,tt_cawang,32.0,13.0,35.15384615384615
TEST,6,2026-08-19 08:00:00+00:00,tt_depok,25.0,27.0,27.384615384615383
TEST,6,2026-08-19 08:00:00+00:00,tt_gatsu,26.0,13.0,30.46153846153846
TEST,6,2026-08-19 08:00:00+00:00,tt_grogol,27.0,32.0,31.384615384615383
TEST,6,2026-08-19 08:00:00+00:00,tt_kebonjeruk,18.0,25.0,21.923076923076923
TEST,6,2026-08-19 08:00:00+00:00,tt_kelapagading,22.0,29.0,20.923076923076923
TEST,6,2026-08-19 08:00:00+00:00,tt_kuningan,21.0,21.0,19.53846153846154
TEST,6,2026-08-19 08:00:00+00:00,tt_sudirman,22.0,22.0,22.846153846153847
TEST,6,2026-08-19 08:00:00+00:00,tt_tangerang,48.0,39.0,37.61538461538461
TEST,6,2026-08-19 08:00:00+00:00,tt_tbsimatupang,32.0,18.0,43.0
TEST,6,2026-08-19 08:00:00+00:00,tt_thamrin,8.0,22.0,15.461538461538462
TEST,6,2026-08-19 10:00:00+00:00,tt_bekasi,13.0,16.0,15.3
TEST,6,2026-08-19 10:00:00+00:00,tt_bogor,30.0,37.0,31.5
TEST,6,2026-08-19 10:00:00+00:00,tt_bsd,34.0,34.0,32.0
TEST,6,2026-08-19 10:00:00+00:00,tt_cawang,43.0,20.0,29.9
TEST,6,2026-08-19 10:00:00+00:00,tt_depok,23.0,31.0,23.6
TEST,6,2026-08-19 10:00:00+00:00,tt_gatsu,23.0,45.0,23.1
TEST,6,2026-08-19 10:00:00+00:00,tt_grogol,30.0,31.0,32.1
TEST,6,2026-08-19 10:00:00+00:00,tt_kebonjeruk,19.0,23.0,21.4
TEST,6,2026-08-19 10:00:00+00:00,tt_kelapagading,22.0,29.0,20.9
TEST,6,2026-08-19 10:00:00+00:00,tt_kuningan,16.0,16.0,15.3
TEST,6,2026-08-19 10:00:00+00:00,tt_sudirman,19.0,24.0,19.4
TEST,6,2026-08-19 10:00:00+00:00,tt_tangerang,28.0,40.0,36.3
TEST,6,2026-08-19 10:00:00+00:00,tt_tbsimatupang,34.0,33.0,34.0
TEST,6,2026-08-19 10:00:00+00:00,tt_thamrin,17.0,20.0,15.5
TEST,6,2026-08-19 11:00:00+00:00,tt_bekasi,18.0,15.0,14.692307692307692
TEST,6,2026-08-19 11:00:00+00:00,tt_bogor,33.0,32.0,33.07692307692308
TEST,6,2026-08-19 11:00:00+00:00,tt_bsd,27.0,34.0,32.07692307692308
TEST,6,2026-08-19 11:00:00+00:00,tt_cawang,43.0,17.0,29.23076923076923
TEST,6,2026-08-19 11:00:00+00:00,tt_depok,25.0,31.0,24.846153846153847
TEST,6,2026-08-19 11:00:00+00:00,tt_gatsu,35.0,45.0,16.615384615384617
TEST,6,2026-08-19 11:00:00+00:00,tt_grogol,32.0,31.0,32.69230769230769
TEST,6,2026-08-19 11:00:00+00:00,tt_kebonjeruk,21.0,24.0,21.923076923076923
TEST,6,2026-08-19 11:00:00+00:00,tt_kelapagading,20.0,21.0,20.076923076923077
TEST,6,2026-08-19 11:00:00+00:00,tt_kuningan,16.0,17.0,15.153846153846153
TEST,6,2026-08-19 11:00:00+00:00,tt_sudirman,16.0,27.0,18.53846153846154
TEST,6,2026-08-19 11:00:00+00:00,tt_tangerang,26.0,40.0,38.0
TEST,6,2026-08-19 11:00:00+00:00,tt_tbsimatupang,44.0,43.0,39.92307692307692
TEST,6,2026-08-19 11:00:00+00:00,tt_thamrin,10.0,17.0,13.0
TEST,6,2026-08-19 13:00:00+00:00,tt_bekasi,18.0,18.0,17.2
TEST,6,2026-08-19 13:00:00+00:00,tt_bogor,45.0,35.0,40.9
TEST,6,2026-08-19 13:00:00+00:00,tt_bsd,34.0,34.0,31.6
TEST,6,2026-08-19 13:00:00+00:00,tt_cawang,43.0,19.0,40.6
TEST,6,2026-08-19 13:00:00+00:00,tt_depok,25.0,27.0,25.0
TEST,6,2026-08-19 13:00:00+00:00,tt_gatsu,45.0,30.0,43.3
TEST,6,2026-08-19 13:00:00+00:00,tt_grogol,31.0,27.0,37.9
TEST,6,2026-08-19 13:00:00+00:00,tt_kebonjeruk,27.0,21.0,25.3
TEST,6,2026-08-19 13:00:00+00:00,tt_kelapagading,23.0,21.0,24.2
TEST,6,2026-08-19 13:00:00+00:00,tt_kuningan,13.0,21.0,16.2
TEST,6,2026-08-19 13:00:00+00:00,tt_sudirman,30.0,18.0,30.6
TEST,6,2026-08-19 13:00:00+00:00,tt_tangerang,48.0,38.0,46.2
TEST,6,2026-08-19 13:00:00+00:00,tt_tbsimatupang,72.0,48.0,67.6
TEST,6,2026-08-19 13:00:00+00:00,tt_thamrin,20.0,13.0,15.7
TEST,6,2026-08-19 15:00:00+00:00,tt_bekasi,16.0,15.0,18.0
TEST,6,2026-08-19 15:00:00+00:00,tt_bogor,38.0,34.0,43.416666666666664
TEST,6,2026-08-19 15:00:00+00:00,tt_bsd,34.0,28.0,34.0
TEST,6,2026-08-19 15:00:00+00:00,tt_cawang,32.0,32.0,39.75
TEST,6,2026-08-19 15:00:00+00:00,tt_depok,31.0,25.0,30.5
TEST,6,2026-08-19 15:00:00+00:00,tt_gatsu,45.0,26.0,45.0
TEST,6,2026-08-19 15:00:00+00:00,tt_grogol,40.0,27.0,40.0
TEST,6,2026-08-19 15:00:00+00:00,tt_kebonjeruk,31.0,18.0,34.166666666666664
TEST,6,2026-08-19 15:00:00+00:00,tt_kelapagading,29.0,22.0,28.333333333333332
TEST,6,2026-08-19 15:00:00+00:00,tt_kuningan,21.0,21.0,19.666666666666668
TEST,6,2026-08-19 15:00:00+00:00,tt_sudirman,29.0,22.0,35.833333333333336
TEST,6,2026-08-19 15:00:00+00:00,tt_tangerang,48.0,48.0,46.333333333333336
TEST,6,2026-08-19 15:00:00+00:00,tt_tbsimatupang,72.0,32.0,72.0
TEST,6,2026-08-19 15:00:00+00:00,tt_thamrin,21.0,8.0,18.583333333333332
TEST,6,2026-08-19 16:00:00+00:00,tt_bekasi,18.0,13.0,18.0
TEST,6,2026-08-19 16:00:00+00:00,tt_bogor,45.0,30.0,43.44444444444444
TEST,6,2026-08-19 16:00:00+00:00,tt_bsd,34.0,34.0,34.0
TEST,6,2026-08-19 16:00:00+00:00,tt_cawang,43.0,43.0,42.22222222222222
TEST,6,2026-08-19 16:00:00+00:00,tt_depok,31.0,23.0,31.0
TEST,6,2026-08-19 16:00:00+00:00,tt_gatsu,45.0,23.0,45.0
TEST,6,2026-08-19 16:00:00+00:00,tt_grogol,40.0,30.0,40.0
TEST,6,2026-08-19 16:00:00+00:00,tt_kebonjeruk,35.0,19.0,34.333333333333336
TEST,6,2026-08-19 16:00:00+00:00,tt_kelapagading,29.0,22.0,28.555555555555557
TEST,6,2026-08-19 16:00:00+00:00,tt_kuningan,21.0,16.0,20.11111111111111
TEST,6,2026-08-19 16:00:00+00:00,tt_sudirman,39.0,19.0,37.22222222222222
TEST,6,2026-08-19 16:00:00+00:00,tt_tangerang,48.0,28.0,48.0
TEST,6,2026-08-19 16:00:00+00:00,tt_tbsimatupang,72.0,34.0,72.0
TEST,6,2026-08-19 16:00:00+00:00,tt_thamrin,22.0,17.0,20.0
TEST,6,2026-08-19 18:00:00+00:00,tt_bekasi,18.0,18.0,18.0
TEST,6,2026-08-19 18:00:00+00:00,tt_bogor,45.0,33.0,45.0
TEST,6,2026-08-19 18:00:00+00:00,tt_bsd,34.0,27.0,34.0
TEST,6,2026-08-19 18:00:00+00:00,tt_cawang,43.0,43.0,43.0
TEST,6,2026-08-19 18:00:00+00:00,tt_depok,31.0,25.0,31.0
TEST,6,2026-08-19 18:00:00+00:00,tt_gatsu,45.0,35.0,45.0
TEST,6,2026-08-19 18:00:00+00:00,tt_grogol,40.0,32.0,40.0
TEST,6,2026-08-19 18:00:00+00:00,tt_kebonjeruk,35.0,21.0,35.0
TEST,6,2026-08-19 18:00:00+00:00,tt_kelapagading,29.0,20.0,29.0
TEST,6,2026-08-19 18:00:00+00:00,tt_kuningan,21.0,16.0,20.636363636363637
TEST,6,2026-08-19 18:00:00+00:00,tt_sudirman,39.0,16.0,38.0
TEST,6,2026-08-19 18:00:00+00:00,tt_tangerang,44.0,26.0,48.0
TEST,6,2026-08-19 18:00:00+00:00,tt_tbsimatupang,72.0,44.0,72.0
TEST,6,2026-08-19 18:00:00+00:00,tt_thamrin,22.0,10.0,22.0
TEST,6,2026-08-19 20:00:00+00:00,tt_bekasi,18.0,18.0,18.0
TEST,6,2026-08-19 20:00:00+00:00,tt_bogor,45.0,45.0,45.0
TEST,6,2026-08-19 20:00:00+00:00,tt_bsd,34.0,34.0,34.0
TEST,6,2026-08-19 20:00:00+00:00,tt_cawang,43.0,43.0,43.0
TEST,6,2026-08-19 20:00:00+00:00,tt_depok,31.0,25.0,31.0
TEST,6,2026-08-19 20:00:00+00:00,tt_gatsu,45.0,45.0,45.0
TEST,6,2026-08-19 20:00:00+00:00,tt_grogol,40.0,31.0,40.0
TEST,6,2026-08-19 20:00:00+00:00,tt_kebonjeruk,35.0,27.0,35.0
TEST,6,2026-08-19 20:00:00+00:00,tt_kelapagading,29.0,23.0,29.0
TEST,6,2026-08-19 20:00:00+00:00,tt_kuningan,21.0,13.0,21.0
TEST,6,2026-08-19 20:00:00+00:00,tt_sudirman,39.0,30.0,38.0
TEST,6,2026-08-19 20:00:00+00:00,tt_tangerang,48.0,48.0,48.0
TEST,6,2026-08-19 20:00:00+00:00,tt_tbsimatupang,72.0,72.0,72.0
TEST,6,2026-08-19 20:00:00+00:00,tt_thamrin,22.0,20.0,22.0
TEST,6,2026-08-19 21:00:00+00:00,tt_bekasi,18.0,16.0,18.0
TEST,6,2026-08-19 21:00:00+00:00,tt_bogor,45.0,38.0,45.0
TEST,6,2026-08-19 21:00:00+00:00,tt_bsd,34.0,34.0,34.0
TEST,6,2026-08-19 21:00:00+00:00,tt_cawang,43.0,32.0,43.0
TEST,6,2026-08-19 21:00:00+00:00,tt_depok,31.0,31.0,31.0
TEST,6,2026-08-19 21:00:00+00:00,tt_gatsu,45.0,45.0,45.0
TEST,6,2026-08-19 21:00:00+00:00,tt_grogol,40.0,40.0,40.0
TEST,6,2026-08-19 21:00:00+00:00,tt_kebonjeruk,35.0,31.0,35.0
TEST,6,2026-08-19 21:00:00+00:00,tt_kelapagading,29.0,29.0,29.0
TEST,6,2026-08-19 21:00:00+00:00,tt_kuningan,21.0,21.0,21.0
TEST,6,2026-08-19 21:00:00+00:00,tt_sudirman,39.0,29.0,38.0
TEST,6,2026-08-19 21:00:00+00:00,tt_tangerang,48.0,48.0,48.0
TEST,6,2026-08-19 21:00:00+00:00,tt_tbsimatupang,72.0,72.0,72.0
TEST,6,2026-08-19 21:00:00+00:00,tt_thamrin,22.0,21.0,21.8
TEST,6,2026-08-19 23:00:00+00:00,tt_bekasi,17.0,18.0,18.0
TEST,6,2026-08-19 23:00:00+00:00,tt_bogor,35.0,45.0,40.72727272727273
TEST,6,2026-08-19 23:00:00+00:00,tt_bsd,34.0,34.0,34.0
TEST,6,2026-08-19 23:00:00+00:00,tt_cawang,26.0,43.0,27.636363636363637
TEST,6,2026-08-19 23:00:00+00:00,tt_depok,31.0,31.0,30.363636363636363
TEST,6,2026-08-19 23:00:00+00:00,tt_gatsu,45.0,45.0,45.0
TEST,6,2026-08-19 23:00:00+00:00,tt_grogol,35.0,40.0,36.27272727272727
TEST,6,2026-08-19 23:00:00+00:00,tt_kebonjeruk,30.0,35.0,32.09090909090909
TEST,6,2026-08-19 23:00:00+00:00,tt_kelapagading,29.0,29.0,27.181818181818183
TEST,6,2026-08-19 23:00:00+00:00,tt_kuningan,21.0,21.0,21.0
TEST,6,2026-08-19 23:00:00+00:00,tt_sudirman,39.0,39.0,36.54545454545455
TEST,6,2026-08-19 23:00:00+00:00,tt_tangerang,48.0,48.0,47.36363636363637
TEST,6,2026-08-19 23:00:00+00:00,tt_tbsimatupang,72.0,72.0,53.90909090909091
TEST,6,2026-08-19 23:00:00+00:00,tt_thamrin,20.0,22.0,20.181818181818183
TEST,6,2026-08-20 01:00:00+00:00,tt_bekasi,18.0,18.0,17.818181818181817
TEST,6,2026-08-20 01:00:00+00:00,tt_bogor,35.0,45.0,37.18181818181818
TEST,6,2026-08-20 01:00:00+00:00,tt_bsd,29.0,34.0,31.181818181818183
TEST,6,2026-08-20 01:00:00+00:00,tt_cawang,14.0,43.0,23.818181818181817
TEST,6,2026-08-20 01:00:00+00:00,tt_depok,31.0,31.0,28.363636363636363
TEST,6,2026-08-20 01:00:00+00:00,tt_gatsu,37.0,45.0,42.27272727272727
TEST,6,2026-08-20 01:00:00+00:00,tt_grogol,30.0,40.0,34.36363636363637
TEST,6,2026-08-20 01:00:00+00:00,tt_kebonjeruk,26.0,35.0,29.181818181818183
TEST,6,2026-08-20 01:00:00+00:00,tt_kelapagading,29.0,29.0,28.181818181818183
TEST,6,2026-08-20 01:00:00+00:00,tt_kuningan,21.0,21.0,21.0
TEST,6,2026-08-20 01:00:00+00:00,tt_sudirman,27.0,39.0,26.363636363636363
TEST,6,2026-08-20 01:00:00+00:00,tt_tangerang,36.0,44.0,42.45454545454545
TEST,6,2026-08-20 01:00:00+00:00,tt_tbsimatupang,18.0,72.0,35.45454545454545
TEST,6,2026-08-20 01:00:00+00:00,tt_thamrin,18.0,22.0,18.454545454545453
TEST,6,2026-08-20 02:00:00+00:00,tt_bekasi,18.0,18.0,17.692307692307693
TEST,6,2026-08-20 02:00:00+00:00,tt_bogor,40.0,45.0,36.46153846153846
TEST,6,2026-08-20 02:00:00+00:00,tt_bsd,34.0,34.0,32.30769230769231
TEST,6,2026-08-20 02:00:00+00:00,tt_cawang,18.0,43.0,21.0
TEST,6,2026-08-20 02:00:00+00:00,tt_depok,31.0,31.0,29.23076923076923
TEST,6,2026-08-20 02:00:00+00:00,tt_gatsu,45.0,45.0,40.76923076923077
TEST,6,2026-08-20 02:00:00+00:00,tt_grogol,30.0,40.0,31.076923076923077
TEST,6,2026-08-20 02:00:00+00:00,tt_kebonjeruk,26.0,35.0,25.307692307692307
TEST,6,2026-08-20 02:00:00+00:00,tt_kelapagading,25.0,29.0,26.846153846153847
TEST,6,2026-08-20 02:00:00+00:00,tt_kuningan,21.0,21.0,18.23076923076923
TEST,6,2026-08-20 02:00:00+00:00,tt_sudirman,25.0,39.0,25.384615384615383
TEST,6,2026-08-20 02:00:00+00:00,tt_tangerang,48.0,48.0,43.84615384615385
TEST,6,2026-08-20 02:00:00+00:00,tt_tbsimatupang,21.0,72.0,29.923076923076923
TEST,6,2026-08-20 02:00:00+00:00,tt_thamrin,18.0,22.0,17.846153846153847
TEST,6,2026-08-20 04:00:00+00:00,tt_bekasi,15.0,18.0,17.666666666666668
TEST,6,2026-08-20 04:00:00+00:00,tt_bogor,35.0,45.0,39.25
TEST,6,2026-08-20 04:00:00+00:00,tt_bsd,34.0,34.0,32.833333333333336
TEST,6,2026-08-20 04:00:00+00:00,tt_cawang,20.0,43.0,20.25
TEST,6,2026-08-20 04:00:00+00:00,tt_depok,27.0,31.0,26.916666666666668
TEST,6,2026-08-20 04:00:00+00:00,tt_gatsu,45.0,45.0,45.0
TEST,6,2026-08-20 04:00:00+00:00,tt_grogol,25.0,40.0,31.5
TEST,6,2026-08-20 04:00:00+00:00,tt_kebonjeruk,25.0,35.0,25.166666666666668
TEST,6,2026-08-20 04:00:00+00:00,tt_kelapagading,22.0,29.0,22.5
TEST,6,2026-08-20 04:00:00+00:00,tt_kuningan,21.0,21.0,19.166666666666668
TEST,6,2026-08-20 04:00:00+00:00,tt_sudirman,26.0,39.0,31.666666666666668
TEST,6,2026-08-20 04:00:00+00:00,tt_tangerang,48.0,48.0,38.166666666666664
TEST,6,2026-08-20 04:00:00+00:00,tt_tbsimatupang,45.0,72.0,38.5
TEST,6,2026-08-20 04:00:00+00:00,tt_thamrin,13.0,22.0,19.166666666666668
TEST,6,2026-08-20 06:00:00+00:00,tt_bekasi,15.0,17.0,17.083333333333332
TEST,6,2026-08-20 06:00:00+00:00,tt_bogor,39.0,35.0,36.166666666666664
TEST,6,2026-08-20 06:00:00+00:00,tt_bsd,34.0,34.0,33.666666666666664
TEST,6,2026-08-20 06:00:00+00:00,tt_cawang,28.0,26.0,21.333333333333332
TEST,6,2026-08-20 06:00:00+00:00,tt_depok,29.0,31.0,26.25
TEST,6,2026-08-20 06:00:00+00:00,tt_gatsu,28.0,45.0,42.5
TEST,6,2026-08-20 06:00:00+00:00,tt_grogol,29.0,35.0,31.333333333333332
TEST,6,2026-08-20 06:00:00+00:00,tt_kebonjeruk,25.0,30.0,24.083333333333332
TEST,6,2026-08-20 06:00:00+00:00,tt_kelapagading,20.0,29.0,20.083333333333332
TEST,6,2026-08-20 06:00:00+00:00,tt_kuningan,16.0,21.0,19.166666666666668
TEST,6,2026-08-20 06:00:00+00:00,tt_sudirman,21.0,39.0,26.75
TEST,6,2026-08-20 06:00:00+00:00,tt_tangerang,38.0,48.0,38.583333333333336
TEST,6,2026-08-20 06:00:00+00:00,tt_tbsimatupang,27.0,72.0,48.833333333333336
TEST,6,2026-08-20 06:00:00+00:00,tt_thamrin,12.0,20.0,18.75
TEST,6,2026-08-20 07:00:00+00:00,tt_bekasi,16.0,18.0,17.75
TEST,6,2026-08-20 07:00:00+00:00,tt_bogor,36.0,35.0,36.083333333333336
TEST,6,2026-08-20 07:00:00+00:00,tt_bsd,34.0,29.0,31.75
TEST,6,2026-08-20 07:00:00+00:00,tt_cawang,21.0,14.0,28.666666666666668
TEST,6,2026-08-20 07:00:00+00:00,tt_depok,26.0,31.0,26.5
TEST,6,2026-08-20 07:00:00+00:00,tt_gatsu,20.0,37.0,34.5
TEST,6,2026-08-20 07:00:00+00:00,tt_grogol,29.0,30.0,31.666666666666668
TEST,6,2026-08-20 07:00:00+00:00,tt_kebonjeruk,22.0,26.0,22.416666666666668
TEST,6,2026-08-20 07:00:00+00:00,tt_kelapagading,20.0,29.0,21.166666666666668
TEST,6,2026-08-20 07:00:00+00:00,tt_kuningan,21.0,21.0,18.666666666666668
TEST,6,2026-08-20 07:00:00+00:00,tt_sudirman,20.0,27.0,24.583333333333332
TEST,6,2026-08-20 07:00:00+00:00,tt_tangerang,37.0,36.0,43.666666666666664
TEST,6,2026-08-20 07:00:00+00:00,tt_tbsimatupang,49.0,18.0,56.416666666666664
TEST,6,2026-08-20 07:00:00+00:00,tt_thamrin,12.0,18.0,17.0
TEST,6,2026-08-20 09:00:00+00:00,tt_bekasi,14.0,18.0,15.692307692307692
TEST,6,2026-08-20 09:00:00+00:00,tt_bogor,34.0,40.0,33.84615384615385
TEST,6,2026-08-20 09:00:00+00:00,tt_bsd,28.0,34.0,32.69230769230769
TEST,6,2026-08-20 09:00:00+00:00,tt_cawang,30.0,18.0,30.923076923076923
TEST,6,2026-08-20 09:00:00+00:00,tt_depok,26.0,31.0,23.846153846153847
TEST,6,2026-08-20 09:00:00+00:00,tt_gatsu,32.0,45.0,36.0
TEST,6,2026-08-20 09:00:00+00:00,tt_grogol,31.0,30.0,32.15384615384615
TEST,6,2026-08-20 09:00:00+00:00,tt_kebonjeruk,21.0,26.0,22.692307692307693
TEST,6,2026-08-20 09:00:00+00:00,tt_kelapagading,21.0,25.0,21.692307692307693
TEST,6,2026-08-20 09:00:00+00:00,tt_kuningan,13.0,21.0,18.46153846153846
TEST,6,2026-08-20 09:00:00+00:00,tt_sudirman,23.0,25.0,24.0
TEST,6,2026-08-20 09:00:00+00:00,tt_tangerang,34.0,48.0,40.53846153846154
TEST,6,2026-08-20 09:00:00+00:00,tt_tbsimatupang,47.0,21.0,40.46153846153846
TEST,6,2026-08-20 09:00:00+00:00,tt_thamrin,18.0,18.0,17.615384615384617
TEST,6,2026-08-20 11:00:00+00:00,tt_bekasi,18.0,15.0,14.692307692307692
TEST,6,2026-08-20 11:00:00+00:00,tt_bogor,35.0,35.0,33.07692307692308
TEST,6,2026-08-20 11:00:00+00:00,tt_bsd,34.0,34.0,32.07692307692308
TEST,6,2026-08-20 11:00:00+00:00,tt_cawang,33.0,20.0,29.23076923076923
TEST,6,2026-08-20 11:00:00+00:00,tt_depok,26.0,27.0,24.846153846153847
TEST,6,2026-08-20 11:00:00+00:00,tt_gatsu,7.0,45.0,16.615384615384617
TEST,6,2026-08-20 11:00:00+00:00,tt_grogol,29.0,25.0,32.69230769230769
TEST,6,2026-08-20 11:00:00+00:00,tt_kebonjeruk,18.0,25.0,21.923076923076923
TEST,6,2026-08-20 11:00:00+00:00,tt_kelapagading,21.0,22.0,20.076923076923077
TEST,6,2026-08-20 11:00:00+00:00,tt_kuningan,16.0,21.0,15.153846153846153
TEST,6,2026-08-20 11:00:00+00:00,tt_sudirman,12.0,26.0,18.53846153846154
TEST,6,2026-08-20 11:00:00+00:00,tt_tangerang,35.0,48.0,38.0
TEST,6,2026-08-20 11:00:00+00:00,tt_tbsimatupang,24.0,45.0,39.92307692307692
TEST,6,2026-08-20 11:00:00+00:00,tt_thamrin,10.0,13.0,13.0
TEST,6,2026-08-20 12:00:00+00:00,tt_bekasi,14.0,15.0,14.857142857142858
TEST,6,2026-08-20 12:00:00+00:00,tt_bogor,37.0,39.0,34.0
TEST,6,2026-08-20 12:00:00+00:00,tt_bsd,34.0,34.0,32.642857142857146
TEST,6,2026-08-20 12:00:00+00:00,tt_cawang,43.0,28.0,34.142857142857146
TEST,6,2026-08-20 12:00:00+00:00,tt_depok,24.0,29.0,23.857142857142858
TEST,6,2026-08-20 12:00:00+00:00,tt_gatsu,10.0,28.0,24.785714285714285
TEST,6,2026-08-20 12:00:00+00:00,tt_grogol,32.0,29.0,33.07142857142857
TEST,6,2026-08-20 12:00:00+00:00,tt_kebonjeruk,23.0,25.0,23.571428571428573
TEST,6,2026-08-20 12:00:00+00:00,tt_kelapagading,21.0,20.0,20.714285714285715
TEST,6,2026-08-20 12:00:00+00:00,tt_kuningan,13.0,16.0,13.785714285714286
TEST,6,2026-08-20 12:00:00+00:00,tt_sudirman,22.0,21.0,23.714285714285715
TEST,6,2026-08-20 12:00:00+00:00,tt_tangerang,48.0,38.0,43.57142857142857
TEST,6,2026-08-20 12:00:00+00:00,tt_tbsimatupang,40.0,27.0,58.92857142857143
TEST,6,2026-08-20 12:00:00+00:00,tt_thamrin,9.0,12.0,12.785714285714286
TEST,6,2026-08-20 14:00:00+00:00,tt_bekasi,18.0,16.0,17.23076923076923
TEST,6,2026-08-20 14:00:00+00:00,tt_bogor,38.0,36.0,39.30769230769231
TEST,6,2026-08-20 14:00:00+00:00,tt_bsd,27.0,34.0,33.23076923076923
TEST,6,2026-08-20 14:00:00+00:00,tt_cawang,32.0,21.0,39.53846153846154
TEST,6,2026-08-20 14:00:00+00:00,tt_depok,31.0,26.0,27.0
TEST,6,2026-08-20 14:00:00+00:00,tt_gatsu,45.0,20.0,45.0
TEST,6,2026-08-20 14:00:00+00:00,tt_grogol,40.0,29.0,38.30769230769231
TEST,6,2026-08-20 14:00:00+00:00,tt_kebonjeruk,28.0,22.0,28.692307692307693
TEST,6,2026-08-20 14:00:00+00:00,tt_kelapagading,29.0,20.0,25.615384615384617
TEST,6,2026-08-20 14:00:00+00:00,tt_kuningan,16.0,21.0,18.23076923076923
TEST,6,2026-08-20 14:00:00+00:00,tt_sudirman,39.0,20.0,31.153846153846153
TEST,6,2026-08-20 14:00:00+00:00,tt_tangerang,48.0,37.0,48.0
TEST,6,2026-08-20 14:00:00+00:00,tt_tbsimatupang,59.0,49.0,68.23076923076923
TEST,6,2026-08-20 14:00:00+00:00,tt_thamrin,13.0,12.0,17.846153846153847
TEST,6,2026-08-20 16:00:00+00:00,tt_bekasi,15.0,14.0,18.0
TEST,6,2026-08-20 16:00:00+00:00,tt_bogor,45.0,34.0,43.44444444444444
TEST,6,2026-08-20 16:00:00+00:00,tt_bsd,34.0,28.0,34.0
TEST,6,2026-08-20 16:00:00+00:00,tt_cawang,43.0,30.0,42.22222222222222
TEST,6,2026-08-20 16:00:00+00:00,tt_depok,31.0,26.0,31.0
TEST,6,2026-08-20 16:00:00+00:00,tt_gatsu,45.0,32.0,45.0
TEST,6,2026-08-20 16:00:00+00:00,tt_grogol,40.0,31.0,40.0
TEST,6,2026-08-20 16:00:00+00:00,tt_kebonjeruk,35.0,21.0,34.333333333333336
TEST,6,2026-08-20 16:00:00+00:00,tt_kelapagading,29.0,21.0,28.555555555555557
TEST,6,2026-08-20 16:00:00+00:00,tt_kuningan,21.0,13.0,20.11111111111111
TEST,6,2026-08-20 16:00:00+00:00,tt_sudirman,39.0,23.0,37.22222222222222
TEST,6,2026-08-20 16:00:00+00:00,tt_tangerang,48.0,34.0,48.0
TEST,6,2026-08-20 16:00:00+00:00,tt_tbsimatupang,72.0,47.0,72.0
TEST,6,2026-08-20 16:00:00+00:00,tt_thamrin,22.0,18.0,20.0
TEST,6,2026-08-20 17:00:00+00:00,tt_bekasi,18.0,18.0,18.0
TEST,6,2026-08-20 17:00:00+00:00,tt_bogor,45.0,35.0,44.27272727272727
TEST,6,2026-08-20 17:00:00+00:00,tt_bsd,34.0,34.0,33.63636363636363
TEST,6,2026-08-20 17:00:00+00:00,tt_cawang,43.0,33.0,43.0
TEST,6,2026-08-20 17:00:00+00:00,tt_depok,31.0,26.0,31.0
TEST,6,2026-08-20 17:00:00+00:00,tt_gatsu,45.0,7.0,45.0
TEST,6,2026-08-20 17:00:00+00:00,tt_grogol,40.0,29.0,39.45454545454545
TEST,6,2026-08-20 17:00:00+00:00,tt_kebonjeruk,35.0,18.0,35.0
TEST,6,2026-08-20 17:00:00+00:00,tt_kelapagading,29.0,21.0,29.0
TEST,6,2026-08-20 17:00:00+00:00,tt_kuningan,21.0,16.0,21.0
TEST,6,2026-08-20 17:00:00+00:00,tt_sudirman,39.0,12.0,38.0
TEST,6,2026-08-20 17:00:00+00:00,tt_tangerang,48.0,35.0,48.0
TEST,6,2026-08-20 17:00:00+00:00,tt_tbsimatupang,72.0,24.0,72.0
TEST,6,2026-08-20 17:00:00+00:00,tt_thamrin,22.0,10.0,22.0
TEST,6,2026-08-20 19:00:00+00:00,tt_bekasi,18.0,14.0,18.0
TEST,6,2026-08-20 19:00:00+00:00,tt_bogor,45.0,37.0,44.72727272727273
TEST,6,2026-08-20 19:00:00+00:00,tt_bsd,34.0,34.0,34.0
TEST,6,2026-08-20 19:00:00+00:00,tt_cawang,43.0,43.0,43.0
TEST,6,2026-08-20 19:00:00+00:00,tt_depok,31.0,24.0,31.0
TEST,6,2026-08-20 19:00:00+00:00,tt_gatsu,45.0,10.0,45.0
TEST,6,2026-08-20 19:00:00+00:00,tt_grogol,40.0,32.0,40.0
TEST,6,2026-08-20 19:00:00+00:00,tt_kebonjeruk,35.0,23.0,35.0
TEST,6,2026-08-20 19:00:00+00:00,tt_kelapagading,29.0,21.0,29.0
TEST,6,2026-08-20 19:00:00+00:00,tt_kuningan,21.0,13.0,21.0
TEST,6,2026-08-20 19:00:00+00:00,tt_sudirman,39.0,22.0,38.0
TEST,6,2026-08-20 19:00:00+00:00,tt_tangerang,48.0,48.0,48.0
TEST,6,2026-08-20 19:00:00+00:00,tt_tbsimatupang,72.0,40.0,72.0
TEST,6,2026-08-20 19:00:00+00:00,tt_thamrin,22.0,9.0,22.0
TEST,6,2026-08-20 21:00:00+00:00,tt_bekasi,18.0,18.0,18.0
TEST,6,2026-08-20 21:00:00+00:00,tt_bogor,45.0,38.0,45.0
TEST,6,2026-08-20 21:00:00+00:00,tt_bsd,34.0,27.0,34.0
TEST,6,2026-08-20 21:00:00+00:00,tt_cawang,43.0,32.0,43.0
TEST,6,2026-08-20 21:00:00+00:00,tt_depok,31.0,31.0,31.0
TEST,6,2026-08-20 21:00:00+00:00,tt_gatsu,45.0,45.0,45.0
TEST,6,2026-08-20 21:00:00+00:00,tt_grogol,40.0,40.0,40.0
TEST,6,2026-08-20 21:00:00+00:00,tt_kebonjeruk,35.0,28.0,35.0
TEST,6,2026-08-20 21:00:00+00:00,tt_kelapagading,29.0,29.0,29.0
TEST,6,2026-08-20 21:00:00+00:00,tt_kuningan,21.0,16.0,21.0
TEST,6,2026-08-20 21:00:00+00:00,tt_sudirman,39.0,39.0,38.0
TEST,6,2026-08-20 21:00:00+00:00,tt_tangerang,48.0,48.0,48.0
TEST,6,2026-08-20 21:00:00+00:00,tt_tbsimatupang,72.0,59.0,72.0
TEST,6,2026-08-20 21:00:00+00:00,tt_thamrin,22.0,13.0,21.8
TEST,6,2026-08-20 22:00:00+00:00,tt_bekasi,18.0,15.0,18.0
TEST,6,2026-08-20 22:00:00+00:00,tt_bogor,45.0,45.0,45.0
TEST,6,2026-08-20 22:00:00+00:00,tt_bsd,34.0,34.0,33.6
TEST,6,2026-08-20 22:00:00+00:00,tt_cawang,43.0,43.0,40.9
TEST,6,2026-08-20 22:00:00+00:00,tt_depok,31.0,31.0,31.0
TEST,6,2026-08-20 22:00:00+00:00,tt_gatsu,45.0,45.0,45.0
TEST,6,2026-08-20 22:00:00+00:00,tt_grogol,40.0,40.0,40.0
TEST,6,2026-08-20 22:00:00+00:00,tt_kebonjeruk,35.0,35.0,35.0
TEST,6,2026-08-20 22:00:00+00:00,tt_kelapagading,29.0,29.0,29.0
TEST,6,2026-08-20 22:00:00+00:00,tt_kuningan,21.0,21.0,21.0
TEST,6,2026-08-20 22:00:00+00:00,tt_sudirman,39.0,39.0,38.0
TEST,6,2026-08-20 22:00:00+00:00,tt_tangerang,48.0,48.0,48.0
TEST,6,2026-08-20 22:00:00+00:00,tt_tbsimatupang,72.0,72.0,72.0
TEST,6,2026-08-20 22:00:00+00:00,tt_thamrin,22.0,22.0,22.0
TEST,6,2026-08-21 00:00:00+00:00,tt_bekasi,18.0,18.0,18.0
TEST,6,2026-08-21 00:00:00+00:00,tt_bogor,35.0,45.0,36.2
TEST,6,2026-08-21 00:00:00+00:00,tt_bsd,29.0,34.0,31.5
TEST,6,2026-08-21 00:00:00+00:00,tt_cawang,18.0,43.0,22.6
TEST,6,2026-08-21 00:00:00+00:00,tt_depok,25.0,31.0,30.2
TEST,6,2026-08-21 00:00:00+00:00,tt_gatsu,45.0,45.0,44.2
TEST,6,2026-08-21 00:00:00+00:00,tt_grogol,34.0,40.0,35.9
TEST,6,2026-08-21 00:00:00+00:00,tt_kebonjeruk,25.0,35.0,29.5
TEST,6,2026-08-21 00:00:00+00:00,tt_kelapagading,26.0,29.0,28.3
TEST,6,2026-08-21 00:00:00+00:00,tt_kuningan,21.0,21.0,21.0
TEST,6,2026-08-21 00:00:00+00:00,tt_sudirman,31.0,39.0,31.4
TEST,6,2026-08-21 00:00:00+00:00,tt_tangerang,37.0,48.0,44.3
TEST,6,2026-08-21 00:00:00+00:00,tt_tbsimatupang,32.0,72.0,42.1
TEST,6,2026-08-21 00:00:00+00:00,tt_thamrin,22.0,22.0,20.3
TEST,6,2026-08-21 02:00:00+00:00,tt_bekasi,17.0,18.0,17.692307692307693
TEST,6,2026-08-21 02:00:00+00:00,tt_bogor,37.0,45.0,36.46153846153846
TEST,6,2026-08-21 02:00:00+00:00,tt_bsd,28.0,34.0,32.30769230769231
TEST,6,2026-08-21 02:00:00+00:00,tt_cawang,19.0,43.0,21.0
TEST,6,2026-08-21 02:00:00+00:00,tt_depok,26.0,31.0,29.23076923076923
TEST,6,2026-08-21 02:00:00+00:00,tt_gatsu,45.0,45.0,40.76923076923077
TEST,6,2026-08-21 02:00:00+00:00,tt_grogol,31.0,40.0,31.076923076923077
TEST,6,2026-08-21 02:00:00+00:00,tt_kebonjeruk,26.0,35.0,25.307692307692307
TEST,6,2026-08-21 02:00:00+00:00,tt_kelapagading,29.0,29.0,26.846153846153847
TEST,6,2026-08-21 02:00:00+00:00,tt_kuningan,21.0,21.0,18.23076923076923
TEST,6,2026-08-21 02:00:00+00:00,tt_sudirman,23.0,39.0,25.384615384615383
TEST,6,2026-08-21 02:00:00+00:00,tt_tangerang,37.0,48.0,43.84615384615385
TEST,6,2026-08-21 02:00:00+00:00,tt_tbsimatupang,37.0,72.0,29.923076923076923
TEST,6,2026-08-21 02:00:00+00:00,tt_thamrin,22.0,22.0,17.846153846153847
TEST,6,2026-08-21 03:00:00+00:00,tt_bekasi,15.0,18.0,17.727272727272727
TEST,6,2026-08-21 03:00:00+00:00,tt_bogor,38.0,45.0,37.90909090909091
TEST,6,2026-08-21 03:00:00+00:00,tt_bsd,34.0,34.0,32.0
TEST,6,2026-08-21 03:00:00+00:00,tt_cawang,21.0,43.0,21.818181818181817
TEST,6,2026-08-21 03:00:00+00:00,tt_depok,31.0,31.0,26.545454545454547
TEST,6,2026-08-21 03:00:00+00:00,tt_gatsu,45.0,45.0,43.90909090909091
TEST,6,2026-08-21 03:00:00+00:00,tt_grogol,27.0,40.0,31.272727272727273
TEST,6,2026-08-21 03:00:00+00:00,tt_kebonjeruk,24.0,35.0,25.0
TEST,6,2026-08-21 03:00:00+00:00,tt_kelapagading,23.0,29.0,24.636363636363637
TEST,6,2026-08-21 03:00:00+00:00,tt_kuningan,16.0,21.0,18.545454545454547
TEST,6,2026-08-21 03:00:00+00:00,tt_sudirman,28.0,39.0,32.27272727272727
TEST,6,2026-08-21 03:00:00+00:00,tt_tangerang,48.0,48.0,39.54545454545455
TEST,6,2026-08-21 03:00:00+00:00,tt_tbsimatupang,48.0,72.0,37.45454545454545
TEST,6,2026-08-21 03:00:00+00:00,tt_thamrin,16.0,22.0,18.90909090909091
TEST,6,2026-08-21 05:00:00+00:00,tt_bekasi,16.0,18.0,18.0
TEST,6,2026-08-21 05:00:00+00:00,tt_bogor,45.0,45.0,39.6
TEST,6,2026-08-21 05:00:00+00:00,tt_bsd,34.0,34.0,32.4
TEST,6,2026-08-21 05:00:00+00:00,tt_cawang,43.0,43.0,23.3
TEST,6,2026-08-21 05:00:00+00:00,tt_depok,31.0,31.0,28.2
TEST,6,2026-08-21 05:00:00+00:00,tt_gatsu,45.0,45.0,45.0
TEST,6,2026-08-21 05:00:00+00:00,tt_grogol,32.0,40.0,32.0
TEST,6,2026-08-21 05:00:00+00:00,tt_kebonjeruk,27.0,35.0,25.2
TEST,6,2026-08-21 05:00:00+00:00,tt_kelapagading,23.0,29.0,21.4
TEST,6,2026-08-21 05:00:00+00:00,tt_kuningan,21.0,21.0,18.2
TEST,6,2026-08-21 05:00:00+00:00,tt_sudirman,34.0,39.0,28.4
TEST,6,2026-08-21 05:00:00+00:00,tt_tangerang,48.0,48.0,39.6
TEST,6,2026-08-21 05:00:00+00:00,tt_tbsimatupang,72.0,72.0,45.0
TEST,6,2026-08-21 05:00:00+00:00,tt_thamrin,21.0,22.0,18.9
TEST,6,2026-08-21 07:00:00+00:00,tt_bekasi,14.0,18.0,17.75
TEST,6,2026-08-21 07:00:00+00:00,tt_bogor,35.0,35.0,36.083333333333336
TEST,6,2026-08-21 07:00:00+00:00,tt_bsd,34.0,29.0,31.75
TEST,6,2026-08-21 07:00:00+00:00,tt_cawang,28.0,18.0,28.666666666666668
TEST,6,2026-08-21 07:00:00+00:00,tt_depok,25.0,25.0,26.5
TEST,6,2026-08-21 07:00:00+00:00,tt_gatsu,36.0,45.0,34.5
TEST,6,2026-08-21 07:00:00+00:00,tt_grogol,28.0,34.0,31.666666666666668
TEST,6,2026-08-21 07:00:00+00:00,tt_kebonjeruk,21.0,25.0,22.416666666666668
TEST,6,2026-08-21 07:00:00+00:00,tt_kelapagading,20.0,26.0,21.166666666666668
TEST,6,2026-08-21 07:00:00+00:00,tt_kuningan,21.0,21.0,18.666666666666668
TEST,6,2026-08-21 07:00:00+00:00,tt_sudirman,18.0,31.0,24.583333333333332
TEST,6,2026-08-21 07:00:00+00:00,tt_tangerang,39.0,37.0,43.666666666666664
TEST,6,2026-08-21 07:00:00+00:00,tt_tbsimatupang,52.0,32.0,56.416666666666664
TEST,6,2026-08-21 07:00:00+00:00,tt_thamrin,18.0,22.0,17.0
TEST,6,2026-08-21 08:00:00+00:00,tt_bekasi,16.0,17.0,15.923076923076923
TEST,6,2026-08-21 08:00:00+00:00,tt_bogor,34.0,37.0,34.61538461538461
TEST,6,2026-08-21 08:00:00+00:00,tt_bsd,34.0,28.0,32.07692307692308
TEST,6,2026-08-21 08:00:00+00:00,tt_cawang,31.0,19.0,35.15384615384615
TEST,6,2026-08-21 08:00:00+00:00,tt_depok,25.0,26.0,27.384615384615383
TEST,6,2026-08-21 08:00:00+00:00,tt_gatsu,35.0,45.0,30.46153846153846
TEST,6,2026-08-21 08:00:00+00:00,tt_grogol,29.0,31.0,31.384615384615383
TEST,6,2026-08-21 08:00:00+00:00,tt_kebonjeruk,24.0,26.0,21.923076923076923
TEST,6,2026-08-21 08:00:00+00:00,tt_kelapagading,21.0,29.0,20.923076923076923
TEST,6,2026-08-21 08:00:00+00:00,tt_kuningan,17.0,21.0,19.53846153846154
TEST,6,2026-08-21 08:00:00+00:00,tt_sudirman,24.0,23.0,22.846153846153847
TEST,6,2026-08-21 08:00:00+00:00,tt_tangerang,40.0,37.0,37.61538461538461
TEST,6,2026-08-21 08:00:00+00:00,tt_tbsimatupang,38.0,37.0,43.0
TEST,6,2026-08-21 08:00:00+00:00,tt_thamrin,10.0,22.0,15.461538461538462
TEST,6,2026-08-21 10:00:00+00:00,tt_bekasi,15.0,15.0,15.3
TEST,6,2026-08-21 10:00:00+00:00,tt_bogor,32.0,38.0,31.5
TEST,6,2026-08-21 10:00:00+00:00,tt_bsd,34.0,34.0,32.0
TEST,6,2026-08-21 10:00:00+00:00,tt_cawang,22.0,21.0,29.9
TEST,6,2026-08-21 10:00:00+00:00,tt_depok,24.0,31.0,23.6
TEST,6,2026-08-21 10:00:00+00:00,tt_gatsu,34.0,45.0,23.1
TEST,6,2026-08-21 10:00:00+00:00,tt_grogol,32.0,27.0,32.1
TEST,6,2026-08-21 10:00:00+00:00,tt_kebonjeruk,20.0,24.0,21.4
TEST,6,2026-08-21 10:00:00+00:00,tt_kelapagading,19.0,23.0,20.9
TEST,6,2026-08-21 10:00:00+00:00,tt_kuningan,13.0,16.0,15.3
TEST,6,2026-08-21 10:00:00+00:00,tt_sudirman,22.0,28.0,19.4
TEST,6,2026-08-21 10:00:00+00:00,tt_tangerang,29.0,48.0,36.3
TEST,6,2026-08-21 10:00:00+00:00,tt_tbsimatupang,27.0,48.0,34.0
TEST,6,2026-08-21 10:00:00+00:00,tt_thamrin,19.0,16.0,15.5
TEST,6,2026-08-21 12:00:00+00:00,tt_bekasi,13.0,16.0,14.857142857142858
TEST,6,2026-08-21 12:00:00+00:00,tt_bogor,32.0,45.0,34.0
TEST,6,2026-08-21 12:00:00+00:00,tt_bsd,34.0,34.0,32.642857142857146
TEST,6,2026-08-21 12:00:00+00:00,tt_cawang,34.0,43.0,34.142857142857146
TEST,6,2026-08-21 12:00:00+00:00,tt_depok,26.0,31.0,23.857142857142858
TEST,6,2026-08-21 12:00:00+00:00,tt_gatsu,15.0,45.0,24.785714285714285
TEST,6,2026-08-21 12:00:00+00:00,tt_grogol,32.0,32.0,33.07142857142857
TEST,6,2026-08-21 12:00:00+00:00,tt_kebonjeruk,19.0,27.0,23.571428571428573
TEST,6,2026-08-21 12:00:00+00:00,tt_kelapagading,18.0,23.0,20.714285714285715
TEST,6,2026-08-21 12:00:00+00:00,tt_kuningan,13.0,21.0,13.785714285714286
TEST,6,2026-08-21 12:00:00+00:00,tt_sudirman,18.0,34.0,23.714285714285715
TEST,6,2026-08-21 12:00:00+00:00,tt_tangerang,32.0,48.0,43.57142857142857
TEST,6,2026-08-21 12:00:00+00:00,tt_tbsimatupang,27.0,72.0,58.92857142857143
TEST,6,2026-08-21 12:00:00+00:00,tt_thamrin,9.0,21.0,12.785714285714286
TEST,6,2026-08-21 13:00:00+00:00,tt_bekasi,18.0,14.0,17.2
TEST,6,2026-08-21 13:00:00+00:00,tt_bogor,45.0,35.0,40.9
TEST,6,2026-08-21 13:00:00+00:00,tt_bsd,34.0,34.0,31.6
TEST,6,2026-08-21 13:00:00+00:00,tt_cawang,32.0,28.0,40.6
TEST,6,2026-08-21 13:00:00+00:00,tt_depok,25.0,25.0,25.0
TEST,6,2026-08-21 13:00:00+00:00,tt_gatsu,45.0,36.0,43.3
TEST,6,2026-08-21 13:00:00+00:00,tt_grogol,40.0,28.0,37.9
TEST,6,2026-08-21 13:00:00+00:00,tt_kebonjeruk,25.0,21.0,25.3
TEST,6,2026-08-21 13:00:00+00:00,tt_kelapagading,21.0,20.0,24.2
TEST,6,2026-08-21 13:00:00+00:00,tt_kuningan,21.0,21.0,16.2
TEST,6,2026-08-21 13:00:00+00:00,tt_sudirman,31.0,18.0,30.6
TEST,6,2026-08-21 13:00:00+00:00,tt_tangerang,48.0,39.0,46.2
TEST,6,2026-08-21 13:00:00+00:00,tt_tbsimatupang,72.0,52.0,67.6
TEST,6,2026-08-21 13:00:00+00:00,tt_thamrin,16.0,18.0,15.7
