obs_time_utc,corridor_file,name,city,current_speed,free_flow_speed,current_travel_time,free_flow_travel_time,congestion_ratio,road_closure,confidence,is_observed
2026-07-23 08:00:00+00:00,tt_bekasi,Tol Jakarta-Cikampek,Jabodetabek,15.0,17.0,1286.0,1135.0,0.1176470588235294,0.0,0.905741,True
2026-07-23 08:00:00+00:00,tt_bogor,Tol Jagorawi (Bogor),Jabodetabek,34.0,45.0,871.0,658.0,0.2444444444444444,0.0,1.0,True
2026-07-23 08:00:00+00:00,tt_bsd,BSD/Serpong,Jabodetabek,29.0,35.0,193.0,160.0,0.1714285714285713,0.0,1.0,True
2026-07-23 08:00:00+00:00,tt_cawang,Cawang interchange,Jabodetabek,43.0,43.0,62.0,62.0,0.0,0.0,1.0,True
2026-07-23 08:00:00+00:00,tt_depok,Jl. Margonda (Depok),Jabodetabek,26.0,31.0,2120.0,1778.0,0.1612903225806451,0.0,0.963845,True
2026-07-23 08:00:00+00:00,tt_gatsu,Jl. Gatot Subroto,Jabodetabek,25.0,45.0,94.0,52.0,0.4444444444444444,0.0,1.0,True
2026-07-23 08:00:00+00:00,tt_grogol,Grogol,Jabodetabek,34.0,40.0,358.0,304.0,0.15,0.0,1.0,True
2026-07-23 08:00:00+00:00,tt_kebonjeruk,Tol Kebon Jeruk,Jabodetabek,21.0,35.0,1931.0,1158.0,0.4,0.0,1.0,True
2026-07-23 08:00:00+00:00,tt_kelapagading,Kelapa Gading,Jabodetabek,20.0,29.0,1536.0,1059.0,0.3103448275862068,0.0,1.0,True
2026-07-23 08:00:00+00:00,tt_kuningan,Jl. HR Rasuna Said,Jabodetabek,16.0,20.0,273.0,218.0,0.1999999999999999,0.0,1.0,True
2026-07-23 08:00:00+00:00,tt_sudirman,Jl. Sudirman (HI),Jabodetabek,20.0,39.0,717.0,368.0,0.4871794871794872,0.0,1.0,True
2026-07-23 08:00:00+00:00,tt_tangerang,Tol Jakarta-Merak,Jabodetabek,38.0,47.0,244.0,197.0,0.1914893617021277,0.0,1.0,True
2026-07-23 08:00:00+00:00,tt_tbsimatupang,TB Simatupang,Jabodetabek,45.0,72.0,549.0,343.0,0.375,0.0,1.0,True
2026-07-23 08:00:00+00:00,tt_thamrin,Jl. MH Thamrin,Jabodetabek,10.0,21.0,574.0,273.0,0.5238095238095238,0.0,1.0,True
2026-07-23 09:00:00+00:00,tt_bekasi,Tol Jakarta-Cikampek,Jabodetabek,13.0,18.0,1484.0,1072.0,0.2777777777777778,0.0,0.944173,True
2026-07-23 09:00:00+00:00,tt_bogor,Tol Jagorawi (Bogor),Jabodetabek,34.0,44.0,871.0,673.0,0.2272727272727273,0.0,1.0,True
2026-07-23 09:00:00+00:00,tt_bsd,BSD/Serpong,Jabodetabek,34.0,34.0,165.0,165.0,0.0,0.0,1.0,True
2026-07-23 09:00:00+00:00,tt_cawang,Cawang interchange,Jabodetabek,43.0,43.0,62.0,62.0,0.0,0.0,1.0,True
2026-07-23 09:00:00+00:00,tt_depok,Jl. Margonda (Depok),Jabodetabek,23.0,31.0,2397.0,1778.0,0.2580645161290322,0.0,0.982528,True
2026-07-23 09:00:00+00:00,tt_gatsu,Jl. Gatot Subroto,Jabodetabek,7.0,43.0,336.0,54.0,0.8372093023255813,0.0,1.0,True
2026-07-23 09:00:00+00:00,tt_grogol,Grogol,Jabodetabek,31.0,40.0,393.0,304.0,0.2249999999999999,0.0,0.996927,True
2026-07-23 09:00:00+00:00,tt_kebonjeruk,Tol Kebon Jeruk,Jabodetabek,23.0,36.0,1763.0,1126.0,0.3611111111111111,0.0,1.0,True
2026-07-23 09:00:00+00:00,tt_kelapagading,Kelapa Gading,Jabodetabek,21.0,29.0,1463.0,1059.0,0.2758620689655172,0.0,0.997814,True
2026-07-23 09:00:00+00:00,tt_kuningan,Jl. HR Rasuna Said,Jabodetabek,21.0,21.0,208.0,208.0,0.0,0.0,1.0,True
2026-07-23 09:00:00+00:00,tt_sudirman,Jl. Sudirman (HI),Jabodetabek,16.0,39.0,897.0,368.0,0.5897435897435898,0.0,1.0,True
2026-07-23 09:00:00+00:00,tt_tangerang,Tol Jakarta-Merak,Jabodetabek,48.0,48.0,193.0,193.0,0.0,0.0,1.0,True
2026-07-23 09:00:00+00:00,tt_tbsimatupang,TB Simatupang,Jabodetabek,35.0,72.0,706.0,343.0,0.5138888888888888,0.0,1.0,True
2026-07-23 09:00:00+00:00,tt_thamrin,Jl. MH Thamrin,Jabodetabek,15.0,24.0,383.0,239.0,0.375,0.0,1.0,True
2026-07-23 10:00:00+00:00,tt_bekasi,,,,,,,,,,False
2026-07-23 10:00:00+00:00,tt_bogor,,,,,,,,,,False
2026-07-23 10:00:00+00:00,tt_bsd,,,,,,,,,,False
2026-07-23 10:00:00+00:00,tt_cawang,,,,,,,,,,False
2026-07-23 10:00:00+00:00,tt_depok,,,,,,,,,,False
2026-07-23 10:00:00+00:00,tt_gatsu,,,,,,,,,,False
2026-07-23 10:00:00+00:00,tt_grogol,,,,,,,,,,False
2026-07-23 10:00:00+00:00,tt_kebonjeruk,,,,,,,,,,False
2026-07-23 10:00:00+00:00,tt_kelapagading,,,,,,,,,,False
2026-07-23 10:00:00+00:00,tt_kuningan,,,,,,,,,,False
2026-07-23 10:00:00+00:00,tt_sudirman,,,,,,,,,,False
2026-07-23 10:00:00+00:00,tt_tangerang,,,,,,,,,,False
2026-07-23 10:00:00+00:00,tt_tbsimatupang,,,,,,,,,,False
2026-07-23 10:00:00+00:00,tt_thamrin,,,,,,,,,,False
2026-07-23 11:00:00+00:00,tt_bekasi,Tol Jakarta-Cikampek,Jabodetabek,18.0,18.0,1072.0,1072.0,0.0,0.0,1.0,True
2026-07-23 11:00:00+00:00,tt_bogor,Tol Jagorawi (Bogor),Jabodetabek,36.0,44.0,823.0,673.0,0.1818181818181817,0.0,1.0,True
2026-07-23 11:00:00+00:00,tt_bsd,BSD/Serpong,Jabodetabek,34.0,34.0,165.0,165.0,0.0,0.0,1.0,True
2026-07-23 11:00:00+00:00,tt_cawang,Cawang interchange,Jabodetabek,29.0,42.0,93.0,64.0,0.3095238095238095,0.0,1.0,True
2026-07-23 11:00:00+00:00,tt_depok,Jl. Margonda (Depok),Jabodetabek,25.0,31.0,2205.0,1778.0,0.1935483870967742,0.0,0.988949,True
2026-07-23 11:00:00+00:00,tt_gatsu,Jl. Gatot Subroto,Jabodetabek,5.0,44.0,471.0,53.0,0.8863636363636364,0.0,1.0,True
2026-07-23 11:00:00+00:00,tt_grogol,Grogol,Jabodetabek,31.0,40.0,393.0,304.0,0.2249999999999999,0.0,1.0,True
2026-07-23 11:00:00+00:00,tt_kebonjeruk,Tol Kebon Jeruk,Jabodetabek,20.0,35.0,2027.0,1158.0,0.4285714285714286,0.0,1.0,True
2026-07-23 11:00:00+00:00,tt_kelapagading,Kelapa Gading,Jabodetabek,20.0,29.0,1536.0,1059.0,0.3103448275862068,0.0,1.0,True
2026-07-23 11:00:00+00:00,tt_kuningan,Jl. HR Rasuna Said,Jabodetabek,13.0,21.0,336.0,208.0,0.3809523809523809,0.0,1.0,True
2026-07-23 11:00:00+00:00,tt_sudirman,Jl. Sudirman (HI),Jabodetabek,10.0,38.0,1435.0,377.0,0.736842105263158,0.0,1.0,True
2026-07-23 11:00:00+00:00,tt_tangerang,Tol Jakarta-Merak,Jabodetabek,36.0,48.0,257.0,193.0,0.25,0.0,1.0,True
2026-07-23 11:00:00+00:00,tt_tbsimatupang,TB Simatupang,Jabodetabek,32.0,73.0,773.0,338.0,0.5616438356164384,0.0,1.0,True
2026-07-23 11:00:00+00:00,tt_thamrin,Jl. MH Thamrin,Jabodetabek,11.0,22.0,522.0,261.0,0.5,0.0,1.0,True
2026-07-23 12:00:00+00:00,tt_bekasi,Tol Jakarta-Cikampek,Jabodetabek,13.0,17.0,1484.0,1135.0,0.2352941176470588,0.0,0.981727,True
2026-07-23 12:00:00+00:00,tt_bogor,Tol Jagorawi (Bogor),Jabodetabek,36.0,45.0,823.0,658.0,0.1999999999999999,0.0,1.0,True
2026-07-23 12:00:00+00:00,tt_bsd,BSD/Serpong,Jabodetabek,34.0,34.0,165.0,165.0,0.0,0.0,1.0,True
2026-07-23 12:00:00+00:00,tt_cawang,Cawang interchange,Jabodetabek,32.0,43.0,84.0,62.0,0.2558139534883721,0.0,1.0,True
2026-07-23 12:00:00+00:00,tt_depok,Jl. Margonda (Depok),Jabodetabek,26.0,31.0,2120.0,1778.0,0.1612903225806451,0.0,0.994845,True
2026-07-23 12:00:00+00:00,tt_gatsu,Jl. Gatot Subroto,Jabodetabek,6.0,46.0,392.0,51.0,0.8695652173913043,0.0,1.0,True
2026-07-23 12:00:00+00:00,tt_grogol,Grogol,Jabodetabek,30.0,40.0,406.0,304.0,0.25,0.0,1.0,True
2026-07-23 12:00:00+00:00,tt_kebonjeruk,Tol Kebon Jeruk,Jabodetabek,22.0,36.0,1843.0,1126.0,0.3888888888888888,0.0,1.0,True
2026-07-23 12:00:00+00:00,tt_kelapagading,Kelapa Gading,Jabodetabek,19.0,29.0,1617.0,1059.0,0.3448275862068966,0.0,0.999754,True
2026-07-23 12:00:00+00:00,tt_kuningan,Jl. HR Rasuna Said,Jabodetabek,13.0,20.0,336.0,218.0,0.35,0.0,1.0,True
2026-07-23 12:00:00+00:00,tt_sudirman,Jl. Sudirman (HI),Jabodetabek,16.0,39.0,897.0,368.0,0.5897435897435898,0.0,1.0,True
2026-07-23 12:00:00+00:00,tt_tangerang,Tol Jakarta-Merak,Jabodetabek,40.0,47.0,231.0,197.0,0.1489361702127659,0.0,1.0,True
2026-07-23 12:00:00+00:00,tt_tbsimatupang,TB Simatupang,Jabodetabek,53.0,71.0,466.0,348.0,0.2535211267605634,0.0,1.0,True
2026-07-23 12:00:00+00:00,tt_thamrin,Jl. MH Thamrin,Jabodetabek,11.0,23.0,522.0,249.0,0.5217391304347826,0.0,1.0,True
2026-07-23 13:00:00+00:00,tt_bekasi,Tol Jakarta-Cikampek,Jabodetabek,18.0,18.0,1072.0,1072.0,0.0,0.0,1.0,True
2026-07-23 13:00:00+00:00,tt_bogor,Tol Jagorawi (Bogor),Jabodetabek,45.0,45.0,658.0,658.0,0.0,0.0,1.0,True
2026-07-23 13:00:00+00:00,tt_bsd,BSD/Serpong,Jabodetabek,29.0,34.0,193.0,165.0,0.1470588235294118,0.0,1.0,True
2026-07-23 13:00:00+00:00,tt_cawang,Cawang interchange,Jabodetabek,43.0,43.0,62.0,62.0,0.0,0.0,1.0,True
2026-07-23 13:00:00+00:00,tt_depok,Jl. Margonda (Depok),Jabodetabek,26.0,31.0,2120.0,1778.0,0.1612903225806451,0.0,0.993347,True
2026-07-23 13:00:00+00:00,tt_gatsu,Jl. Gatot Subroto,Jabodetabek,28.0,44.0,84.0,53.0,0.3636363636363636,0.0,1.0,True
2026-07-23 13:00:00+00:00,tt_grogol,Grogol,Jabodetabek,34.0,40.0,358.0,304.0,0.15,0.0,0.997806,True
2026-07-23 13:00:00+00:00,tt_kebonjeruk,Tol Kebon Jeruk,Jabodetabek,24.0,36.0,1689.0,1126.0,0.3333333333333333,0.0,1.0,True
2026-07-23 13:00:00+00:00,tt_kelapagading,Kelapa Gading,Jabodetabek,23.0,29.0,1335.0,1059.0,0.2068965517241379,0.0,1.0,True
2026-07-23 13:00:00+00:00,tt_kuningan,Jl. HR Rasuna Said,Jabodetabek,15.0,21.0,291.0,208.0,0.2857142857142857,0.0,1.0,True
2026-07-23 13:00:00+00:00,tt_sudirman,Jl. Sudirman (HI),Jabodetabek,26.0,38.0,552.0,377.0,0.3157894736842105,0.0,1.0,True
2026-07-23 13:00:00+00:00,tt_tangerang,Tol Jakarta-Merak,Jabodetabek,48.0,48.0,193.0,193.0,0.0,0.0,1.0,True
2026-07-23 13:00:00+00:00,tt_tbsimatupang,TB Simatupang,Jabodetabek,72.0,72.0,343.0,343.0,0.0,0.0,1.0,True
2026-07-23 13:00:00+00:00,tt_thamrin,Jl. MH Thamrin,Jabodetabek,8.0,22.0,718.0,261.0,0.6363636363636364,0.0,1.0,True
2026-07-23 14:00:00+00:00,tt_bekasi,Tol Jakarta-Cikampek,Jabodetabek,18.0,18.0,1072.0,1072.0,0.0,0.0,1.0,True
2026-07-23 14:00:00+00:00,tt_bogor,Tol Jagorawi (Bogor),Jabodetabek,36.0,44.0,823.0,673.0,0.1818181818181817,0.0,1.0,True
2026-07-23 14:00:00+00:00,tt_bsd,BSD/Serpong,Jabodetabek,34.0,34.0,165.0,165.0,0.0,0.0,1.0,True
2026-07-23 14:00:00+00:00,tt_cawang,Cawang interchange,Jabodetabek,43.0,43.0,62.0,62.0,0.0,0.0,1.0,True
2026-07-23 14:00:00+00:00,tt_depok,Jl. Margonda (Depok),Jabodetabek,31.0,31.0,1778.0,1778.0,0.0,0.0,1.0,True
2026-07-23 14:00:00+00:00,tt_gatsu,Jl. Gatot Subroto,Jabodetabek,45.0,45.0,52.0,52.0,0.0,0.0,1.0,True
2026-07-23 14:00:00+00:00,tt_grogol,Grogol,Jabodetabek,40.0,40.0,304.0,304.0,0.0,0.0,1.0,True
2026-07-23 14:00:00+00:00,tt_kebonjeruk,Tol Kebon Jeruk,Jabodetabek,27.0,35.0,1501.0,1158.0,0.2285714285714285,0.0,1.0,True
2026-07-23 14:00:00+00:00,tt_kelapagading,Kelapa Gading,Jabodetabek,29.0,29.0,1059.0,1059.0,0.0,0.0,1.0,True
2026-07-23 14:00:00+00:00,tt_kuningan,Jl. HR Rasuna Said,Jabodetabek,21.0,21.0,208.0,208.0,0.0,0.0,1.0,True
2026-07-23 14:00:00+00:00,tt_sudirman,Jl. Sudirman (HI),Jabodetabek,29.0,39.0,494.0,368.0,0.2564102564102564,0.0,1.0,True
2026-07-23 14:00:00+00:00,tt_tangerang,Tol Jakarta-Merak,Jabodetabek,48.0,48.0,193.0,193.0,0.0,0.0,1.0,True
2026-07-23 14:00:00+00:00,tt_tbsimatupang,TB Simatupang,Jabodetabek,72.0,72.0,343.0,343.0,0.0,0.0,1.0,True
2026-07-23 14:00:00+00:00,tt_thamrin,Jl. MH Thamrin,Jabodetabek,19.0,25.0,302.0,229.0,0.24,0.0,1.0,True
2026-07-23 15:00:00+00:00,tt_bekasi,,,,,,,,,,False
2026-07-23 15:00:00+00:00,tt_bogor,,,,,,,,,,False
2026-07-23 15:00:00+00:00,tt_bsd,,,,,,,,,,False
2026-07-23 15:00:00+00:00,tt_cawang,,,,,,,,,,False
2026-07-23 15:00:00+00:00,tt_depok,,,,,,,,,,False
2026-07-23 15:00:00+00:00,tt_gatsu,,,,,,,,,,False
2026-07-23 15:00:00+00:00,tt_grogol,,,,,,,,,,False
2026-07-23 15:00:00+00:00,tt_kebonjeruk,,,,,,,,,,False
2026-07-23 15:00:00+00:00,tt_kelapagading,,,,,,,,,,False
2026-07-23 15:00:00+00:00,tt_kuningan,,,,,,,,,,False
2026-07-23 15:00:00+00:00,tt_sudirman,,,,,,,,,,False
2026-07-23 15:00:00+00:00,tt_tangerang,,,,,,,,,,False
2026-07-23 15:00:00+00:00,tt_tbsimatupang,,,,,,,,,,False
2026-07-23 15:00:00+00:00,tt_thamrin,,,,,,,,,,False
2026-07-23 16:00:00+00:00,tt_bekasi,,,,,,,,,,False
2026-07-23 16:00:00+00:00,tt_bogor,,,,,,,,,,False
2026-07-23 16:00:00+00:00,tt_bsd,,,,,,,,,,False
2026-07-23 16:00:00+00:00,tt_cawang,,,,,,,,,,False
2026-07-23 16:00:00+00:00,tt_depok,,,,,,,,,,False
2026-07-23 16:00:00+00:00,tt_gatsu,,,,,,,,,,False
2026-07-23 16:00:00+00:00,tt_grogol,,,,,,,,,,False
2026-07-23 16:00:00+00:00,tt_kebonjeruk,,,,,,,,,,False
2026-07-23 16:00:00+00:00,tt_kelapagading,,,,,,,,,,False
2026-07-23 16:00:00+00:00,tt_kuningan,,,,,,,,,,False
2026-07-23 16:00:00+00:00,tt_sudirman,,,,,,,,,,False
2026-07-23 16:00:00+00:00,tt_tangerang,,,,,,,,,,False
2026-07-23 16:00:00+00:00,tt_tbsimatupang,,,,,,,,,,False
2026-07-23 16:00:00+00:00,tt_thamrin,,,,,,,,,,False
2026-07-23 17:00:00+00:00,tt_bekasi,,,,,,,,,,False
2026-07-23 17:00:00+00:00,tt_bogor,,,,,,,,,,False
2026-07-23 17:00:00+00:00,tt_bsd,,,,,,,,,,False
2026-07-23 17:00:00+00:00,tt_cawang,,,,,,,,,,False
2026-07-23 17:00:00+00:00,tt_depok,,,,,,,,,,False
2026-07-23 17:00:00+00:00,tt_gatsu,,,,,,,,,,False
2026-07-23 17:00:00+00:00,tt_grogol,,,,,,,,,,False
2026-07-23 17:00:00+00:00,tt_kebonjeruk,,,,,,,,,,False
2026-07-23 17:00:00+00:00,tt_kelapagading,,,,,,,,,,False
2026-07-23 17:00:00+00:00,tt_kuningan,,,,,,,,,,False
2026-07-23 17:00:00+00:00,tt_sudirman,,,,,,,,,,False
2026-07-23 17:00:00+00:00,tt_tangerang,,,,,,,,,,False
2026-07-23 17:00:00+00:00,tt_tbsimatupang,,,,,,,,,,False
2026-07-23 17:00:00+00:00,tt_thamrin,,,,,,,,,,False
2026-07-23 18:00:00+00:00,tt_bekasi,,,,,,,,,,False
2026-07-23 18:00:00+00:00,tt_bogor,,,,,,,,,,False
2026-07-23 18:00:00+00:00,tt_bsd,,,,,,,,,,False
2026-07-23 18:00:00+00:00,tt_cawang,,,,,,,,,,False
2026-07-23 18:00:00+00:00,tt_depok,,,,,,,,,,False
2026-07-23 18:00:00+00:00,tt_gatsu,,,,,,,,,,False
2026-07-23 18:00:00+00:00,tt_grogol,,,,,,,,,,False
2026-07-23 18:00:00+00:00,tt_kebonjeruk,,,,,,,,,,False
2026-07-23 18:00:00+00:00,tt_kelapagading,,,,,,,,,,False
2026-07-23 18:00:00+00:00,tt_kuningan,,,,,,,,,,False
2026-07-23 18:00:00+00:00,tt_sudirman,,,,,,,,,,False
2026-07-23 18:00:00+00:00,tt_tangerang,,,,,,,,,,False
2026-07-23 18:00:00+00:00,tt_tbsimatupang,,,,,,,,,,False
2026-07-23 18:00:00+00:00,tt_thamrin,,,,,,,,,,False
2026-07-23 19:00:00+00:00,tt_bekasi,,,,,,,,,,False
2026-07-23 19:00:00+00:00,tt_bogor,,,,,,,,,,False
2026-07-23 19:00:00+00:00,tt_bsd,,,,,,,,,,False
2026-07-23 19:00:00+00:00,tt_cawang,,,,,,,,,,False
2026-07-23 19:00:00+00:00,tt_depok,,,,,,,,,,False
2026-07-23 19:00:00+00:00,tt_gatsu,,,,,,,,,,False
2026-07-23 19:00:00+00:00,tt_grogol,,,,,,,,,,False
2026-07-23 19:00:00+00:00,tt_kebonjeruk,,,,,,,,,,False
2026-07-23 19:00:00+00:00,tt_kelapagading,,,,,,,,,,False
2026-07-23 19:00:00+00:00,tt_kuningan,,,,,,,,,,False
2026-07-23 19:00:00+00:00,tt_sudirman,,,,,,,,,,False
2026-07-23 19:00:00+00:00,tt_tangerang,,,,,,,,,,False
2026-07-23 19:00:00+00:00,tt_tbsimatupang,,,,,,,,,,False
2026-07-23 19:00:00+00:00,tt_thamrin,,,,,,,,,,False
2026-07-23 20:00:00+00:00,tt_bekasi,,,,,,,,,,False
2026-07-23 20:00:00+00:00,tt_bogor,,,,,,,,,,False
2026-07-23 20:00:00+00:00,tt_bsd,,,,,,,,,,False
2026-07-23 20:00:00+00:00,tt_cawang,,,,,,,,,,False
2026-07-23 20:00:00+00:00,tt_depok,,,,,,,,,,False
2026-07-23 20:00:00+00:00,tt_gatsu,,,,,,,,,,False
2026-07-23 20:00:00+00:00,tt_grogol,,,,,,,,,,False
2026-07-23 20:00:00+00:00,tt_kebonjeruk,,,,,,,,,,False
2026-07-23 20:00:00+00:00,tt_kelapagading,,,,,,,,,,False
2026-07-23 20:00:00+00:00,tt_kuningan,,,,,,,,,,False
2026-07-23 20:00:00+00:00,tt_sudirman,,,,,,,,,,False
2026-07-23 20:00:00+00:00,tt_tangerang,,,,,,,,,,False
2026-07-23 20:00:00+00:00,tt_tbsimatupang,,,,,,,,,,False
2026-07-23 20:00:00+00:00,tt_thamrin,,,,,,,,,,False
2026-07-23 21:00:00+00:00,tt_bekasi,,,,,,,,,,False
2026-07-23 21:00:00+00:00,tt_bogor,,,,,,,,,,False
2026-07-23 21:00:00+00:00,tt_bsd,,,,,,,,,,False
2026-07-23 21:00:00+00:00,tt_cawang,,,,,,,,,,False
2026-07-23 21:00:00+00:00,tt_depok,,,,,,,,,,False
2026-07-23 21:00:00+00:00,tt_gatsu,,,,,,,,,,False
2026-07-23 21:00:00+00:00,tt_grogol,,,,,,,,,,False
2026-07-23 21:00:00+00:00,tt_kebonjeruk,,,,,,,,,,False
2026-07-23 21:00:00+00:00,tt_kelapagading,,,,,,,,,,False
2026-07-23 21:00:00+00:00,tt_kuningan,,,,,,,,,,False
2026-07-23 21:00:00+00:00,tt_sudirman,,,,,,,,,,False
2026-07-23 21:00:00+00:00,tt_tangerang,,,,,,,,,,False
2026-07-23 21:00:00+00:00,tt_tbsimatupang,,,,,,,,,,False
2026-07-23 21:00:00+00:00,tt_thamrin,,,,,,,,,,False
2026-07-23 22:00:00+00:00,tt_bekasi,,,,,,,,,,False
2026-07-23 22:00:00+00:00,tt_bogor,,,,,,,,,,False
2026-07-23 22:00:00+00:00,tt_bsd,,,,,,,,,,False
2026-07-23 22:00:00+00:00,tt_cawang,,,,,,,,,,False
2026-07-23 22:00:00+00:00,tt_depok,,,,,,,,,,False
2026-07-23 22:00:00+00:00,tt_gatsu,,,,,,,,,,False
2026-07-23 22:00:00+00:00,tt_grogol,,,,,,,,,,False
2026-07-23 22:00:00+00:00,tt_kebonjeruk,,,,,,,,,,False
2026-07-23 22:00:00+00:00,tt_kelapagading,,,,,,,,,,False
2026-07-23 22:00:00+00:00,tt_kuningan,,,,,,,,,,False
2026-07-23 22:00:00+00:00,tt_sudirman,,,,,,,,,,False
2026-07-23 22:00:00+00:00,tt_tangerang,,,,,,,,,,False
2026-07-23 22:00:00+00:00,tt_tbsimatupang,,,,,,,,,,False
2026-07-23 22:00:00+00:00,tt_thamrin,,,,,,,,,,False
2026-07-23 23:00:00+00:00,tt_bekasi,,,,,,,,,,False
2026-07-23 23:00:00+00:00,tt_bogor,,,,,,,,,,False
2026-07-23 23:00:00+00:00,tt_bsd,,,,,,,,,,False
2026-07-23 23:00:00+00:00,tt_cawang,,,,,,,,,,False
2026-07-23 23:00:00+00:00,tt_depok,,,,,,,,,,False
2026-07-23 23:00:00+00:00,tt_gatsu,,,,,,,,,,False
2026-07-23 23:00:00+00:00,tt_grogol,,,,,,,,,,False
2026-07-23 23:00:00+00:00,tt_kebonjeruk,,,,,,,,,,False
2026-07-23 23:00:00+00:00,tt_kelapagading,,,,,,,,,,False
2026-07-23 23:00:00+00:00,tt_kuningan,,,,,,,,,,False
2026-07-23 23:00:00+00:00,tt_sudirman,,,,,,,,,,False
2026-07-23 23:00:00+00:00,tt_tangerang,,,,,,,,,,False
2026-07-23 23:00:00+00:00,tt_tbsimatupang,,,,,,,,,,False
2026-07-23 23:00:00+00:00,tt_thamrin,,,,,,,,,,False
2026-07-24 00:00:00+00:00,tt_bekasi,,,,,,,,,,False
2026-07-24 00:00:00+00:00,tt_bogor,,,,,,,,,,False
2026-07-24 00:00:00+00:00,tt_bsd,,,,,,,,,,False
2026-07-24 00:00:00+00:00,tt_cawang,,,,,,,,,,False
2026-07-24 00:00:00+00:00,tt_depok,,,,,,,,,,False
2026-07-24 00:00:00+00:00,tt_gatsu,,,,,,,,,,False
2026-07-24 00:00:00+00:00,tt_grogol,,,,,,,,,,False
2026-07-24 00:00:00+00:00,tt_kebonjeruk,,,,,,,,,,False
2026-07-24 00:00:00+00:00,tt_kelapagading,,,,,,,,,,False
2026-07-24 00:00:00+00:00,tt_kuningan,,,,,,,,,,False
2026-07-24 00:00:00+00:00,tt_sudirman,,,,,,,,,,False
2026-07-24 00:00:00+00:00,tt_tangerang,,,,,,,,,,False
2026-07-24 00:00:00+00:00,tt_tbsimatupang,,,,,,,,,,False
2026-07-24 00:00:00+00:00,tt_thamrin,,,,,,,,,,False
2026-07-24 01:00:00+00:00,tt_bekasi,,,,,,,,,,False
2026-07-24 01:00:00+00:00,tt_bogor,,,,,,,,,,False
2026-07-24 01:00:00+00:00,tt_bsd,,,,,,,,,,False
2026-07-24 01:00:00+00:00,tt_cawang,,,,,,,,,,False
2026-07-24 01:00:00+00:00,tt_depok,,,,,,,,,,False
2026-07-24 01:00:00+00:00,tt_gatsu,,,,,,,,,,False
2026-07-24 01:00:00+00:00,tt_grogol,,,,,,,,,,False
2026-07-24 01:00:00+00:00,tt_kebonjeruk,,,,,,,,,,False
2026-07-24 01:00:00+00:00,tt_kelapagading,,,,,,,,,,False
2026-07-24 01:00:00+00:00,tt_kuningan,,,,,,,,,,False
2026-07-24 01:00:00+00:00,tt_sudirman,,,,,,,,,,False
2026-07-24 01:00:00+00:00,tt_tangerang,,,,,,,,,,False
2026-07-24 01:00:00+00:00,tt_tbsimatupang,,,,,,,,,,False
2026-07-24 01:00:00+00:00,tt_thamrin,,,,,,,,,,False
2026-07-24 02:00:00+00:00,tt_bekasi,,,,,,,,,,False
2026-07-24 02:00:00+00:00,tt_bogor,,,,,,,,,,False
2026-07-24 02:00:00+00:00,tt_bsd,,,,,,,,,,False
2026-07-24 02:00:00+00:00,tt_cawang,,,,,,,,,,False
2026-07-24 02:00:00+00:00,tt_depok,,,,,,,,,,False
2026-07-24 02:00:00+00:00,tt_gatsu,,,,,,,,,,False
2026-07-24 02:00:00+00:00,tt_grogol,,,,,,,,,,False
2026-07-24 02:00:00+00:00,tt_kebonjeruk,,,,,,,,,,False
2026-07-24 02:00:00+00:00,tt_kelapagading,,,,,,,,,,False
2026-07-24 02:00:00+00:00,tt_kuningan,,,,,,,,,,False
2026-07-24 02:00:00+00:00,tt_sudirman,,,,,,,,,,False
2026-07-24 02:00:00+00:00,tt_tangerang,,,,,,,,,,False
2026-07-24 02:00:00+00:00,tt_tbsimatupang,,,,,,,,,,False
2026-07-24 02:00:00+00:00,tt_thamrin,,,,,,,,,,False
2026-07-24 03:00:00+00:00,tt_bekasi,,,,,,,,,,False
2026-07-24 03:00:00+00:00,tt_bogor,,,,,,,,,,False
2026-07-24 03:00:00+00:00,tt_bsd,,,,,,,,,,False
2026-07-24 03:00:00+00:00,tt_cawang,,,,,,,,,,False
2026-07-24 03:00:00+00:00,tt_depok,,,,,,,,,,False
2026-07-24 03:00:00+00:00,tt_gatsu,,,,,,,,,,False
2026-07-24 03:00:00+00:00,tt_grogol,,,,,,,,,,False
2026-07-24 03:00:00+00:00,tt_kebonjeruk,,,,,,,,,,False
2026-07-24 03:00:00+00:00,tt_kelapagading,,,,,,,,,,False
2026-07-24 03:00:00+00:00,tt_kuningan,,,,,,,,,,False
2026-07-24 03:00:00+00:00,tt_sudirman,,,,,,,,,,False
2026-07-24 03:00:00+00:00,tt_tangerang,,,,,,,,,,False
2026-07-24 03:00:00+00:00,tt_tbsimatupang,,,,,,,,,,False
2026-07-24 03:00:00+00:00,tt_thamrin,,,,,,,,,,False
2026-07-24 04:00:00+00:00,tt_bekasi,,,,,,,,,,False
2026-07-24 04:00:00+00:00,tt_bogor,,,,,,,,,,False
2026-07-24 04:00:00+00:00,tt_bsd,,,,,,,,,,False
2026-07-24 04:00:00+00:00,tt_cawang,,,,,,,,,,False
2026-07-24 04:00:00+00:00,tt_depok,,,,,,,,,,False
2026-07-24 04:00:00+00:00,tt_gatsu,,,,,,,,,,False
2026-07-24 04:00:00+00:00,tt_grogol,,,,,,,,,,False
2026-07-24 04:00:00+00:00,tt_kebonjeruk,,,,,,,,,,False
2026-07-24 04:00:00+00:00,tt_kelapagading,,,,,,,,,,False
2026-07-24 04:00:00+00:00,tt_kuningan,,,,,,,,,,False
2026-07-24 04:00:00+00:00,tt_sudirman,,,,,,,,,,False
2026-07-24 04:00:00+00:00,tt_tangerang,,,,,,,,,,False
2026-07-24 04:00:00+00:00,tt_tbsimatupang,,,,,,,,,,False
2026-07-24 04:00:00+00:00,tt_thamrin,,,,,,,,,,False
2026-07-24 05:00:00+00:00,tt_bekasi,,,,,,,,,,False
2026-07-24 05:00:00+00:00,tt_bogor,,,,,,,,,,False
2026-07-24 05:00:00+00:00,tt_bsd,,,,,,,,,,False
2026-07-24 05:00:00+00:00,tt_cawang,,,,,,,,,,False
2026-07-24 05:00:00+00:00,tt_depok,,,,,,,,,,False
2026-07-24 05:00:00+00:00,tt_gatsu,,,,,,,,,,False
2026-07-24 05:00:00+00:00,tt_grogol,,,,,,,,,,False
2026-07-24 05:00:00+00:00,tt_kebonjeruk,,,,,,,,,,False
2026-07-24 05:00:00+00:00,tt_kelapagading,,,,,,,,,,False
2026-07-24 05:00:00+00:00,tt_kuningan,,,,,,,,,,False
2026-07-24 05:00:00+00:00,tt_sudirman,,,,,,,,,,False
2026-07-24 05:00:00+00:00,tt_tangerang,,,,,,,,,,False
2026-07-24 05:00:00+00:00,tt_tbsimatupang,,,,,,,,,,False
2026-07-24 05:00:00+00:00,tt_thamrin,,,,,,,,,,False
2026-07-24 06:00:00+00:00,tt_bekasi,,,,,,,,,,False
2026-07-24 06:00:00+00:00,tt_bogor,,,,,,,,,,False
2026-07-24 06:00:00+00:00,tt_bsd,,,,,,,,,,False
2026-07-24 06:00:00+00:00,tt_cawang,,,,,,,,,,False
2026-07-24 06:00:00+00:00,tt_depok,,,,,,,,,,False
2026-07-24 06:00:00+00:00,tt_gatsu,,,,,,,,,,False
2026-07-24 06:00:00+00:00,tt_grogol,,,,,,,,,,False
2026-07-24 06:00:00+00:00,tt_kebonjeruk,,,,,,,,,,False
2026-07-24 06:00:00+00:00,tt_kelapagading,,,,,,,,,,False
2026-07-24 06:00:00+00:00,tt_kuningan,,,,,,,,,,False
2026-07-24 06:00:00+00:00,tt_sudirman,,,,,,,,,,False
2026-07-24 06:00:00+00:00,tt_tangerang,,,,,,,,,,False
2026-07-24 06:00:00+00:00,tt_tbsimatupang,,,,,,,,,,False
2026-07-24 06:00:00+00:00,tt_thamrin,,,,,,,,,,False
2026-07-24 07:00:00+00:00,tt_bekasi,,,,,,,,,,False
2026-07-24 07:00:00+00:00,tt_bogor,,,,,,,,,,False
2026-07-24 07:00:00+00:00,tt_bsd,,,,,,,,,,False
2026-07-24 07:00:00+00:00,tt_cawang,,,,,,,,,,False
2026-07-24 07:00:00+00:00,tt_depok,,,,,,,,,,False
2026-07-24 07:00:00+00:00,tt_gatsu,,,,,,,,,,False
2026-07-24 07:00:00+00:00,tt_grogol,,,,,,,,,,False
2026-07-24 07:00:00+00:00,tt_kebonjeruk,,,,,,,,,,False
2026-07-24 07:00:00+00:00,tt_kelapagading,,,,,,,,,,False
2026-07-24 07:00:00+00:00,tt_kuningan,,,,,,,,,,False
2026-07-24 07:00:00+00:00,tt_sudirman,,,,,,,,,,False
2026-07-24 07:00:00+00:00,tt_tangerang,,,,,,,,,,False
2026-07-24 07:00:00+00:00,tt_tbsimatupang,,,,,,,,,,False
2026-07-24 07:00:00+00:00,tt_thamrin,,,,,,,,,,False
2026-07-24 08:00:00+00:00,tt_bekasi,,,,,,,,,,False
2026-07-24 08:00:00+00:00,tt_bogor,,,,,,,,,,False
2026-07-24 08:00:00+00:00,tt_bsd,,,,,,,,,,False
2026-07-24 08:00:00+00:00,tt_cawang,,,,,,,,,,False
2026-07-24 08:00:00+00:00,tt_depok,,,,,,,,,,False
2026-07-24 08:00:00+00:00,tt_gatsu,,,,,,,,,,False
2026-07-24 08:00:00+00:00,tt_grogol,,,,,,,,,,False
2026-07-24 08:00:00+00:00,tt_kebonjeruk,,,,,,,,,,False
2026-07-24 08:00:00+00:00,tt_kelapagading,,,,,,,,,,False
2026-07-24 08:00:00+00:00,tt_kuningan,,,,,,,,,,False
2026-07-24 08:00:00+00:00,tt_sudirman,,,,,,,,,,False
2026-07-24 08:00:00+00:00,tt_tangerang,,,,,,,,,,False
2026-07-24 08:00:00+00:00,tt_tbsimatupang,,,,,,,,,,False
2026-07-24 08:00:00+00:00,tt_thamrin,,,,,,,,,,False
2026-07-24 09:00:00+00:00,tt_bekasi,,,,,,,,,,False
2026-07-24 09:00:00+00:00,tt_bogor,,,,,,,,,,False
2026-07-24 09:00:00+00:00,tt_bsd,,,,,,,,,,False
2026-07-24 09:00:00+00:00,tt_cawang,,,,,,,,,,False
2026-07-24 09:00:00+00:00,tt_depok,,,,,,,,,,False
2026-07-24 09:00:00+00:00,tt_gatsu,,,,,,,,,,False
2026-07-24 09:00:00+00:00,tt_grogol,,,,,,,,,,False
2026-07-24 09:00:00+00:00,tt_kebonjeruk,,,,,,,,,,False
2026-07-24 09:00:00+00:00,tt_kelapagading,,,,,,,,,,False
2026-07-24 09:00:00+00:00,tt_kuningan,,,,,,,,,,False
2026-07-24 09:00:00+00:00,tt_sudirman,,,,,,,,,,False
2026-07-24 09:00:00+00:00,tt_tangerang,,,,,,,,,,False
2026-07-24 09:00:00+00:00,tt_tbsimatupang,,,,,,,,,,False
2026-07-24 09:00:00+00:00,tt_thamrin,,,,,,,,,,False
2026-07-24 10:00:00+00:00,tt_bekasi,,,,,,,,,,False
2026-07-24 10:00:00+00:00,tt_bogor,,,,,,,,,,False
2026-07-24 10:00:00+00:00,tt_bsd,,,,,,,,,,False
2026-07-24 10:00:00+00:00,tt_cawang,,,,,,,,,,False
2026-07-24 10:00:00+00:00,tt_depok,,,,,,,,,,False
2026-07-24 10:00:00+00:00,tt_gatsu,,,,,,,,,,False
2026-07-24 10:00:00+00:00,tt_grogol,,,,,,,,,,False
2026-07-24 10:00:00+00:00,tt_kebonjeruk,,,,,,,,,,False
2026-07-24 10:00:00+00:00,tt_kelapagading,,,,,,,,,,False
2026-07-24 10:00:00+00:00,tt_kuningan,,,,,,,,,,False
2026-07-24 10:00:00+00:00,tt_sudirman,,,,,,,,,,False
2026-07-24 10:00:00+00:00,tt_tangerang,,,,,,,,,,False
2026-07-24 10:00:00+00:00,tt_tbsimatupang,,,,,,,,,,False
2026-07-24 10:00:00+00:00,tt_thamrin,,,,,,,,,,False
2026-07-24 11:00:00+00:00,tt_bekasi,,,,,,,,,,False
2026-07-24 11:00:00+00:00,tt_bogor,,,,,,,,,,False
2026-07-24 11:00:00+00:00,tt_bsd,,,,,,,,,,False
2026-07-24 11:00:00+00:00,tt_cawang,,,,,,,,,,False
2026-07-24 11:00:00+00:00,tt_depok,,,,,,,,,,False
2026-07-24 11:00:00+00:00,tt_gatsu,,,,,,,,,,False
2026-07-24 11:00:00+00:00,tt_grogol,,,,,,,,,,False
2026-07-24 11:00:00+00:00,tt_kebonjeruk,,,,,,,,,,False
2026-07-24 11:00:00+00:00,tt_kelapagading,,,,,,,,,,False
2026-07-24 11:00:00+00:00,tt_kuningan,,,,,,,,,,False
2026-07-24 11:00:00+00:00,tt_sudirman,,,,,,,,,,False
2026-07-24 11:00:00+00:00,tt_tangerang,,,,,,,,,,False
2026-07-24 11:00:00+00:00,tt_tbsimatupang,,,,,,,,,,False
2026-07-24 11:00:00+00:00,tt_thamrin,,,,,,,,,,False
2026-07-24 12:00:00+00:00,tt_bekasi,,,,,,,,,,False
2026-07-24 12:00:00+00:00,tt_bogor,,,,,,,,,,False
2026-07-24 12:00:00+00:00,tt_bsd,,,,,,,,,,False
2026-07-24 12:00:00+00:00,tt_cawang,,,,,,,,,,False
2026-07-24 12:00:00+00:00,tt_depok,,,,,,,,,,False
2026-07-24 12:00:00+00:00,tt_gatsu,,,,,,,,,,False
2026-07-24 12:00:00+00:00,tt_grogol,,,,,,,,,,False
2026-07-24 12:00:00+00:00,tt_kebonjeruk,,,,,,,,,,False
2026-07-24 12:00:00+00:00,tt_kelapagading,,,,,,,,,,False
2026-07-24 12:00:00+00:00,tt_kuningan,,,,,,,,,,False
2026-07-24 12:00:00+00:00,tt_sudirman,,,,,,,,,,False
2026-07-24 12:00:00+00:00,tt_tangerang,,,,,,,,,,False
2026-07-24 12:00:00+00:00,tt_tbsimatupang,,,,,,,,,,False
2026-07-24 12:00:00+00:00,tt_thamrin,,,,,,,,,,False
2026-07-24 13:00:00+00:00,tt_bekasi,,,,,,,,,,False
2026-07-24 13:00:00+00:00,tt_bogor,,,,,,,,,,False
2026-07-24 13:00:00+00:00,tt_bsd,,,,,,,,,,False
2026-07-24 13:00:00+00:00,tt_cawang,,,,,,,,,,False
2026-07-24 13:00:00+00:00,tt_depok,,,,,,,,,,False
2026-07-24 13:00:00+00:00,tt_gatsu,,,,,,,,,,False
2026-07-24 13:00:00+00:00,tt_grogol,,,,,,,,,,False
2026-07-24 13:00:00+00:00,tt_kebonjeruk,,,,,,,,,,False
2026-07-24 13:00:00+00:00,tt_kelapagading,,,,,,,,,,False
2026-07-24 13:00:00+00:00,tt_kuningan,,,,,,,,,,False
2026-07-24 13:00:00+00:00,tt_sudirman,,,,,,,,,,False
2026-07-24 13:00:00+00:00,tt_tangerang,,,,,,,,,,False
2026-07-24 13:00:00+00:00,tt_tbsimatupang,,,,,,,,,,False
2026-07-24 13:00:00+00:00,tt_thamrin,,,,,,,,,,False
2026-07-24 14:00:00+00:00,tt_bekasi,,,,,,,,,,False
2026-07-24 14:00:00+00:00,tt_bogor,,,,,,,,,,False
2026-07-24 14:00:00+00:00,tt_bsd,,,,,,,,,,False
2026-07-24 14:00:00+00:00,tt_cawang,,,,,,,,,,False
2026-07-24 14:00:00+00:00,tt_depok,,,,,,,,,,False
2026-07-24 14:00:00+00:00,tt_gatsu,,,,,,,,,,False
2026-07-24 14:00:00+00:00,tt_grogol,,,,,,,,,,False
2026-07-24 14:00:00+00:00,tt_kebonjeruk,,,,,,,,,,False
2026-07-24 14:00:00+00:00,tt_kelapagading,,,,,,,,,,False
2026-07-24 14:00:00+00:00,tt_kuningan,,,,,,,,,,False
2026-07-24 14:00:00+00:00,tt_sudirman,,,,,,,,,,False
2026-07-24 14:00:00+00:00,tt_tangerang,,,,,,,,,,False
2026-07-24 14:00:00+00:00,tt_tbsimatupang,,,,,,,,,,False
2026-07-24 14:00:00+00:00,tt_thamrin,,,,,,,,,,False
2026-07-24 15:00:00+00:00,tt_bekasi,,,,,,,,,,False
2026-07-24 15:00:00+00:00,tt_bogor,,,,,,,,,,False
2026-07-24 15:00:00+00:00,tt_bsd,,,,,,,,,,False
2026-07-24 15:00:00+00:00,tt_cawang,,,,,,,,,,False
2026-07-24 15:00:00+00:00,tt_depok,,,,,,,,,,False
2026-07-24 15:00:00+00:00,tt_gatsu,,,,,,,,,,False
2026-07-24 15:00:00+00:00,tt_grogol,,,,,,,,,,False
2026-07-24 15:00:00+00:00,tt_kebonjeruk,,,,,,,,,,False
2026-07-24 15:00:00+00:00,tt_kelapagading,,,,,,,,,,False
2026-07-24 15:00:00+00:00,tt_kuningan,,,,,,,,,,False
2026-07-24 15:00:00+00:00,tt_sudirman,,,,,,,,,,False
2026-07-24 15:00:00+00:00,tt_tangerang,,,,,,,,,,False
2026-07-24 15:00:00+00:00,tt_tbsimatupang,,,,,,,,,,False
2026-07-24 15:00:00+00:00,tt_thamrin,,,,,,,,,,False
2026-07-24 16:00:00+00:00,tt_bekasi,,,,,,,,,,False
2026-07-24 16:00:00+00:00,tt_bogor,,,,,,,,,,False
2026-07-24 16:00:00+00:00,tt_bsd,,,,,,,,,,False
2026-07-24 16:00:00+00:00,tt_cawang,,,,,,,,,,False
2026-07-24 16:00:00+00:00,tt_depok,,,,,,,,,,False
2026-07-24 16:00:00+00:00,tt_gatsu,,,,,,,,,,False
2026-07-24 16:00:00+00:00,tt_grogol,,,,,,,,,,False
2026-07-24 16:00:00+00:00,tt_kebonjeruk,,,,,,,,,,False
2026-07-24 16:00:00+00:00,tt_kelapagading,,,,,,,,,,False
2026-07-24 16:00:00+00:00,tt_kuningan,,,,,,,,,,False
2026-07-24 16:00:00+00:00,tt_sudirman,,,,,,,,,,False
2026-07-24 16:00:00+00:00,tt_tangerang,,,,,,,,,,False
2026-07-24 16:00:00+00:00,tt_tbsimatupang,,,,,,,,,,False
2026-07-24 16:00:00+00:00,tt_thamrin,,,,,,,,,,False
2026-07-24 17:00:00+00:00,tt_bekasi,,,,,,,,,,False
2026-07-24 17:00:00+00:00,tt_bogor,,,,,,,,,,False
2026-07-24 17:00:00+00:00,tt_bsd,,,,,,,,,,False
2026-07-24 17:00:00+00:00,tt_cawang,,,,,,,,,,False
2026-07-24 17:00:00+00:00,tt_depok,,,,,,,,,,False
2026-07-24 17:00:00+00:00,tt_gatsu,,,,,,,,,,False
2026-07-24 17:00:00+00:00,tt_grogol,,,,,,,,,,False
2026-07-24 17:00:00+00:00,tt_kebonjeruk,,,,,,,,,,False
2026-07-24 17:00:00+00:00,tt_kelapagading,,,,,,,,,,False
2026-07-24 17:00:00+00:00,tt_kuningan,,,,,,,,,,False
2026-07-24 17:00:00+00:00,tt_sudirman,,,,,,,,,,False
2026-07-24 17:00:00+00:00,tt_tangerang,,,,,,,,,,False
2026-07-24 17:00:00+00:00,tt_tbsimatupang,,,,,,,,,,False
2026-07-24 17:00:00+00:00,tt_thamrin,,,,,,,,,,False
2026-07-24 18:00:00+00:00,tt_bekasi,,,,,,,,,,False
2026-07-24 18:00:00+00:00,tt_bogor,,,,,,,,,,False
2026-07-24 18:00:00+00:00,tt_bsd,,,,,,,,,,False
2026-07-24 18:00:00+00:00,tt_cawang,,,,,,,,,,False
2026-07-24 18:00:00+00:00,tt_depok,,,,,,,,,,False
2026-07-24 18:00:00+00:00,tt_gatsu,,,,,,,,,,False
2026-07-24 18:00:00+00:00,tt_grogol,,,,,,,,,,False
2026-07-24 18:00:00+00:00,tt_kebonjeruk,,,,,,,,,,False
2026-07-24 18:00:00+00:00,tt_kelapagading,,,,,,,,,,False
2026-07-24 18:00:00+00:00,tt_kuningan,,,,,,,,,,False
2026-07-24 18:00:00+00:00,tt_sudirman,,,,,,,,,,False
2026-07-24 18:00:00+00:00,tt_tangerang,,,,,,,,,,False
2026-07-24 18:00:00+00:00,tt_tbsimatupang,,,,,,,,,,False
2026-07-24 18:00:00+00:00,tt_thamrin,,,,,,,,,,False
2026-07-24 19:00:00+00:00,tt_bekasi,,,,,,,,,,False
2026-07-24 19:00:00+00:00,tt_bogor,,,,,,,,,,False
2026-07-24 19:00:00+00:00,tt_bsd,,,,,,,,,,False
2026-07-24 19:00:00+00:00,tt_cawang,,,,,,,,,,False
2026-07-24 19:00:00+00:00,tt_depok,,,,,,,,,,False
2026-07-24 19:00:00+00:00,tt_gatsu,,,,,,,,,,False
2026-07-24 19:00:00+00:00,tt_grogol,,,,,,,,,,False
2026-07-24 19:00:00+00:00,tt_kebonjeruk,,,,,,,,,,False
2026-07-24 19:00:00+00:00,tt_kelapagading,,,,,,,,,,False
2026-07-24 19:00:00+00:00,tt_kuningan,,,,,,,,,,False
2026-07-24 19:00:00+00:00,tt_sudirman,,,,,,,,,,False
2026-07-24 19:00:00+00:00,tt_tangerang,,,,,,,,,,False
2026-07-24 19:00:00+00:00,tt_tbsimatupang,,,,,,,,,,False
2026-07-24 19:00:00+00:00,tt_thamrin,,,,,,,,,,False
2026-07-24 20:00:00+00:00,tt_bekasi,,,,,,,,,,False
2026-07-24 20:00:00+00:00,tt_bogor,,,,,,,,,,False
2026-07-24 20:00:00+00:00,tt_bsd,,,,,,,,,,False
2026-07-24 20:00:00+00:00,tt_cawang,,,,,,,,,,False
2026-07-24 20:00:00+00:00,tt_depok,,,,,,,,,,False
2026-07-24 20:00:00+00:00,tt_gatsu,,,,,,,,,,False
2026-07-24 20:00:00+00:00,tt_grogol,,,,,,,,,,False
2026-07-24 20:00:00+00:00,tt_kebonjeruk,,,,,,,,,,False
2026-07-24 20:00:00+00:00,tt_kelapagading,,,,,,,,,,False
2026-07-24 20:00:00+00:00,tt_kuningan,,,,,,,,,,False
2026-07-24 20:00:00+00:00,tt_sudirman,,,,,,,,,,False
2026-07-24 20:00:00+00:00,tt_tangerang,,,,,,,,,,False
2026-07-24 20:00:00+00:00,tt_tbsimatupang,,,,,,,,,,False
2026-07-24 20:00:00+00:00,tt_thamrin,,,,,,,,,,False
2026-07-24 21:00:00+00:00,tt_bekasi,,,,,,,,,,False
2026-07-24 21:00:00+00:00,tt_bogor,,,,,,,,,,False
2026-07-24 21:00:00+00:00,tt_bsd,,,,,,,,,,False
2026-07-24 21:00:00+00:00,tt_cawang,,,,,,,,,,False
2026-07-24 21:00:00+00:00,tt_depok,,,,,,,,,,False
2026-07-24 21:00:00+00:00,tt_gatsu,,,,,,,,,,False
2026-07-24 21:00:00+00:00,tt_grogol,,,,,,,,,,False
2026-07-24 21:00:00+00:00,tt_kebonjeruk,,,,,,,,,,False
2026-07-24 21:00:00+00:00,tt_kelapagading,,,,,,,,,,False
2026-07-24 21:00:00+00:00,tt_kuningan,,,,,,,,,,False
2026-07-24 21:00:00+00:00,tt_sudirman,,,,,,,,,,False
2026-07-24 21:00:00+00:00,tt_tangerang,,,,,,,,,,False
2026-07-24 21:00:00+00:00,tt_tbsimatupang,,,,,,,,,,False
2026-07-24 21:00:00+00:00,tt_thamrin,,,,,,,,,,False
2026-07-24 22:00:00+00:00,tt_bekasi,,,,,,,,,,False
2026-07-24 22:00:00+00:00,tt_bogor,,,,,,,,,,False
2026-07-24 22:00:00+00:00,tt_bsd,,,,,,,,,,False
2026-07-24 22:00:00+00:00,tt_cawang,,,,,,,,,,False
2026-07-24 22:00:00+00:00,tt_depok,,,,,,,,,,False
2026-07-24 22:00:00+00:00,tt_gatsu,,,,,,,,,,False
2026-07-24 22:00:00+00:00,tt_grogol,,,,,,,,,,False
2026-07-24 22:00:00+00:00,tt_kebonjeruk,,,,,,,,,,False
2026-07-24 22:00:00+00:00,tt_kelapagading,,,,,,,,,,False
2026-07-24 22:00:00+00:00,tt_kuningan,,,,,,,,,,False
2026-07-24 22:00:00+00:00,tt_sudirman,,,,,,,,,,False
2026-07-24 22:00:00+00:00,tt_tangerang,,,,,,,,,,False
2026-07-24 22:00:00+00:00,tt_tbsimatupang,,,,,,,,,,False
2026-07-24 22:00:00+00:00,tt_thamrin,,,,,,,,,,False
2026-07-24 23:00:00+00:00,tt_bekasi,,,,,,,,,,False
2026-07-24 23:00:00+00:00,tt_bogor,,,,,,,,,,False
2026-07-24 23:00:00+00:00,tt_bsd,,,,,,,,,,False
2026-07-24 23:00:00+00:00,tt_cawang,,,,,,,,,,False
2026-07-24 23:00:00+00:00,tt_depok,,,,,,,,,,False
2026-07-24 23:00:00+00:00,tt_gatsu,,,,,,,,,,False
2026-07-24 23:00:00+00:00,tt_grogol,,,,,,,,,,False
2026-07-24 23:00:00+00:00,tt_kebonjeruk,,,,,,,,,,False
2026-07-24 23:00:00+00:00,tt_kelapagading,,,,,,,,,,False
2026-07-24 23:00:00+00:00,tt_kuningan,,,,,,,,,,False
2026-07-24 23:00:00+00:00,tt_sudirman,,,,,,,,,,False
2026-07-24 23:00:00+00:00,tt_tangerang,,,,,,,,,,False
2026-07-24 23:00:00+00:00,tt_tbsimatupang,,,,,,,,,,False
2026-07-24 23:00:00+00:00,tt_thamrin,,,,,,,,,,False
2026-07-25 00:00:00+00:00,tt_bekasi,,,,,,,,,,False
2026-07-25 00:00:00+00:00,tt_bogor,,,,,,,,,,False
2026-07-25 00:00:00+00:00,tt_bsd,,,,,,,,,,False
2026-07-25 00:00:00+00:00,tt_cawang,,,,,,,,,,False
2026-07-25 00:00:00+00:00,tt_depok,,,,,,,,,,False
2026-07-25 00:00:00+00:00,tt_gatsu,,,,,,,,,,False
2026-07-25 00:00:00+00:00,tt_grogol,,,,,,,,,,False
2026-07-25 00:00:00+00:00,tt_kebonjeruk,,,,,,,,,,False
2026-07-25 00:00:00+00:00,tt_kelapagading,,,,,,,,,,False
2026-07-25 00:00:00+00:00,tt_kuningan,,,,,,,,,,False
2026-07-25 00:00:00+00:00,tt_sudirman,,,,,,,,,,False
2026-07-25 00:00:00+00:00,tt_tangerang,,,,,,,,,,False
2026-07-25 00:00:00+00:00,tt_tbsimatupang,,,,,,,,,,False
2026-07-25 00:00:00+00:00,tt_thamrin,,,,,,,,,,False
2026-07-25 01:00:00+00:00,tt_bekasi,,,,,,,,,,False
2026-07-25 01:00:00+00:00,tt_bogor,,,,,,,,,,False
2026-07-25 01:00:00+00:00,tt_bsd,,,,,,,,,,False
2026-07-25 01:00:00+00:00,tt_cawang,,,,,,,,,,False
2026-07-25 01:00:00+00:00,tt_depok,,,,,,,,,,False
2026-07-25 01:00:00+00:00,tt_gatsu,,,,,,,,,,False
2026-07-25 01:00:00+00:00,tt_grogol,,,,,,,,,,False
2026-07-25 01:00:00+00:00,tt_kebonjeruk,,,,,,,,,,False
2026-07-25 01:00:00+00:00,tt_kelapagading,,,,,,,,,,False
2026-07-25 01:00:00+00:00,tt_kuningan,,,,,,,,,,False
2026-07-25 01:00:00+00:00,tt_sudirman,,,,,,,,,,False
2026-07-25 01:00:00+00:00,tt_tangerang,,,,,,,,,,False
2026-07-25 01:00:00+00:00,tt_tbsimatupang,,,,,,,,,,False
2026-07-25 01:00:00+00:00,tt_thamrin,,,,,,,,,,False
2026-07-25 02:00:00+00:00,tt_bekasi,,,,,,,,,,False
2026-07-25 02:00:00+00:00,tt_bogor,,,,,,,,,,False
2026-07-25 02:00:00+00:00,tt_bsd,,,,,,,,,,False
2026-07-25 02:00:00+00:00,tt_cawang,,,,,,,,,,False
2026-07-25 02:00:00+00:00,tt_depok,,,,,,,,,,False
2026-07-25 02:00:00+00:00,tt_gatsu,,,,,,,,,,False
2026-07-25 02:00:00+00:00,tt_grogol,,,,,,,,,,False
2026-07-25 02:00:00+00:00,tt_kebonjeruk,,,,,,,,,,False
2026-07-25 02:00:00+00:00,tt_kelapagading,,,,,,,,,,False
2026-07-25 02:00:00+00:00,tt_kuningan,,,,,,,,,,False
2026-07-25 02:00:00+00:00,tt_sudirman,,,,,,,,,,False
2026-07-25 02:00:00+00:00,tt_tangerang,,,,,,,,,,False
2026-07-25 02:00:00+00:00,tt_tbsimatupang,,,,,,,,,,False
2026-07-25 02:00:00+00:00,tt_thamrin,,,,,,,,,,False
2026-07-25 03:00:00+00:00,tt_bekasi,,,,,,,,,,False
2026-07-25 03:00:00+00:00,tt_bogor,,,,,,,,,,False
2026-07-25 03:00:00+00:00,tt_bsd,,,,,,,,,,False
2026-07-25 03:00:00+00:00,tt_cawang,,,,,,,,,,False
2026-07-25 03:00:00+00:00,tt_depok,,,,,,,,,,False
2026-07-25 03:00:00+00:00,tt_gatsu,,,,,,,,,,False
2026-07-25 03:00:00+00:00,tt_grogol,,,,,,,,,,False
2026-07-25 03:00:00+00:00,tt_kebonjeruk,,,,,,,,,,False
2026-07-25 03:00:00+00:00,tt_kelapagading,,,,,,,,,,False
2026-07-25 03:00:00+00:00,tt_kuningan,,,,,,,,,,False
2026-07-25 03:00:00+00:00,tt_sudirman,,,,,,,,,,False
2026-07-25 03:00:00+00:00,tt_tangerang,,,,,,,,,,False
2026-07-25 03:00:00+00:00,tt_tbsimatupang,,,,,,,,,,False
2026-07-25 03:00:00+00:00,tt_thamrin,,,,,,,,,,False
2026-07-25 04:00:00+00:00,tt_bekasi,,,,,,,,,,False
2026-07-25 04:00:00+00:00,tt_bogor,,,,,,,,,,False
2026-07-25 04:00:00+00:00,tt_bsd,,,,,,,,,,False
2026-07-25 04:00:00+00:00,tt_cawang,,,,,,,,,,False
2026-07-25 04:00:00+00:00,tt_depok,,,,,,,,,,False
2026-07-25 04:00:00+00:00,tt_gatsu,,,,,,,,,,False
2026-07-25 04:00:00+00:00,tt_grogol,,,,,,,,,,False
2026-07-25 04:00:00+00:00,tt_kebonjeruk,,,,,,,,,,False
2026-07-25 04:00:00+00:00,tt_kelapagading,,,,,,,,,,False
2026-07-25 04:00:00+00:00,tt_kuningan,,,,,,,,,,False
2026-07-25 04:00:00+00:00,tt_sudirman,,,,,,,,,,False
2026-07-25 04:00:00+00:00,tt_tangerang,,,,,,,,,,False
2026-07-25 04:00:00+00:00,tt_tbsimatupang,,,,,,,,,,False
2026-07-25 04:00:00+00:00,tt_thamrin,,,,,,,,,,False
2026-07-25 05:00:00+00:00,tt_bekasi,,,,,,,,,,False
2026-07-25 05:00:00+00:00,tt_bogor,,,,,,,,,,False
2026-07-25 05:00:00+00:00,tt_bsd,,,,,,,,,,False
2026-07-25 05:00:00+00:00,tt_cawang,,,,,,,,,,False
2026-07-25 05:00:00+00:00,tt_depok,,,,,,,,,,False
2026-07-25 05:00:00+00:00,tt_gatsu,,,,,,,,,,False
2026-07-25 05:00:00+00:00,tt_grogol,,,,,,,,,,False
2026-07-25 05:00:00+00:00,tt_kebonjeruk,,,,,,,,,,False
2026-07-25 05:00:00+00:00,tt_kelapagading,,,,,,,,,,False
2026-07-25 05:00:00+00:00,tt_kuningan,,,,,,,,,,False
2026-07-25 05:00:00+00:00,tt_sudirman,,,,,,,,,,False
2026-07-25 05:00:00+00:00,tt_tangerang,,,,,,,,,,False
2026-07-25 05:00:00+00:00,tt_tbsimatupang,,,,,,,,,,False
2026-07-25 05:00:00+00:00,tt_thamrin,,,,,,,,,,False
2026-07-25 06:00:00+00:00,tt_bekasi,,,,,,,,,,False
2026-07-25 06:00:00+00:00,tt_bogor,,,,,,,,,,False
2026-07-25 06:00:00+00:00,tt_bsd,,,,,,,,,,False
2026-07-25 06:00:00+00:00,tt_cawang,,,,,,,,,,False
2026-07-25 06:00:00+00:00,tt_depok,,,,,,,,,,False
2026-07-25 06:00:00+00:00,tt_gatsu,,,,,,,,,,False
2026-07-25 06:00:00+00:00,tt_grogol,,,,,,,,,,False
2026-07-25 06:00:00+00:00,tt_kebonjeruk,,,,,,,,,,False
2026-07-25 06:00:00+00:00,tt_kelapagading,,,,,,,,,,False
2026-07-25 06:00:00+00:00,tt_kuningan,,,,,,,,,,False
2026-07-25 06:00:00+00:00,tt_sudirman,,,,,,,,,,False
2026-07-25 06:00:00+00:00,tt_tangerang,,,,,,,,,,False
2026-07-25 06:00:00+00:00,tt_tbsimatupang,,,,,,,,,,False
2026-07-25 06:00:00+00:00,tt_thamrin,,,,,,,,,,False
2026-07-25 07:00:00+00:00,tt_bekasi,,,,,,,,,,False
2026-07-25 07:00:00+00:00,tt_bogor,,,,,,,,,,False
2026-07-25 07:00:00+00:00,tt_bsd,,,,,,,,,,False
2026-07-25 07:00:00+00:00,tt_cawang,,,,,,,,,,False
2026-07-25 07:00:00+00:00,tt_depok,,,,,,,,,,False
2026-07-25 07:00:00+00:00,tt_gatsu,,,,,,,,,,False
2026-07-25 07:00:00+00:00,tt_grogol,,,,,,,,,,False
2026-07-25 07:00:00+00:00,tt_kebonjeruk,,,,,,,,,,False
2026-07-25 07:00:00+00:00,tt_kelapagading,,,,,,,,,,False
2026-07-25 07:00:00+00:00,tt_kuningan,,,,,,,,,,False
2026-07-25 07:00:00+00:00,tt_sudirman,,,,,,,,,,False
2026-07-25 07:00:00+00:00,tt_tangerang,,,,,,,,,,False
2026-07-25 07:00:00+00:00,tt_tbsimatupang,,,,,,,,,,False
2026-07-25 07:00:00+00:00,tt_thamrin,,,,,,,,,,False
2026-07-25 08:00:00+00:00,tt_bekasi,,,,,,,,,,False
2026-07-25 08:00:00+00:00,tt_bogor,,,,,,,,,,False
2026-07-25 08:00:00+00:00,tt_bsd,,,,,,,,,,False
2026-07-25 08:00:00+00:00,tt_cawang,,,,,,,,,,False
2026-07-25 08:00:00+00:00,tt_depok,,,,,,,,,,False
2026-07-25 08:00:00+00:00,tt_gatsu,,,,,,,,,,False
2026-07-25 08:00:00+00:00,tt_grogol,,,,,,,,,,False
2026-07-25 08:00:00+00:00,tt_kebonjeruk,,,,,,,,,,False
2026-07-25 08:00:00+00:00,tt_kelapagading,,,,,,,,,,False
2026-07-25 08:00:00+00:00,tt_kuningan,,,,,,,,,,False
2026-07-25 08:00:00+00:00,tt_sudirman,,,,,,,,,,False
2026-07-25 08:00:00+00:00,tt_tangerang,,,,,,,,,,False
2026-07-25 08:00:00+00:00,tt_tbsimatupang,,,,,,,,,,False
2026-07-25 08:00:00+00:00,tt_thamrin,,,,,,,,,,False
2026-07-25 09:00:00+00:00,tt_bekasi,,,,,,,,,,False
2026-07-25 09:00:00+00:00,tt_bogor,,,,,,,,,,False
2026-07-25 09:00:00+00:00,tt_bsd,,,,,,,,,,False
2026-07-25 09:00:00+00:00,tt_cawang,,,,,,,,,,False
2026-07-25 09:00:00+00:00,tt_depok,,,,,,,,,,False
2026-07-25 09:00:00+00:00,tt_gatsu,,,,,,,,,,False
2026-07-25 09:00:00+00:00,tt_grogol,,,,,,,,,,False
2026-07-25 09:00:00+00:00,tt_kebonjeruk,,,,,,,,,,False
2026-07-25 09:00:00+00:00,tt_kelapagading,,,,,,,,,,False
2026-07-25 09:00:00+00:00,tt_kuningan,,,,,,,,,,False
2026-07-25 09:00:00+00:00,tt_sudirman,,,,,,,,,,False
2026-07-25 09:00:00+00:00,tt_tangerang,,,,,,,,,,False
2026-07-25 09:00:00+00:00,tt_tbsimatupang,,,,,,,,,,False
2026-07-25 09:00:00+00:00,tt_thamrin,,,,,,,,,,False
2026-07-25 10:00:00+00:00,tt_bekasi,,,,,,,,,,False
2026-07-25 10:00:00+00:00,tt_bogor,,,,,,,,,,False
2026-07-25 10:00:00+00:00,tt_bsd,,,,,,,,,,False
2026-07-25 10:00:00+00:00,tt_cawang,,,,,,,,,,False
2026-07-25 10:00:00+00:00,tt_depok,,,,,,,,,,False
2026-07-25 10:00:00+00:00,tt_gatsu,,,,,,,,,,False
2026-07-25 10:00:00+00:00,tt_grogol,,,,,,,,,,False
2026-07-25 10:00:00+00:00,tt_kebonjeruk,,,,,,,,,,False
2026-07-25 10:00:00+00:00,tt_kelapagading,,,,,,,,,,False
2026-07-25 10:00:00+00:00,tt_kuningan,,,,,,,,,,False
2026-07-25 10:00:00+00:00,tt_sudirman,,,,,,,,,,False
2026-07-25 10:00:00+00:00,tt_tangerang,,,,,,,,,,False
2026-07-25 10:00:00+00:00,tt_tbsimatupang,,,,,,,,,,False
2026-07-25 10:00:00+00:00,tt_thamrin,,,,,,,,,,False
2026-07-25 11:00:00+00:00,tt_bekasi,,,,,,,,,,False
2026-07-25 11:00:00+00:00,tt_bogor,,,,,,,,,,False
2026-07-25 11:00:00+00:00,tt_bsd,,,,,,,,,,False
2026-07-25 11:00:00+00:00,tt_cawang,,,,,,,,,,False
2026-07-25 11:00:00+00:00,tt_depok,,,,,,,,,,False
2026-07-25 11:00:00+00:00,tt_gatsu,,,,,,,,,,False
2026-07-25 11:00:00+00:00,tt_grogol,,,,,,,,,,False
2026-07-25 11:00:00+00:00,tt_kebonjeruk,,,,,,,,,,False
2026-07-25 11:00:00+00:00,tt_kelapagading,,,,,,,,,,False
2026-07-25 11:00:00+00:00,tt_kuningan,,,,,,,,,,False
2026-07-25 11:00:00+00:00,tt_sudirman,,,,,,,,,,False
2026-07-25 11:00:00+00:00,tt_tangerang,,,,,,,,,,False
2026-07-25 11:00:00+00:00,tt_tbsimatupang,,,,,,,,,,False
2026-07-25 11:00:00+00:00,tt_thamrin,,,,,,,,,,False
2026-07-25 12:00:00+00:00,tt_bekasi,,,,,,,,,,False
2026-07-25 12:00:00+00:00,tt_bogor,,,,,,,,,,False
2026-07-25 12:00:00+00:00,tt_bsd,,,,,,,,,,False
2026-07-25 12:00:00+00:00,tt_cawang,,,,,,,,,,False
2026-07-25 12:00:00+00:00,tt_depok,,,,,,,,,,False
2026-07-25 12:00:00+00:00,tt_gatsu,,,,,,,,,,False
2026-07-25 12:00:00+00:00,tt_grogol,,,,,,,,,,False
2026-07-25 12:00:00+00:00,tt_kebonjeruk,,,,,,,,,,False
2026-07-25 12:00:00+00:00,tt_kelapagading,,,,,,,,,,False
2026-07-25 12:00:00+00:00,tt_kuningan,,,,,,,,,,False
2026-07-25 12:00:00+00:00,tt_sudirman,,,,,,,,,,False
2026-07-25 12:00:00+00:00,tt_tangerang,,,,,,,,,,False
2026-07-25 12:00:00+00:00,tt_tbsimatupang,,,,,,,,,,False
2026-07-25 12:00:00+00:00,tt_thamrin,,,,,,,,,,False
2026-07-25 13:00:00+00:00,tt_bekasi,,,,,,,,,,False
2026-07-25 13:00:00+00:00,tt_bogor,,,,,,,,,,False
2026-07-25 13:00:00+00:00,tt_bsd,,,,,,,,,,False
2026-07-25 13:00:00+00:00,tt_cawang,,,,,,,,,,False
2026-07-25 13:00:00+00:00,tt_depok,,,,,,,,,,False
2026-07-25 13:00:00+00:00,tt_gatsu,,,,,,,,,,False
2026-07-25 13:00:00+00:00,tt_grogol,,,,,,,,,,False
2026-07-25 13:00:00+00:00,tt_kebonjeruk,,,,,,,,,,False
2026-07-25 13:00:00+00:00,tt_kelapagading,,,,,,,,,,False
2026-07-25 13:00:00+00:00,tt_kuningan,,,,,,,,,,False
2026-07-25 13:00:00+00:00,tt_sudirman,,,,,,,,,,False
2026-07-25 13:00:00+00:00,tt_tangerang,,,,,,,,,,False
2026-07-25 13:00:00+00:00,tt_tbsimatupang,,,,,,,,,,False
2026-07-25 13:00:00+00:00,tt_thamrin,,,,,,,,,,False
2026-07-25 14:00:00+00:00,tt_bekasi,,,,,,,,,,False
2026-07-25 14:00:00+00:00,tt_bogor,,,,,,,,,,False
2026-07-25 14:00:00+00:00,tt_bsd,,,,,,,,,,False
2026-07-25 14:00:00+00:00,tt_cawang,,,,,,,,,,False
2026-07-25 14:00:00+00:00,tt_depok,,,,,,,,,,False
2026-07-25 14:00:00+00:00,tt_gatsu,,,,,,,,,,False
2026-07-25 14:00:00+00:00,tt_grogol,,,,,,,,,,False
2026-07-25 14:00:00+00:00,tt_kebonjeruk,,,,,,,,,,False
2026-07-25 14:00:00+00:00,tt_kelapagading,,,,,,,,,,False
2026-07-25 14:00:00+00:00,tt_kuningan,,,,,,,,,,False
2026-07-25 14:00:00+00:00,tt_sudirman,,,,,,,,,,False
2026-07-25 14:00:00+00:00,tt_tangerang,,,,,,,,,,False
2026-07-25 14:00:00+00:00,tt_tbsimatupang,,,,,,,,,,False
2026-07-25 14:00:00+00:00,tt_thamrin,,,,,,,,,,False
2026-07-25 15:00:00+00:00,tt_bekasi,,,,,,,,,,False
2026-07-25 15:00:00+00:00,tt_bogor,,,,,,,,,,False
2026-07-25 15:00:00+00:00,tt_bsd,,,,,,,,,,False
2026-07-25 15:00:00+00:00,tt_cawang,,,,,,,,,,False
2026-07-25 15:00:00+00:00,tt_depok,,,,,,,,,,False
2026-07-25 15:00:00+00:00,tt_gatsu,,,,,,,,,,False
2026-07-25 15:00:00+00:00,tt_grogol,,,,,,,,,,False
2026-07-25 15:00:00+00:00,tt_kebonjeruk,,,,,,,,,,False
2026-07-25 15:00:00+00:00,tt_kelapagading,,,,,,,,,,False
2026-07-25 15:00:00+00:00,tt_kuningan,,,,,,,,,,False
2026-07-25 15:00:00+00:00,tt_sudirman,,,,,,,,,,False
2026-07-25 15:00:00+00:00,tt_tangerang,,,,,,,,,,False
2026-07-25 15:00:00+00:00,tt_tbsimatupang,,,,,,,,,,False
2026-07-25 15:00:00+00:00,tt_thamrin,,,,,,,,,,False
2026-07-25 16:00:00+00:00,tt_bekasi,,,,,,,,,,False
2026-07-25 16:00:00+00:00,tt_bogor,,,,,,,,,,False
2026-07-25 16:00:00+00:00,tt_bsd,,,,,,,,,,False
2026-07-25 16:00:00+00:00,tt_cawang,,,,,,,,,,False
2026-07-25 16:00:00+00:00,tt_depok,,,,,,,,,,False
2026-07-25 16:00:00+00:00,tt_gatsu,,,,,,,,,,False
2026-07-25 16:00:00+00:00,tt_grogol,,,,,,,,,,False
2026-07-25 16:00:00+00:00,tt_kebonjeruk,,,,,,,,,,False
2026-07-25 16:00:00+00:00,tt_kelapagading,,,,,,,,,,False
2026-07-25 16:00:00+00:00,tt_kuningan,,,,,,,,,,False
2026-07-25 16:00:00+00:00,tt_sudirman,,,,,,,,,,False
2026-07-25 16:00:00+00:00,tt_tangerang,,,,,,,,,,False
2026-07-25 16:00:00+00:00,tt_tbsimatupang,,,,,,,,,,False
2026-07-25 16:00:00+00:00,tt_thamrin,,,,,,,,,,False
2026-07-25 17:00:00+00:00,tt_bekasi,,,,,,,,,,False
2026-07-25 17:00:00+00:00,tt_bogor,,,,,,,,,,False
2026-07-25 17:00:00+00:00,tt_bsd,,,,,,,,,,False
2026-07-25 17:00:00+00:00,tt_cawang,,,,,,,,,,False
2026-07-25 17:00:00+00:00,tt_depok,,,,,,,,,,False
2026-07-25 17:00:00+00:00,tt_gatsu,,,,,,,,,,False
2026-07-25 17:00:00+00:00,tt_grogol,,,,,,,,,,False
2026-07-25 17:00:00+00:00,tt_kebonjeruk,,,,,,,,,,False
2026-07-25 17:00:00+00:00,tt_kelapagading,,,,,,,,,,False
2026-07-25 17:00:00+00:00,tt_kuningan,,,,,,,,,,False
2026-07-25 17:00:00+00:00,tt_sudirman,,,,,,,,,,False
2026-07-25 17:00:00+00:00,tt_tangerang,,,,,,,,,,False
2026-07-25 17:00:00+00:00,tt_tbsimatupang,,,,,,,,,,False
2026-07-25 17:00:00+00:00,tt_thamrin,,,,,,,,,,False
2026-07-25 18:00:00+00:00,tt_bekasi,,,,,,,,,,False
2026-07-25 18:00:00+00:00,tt_bogor,,,,,,,,,,False
2026-07-25 18:00:00+00:00,tt_bsd,,,,,,,,,,False
2026-07-25 18:00:00+00:00,tt_cawang,,,,,,,,,,False
2026-07-25 18:00:00+00:00,tt_depok,,,,,,,,,,False
2026-07-25 18:00:00+00:00,tt_gatsu,,,,,,,,,,False
2026-07-25 18:00:00+00:00,tt_grogol,,,,,,,,,,False
2026-07-25 18:00:00+00:00,tt_kebonjeruk,,,,,,,,,,False
2026-07-25 18:00:00+00:00,tt_kelapagading,,,,,,,,,,False
2026-07-25 18:00:00+00:00,tt_kuningan,,,,,,,,,,False
2026-07-25 18:00:00+00:00,tt_sudirman,,,,,,,,,,False
2026-07-25 18:00:00+00:00,tt_tangerang,,,,,,,,,,False
2026-07-25 18:00:00+00:00,tt_tbsimatupang,,,,,,,,,,False
2026-07-25 18:00:00+00:00,tt_thamrin,,,,,,,,,,False
2026-07-25 19:00:00+00:00,tt_bekasi,,,,,,,,,,False
2026-07-25 19:00:00+00:00,tt_bogor,,,,,,,,,,False
2026-07-25 19:00:00+00:00,tt_bsd,,,,,,,,,,False
2026-07-25 19:00:00+00:00,tt_cawang,,,,,,,,,,False
2026-07-25 19:00:00+00:00,tt_depok,,,,,,,,,,False
2026-07-25 19:00:00+00:00,tt_gatsu,,,,,,,,,,False
2026-07-25 19:00:00+00:00,tt_grogol,,,,,,,,,,False
2026-07-25 19:00:00+00:00,tt_kebonjeruk,,,,,,,,,,False
2026-07-25 19:00:00+00:00,tt_kelapagading,,,,,,,,,,False
2026-07-25 19:00:00+00:00,tt_kuningan,,,,,,,,,,False
2026-07-25 19:00:00+00:00,tt_sudirman,,,,,,,,,,False
2026-07-25 19:00:00+00:00,tt_tangerang,,,,,,,,,,False
2026-07-25 19:00:00+00:00,tt_tbsimatupang,,,,,,,,,,False
2026-07-25 19:00:00+00:00,tt_thamrin,,,,,,,,,,False
2026-07-25 20:00:00+00:00,tt_bekasi,,,,,,,,,,False
2026-07-25 20:00:00+00:00,tt_bogor,,,,,,,,,,False
2026-07-25 20:00:00+00:00,tt_bsd,,,,,,,,,,False
2026-07-25 20:00:00+00:00,tt_cawang,,,,,,,,,,False
2026-07-25 20:00:00+00:00,tt_depok,,,,,,,,,,False
2026-07-25 20:00:00+00:00,tt_gatsu,,,,,,,,,,False
2026-07-25 20:00:00+00:00,tt_grogol,,,,,,,,,,False
2026-07-25 20:00:00+00:00,tt_kebonjeruk,,,,,,,,,,False
2026-07-25 20:00:00+00:00,tt_kelapagading,,,,,,,,,,False
2026-07-25 20:00:00+00:00,tt_kuningan,,,,,,,,,,False
2026-07-25 20:00:00+00:00,tt_sudirman,,,,,,,,,,False
2026-07-25 20:00:00+00:00,tt_tangerang,,,,,,,,,,False
2026-07-25 20:00:00+00:00,tt_tbsimatupang,,,,,,,,,,False
2026-07-25 20:00:00+00:00,tt_thamrin,,,,,,,,,,False
2026-07-25 21:00:00+00:00,tt_bekasi,,,,,,,,,,False
2026-07-25 21:00:00+00:00,tt_bogor,,,,,,,,,,False
2026-07-25 21:00:00+00:00,tt_bsd,,,,,,,,,,False
2026-07-25 21:00:00+00:00,tt_cawang,,,,,,,,,,False
2026-07-25 21:00:00+00:00,tt_depok,,,,,,,,,,False
2026-07-25 21:00:00+00:00,tt_gatsu,,,,,,,,,,False
2026-07-25 21:00:00+00:00,tt_grogol,,,,,,,,,,False
2026-07-25 21:00:00+00:00,tt_kebonjeruk,,,,,,,,,,False
2026-07-25 21:00:00+00:00,tt_kelapagading,,,,,,,,,,False
2026-07-25 21:00:00+00:00,tt_kuningan,,,,,,,,,,False
2026-07-25 21:00:00+00:00,tt_sudirman,,,,,,,,,,False
2026-07-25 21:00:00+00:00,tt_tangerang,,,,,,,,,,False
2026-07-25 21:00:00+00:00,tt_tbsimatupang,,,,,,,,,,False
2026-07-25 21:00:00+00:00,tt_thamrin,,,,,,,,,,False
2026-07-25 22:00:00+00:00,tt_bekasi,,,,,,,,,,False
2026-07-25 22:00:00+00:00,tt_bogor,,,,,,,,,,False
2026-07-25 22:00:00+00:00,tt_bsd,,,,,,,,,,False
2026-07-25 22:00:00+00:00,tt_cawang,,,,,,,,,,False
2026-07-25 22:00:00+00:00,tt_depok,,,,,,,,,,False
2026-07-25 22:00:00+00:00,tt_gatsu,,,,,,,,,,False
2026-07-25 22:00:00+00:00,tt_grogol,,,,,,,,,,False
2026-07-25 22:00:00+00:00,tt_kebonjeruk,,,,,,,,,,False
2026-07-25 22:00:00+00:00,tt_kelapagading,,,,,,,,,,False
2026-07-25 22:00:00+00:00,tt_kuningan,,,,,,,,,,False
2026-07-25 22:00:00+00:00,tt_sudirman,,,,,,,,,,False
2026-07-25 22:00:00+00:00,tt_tangerang,,,,,,,,,,False
2026-07-25 22:00:00+00:00,tt_tbsimatupang,,,,,,,,,,False
2026-07-25 22:00:00+00:00,tt_thamrin,,,,,,,,,,False
2026-07-25 23:00:00+00:00,tt_bekasi,,,,,,,,,,False
2026-07-25 23:00:00+00:00,tt_bogor,,,,,,,,,,False
2026-07-25 23:00:00+00:00,tt_bsd,,,,,,,,,,False
2026-07-25 23:00:00+00:00,tt_cawang,,,,,,,,,,False
2026-07-25 23:00:00+00:00,tt_depok,,,,,,,,,,False
2026-07-25 23:00:00+00:00,tt_gatsu,,,,,,,,,,False
2026-07-25 23:00:00+00:00,tt_grogol,,,,,,,,,,False
2026-07-25 23:00:00+00:00,tt_kebonjeruk,,,,,,,,,,False
2026-07-25 23:00:00+00:00,tt_kelapagading,,,,,,,,,,False
2026-07-25 23:00:00+00:00,tt_kuningan,,,,,,,,,,False
2026-07-25 23:00:00+00:00,tt_sudirman,,,,,,,,,,False
2026-07-25 23:00:00+00:00,tt_tangerang,,,,,,,,,,False
2026-07-25 23:00:00+00:00,tt_tbsimatupang,,,,,,,,,,False
2026-07-25 23:00:00+00:00,tt_thamrin,,,,,,,,,,False
2026-07-26 00:00:00+00:00,tt_bekasi,,,,,,,,,,False
2026-07-26 00:00:00+00:00,tt_bogor,,,,,,,,,,False
2026-07-26 00:00:00+00:00,tt_bsd,,,,,,,,,,False
2026-07-26 00:00:00+00:00,tt_cawang,,,,,,,,,,False
2026-07-26 00:00:00+00:00,tt_depok,,,,,,,,,,False
2026-07-26 00:00:00+00:00,tt_gatsu,,,,,,,,,,False
2026-07-26 00:00:00+00:00,tt_grogol,,,,,,,,,,False
2026-07-26 00:00:00+00:00,tt_kebonjeruk,,,,,,,,,,False
2026-07-26 00:00:00+00:00,tt_kelapagading,,,,,,,,,,False
2026-07-26 00:00:00+00:00,tt_kuningan,,,,,,,,,,False
2026-07-26 00:00:00+00:00,tt_sudirman,,,,,,,,,,False
2026-07-26 00:00:00+00:00,tt_tangerang,,,,,,,,,,False
2026-07-26 00:00:00+00:00,tt_tbsimatupang,,,,,,,,,,False
2026-07-26 00:00:00+00:00,tt_thamrin,,,,,,,,,,False
2026-07-26 01:00:00+00:00,tt_bekasi,,,,,,,,,,False
2026-07-26 01:00:00+00:00,tt_bogor,,,,,,,,,,False
2026-07-26 01:00:00+00:00,tt_bsd,,,,,,,,,,False
2026-07-26 01:00:00+00:00,tt_cawang,,,,,,,,,,False
2026-07-26 01:00:00+00:00,tt_depok,,,,,,,,,,False
2026-07-26 01:00:00+00:00,tt_gatsu,,,,,,,,,,False
2026-07-26 01:00:00+00:00,tt_grogol,,,,,,,,,,False
2026-07-26 01:00:00+00:00,tt_kebonjeruk,,,,,,,,,,False
2026-07-26 01:00:00+00:00,tt_kelapagading,,,,,,,,,,False
2026-07-26 01:00:00+00:00,tt_kuningan,,,,,,,,,,False
2026-07-26 01:00:00+00:00,tt_sudirman,,,,,,,,,,False
2026-07-26 01:00:00+00:00,tt_tangerang,,,,,,,,,,False
2026-07-26 01:00:00+00:00,tt_tbsimatupang,,,,,,,,,,False
2026-07-26 01:00:00+00:00,tt_thamrin,,,,,,,,,,False
2026-07-26 02:00:00+00:00,tt_bekasi,,,,,,,,,,False
2026-07-26 02:00:00+00:00,tt_bogor,,,,,,,,,,False
2026-07-26 02:00:00+00:00,tt_bsd,,,,,,,,,,False
2026-07-26 02:00:00+00:00,tt_cawang,,,,,,,,,,False
2026-07-26 02:00:00+00:00,tt_depok,,,,,,,,,,False
2026-07-26 02:00:00+00:00,tt_gatsu,,,,,,,,,,False
2026-07-26 02:00:00+00:00,tt_grogol,,,,,,,,,,False
2026-07-26 02:00:00+00:00,tt_kebonjeruk,,,,,,,,,,False
2026-07-26 02:00:00+00:00,tt_kelapagading,,,,,,,,,,False
2026-07-26 02:00:00+00:00,tt_kuningan,,,,,,,,,,False
2026-07-26 02:00:00+00:00,tt_sudirman,,,,,,,,,,False
2026-07-26 02:00:00+00:00,tt_tangerang,,,,,,,,,,False
2026-07-26 02:00:00+00:00,tt_tbsimatupang,,,,,,,,,,False
2026-07-26 02:00:00+00:00,tt_thamrin,,,,,,,,,,False
2026-07-26 03:00:00+00:00,tt_bekasi,,,,,,,,,,False
2026-07-26 03:00:00+00:00,tt_bogor,,,,,,,,,,False
2026-07-26 03:00:00+00:00,tt_bsd,,,,,,,,,,False
2026-07-26 03:00:00+00:00,tt_cawang,,,,,,,,,,False
2026-07-26 03:00:00+00:00,tt_depok,,,,,,,,,,False
2026-07-26 03:00:00+00:00,tt_gatsu,,,,,,,,,,False
2026-07-26 03:00:00+00:00,tt_grogol,,,,,,,,,,False
2026-07-26 03:00:00+00:00,tt_kebonjeruk,,,,,,,,,,False
2026-07-26 03:00:00+00:00,tt_kelapagading,,,,,,,,,,False
2026-07-26 03:00:00+00:00,tt_kuningan,,,,,,,,,,False
2026-07-26 03:00:00+00:00,tt_sudirman,,,,,,,,,,False
2026-07-26 03:00:00+00:00,tt_tangerang,,,,,,,,,,False
2026-07-26 03:00:00+00:00,tt_tbsimatupang,,,,,,,,,,False
2026-07-26 03:00:00+00:00,tt_thamrin,,,,,,,,,,False
2026-07-26 04:00:00+00:00,tt_bekasi,,,,,,,,,,False
2026-07-26 04:00:00+00:00,tt_bogor,,,,,,,,,,False
2026-07-26 04:00:00+00:00,tt_bsd,,,,,,,,,,False
2026-07-26 04:00:00+00:00,tt_cawang,,,,,,,,,,False
2026-07-26 04:00:00+00:00,tt_depok,,,,,,,,,,False
2026-07-26 04:00:00+00:00,tt_gatsu,,,,,,,,,,False
2026-07-26 04:00:00+00:00,tt_grogol,,,,,,,,,,False
2026-07-26 04:00:00+00:00,tt_kebonjeruk,,,,,,,,,,False
2026-07-26 04:00:00+00:00,tt_kelapagading,,,,,,,,,,False
2026-07-26 04:00:00+00:00,tt_kuningan,,,,,,,,,,False
2026-07-26 04:00:00+00:00,tt_sudirman,,,,,,,,,,False
2026-07-26 04:00:00+00:00,tt_tangerang,,,,,,,,,,False
2026-07-26 04:00:00+00:00,tt_tbsimatupang,,,,,,,,,,False
2026-07-26 04:00:00+00:00,tt_thamrin,,,,,,,,,,False
2026-07-26 05:00:00+00:00,tt_bekasi,,,,,,,,,,False
2026-07-26 05:00:00+00:00,tt_bogor,,,,,,,,,,False
2026-07-26 05:00:00+00:00,tt_bsd,,,,,,,,,,False
2026-07-26 05:00:00+00:00,tt_cawang,,,,,,,,,,False
2026-07-26 05:00:00+00:00,tt_depok,,,,,,,,,,False
2026-07-26 05:00:00+00:00,tt_gatsu,,,,,,,,,,False
2026-07-26 05:00:00+00:00,tt_grogol,,,,,,,,,,False
2026-07-26 05:00:00+00:00,tt_kebonjeruk,,,,,,,,,,False
2026-07-26 05:00:00+00:00,tt_kelapagading,,,,,,,,,,False
2026-07-26 05:00:00+00:00,tt_kuningan,,,,,,,,,,False
2026-07-26 05:00:00+00:00,tt_sudirman,,,,,,,,,,False
2026-07-26 05:00:00+00:00,tt_tangerang,,,,,,,,,,False
2026-07-26 05:00:00+00:00,tt_tbsimatupang,,,,,,,,,,False
2026-07-26 05:00:00+00:00,tt_thamrin,,,,,,,,,,False
2026-07-26 06:00:00+00:00,tt_bekasi,,,,,,,,,,False
2026-07-26 06:00:00+00:00,tt_bogor,,,,,,,,,,False
2026-07-26 06:00:00+00:00,tt_bsd,,,,,,,,,,False
2026-07-26 06:00:00+00:00,tt_cawang,,,,,,,,,,False
2026-07-26 06:00:00+00:00,tt_depok,,,,,,,,,,False
2026-07-26 06:00:00+00:00,tt_gatsu,,,,,,,,,,False
2026-07-26 06:00:00+00:00,tt_grogol,,,,,,,,,,False
2026-07-26 06:00:00+00:00,tt_kebonjeruk,,,,,,,,,,False
2026-07-26 06:00:00+00:00,tt_kelapagading,,,,,,,,,,False
2026-07-26 06:00:00+00:00,tt_kuningan,,,,,,,,,,False
2026-07-26 06:00:00+00:00,tt_sudirman,,,,,,,,,,False
2026-07-26 06:00:00+00:00,tt_tangerang,,,,,,,,,,False
2026-07-26 06:00:00+00:00,tt_tbsimatupang,,,,,,,,,,False
2026-07-26 06:00:00+00:00,tt_thamrin,,,,,,,,,,False
2026-07-26 07:00:00+00:00,tt_bekasi,,,,,,,,,,False
2026-07-26 07:00:00+00:00,tt_bogor,,,,,,,,,,False
2026-07-26 07:00:00+00:00,tt_bsd,,,,,,,,,,False
2026-07-26 07:00:00+00:00,tt_cawang,,,,,,,,,,False
2026-07-26 07:00:00+00:00,tt_depok,,,,,,,,,,False
2026-07-26 07:00:00+00:00,tt_gatsu,,,,,,,,,,False
2026-07-26 07:00:00+00:00,tt_grogol,,,,,,,,,,False
2026-07-26 07:00:00+00:00,tt_kebonjeruk,,,,,,,,,,False
2026-07-26 07:00:00+00:00,tt_kelapagading,,,,,,,,,,False
2026-07-26 07:00:00+00:00,tt_kuningan,,,,,,,,,,False
2026-07-26 07:00:00+00:00,tt_sudirman,,,,,,,,,,False
2026-07-26 07:00:00+00:00,tt_tangerang,,,,,,,,,,False
2026-07-26 07:00:00+00:00,tt_tbsimatupang,,,,,,,,,,False
2026-07-26 07:00:00+00:00,tt_thamrin,,,,,,,,,,False
2026-07-26 08:00:00+00:00,tt_bekasi,,,,,,,,,,False
2026-07-26 08:00:00+00:00,tt_bogor,,,,,,,,,,False
2026-07-26 08:00:00+00:00,tt_bsd,,,,,,,,,,False
2026-07-26 08:00:00+00:00,tt_cawang,,,,,,,,,,False
2026-07-26 08:00:00+00:00,tt_depok,,,,,,,,,,False
2026-07-26 08:00:00+00:00,tt_gatsu,,,,,,,,,,False
2026-07-26 08:00:00+00:00,tt_grogol,,,,,,,,,,False
2026-07-26 08:00:00+00:00,tt_kebonjeruk,,,,,,,,,,False
2026-07-26 08:00:00+00:00,tt_kelapagading,,,,,,,,,,False
2026-07-26 08:00:00+00:00,tt_kuningan,,,,,,,,,,False
2026-07-26 08:00:00+00:00,tt_sudirman,,,,,,,,,,False
2026-07-26 08:00:00+00:00,tt_tangerang,,,,,,,,,,False
2026-07-26 08:00:00+00:00,tt_tbsimatupang,,,,,,,,,,False
2026-07-26 08:00:00+00:00,tt_thamrin,,,,,,,,,,False
2026-07-26 09:00:00+00:00,tt_bekasi,,,,,,,,,,False
2026-07-26 09:00:00+00:00,tt_bogor,,,,,,,,,,False
2026-07-26 09:00:00+00:00,tt_bsd,,,,,,,,,,False
2026-07-26 09:00:00+00:00,tt_cawang,,,,,,,,,,False
2026-07-26 09:00:00+00:00,tt_depok,,,,,,,,,,False
2026-07-26 09:00:00+00:00,tt_gatsu,,,,,,,,,,False
2026-07-26 09:00:00+00:00,tt_grogol,,,,,,,,,,False
2026-07-26 09:00:00+00:00,tt_kebonjeruk,,,,,,,,,,False
2026-07-26 09:00:00+00:00,tt_kelapagading,,,,,,,,,,False
2026-07-26 09:00:00+00:00,tt_kuningan,,,,,,,,,,False
2026-07-26 09:00:00+00:00,tt_sudirman,,,,,,,,,,False
2026-07-26 09:00:00+00:00,tt_tangerang,,,,,,,,,,False
2026-07-26 09:00:00+00:00,tt_tbsimatupang,,,,,,,,,,False
2026-07-26 09:00:00+00:00,tt_thamrin,,,,,,,,,,False
2026-07-26 10:00:00+00:00,tt_bekasi,,,,,,,,,,False
2026-07-26 10:00:00+00:00,tt_bogor,,,,,,,,,,False
2026-07-26 10:00:00+00:00,tt_bsd,,,,,,,,,,False
2026-07-26 10:00:00+00:00,tt_cawang,,,,,,,,,,False
2026-07-26 10:00:00+00:00,tt_depok,,,,,,,,,,False
2026-07-26 10:00:00+00:00,tt_gatsu,,,,,,,,,,False
2026-07-26 10:00:00+00:00,tt_grogol,,,,,,,,,,False
2026-07-26 10:00:00+00:00,tt_kebonjeruk,,,,,,,,,,False
2026-07-26 10:00:00+00:00,tt_kelapagading,,,,,,,,,,False
2026-07-26 10:00:00+00:00,tt_kuningan,,,,,,,,,,False
2026-07-26 10:00:00+00:00,tt_sudirman,,,,,,,,,,False
2026-07-26 10:00:00+00:00,tt_tangerang,,,,,,,,,,False
2026-07-26 10:00:00+00:00,tt_tbsimatupang,,,,,,,,,,False
2026-07-26 10:00:00+00:00,tt_thamrin,,,,,,,,,,False
2026-07-26 11:00:00+00:00,tt_bekasi,,,,,,,,,,False
2026-07-26 11:00:00+00:00,tt_bogor,,,,,,,,,,False
2026-07-26 11:00:00+00:00,tt_bsd,,,,,,,,,,False
2026-07-26 11:00:00+00:00,tt_cawang,,,,,,,,,,False
2026-07-26 11:00:00+00:00,tt_depok,,,,,,,,,,False
2026-07-26 11:00:00+00:00,tt_gatsu,,,,,,,,,,False
2026-07-26 11:00:00+00:00,tt_grogol,,,,,,,,,,False
2026-07-26 11:00:00+00:00,tt_kebonjeruk,,,,,,,,,,False
2026-07-26 11:00:00+00:00,tt_kelapagading,,,,,,,,,,False
2026-07-26 11:00:00+00:00,tt_kuningan,,,,,,,,,,False
2026-07-26 11:00:00+00:00,tt_sudirman,,,,,,,,,,False
2026-07-26 11:00:00+00:00,tt_tangerang,,,,,,,,,,False
2026-07-26 11:00:00+00:00,tt_tbsimatupang,,,,,,,,,,False
2026-07-26 11:00:00+00:00,tt_thamrin,,,,,,,,,,False
2026-07-26 12:00:00+00:00,tt_bekasi,,,,,,,,,,False
2026-07-26 12:00:00+00:00,tt_bogor,,,,,,,,,,False
2026-07-26 12:00:00+00:00,tt_bsd,,,,,,,,,,False
2026-07-26 12:00:00+00:00,tt_cawang,,,,,,,,,,False
2026-07-26 12:00:00+00:00,tt_depok,,,,,,,,,,False
2026-07-26 12:00:00+00:00,tt_gatsu,,,,,,,,,,False
2026-07-26 12:00:00+00:00,tt_grogol,,,,,,,,,,False
2026-07-26 12:00:00+00:00,tt_kebonjeruk,,,,,,,,,,False
2026-07-26 12:00:00+00:00,tt_kelapagading,,,,,,,,,,False
2026-07-26 12:00:00+00:00,tt_kuningan,,,,,,,,,,False
2026-07-26 12:00:00+00:00,tt_sudirman,,,,,,,,,,False
2026-07-26 12:00:00+00:00,tt_tangerang,,,,,,,,,,False
2026-07-26 12:00:00+00:00,tt_tbsimatupang,,,,,,,,,,False
2026-07-26 12:00:00+00:00,tt_thamrin,,,,,,,,,,False
2026-07-26 13:00:00+00:00,tt_bekasi,,,,,,,,,,False
2026-07-26 13:00:00+00:00,tt_bogor,,,,,,,,,,False
2026-07-26 13:00:00+00:00,tt_bsd,,,,,,,,,,False
2026-07-26 13:00:00+00:00,tt_cawang,,,,,,,,,,False
2026-07-26 13:00:00+00:00,tt_depok,,,,,,,,,,False
2026-07-26 13:00:00+00:00,tt_gatsu,,,,,,,,,,False
2026-07-26 13:00:00+00:00,tt_grogol,,,,,,,,,,False
2026-07-26 13:00:00+00:00,tt_kebonjeruk,,,,,,,,,,False
2026-07-26 13:00:00+00:00,tt_kelapagading,,,,,,,,,,False
2026-07-26 13:00:00+00:00,tt_kuningan,,,,,,,,,,False
2026-07-26 13:00:00+00:00,tt_sudirman,,,,,,,,,,False
2026-07-26 13:00:00+00:00,tt_tangerang,,,,,,,,,,False
2026-07-26 13:00:00+00:00,tt_tbsimatupang,,,,,,,,,,False
2026-07-26 13:00:00+00:00,tt_thamrin,,,,,,,,,,False
2026-07-26 14:00:00+00:00,tt_bekasi,,,,,,,,,,False
2026-07-26 14:00:00+00:00,tt_bogor,,,,,,,,,,False
2026-07-26 14:00:00+00:00,tt_bsd,,,,,,,,,,False
2026-07-26 14:00:00+00:00,tt_cawang,,,,,,,,,,False
2026-07-26 14:00:00+00:00,tt_depok,,,,,,,,,,False
2026-07-26 14:00:00+00:00,tt_gatsu,,,,,,,,,,False
2026-07-26 14:00:00+00:00,tt_grogol,,,,,,,,,,False
2026-07-26 14:00:00+00:00,tt_kebonjeruk,,,,,,,,,,False
2026-07-26 14:00:00+00:00,tt_kelapagading,,,,,,,,,,False
2026-07-26 14:00:00+00:00,tt_kuningan,,,,,,,,,,False
2026-07-26 14:00:00+00:00,tt_sudirman,,,,,,,,,,False
2026-07-26 14:00:00+00:00,tt_tangerang,,,,,,,,,,False
2026-07-26 14:00:00+00:00,tt_tbsimatupang,,,,,,,,,,False
2026-07-26 14:00:00+00:00,tt_thamrin,,,,,,,,,,False
2026-07-26 15:00:00+00:00,tt_bekasi,,,,,,,,,,False
2026-07-26 15:00:00+00:00,tt_bogor,,,,,,,,,,False
2026-07-26 15:00:00+00:00,tt_bsd,,,,,,,,,,False
2026-07-26 15:00:00+00:00,tt_cawang,,,,,,,,,,False
2026-07-26 15:00:00+00:00,tt_depok,,,,,,,,,,False
2026-07-26 15:00:00+00:00,tt_gatsu,,,,,,,,,,False
2026-07-26 15:00:00+00:00,tt_grogol,,,,,,,,,,False
2026-07-26 15:00:00+00:00,tt_kebonjeruk,,,,,,,,,,False
2026-07-26 15:00:00+00:00,tt_kelapagading,,,,,,,,,,False
2026-07-26 15:00:00+00:00,tt_kuningan,,,,,,,,,,False
2026-07-26 15:00:00+00:00,tt_sudirman,,,,,,,,,,False
2026-07-26 15:00:00+00:00,tt_tangerang,,,,,,,,,,False
2026-07-26 15:00:00+00:00,tt_tbsimatupang,,,,,,,,,,False
2026-07-26 15:00:00+00:00,tt_thamrin,,,,,,,,,,False
2026-07-26 16:00:00+00:00,tt_bekasi,,,,,,,,,,False
2026-07-26 16:00:00+00:00,tt_bogor,,,,,,,,,,False
2026-07-26 16:00:00+00:00,tt_bsd,,,,,,,,,,False
2026-07-26 16:00:00+00:00,tt_cawang,,,,,,,,,,False
2026-07-26 16:00:00+00:00,tt_depok,,,,,,,,,,False
2026-07-26 16:00:00+00:00,tt_gatsu,,,,,,,,,,False
2026-07-26 16:00:00+00:00,tt_grogol,,,,,,,,,,False
2026-07-26 16:00:00+00:00,tt_kebonjeruk,,,,,,,,,,False
2026-07-26 16:00:00+00:00,tt_kelapagading,,,,,,,,,,False
2026-07-26 16:00:00+00:00,tt_kuningan,,,,,,,,,,False
2026-07-26 16:00:00+00:00,tt_sudirman,,,,,,,,,,False
2026-07-26 16:00:00+00:00,tt_tangerang,,,,,,,,,,False
2026-07-26 16:00:00+00:00,tt_tbsimatupang,,,,,,,,,,False
2026-07-26 16:00:00+00:00,tt_thamrin,,,,,,,,,,False
2026-07-26 17:00:00+00:00,tt_bekasi,,,,,,,,,,False
2026-07-26 17:00:00+00:00,tt_bogor,,,,,,,,,,False
2026-07-26 17:00:00+00:00,tt_bsd,,,,,,,,,,False
2026-07-26 17:00:00+00:00,tt_cawang,,,,,,,,,,False
2026-07-26 17:00:00+00:00,tt_depok,,,,,,,,,,False
2026-07-26 17:00:00+00:00,tt_gatsu,,,,,,,,,,False
2026-07-26 17:00:00+00:00,tt_grogol,,,,,,,,,,False
2026-07-26 17:00:00+00:00,tt_kebonjeruk,,,,,,,,,,False
2026-07-26 17:00:00+00:00,tt_kelapagading,,,,,,,,,,False
2026-07-26 17:00:00+00:00,tt_kuningan,,,,,,,,,,False
2026-07-26 17:00:00+00:00,tt_sudirman,,,,,,,,,,False
2026-07-26 17:00:00+00:00,tt_tangerang,,,,,,,,,,False
2026-07-26 17:00:00+00:00,tt_tbsimatupang,,,,,,,,,,False
2026-07-26 17:00:00+00:00,tt_thamrin,,,,,,,,,,False
2026-07-26 18:00:00+00:00,tt_bekasi,,,,,,,,,,False
2026-07-26 18:00:00+00:00,tt_bogor,,,,,,,,,,False
2026-07-26 18:00:00+00:00,tt_bsd,,,,,,,,,,False
2026-07-26 18:00:00+00:00,tt_cawang,,,,,,,,,,False
2026-07-26 18:00:00+00:00,tt_depok,,,,,,,,,,False
2026-07-26 18:00:00+00:00,tt_gatsu,,,,,,,,,,False
2026-07-26 18:00:00+00:00,tt_grogol,,,,,,,,,,False
2026-07-26 18:00:00+00:00,tt_kebonjeruk,,,,,,,,,,False
2026-07-26 18:00:00+00:00,tt_kelapagading,,,,,,,,,,False
2026-07-26 18:00:00+00:00,tt_kuningan,,,,,,,,,,False
2026-07-26 18:00:00+00:00,tt_sudirman,,,,,,,,,,False
2026-07-26 18:00:00+00:00,tt_tangerang,,,,,,,,,,False
2026-07-26 18:00:00+00:00,tt_tbsimatupang,,,,,,,,,,False
2026-07-26 18:00:00+00:00,tt_thamrin,,,,,,,,,,False
2026-07-26 19:00:00+00:00,tt_bekasi,,,,,,,,,,False
2026-07-26 19:00:00+00:00,tt_bogor,,,,,,,,,,False
2026-07-26 19:00:00+00:00,tt_bsd,,,,,,,,,,False
2026-07-26 19:00:00+00:00,tt_cawang,,,,,,,,,,False
2026-07-26 19:00:00+00:00,tt_depok,,,,,,,,,,False
2026-07-26 19:00:00+00:00,tt_gatsu,,,,,,,,,,False
2026-07-26 19:00:00+00:00,tt_grogol,,,,,,,,,,False
2026-07-26 19:00:00+00:00,tt_kebonjeruk,,,,,,,,,,False
2026-07-26 19:00:00+00:00,tt_kelapagading,,,,,,,,,,False
2026-07-26 19:00:00+00:00,tt_kuningan,,,,,,,,,,False
2026-07-26 19:00:00+00:00,tt_sudirman,,,,,,,,,,False
2026-07-26 19:00:00+00:00,tt_tangerang,,,,,,,,,,False
2026-07-26 19:00:00+00:00,tt_tbsimatupang,,,,,,,,,,False
2026-07-26 19:00:00+00:00,tt_thamrin,,,,,,,,,,False
2026-07-26 20:00:00+00:00,tt_bekasi,,,,,,,,,,False
2026-07-26 20:00:00+00:00,tt_bogor,,,,,,,,,,False
2026-07-26 20:00:00+00:00,tt_bsd,,,,,,,,,,False
2026-07-26 20:00:00+00:00,tt_cawang,,,,,,,,,,False
2026-07-26 20:00:00+00:00,tt_depok,,,,,,,,,,False
2026-07-26 20:00:00+00:00,tt_gatsu,,,,,,,,,,False
2026-07-26 20:00:00+00:00,tt_grogol,,,,,,,,,,False
2026-07-26 20:00:00+00:00,tt_kebonjeruk,,,,,,,,,,False
2026-07-26 20:00:00+00:00,tt_kelapagading,,,,,,,,,,False
2026-07-26 20:00:00+00:00,tt_kuningan,,,,,,,,,,False
2026-07-26 20:00:00+00:00,tt_sudirman,,,,,,,,,,False
2026-07-26 20:00:00+00:00,tt_tangerang,,,,,,,,,,False
2026-07-26 20:00:00+00:00,tt_tbsimatupang,,,,,,,,,,False
2026-07-26 20:00:00+00:00,tt_thamrin,,,,,,,,,,False
2026-07-26 21:00:00+00:00,tt_bekasi,,,,,,,,,,False
2026-07-26 21:00:00+00:00,tt_bogor,,,,,,,,,,False
2026-07-26 21:00:00+00:00,tt_bsd,,,,,,,,,,False
2026-07-26 21:00:00+00:00,tt_cawang,,,,,,,,,,False
2026-07-26 21:00:00+00:00,tt_depok,,,,,,,,,,False
2026-07-26 21:00:00+00:00,tt_gatsu,,,,,,,,,,False
2026-07-26 21:00:00+00:00,tt_grogol,,,,,,,,,,False
2026-07-26 21:00:00+00:00,tt_kebonjeruk,,,,,,,,,,False
2026-07-26 21:00:00+00:00,tt_kelapagading,,,,,,,,,,False
2026-07-26 21:00:00+00:00,tt_kuningan,,,,,,,,,,False
2026-07-26 21:00:00+00:00,tt_sudirman,,,,,,,,,,False
2026-07-26 21:00:00+00:00,tt_tangerang,,,,,,,,,,False
2026-07-26 21:00:00+00:00,tt_tbsimatupang,,,,,,,,,,False
2026-07-26 21:00:00+00:00,tt_thamrin,,,,,,,,,,False
2026-07-26 22:00:00+00:00,tt_bekasi,,,,,,,,,,False
2026-07-26 22:00:00+00:00,tt_bogor,,,,,,,,,,False
2026-07-26 22:00:00+00:00,tt_bsd,,,,,,,,,,False
2026-07-26 22:00:00+00:00,tt_cawang,,,,,,,,,,False
2026-07-26 22:00:00+00:00,tt_depok,,,,,,,,,,False
2026-07-26 22:00:00+00:00,tt_gatsu,,,,,,,,,,False
2026-07-26 22:00:00+00:00,tt_grogol,,,,,,,,,,False
2026-07-26 22:00:00+00:00,tt_kebonjeruk,,,,,,,,,,False
2026-07-26 22:00:00+00:00,tt_kelapagading,,,,,,,,,,False
2026-07-26 22:00:00+00:00,tt_kuningan,,,,,,,,,,False
2026-07-26 22:00:00+00:00,tt_sudirman,,,,,,,,,,False
2026-07-26 22:00:00+00:00,tt_tangerang,,,,,,,,,,False
2026-07-26 22:00:00+00:00,tt_tbsimatupang,,,,,,,,,,False
2026-07-26 22:00:00+00:00,tt_thamrin,,,,,,,,,,False
2026-07-26 23:00:00+00:00,tt_bekasi,,,,,,,,,,False
2026-07-26 23:00:00+00:00,tt_bogor,,,,,,,,,,False
2026-07-26 23:00:00+00:00,tt_bsd,,,,,,,,,,False
2026-07-26 23:00:00+00:00,tt_cawang,,,,,,,,,,False
2026-07-26 23:00:00+00:00,tt_depok,,,,,,,,,,False
2026-07-26 23:00:00+00:00,tt_gatsu,,,,,,,,,,False
2026-07-26 23:00:00+00:00,tt_grogol,,,,,,,,,,False
2026-07-26 23:00:00+00:00,tt_kebonjeruk,,,,,,,,,,False
2026-07-26 23:00:00+00:00,tt_kelapagading,,,,,,,,,,False
2026-07-26 23:00:00+00:00,tt_kuningan,,,,,,,,,,False
2026-07-26 23:00:00+00:00,tt_sudirman,,,,,,,,,,False
2026-07-26 23:00:00+00:00,tt_tangerang,,,,,,,,,,False
2026-07-26 23:00:00+00:00,tt_tbsimatupang,,,,,,,,,,False
2026-07-26 23:00:00+00:00,tt_thamrin,,,,,,,,,,False
2026-07-27 00:00:00+00:00,tt_bekasi,,,,,,,,,,False
2026-07-27 00:00:00+00:00,tt_bogor,,,,,,,,,,False
2026-07-27 00:00:00+00:00,tt_bsd,,,,,,,,,,False
2026-07-27 00:00:00+00:00,tt_cawang,,,,,,,,,,False
2026-07-27 00:00:00+00:00,tt_depok,,,,,,,,,,False
2026-07-27 00:00:00+00:00,tt_gatsu,,,,,,,,,,False
2026-07-27 00:00:00+00:00,tt_grogol,,,,,,,,,,False
2026-07-27 00:00:00+00:00,tt_kebonjeruk,,,,,,,,,,False
2026-07-27 00:00:00+00:00,tt_kelapagading,,,,,,,,,,False
2026-07-27 00:00:00+00:00,tt_kuningan,,,,,,,,,,False
2026-07-27 00:00:00+00:00,tt_sudirman,,,,,,,,,,False
2026-07-27 00:00:00+00:00,tt_tangerang,,,,,,,,,,False
2026-07-27 00:00:00+00:00,tt_tbsimatupang,,,,,,,,,,False
2026-07-27 00:00:00+00:00,tt_thamrin,,,,,,,,,,False
2026-07-27 01:00:00+00:00,tt_bekasi,,,,,,,,,,False
2026-07-27 01:00:00+00:00,tt_bogor,,,,,,,,,,False
2026-07-27 01:00:00+00:00,tt_bsd,,,,,,,,,,False
2026-07-27 01:00:00+00:00,tt_cawang,,,,,,,,,,False
2026-07-27 01:00:00+00:00,tt_depok,,,,,,,,,,False
2026-07-27 01:00:00+00:00,tt_gatsu,,,,,,,,,,False
2026-07-27 01:00:00+00:00,tt_grogol,,,,,,,,,,False
2026-07-27 01:00:00+00:00,tt_kebonjeruk,,,,,,,,,,False
2026-07-27 01:00:00+00:00,tt_kelapagading,,,,,,,,,,False
2026-07-27 01:00:00+00:00,tt_kuningan,,,,,,,,,,False
2026-07-27 01:00:00+00:00,tt_sudirman,,,,,,,,,,False
2026-07-27 01:00:00+00:00,tt_tangerang,,,,,,,,,,False
2026-07-27 01:00:00+00:00,tt_tbsimatupang,,,,,,,,,,False
2026-07-27 01:00:00+00:00,tt_thamrin,,,,,,,,,,False
2026-07-27 02:00:00+00:00,tt_bekasi,Tol Jakarta-Cikampek,Jabodetabek,18.0,18.0,1072.0,1072.0,0.0,0.0,1.0,True
2026-07-27 02:00:00+00:00,tt_bogor,Tol Jagorawi (Bogor),Jabodetabek,36.0,44.0,823.0,673.0,0.1818181818181817,0.0,1.0,True
2026-07-27 02:00:00+00:00,tt_bsd,BSD/Serpong,Jabodetabek,34.0,34.0,165.0,165.0,0.0,0.0,1.0,True
2026-07-27 02:00:00+00:00,tt_cawang,Cawang interchange,Jabodetabek,18.0,42.0,150.0,64.0,0.5714285714285714,0.0,1.0,True
2026-07-27 02:00:00+00:00,tt_depok,Jl. Margonda (Depok),Jabodetabek,31.0,31.0,1778.0,1778.0,0.0,0.0,1.0,True
2026-07-27 02:00:00+00:00,tt_gatsu,Jl. Gatot Subroto,Jabodetabek,35.0,45.0,67.0,52.0,0.2222222222222222,0.0,1.0,True
2026-07-27 02:00:00+00:00,tt_grogol,Grogol,Jabodetabek,28.0,40.0,435.0,304.0,0.3,0.0,1.0,True
2026-07-27 02:00:00+00:00,tt_kebonjeruk,Tol Kebon Jeruk,Jabodetabek,25.0,35.0,1622.0,1158.0,0.2857142857142857,0.0,1.0,True
2026-07-27 02:00:00+00:00,tt_kelapagading,Kelapa Gading,Jabodetabek,29.0,29.0,1059.0,1059.0,0.0,0.0,1.0,True
2026-07-27 02:00:00+00:00,tt_kuningan,Jl. HR Rasuna Said,Jabodetabek,15.0,20.0,291.0,218.0,0.25,0.0,0.997206,True
2026-07-27 02:00:00+00:00,tt_sudirman,Jl. Sudirman (HI),Jabodetabek,27.0,39.0,531.0,368.0,0.3076923076923077,0.0,1.0,True
2026-07-27 02:00:00+00:00,tt_tangerang,Tol Jakarta-Merak,Jabodetabek,48.0,48.0,193.0,193.0,0.0,0.0,1.0,True
2026-07-27 02:00:00+00:00,tt_tbsimatupang,TB Simatupang,Jabodetabek,29.0,70.0,852.0,353.0,0.5857142857142856,0.0,1.0,True
2026-07-27 02:00:00+00:00,tt_thamrin,Jl. MH Thamrin,Jabodetabek,17.0,23.0,338.0,249.0,0.2608695652173913,0.0,1.0,True
2026-07-27 03:00:00+00:00,tt_bekasi,Tol Jakarta-Cikampek,Jabodetabek,18.0,18.0,1072.0,1072.0,0.0,0.0,1.0,True
2026-07-27 03:00:00+00:00,tt_bogor,Tol Jagorawi (Bogor),Jabodetabek,45.0,45.0,658.0,658.0,0.0,0.0,1.0,True
2026-07-27 03:00:00+00:00,tt_bsd,BSD/Serpong,Jabodetabek,34.0,34.0,165.0,165.0,0.0,0.0,1.0,True
2026-07-27 03:00:00+00:00,tt_cawang,Cawang interchange,Jabodetabek,22.0,43.0,122.0,62.0,0.4883720930232558,0.0,1.0,True
2026-07-27 03:00:00+00:00,tt_depok,Jl. Margonda (Depok),Jabodetabek,31.0,31.0,1778.0,1778.0,0.0,0.0,1.0,True
2026-07-27 03:00:00+00:00,tt_gatsu,Jl. Gatot Subroto,Jabodetabek,45.0,45.0,52.0,52.0,0.0,0.0,1.0,True
2026-07-27 03:00:00+00:00,tt_grogol,Grogol,Jabodetabek,27.0,40.0,451.0,304.0,0.3249999999999999,0.0,0.998509,True
2026-07-27 03:00:00+00:00,tt_kebonjeruk,Tol Kebon Jeruk,Jabodetabek,25.0,35.0,1622.0,1158.0,0.2857142857142857,0.0,1.0,True
2026-07-27 03:00:00+00:00,tt_kelapagading,Kelapa Gading,Jabodetabek,24.0,29.0,1280.0,1059.0,0.1724137931034483,0.0,0.996962,True
2026-07-27 03:00:00+00:00,tt_kuningan,Jl. HR Rasuna Said,Jabodetabek,16.0,21.0,273.0,208.0,0.2380952380952381,0.0,0.99,True
2026-07-27 03:00:00+00:00,tt_sudirman,Jl. Sudirman (HI),Jabodetabek,27.0,38.0,531.0,377.0,0.2894736842105263,0.0,1.0,True
2026-07-27 03:00:00+00:00,tt_tangerang,Tol Jakarta-Merak,Jabodetabek,37.0,48.0,250.0,193.0,0.2291666666666666,0.0,1.0,True
2026-07-27 03:00:00+00:00,tt_tbsimatupang,TB Simatupang,Jabodetabek,34.0,72.0,727.0,343.0,0.5277777777777778,0.0,1.0,True
2026-07-27 03:00:00+00:00,tt_thamrin,Jl. MH Thamrin,Jabodetabek,16.0,22.0,359.0,261.0,0.2727272727272727,0.0,1.0,True
2026-07-27 04:00:00+00:00,tt_bekasi,Tol Jakarta-Cikampek,Jabodetabek,18.0,18.0,1072.0,1072.0,0.0,0.0,1.0,True
2026-07-27 04:00:00+00:00,tt_bogor,Tol Jagorawi (Bogor),Jabodetabek,36.0,44.0,823.0,673.0,0.1818181818181817,0.0,1.0,True
2026-07-27 04:00:00+00:00,tt_bsd,BSD/Serpong,Jabodetabek,29.0,34.0,193.0,165.0,0.1470588235294118,0.0,1.0,True
2026-07-27 04:00:00+00:00,tt_cawang,Cawang interchange,Jabodetabek,17.0,41.0,158.0,65.0,0.5853658536585367,0.0,1.0,True
2026-07-27 04:00:00+00:00,tt_depok,Jl. Margonda (Depok),Jabodetabek,26.0,31.0,2120.0,1778.0,0.1612903225806451,0.0,0.965876,True
2026-07-27 04:00:00+00:00,tt_gatsu,Jl. Gatot Subroto,Jabodetabek,45.0,45.0,52.0,52.0,0.0,0.0,1.0,True
2026-07-27 04:00:00+00:00,tt_grogol,Grogol,Jabodetabek,33.0,40.0,369.0,304.0,0.175,0.0,0.997641,True
2026-07-27 04:00:00+00:00,tt_kebonjeruk,Tol Kebon Jeruk,Jabodetabek,25.0,36.0,1622.0,1126.0,0.3055555555555556,0.0,1.0,True
2026-07-27 04:00:00+00:00,tt_kelapagading,Kelapa Gading,Jabodetabek,24.0,29.0,1280.0,1059.0,0.1724137931034483,0.0,0.998549,True
2026-07-27 04:00:00+00:00,tt_kuningan,Jl. HR Rasuna Said,Jabodetabek,21.0,21.0,208.0,208.0,0.0,0.0,1.0,True
2026-07-27 04:00:00+00:00,tt_sudirman,Jl. Sudirman (HI),Jabodetabek,29.0,38.0,494.0,377.0,0.2368421052631578,0.0,1.0,True
2026-07-27 04:00:00+00:00,tt_tangerang,Tol Jakarta-Merak,Jabodetabek,37.0,48.0,250.0,193.0,0.2291666666666666,0.0,1.0,True
2026-07-27 04:00:00+00:00,tt_tbsimatupang,TB Simatupang,Jabodetabek,29.0,71.0,852.0,348.0,0.5915492957746479,0.0,1.0,True
2026-07-27 04:00:00+00:00,tt_thamrin,Jl. MH Thamrin,Jabodetabek,22.0,22.0,261.0,261.0,0.0,0.0,1.0,True
2026-07-27 05:00:00+00:00,tt_bekasi,,,,,,,,,,False
2026-07-27 05:00:00+00:00,tt_bogor,,,,,,,,,,False
2026-07-27 05:00:00+00:00,tt_bsd,,,,,,,,,,False
2026-07-27 05:00:00+00:00,tt_cawang,,,,,,,,,,False
2026-07-27 05:00:00+00:00,tt_depok,,,,,,,,,,False
2026-07-27 05:00:00+00:00,tt_gatsu,,,,,,,,,,False
2026-07-27 05:00:00+00:00,tt_grogol,,,,,,,,,,False
2026-07-27 05:00:00+00:00,tt_kebonjeruk,,,,,,,,,,False
2026-07-27 05:00:00+00:00,tt_kelapagading,,,,,,,,,,False
2026-07-27 05:00:00+00:00,tt_kuningan,,,,,,,,,,False
2026-07-27 05:00:00+00:00,tt_sudirman,,,,,,,,,,False
2026-07-27 05:00:00+00:00,tt_tangerang,,,,,,,,,,False
2026-07-27 05:00:00+00:00,tt_tbsimatupang,,,,,,,,,,False
2026-07-27 05:00:00+00:00,tt_thamrin,,,,,,,,,,False
2026-07-27 06:00:00+00:00,tt_bekasi,Tol Jakarta-Cikampek,Jabodetabek,18.0,18.0,1072.0,1072.0,0.0,0.0,1.0,True
2026-07-27 06:00:00+00:00,tt_bogor,Tol Jagorawi (Bogor),Jabodetabek,38.0,45.0,779.0,658.0,0.1555555555555555,0.0,1.0,True
2026-07-27 06:00:00+00:00,tt_bsd,BSD/Serpong,Jabodetabek,34.0,34.0,165.0,165.0,0.0,0.0,1.0,True
2026-07-27 06:00:00+00:00,tt_cawang,Cawang interchange,Jabodetabek,31.0,42.0,87.0,64.0,0.2619047619047618,0.0,1.0,True
2026-07-27 06:00:00+00:00,tt_depok,Jl. Margonda (Depok),Jabodetabek,26.0,31.0,2120.0,1778.0,0.1612903225806451,0.0,0.954199,True
2026-07-27 06:00:00+00:00,tt_gatsu,Jl. Gatot Subroto,Jabodetabek,45.0,45.0,52.0,52.0,0.0,0.0,1.0,True
2026-07-27 06:00:00+00:00,tt_grogol,Grogol,Jabodetabek,30.0,39.0,406.0,312.0,0.2307692307692307,0.0,0.996147,True
2026-07-27 06:00:00+00:00,tt_kebonjeruk,Tol Kebon Jeruk,Jabodetabek,27.0,36.0,1501.0,1126.0,0.25,0.0,1.0,True
2026-07-27 06:00:00+00:00,tt_kelapagading,Kelapa Gading,Jabodetabek,23.0,29.0,1335.0,1059.0,0.2068965517241379,0.0,0.997589,True
2026-07-27 06:00:00+00:00,tt_kuningan,Jl. HR Rasuna Said,Jabodetabek,21.0,21.0,208.0,208.0,0.0,0.0,1.0,True
2026-07-27 06:00:00+00:00,tt_sudirman,Jl. Sudirman (HI),Jabodetabek,28.0,39.0,512.0,368.0,0.282051282051282,0.0,1.0,True
2026-07-27 06:00:00+00:00,tt_tangerang,Tol Jakarta-Merak,Jabodetabek,37.0,48.0,250.0,193.0,0.2291666666666666,0.0,1.0,True
2026-07-27 06:00:00+00:00,tt_tbsimatupang,TB Simatupang,Jabodetabek,72.0,72.0,343.0,343.0,0.0,0.0,1.0,True
2026-07-27 06:00:00+00:00,tt_thamrin,Jl. MH Thamrin,Jabodetabek,18.0,24.0,319.0,239.0,0.25,0.0,1.0,True
2026-07-27 07:00:00+00:00,tt_bekasi,Tol Jakarta-Cikampek,Jabodetabek,18.0,18.0,1072.0,1072.0,0.0,0.0,1.0,True
2026-07-27 07:00:00+00:00,tt_bogor,Tol Jagorawi (Bogor),Jabodetabek,36.0,45.0,823.0,658.0,0.1999999999999999,0.0,1.0,True
2026-07-27 07:00:00+00:00,tt_bsd,BSD/Serpong,Jabodetabek,29.0,35.0,193.0,160.0,0.1714285714285713,0.0,1.0,True
2026-07-27 07:00:00+00:00,tt_cawang,Cawang interchange,Jabodetabek,43.0,43.0,62.0,62.0,0.0,0.0,1.0,True
2026-07-27 07:00:00+00:00,tt_depok,Jl. Margonda (Depok),Jabodetabek,31.0,31.0,1778.0,1778.0,0.0,0.0,1.0,True
2026-07-27 07:00:00+00:00,tt_gatsu,Jl. Gatot Subroto,Jabodetabek,45.0,45.0,52.0,52.0,0.0,0.0,1.0,True
2026-07-27 07:00:00+00:00,tt_grogol,Grogol,Jabodetabek,32.0,40.0,381.0,304.0,0.1999999999999999,0.0,1.0,True
2026-07-27 07:00:00+00:00,tt_kebonjeruk,Tol Kebon Jeruk,Jabodetabek,20.0,36.0,2027.0,1126.0,0.4444444444444444,0.0,1.0,True
2026-07-27 07:00:00+00:00,tt_kelapagading,Kelapa Gading,Jabodetabek,21.0,29.0,1463.0,1059.0,0.2758620689655172,0.0,0.997931,True
2026-07-27 07:00:00+00:00,tt_kuningan,Jl. HR Rasuna Said,Jabodetabek,21.0,21.0,208.0,208.0,0.0,0.0,1.0,True
2026-07-27 07:00:00+00:00,tt_sudirman,Jl. Sudirman (HI),Jabodetabek,23.0,39.0,624.0,368.0,0.4102564102564102,0.0,1.0,True
2026-07-27 07:00:00+00:00,tt_tangerang,Tol Jakarta-Merak,Jabodetabek,48.0,48.0,193.0,193.0,0.0,0.0,1.0,True
2026-07-27 07:00:00+00:00,tt_tbsimatupang,TB Simatupang,Jabodetabek,72.0,72.0,343.0,343.0,0.0,0.0,1.0,True
2026-07-27 07:00:00+00:00,tt_thamrin,Jl. MH Thamrin,Jabodetabek,14.0,23.0,410.0,249.0,0.3913043478260869,0.0,1.0,True
2026-07-27 08:00:00+00:00,tt_bekasi,Tol Jakarta-Cikampek,Jabodetabek,13.0,17.0,1484.0,1135.0,0.2352941176470588,0.0,0.955543,True
2026-07-27 08:00:00+00:00,tt_bogor,Tol Jagorawi (Bogor),Jabodetabek,35.0,45.0,846.0,658.0,0.2222222222222222,0.0,0.999197,True
2026-07-27 08:00:00+00:00,tt_bsd,BSD/Serpong,Jabodetabek,34.0,34.0,165.0,165.0,0.0,0.0,1.0,True
2026-07-27 08:00:00+00:00,tt_cawang,Cawang interchange,Jabodetabek,33.0,42.0,81.0,64.0,0.2142857142857143,0.0,1.0,True
2026-07-27 08:00:00+00:00,tt_depok,Jl. Margonda (Depok),Jabodetabek,31.0,31.0,1778.0,1778.0,0.0,0.0,1.0,True
2026-07-27 08:00:00+00:00,tt_gatsu,Jl. Gatot Subroto,Jabodetabek,37.0,44.0,63.0,53.0,0.159090909090909,0.0,1.0,True
2026-07-27 08:00:00+00:00,tt_grogol,Grogol,Jabodetabek,31.0,40.0,393.0,304.0,0.2249999999999999,0.0,1.0,True
2026-07-27 08:00:00+00:00,tt_kebonjeruk,Tol Kebon Jeruk,Jabodetabek,21.0,36.0,1931.0,1126.0,0.4166666666666666,0.0,1.0,True
2026-07-27 08:00:00+00:00,tt_kelapagading,Kelapa Gading,Jabodetabek,21.0,29.0,1463.0,1059.0,0.2758620689655172,0.0,1.0,True
2026-07-27 08:00:00+00:00,tt_kuningan,Jl. HR Rasuna Said,Jabodetabek,21.0,21.0,208.0,208.0,0.0,0.0,1.0,True
2026-07-27 08:00:00+00:00,tt_sudirman,Jl. Sudirman (HI),Jabodetabek,22.0,39.0,652.0,368.0,0.4358974358974359,0.0,1.0,True
2026-07-27 08:00:00+00:00,tt_tangerang,Tol Jakarta-Merak,Jabodetabek,37.0,47.0,250.0,197.0,0.2127659574468084,0.0,1.0,True
2026-07-27 08:00:00+00:00,tt_tbsimatupang,TB Simatupang,Jabodetabek,47.0,72.0,526.0,343.0,0.3472222222222222,0.0,1.0,True
2026-07-27 08:00:00+00:00,tt_thamrin,Jl. MH Thamrin,Jabodetabek,14.0,24.0,410.0,239.0,0.4166666666666666,0.0,1.0,True
2026-07-27 09:00:00+00:00,tt_bekasi,Tol Jakarta-Cikampek,Jabodetabek,18.0,18.0,1072.0,1072.0,0.0,0.0,1.0,True
2026-07-27 09:00:00+00:00,tt_bogor,Tol Jagorawi (Bogor),Jabodetabek,33.0,45.0,897.0,658.0,0.2666666666666667,0.0,1.0,True
2026-07-27 09:00:00+00:00,tt_bsd,BSD/Serpong,Jabodetabek,34.0,34.0,165.0,165.0,0.0,0.0,1.0,True
2026-07-27 09:00:00+00:00,tt_cawang,Cawang interchange,Jabodetabek,34.0,42.0,79.0,64.0,0.1904761904761904,0.0,1.0,True
2026-07-27 09:00:00+00:00,tt_depok,Jl. Margonda (Depok),Jabodetabek,25.0,31.0,2205.0,1778.0,0.1935483870967742,0.0,0.977907,True
2026-07-27 09:00:00+00:00,tt_gatsu,Jl. Gatot Subroto,Jabodetabek,45.0,45.0,52.0,52.0,0.0,0.0,1.0,True
2026-07-27 09:00:00+00:00,tt_grogol,Grogol,Jabodetabek,30.0,40.0,406.0,304.0,0.25,0.0,1.0,True
2026-07-27 09:00:00+00:00,tt_kebonjeruk,Tol Kebon Jeruk,Jabodetabek,23.0,35.0,1763.0,1158.0,0.3428571428571428,0.0,1.0,True
2026-07-27 09:00:00+00:00,tt_kelapagading,Kelapa Gading,Jabodetabek,22.0,29.0,1396.0,1059.0,0.2413793103448276,0.0,1.0,True
2026-07-27 09:00:00+00:00,tt_kuningan,Jl. HR Rasuna Said,Jabodetabek,16.0,21.0,273.0,208.0,0.2380952380952381,0.0,1.0,True
2026-07-27 09:00:00+00:00,tt_sudirman,Jl. Sudirman (HI),Jabodetabek,23.0,38.0,624.0,377.0,0.3947368421052631,0.0,1.0,True
2026-07-27 09:00:00+00:00,tt_tangerang,Tol Jakarta-Merak,Jabodetabek,36.0,47.0,257.0,197.0,0.2340425531914893,0.0,1.0,True
2026-07-27 09:00:00+00:00,tt_tbsimatupang,TB Simatupang,Jabodetabek,46.0,72.0,537.0,343.0,0.3611111111111111,0.0,1.0,True
2026-07-27 09:00:00+00:00,tt_thamrin,Jl. MH Thamrin,Jabodetabek,16.0,23.0,359.0,249.0,0.3043478260869565,0.0,1.0,True
2026-07-27 10:00:00+00:00,tt_bekasi,Tol Jakarta-Cikampek,Jabodetabek,18.0,18.0,1072.0,1072.0,0.0,0.0,1.0,True
2026-07-27 10:00:00+00:00,tt_bogor,Tol Jagorawi (Bogor),Jabodetabek,31.0,45.0,955.0,658.0,0.3111111111111111,0.0,1.0,True
2026-07-27 10:00:00+00:00,tt_bsd,BSD/Serpong,Jabodetabek,30.0,34.0,187.0,165.0,0.1176470588235294,0.0,1.0,True
2026-07-27 10:00:00+00:00,tt_cawang,Cawang interchange,Jabodetabek,30.0,43.0,90.0,62.0,0.3023255813953488,0.0,1.0,True
2026-07-27 10:00:00+00:00,tt_depok,Jl. Margonda (Depok),Jabodetabek,23.0,32.0,2397.0,1722.0,0.28125,0.0,0.989211,True
2026-07-27 10:00:00+00:00,tt_gatsu,Jl. Gatot Subroto,Jabodetabek,15.0,43.0,157.0,54.0,0.6511627906976745,0.0,1.0,True
2026-07-27 10:00:00+00:00,tt_grogol,Grogol,Jabodetabek,29.0,40.0,420.0,304.0,0.275,0.0,1.0,True
2026-07-27 10:00:00+00:00,tt_kebonjeruk,Tol Kebon Jeruk,Jabodetabek,22.0,35.0,1843.0,1158.0,0.3714285714285714,0.0,1.0,True
2026-07-27 10:00:00+00:00,tt_kelapagading,Kelapa Gading,Jabodetabek,20.0,29.0,1536.0,1059.0,0.3103448275862068,0.0,1.0,True
2026-07-27 10:00:00+00:00,tt_kuningan,Jl. HR Rasuna Said,Jabodetabek,16.0,20.0,273.0,218.0,0.1999999999999999,0.0,1.0,True
2026-07-27 10:00:00+00:00,tt_sudirman,Jl. Sudirman (HI),Jabodetabek,18.0,39.0,797.0,368.0,0.5384615384615384,0.0,1.0,True
2026-07-27 10:00:00+00:00,tt_tangerang,Tol Jakarta-Merak,Jabodetabek,34.0,48.0,272.0,193.0,0.2916666666666666,0.0,1.0,True
2026-07-27 10:00:00+00:00,tt_tbsimatupang,TB Simatupang,Jabodetabek,29.0,73.0,852.0,338.0,0.6027397260273972,0.0,1.0,True
2026-07-27 10:00:00+00:00,tt_thamrin,Jl. MH Thamrin,Jabodetabek,16.0,25.0,359.0,229.0,0.36,0.0,1.0,True
2026-07-27 11:00:00+00:00,tt_bekasi,Tol Jakarta-Cikampek,Jabodetabek,18.0,18.0,1072.0,1072.0,0.0,0.0,1.0,True
2026-07-27 11:00:00+00:00,tt_bogor,Tol Jagorawi (Bogor),Jabodetabek,35.0,44.0,846.0,673.0,0.2045454545454545,0.0,1.0,True
2026-07-27 11:00:00+00:00,tt_bsd,BSD/Serpong,Jabodetabek,34.0,34.0,165.0,165.0,0.0,0.0,1.0,True
2026-07-27 11:00:00+00:00,tt_cawang,Cawang interchange,Jabodetabek,34.0,43.0,79.0,62.0,0.2093023255813954,0.0,1.0,True
2026-07-27 11:00:00+00:00,tt_depok,Jl. Margonda (Depok),Jabodetabek,26.0,31.0,2120.0,1778.0,0.1612903225806451,0.0,0.986715,True
2026-07-27 11:00:00+00:00,tt_gatsu,Jl. Gatot Subroto,Jabodetabek,14.0,42.0,168.0,56.0,0.6666666666666667,0.0,1.0,True
2026-07-27 11:00:00+00:00,tt_grogol,Grogol,Jabodetabek,31.0,40.0,393.0,304.0,0.2249999999999999,0.0,1.0,True
2026-07-27 11:00:00+00:00,tt_kebonjeruk,Tol Kebon Jeruk,Jabodetabek,22.0,35.0,1843.0,1158.0,0.3714285714285714,0.0,1.0,True
2026-07-27 11:00:00+00:00,tt_kelapagading,Kelapa Gading,Jabodetabek,21.0,29.0,1463.0,1059.0,0.2758620689655172,0.0,1.0,True
2026-07-27 11:00:00+00:00,tt_kuningan,Jl. HR Rasuna Said,Jabodetabek,14.0,20.0,312.0,218.0,0.3,0.0,1.0,True
2026-07-27 11:00:00+00:00,tt_sudirman,Jl. Sudirman (HI),Jabodetabek,18.0,38.0,797.0,377.0,0.5263157894736843,0.0,1.0,True
2026-07-27 11:00:00+00:00,tt_tangerang,Tol Jakarta-Merak,Jabodetabek,48.0,48.0,193.0,193.0,0.0,0.0,1.0,True
2026-07-27 11:00:00+00:00,tt_tbsimatupang,TB Simatupang,Jabodetabek,47.0,71.0,526.0,348.0,0.3380281690140845,0.0,1.0,True
2026-07-27 11:00:00+00:00,tt_thamrin,Jl. MH Thamrin,Jabodetabek,9.0,24.0,638.0,239.0,0.625,0.0,1.0,True
2026-07-27 12:00:00+00:00,tt_bekasi,Tol Jakarta-Cikampek,Jabodetabek,18.0,18.0,1072.0,1072.0,0.0,0.0,1.0,True
2026-07-27 12:00:00+00:00,tt_bogor,Tol Jagorawi (Bogor),Jabodetabek,36.0,44.0,823.0,673.0,0.1818181818181817,0.0,1.0,True
2026-07-27 12:00:00+00:00,tt_bsd,BSD/Serpong,Jabodetabek,34.0,34.0,165.0,165.0,0.0,0.0,1.0,True
2026-07-27 12:00:00+00:00,tt_cawang,Cawang interchange,Jabodetabek,43.0,43.0,62.0,62.0,0.0,0.0,1.0,True
2026-07-27 12:00:00+00:00,tt_depok,Jl. Margonda (Depok),Jabodetabek,25.0,31.0,2205.0,1778.0,0.1935483870967742,0.0,0.998255,True
2026-07-27 12:00:00+00:00,tt_gatsu,Jl. Gatot Subroto,Jabodetabek,11.0,44.0,214.0,53.0,0.75,0.0,1.0,True
2026-07-27 12:00:00+00:00,tt_grogol,Grogol,Jabodetabek,34.0,40.0,358.0,304.0,0.15,0.0,1.0,True
2026-07-27 12:00:00+00:00,tt_kebonjeruk,Tol Kebon Jeruk,Jabodetabek,24.0,35.0,1689.0,1158.0,0.3142857142857143,0.0,1.0,True
2026-07-27 12:00:00+00:00,tt_kelapagading,Kelapa Gading,Jabodetabek,23.0,29.0,1335.0,1059.0,0.2068965517241379,0.0,0.999388,True
2026-07-27 12:00:00+00:00,tt_kuningan,Jl. HR Rasuna Said,Jabodetabek,13.0,21.0,336.0,208.0,0.3809523809523809,0.0,1.0,True
2026-07-27 12:00:00+00:00,tt_sudirman,Jl. Sudirman (HI),Jabodetabek,24.0,39.0,598.0,368.0,0.3846153846153846,0.0,1.0,True
2026-07-27 12:00:00+00:00,tt_tangerang,Tol Jakarta-Merak,Jabodetabek,48.0,48.0,193.0,193.0,0.0,0.0,1.0,True
2026-07-27 12:00:00+00:00,tt_tbsimatupang,TB Simatupang,Jabodetabek,54.0,72.0,458.0,343.0,0.25,0.0,1.0,True
2026-07-27 12:00:00+00:00,tt_thamrin,Jl. MH Thamrin,Jabodetabek,11.0,22.0,522.0,261.0,0.5,0.0,1.0,True
2026-07-27 13:00:00+00:00,tt_bekasi,Tol Jakarta-Cikampek,Jabodetabek,18.0,18.0,1072.0,1072.0,0.0,0.0,1.0,True
2026-07-27 13:00:00+00:00,tt_bogor,Tol Jagorawi (Bogor),Jabodetabek,45.0,45.0,658.0,658.0,0.0,0.0,1.0,True
2026-07-27 13:00:00+00:00,tt_bsd,BSD/Serpong,Jabodetabek,34.0,34.0,165.0,165.0,0.0,0.0,1.0,True
2026-07-27 13:00:00+00:00,tt_cawang,Cawang interchange,Jabodetabek,43.0,43.0,62.0,62.0,0.0,0.0,1.0,True
2026-07-27 13:00:00+00:00,tt_depok,Jl. Margonda (Depok),Jabodetabek,24.0,31.0,2297.0,1778.0,0.2258064516129032,0.0,0.995604,True
2026-07-27 13:00:00+00:00,tt_gatsu,Jl. Gatot Subroto,Jabodetabek,45.0,45.0,52.0,52.0,0.0,0.0,1.0,True
2026-07-27 13:00:00+00:00,tt_grogol,Grogol,Jabodetabek,40.0,40.0,304.0,304.0,0.0,0.0,1.0,True
2026-07-27 13:00:00+00:00,tt_kebonjeruk,Tol Kebon Jeruk,Jabodetabek,29.0,36.0,1398.0,1126.0,0.1944444444444444,0.0,1.0,True
2026-07-27 13:00:00+00:00,tt_kelapagading,Kelapa Gading,Jabodetabek,23.0,29.0,1335.0,1059.0,0.2068965517241379,0.0,0.998549,True
2026-07-27 13:00:00+00:00,tt_kuningan,Jl. HR Rasuna Said,Jabodetabek,21.0,21.0,208.0,208.0,0.0,0.0,1.0,True
2026-07-27 13:00:00+00:00,tt_sudirman,Jl. Sudirman (HI),Jabodetabek,31.0,38.0,463.0,377.0,0.1842105263157895,0.0,1.0,True
2026-07-27 13:00:00+00:00,tt_tangerang,Tol Jakarta-Merak,Jabodetabek,39.0,48.0,237.0,193.0,0.1875,0.0,1.0,True
2026-07-27 13:00:00+00:00,tt_tbsimatupang,TB Simatupang,Jabodetabek,72.0,72.0,343.0,343.0,0.0,0.0,1.0,True
2026-07-27 13:00:00+00:00,tt_thamrin,Jl. MH Thamrin,Jabodetabek,14.0,23.0,410.0,249.0,0.3913043478260869,0.0,1.0,True
2026-07-27 14:00:00+00:00,tt_bekasi,Tol Jakarta-Cikampek,Jabodetabek,18.0,18.0,1072.0,1072.0,0.0,0.0,1.0,True
2026-07-27 14:00:00+00:00,tt_bogor,Tol Jagorawi (Bogor),Jabodetabek,45.0,45.0,658.0,658.0,0.0,0.0,1.0,True
2026-07-27 14:00:00+00:00,tt_bsd,BSD/Serpong,Jabodetabek,29.0,33.0,193.0,170.0,0.1212121212121212,0.0,1.0,True
2026-07-27 14:00:00+00:00,tt_cawang,Cawang interchange,Jabodetabek,43.0,43.0,62.0,62.0,0.0,0.0,1.0,True
2026-07-27 14:00:00+00:00,tt_depok,Jl. Margonda (Depok),Jabodetabek,31.0,31.0,1778.0,1778.0,0.0,0.0,1.0,True
2026-07-27 14:00:00+00:00,tt_gatsu,Jl. Gatot Subroto,Jabodetabek,45.0,45.0,52.0,52.0,0.0,0.0,1.0,True
2026-07-27 14:00:00+00:00,tt_grogol,Grogol,Jabodetabek,40.0,40.0,304.0,304.0,0.0,0.0,1.0,True
2026-07-27 14:00:00+00:00,tt_kebonjeruk,Tol Kebon Jeruk,Jabodetabek,30.0,35.0,1351.0,1158.0,0.1428571428571429,0.0,1.0,True
2026-07-27 14:00:00+00:00,tt_kelapagading,Kelapa Gading,Jabodetabek,29.0,29.0,1059.0,1059.0,0.0,0.0,1.0,True
2026-07-27 14:00:00+00:00,tt_kuningan,Jl. HR Rasuna Said,Jabodetabek,17.0,20.0,256.0,218.0,0.15,0.0,0.99,True
2026-07-27 14:00:00+00:00,tt_sudirman,Jl. Sudirman (HI),Jabodetabek,29.0,38.0,494.0,377.0,0.2368421052631578,0.0,1.0,True
2026-07-27 14:00:00+00:00,tt_tangerang,Tol Jakarta-Merak,Jabodetabek,48.0,48.0,193.0,193.0,0.0,0.0,1.0,True
2026-07-27 14:00:00+00:00,tt_tbsimatupang,TB Simatupang,Jabodetabek,72.0,72.0,343.0,343.0,0.0,0.0,1.0,True
2026-07-27 14:00:00+00:00,tt_thamrin,Jl. MH Thamrin,Jabodetabek,22.0,22.0,261.0,261.0,0.0,0.0,1.0,True
2026-07-27 15:00:00+00:00,tt_bekasi,Tol Jakarta-Cikampek,Jabodetabek,18.0,18.0,1072.0,1072.0,0.0,0.0,1.0,True
2026-07-27 15:00:00+00:00,tt_bogor,Tol Jagorawi (Bogor),Jabodetabek,45.0,45.0,658.0,658.0,0.0,0.0,1.0,True
2026-07-27 15:00:00+00:00,tt_bsd,BSD/Serpong,Jabodetabek,34.0,34.0,165.0,165.0,0.0,0.0,1.0,True
2026-07-27 15:00:00+00:00,tt_cawang,Cawang interchange,Jabodetabek,43.0,43.0,62.0,62.0,0.0,0.0,1.0,True
2026-07-27 15:00:00+00:00,tt_depok,Jl. Margonda (Depok),Jabodetabek,31.0,31.0,1778.0,1778.0,0.0,0.0,1.0,True
2026-07-27 15:00:00+00:00,tt_gatsu,Jl. Gatot Subroto,Jabodetabek,45.0,45.0,52.0,52.0,0.0,0.0,1.0,True
2026-07-27 15:00:00+00:00,tt_grogol,Grogol,Jabodetabek,40.0,40.0,304.0,304.0,0.0,0.0,1.0,True
2026-07-27 15:00:00+00:00,tt_kebonjeruk,Tol Kebon Jeruk,Jabodetabek,35.0,35.0,1158.0,1158.0,0.0,0.0,1.0,True
2026-07-27 15:00:00+00:00,tt_kelapagading,Kelapa Gading,Jabodetabek,29.0,29.0,1059.0,1059.0,0.0,0.0,1.0,True
2026-07-27 15:00:00+00:00,tt_kuningan,Jl. HR Rasuna Said,Jabodetabek,14.0,20.0,312.0,218.0,0.3,0.0,0.963747,True
2026-07-27 15:00:00+00:00,tt_sudirman,Jl. Sudirman (HI),Jabodetabek,38.0,38.0,377.0,377.0,0.0,0.0,1.0,True
2026-07-27 15:00:00+00:00,tt_tangerang,Tol Jakarta-Merak,Jabodetabek,48.0,48.0,193.0,193.0,0.0,0.0,1.0,True
2026-07-27 15:00:00+00:00,tt_tbsimatupang,TB Simatupang,Jabodetabek,72.0,72.0,343.0,343.0,0.0,0.0,1.0,True
2026-07-27 15:00:00+00:00,tt_thamrin,Jl. MH Thamrin,Jabodetabek,19.0,22.0,302.0,261.0,0.1363636363636363,0.0,1.0,True
2026-07-27 16:00:00+00:00,tt_bekasi,Tol Jakarta-Cikampek,Jabodetabek,18.0,18.0,1072.0,1072.0,0.0,0.0,1.0,True
2026-07-27 16:00:00+00:00,tt_bogor,Tol Jagorawi (Bogor),Jabodetabek,37.0,45.0,800.0,658.0,0.1777777777777778,0.0,0.996182,True
2026-07-27 16:00:00+00:00,tt_bsd,BSD/Serpong,Jabodetabek,34.0,34.0,165.0,165.0,0.0,0.0,1.0,True
2026-07-27 16:00:00+00:00,tt_cawang,Cawang interchange,Jabodetabek,43.0,43.0,62.0,62.0,0.0,0.0,1.0,True
2026-07-27 16:00:00+00:00,tt_depok,Jl. Margonda (Depok),Jabodetabek,31.0,31.0,1778.0,1778.0,0.0,0.0,1.0,True
2026-07-27 16:00:00+00:00,tt_gatsu,Jl. Gatot Subroto,Jabodetabek,45.0,45.0,52.0,52.0,0.0,0.0,1.0,True
2026-07-27 16:00:00+00:00,tt_grogol,Grogol,Jabodetabek,40.0,40.0,304.0,304.0,0.0,0.0,1.0,True
2026-07-27 16:00:00+00:00,tt_kebonjeruk,Tol Kebon Jeruk,Jabodetabek,35.0,35.0,1158.0,1158.0,0.0,0.0,1.0,True
2026-07-27 16:00:00+00:00,tt_kelapagading,Kelapa Gading,Jabodetabek,29.0,29.0,1059.0,1059.0,0.0,0.0,1.0,True
2026-07-27 16:00:00+00:00,tt_kuningan,Jl. HR Rasuna Said,Jabodetabek,21.0,21.0,208.0,208.0,0.0,0.0,1.0,True
2026-07-27 16:00:00+00:00,tt_sudirman,Jl. Sudirman (HI),Jabodetabek,38.0,38.0,377.0,377.0,0.0,0.0,1.0,True
2026-07-27 16:00:00+00:00,tt_tangerang,Tol Jakarta-Merak,Jabodetabek,48.0,48.0,193.0,193.0,0.0,0.0,1.0,True
2026-07-27 16:00:00+00:00,tt_tbsimatupang,TB Simatupang,Jabodetabek,72.0,72.0,343.0,343.0,0.0,0.0,1.0,True
2026-07-27 16:00:00+00:00,tt_thamrin,Jl. MH Thamrin,Jabodetabek,22.0,22.0,261.0,261.0,0.0,0.0,1.0,True
2026-07-27 17:00:00+00:00,tt_bekasi,,,,,,,,,,False
2026-07-27 17:00:00+00:00,tt_bogor,,,,,,,,,,False
2026-07-27 17:00:00+00:00,tt_bsd,,,,,,,,,,False
2026-07-27 17:00:00+00:00,tt_cawang,,,,,,,,,,False
2026-07-27 17:00:00+00:00,tt_depok,,,,,,,,,,False
2026-07-27 17:00:00+00:00,tt_gatsu,,,,,,,,,,False
2026-07-27 17:00:00+00:00,tt_grogol,,,,,,,,,,False
2026-07-27 17:00:00+00:00,tt_kebonjeruk,,,,,,,,,,False
2026-07-27 17:00:00+00:00,tt_kelapagading,,,,,,,,,,False
2026-07-27 17:00:00+00:00,tt_kuningan,,,,,,,,,,False
2026-07-27 17:00:00+00:00,tt_sudirman,,,,,,,,,,False
2026-07-27 17:00:00+00:00,tt_tangerang,,,,,,,,,,False
2026-07-27 17:00:00+00:00,tt_tbsimatupang,,,,,,,,,,False
2026-07-27 17:00:00+00:00,tt_thamrin,,,,,,,,,,False
2026-07-27 18:00:00+00:00,tt_bekasi,Tol Jakarta-Cikampek,Jabodetabek,18.0,18.0,1072.0,1072.0,0.0,0.0,1.0,True
2026-07-27 18:00:00+00:00,tt_bogor,Tol Jagorawi (Bogor),Jabodetabek,45.0,45.0,658.0,658.0,0.0,0.0,1.0,True
2026-07-27 18:00:00+00:00,tt_bsd,BSD/Serpong,Jabodetabek,34.0,34.0,165.0,165.0,0.0,0.0,1.0,True
2026-07-27 18:00:00+00:00,tt_cawang,Cawang interchange,Jabodetabek,43.0,43.0,62.0,62.0,0.0,0.0,1.0,True
2026-07-27 18:00:00+00:00,tt_depok,Jl. Margonda (Depok),Jabodetabek,31.0,31.0,1778.0,1778.0,0.0,0.0,1.0,True
2026-07-27 18:00:00+00:00,tt_gatsu,Jl. Gatot Subroto,Jabodetabek,45.0,45.0,52.0,52.0,0.0,0.0,1.0,True
2026-07-27 18:00:00+00:00,tt_grogol,Grogol,Jabodetabek,40.0,40.0,304.0,304.0,0.0,0.0,1.0,True
2026-07-27 18:00:00+00:00,tt_kebonjeruk,Tol Kebon Jeruk,Jabodetabek,35.0,35.0,1158.0,1158.0,0.0,0.0,1.0,True
2026-07-27 18:00:00+00:00,tt_kelapagading,Kelapa Gading,Jabodetabek,29.0,29.0,1059.0,1059.0,0.0,0.0,1.0,True
2026-07-27 18:00:00+00:00,tt_kuningan,Jl. HR Rasuna Said,Jabodetabek,21.0,21.0,208.0,208.0,0.0,0.0,1.0,True
2026-07-27 18:00:00+00:00,tt_sudirman,Jl. Sudirman (HI),Jabodetabek,38.0,38.0,377.0,377.0,0.0,0.0,1.0,True
2026-07-27 18:00:00+00:00,tt_tangerang,Tol Jakarta-Merak,Jabodetabek,48.0,48.0,193.0,193.0,0.0,0.0,1.0,True
2026-07-27 18:00:00+00:00,tt_tbsimatupang,TB Simatupang,Jabodetabek,72.0,72.0,343.0,343.0,0.0,0.0,1.0,True
2026-07-27 18:00:00+00:00,tt_thamrin,Jl. MH Thamrin,Jabodetabek,22.0,22.0,261.0,261.0,0.0,0.0,1.0,True
2026-07-27 19:00:00+00:00,tt_bekasi,Tol Jakarta-Cikampek,Jabodetabek,18.0,18.0,1072.0,1072.0,0.0,0.0,1.0,True
2026-07-27 19:00:00+00:00,tt_bogor,Tol Jagorawi (Bogor),Jabodetabek,45.0,45.0,658.0,658.0,0.0,0.0,1.0,True
2026-07-27 19:00:00+00:00,tt_bsd,BSD/Serpong,Jabodetabek,34.0,34.0,165.0,165.0,0.0,0.0,1.0,True
2026-07-27 19:00:00+00:00,tt_cawang,Cawang interchange,Jabodetabek,43.0,43.0,62.0,62.0,0.0,0.0,1.0,True
2026-07-27 19:00:00+00:00,tt_depok,Jl. Margonda (Depok),Jabodetabek,31.0,31.0,1778.0,1778.0,0.0,0.0,1.0,True
2026-07-27 19:00:00+00:00,tt_gatsu,Jl. Gatot Subroto,Jabodetabek,45.0,45.0,52.0,52.0,0.0,0.0,1.0,True
2026-07-27 19:00:00+00:00,tt_grogol,Grogol,Jabodetabek,40.0,40.0,304.0,304.0,0.0,0.0,1.0,True
2026-07-27 19:00:00+00:00,tt_kebonjeruk,Tol Kebon Jeruk,Jabodetabek,35.0,35.0,1158.0,1158.0,0.0,0.0,1.0,True
2026-07-27 19:00:00+00:00,tt_kelapagading,Kelapa Gading,Jabodetabek,29.0,29.0,1059.0,1059.0,0.0,0.0,1.0,True
2026-07-27 19:00:00+00:00,tt_kuningan,Jl. HR Rasuna Said,Jabodetabek,21.0,21.0,208.0,208.0,0.0,0.0,1.0,True
2026-07-27 19:00:00+00:00,tt_sudirman,Jl. Sudirman (HI),Jabodetabek,38.0,38.0,377.0,377.0,0.0,0.0,1.0,True
2026-07-27 19:00:00+00:00,tt_tangerang,Tol Jakarta-Merak,Jabodetabek,48.0,48.0,193.0,193.0,0.0,0.0,1.0,True
2026-07-27 19:00:00+00:00,tt_tbsimatupang,TB Simatupang,Jabodetabek,72.0,72.0,343.0,343.0,0.0,0.0,1.0,True
2026-07-27 19:00:00+00:00,tt_thamrin,Jl. MH Thamrin,Jabodetabek,22.0,22.0,261.0,261.0,0.0,0.0,1.0,True
2026-07-27 20:00:00+00:00,tt_bekasi,,,,,,,,,,False
2026-07-27 20:00:00+00:00,tt_bogor,,,,,,,,,,False
2026-07-27 20:00:00+00:00,tt_bsd,,,,,,,,,,False
2026-07-27 20:00:00+00:00,tt_cawang,,,,,,,,,,False
2026-07-27 20:00:00+00:00,tt_depok,,,,,,,,,,False
2026-07-27 20:00:00+00:00,tt_gatsu,,,,,,,,,,False
2026-07-27 20:00:00+00:00,tt_grogol,,,,,,,,,,False
2026-07-27 20:00:00+00:00,tt_kebonjeruk,,,,,,,,,,False
2026-07-27 20:00:00+00:00,tt_kelapagading,,,,,,,,,,False
2026-07-27 20:00:00+00:00,tt_kuningan,,,,,,,,,,False
2026-07-27 20:00:00+00:00,tt_sudirman,,,,,,,,,,False
2026-07-27 20:00:00+00:00,tt_tangerang,,,,,,,,,,False
2026-07-27 20:00:00+00:00,tt_tbsimatupang,,,,,,,,,,False
2026-07-27 20:00:00+00:00,tt_thamrin,,,,,,,,,,False
2026-07-27 21:00:00+00:00,tt_bekasi,Tol Jakarta-Cikampek,Jabodetabek,18.0,18.0,1072.0,1072.0,0.0,0.0,1.0,True
2026-07-27 21:00:00+00:00,tt_bogor,Tol Jagorawi (Bogor),Jabodetabek,45.0,45.0,658.0,658.0,0.0,0.0,1.0,True
2026-07-27 21:00:00+00:00,tt_bsd,BSD/Serpong,Jabodetabek,34.0,34.0,165.0,165.0,0.0,0.0,1.0,True
2026-07-27 21:00:00+00:00,tt_cawang,Cawang interchange,Jabodetabek,43.0,43.0,62.0,62.0,0.0,0.0,1.0,True
2026-07-27 21:00:00+00:00,tt_depok,Jl. Margonda (Depok),Jabodetabek,31.0,31.0,1778.0,1778.0,0.0,0.0,1.0,True
2026-07-27 21:00:00+00:00,tt_gatsu,Jl. Gatot Subroto,Jabodetabek,45.0,45.0,52.0,52.0,0.0,0.0,1.0,True
2026-07-27 21:00:00+00:00,tt_grogol,Grogol,Jabodetabek,40.0,40.0,304.0,304.0,0.0,0.0,1.0,True
2026-07-27 21:00:00+00:00,tt_kebonjeruk,Tol Kebon Jeruk,Jabodetabek,35.0,35.0,1158.0,1158.0,0.0,0.0,1.0,True
2026-07-27 21:00:00+00:00,tt_kelapagading,Kelapa Gading,Jabodetabek,29.0,29.0,1059.0,1059.0,0.0,0.0,1.0,True
2026-07-27 21:00:00+00:00,tt_kuningan,Jl. HR Rasuna Said,Jabodetabek,21.0,21.0,208.0,208.0,0.0,0.0,1.0,True
2026-07-27 21:00:00+00:00,tt_sudirman,Jl. Sudirman (HI),Jabodetabek,38.0,38.0,377.0,377.0,0.0,0.0,1.0,True
2026-07-27 21:00:00+00:00,tt_tangerang,Tol Jakarta-Merak,Jabodetabek,48.0,48.0,193.0,193.0,0.0,0.0,1.0,True
2026-07-27 21:00:00+00:00,tt_tbsimatupang,TB Simatupang,Jabodetabek,72.0,72.0,343.0,343.0,0.0,0.0,1.0,True
2026-07-27 21:00:00+00:00,tt_thamrin,Jl. MH Thamrin,Jabodetabek,22.0,22.0,261.0,261.0,0.0,0.0,1.0,True
2026-07-27 22:00:00+00:00,tt_bekasi,Tol Jakarta-Cikampek,Jabodetabek,18.0,18.0,1072.0,1072.0,0.0,0.0,1.0,True
2026-07-27 22:00:00+00:00,tt_bogor,Tol Jagorawi (Bogor),Jabodetabek,45.0,45.0,658.0,658.0,0.0,0.0,1.0,True
2026-07-27 22:00:00+00:00,tt_bsd,BSD/Serpong,Jabodetabek,34.0,34.0,165.0,165.0,0.0,0.0,1.0,True
2026-07-27 22:00:00+00:00,tt_cawang,Cawang interchange,Jabodetabek,43.0,43.0,62.0,62.0,0.0,0.0,1.0,True
2026-07-27 22:00:00+00:00,tt_depok,Jl. Margonda (Depok),Jabodetabek,31.0,31.0,1778.0,1778.0,0.0,0.0,1.0,True
2026-07-27 22:00:00+00:00,tt_gatsu,Jl. Gatot Subroto,Jabodetabek,45.0,45.0,52.0,52.0,0.0,0.0,1.0,True
2026-07-27 22:00:00+00:00,tt_grogol,Grogol,Jabodetabek,40.0,40.0,304.0,304.0,0.0,0.0,1.0,True
2026-07-27 22:00:00+00:00,tt_kebonjeruk,Tol Kebon Jeruk,Jabodetabek,35.0,35.0,1158.0,1158.0,0.0,0.0,1.0,True
2026-07-27 22:00:00+00:00,tt_kelapagading,Kelapa Gading,Jabodetabek,29.0,29.0,1059.0,1059.0,0.0,0.0,1.0,True
2026-07-27 22:00:00+00:00,tt_kuningan,Jl. HR Rasuna Said,Jabodetabek,21.0,21.0,208.0,208.0,0.0,0.0,1.0,True
2026-07-27 22:00:00+00:00,tt_sudirman,Jl. Sudirman (HI),Jabodetabek,38.0,38.0,377.0,377.0,0.0,0.0,1.0,True
2026-07-27 22:00:00+00:00,tt_tangerang,Tol Jakarta-Merak,Jabodetabek,48.0,48.0,193.0,193.0,0.0,0.0,1.0,True
2026-07-27 22:00:00+00:00,tt_tbsimatupang,TB Simatupang,Jabodetabek,72.0,72.0,343.0,343.0,0.0,0.0,1.0,True
2026-07-27 22:00:00+00:00,tt_thamrin,Jl. MH Thamrin,Jabodetabek,22.0,22.0,261.0,261.0,0.0,0.0,1.0,True
2026-07-27 23:00:00+00:00,tt_bekasi,,,,,,,,,,False
2026-07-27 23:00:00+00:00,tt_bogor,,,,,,,,,,False
2026-07-27 23:00:00+00:00,tt_bsd,,,,,,,,,,False
2026-07-27 23:00:00+00:00,tt_cawang,,,,,,,,,,False
2026-07-27 23:00:00+00:00,tt_depok,,,,,,,,,,False
2026-07-27 23:00:00+00:00,tt_gatsu,,,,,,,,,,False
2026-07-27 23:00:00+00:00,tt_grogol,,,,,,,,,,False
2026-07-27 23:00:00+00:00,tt_kebonjeruk,,,,,,,,,,False
2026-07-27 23:00:00+00:00,tt_kelapagading,,,,,,,,,,False
2026-07-27 23:00:00+00:00,tt_kuningan,,,,,,,,,,False
2026-07-27 23:00:00+00:00,tt_sudirman,,,,,,,,,,False
2026-07-27 23:00:00+00:00,tt_tangerang,,,,,,,,,,False
2026-07-27 23:00:00+00:00,tt_tbsimatupang,,,,,,,,,,False
2026-07-27 23:00:00+00:00,tt_thamrin,,,,,,,,,,False
2026-07-28 00:00:00+00:00,tt_bekasi,Tol Jakarta-Cikampek,Jabodetabek,18.0,18.0,1072.0,1072.0,0.0,0.0,1.0,True
2026-07-28 00:00:00+00:00,tt_bogor,Tol Jagorawi (Bogor),Jabodetabek,34.0,44.0,871.0,673.0,0.2272727272727273,0.0,1.0,True
2026-07-28 00:00:00+00:00,tt_bsd,BSD/Serpong,Jabodetabek,26.0,34.0,216.0,165.0,0.2352941176470588,0.0,1.0,True
2026-07-28 00:00:00+00:00,tt_cawang,Cawang interchange,Jabodetabek,10.0,45.0,270.0,60.0,0.7777777777777778,0.0,1.0,True
2026-07-28 00:00:00+00:00,tt_depok,Jl. Margonda (Depok),Jabodetabek,26.0,31.0,2120.0,1778.0,0.1612903225806451,0.0,0.971683,True
2026-07-28 00:00:00+00:00,tt_gatsu,Jl. Gatot Subroto,Jabodetabek,37.0,43.0,63.0,54.0,0.1395348837209302,0.0,1.0,True
2026-07-28 00:00:00+00:00,tt_grogol,Grogol,Jabodetabek,32.0,40.0,381.0,304.0,0.1999999999999999,0.0,1.0,True
2026-07-28 00:00:00+00:00,tt_kebonjeruk,Tol Kebon Jeruk,Jabodetabek,28.0,36.0,1448.0,1126.0,0.2222222222222222,0.0,1.0,True
2026-07-28 00:00:00+00:00,tt_kelapagading,Kelapa Gading,Jabodetabek,29.0,29.0,1059.0,1059.0,0.0,0.0,1.0,True
2026-07-28 00:00:00+00:00,tt_kuningan,Jl. HR Rasuna Said,Jabodetabek,21.0,21.0,208.0,208.0,0.0,0.0,1.0,True
2026-07-28 00:00:00+00:00,tt_sudirman,Jl. Sudirman (HI),Jabodetabek,29.0,39.0,494.0,368.0,0.2564102564102564,0.0,1.0,True
2026-07-28 00:00:00+00:00,tt_tangerang,Tol Jakarta-Merak,Jabodetabek,48.0,48.0,193.0,193.0,0.0,0.0,1.0,True
2026-07-28 00:00:00+00:00,tt_tbsimatupang,TB Simatupang,Jabodetabek,18.0,71.0,1374.0,348.0,0.7464788732394366,0.0,1.0,True
2026-07-28 00:00:00+00:00,tt_thamrin,Jl. MH Thamrin,Jabodetabek,17.0,22.0,338.0,261.0,0.2272727272727273,0.0,1.0,True
2026-07-28 01:00:00+00:00,tt_bekasi,,,,,,,,,,False
2026-07-28 01:00:00+00:00,tt_bogor,,,,,,,,,,False
2026-07-28 01:00:00+00:00,tt_bsd,,,,,,,,,,False
2026-07-28 01:00:00+00:00,tt_cawang,,,,,,,,,,False
2026-07-28 01:00:00+00:00,tt_depok,,,,,,,,,,False
2026-07-28 01:00:00+00:00,tt_gatsu,,,,,,,,,,False
2026-07-28 01:00:00+00:00,tt_grogol,,,,,,,,,,False
2026-07-28 01:00:00+00:00,tt_kebonjeruk,,,,,,,,,,False
2026-07-28 01:00:00+00:00,tt_kelapagading,,,,,,,,,,False
2026-07-28 01:00:00+00:00,tt_kuningan,,,,,,,,,,False
2026-07-28 01:00:00+00:00,tt_sudirman,,,,,,,,,,False
2026-07-28 01:00:00+00:00,tt_tangerang,,,,,,,,,,False
2026-07-28 01:00:00+00:00,tt_tbsimatupang,,,,,,,,,,False
2026-07-28 01:00:00+00:00,tt_thamrin,,,,,,,,,,False
2026-07-28 02:00:00+00:00,tt_bekasi,Tol Jakarta-Cikampek,Jabodetabek,18.0,18.0,1072.0,1072.0,0.0,0.0,1.0,True
2026-07-28 02:00:00+00:00,tt_bogor,Tol Jagorawi (Bogor),Jabodetabek,36.0,45.0,823.0,658.0,0.1999999999999999,0.0,1.0,True
2026-07-28 02:00:00+00:00,tt_bsd,BSD/Serpong,Jabodetabek,34.0,34.0,165.0,165.0,0.0,0.0,1.0,True
2026-07-28 02:00:00+00:00,tt_cawang,Cawang interchange,Jabodetabek,21.0,42.0,128.0,64.0,0.5,0.0,1.0,True
2026-07-28 02:00:00+00:00,tt_depok,Jl. Margonda (Depok),Jabodetabek,31.0,31.0,1778.0,1778.0,0.0,0.0,1.0,True
2026-07-28 02:00:00+00:00,tt_gatsu,Jl. Gatot Subroto,Jabodetabek,45.0,45.0,52.0,52.0,0.0,0.0,1.0,True
2026-07-28 02:00:00+00:00,tt_grogol,Grogol,Jabodetabek,30.0,40.0,406.0,304.0,0.25,0.0,1.0,True
2026-07-28 02:00:00+00:00,tt_kebonjeruk,Tol Kebon Jeruk,Jabodetabek,24.0,35.0,1689.0,1158.0,0.3142857142857143,0.0,1.0,True
2026-07-28 02:00:00+00:00,tt_kelapagading,Kelapa Gading,Jabodetabek,25.0,29.0,1228.0,1059.0,0.1379310344827586,0.0,0.997099,True
2026-07-28 02:00:00+00:00,tt_kuningan,Jl. HR Rasuna Said,Jabodetabek,13.0,20.0,336.0,218.0,0.35,0.0,1.0,True
2026-07-28 02:00:00+00:00,tt_sudirman,Jl. Sudirman (HI),Jabodetabek,19.0,38.0,755.0,377.0,0.5,0.0,1.0,True
2026-07-28 02:00:00+00:00,tt_tangerang,Tol Jakarta-Merak,Jabodetabek,48.0,48.0,193.0,193.0,0.0,0.0,1.0,True
2026-07-28 02:00:00+00:00,tt_tbsimatupang,TB Simatupang,Jabodetabek,17.0,72.0,1455.0,343.0,0.7638888888888888,0.0,1.0,True
2026-07-28 02:00:00+00:00,tt_thamrin,Jl. MH Thamrin,Jabodetabek,18.0,23.0,319.0,249.0,0.217391304347826,0.0,1.0,True
2026-07-28 03:00:00+00:00,tt_bekasi,Tol Jakarta-Cikampek,Jabodetabek,18.0,18.0,1072.0,1072.0,0.0,0.0,1.0,True
2026-07-28 03:00:00+00:00,tt_bogor,Tol Jagorawi (Bogor),Jabodetabek,35.0,45.0,846.0,658.0,0.2222222222222222,0.0,1.0,True
2026-07-28 03:00:00+00:00,tt_bsd,BSD/Serpong,Jabodetabek,34.0,34.0,165.0,165.0,0.0,0.0,1.0,True
2026-07-28 03:00:00+00:00,tt_cawang,Cawang interchange,Jabodetabek,20.0,41.0,135.0,65.0,0.5121951219512195,0.0,1.0,True
2026-07-28 03:00:00+00:00,tt_depok,Jl. Margonda (Depok),Jabodetabek,31.0,31.0,1778.0,1778.0,0.0,0.0,1.0,True
2026-07-28 03:00:00+00:00,tt_gatsu,Jl. Gatot Subroto,Jabodetabek,45.0,45.0,52.0,52.0,0.0,0.0,1.0,True
2026-07-28 03:00:00+00:00,tt_grogol,Grogol,Jabodetabek,27.0,40.0,451.0,304.0,0.3249999999999999,0.0,1.0,True
2026-07-28 03:00:00+00:00,tt_kebonjeruk,Tol Kebon Jeruk,Jabodetabek,24.0,36.0,1689.0,1126.0,0.3333333333333333,0.0,1.0,True
2026-07-28 03:00:00+00:00,tt_kelapagading,Kelapa Gading,Jabodetabek,23.0,29.0,1335.0,1059.0,0.2068965517241379,0.0,0.995756,True
2026-07-28 03:00:00+00:00,tt_kuningan,Jl. HR Rasuna Said,Jabodetabek,21.0,21.0,208.0,208.0,0.0,0.0,1.0,True
2026-07-28 03:00:00+00:00,tt_sudirman,Jl. Sudirman (HI),Jabodetabek,28.0,38.0,512.0,377.0,0.2631578947368421,0.0,1.0,True
2026-07-28 03:00:00+00:00,tt_tangerang,Tol Jakarta-Merak,Jabodetabek,37.0,47.0,250.0,197.0,0.2127659574468084,0.0,1.0,True
2026-07-28 03:00:00+00:00,tt_tbsimatupang,TB Simatupang,Jabodetabek,34.0,71.0,727.0,348.0,0.5211267605633803,0.0,1.0,True
2026-07-28 03:00:00+00:00,tt_thamrin,Jl. MH Thamrin,Jabodetabek,16.0,22.0,359.0,261.0,0.2727272727272727,0.0,1.0,True
2026-07-28 04:00:00+00:00,tt_bekasi,,,,,,,,,,False
2026-07-28 04:00:00+00:00,tt_bogor,,,,,,,,,,False
2026-07-28 04:00:00+00:00,tt_bsd,,,,,,,,,,False
2026-07-28 04:00:00+00:00,tt_cawang,,,,,,,,,,False
2026-07-28 04:00:00+00:00,tt_depok,,,,,,,,,,False
2026-07-28 04:00:00+00:00,tt_gatsu,,,,,,,,,,False
2026-07-28 04:00:00+00:00,tt_grogol,,,,,,,,,,False
2026-07-28 04:00:00+00:00,tt_kebonjeruk,,,,,,,,,,False
2026-07-28 04:00:00+00:00,tt_kelapagading,,,,,,,,,,False
2026-07-28 04:00:00+00:00,tt_kuningan,,,,,,,,,,False
2026-07-28 04:00:00+00:00,tt_sudirman,,,,,,,,,,False
2026-07-28 04:00:00+00:00,tt_tangerang,,,,,,,,,,False
2026-07-28 04:00:00+00:00,tt_tbsimatupang,,,,,,,,,,False
2026-07-28 04:00:00+00:00,tt_thamrin,,,,,,,,,,False
2026-07-28 05:00:00+00:00,tt_bekasi,Tol Jakarta-Cikampek,Jabodetabek,18.0,18.0,1072.0,1072.0,0.0,0.0,1.0,True
2026-07-28 05:00:00+00:00,tt_bogor,Tol Jagorawi (Bogor),Jabodetabek,35.0,45.0,846.0,658.0,0.2222222222222222,0.0,1.0,True
2026-07-28 05:00:00+00:00,tt_bsd,BSD/Serpong,Jabodetabek,34.0,34.0,165.0,165.0,0.0,0.0,1.0,True
2026-07-28 05:00:00+00:00,tt_cawang,Cawang interchange,Jabodetabek,19.0,41.0,142.0,65.0,0.5365853658536586,0.0,1.0,True
2026-07-28 05:00:00+00:00,tt_depok,Jl. Margonda (Depok),Jabodetabek,26.0,31.0,2120.0,1778.0,0.1612903225806451,0.0,0.975017,True
2026-07-28 05:00:00+00:00,tt_gatsu,Jl. Gatot Subroto,Jabodetabek,45.0,45.0,52.0,52.0,0.0,0.0,1.0,True
2026-07-28 05:00:00+00:00,tt_grogol,Grogol,Jabodetabek,33.0,40.0,369.0,304.0,0.175,0.0,1.0,True
2026-07-28 05:00:00+00:00,tt_kebonjeruk,Tol Kebon Jeruk,Jabodetabek,25.0,35.0,1622.0,1158.0,0.2857142857142857,0.0,1.0,True
2026-07-28 05:00:00+00:00,tt_kelapagading,Kelapa Gading,Jabodetabek,21.0,29.0,1463.0,1059.0,0.2758620689655172,0.0,1.0,True
2026-07-28 05:00:00+00:00,tt_kuningan,Jl. HR Rasuna Said,Jabodetabek,21.0,21.0,208.0,208.0,0.0,0.0,1.0,True
2026-07-28 05:00:00+00:00,tt_sudirman,Jl. Sudirman (HI),Jabodetabek,25.0,38.0,574.0,377.0,0.3421052631578947,0.0,1.0,True
2026-07-28 05:00:00+00:00,tt_tangerang,Tol Jakarta-Merak,Jabodetabek,48.0,48.0,193.0,193.0,0.0,0.0,1.0,True
2026-07-28 05:00:00+00:00,tt_tbsimatupang,TB Simatupang,Jabodetabek,42.0,72.0,588.0,343.0,0.4166666666666666,0.0,1.0,True
2026-07-28 05:00:00+00:00,tt_thamrin,Jl. MH Thamrin,Jabodetabek,18.0,22.0,319.0,261.0,0.1818181818181817,0.0,1.0,True
2026-07-28 06:00:00+00:00,tt_bekasi,Tol Jakarta-Cikampek,Jabodetabek,18.0,18.0,1072.0,1072.0,0.0,0.0,1.0,True
2026-07-28 06:00:00+00:00,tt_bogor,Tol Jagorawi (Bogor),Jabodetabek,45.0,45.0,658.0,658.0,0.0,0.0,1.0,True
2026-07-28 06:00:00+00:00,tt_bsd,BSD/Serpong,Jabodetabek,34.0,34.0,165.0,165.0,0.0,0.0,1.0,True
2026-07-28 06:00:00+00:00,tt_cawang,Cawang interchange,Jabodetabek,22.0,42.0,122.0,64.0,0.4761904761904761,0.0,1.0,True
2026-07-28 06:00:00+00:00,tt_depok,Jl. Margonda (Depok),Jabodetabek,31.0,31.0,1778.0,1778.0,0.0,0.0,1.0,True
2026-07-28 06:00:00+00:00,tt_gatsu,Jl. Gatot Subroto,Jabodetabek,45.0,45.0,52.0,52.0,0.0,0.0,1.0,True
2026-07-28 06:00:00+00:00,tt_grogol,Grogol,Jabodetabek,30.0,40.0,406.0,304.0,0.25,0.0,1.0,True
2026-07-28 06:00:00+00:00,tt_kebonjeruk,Tol Kebon Jeruk,Jabodetabek,24.0,35.0,1689.0,1158.0,0.3142857142857143,0.0,1.0,True
2026-07-28 06:00:00+00:00,tt_kelapagading,Kelapa Gading,Jabodetabek,20.0,29.0,1536.0,1059.0,0.3103448275862068,0.0,0.998534,True
2026-07-28 06:00:00+00:00,tt_kuningan,Jl. HR Rasuna Said,Jabodetabek,21.0,21.0,208.0,208.0,0.0,0.0,1.0,True
2026-07-28 06:00:00+00:00,tt_sudirman,Jl. Sudirman (HI),Jabodetabek,22.0,38.0,652.0,377.0,0.4210526315789473,0.0,1.0,True
2026-07-28 06:00:00+00:00,tt_tangerang,Tol Jakarta-Merak,Jabodetabek,40.0,48.0,231.0,193.0,0.1666666666666666,0.0,1.0,True
2026-07-28 06:00:00+00:00,tt_tbsimatupang,TB Simatupang,Jabodetabek,57.0,71.0,433.0,348.0,0.1971830985915492,0.0,1.0,True
2026-07-28 06:00:00+00:00,tt_thamrin,Jl. MH Thamrin,Jabodetabek,15.0,22.0,383.0,261.0,0.3181818181818182,0.0,1.0,True
2026-07-28 07:00:00+00:00,tt_bekasi,,,,,,,,,,False
2026-07-28 07:00:00+00:00,tt_bogor,,,,,,,,,,False
2026-07-28 07:00:00+00:00,tt_bsd,,,,,,,,,,False
2026-07-28 07:00:00+00:00,tt_cawang,,,,,,,,,,False
2026-07-28 07:00:00+00:00,tt_depok,,,,,,,,,,False
2026-07-28 07:00:00+00:00,tt_gatsu,,,,,,,,,,False
2026-07-28 07:00:00+00:00,tt_grogol,,,,,,,,,,False
2026-07-28 07:00:00+00:00,tt_kebonjeruk,,,,,,,,,,False
2026-07-28 07:00:00+00:00,tt_kelapagading,,,,,,,,,,False
2026-07-28 07:00:00+00:00,tt_kuningan,,,,,,,,,,False
2026-07-28 07:00:00+00:00,tt_sudirman,,,,,,,,,,False
2026-07-28 07:00:00+00:00,tt_tangerang,,,,,,,,,,False
2026-07-28 07:00:00+00:00,tt_tbsimatupang,,,,,,,,,,False
2026-07-28 07:00:00+00:00,tt_thamrin,,,,,,,,,,False
2026-07-28 08:00:00+00:00,tt_bekasi,Tol Jakarta-Cikampek,Jabodetabek,14.0,17.0,1378.0,1135.0,0.1764705882352941,0.0,0.957238,True
2026-07-28 08:00:00+00:00,tt_bogor,Tol Jagorawi (Bogor),Jabodetabek,33.0,45.0,897.0,658.0,0.2666666666666667,0.0,1.0,True
2026-07-28 08:00:00+00:00,tt_bsd,BSD/Serpong,Jabodetabek,34.0,34.0,165.0,165.0,0.0,0.0,1.0,True
2026-07-28 08:00:00+00:00,tt_cawang,Cawang interchange,Jabodetabek,43.0,43.0,62.0,62.0,0.0,0.0,1.0,True
2026-07-28 08:00:00+00:00,tt_depok,Jl. Margonda (Depok),Jabodetabek,26.0,31.0,2120.0,1778.0,0.1612903225806451,0.0,0.97794,True
2026-07-28 08:00:00+00:00,tt_gatsu,Jl. Gatot Subroto,Jabodetabek,31.0,44.0,76.0,53.0,0.2954545454545454,0.0,1.0,True
2026-07-28 08:00:00+00:00,tt_grogol,Grogol,Jabodetabek,32.0,40.0,381.0,304.0,0.1999999999999999,0.0,1.0,True
2026-07-28 08:00:00+00:00,tt_kebonjeruk,Tol Kebon Jeruk,Jabodetabek,22.0,36.0,1843.0,1126.0,0.3888888888888888,0.0,1.0,True
2026-07-28 08:00:00+00:00,tt_kelapagading,Kelapa Gading,Jabodetabek,22.0,29.0,1396.0,1059.0,0.2413793103448276,0.0,1.0,True
2026-07-28 08:00:00+00:00,tt_kuningan,Jl. HR Rasuna Said,Jabodetabek,16.0,20.0,273.0,218.0,0.1999999999999999,0.0,0.99,True
2026-07-28 08:00:00+00:00,tt_sudirman,Jl. Sudirman (HI),Jabodetabek,15.0,39.0,956.0,368.0,0.6153846153846154,0.0,1.0,True
2026-07-28 08:00:00+00:00,tt_tangerang,Tol Jakarta-Merak,Jabodetabek,39.0,48.0,237.0,193.0,0.1875,0.0,1.0,True
2026-07-28 08:00:00+00:00,tt_tbsimatupang,TB Simatupang,Jabodetabek,50.0,72.0,494.0,343.0,0.3055555555555556,0.0,1.0,True
2026-07-28 08:00:00+00:00,tt_thamrin,Jl. MH Thamrin,Jabodetabek,17.0,23.0,338.0,249.0,0.2608695652173913,0.0,1.0,True
2026-07-28 09:00:00+00:00,tt_bekasi,Tol Jakarta-Cikampek,Jabodetabek,13.0,18.0,1484.0,1072.0,0.2777777777777778,0.0,0.969162,True
2026-07-28 09:00:00+00:00,tt_bogor,Tol Jagorawi (Bogor),Jabodetabek,35.0,44.0,846.0,673.0,0.2045454545454545,0.0,1.0,True
2026-07-28 09:00:00+00:00,tt_bsd,BSD/Serpong,Jabodetabek,28.0,33.0,200.0,170.0,0.1515151515151515,0.0,1.0,True
2026-07-28 09:00:00+00:00,tt_cawang,Cawang interchange,Jabodetabek,43.0,43.0,62.0,62.0,0.0,0.0,1.0,True
2026-07-28 09:00:00+00:00,tt_depok,Jl. Margonda (Depok),Jabodetabek,25.0,31.0,2205.0,1778.0,0.1935483870967742,0.0,0.986989,True
2026-07-28 09:00:00+00:00,tt_gatsu,Jl. Gatot Subroto,Jabodetabek,26.0,44.0,90.0,53.0,0.409090909090909,0.0,1.0,True
2026-07-28 09:00:00+00:00,tt_grogol,Grogol,Jabodetabek,33.0,40.0,369.0,304.0,0.175,0.0,1.0,True
2026-07-28 09:00:00+00:00,tt_kebonjeruk,Tol Kebon Jeruk,Jabodetabek,22.0,36.0,1843.0,1126.0,0.3888888888888888,0.0,1.0,True
2026-07-28 09:00:00+00:00,tt_kelapagading,Kelapa Gading,Jabodetabek,22.0,29.0,1396.0,1059.0,0.2413793103448276,0.0,1.0,True
2026-07-28 09:00:00+00:00,tt_kuningan,Jl. HR Rasuna Said,Jabodetabek,16.0,21.0,273.0,208.0,0.2380952380952381,0.0,1.0,True
2026-07-28 09:00:00+00:00,tt_sudirman,Jl. Sudirman (HI),Jabodetabek,22.0,39.0,652.0,368.0,0.4358974358974359,0.0,1.0,True
2026-07-28 09:00:00+00:00,tt_tangerang,Tol Jakarta-Merak,Jabodetabek,35.0,47.0,264.0,197.0,0.2553191489361702,0.0,1.0,True
2026-07-28 09:00:00+00:00,tt_tbsimatupang,TB Simatupang,Jabodetabek,34.0,72.0,727.0,343.0,0.5277777777777778,0.0,1.0,True
2026-07-28 09:00:00+00:00,tt_thamrin,Jl. MH Thamrin,Jabodetabek,18.0,24.0,319.0,239.0,0.25,0.0,1.0,True
2026-07-28 10:00:00+00:00,tt_bekasi,,,,,,,,,,False
2026-07-28 10:00:00+00:00,tt_bogor,,,,,,,,,,False
2026-07-28 10:00:00+00:00,tt_bsd,,,,,,,,,,False
2026-07-28 10:00:00+00:00,tt_cawang,,,,,,,,,,False
2026-07-28 10:00:00+00:00,tt_depok,,,,,,,,,,False
2026-07-28 10:00:00+00:00,tt_gatsu,,,,,,,,,,False
2026-07-28 10:00:00+00:00,tt_grogol,,,,,,,,,,False
2026-07-28 10:00:00+00:00,tt_kebonjeruk,,,,,,,,,,False
2026-07-28 10:00:00+00:00,tt_kelapagading,,,,,,,,,,False
2026-07-28 10:00:00+00:00,tt_kuningan,,,,,,,,,,False
2026-07-28 10:00:00+00:00,tt_sudirman,,,,,,,,,,False
2026-07-28 10:00:00+00:00,tt_tangerang,,,,,,,,,,False
2026-07-28 10:00:00+00:00,tt_tbsimatupang,,,,,,,,,,False
2026-07-28 10:00:00+00:00,tt_thamrin,,,,,,,,,,False
2026-07-28 11:00:00+00:00,tt_bekasi,Tol Jakarta-Cikampek,Jabodetabek,15.0,18.0,1286.0,1072.0,0.1666666666666666,0.0,0.978353,True
2026-07-28 11:00:00+00:00,tt_bogor,Tol Jagorawi (Bogor),Jabodetabek,33.0,44.0,897.0,673.0,0.25,0.0,1.0,True
2026-07-28 11:00:00+00:00,tt_bsd,BSD/Serpong,Jabodetabek,34.0,34.0,165.0,165.0,0.0,0.0,1.0,True
2026-07-28 11:00:00+00:00,tt_cawang,Cawang interchange,Jabodetabek,33.0,43.0,81.0,62.0,0.2325581395348837,0.0,1.0,True
2026-07-28 11:00:00+00:00,tt_depok,Jl. Margonda (Depok),Jabodetabek,26.0,31.0,2120.0,1778.0,0.1612903225806451,0.0,0.99365,True
2026-07-28 11:00:00+00:00,tt_gatsu,Jl. Gatot Subroto,Jabodetabek,5.0,42.0,471.0,56.0,0.8809523809523809,0.0,1.0,True
2026-07-28 11:00:00+00:00,tt_grogol,Grogol,Jabodetabek,34.0,40.0,358.0,304.0,0.15,0.0,1.0,True
2026-07-28 11:00:00+00:00,tt_kebonjeruk,Tol Kebon Jeruk,Jabodetabek,20.0,36.0,2027.0,1126.0,0.4444444444444444,0.0,1.0,True
2026-07-28 11:00:00+00:00,tt_kelapagading,Kelapa Gading,Jabodetabek,20.0,28.0,1536.0,1097.0,0.2857142857142857,0.0,1.0,True
2026-07-28 11:00:00+00:00,tt_kuningan,Jl. HR Rasuna Said,Jabodetabek,10.0,20.0,436.0,218.0,0.5,0.0,1.0,True
2026-07-28 11:00:00+00:00,tt_sudirman,Jl. Sudirman (HI),Jabodetabek,18.0,39.0,797.0,368.0,0.5384615384615384,0.0,1.0,True
2026-07-28 11:00:00+00:00,tt_tangerang,Tol Jakarta-Merak,Jabodetabek,33.0,48.0,281.0,193.0,0.3125,0.0,1.0,True
2026-07-28 11:00:00+00:00,tt_tbsimatupang,TB Simatupang,Jabodetabek,36.0,72.0,687.0,343.0,0.5,0.0,1.0,True
2026-07-28 11:00:00+00:00,tt_thamrin,Jl. MH Thamrin,Jabodetabek,9.0,22.0,638.0,261.0,0.5909090909090908,0.0,1.0,True
2026-07-28 12:00:00+00:00,tt_bekasi,Tol Jakarta-Cikampek,Jabodetabek,13.0,17.0,1484.0,1135.0,0.2352941176470588,0.0,0.950475,True
2026-07-28 12:00:00+00:00,tt_bogor,Tol Jagorawi (Bogor),Jabodetabek,36.0,45.0,823.0,658.0,0.1999999999999999,0.0,1.0,True
2026-07-28 12:00:00+00:00,tt_bsd,BSD/Serpong,Jabodetabek,29.0,34.0,193.0,165.0,0.1470588235294118,0.0,1.0,True
2026-07-28 12:00:00+00:00,tt_cawang,Cawang interchange,Jabodetabek,43.0,43.0,62.0,62.0,0.0,0.0,1.0,True
2026-07-28 12:00:00+00:00,tt_depok,Jl. Margonda (Depok),Jabodetabek,24.0,31.0,2297.0,1778.0,0.2258064516129032,0.0,0.992407,True
2026-07-28 12:00:00+00:00,tt_gatsu,Jl. Gatot Subroto,Jabodetabek,18.0,45.0,130.0,52.0,0.6,0.0,1.0,True
2026-07-28 12:00:00+00:00,tt_grogol,Grogol,Jabodetabek,33.0,39.0,369.0,312.0,0.1538461538461538,0.0,1.0,True
2026-07-28 12:00:00+00:00,tt_kebonjeruk,Tol Kebon Jeruk,Jabodetabek,25.0,35.0,1622.0,1158.0,0.2857142857142857,0.0,1.0,True
2026-07-28 12:00:00+00:00,tt_kelapagading,Kelapa Gading,Jabodetabek,22.0,29.0,1396.0,1059.0,0.2413793103448276,0.0,1.0,True
2026-07-28 12:00:00+00:00,tt_kuningan,Jl. HR Rasuna Said,Jabodetabek,11.0,20.0,397.0,218.0,0.4499999999999999,0.0,1.0,True
2026-07-28 12:00:00+00:00,tt_sudirman,Jl. Sudirman (HI),Jabodetabek,26.0,39.0,552.0,368.0,0.3333333333333333,0.0,1.0,True
2026-07-28 12:00:00+00:00,tt_tangerang,Tol Jakarta-Merak,Jabodetabek,48.0,48.0,193.0,193.0,0.0,0.0,1.0,True
2026-07-28 12:00:00+00:00,tt_tbsimatupang,TB Simatupang,Jabodetabek,72.0,72.0,343.0,343.0,0.0,0.0,1.0,True
2026-07-28 12:00:00+00:00,tt_thamrin,Jl. MH Thamrin,Jabodetabek,10.0,22.0,574.0,261.0,0.5454545454545454,0.0,1.0,True
2026-07-28 13:00:00+00:00,tt_bekasi,,,,,,,,,,False
2026-07-28 13:00:00+00:00,tt_bogor,,,,,,,,,,False
2026-07-28 13:00:00+00:00,tt_bsd,,,,,,,,,,False
2026-07-28 13:00:00+00:00,tt_cawang,,,,,,,,,,False
2026-07-28 13:00:00+00:00,tt_depok,,,,,,,,,,False
2026-07-28 13:00:00+00:00,tt_gatsu,,,,,,,,,,False
2026-07-28 13:00:00+00:00,tt_grogol,,,,,,,,,,False
2026-07-28 13:00:00+00:00,tt_kebonjeruk,,,,,,,,,,False
2026-07-28 13:00:00+00:00,tt_kelapagading,,,,,,,,,,False
2026-07-28 13:00:00+00:00,tt_kuningan,,,,,,,,,,False
2026-07-28 13:00:00+00:00,tt_sudirman,,,,,,,,,,False
2026-07-28 13:00:00+00:00,tt_tangerang,,,,,,,,,,False
2026-07-28 13:00:00+00:00,tt_tbsimatupang,,,,,,,,,,False
2026-07-28 13:00:00+00:00,tt_thamrin,,,,,,,,,,False
2026-07-28 14:00:00+00:00,tt_bekasi,Tol Jakarta-Cikampek,Jabodetabek,18.0,18.0,1072.0,1072.0,0.0,0.0,1.0,True
2026-07-28 14:00:00+00:00,tt_bogor,Tol Jagorawi (Bogor),Jabodetabek,36.0,44.0,823.0,673.0,0.1818181818181817,0.0,1.0,True
2026-07-28 14:00:00+00:00,tt_bsd,BSD/Serpong,Jabodetabek,34.0,34.0,165.0,165.0,0.0,0.0,1.0,True
2026-07-28 14:00:00+00:00,tt_cawang,Cawang interchange,Jabodetabek,43.0,43.0,62.0,62.0,0.0,0.0,1.0,True
2026-07-28 14:00:00+00:00,tt_depok,Jl. Margonda (Depok),Jabodetabek,26.0,31.0,2120.0,1778.0,0.1612903225806451,0.0,0.991049,True
2026-07-28 14:00:00+00:00,tt_gatsu,Jl. Gatot Subroto,Jabodetabek,45.0,45.0,52.0,52.0,0.0,0.0,1.0,True
2026-07-28 14:00:00+00:00,tt_grogol,Grogol,Jabodetabek,40.0,40.0,304.0,304.0,0.0,0.0,1.0,True
2026-07-28 14:00:00+00:00,tt_kebonjeruk,Tol Kebon Jeruk,Jabodetabek,31.0,36.0,1308.0,1126.0,0.1388888888888888,0.0,1.0,True
2026-07-28 14:00:00+00:00,tt_kelapagading,Kelapa Gading,Jabodetabek,24.0,29.0,1280.0,1059.0,0.1724137931034483,0.0,0.999288,True
2026-07-28 14:00:00+00:00,tt_kuningan,Jl. HR Rasuna Said,Jabodetabek,21.0,21.0,208.0,208.0,0.0,0.0,1.0,True
2026-07-28 14:00:00+00:00,tt_sudirman,Jl. Sudirman (HI),Jabodetabek,26.0,38.0,552.0,377.0,0.3157894736842105,0.0,1.0,True
2026-07-28 14:00:00+00:00,tt_tangerang,Tol Jakarta-Merak,Jabodetabek,48.0,48.0,193.0,193.0,0.0,0.0,1.0,True
2026-07-28 14:00:00+00:00,tt_tbsimatupang,TB Simatupang,Jabodetabek,72.0,72.0,343.0,343.0,0.0,0.0,1.0,True
2026-07-28 14:00:00+00:00,tt_thamrin,Jl. MH Thamrin,Jabodetabek,18.0,22.0,319.0,261.0,0.1818181818181817,0.0,1.0,True
2026-07-28 15:00:00+00:00,tt_bekasi,,,,,,,,,,False
2026-07-28 15:00:00+00:00,tt_bogor,,,,,,,,,,False
2026-07-28 15:00:00+00:00,tt_bsd,,,,,,,,,,False
2026-07-28 15:00:00+00:00,tt_cawang,,,,,,,,,,False
2026-07-28 15:00:00+00:00,tt_depok,,,,,,,,,,False
2026-07-28 15:00:00+00:00,tt_gatsu,,,,,,,,,,False
2026-07-28 15:00:00+00:00,tt_grogol,,,,,,,,,,False
2026-07-28 15:00:00+00:00,tt_kebonjeruk,,,,,,,,,,False
2026-07-28 15:00:00+00:00,tt_kelapagading,,,,,,,,,,False
2026-07-28 15:00:00+00:00,tt_kuningan,,,,,,,,,,False
2026-07-28 15:00:00+00:00,tt_sudirman,,,,,,,,,,False
2026-07-28 15:00:00+00:00,tt_tangerang,,,,,,,,,,False
2026-07-28 15:00:00+00:00,tt_tbsimatupang,,,,,,,,,,False
2026-07-28 15:00:00+00:00,tt_thamrin,,,,,,,,,,False
2026-07-28 16:00:00+00:00,tt_bekasi,Tol Jakarta-Cikampek,Jabodetabek,18.0,18.0,1072.0,1072.0,0.0,0.0,1.0,True
2026-07-28 16:00:00+00:00,tt_bogor,Tol Jagorawi (Bogor),Jabodetabek,45.0,45.0,658.0,658.0,0.0,0.0,1.0,True
2026-07-28 16:00:00+00:00,tt_bsd,BSD/Serpong,Jabodetabek,34.0,34.0,165.0,165.0,0.0,0.0,1.0,True
2026-07-28 16:00:00+00:00,tt_cawang,Cawang interchange,Jabodetabek,43.0,43.0,62.0,62.0,0.0,0.0,1.0,True
2026-07-28 16:00:00+00:00,tt_depok,Jl. Margonda (Depok),Jabodetabek,31.0,31.0,1778.0,1778.0,0.0,0.0,1.0,True
2026-07-28 16:00:00+00:00,tt_gatsu,Jl. Gatot Subroto,Jabodetabek,45.0,45.0,52.0,52.0,0.0,0.0,1.0,True
2026-07-28 16:00:00+00:00,tt_grogol,Grogol,Jabodetabek,40.0,40.0,304.0,304.0,0.0,0.0,1.0,True
2026-07-28 16:00:00+00:00,tt_kebonjeruk,Tol Kebon Jeruk,Jabodetabek,35.0,35.0,1158.0,1158.0,0.0,0.0,1.0,True
2026-07-28 16:00:00+00:00,tt_kelapagading,Kelapa Gading,Jabodetabek,29.0,29.0,1059.0,1059.0,0.0,0.0,1.0,True
2026-07-28 16:00:00+00:00,tt_kuningan,Jl. HR Rasuna Said,Jabodetabek,21.0,21.0,208.0,208.0,0.0,0.0,1.0,True
2026-07-28 16:00:00+00:00,tt_sudirman,Jl. Sudirman (HI),Jabodetabek,38.0,38.0,377.0,377.0,0.0,0.0,1.0,True
2026-07-28 16:00:00+00:00,tt_tangerang,Tol Jakarta-Merak,Jabodetabek,48.0,48.0,193.0,193.0,0.0,0.0,1.0,True
2026-07-28 16:00:00+00:00,tt_tbsimatupang,TB Simatupang,Jabodetabek,72.0,72.0,343.0,343.0,0.0,0.0,1.0,True
2026-07-28 16:00:00+00:00,tt_thamrin,Jl. MH Thamrin,Jabodetabek,22.0,22.0,261.0,261.0,0.0,0.0,1.0,True
2026-07-28 17:00:00+00:00,tt_bekasi,Tol Jakarta-Cikampek,Jabodetabek,18.0,18.0,1072.0,1072.0,0.0,0.0,1.0,True
2026-07-28 17:00:00+00:00,tt_bogor,Tol Jagorawi (Bogor),Jabodetabek,45.0,45.0,658.0,658.0,0.0,0.0,1.0,True
2026-07-28 17:00:00+00:00,tt_bsd,BSD/Serpong,Jabodetabek,34.0,34.0,165.0,165.0,0.0,0.0,1.0,True
2026-07-28 17:00:00+00:00,tt_cawang,Cawang interchange,Jabodetabek,43.0,43.0,62.0,62.0,0.0,0.0,1.0,True
2026-07-28 17:00:00+00:00,tt_depok,Jl. Margonda (Depok),Jabodetabek,31.0,31.0,1778.0,1778.0,0.0,0.0,1.0,True
2026-07-28 17:00:00+00:00,tt_gatsu,Jl. Gatot Subroto,Jabodetabek,45.0,45.0,52.0,52.0,0.0,0.0,1.0,True
2026-07-28 17:00:00+00:00,tt_grogol,Grogol,Jabodetabek,40.0,40.0,304.0,304.0,0.0,0.0,1.0,True
2026-07-28 17:00:00+00:00,tt_kebonjeruk,Tol Kebon Jeruk,Jabodetabek,35.0,35.0,1158.0,1158.0,0.0,0.0,1.0,True
2026-07-28 17:00:00+00:00,tt_kelapagading,Kelapa Gading,Jabodetabek,29.0,29.0,1059.0,1059.0,0.0,0.0,1.0,True
2026-07-28 17:00:00+00:00,tt_kuningan,Jl. HR Rasuna Said,Jabodetabek,21.0,21.0,208.0,208.0,0.0,0.0,1.0,True
2026-07-28 17:00:00+00:00,tt_sudirman,Jl. Sudirman (HI),Jabodetabek,38.0,38.0,377.0,377.0,0.0,0.0,1.0,True
2026-07-28 17:00:00+00:00,tt_tangerang,Tol Jakarta-Merak,Jabodetabek,48.0,48.0,193.0,193.0,0.0,0.0,1.0,True
2026-07-28 17:00:00+00:00,tt_tbsimatupang,TB Simatupang,Jabodetabek,72.0,72.0,343.0,343.0,0.0,0.0,1.0,True
2026-07-28 17:00:00+00:00,tt_thamrin,Jl. MH Thamrin,Jabodetabek,22.0,22.0,261.0,261.0,0.0,0.0,1.0,True
2026-07-28 18:00:00+00:00,tt_bekasi,,,,,,,,,,False
2026-07-28 18:00:00+00:00,tt_bogor,,,,,,,,,,False
2026-07-28 18:00:00+00:00,tt_bsd,,,,,,,,,,False
2026-07-28 18:00:00+00:00,tt_cawang,,,,,,,,,,False
2026-07-28 18:00:00+00:00,tt_depok,,,,,,,,,,False
2026-07-28 18:00:00+00:00,tt_gatsu,,,,,,,,,,False
2026-07-28 18:00:00+00:00,tt_grogol,,,,,,,,,,False
2026-07-28 18:00:00+00:00,tt_kebonjeruk,,,,,,,,,,False
2026-07-28 18:00:00+00:00,tt_kelapagading,,,,,,,,,,False
2026-07-28 18:00:00+00:00,tt_kuningan,,,,,,,,,,False
2026-07-28 18:00:00+00:00,tt_sudirman,,,,,,,,,,False
2026-07-28 18:00:00+00:00,tt_tangerang,,,,,,,,,,False
2026-07-28 18:00:00+00:00,tt_tbsimatupang,,,,,,,,,,False
2026-07-28 18:00:00+00:00,tt_thamrin,,,,,,,,,,False
2026-07-28 19:00:00+00:00,tt_bekasi,Tol Jakarta-Cikampek,Jabodetabek,18.0,18.0,1072.0,1072.0,0.0,0.0,1.0,True
2026-07-28 19:00:00+00:00,tt_bogor,Tol Jagorawi (Bogor),Jabodetabek,45.0,45.0,658.0,658.0,0.0,0.0,1.0,True
2026-07-28 19:00:00+00:00,tt_bsd,BSD/Serpong,Jabodetabek,34.0,34.0,165.0,165.0,0.0,0.0,1.0,True
2026-07-28 19:00:00+00:00,tt_cawang,Cawang interchange,Jabodetabek,43.0,43.0,62.0,62.0,0.0,0.0,1.0,True
2026-07-28 19:00:00+00:00,tt_depok,Jl. Margonda (Depok),Jabodetabek,31.0,31.0,1778.0,1778.0,0.0,0.0,1.0,True
2026-07-28 19:00:00+00:00,tt_gatsu,Jl. Gatot Subroto,Jabodetabek,45.0,45.0,52.0,52.0,0.0,0.0,1.0,True
2026-07-28 19:00:00+00:00,tt_grogol,Grogol,Jabodetabek,40.0,40.0,304.0,304.0,0.0,0.0,1.0,True
2026-07-28 19:00:00+00:00,tt_kebonjeruk,Tol Kebon Jeruk,Jabodetabek,35.0,35.0,1158.0,1158.0,0.0,0.0,1.0,True
2026-07-28 19:00:00+00:00,tt_kelapagading,Kelapa Gading,Jabodetabek,29.0,29.0,1059.0,1059.0,0.0,0.0,1.0,True
2026-07-28 19:00:00+00:00,tt_kuningan,Jl. HR Rasuna Said,Jabodetabek,21.0,21.0,208.0,208.0,0.0,0.0,1.0,True
2026-07-28 19:00:00+00:00,tt_sudirman,Jl. Sudirman (HI),Jabodetabek,38.0,38.0,377.0,377.0,0.0,0.0,1.0,True
2026-07-28 19:00:00+00:00,tt_tangerang,Tol Jakarta-Merak,Jabodetabek,48.0,48.0,193.0,193.0,0.0,0.0,1.0,True
2026-07-28 19:00:00+00:00,tt_tbsimatupang,TB Simatupang,Jabodetabek,72.0,72.0,343.0,343.0,0.0,0.0,1.0,True
2026-07-28 19:00:00+00:00,tt_thamrin,Jl. MH Thamrin,Jabodetabek,22.0,22.0,261.0,261.0,0.0,0.0,1.0,True
2026-07-28 20:00:00+00:00,tt_bekasi,Tol Jakarta-Cikampek,Jabodetabek,18.0,18.0,1072.0,1072.0,0.0,0.0,1.0,True
2026-07-28 20:00:00+00:00,tt_bogor,Tol Jagorawi (Bogor),Jabodetabek,45.0,45.0,658.0,658.0,0.0,0.0,1.0,True
2026-07-28 20:00:00+00:00,tt_bsd,BSD/Serpong,Jabodetabek,34.0,34.0,165.0,165.0,0.0,0.0,1.0,True
2026-07-28 20:00:00+00:00,tt_cawang,Cawang interchange,Jabodetabek,43.0,43.0,62.0,62.0,0.0,0.0,1.0,True
2026-07-28 20:00:00+00:00,tt_depok,Jl. Margonda (Depok),Jabodetabek,31.0,31.0,1778.0,1778.0,0.0,0.0,1.0,True
2026-07-28 20:00:00+00:00,tt_gatsu,Jl. Gatot Subroto,Jabodetabek,45.0,45.0,52.0,52.0,0.0,0.0,1.0,True
2026-07-28 20:00:00+00:00,tt_grogol,Grogol,Jabodetabek,40.0,40.0,304.0,304.0,0.0,0.0,1.0,True
2026-07-28 20:00:00+00:00,tt_kebonjeruk,Tol Kebon Jeruk,Jabodetabek,35.0,35.0,1158.0,1158.0,0.0,0.0,1.0,True
2026-07-28 20:00:00+00:00,tt_kelapagading,Kelapa Gading,Jabodetabek,29.0,29.0,1059.0,1059.0,0.0,0.0,1.0,True
2026-07-28 20:00:00+00:00,tt_kuningan,Jl. HR Rasuna Said,Jabodetabek,21.0,21.0,208.0,208.0,0.0,0.0,1.0,True
2026-07-28 20:00:00+00:00,tt_sudirman,Jl. Sudirman (HI),Jabodetabek,38.0,38.0,377.0,377.0,0.0,0.0,1.0,True
2026-07-28 20:00:00+00:00,tt_tangerang,Tol Jakarta-Merak,Jabodetabek,48.0,48.0,193.0,193.0,0.0,0.0,1.0,True
2026-07-28 20:00:00+00:00,tt_tbsimatupang,TB Simatupang,Jabodetabek,72.0,72.0,343.0,343.0,0.0,0.0,1.0,True
2026-07-28 20:00:00+00:00,tt_thamrin,Jl. MH Thamrin,Jabodetabek,22.0,22.0,261.0,261.0,0.0,0.0,1.0,True
2026-07-28 21:00:00+00:00,tt_bekasi,,,,,,,,,,False
2026-07-28 21:00:00+00:00,tt_bogor,,,,,,,,,,False
2026-07-28 21:00:00+00:00,tt_bsd,,,,,,,,,,False
2026-07-28 21:00:00+00:00,tt_cawang,,,,,,,,,,False
2026-07-28 21:00:00+00:00,tt_depok,,,,,,,,,,False
2026-07-28 21:00:00+00:00,tt_gatsu,,,,,,,,,,False
2026-07-28 21:00:00+00:00,tt_grogol,,,,,,,,,,False
2026-07-28 21:00:00+00:00,tt_kebonjeruk,,,,,,,,,,False
2026-07-28 21:00:00+00:00,tt_kelapagading,,,,,,,,,,False
2026-07-28 21:00:00+00:00,tt_kuningan,,,,,,,,,,False
2026-07-28 21:00:00+00:00,tt_sudirman,,,,,,,,,,False
2026-07-28 21:00:00+00:00,tt_tangerang,,,,,,,,,,False
2026-07-28 21:00:00+00:00,tt_tbsimatupang,,,,,,,,,,False
2026-07-28 21:00:00+00:00,tt_thamrin,,,,,,,,,,False
2026-07-28 22:00:00+00:00,tt_bekasi,Tol Jakarta-Cikampek,Jabodetabek,18.0,18.0,1072.0,1072.0,0.0,0.0,1.0,True
2026-07-28 22:00:00+00:00,tt_bogor,Tol Jagorawi (Bogor),Jabodetabek,45.0,45.0,658.0,658.0,0.0,0.0,1.0,True
2026-07-28 22:00:00+00:00,tt_bsd,BSD/Serpong,Jabodetabek,34.0,34.0,165.0,165.0,0.0,0.0,1.0,True
2026-07-28 22:00:00+00:00,tt_cawang,Cawang interchange,Jabodetabek,43.0,43.0,62.0,62.0,0.0,0.0,1.0,True
2026-07-28 22:00:00+00:00,tt_depok,Jl. Margonda (Depok),Jabodetabek,31.0,31.0,1778.0,1778.0,0.0,0.0,1.0,True
2026-07-28 22:00:00+00:00,tt_gatsu,Jl. Gatot Subroto,Jabodetabek,45.0,45.0,52.0,52.0,0.0,0.0,1.0,True
2026-07-28 22:00:00+00:00,tt_grogol,Grogol,Jabodetabek,40.0,40.0,304.0,304.0,0.0,0.0,1.0,True
2026-07-28 22:00:00+00:00,tt_kebonjeruk,Tol Kebon Jeruk,Jabodetabek,35.0,35.0,1158.0,1158.0,0.0,0.0,1.0,True
2026-07-28 22:00:00+00:00,tt_kelapagading,Kelapa Gading,Jabodetabek,29.0,29.0,1059.0,1059.0,0.0,0.0,1.0,True
2026-07-28 22:00:00+00:00,tt_kuningan,Jl. HR Rasuna Said,Jabodetabek,21.0,21.0,208.0,208.0,0.0,0.0,1.0,True
2026-07-28 22:00:00+00:00,tt_sudirman,Jl. Sudirman (HI),Jabodetabek,38.0,38.0,377.0,377.0,0.0,0.0,1.0,True
2026-07-28 22:00:00+00:00,tt_tangerang,Tol Jakarta-Merak,Jabodetabek,48.0,48.0,193.0,193.0,0.0,0.0,1.0,True
2026-07-28 22:00:00+00:00,tt_tbsimatupang,TB Simatupang,Jabodetabek,72.0,72.0,343.0,343.0,0.0,0.0,1.0,True
2026-07-28 22:00:00+00:00,tt_thamrin,Jl. MH Thamrin,Jabodetabek,22.0,22.0,261.0,261.0,0.0,0.0,1.0,True
2026-07-28 23:00:00+00:00,tt_bekasi,Tol Jakarta-Cikampek,Jabodetabek,18.0,18.0,1072.0,1072.0,0.0,0.0,1.0,True
2026-07-28 23:00:00+00:00,tt_bogor,Tol Jagorawi (Bogor),Jabodetabek,34.0,45.0,871.0,658.0,0.2444444444444444,0.0,1.0,True
2026-07-28 23:00:00+00:00,tt_bsd,BSD/Serpong,Jabodetabek,34.0,34.0,165.0,165.0,0.0,0.0,1.0,True
2026-07-28 23:00:00+00:00,tt_cawang,Cawang interchange,Jabodetabek,21.0,43.0,128.0,62.0,0.5116279069767442,0.0,1.0,True
2026-07-28 23:00:00+00:00,tt_depok,Jl. Margonda (Depok),Jabodetabek,31.0,31.0,1778.0,1778.0,0.0,0.0,1.0,True
2026-07-28 23:00:00+00:00,tt_gatsu,Jl. Gatot Subroto,Jabodetabek,45.0,45.0,52.0,52.0,0.0,0.0,1.0,True
2026-07-28 23:00:00+00:00,tt_grogol,Grogol,Jabodetabek,32.0,40.0,381.0,304.0,0.1999999999999999,0.0,0.99925,True
2026-07-28 23:00:00+00:00,tt_kebonjeruk,Tol Kebon Jeruk,Jabodetabek,28.0,35.0,1448.0,1158.0,0.1999999999999999,0.0,1.0,True
2026-07-28 23:00:00+00:00,tt_kelapagading,Kelapa Gading,Jabodetabek,24.0,29.0,1280.0,1059.0,0.1724137931034483,0.0,1.0,True
2026-07-28 23:00:00+00:00,tt_kuningan,Jl. HR Rasuna Said,Jabodetabek,21.0,21.0,208.0,208.0,0.0,0.0,1.0,True
2026-07-28 23:00:00+00:00,tt_sudirman,Jl. Sudirman (HI),Jabodetabek,38.0,38.0,377.0,377.0,0.0,0.0,1.0,True
2026-07-28 23:00:00+00:00,tt_tangerang,Tol Jakarta-Merak,Jabodetabek,48.0,48.0,193.0,193.0,0.0,0.0,1.0,True
2026-07-28 23:00:00+00:00,tt_tbsimatupang,TB Simatupang,Jabodetabek,39.0,71.0,634.0,348.0,0.4507042253521126,0.0,1.0,True
2026-07-28 23:00:00+00:00,tt_thamrin,Jl. MH Thamrin,Jabodetabek,15.0,22.0,383.0,261.0,0.3181818181818182,0.0,1.0,True
2026-07-29 00:00:00+00:00,tt_bekasi,,,,,,,,,,False
2026-07-29 00:00:00+00:00,tt_bogor,,,,,,,,,,False
2026-07-29 00:00:00+00:00,tt_bsd,,,,,,,,,,False
2026-07-29 00:00:00+00:00,tt_cawang,,,,,,,,,,False
2026-07-29 00:00:00+00:00,tt_depok,,,,,,,,,,False
2026-07-29 00:00:00+00:00,tt_gatsu,,,,,,,,,,False
2026-07-29 00:00:00+00:00,tt_grogol,,,,,,,,,,False
2026-07-29 00:00:00+00:00,tt_kebonjeruk,,,,,,,,,,False
2026-07-29 00:00:00+00:00,tt_kelapagading,,,,,,,,,,False
2026-07-29 00:00:00+00:00,tt_kuningan,,,,,,,,,,False
2026-07-29 00:00:00+00:00,tt_sudirman,,,,,,,,,,False
2026-07-29 00:00:00+00:00,tt_tangerang,,,,,,,,,,False
2026-07-29 00:00:00+00:00,tt_tbsimatupang,,,,,,,,,,False
2026-07-29 00:00:00+00:00,tt_thamrin,,,,,,,,,,False
2026-07-29 01:00:00+00:00,tt_bekasi,Tol Jakarta-Cikampek,Jabodetabek,18.0,18.0,1072.0,1072.0,0.0,0.0,1.0,True
2026-07-29 01:00:00+00:00,tt_bogor,Tol Jagorawi (Bogor),Jabodetabek,33.0,45.0,897.0,658.0,0.2666666666666667,0.0,1.0,True
2026-07-29 01:00:00+00:00,tt_bsd,BSD/Serpong,Jabodetabek,34.0,34.0,165.0,165.0,0.0,0.0,1.0,True
2026-07-29 01:00:00+00:00,tt_cawang,Cawang interchange,Jabodetabek,14.0,43.0,193.0,62.0,0.6744186046511628,0.0,1.0,True
2026-07-29 01:00:00+00:00,tt_depok,Jl. Margonda (Depok),Jabodetabek,28.0,31.0,1969.0,1778.0,0.0967741935483871,0.0,0.951021,True
2026-07-29 01:00:00+00:00,tt_gatsu,Jl. Gatot Subroto,Jabodetabek,45.0,45.0,52.0,52.0,0.0,0.0,1.0,True
2026-07-29 01:00:00+00:00,tt_grogol,Grogol,Jabodetabek,31.0,39.0,393.0,312.0,0.2051282051282051,0.0,1.0,True
2026-07-29 01:00:00+00:00,tt_kebonjeruk,Tol Kebon Jeruk,Jabodetabek,27.0,35.0,1501.0,1158.0,0.2285714285714285,0.0,1.0,True
2026-07-29 01:00:00+00:00,tt_kelapagading,Kelapa Gading,Jabodetabek,29.0,29.0,1059.0,1059.0,0.0,0.0,1.0,True
2026-07-29 01:00:00+00:00,tt_kuningan,Jl. HR Rasuna Said,Jabodetabek,21.0,21.0,208.0,208.0,0.0,0.0,1.0,True
2026-07-29 01:00:00+00:00,tt_sudirman,Jl. Sudirman (HI),Jabodetabek,22.0,39.0,652.0,368.0,0.4358974358974359,0.0,1.0,True
2026-07-29 01:00:00+00:00,tt_tangerang,Tol Jakarta-Merak,Jabodetabek,27.0,48.0,343.0,193.0,0.4375,0.0,1.0,True
2026-07-29 01:00:00+00:00,tt_tbsimatupang,TB Simatupang,Jabodetabek,15.0,73.0,1649.0,338.0,0.7945205479452055,0.0,1.0,True
2026-07-29 01:00:00+00:00,tt_thamrin,Jl. MH Thamrin,Jabodetabek,20.0,22.0,287.0,261.0,0.0909090909090909,0.0,1.0,True
2026-07-29 02:00:00+00:00,tt_bekasi,,,,,,,,,,False
2026-07-29 02:00:00+00:00,tt_bogor,,,,,,,,,,False
2026-07-29 02:00:00+00:00,tt_bsd,,,,,,,,,,False
2026-07-29 02:00:00+00:00,tt_cawang,,,,,,,,,,False
2026-07-29 02:00:00+00:00,tt_depok,,,,,,,,,,False
2026-07-29 02:00:00+00:00,tt_gatsu,,,,,,,,,,False
2026-07-29 02:00:00+00:00,tt_grogol,,,,,,,,,,False
2026-07-29 02:00:00+00:00,tt_kebonjeruk,,,,,,,,,,False
2026-07-29 02:00:00+00:00,tt_kelapagading,,,,,,,,,,False
2026-07-29 02:00:00+00:00,tt_kuningan,,,,,,,,,,False
2026-07-29 02:00:00+00:00,tt_sudirman,,,,,,,,,,False
2026-07-29 02:00:00+00:00,tt_tangerang,,,,,,,,,,False
2026-07-29 02:00:00+00:00,tt_tbsimatupang,,,,,,,,,,False
2026-07-29 02:00:00+00:00,tt_thamrin,,,,,,,,,,False
2026-07-29 03:00:00+00:00,tt_bekasi,Tol Jakarta-Cikampek,Jabodetabek,18.0,18.0,1072.0,1072.0,0.0,0.0,1.0,True
2026-07-29 03:00:00+00:00,tt_bogor,Tol Jagorawi (Bogor),Jabodetabek,35.0,44.0,846.0,673.0,0.2045454545454545,0.0,1.0,True
2026-07-29 03:00:00+00:00,tt_bsd,BSD/Serpong,Jabodetabek,34.0,34.0,165.0,165.0,0.0,0.0,1.0,True
2026-07-29 03:00:00+00:00,tt_cawang,Cawang interchange,Jabodetabek,23.0,42.0,117.0,64.0,0.4523809523809523,0.0,1.0,True
2026-07-29 03:00:00+00:00,tt_depok,Jl. Margonda (Depok),Jabodetabek,26.0,31.0,2120.0,1778.0,0.1612903225806451,0.0,0.926705,True
2026-07-29 03:00:00+00:00,tt_gatsu,Jl. Gatot Subroto,Jabodetabek,45.0,45.0,52.0,52.0,0.0,0.0,1.0,True
2026-07-29 03:00:00+00:00,tt_grogol,Grogol,Jabodetabek,31.0,40.0,393.0,304.0,0.2249999999999999,0.0,1.0,True
2026-07-29 03:00:00+00:00,tt_kebonjeruk,Tol Kebon Jeruk,Jabodetabek,26.0,35.0,1559.0,1158.0,0.2571428571428571,0.0,1.0,True
2026-07-29 03:00:00+00:00,tt_kelapagading,Kelapa Gading,Jabodetabek,25.0,29.0,1228.0,1059.0,0.1379310344827586,0.0,0.999254,True
2026-07-29 03:00:00+00:00,tt_kuningan,Jl. HR Rasuna Said,Jabodetabek,14.0,20.0,312.0,218.0,0.3,0.0,1.0,True
2026-07-29 03:00:00+00:00,tt_sudirman,Jl. Sudirman (HI),Jabodetabek,29.0,39.0,494.0,368.0,0.2564102564102564,0.0,1.0,True
2026-07-29 03:00:00+00:00,tt_tangerang,Tol Jakarta-Merak,Jabodetabek,48.0,48.0,193.0,193.0,0.0,0.0,1.0,True
2026-07-29 03:00:00+00:00,tt_tbsimatupang,TB Simatupang,Jabodetabek,23.0,72.0,1075.0,343.0,0.6805555555555556,0.0,1.0,True
2026-07-29 03:00:00+00:00,tt_thamrin,Jl. MH Thamrin,Jabodetabek,18.0,22.0,319.0,261.0,0.1818181818181817,0.0,1.0,True
2026-07-29 04:00:00+00:00,tt_bekasi,Tol Jakarta-Cikampek,Jabodetabek,18.0,18.0,1072.0,1072.0,0.0,0.0,1.0,True
2026-07-29 04:00:00+00:00,tt_bogor,Tol Jagorawi (Bogor),Jabodetabek,38.0,45.0,779.0,658.0,0.1555555555555555,0.0,0.994594,True
2026-07-29 04:00:00+00:00,tt_bsd,BSD/Serpong,Jabodetabek,30.0,34.0,187.0,165.0,0.1176470588235294,0.0,1.0,True
2026-07-29 04:00:00+00:00,tt_cawang,Cawang interchange,Jabodetabek,21.0,42.0,128.0,64.0,0.5,0.0,1.0,True
2026-07-29 04:00:00+00:00,tt_depok,Jl. Margonda (Depok),Jabodetabek,27.0,31.0,2042.0,1778.0,0.1290322580645161,0.0,0.969096,True
2026-07-29 04:00:00+00:00,tt_gatsu,Jl. Gatot Subroto,Jabodetabek,45.0,45.0,52.0,52.0,0.0,0.0,1.0,True
2026-07-29 04:00:00+00:00,tt_grogol,Grogol,Jabodetabek,31.0,40.0,393.0,304.0,0.2249999999999999,0.0,1.0,True
2026-07-29 04:00:00+00:00,tt_kebonjeruk,Tol Kebon Jeruk,Jabodetabek,24.0,35.0,1689.0,1158.0,0.3142857142857143,0.0,1.0,True
2026-07-29 04:00:00+00:00,tt_kelapagading,Kelapa Gading,Jabodetabek,23.0,29.0,1335.0,1059.0,0.2068965517241379,0.0,0.994803,True
2026-07-29 04:00:00+00:00,tt_kuningan,Jl. HR Rasuna Said,Jabodetabek,16.0,20.0,273.0,218.0,0.1999999999999999,0.0,0.987783,True
2026-07-29 04:00:00+00:00,tt_sudirman,Jl. Sudirman (HI),Jabodetabek,27.0,39.0,531.0,368.0,0.3076923076923077,0.0,1.0,True
2026-07-29 04:00:00+00:00,tt_tangerang,Tol Jakarta-Merak,Jabodetabek,34.0,48.0,272.0,193.0,0.2916666666666666,0.0,1.0,True
2026-07-29 04:00:00+00:00,tt_tbsimatupang,TB Simatupang,Jabodetabek,40.0,73.0,618.0,338.0,0.452054794520548,0.0,1.0,True
2026-07-29 04:00:00+00:00,tt_thamrin,Jl. MH Thamrin,Jabodetabek,21.0,24.0,273.0,239.0,0.125,0.0,1.0,True
2026-07-29 05:00:00+00:00,tt_bekasi,,,,,,,,,,False
2026-07-29 05:00:00+00:00,tt_bogor,,,,,,,,,,False
2026-07-29 05:00:00+00:00,tt_bsd,,,,,,,,,,False
2026-07-29 05:00:00+00:00,tt_cawang,,,,,,,,,,False
2026-07-29 05:00:00+00:00,tt_depok,,,,,,,,,,False
2026-07-29 05:00:00+00:00,tt_gatsu,,,,,,,,,,False
2026-07-29 05:00:00+00:00,tt_grogol,,,,,,,,,,False
2026-07-29 05:00:00+00:00,tt_kebonjeruk,,,,,,,,,,False
2026-07-29 05:00:00+00:00,tt_kelapagading,,,,,,,,,,False
2026-07-29 05:00:00+00:00,tt_kuningan,,,,,,,,,,False
2026-07-29 05:00:00+00:00,tt_sudirman,,,,,,,,,,False
2026-07-29 05:00:00+00:00,tt_tangerang,,,,,,,,,,False
2026-07-29 05:00:00+00:00,tt_tbsimatupang,,,,,,,,,,False
2026-07-29 05:00:00+00:00,tt_thamrin,,,,,,,,,,False
2026-07-29 06:00:00+00:00,tt_bekasi,Tol Jakarta-Cikampek,Jabodetabek,18.0,18.0,1072.0,1072.0,0.0,0.0,1.0,True
2026-07-29 06:00:00+00:00,tt_bogor,Tol Jagorawi (Bogor),Jabodetabek,37.0,44.0,800.0,673.0,0.159090909090909,0.0,1.0,True
2026-07-29 06:00:00+00:00,tt_bsd,BSD/Serpong,Jabodetabek,34.0,34.0,165.0,165.0,0.0,0.0,1.0,True
2026-07-29 06:00:00+00:00,tt_cawang,Cawang interchange,Jabodetabek,19.0,41.0,142.0,65.0,0.5365853658536586,0.0,1.0,True
2026-07-29 06:00:00+00:00,tt_depok,Jl. Margonda (Depok),Jabodetabek,25.0,31.0,2205.0,1778.0,0.1935483870967742,0.0,0.911906,True
2026-07-29 06:00:00+00:00,tt_gatsu,Jl. Gatot Subroto,Jabodetabek,45.0,45.0,52.0,52.0,0.0,0.0,1.0,True
2026-07-29 06:00:00+00:00,tt_grogol,Grogol,Jabodetabek,31.0,40.0,393.0,304.0,0.2249999999999999,0.0,1.0,True
2026-07-29 06:00:00+00:00,tt_kebonjeruk,Tol Kebon Jeruk,Jabodetabek,26.0,36.0,1559.0,1126.0,0.2777777777777778,0.0,1.0,True
2026-07-29 06:00:00+00:00,tt_kelapagading,Kelapa Gading,Jabodetabek,21.0,29.0,1463.0,1059.0,0.2758620689655172,0.0,0.997572,True
2026-07-29 06:00:00+00:00,tt_kuningan,Jl. HR Rasuna Said,Jabodetabek,21.0,21.0,208.0,208.0,0.0,0.0,1.0,True
2026-07-29 06:00:00+00:00,tt_sudirman,Jl. Sudirman (HI),Jabodetabek,23.0,38.0,624.0,377.0,0.3947368421052631,0.0,1.0,True
2026-07-29 06:00:00+00:00,tt_tangerang,Tol Jakarta-Merak,Jabodetabek,48.0,48.0,193.0,193.0,0.0,0.0,1.0,True
2026-07-29 06:00:00+00:00,tt_tbsimatupang,TB Simatupang,Jabodetabek,51.0,72.0,485.0,343.0,0.2916666666666666,0.0,1.0,True
2026-07-29 06:00:00+00:00,tt_thamrin,Jl. MH Thamrin,Jabodetabek,20.0,25.0,287.0,229.0,0.1999999999999999,0.0,1.0,True
2026-07-29 07:00:00+00:00,tt_bekasi,Tol Jakarta-Cikampek,Jabodetabek,18.0,18.0,1072.0,1072.0,0.0,0.0,1.0,True
2026-07-29 07:00:00+00:00,tt_bogor,Tol Jagorawi (Bogor),Jabodetabek,37.0,44.0,800.0,673.0,0.159090909090909,0.0,1.0,True
2026-07-29 07:00:00+00:00,tt_bsd,BSD/Serpong,Jabodetabek,29.0,34.0,193.0,165.0,0.1470588235294118,0.0,1.0,True
2026-07-29 07:00:00+00:00,tt_cawang,Cawang interchange,Jabodetabek,33.0,42.0,81.0,64.0,0.2142857142857143,0.0,1.0,True
2026-07-29 07:00:00+00:00,tt_depok,Jl. Margonda (Depok),Jabodetabek,25.0,31.0,2205.0,1778.0,0.1935483870967742,0.0,0.965193,True
2026-07-29 07:00:00+00:00,tt_gatsu,Jl. Gatot Subroto,Jabodetabek,30.0,44.0,78.0,53.0,0.3181818181818182,0.0,1.0,True
2026-07-29 07:00:00+00:00,tt_grogol,Grogol,Jabodetabek,32.0,39.0,381.0,312.0,0.1794871794871795,0.0,1.0,True
2026-07-29 07:00:00+00:00,tt_kebonjeruk,Tol Kebon Jeruk,Jabodetabek,21.0,35.0,1931.0,1158.0,0.4,0.0,1.0,True
2026-07-29 07:00:00+00:00,tt_kelapagading,Kelapa Gading,Jabodetabek,22.0,29.0,1396.0,1059.0,0.2413793103448276,0.0,0.998624,True
2026-07-29 07:00:00+00:00,tt_kuningan,Jl. HR Rasuna Said,Jabodetabek,21.0,21.0,208.0,208.0,0.0,0.0,1.0,True
2026-07-29 07:00:00+00:00,tt_sudirman,Jl. Sudirman (HI),Jabodetabek,19.0,39.0,755.0,368.0,0.5128205128205128,0.0,1.0,True
2026-07-29 07:00:00+00:00,tt_tangerang,Tol Jakarta-Merak,Jabodetabek,48.0,48.0,193.0,193.0,0.0,0.0,1.0,True
2026-07-29 07:00:00+00:00,tt_tbsimatupang,TB Simatupang,Jabodetabek,51.0,72.0,485.0,343.0,0.2916666666666666,0.0,1.0,True
2026-07-29 07:00:00+00:00,tt_thamrin,Jl. MH Thamrin,Jabodetabek,13.0,24.0,442.0,239.0,0.4583333333333333,0.0,1.0,True
2026-07-29 08:00:00+00:00,tt_bekasi,,,,,,,,,,False
2026-07-29 08:00:00+00:00,tt_bogor,,,,,,,,,,False
2026-07-29 08:00:00+00:00,tt_bsd,,,,,,,,,,False
2026-07-29 08:00:00+00:00,tt_cawang,,,,,,,,,,False
2026-07-29 08:00:00+00:00,tt_depok,,,,,,,,,,False
2026-07-29 08:00:00+00:00,tt_gatsu,,,,,,,,,,False
2026-07-29 08:00:00+00:00,tt_grogol,,,,,,,,,,False
2026-07-29 08:00:00+00:00,tt_kebonjeruk,,,,,,,,,,False
2026-07-29 08:00:00+00:00,tt_kelapagading,,,,,,,,,,False
2026-07-29 08:00:00+00:00,tt_kuningan,,,,,,,,,,False
2026-07-29 08:00:00+00:00,tt_sudirman,,,,,,,,,,False
2026-07-29 08:00:00+00:00,tt_tangerang,,,,,,,,,,False
2026-07-29 08:00:00+00:00,tt_tbsimatupang,,,,,,,,,,False
2026-07-29 08:00:00+00:00,tt_thamrin,,,,,,,,,,False
2026-07-29 09:00:00+00:00,tt_bekasi,Tol Jakarta-Cikampek,Jabodetabek,15.0,17.0,1286.0,1135.0,0.1176470588235294,0.0,0.960747,True
2026-07-29 09:00:00+00:00,tt_bogor,Tol Jagorawi (Bogor),Jabodetabek,32.0,45.0,925.0,658.0,0.2888888888888888,0.0,1.0,True
2026-07-29 09:00:00+00:00,tt_bsd,BSD/Serpong,Jabodetabek,34.0,34.0,165.0,165.0,0.0,0.0,1.0,True
2026-07-29 09:00:00+00:00,tt_cawang,Cawang interchange,Jabodetabek,34.0,43.0,79.0,62.0,0.2093023255813954,0.0,1.0,True
2026-07-29 09:00:00+00:00,tt_depok,Jl. Margonda (Depok),Jabodetabek,23.0,31.0,2397.0,1778.0,0.2580645161290322,0.0,0.982453,True
2026-07-29 09:00:00+00:00,tt_gatsu,Jl. Gatot Subroto,Jabodetabek,32.0,43.0,73.0,54.0,0.2558139534883721,0.0,1.0,True
2026-07-29 09:00:00+00:00,tt_grogol,Grogol,Jabodetabek,29.0,40.0,420.0,304.0,0.275,0.0,0.998214,True
2026-07-29 09:00:00+00:00,tt_kebonjeruk,Tol Kebon Jeruk,Jabodetabek,22.0,36.0,1843.0,1126.0,0.3888888888888888,0.0,1.0,True
2026-07-29 09:00:00+00:00,tt_kelapagading,Kelapa Gading,Jabodetabek,22.0,29.0,1396.0,1059.0,0.2413793103448276,0.0,1.0,True
2026-07-29 09:00:00+00:00,tt_kuningan,Jl. HR Rasuna Said,Jabodetabek,16.0,20.0,273.0,218.0,0.1999999999999999,0.0,0.99,True
2026-07-29 09:00:00+00:00,tt_sudirman,Jl. Sudirman (HI),Jabodetabek,21.0,39.0,683.0,368.0,0.4615384615384615,0.0,1.0,True
2026-07-29 09:00:00+00:00,tt_tangerang,Tol Jakarta-Merak,Jabodetabek,37.0,48.0,250.0,193.0,0.2291666666666666,0.0,1.0,True
2026-07-29 09:00:00+00:00,tt_tbsimatupang,TB Simatupang,Jabodetabek,41.0,72.0,603.0,343.0,0.4305555555555556,0.0,1.0,True
2026-07-29 09:00:00+00:00,tt_thamrin,Jl. MH Thamrin,Jabodetabek,19.0,26.0,302.0,221.0,0.2692307692307693,0.0,1.0,True
2026-07-29 10:00:00+00:00,tt_bekasi,,,,,,,,,,False
2026-07-29 10:00:00+00:00,tt_bogor,,,,,,,,,,False
2026-07-29 10:00:00+00:00,tt_bsd,,,,,,,,,,False
2026-07-29 10:00:00+00:00,tt_cawang,,,,,,,,,,False
2026-07-29 10:00:00+00:00,tt_depok,,,,,,,,,,False
2026-07-29 10:00:00+00:00,tt_gatsu,,,,,,,,,,False
2026-07-29 10:00:00+00:00,tt_grogol,,,,,,,,,,False
2026-07-29 10:00:00+00:00,tt_kebonjeruk,,,,,,,,,,False
2026-07-29 10:00:00+00:00,tt_kelapagading,,,,,,,,,,False
2026-07-29 10:00:00+00:00,tt_kuningan,,,,,,,,,,False
2026-07-29 10:00:00+00:00,tt_sudirman,,,,,,,,,,False
2026-07-29 10:00:00+00:00,tt_tangerang,,,,,,,,,,False
2026-07-29 10:00:00+00:00,tt_tbsimatupang,,,,,,,,,,False
2026-07-29 10:00:00+00:00,tt_thamrin,,,,,,,,,,False
2026-07-29 11:00:00+00:00,tt_bekasi,Tol Jakarta-Cikampek,Jabodetabek,18.0,18.0,1072.0,1072.0,0.0,0.0,1.0,True
2026-07-29 11:00:00+00:00,tt_bogor,Tol Jagorawi (Bogor),Jabodetabek,32.0,44.0,925.0,673.0,0.2727272727272727,0.0,1.0,True
2026-07-29 11:00:00+00:00,tt_bsd,BSD/Serpong,Jabodetabek,34.0,34.0,165.0,165.0,0.0,0.0,1.0,True
2026-07-29 11:00:00+00:00,tt_cawang,Cawang interchange,Jabodetabek,33.0,43.0,81.0,62.0,0.2325581395348837,0.0,1.0,True
2026-07-29 11:00:00+00:00,tt_depok,Jl. Margonda (Depok),Jabodetabek,23.0,31.0,2397.0,1778.0,0.2580645161290322,0.0,0.993932,True
2026-07-29 11:00:00+00:00,tt_gatsu,Jl. Gatot Subroto,Jabodetabek,6.0,47.0,392.0,50.0,0.8723404255319149,0.0,1.0,True
2026-07-29 11:00:00+00:00,tt_grogol,Grogol,Jabodetabek,36.0,40.0,338.0,304.0,0.0999999999999999,0.0,1.0,True
2026-07-29 11:00:00+00:00,tt_kebonjeruk,Tol Kebon Jeruk,Jabodetabek,20.0,36.0,2027.0,1126.0,0.4444444444444444,0.0,1.0,True
2026-07-29 11:00:00+00:00,tt_kelapagading,Kelapa Gading,Jabodetabek,20.0,29.0,1536.0,1059.0,0.3103448275862068,0.0,1.0,True
2026-07-29 11:00:00+00:00,tt_kuningan,Jl. HR Rasuna Said,Jabodetabek,13.0,20.0,336.0,218.0,0.35,0.0,1.0,True
2026-07-29 11:00:00+00:00,tt_sudirman,Jl. Sudirman (HI),Jabodetabek,11.0,40.0,1304.0,358.0,0.725,0.0,1.0,True
2026-07-29 11:00:00+00:00,tt_tangerang,Tol Jakarta-Merak,Jabodetabek,48.0,48.0,193.0,193.0,0.0,0.0,1.0,True
2026-07-29 11:00:00+00:00,tt_tbsimatupang,TB Simatupang,Jabodetabek,46.0,71.0,537.0,348.0,0.352112676056338,0.0,1.0,True
2026-07-29 11:00:00+00:00,tt_thamrin,Jl. MH Thamrin,Jabodetabek,12.0,24.0,479.0,239.0,0.5,0.0,1.0,True
2026-07-29 12:00:00+00:00,tt_bekasi,Tol Jakarta-Cikampek,Jabodetabek,14.0,18.0,1378.0,1072.0,0.2222222222222222,0.0,0.963044,True
2026-07-29 12:00:00+00:00,tt_bogor,Tol Jagorawi (Bogor),Jabodetabek,35.0,44.0,846.0,673.0,0.2045454545454545,0.0,1.0,True
2026-07-29 12:00:00+00:00,tt_bsd,BSD/Serpong,Jabodetabek,34.0,34.0,165.0,165.0,0.0,0.0,1.0,True
2026-07-29 12:00:00+00:00,tt_cawang,Cawang interchange,Jabodetabek,33.0,43.0,81.0,62.0,0.2325581395348837,0.0,1.0,True
2026-07-29 12:00:00+00:00,tt_depok,Jl. Margonda (Depok),Jabodetabek,25.0,31.0,2205.0,1778.0,0.1935483870967742,0.0,0.998031,True
2026-07-29 12:00:00+00:00,tt_gatsu,Jl. Gatot Subroto,Jabodetabek,6.0,46.0,392.0,51.0,0.8695652173913043,0.0,1.0,True
2026-07-29 12:00:00+00:00,tt_grogol,Grogol,Jabodetabek,32.0,40.0,381.0,304.0,0.1999999999999999,0.0,1.0,True
2026-07-29 12:00:00+00:00,tt_kebonjeruk,Tol Kebon Jeruk,Jabodetabek,24.0,35.0,1689.0,1158.0,0.3142857142857143,0.0,1.0,True
2026-07-29 12:00:00+00:00,tt_kelapagading,Kelapa Gading,Jabodetabek,20.0,29.0,1536.0,1059.0,0.3103448275862068,0.0,1.0,True
2026-07-29 12:00:00+00:00,tt_kuningan,Jl. HR Rasuna Said,Jabodetabek,12.0,20.0,364.0,218.0,0.4,0.0,1.0,True
2026-07-29 12:00:00+00:00,tt_sudirman,Jl. Sudirman (HI),Jabodetabek,21.0,39.0,683.0,368.0,0.4615384615384615,0.0,1.0,True
2026-07-29 12:00:00+00:00,tt_tangerang,Tol Jakarta-Merak,Jabodetabek,48.0,48.0,193.0,193.0,0.0,0.0,1.0,True
2026-07-29 12:00:00+00:00,tt_tbsimatupang,TB Simatupang,Jabodetabek,46.0,72.0,537.0,343.0,0.3611111111111111,0.0,1.0,True
2026-07-29 12:00:00+00:00,tt_thamrin,Jl. MH Thamrin,Jabodetabek,12.0,22.0,479.0,261.0,0.4545454545454546,0.0,1.0,True
2026-07-29 13:00:00+00:00,tt_bekasi,,,,,,,,,,False
2026-07-29 13:00:00+00:00,tt_bogor,,,,,,,,,,False
2026-07-29 13:00:00+00:00,tt_bsd,,,,,,,,,,False
2026-07-29 13:00:00+00:00,tt_cawang,,,,,,,,,,False
2026-07-29 13:00:00+00:00,tt_depok,,,,,,,,,,False
2026-07-29 13:00:00+00:00,tt_gatsu,,,,,,,,,,False
2026-07-29 13:00:00+00:00,tt_grogol,,,,,,,,,,False
2026-07-29 13:00:00+00:00,tt_kebonjeruk,,,,,,,,,,False
2026-07-29 13:00:00+00:00,tt_kelapagading,,,,,,,,,,False
2026-07-29 13:00:00+00:00,tt_kuningan,,,,,,,,,,False
2026-07-29 13:00:00+00:00,tt_sudirman,,,,,,,,,,False
2026-07-29 13:00:00+00:00,tt_tangerang,,,,,,,,,,False
2026-07-29 13:00:00+00:00,tt_tbsimatupang,,,,,,,,,,False
2026-07-29 13:00:00+00:00,tt_thamrin,,,,,,,,,,False
2026-07-29 14:00:00+00:00,tt_bekasi,Tol Jakarta-Cikampek,Jabodetabek,18.0,18.0,1072.0,1072.0,0.0,0.0,1.0,True
2026-07-29 14:00:00+00:00,tt_bogor,Tol Jagorawi (Bogor),Jabodetabek,45.0,45.0,658.0,658.0,0.0,0.0,1.0,True
2026-07-29 14:00:00+00:00,tt_bsd,BSD/Serpong,Jabodetabek,34.0,34.0,165.0,165.0,0.0,0.0,1.0,True
2026-07-29 14:00:00+00:00,tt_cawang,Cawang interchange,Jabodetabek,43.0,43.0,62.0,62.0,0.0,0.0,1.0,True
2026-07-29 14:00:00+00:00,tt_depok,Jl. Margonda (Depok),Jabodetabek,31.0,31.0,1778.0,1778.0,0.0,0.0,1.0,True
2026-07-29 14:00:00+00:00,tt_gatsu,Jl. Gatot Subroto,Jabodetabek,45.0,45.0,52.0,52.0,0.0,0.0,1.0,True
2026-07-29 14:00:00+00:00,tt_grogol,Grogol,Jabodetabek,32.0,40.0,381.0,304.0,0.1999999999999999,0.0,0.997806,True
2026-07-29 14:00:00+00:00,tt_kebonjeruk,Tol Kebon Jeruk,Jabodetabek,30.0,36.0,1351.0,1126.0,0.1666666666666666,0.0,1.0,True
2026-07-29 14:00:00+00:00,tt_kelapagading,Kelapa Gading,Jabodetabek,29.0,29.0,1059.0,1059.0,0.0,0.0,1.0,True
2026-07-29 14:00:00+00:00,tt_kuningan,Jl. HR Rasuna Said,Jabodetabek,13.0,20.0,336.0,218.0,0.35,0.0,1.0,True
2026-07-29 14:00:00+00:00,tt_sudirman,Jl. Sudirman (HI),Jabodetabek,31.0,39.0,463.0,368.0,0.2051282051282051,0.0,1.0,True
2026-07-29 14:00:00+00:00,tt_tangerang,Tol Jakarta-Merak,Jabodetabek,48.0,48.0,193.0,193.0,0.0,0.0,1.0,True
2026-07-29 14:00:00+00:00,tt_tbsimatupang,TB Simatupang,Jabodetabek,72.0,72.0,343.0,343.0,0.0,0.0,1.0,True
2026-07-29 14:00:00+00:00,tt_thamrin,Jl. MH Thamrin,Jabodetabek,17.0,22.0,338.0,261.0,0.2272727272727273,0.0,1.0,True
2026-07-29 15:00:00+00:00,tt_bekasi,Tol Jakarta-Cikampek,Jabodetabek,18.0,18.0,1072.0,1072.0,0.0,0.0,1.0,True
2026-07-29 15:00:00+00:00,tt_bogor,Tol Jagorawi (Bogor),Jabodetabek,45.0,45.0,658.0,658.0,0.0,0.0,1.0,True
2026-07-29 15:00:00+00:00,tt_bsd,BSD/Serpong,Jabodetabek,34.0,34.0,165.0,165.0,0.0,0.0,1.0,True
2026-07-29 15:00:00+00:00,tt_cawang,Cawang interchange,Jabodetabek,43.0,43.0,62.0,62.0,0.0,0.0,1.0,True
2026-07-29 15:00:00+00:00,tt_depok,Jl. Margonda (Depok),Jabodetabek,31.0,31.0,1778.0,1778.0,0.0,0.0,1.0,True
2026-07-29 15:00:00+00:00,tt_gatsu,Jl. Gatot Subroto,Jabodetabek,45.0,45.0,52.0,52.0,0.0,0.0,1.0,True
2026-07-29 15:00:00+00:00,tt_grogol,Grogol,Jabodetabek,40.0,40.0,304.0,304.0,0.0,0.0,1.0,True
2026-07-29 15:00:00+00:00,tt_kebonjeruk,Tol Kebon Jeruk,Jabodetabek,35.0,35.0,1158.0,1158.0,0.0,0.0,1.0,True
2026-07-29 15:00:00+00:00,tt_kelapagading,Kelapa Gading,Jabodetabek,29.0,29.0,1059.0,1059.0,0.0,0.0,1.0,True
2026-07-29 15:00:00+00:00,tt_kuningan,Jl. HR Rasuna Said,Jabodetabek,21.0,21.0,208.0,208.0,0.0,0.0,1.0,True
2026-07-29 15:00:00+00:00,tt_sudirman,Jl. Sudirman (HI),Jabodetabek,38.0,38.0,377.0,377.0,0.0,0.0,1.0,True
2026-07-29 15:00:00+00:00,tt_tangerang,Tol Jakarta-Merak,Jabodetabek,48.0,48.0,193.0,193.0,0.0,0.0,1.0,True
2026-07-29 15:00:00+00:00,tt_tbsimatupang,TB Simatupang,Jabodetabek,72.0,72.0,343.0,343.0,0.0,0.0,1.0,True
2026-07-29 15:00:00+00:00,tt_thamrin,Jl. MH Thamrin,Jabodetabek,18.0,22.0,319.0,261.0,0.1818181818181817,0.0,1.0,True
2026-07-29 16:00:00+00:00,tt_bekasi,,,,,,,,,,False
2026-07-29 16:00:00+00:00,tt_bogor,,,,,,,,,,False
2026-07-29 16:00:00+00:00,tt_bsd,,,,,,,,,,False
2026-07-29 16:00:00+00:00,tt_cawang,,,,,,,,,,False
2026-07-29 16:00:00+00:00,tt_depok,,,,,,,,,,False
2026-07-29 16:00:00+00:00,tt_gatsu,,,,,,,,,,False
2026-07-29 16:00:00+00:00,tt_grogol,,,,,,,,,,False
2026-07-29 16:00:00+00:00,tt_kebonjeruk,,,,,,,,,,False
2026-07-29 16:00:00+00:00,tt_kelapagading,,,,,,,,,,False
2026-07-29 16:00:00+00:00,tt_kuningan,,,,,,,,,,False
2026-07-29 16:00:00+00:00,tt_sudirman,,,,,,,,,,False
2026-07-29 16:00:00+00:00,tt_tangerang,,,,,,,,,,False
2026-07-29 16:00:00+00:00,tt_tbsimatupang,,,,,,,,,,False
2026-07-29 16:00:00+00:00,tt_thamrin,,,,,,,,,,False
2026-07-29 17:00:00+00:00,tt_bekasi,Tol Jakarta-Cikampek,Jabodetabek,18.0,18.0,1072.0,1072.0,0.0,0.0,1.0,True
2026-07-29 17:00:00+00:00,tt_bogor,Tol Jagorawi (Bogor),Jabodetabek,45.0,45.0,658.0,658.0,0.0,0.0,1.0,True
2026-07-29 17:00:00+00:00,tt_bsd,BSD/Serpong,Jabodetabek,34.0,34.0,165.0,165.0,0.0,0.0,1.0,True
2026-07-29 17:00:00+00:00,tt_cawang,Cawang interchange,Jabodetabek,43.0,43.0,62.0,62.0,0.0,0.0,1.0,True
2026-07-29 17:00:00+00:00,tt_depok,Jl. Margonda (Depok),Jabodetabek,31.0,31.0,1778.0,1778.0,0.0,0.0,1.0,True
2026-07-29 17:00:00+00:00,tt_gatsu,Jl. Gatot Subroto,Jabodetabek,45.0,45.0,52.0,52.0,0.0,0.0,1.0,True
2026-07-29 17:00:00+00:00,tt_grogol,Grogol,Jabodetabek,40.0,40.0,304.0,304.0,0.0,0.0,1.0,True
2026-07-29 17:00:00+00:00,tt_kebonjeruk,Tol Kebon Jeruk,Jabodetabek,35.0,35.0,1158.0,1158.0,0.0,0.0,1.0,True
2026-07-29 17:00:00+00:00,tt_kelapagading,Kelapa Gading,Jabodetabek,29.0,29.0,1059.0,1059.0,0.0,0.0,1.0,True
2026-07-29 17:00:00+00:00,tt_kuningan,Jl. HR Rasuna Said,Jabodetabek,21.0,21.0,208.0,208.0,0.0,0.0,1.0,True
2026-07-29 17:00:00+00:00,tt_sudirman,Jl. Sudirman (HI),Jabodetabek,38.0,38.0,377.0,377.0,0.0,0.0,1.0,True
2026-07-29 17:00:00+00:00,tt_tangerang,Tol Jakarta-Merak,Jabodetabek,48.0,48.0,193.0,193.0,0.0,0.0,1.0,True
2026-07-29 17:00:00+00:00,tt_tbsimatupang,TB Simatupang,Jabodetabek,72.0,72.0,343.0,343.0,0.0,0.0,1.0,True
2026-07-29 17:00:00+00:00,tt_thamrin,Jl. MH Thamrin,Jabodetabek,22.0,22.0,261.0,261.0,0.0,0.0,1.0,True
2026-07-29 18:00:00+00:00,tt_bekasi,Tol Jakarta-Cikampek,Jabodetabek,18.0,18.0,1072.0,1072.0,0.0,0.0,1.0,True
2026-07-29 18:00:00+00:00,tt_bogor,Tol Jagorawi (Bogor),Jabodetabek,45.0,45.0,658.0,658.0,0.0,0.0,1.0,True
2026-07-29 18:00:00+00:00,tt_bsd,BSD/Serpong,Jabodetabek,34.0,34.0,165.0,165.0,0.0,0.0,1.0,True
2026-07-29 18:00:00+00:00,tt_cawang,Cawang interchange,Jabodetabek,43.0,43.0,62.0,62.0,0.0,0.0,1.0,True
2026-07-29 18:00:00+00:00,tt_depok,Jl. Margonda (Depok),Jabodetabek,31.0,31.0,1778.0,1778.0,0.0,0.0,1.0,True
2026-07-29 18:00:00+00:00,tt_gatsu,Jl. Gatot Subroto,Jabodetabek,45.0,45.0,52.0,52.0,0.0,0.0,1.0,True
2026-07-29 18:00:00+00:00,tt_grogol,Grogol,Jabodetabek,40.0,40.0,304.0,304.0,0.0,0.0,1.0,True
2026-07-29 18:00:00+00:00,tt_kebonjeruk,Tol Kebon Jeruk,Jabodetabek,35.0,35.0,1158.0,1158.0,0.0,0.0,1.0,True
2026-07-29 18:00:00+00:00,tt_kelapagading,Kelapa Gading,Jabodetabek,29.0,29.0,1059.0,1059.0,0.0,0.0,1.0,True
2026-07-29 18:00:00+00:00,tt_kuningan,Jl. HR Rasuna Said,Jabodetabek,21.0,21.0,208.0,208.0,0.0,0.0,1.0,True
2026-07-29 18:00:00+00:00,tt_sudirman,Jl. Sudirman (HI),Jabodetabek,38.0,38.0,377.0,377.0,0.0,0.0,1.0,True
2026-07-29 18:00:00+00:00,tt_tangerang,Tol Jakarta-Merak,Jabodetabek,48.0,48.0,193.0,193.0,0.0,0.0,1.0,True
2026-07-29 18:00:00+00:00,tt_tbsimatupang,TB Simatupang,Jabodetabek,72.0,72.0,343.0,343.0,0.0,0.0,1.0,True
2026-07-29 18:00:00+00:00,tt_thamrin,Jl. MH Thamrin,Jabodetabek,22.0,22.0,261.0,261.0,0.0,0.0,1.0,True
2026-07-29 19:00:00+00:00,tt_bekasi,,,,,,,,,,False
2026-07-29 19:00:00+00:00,tt_bogor,,,,,,,,,,False
2026-07-29 19:00:00+00:00,tt_bsd,,,,,,,,,,False
2026-07-29 19:00:00+00:00,tt_cawang,,,,,,,,,,False
2026-07-29 19:00:00+00:00,tt_depok,,,,,,,,,,False
2026-07-29 19:00:00+00:00,tt_gatsu,,,,,,,,,,False
2026-07-29 19:00:00+00:00,tt_grogol,,,,,,,,,,False
2026-07-29 19:00:00+00:00,tt_kebonjeruk,,,,,,,,,,False
2026-07-29 19:00:00+00:00,tt_kelapagading,,,,,,,,,,False
2026-07-29 19:00:00+00:00,tt_kuningan,,,,,,,,,,False
2026-07-29 19:00:00+00:00,tt_sudirman,,,,,,,,,,False
2026-07-29 19:00:00+00:00,tt_tangerang,,,,,,,,,,False
2026-07-29 19:00:00+00:00,tt_tbsimatupang,,,,,,,,,,False
2026-07-29 19:00:00+00:00,tt_thamrin,,,,,,,,,,False
2026-07-29 20:00:00+00:00,tt_bekasi,Tol Jakarta-Cikampek,Jabodetabek,18.0,18.0,1072.0,1072.0,0.0,0.0,1.0,True
2026-07-29 20:00:00+00:00,tt_bogor,Tol Jagorawi (Bogor),Jabodetabek,45.0,45.0,658.0,658.0,0.0,0.0,1.0,True
2026-07-29 20:00:00+00:00,tt_bsd,BSD/Serpong,Jabodetabek,34.0,34.0,165.0,165.0,0.0,0.0,1.0,True
2026-07-29 20:00:00+00:00,tt_cawang,Cawang interchange,Jabodetabek,43.0,43.0,62.0,62.0,0.0,0.0,1.0,True
2026-07-29 20:00:00+00:00,tt_depok,Jl. Margonda (Depok),Jabodetabek,31.0,31.0,1778.0,1778.0,0.0,0.0,1.0,True
2026-07-29 20:00:00+00:00,tt_gatsu,Jl. Gatot Subroto,Jabodetabek,45.0,45.0,52.0,52.0,0.0,0.0,1.0,True
2026-07-29 20:00:00+00:00,tt_grogol,Grogol,Jabodetabek,40.0,40.0,304.0,304.0,0.0,0.0,1.0,True
2026-07-29 20:00:00+00:00,tt_kebonjeruk,Tol Kebon Jeruk,Jabodetabek,35.0,35.0,1158.0,1158.0,0.0,0.0,1.0,True
2026-07-29 20:00:00+00:00,tt_kelapagading,Kelapa Gading,Jabodetabek,29.0,29.0,1059.0,1059.0,0.0,0.0,1.0,True
2026-07-29 20:00:00+00:00,tt_kuningan,Jl. HR Rasuna Said,Jabodetabek,21.0,21.0,208.0,208.0,0.0,0.0,1.0,True
2026-07-29 20:00:00+00:00,tt_sudirman,Jl. Sudirman (HI),Jabodetabek,38.0,38.0,377.0,377.0,0.0,0.0,1.0,True
2026-07-29 20:00:00+00:00,tt_tangerang,Tol Jakarta-Merak,Jabodetabek,48.0,48.0,193.0,193.0,0.0,0.0,1.0,True
2026-07-29 20:00:00+00:00,tt_tbsimatupang,TB Simatupang,Jabodetabek,72.0,72.0,343.0,343.0,0.0,0.0,1.0,True
2026-07-29 20:00:00+00:00,tt_thamrin,Jl. MH Thamrin,Jabodetabek,22.0,22.0,261.0,261.0,0.0,0.0,1.0,True
2026-07-29 21:00:00+00:00,tt_bekasi,,,,,,,,,,False
2026-07-29 21:00:00+00:00,tt_bogor,,,,,,,,,,False
2026-07-29 21:00:00+00:00,tt_bsd,,,,,,,,,,False
2026-07-29 21:00:00+00:00,tt_cawang,,,,,,,,,,False
2026-07-29 21:00:00+00:00,tt_depok,,,,,,,,,,False
2026-07-29 21:00:00+00:00,tt_gatsu,,,,,,,,,,False
2026-07-29 21:00:00+00:00,tt_grogol,,,,,,,,,,False
2026-07-29 21:00:00+00:00,tt_kebonjeruk,,,,,,,,,,False
2026-07-29 21:00:00+00:00,tt_kelapagading,,,,,,,,,,False
2026-07-29 21:00:00+00:00,tt_kuningan,,,,,,,,,,False
2026-07-29 21:00:00+00:00,tt_sudirman,,,,,,,,,,False
2026-07-29 21:00:00+00:00,tt_tangerang,,,,,,,,,,False
2026-07-29 21:00:00+00:00,tt_tbsimatupang,,,,,,,,,,False
2026-07-29 21:00:00+00:00,tt_thamrin,,,,,,,,,,False
2026-07-29 22:00:00+00:00,tt_bekasi,Tol Jakarta-Cikampek,Jabodetabek,18.0,18.0,1072.0,1072.0,0.0,0.0,1.0,True
2026-07-29 22:00:00+00:00,tt_bogor,Tol Jagorawi (Bogor),Jabodetabek,45.0,45.0,658.0,658.0,0.0,0.0,1.0,True
2026-07-29 22:00:00+00:00,tt_bsd,BSD/Serpong,Jabodetabek,34.0,34.0,165.0,165.0,0.0,0.0,1.0,True
2026-07-29 22:00:00+00:00,tt_cawang,Cawang interchange,Jabodetabek,43.0,43.0,62.0,62.0,0.0,0.0,1.0,True
2026-07-29 22:00:00+00:00,tt_depok,Jl. Margonda (Depok),Jabodetabek,31.0,31.0,1778.0,1778.0,0.0,0.0,1.0,True
2026-07-29 22:00:00+00:00,tt_gatsu,Jl. Gatot Subroto,Jabodetabek,45.0,45.0,52.0,52.0,0.0,0.0,1.0,True
2026-07-29 22:00:00+00:00,tt_grogol,Grogol,Jabodetabek,40.0,40.0,304.0,304.0,0.0,0.0,1.0,True
2026-07-29 22:00:00+00:00,tt_kebonjeruk,Tol Kebon Jeruk,Jabodetabek,35.0,35.0,1158.0,1158.0,0.0,0.0,1.0,True
2026-07-29 22:00:00+00:00,tt_kelapagading,Kelapa Gading,Jabodetabek,29.0,29.0,1059.0,1059.0,0.0,0.0,1.0,True
2026-07-29 22:00:00+00:00,tt_kuningan,Jl. HR Rasuna Said,Jabodetabek,21.0,21.0,208.0,208.0,0.0,0.0,1.0,True
2026-07-29 22:00:00+00:00,tt_sudirman,Jl. Sudirman (HI),Jabodetabek,38.0,38.0,377.0,377.0,0.0,0.0,1.0,True
2026-07-29 22:00:00+00:00,tt_tangerang,Tol Jakarta-Merak,Jabodetabek,48.0,48.0,193.0,193.0,0.0,0.0,1.0,True
2026-07-29 22:00:00+00:00,tt_tbsimatupang,TB Simatupang,Jabodetabek,72.0,72.0,343.0,343.0,0.0,0.0,1.0,True
2026-07-29 22:00:00+00:00,tt_thamrin,Jl. MH Thamrin,Jabodetabek,22.0,22.0,261.0,261.0,0.0,0.0,1.0,True
2026-07-29 23:00:00+00:00,tt_bekasi,Tol Jakarta-Cikampek,Jabodetabek,18.0,18.0,1072.0,1072.0,0.0,0.0,1.0,True
2026-07-29 23:00:00+00:00,tt_bogor,Tol Jagorawi (Bogor),Jabodetabek,34.0,44.0,871.0,673.0,0.2272727272727273,0.0,0.999616,True
2026-07-29 23:00:00+00:00,tt_bsd,BSD/Serpong,Jabodetabek,34.0,34.0,165.0,165.0,0.0,0.0,1.0,True
2026-07-29 23:00:00+00:00,tt_cawang,Cawang interchange,Jabodetabek,16.0,41.0,168.0,65.0,0.6097560975609756,0.0,1.0,True
2026-07-29 23:00:00+00:00,tt_depok,Jl. Margonda (Depok),Jabodetabek,31.0,31.0,1778.0,1778.0,0.0,0.0,1.0,True
2026-07-29 23:00:00+00:00,tt_gatsu,Jl. Gatot Subroto,Jabodetabek,45.0,45.0,52.0,52.0,0.0,0.0,1.0,True
2026-07-29 23:00:00+00:00,tt_grogol,Grogol,Jabodetabek,35.0,40.0,348.0,304.0,0.125,0.0,0.998512,True
2026-07-29 23:00:00+00:00,tt_kebonjeruk,Tol Kebon Jeruk,Jabodetabek,28.0,36.0,1448.0,1126.0,0.2222222222222222,0.0,1.0,True
2026-07-29 23:00:00+00:00,tt_kelapagading,Kelapa Gading,Jabodetabek,26.0,29.0,1181.0,1059.0,0.1034482758620689,0.0,1.0,True
2026-07-29 23:00:00+00:00,tt_kuningan,Jl. HR Rasuna Said,Jabodetabek,21.0,21.0,208.0,208.0,0.0,0.0,1.0,True
2026-07-29 23:00:00+00:00,tt_sudirman,Jl. Sudirman (HI),Jabodetabek,38.0,38.0,377.0,377.0,0.0,0.0,1.0,True
2026-07-29 23:00:00+00:00,tt_tangerang,Tol Jakarta-Merak,Jabodetabek,48.0,48.0,193.0,193.0,0.0,0.0,1.0,True
2026-07-29 23:00:00+00:00,tt_tbsimatupang,TB Simatupang,Jabodetabek,41.0,71.0,603.0,348.0,0.4225352112676056,0.0,1.0,True
2026-07-29 23:00:00+00:00,tt_thamrin,Jl. MH Thamrin,Jabodetabek,16.0,21.0,359.0,273.0,0.2380952380952381,0.0,1.0,True
2026-07-30 00:00:00+00:00,tt_bekasi,,,,,,,,,,False
2026-07-30 00:00:00+00:00,tt_bogor,,,,,,,,,,False
2026-07-30 00:00:00+00:00,tt_bsd,,,,,,,,,,False
2026-07-30 00:00:00+00:00,tt_cawang,,,,,,,,,,False
2026-07-30 00:00:00+00:00,tt_depok,,,,,,,,,,False
2026-07-30 00:00:00+00:00,tt_gatsu,,,,,,,,,,False
2026-07-30 00:00:00+00:00,tt_grogol,,,,,,,,,,False
2026-07-30 00:00:00+00:00,tt_kebonjeruk,,,,,,,,,,False
2026-07-30 00:00:00+00:00,tt_kelapagading,,,,,,,,,,False
2026-07-30 00:00:00+00:00,tt_kuningan,,,,,,,,,,False
2026-07-30 00:00:00+00:00,tt_sudirman,,,,,,,,,,False
2026-07-30 00:00:00+00:00,tt_tangerang,,,,,,,,,,False
2026-07-30 00:00:00+00:00,tt_tbsimatupang,,,,,,,,,,False
2026-07-30 00:00:00+00:00,tt_thamrin,,,,,,,,,,False
2026-07-30 01:00:00+00:00,tt_bekasi,Tol Jakarta-Cikampek,Jabodetabek,18.0,18.0,1072.0,1072.0,0.0,0.0,1.0,True
2026-07-30 01:00:00+00:00,tt_bogor,Tol Jagorawi (Bogor),Jabodetabek,38.0,45.0,779.0,658.0,0.1555555555555555,0.0,1.0,True
2026-07-30 01:00:00+00:00,tt_bsd,BSD/Serpong,Jabodetabek,27.0,33.0,208.0,170.0,0.1818181818181817,0.0,1.0,True
2026-07-30 01:00:00+00:00,tt_cawang,Cawang interchange,Jabodetabek,12.0,43.0,225.0,62.0,0.7209302325581395,0.0,1.0,True
2026-07-30 01:00:00+00:00,tt_depok,Jl. Margonda (Depok),Jabodetabek,31.0,31.0,1778.0,1778.0,0.0,0.0,1.0,True
2026-07-30 01:00:00+00:00,tt_gatsu,Jl. Gatot Subroto,Jabodetabek,45.0,45.0,52.0,52.0,0.0,0.0,1.0,True
2026-07-30 01:00:00+00:00,tt_grogol,Grogol,Jabodetabek,32.0,40.0,381.0,304.0,0.1999999999999999,0.0,1.0,True
2026-07-30 01:00:00+00:00,tt_kebonjeruk,Tol Kebon Jeruk,Jabodetabek,28.0,36.0,1448.0,1126.0,0.2222222222222222,0.0,1.0,True
2026-07-30 01:00:00+00:00,tt_kelapagading,Kelapa Gading,Jabodetabek,29.0,29.0,1059.0,1059.0,0.0,0.0,1.0,True
2026-07-30 01:00:00+00:00,tt_kuningan,Jl. HR Rasuna Said,Jabodetabek,21.0,21.0,208.0,208.0,0.0,0.0,1.0,True
2026-07-30 01:00:00+00:00,tt_sudirman,Jl. Sudirman (HI),Jabodetabek,24.0,39.0,598.0,368.0,0.3846153846153846,0.0,1.0,True
2026-07-30 01:00:00+00:00,tt_tangerang,Tol Jakarta-Merak,Jabodetabek,48.0,48.0,193.0,193.0,0.0,0.0,1.0,True
2026-07-30 01:00:00+00:00,tt_tbsimatupang,TB Simatupang,Jabodetabek,16.0,71.0,1546.0,348.0,0.7746478873239436,0.0,1.0,True
2026-07-30 01:00:00+00:00,tt_thamrin,Jl. MH Thamrin,Jabodetabek,17.0,23.0,338.0,249.0,0.2608695652173913,0.0,1.0,True
2026-07-30 02:00:00+00:00,tt_bekasi,Tol Jakarta-Cikampek,Jabodetabek,18.0,18.0,1072.0,1072.0,0.0,0.0,1.0,True
2026-07-30 02:00:00+00:00,tt_bogor,Tol Jagorawi (Bogor),Jabodetabek,36.0,45.0,823.0,658.0,0.1999999999999999,0.0,1.0,True
2026-07-30 02:00:00+00:00,tt_bsd,BSD/Serpong,Jabodetabek,34.0,34.0,165.0,165.0,0.0,0.0,1.0,True
2026-07-30 02:00:00+00:00,tt_cawang,Cawang interchange,Jabodetabek,22.0,43.0,122.0,62.0,0.4883720930232558,0.0,1.0,True
2026-07-30 02:00:00+00:00,tt_depok,Jl. Margonda (Depok),Jabodetabek,27.0,31.0,2042.0,1778.0,0.1290322580645161,0.0,0.956127,True
2026-07-30 02:00:00+00:00,tt_gatsu,Jl. Gatot Subroto,Jabodetabek,36.0,44.0,65.0,53.0,0.1818181818181817,0.0,1.0,True
2026-07-30 02:00:00+00:00,tt_grogol,Grogol,Jabodetabek,29.0,39.0,420.0,312.0,0.2564102564102564,0.0,1.0,True
2026-07-30 02:00:00+00:00,tt_kebonjeruk,Tol Kebon Jeruk,Jabodetabek,24.0,36.0,1689.0,1126.0,0.3333333333333333,0.0,1.0,True
2026-07-30 02:00:00+00:00,tt_kelapagading,Kelapa Gading,Jabodetabek,24.0,29.0,1280.0,1059.0,0.1724137931034483,0.0,0.997099,True
2026-07-30 02:00:00+00:00,tt_kuningan,Jl. HR Rasuna Said,Jabodetabek,21.0,21.0,208.0,208.0,0.0,0.0,1.0,True
2026-07-30 02:00:00+00:00,tt_sudirman,Jl. Sudirman (HI),Jabodetabek,26.0,39.0,552.0,368.0,0.3333333333333333,0.0,1.0,True
2026-07-30 02:00:00+00:00,tt_tangerang,Tol Jakarta-Merak,Jabodetabek,48.0,48.0,193.0,193.0,0.0,0.0,1.0,True
2026-07-30 02:00:00+00:00,tt_tbsimatupang,TB Simatupang,Jabodetabek,26.0,72.0,951.0,343.0,0.6388888888888888,0.0,1.0,True
2026-07-30 02:00:00+00:00,tt_thamrin,Jl. MH Thamrin,Jabodetabek,15.0,22.0,383.0,261.0,0.3181818181818182,0.0,1.0,True
2026-07-30 03:00:00+00:00,tt_bekasi,,,,,,,,,,False
2026-07-30 03:00:00+00:00,tt_bogor,,,,,,,,,,False
2026-07-30 03:00:00+00:00,tt_bsd,,,,,,,,,,False
2026-07-30 03:00:00+00:00,tt_cawang,,,,,,,,,,False
2026-07-30 03:00:00+00:00,tt_depok,,,,,,,,,,False
2026-07-30 03:00:00+00:00,tt_gatsu,,,,,,,,,,False
2026-07-30 03:00:00+00:00,tt_grogol,,,,,,,,,,False
2026-07-30 03:00:00+00:00,tt_kebonjeruk,,,,,,,,,,False
2026-07-30 03:00:00+00:00,tt_kelapagading,,,,,,,,,,False
2026-07-30 03:00:00+00:00,tt_kuningan,,,,,,,,,,False
2026-07-30 03:00:00+00:00,tt_sudirman,,,,,,,,,,False
2026-07-30 03:00:00+00:00,tt_tangerang,,,,,,,,,,False
2026-07-30 03:00:00+00:00,tt_tbsimatupang,,,,,,,,,,False
2026-07-30 03:00:00+00:00,tt_thamrin,,,,,,,,,,False
2026-07-30 04:00:00+00:00,tt_bekasi,Tol Jakarta-Cikampek,Jabodetabek,18.0,18.0,1072.0,1072.0,0.0,0.0,1.0,True
2026-07-30 04:00:00+00:00,tt_bogor,Tol Jagorawi (Bogor),Jabodetabek,38.0,45.0,779.0,658.0,0.1555555555555555,0.0,0.998173,True
2026-07-30 04:00:00+00:00,tt_bsd,BSD/Serpong,Jabodetabek,34.0,34.0,165.0,165.0,0.0,0.0,1.0,True
2026-07-30 04:00:00+00:00,tt_cawang,Cawang interchange,Jabodetabek,19.0,41.0,142.0,65.0,0.5365853658536586,0.0,1.0,True
2026-07-30 04:00:00+00:00,tt_depok,Jl. Margonda (Depok),Jabodetabek,31.0,31.0,1778.0,1778.0,0.0,0.0,1.0,True
2026-07-30 04:00:00+00:00,tt_gatsu,Jl. Gatot Subroto,Jabodetabek,45.0,45.0,52.0,52.0,0.0,0.0,1.0,True
2026-07-30 04:00:00+00:00,tt_grogol,Grogol,Jabodetabek,29.0,40.0,420.0,304.0,0.275,0.0,1.0,True
2026-07-30 04:00:00+00:00,tt_kebonjeruk,Tol Kebon Jeruk,Jabodetabek,25.0,36.0,1622.0,1126.0,0.3055555555555556,0.0,1.0,True
2026-07-30 04:00:00+00:00,tt_kelapagading,Kelapa Gading,Jabodetabek,22.0,29.0,1396.0,1059.0,0.2413793103448276,0.0,0.998834,True
2026-07-30 04:00:00+00:00,tt_kuningan,Jl. HR Rasuna Said,Jabodetabek,21.0,21.0,208.0,208.0,0.0,0.0,1.0,True
2026-07-30 04:00:00+00:00,tt_sudirman,Jl. Sudirman (HI),Jabodetabek,31.0,39.0,463.0,368.0,0.2051282051282051,0.0,1.0,True
2026-07-30 04:00:00+00:00,tt_tangerang,Tol Jakarta-Merak,Jabodetabek,38.0,48.0,244.0,193.0,0.2083333333333333,0.0,1.0,True
2026-07-30 04:00:00+00:00,tt_tbsimatupang,TB Simatupang,Jabodetabek,32.0,71.0,773.0,348.0,0.5492957746478873,0.0,1.0,True
2026-07-30 04:00:00+00:00,tt_thamrin,Jl. MH Thamrin,Jabodetabek,14.0,21.0,410.0,273.0,0.3333333333333333,0.0,1.0,True
2026-07-30 05:00:00+00:00,tt_bekasi,Tol Jakarta-Cikampek,Jabodetabek,18.0,18.0,1072.0,1072.0,0.0,0.0,1.0,True
2026-07-30 05:00:00+00:00,tt_bogor,Tol Jagorawi (Bogor),Jabodetabek,37.0,45.0,800.0,658.0,0.1777777777777778,0.0,1.0,True
2026-07-30 05:00:00+00:00,tt_bsd,BSD/Serpong,Jabodetabek,34.0,34.0,165.0,165.0,0.0,0.0,1.0,True
2026-07-30 05:00:00+00:00,tt_cawang,Cawang interchange,Jabodetabek,33.0,42.0,81.0,64.0,0.2142857142857143,0.0,1.0,True
2026-07-30 05:00:00+00:00,tt_depok,Jl. Margonda (Depok),Jabodetabek,27.0,30.0,2042.0,1837.0,0.0999999999999999,0.0,0.90672,True
2026-07-30 05:00:00+00:00,tt_gatsu,Jl. Gatot Subroto,Jabodetabek,45.0,45.0,52.0,52.0,0.0,0.0,1.0,True
2026-07-30 05:00:00+00:00,tt_grogol,Grogol,Jabodetabek,31.0,40.0,393.0,304.0,0.2249999999999999,0.0,1.0,True
2026-07-30 05:00:00+00:00,tt_kebonjeruk,Tol Kebon Jeruk,Jabodetabek,25.0,36.0,1622.0,1126.0,0.3055555555555556,0.0,1.0,True
2026-07-30 05:00:00+00:00,tt_kelapagading,Kelapa Gading,Jabodetabek,20.0,29.0,1536.0,1059.0,0.3103448275862068,0.0,0.997567,True
2026-07-30 05:00:00+00:00,tt_kuningan,Jl. HR Rasuna Said,Jabodetabek,15.0,20.0,291.0,218.0,0.25,0.0,0.99,True
2026-07-30 05:00:00+00:00,tt_sudirman,Jl. Sudirman (HI),Jabodetabek,25.0,39.0,574.0,368.0,0.3589743589743589,0.0,1.0,True
2026-07-30 05:00:00+00:00,tt_tangerang,Tol Jakarta-Merak,Jabodetabek,9.0,49.0,1030.0,189.0,0.8163265306122449,0.0,1.0,True
2026-07-30 05:00:00+00:00,tt_tbsimatupang,TB Simatupang,Jabodetabek,37.0,72.0,668.0,343.0,0.4861111111111111,0.0,1.0,True
2026-07-30 05:00:00+00:00,tt_thamrin,Jl. MH Thamrin,Jabodetabek,18.0,22.0,319.0,261.0,0.1818181818181817,0.0,1.0,True
2026-07-30 06:00:00+00:00,tt_bekasi,,,,,,,,,,False
2026-07-30 06:00:00+00:00,tt_bogor,,,,,,,,,,False
2026-07-30 06:00:00+00:00,tt_bsd,,,,,,,,,,False
2026-07-30 06:00:00+00:00,tt_cawang,,,,,,,,,,False
2026-07-30 06:00:00+00:00,tt_depok,,,,,,,,,,False
2026-07-30 06:00:00+00:00,tt_gatsu,,,,,,,,,,False
2026-07-30 06:00:00+00:00,tt_grogol,,,,,,,,,,False
2026-07-30 06:00:00+00:00,tt_kebonjeruk,,,,,,,,,,False
2026-07-30 06:00:00+00:00,tt_kelapagading,,,,,,,,,,False
2026-07-30 06:00:00+00:00,tt_kuningan,,,,,,,,,,False
2026-07-30 06:00:00+00:00,tt_sudirman,,,,,,,,,,False
2026-07-30 06:00:00+00:00,tt_tangerang,,,,,,,,,,False
2026-07-30 06:00:00+00:00,tt_tbsimatupang,,,,,,,,,,False
2026-07-30 06:00:00+00:00,tt_thamrin,,,,,,,,,,False
2026-07-30 07:00:00+00:00,tt_bekasi,Tol Jakarta-Cikampek,Jabodetabek,18.0,18.0,1072.0,1072.0,0.0,0.0,1.0,True
2026-07-30 07:00:00+00:00,tt_bogor,Tol Jagorawi (Bogor),Jabodetabek,45.0,45.0,658.0,658.0,0.0,0.0,1.0,True
2026-07-30 07:00:00+00:00,tt_bsd,BSD/Serpong,Jabodetabek,30.0,34.0,187.0,165.0,0.1176470588235294,0.0,1.0,True
2026-07-30 07:00:00+00:00,tt_cawang,Cawang interchange,Jabodetabek,26.0,42.0,103.0,64.0,0.3809523809523809,0.0,1.0,True
2026-07-30 07:00:00+00:00,tt_depok,Jl. Margonda (Depok),Jabodetabek,26.0,32.0,2120.0,1722.0,0.1875,0.0,0.966136,True
2026-07-30 07:00:00+00:00,tt_gatsu,Jl. Gatot Subroto,Jabodetabek,28.0,44.0,84.0,53.0,0.3636363636363636,0.0,1.0,True
2026-07-30 07:00:00+00:00,tt_grogol,Grogol,Jabodetabek,31.0,40.0,393.0,304.0,0.2249999999999999,0.0,1.0,True
2026-07-30 07:00:00+00:00,tt_kebonjeruk,Tol Kebon Jeruk,Jabodetabek,22.0,36.0,1843.0,1126.0,0.3888888888888888,0.0,1.0,True
2026-07-30 07:00:00+00:00,tt_kelapagading,Kelapa Gading,Jabodetabek,21.0,29.0,1463.0,1059.0,0.2758620689655172,0.0,1.0,True
2026-07-30 07:00:00+00:00,tt_kuningan,Jl. HR Rasuna Said,Jabodetabek,12.0,20.0,364.0,218.0,0.4,0.0,0.99,True
2026-07-30 07:00:00+00:00,tt_sudirman,Jl. Sudirman (HI),Jabodetabek,22.0,38.0,652.0,377.0,0.4210526315789473,0.0,1.0,True
2026-07-30 07:00:00+00:00,tt_tangerang,Tol Jakarta-Merak,Jabodetabek,35.0,48.0,264.0,193.0,0.2708333333333333,0.0,1.0,True
2026-07-30 07:00:00+00:00,tt_tbsimatupang,TB Simatupang,Jabodetabek,72.0,72.0,343.0,343.0,0.0,0.0,1.0,True
2026-07-30 07:00:00+00:00,tt_thamrin,Jl. MH Thamrin,Jabodetabek,12.0,23.0,479.0,249.0,0.4782608695652174,0.0,1.0,True
2026-07-30 08:00:00+00:00,tt_bekasi,Tol Jakarta-Cikampek,Jabodetabek,18.0,18.0,1072.0,1072.0,0.0,0.0,1.0,True
2026-07-30 08:00:00+00:00,tt_bogor,Tol Jagorawi (Bogor),Jabodetabek,36.0,44.0,823.0,673.0,0.1818181818181817,0.0,1.0,True
2026-07-30 08:00:00+00:00,tt_bsd,BSD/Serpong,Jabodetabek,34.0,34.0,165.0,165.0,0.0,0.0,1.0,True
2026-07-30 08:00:00+00:00,tt_cawang,Cawang interchange,Jabodetabek,43.0,43.0,62.0,62.0,0.0,0.0,1.0,True
2026-07-30 08:00:00+00:00,tt_depok,Jl. Margonda (Depok),Jabodetabek,31.0,31.0,1778.0,1778.0,0.0,0.0,1.0,True
2026-07-30 08:00:00+00:00,tt_gatsu,Jl. Gatot Subroto,Jabodetabek,15.0,43.0,157.0,54.0,0.6511627906976745,0.0,1.0,True
2026-07-30 08:00:00+00:00,tt_grogol,Grogol,Jabodetabek,31.0,40.0,393.0,304.0,0.2249999999999999,0.0,1.0,True
2026-07-30 08:00:00+00:00,tt_kebonjeruk,Tol Kebon Jeruk,Jabodetabek,23.0,36.0,1763.0,1126.0,0.3611111111111111,0.0,1.0,True
2026-07-30 08:00:00+00:00,tt_kelapagading,Kelapa Gading,Jabodetabek,22.0,29.0,1396.0,1059.0,0.2413793103448276,0.0,1.0,True
2026-07-30 08:00:00+00:00,tt_kuningan,Jl. HR Rasuna Said,Jabodetabek,21.0,21.0,208.0,208.0,0.0,0.0,1.0,True
2026-07-30 08:00:00+00:00,tt_sudirman,Jl. Sudirman (HI),Jabodetabek,30.0,38.0,478.0,377.0,0.2105263157894736,0.0,1.0,True
2026-07-30 08:00:00+00:00,tt_tangerang,Tol Jakarta-Merak,Jabodetabek,48.0,48.0,193.0,193.0,0.0,0.0,1.0,True
2026-07-30 08:00:00+00:00,tt_tbsimatupang,TB Simatupang,Jabodetabek,46.0,72.0,537.0,343.0,0.3611111111111111,0.0,1.0,True
2026-07-30 08:00:00+00:00,tt_thamrin,Jl. MH Thamrin,Jabodetabek,17.0,24.0,338.0,239.0,0.2916666666666666,0.0,1.0,True
2026-07-30 09:00:00+00:00,tt_bekasi,,,,,,,,,,False
2026-07-30 09:00:00+00:00,tt_bogor,,,,,,,,,,False
2026-07-30 09:00:00+00:00,tt_bsd,,,,,,,,,,False
2026-07-30 09:00:00+00:00,tt_cawang,,,,,,,,,,False
2026-07-30 09:00:00+00:00,tt_depok,,,,,,,,,,False
2026-07-30 09:00:00+00:00,tt_gatsu,,,,,,,,,,False
2026-07-30 09:00:00+00:00,tt_grogol,,,,,,,,,,False
2026-07-30 09:00:00+00:00,tt_kebonjeruk,,,,,,,,,,False
2026-07-30 09:00:00+00:00,tt_kelapagading,,,,,,,,,,False
2026-07-30 09:00:00+00:00,tt_kuningan,,,,,,,,,,False
2026-07-30 09:00:00+00:00,tt_sudirman,,,,,,,,,,False
2026-07-30 09:00:00+00:00,tt_tangerang,,,,,,,,,,False
2026-07-30 09:00:00+00:00,tt_tbsimatupang,,,,,,,,,,False
2026-07-30 09:00:00+00:00,tt_thamrin,,,,,,,,,,False
2026-07-30 10:00:00+00:00,tt_bekasi,Tol Jakarta-Cikampek,Jabodetabek,14.0,17.0,1378.0,1135.0,0.1764705882352941,0.0,0.945136,True
2026-07-30 10:00:00+00:00,tt_bogor,Tol Jagorawi (Bogor),Jabodetabek,33.0,45.0,897.0,658.0,0.2666666666666667,0.0,1.0,True
2026-07-30 10:00:00+00:00,tt_bsd,BSD/Serpong,Jabodetabek,34.0,34.0,165.0,165.0,0.0,0.0,1.0,True
2026-07-30 10:00:00+00:00,tt_cawang,Cawang interchange,Jabodetabek,22.0,42.0,122.0,64.0,0.4761904761904761,0.0,1.0,True
2026-07-30 10:00:00+00:00,tt_depok,Jl. Margonda (Depok),Jabodetabek,24.0,31.0,2297.0,1778.0,0.2258064516129032,0.0,0.974387,True
2026-07-30 10:00:00+00:00,tt_gatsu,Jl. Gatot Subroto,Jabodetabek,21.0,43.0,112.0,54.0,0.5116279069767442,0.0,1.0,True
2026-07-30 10:00:00+00:00,tt_grogol,Grogol,Jabodetabek,30.0,40.0,406.0,304.0,0.25,0.0,1.0,True
2026-07-30 10:00:00+00:00,tt_kebonjeruk,Tol Kebon Jeruk,Jabodetabek,21.0,36.0,1931.0,1126.0,0.4166666666666666,0.0,1.0,True
2026-07-30 10:00:00+00:00,tt_kelapagading,Kelapa Gading,Jabodetabek,20.0,29.0,1536.0,1059.0,0.3103448275862068,0.0,1.0,True
2026-07-30 10:00:00+00:00,tt_kuningan,Jl. HR Rasuna Said,Jabodetabek,16.0,21.0,273.0,208.0,0.2380952380952381,0.0,1.0,True
2026-07-30 10:00:00+00:00,tt_sudirman,Jl. Sudirman (HI),Jabodetabek,20.0,39.0,717.0,368.0,0.4871794871794872,0.0,1.0,True
2026-07-30 10:00:00+00:00,tt_tangerang,Tol Jakarta-Merak,Jabodetabek,38.0,48.0,244.0,193.0,0.2083333333333333,0.0,1.0,True
2026-07-30 10:00:00+00:00,tt_tbsimatupang,TB Simatupang,Jabodetabek,26.0,72.0,951.0,343.0,0.6388888888888888,0.0,1.0,True
2026-07-30 10:00:00+00:00,tt_thamrin,Jl. MH Thamrin,Jabodetabek,14.0,23.0,410.0,249.0,0.3913043478260869,0.0,1.0,True
2026-07-30 11:00:00+00:00,tt_bekasi,Tol Jakarta-Cikampek,Jabodetabek,13.0,18.0,1484.0,1072.0,0.2777777777777778,0.0,0.971852,True
2026-07-30 11:00:00+00:00,tt_bogor,Tol Jagorawi (Bogor),Jabodetabek,32.0,45.0,925.0,658.0,0.2888888888888888,0.0,1.0,True
2026-07-30 11:00:00+00:00,tt_bsd,BSD/Serpong,Jabodetabek,34.0,34.0,165.0,165.0,0.0,0.0,1.0,True
2026-07-30 11:00:00+00:00,tt_cawang,Cawang interchange,Jabodetabek,33.0,43.0,81.0,62.0,0.2325581395348837,0.0,1.0,True
2026-07-30 11:00:00+00:00,tt_depok,Jl. Margonda (Depok),Jabodetabek,25.0,31.0,2205.0,1778.0,0.1935483870967742,0.0,0.992638,True
2026-07-30 11:00:00+00:00,tt_gatsu,Jl. Gatot Subroto,Jabodetabek,5.0,41.0,471.0,57.0,0.8780487804878049,0.0,1.0,True
2026-07-30 11:00:00+00:00,tt_grogol,Grogol,Jabodetabek,32.0,40.0,381.0,304.0,0.1999999999999999,0.0,1.0,True
2026-07-30 11:00:00+00:00,tt_kebonjeruk,Tol Kebon Jeruk,Jabodetabek,20.0,36.0,2027.0,1126.0,0.4444444444444444,0.0,1.0,True
2026-07-30 11:00:00+00:00,tt_kelapagading,Kelapa Gading,Jabodetabek,20.0,29.0,1536.0,1059.0,0.3103448275862068,0.0,1.0,True
2026-07-30 11:00:00+00:00,tt_kuningan,Jl. HR Rasuna Said,Jabodetabek,13.0,21.0,336.0,208.0,0.3809523809523809,0.0,1.0,True
2026-07-30 11:00:00+00:00,tt_sudirman,Jl. Sudirman (HI),Jabodetabek,19.0,38.0,755.0,377.0,0.5,0.0,1.0,True
2026-07-30 11:00:00+00:00,tt_tangerang,Tol Jakarta-Merak,Jabodetabek,48.0,48.0,193.0,193.0,0.0,0.0,1.0,True
2026-07-30 11:00:00+00:00,tt_tbsimatupang,TB Simatupang,Jabodetabek,49.0,71.0,504.0,348.0,0.3098591549295775,0.0,1.0,True
2026-07-30 11:00:00+00:00,tt_thamrin,Jl. MH Thamrin,Jabodetabek,10.0,23.0,574.0,249.0,0.5652173913043479,0.0,1.0,True
2026-07-30 12:00:00+00:00,tt_bekasi,,,,,,,,,,False
2026-07-30 12:00:00+00:00,tt_bogor,,,,,,,,,,False
2026-07-30 12:00:00+00:00,tt_bsd,,,,,,,,,,False
2026-07-30 12:00:00+00:00,tt_cawang,,,,,,,,,,False
2026-07-30 12:00:00+00:00,tt_depok,,,,,,,,,,False
2026-07-30 12:00:00+00:00,tt_gatsu,,,,,,,,,,False
2026-07-30 12:00:00+00:00,tt_grogol,,,,,,,,,,False
2026-07-30 12:00:00+00:00,tt_kebonjeruk,,,,,,,,,,False
2026-07-30 12:00:00+00:00,tt_kelapagading,,,,,,,,,,False
2026-07-30 12:00:00+00:00,tt_kuningan,,,,,,,,,,False
2026-07-30 12:00:00+00:00,tt_sudirman,,,,,,,,,,False
2026-07-30 12:00:00+00:00,tt_tangerang,,,,,,,,,,False
2026-07-30 12:00:00+00:00,tt_tbsimatupang,,,,,,,,,,False
2026-07-30 12:00:00+00:00,tt_thamrin,,,,,,,,,,False
2026-07-30 13:00:00+00:00,tt_bekasi,Tol Jakarta-Cikampek,Jabodetabek,14.0,17.0,1378.0,1135.0,0.1764705882352941,0.0,0.948262,True
2026-07-30 13:00:00+00:00,tt_bogor,Tol Jagorawi (Bogor),Jabodetabek,38.0,44.0,779.0,673.0,0.1363636363636363,0.0,1.0,True
2026-07-30 13:00:00+00:00,tt_bsd,BSD/Serpong,Jabodetabek,34.0,34.0,165.0,165.0,0.0,0.0,1.0,True
2026-07-30 13:00:00+00:00,tt_cawang,Cawang interchange,Jabodetabek,33.0,43.0,81.0,62.0,0.2325581395348837,0.0,1.0,True
2026-07-30 13:00:00+00:00,tt_depok,Jl. Margonda (Depok),Jabodetabek,26.0,31.0,2120.0,1778.0,0.1612903225806451,0.0,0.993831,True
2026-07-30 13:00:00+00:00,tt_gatsu,Jl. Gatot Subroto,Jabodetabek,45.0,45.0,52.0,52.0,0.0,0.0,1.0,True
2026-07-30 13:00:00+00:00,tt_grogol,Grogol,Jabodetabek,40.0,40.0,304.0,304.0,0.0,0.0,1.0,True
2026-07-30 13:00:00+00:00,tt_kebonjeruk,Tol Kebon Jeruk,Jabodetabek,26.0,35.0,1559.0,1158.0,0.2571428571428571,0.0,1.0,True
2026-07-30 13:00:00+00:00,tt_kelapagading,Kelapa Gading,Jabodetabek,23.0,29.0,1335.0,1059.0,0.2068965517241379,0.0,0.998449,True
2026-07-30 13:00:00+00:00,tt_kuningan,Jl. HR Rasuna Said,Jabodetabek,16.0,20.0,273.0,218.0,0.1999999999999999,0.0,1.0,True
2026-07-30 13:00:00+00:00,tt_sudirman,Jl. Sudirman (HI),Jabodetabek,30.0,38.0,478.0,377.0,0.2105263157894736,0.0,1.0,True
2026-07-30 13:00:00+00:00,tt_tangerang,Tol Jakarta-Merak,Jabodetabek,48.0,48.0,193.0,193.0,0.0,0.0,1.0,True
2026-07-30 13:00:00+00:00,tt_tbsimatupang,TB Simatupang,Jabodetabek,72.0,72.0,343.0,343.0,0.0,0.0,1.0,True
2026-07-30 13:00:00+00:00,tt_thamrin,Jl. MH Thamrin,Jabodetabek,14.0,24.0,410.0,239.0,0.4166666666666666,0.0,1.0,True
2026-07-30 14:00:00+00:00,tt_bekasi,,,,,,,,,,False
2026-07-30 14:00:00+00:00,tt_bogor,,,,,,,,,,False
2026-07-30 14:00:00+00:00,tt_bsd,,,,,,,,,,False
2026-07-30 14:00:00+00:00,tt_cawang,,,,,,,,,,False
2026-07-30 14:00:00+00:00,tt_depok,,,,,,,,,,False
2026-07-30 14:00:00+00:00,tt_gatsu,,,,,,,,,,False
2026-07-30 14:00:00+00:00,tt_grogol,,,,,,,,,,False
2026-07-30 14:00:00+00:00,tt_kebonjeruk,,,,,,,,,,False
2026-07-30 14:00:00+00:00,tt_kelapagading,,,,,,,,,,False
2026-07-30 14:00:00+00:00,tt_kuningan,,,,,,,,,,False
2026-07-30 14:00:00+00:00,tt_sudirman,,,,,,,,,,False
2026-07-30 14:00:00+00:00,tt_tangerang,,,,,,,,,,False
2026-07-30 14:00:00+00:00,tt_tbsimatupang,,,,,,,,,,False
2026-07-30 14:00:00+00:00,tt_thamrin,,,,,,,,,,False
2026-07-30 15:00:00+00:00,tt_bekasi,Tol Jakarta-Cikampek,Jabodetabek,18.0,18.0,1072.0,1072.0,0.0,0.0,1.0,True
2026-07-30 15:00:00+00:00,tt_bogor,Tol Jagorawi (Bogor),Jabodetabek,45.0,45.0,658.0,658.0,0.0,0.0,1.0,True
2026-07-30 15:00:00+00:00,tt_bsd,BSD/Serpong,Jabodetabek,34.0,34.0,165.0,165.0,0.0,0.0,1.0,True
2026-07-30 15:00:00+00:00,tt_cawang,Cawang interchange,Jabodetabek,34.0,43.0,79.0,62.0,0.2093023255813954,0.0,1.0,True
2026-07-30 15:00:00+00:00,tt_depok,Jl. Margonda (Depok),Jabodetabek,31.0,31.0,1778.0,1778.0,0.0,0.0,1.0,True
2026-07-30 15:00:00+00:00,tt_gatsu,Jl. Gatot Subroto,Jabodetabek,45.0,45.0,52.0,52.0,0.0,0.0,1.0,True
2026-07-30 15:00:00+00:00,tt_grogol,Grogol,Jabodetabek,40.0,40.0,304.0,304.0,0.0,0.0,1.0,True
2026-07-30 15:00:00+00:00,tt_kebonjeruk,Tol Kebon Jeruk,Jabodetabek,30.0,36.0,1351.0,1126.0,0.1666666666666666,0.0,1.0,True
2026-07-30 15:00:00+00:00,tt_kelapagading,Kelapa Gading,Jabodetabek,29.0,29.0,1059.0,1059.0,0.0,0.0,1.0,True
2026-07-30 15:00:00+00:00,tt_kuningan,Jl. HR Rasuna Said,Jabodetabek,21.0,21.0,208.0,208.0,0.0,0.0,1.0,True
2026-07-30 15:00:00+00:00,tt_sudirman,Jl. Sudirman (HI),Jabodetabek,32.0,38.0,448.0,377.0,0.1578947368421053,0.0,1.0,True
2026-07-30 15:00:00+00:00,tt_tangerang,Tol Jakarta-Merak,Jabodetabek,48.0,48.0,193.0,193.0,0.0,0.0,1.0,True
2026-07-30 15:00:00+00:00,tt_tbsimatupang,TB Simatupang,Jabodetabek,72.0,72.0,343.0,343.0,0.0,0.0,1.0,True
2026-07-30 15:00:00+00:00,tt_thamrin,Jl. MH Thamrin,Jabodetabek,22.0,22.0,261.0,261.0,0.0,0.0,1.0,True
2026-07-30 16:00:00+00:00,tt_bekasi,Tol Jakarta-Cikampek,Jabodetabek,18.0,18.0,1072.0,1072.0,0.0,0.0,1.0,True
2026-07-30 16:00:00+00:00,tt_bogor,Tol Jagorawi (Bogor),Jabodetabek,45.0,45.0,658.0,658.0,0.0,0.0,1.0,True
2026-07-30 16:00:00+00:00,tt_bsd,BSD/Serpong,Jabodetabek,34.0,34.0,165.0,165.0,0.0,0.0,1.0,True
2026-07-30 16:00:00+00:00,tt_cawang,Cawang interchange,Jabodetabek,36.0,42.0,75.0,64.0,0.1428571428571429,0.0,1.0,True
2026-07-30 16:00:00+00:00,tt_depok,Jl. Margonda (Depok),Jabodetabek,31.0,31.0,1778.0,1778.0,0.0,0.0,1.0,True
2026-07-30 16:00:00+00:00,tt_gatsu,Jl. Gatot Subroto,Jabodetabek,45.0,45.0,52.0,52.0,0.0,0.0,1.0,True
2026-07-30 16:00:00+00:00,tt_grogol,Grogol,Jabodetabek,40.0,40.0,304.0,304.0,0.0,0.0,1.0,True
2026-07-30 16:00:00+00:00,tt_kebonjeruk,Tol Kebon Jeruk,Jabodetabek,35.0,35.0,1158.0,1158.0,0.0,0.0,1.0,True
2026-07-30 16:00:00+00:00,tt_kelapagading,Kelapa Gading,Jabodetabek,29.0,29.0,1059.0,1059.0,0.0,0.0,1.0,True
2026-07-30 16:00:00+00:00,tt_kuningan,Jl. HR Rasuna Said,Jabodetabek,21.0,21.0,208.0,208.0,0.0,0.0,1.0,True
2026-07-30 16:00:00+00:00,tt_sudirman,Jl. Sudirman (HI),Jabodetabek,38.0,38.0,377.0,377.0,0.0,0.0,1.0,True
2026-07-30 16:00:00+00:00,tt_tangerang,Tol Jakarta-Merak,Jabodetabek,48.0,48.0,193.0,193.0,0.0,0.0,1.0,True
2026-07-30 16:00:00+00:00,tt_tbsimatupang,TB Simatupang,Jabodetabek,72.0,72.0,343.0,343.0,0.0,0.0,1.0,True
2026-07-30 16:00:00+00:00,tt_thamrin,Jl. MH Thamrin,Jabodetabek,22.0,22.0,261.0,261.0,0.0,0.0,1.0,True
2026-07-30 17:00:00+00:00,tt_bekasi,,,,,,,,,,False
2026-07-30 17:00:00+00:00,tt_bogor,,,,,,,,,,False
2026-07-30 17:00:00+00:00,tt_bsd,,,,,,,,,,False
2026-07-30 17:00:00+00:00,tt_cawang,,,,,,,,,,False
2026-07-30 17:00:00+00:00,tt_depok,,,,,,,,,,False
2026-07-30 17:00:00+00:00,tt_gatsu,,,,,,,,,,False
2026-07-30 17:00:00+00:00,tt_grogol,,,,,,,,,,False
2026-07-30 17:00:00+00:00,tt_kebonjeruk,,,,,,,,,,False
2026-07-30 17:00:00+00:00,tt_kelapagading,,,,,,,,,,False
2026-07-30 17:00:00+00:00,tt_kuningan,,,,,,,,,,False
2026-07-30 17:00:00+00:00,tt_sudirman,,,,,,,,,,False
2026-07-30 17:00:00+00:00,tt_tangerang,,,,,,,,,,False
2026-07-30 17:00:00+00:00,tt_tbsimatupang,,,,,,,,,,False
2026-07-30 17:00:00+00:00,tt_thamrin,,,,,,,,,,False
2026-07-30 18:00:00+00:00,tt_bekasi,Tol Jakarta-Cikampek,Jabodetabek,18.0,18.0,1072.0,1072.0,0.0,0.0,1.0,True
2026-07-30 18:00:00+00:00,tt_bogor,Tol Jagorawi (Bogor),Jabodetabek,45.0,45.0,658.0,658.0,0.0,0.0,1.0,True
2026-07-30 18:00:00+00:00,tt_bsd,BSD/Serpong,Jabodetabek,34.0,34.0,165.0,165.0,0.0,0.0,1.0,True
2026-07-30 18:00:00+00:00,tt_cawang,Cawang interchange,Jabodetabek,43.0,43.0,62.0,62.0,0.0,0.0,1.0,True
2026-07-30 18:00:00+00:00,tt_depok,Jl. Margonda (Depok),Jabodetabek,31.0,31.0,1778.0,1778.0,0.0,0.0,1.0,True
2026-07-30 18:00:00+00:00,tt_gatsu,Jl. Gatot Subroto,Jabodetabek,45.0,45.0,52.0,52.0,0.0,0.0,1.0,True
2026-07-30 18:00:00+00:00,tt_grogol,Grogol,Jabodetabek,40.0,40.0,304.0,304.0,0.0,0.0,1.0,True
2026-07-30 18:00:00+00:00,tt_kebonjeruk,Tol Kebon Jeruk,Jabodetabek,35.0,35.0,1158.0,1158.0,0.0,0.0,1.0,True
2026-07-30 18:00:00+00:00,tt_kelapagading,Kelapa Gading,Jabodetabek,29.0,29.0,1059.0,1059.0,0.0,0.0,1.0,True
2026-07-30 18:00:00+00:00,tt_kuningan,Jl. HR Rasuna Said,Jabodetabek,21.0,21.0,208.0,208.0,0.0,0.0,1.0,True
2026-07-30 18:00:00+00:00,tt_sudirman,Jl. Sudirman (HI),Jabodetabek,38.0,38.0,377.0,377.0,0.0,0.0,1.0,True
2026-07-30 18:00:00+00:00,tt_tangerang,Tol Jakarta-Merak,Jabodetabek,48.0,48.0,193.0,193.0,0.0,0.0,1.0,True
2026-07-30 18:00:00+00:00,tt_tbsimatupang,TB Simatupang,Jabodetabek,72.0,72.0,343.0,343.0,0.0,0.0,1.0,True
2026-07-30 18:00:00+00:00,tt_thamrin,Jl. MH Thamrin,Jabodetabek,22.0,22.0,261.0,261.0,0.0,0.0,1.0,True
2026-07-30 19:00:00+00:00,tt_bekasi,Tol Jakarta-Cikampek,Jabodetabek,18.0,18.0,1072.0,1072.0,0.0,0.0,1.0,True
2026-07-30 19:00:00+00:00,tt_bogor,Tol Jagorawi (Bogor),Jabodetabek,45.0,45.0,658.0,658.0,0.0,0.0,1.0,True
2026-07-30 19:00:00+00:00,tt_bsd,BSD/Serpong,Jabodetabek,34.0,34.0,165.0,165.0,0.0,0.0,1.0,True
2026-07-30 19:00:00+00:00,tt_cawang,Cawang interchange,Jabodetabek,43.0,43.0,62.0,62.0,0.0,0.0,1.0,True
2026-07-30 19:00:00+00:00,tt_depok,Jl. Margonda (Depok),Jabodetabek,31.0,31.0,1778.0,1778.0,0.0,0.0,1.0,True
2026-07-30 19:00:00+00:00,tt_gatsu,Jl. Gatot Subroto,Jabodetabek,45.0,45.0,52.0,52.0,0.0,0.0,1.0,True
2026-07-30 19:00:00+00:00,tt_grogol,Grogol,Jabodetabek,40.0,40.0,304.0,304.0,0.0,0.0,1.0,True
2026-07-30 19:00:00+00:00,tt_kebonjeruk,Tol Kebon Jeruk,Jabodetabek,35.0,35.0,1158.0,1158.0,0.0,0.0,1.0,True
2026-07-30 19:00:00+00:00,tt_kelapagading,Kelapa Gading,Jabodetabek,29.0,29.0,1059.0,1059.0,0.0,0.0,1.0,True
2026-07-30 19:00:00+00:00,tt_kuningan,Jl. HR Rasuna Said,Jabodetabek,21.0,21.0,208.0,208.0,0.0,0.0,1.0,True
2026-07-30 19:00:00+00:00,tt_sudirman,Jl. Sudirman (HI),Jabodetabek,38.0,38.0,377.0,377.0,0.0,0.0,1.0,True
2026-07-30 19:00:00+00:00,tt_tangerang,Tol Jakarta-Merak,Jabodetabek,48.0,48.0,193.0,193.0,0.0,0.0,1.0,True
2026-07-30 19:00:00+00:00,tt_tbsimatupang,TB Simatupang,Jabodetabek,72.0,72.0,343.0,343.0,0.0,0.0,1.0,True
2026-07-30 19:00:00+00:00,tt_thamrin,Jl. MH Thamrin,Jabodetabek,22.0,22.0,261.0,261.0,0.0,0.0,1.0,True
2026-07-30 20:00:00+00:00,tt_bekasi,,,,,,,,,,False
2026-07-30 20:00:00+00:00,tt_bogor,,,,,,,,,,False
2026-07-30 20:00:00+00:00,tt_bsd,,,,,,,,,,False
2026-07-30 20:00:00+00:00,tt_cawang,,,,,,,,,,False
2026-07-30 20:00:00+00:00,tt_depok,,,,,,,,,,False
2026-07-30 20:00:00+00:00,tt_gatsu,,,,,,,,,,False
2026-07-30 20:00:00+00:00,tt_grogol,,,,,,,,,,False
2026-07-30 20:00:00+00:00,tt_kebonjeruk,,,,,,,,,,False
2026-07-30 20:00:00+00:00,tt_kelapagading,,,,,,,,,,False
2026-07-30 20:00:00+00:00,tt_kuningan,,,,,,,,,,False
2026-07-30 20:00:00+00:00,tt_sudirman,,,,,,,,,,False
2026-07-30 20:00:00+00:00,tt_tangerang,,,,,,,,,,False
2026-07-30 20:00:00+00:00,tt_tbsimatupang,,,,,,,,,,False
2026-07-30 20:00:00+00:00,tt_thamrin,,,,,,,,,,False
2026-07-30 21:00:00+00:00,tt_bekasi,Tol Jakarta-Cikampek,Jabodetabek,18.0,18.0,1072.0,1072.0,0.0,0.0,1.0,True
2026-07-30 21:00:00+00:00,tt_bogor,Tol Jagorawi (Bogor),Jabodetabek,45.0,45.0,658.0,658.0,0.0,0.0,1.0,True
2026-07-30 21:00:00+00:00,tt_bsd,BSD/Serpong,Jabodetabek,34.0,34.0,165.0,165.0,0.0,0.0,1.0,True
2026-07-30 21:00:00+00:00,tt_cawang,Cawang interchange,Jabodetabek,43.0,43.0,62.0,62.0,0.0,0.0,1.0,True
2026-07-30 21:00:00+00:00,tt_depok,Jl. Margonda (Depok),Jabodetabek,31.0,31.0,1778.0,1778.0,0.0,0.0,1.0,True
2026-07-30 21:00:00+00:00,tt_gatsu,Jl. Gatot Subroto,Jabodetabek,45.0,45.0,52.0,52.0,0.0,0.0,1.0,True
2026-07-30 21:00:00+00:00,tt_grogol,Grogol,Jabodetabek,40.0,40.0,304.0,304.0,0.0,0.0,1.0,True
2026-07-30 21:00:00+00:00,tt_kebonjeruk,Tol Kebon Jeruk,Jabodetabek,35.0,35.0,1158.0,1158.0,0.0,0.0,1.0,True
2026-07-30 21:00:00+00:00,tt_kelapagading,Kelapa Gading,Jabodetabek,29.0,29.0,1059.0,1059.0,0.0,0.0,1.0,True
2026-07-30 21:00:00+00:00,tt_kuningan,Jl. HR Rasuna Said,Jabodetabek,21.0,21.0,208.0,208.0,0.0,0.0,1.0,True
2026-07-30 21:00:00+00:00,tt_sudirman,Jl. Sudirman (HI),Jabodetabek,38.0,38.0,377.0,377.0,0.0,0.0,1.0,True
2026-07-30 21:00:00+00:00,tt_tangerang,Tol Jakarta-Merak,Jabodetabek,48.0,48.0,193.0,193.0,0.0,0.0,1.0,True
2026-07-30 21:00:00+00:00,tt_tbsimatupang,TB Simatupang,Jabodetabek,72.0,72.0,343.0,343.0,0.0,0.0,1.0,True
2026-07-30 21:00:00+00:00,tt_thamrin,Jl. MH Thamrin,Jabodetabek,20.0,22.0,287.0,261.0,0.0909090909090909,0.0,0.99,True
2026-07-30 22:00:00+00:00,tt_bekasi,,,,,,,,,,False
2026-07-30 22:00:00+00:00,tt_bogor,,,,,,,,,,False
2026-07-30 22:00:00+00:00,tt_bsd,,,,,,,,,,False
2026-07-30 22:00:00+00:00,tt_cawang,,,,,,,,,,False
2026-07-30 22:00:00+00:00,tt_depok,,,,,,,,,,False
2026-07-30 22:00:00+00:00,tt_gatsu,,,,,,,,,,False
2026-07-30 22:00:00+00:00,tt_grogol,,,,,,,,,,False
2026-07-30 22:00:00+00:00,tt_kebonjeruk,,,,,,,,,,False
2026-07-30 22:00:00+00:00,tt_kelapagading,,,,,,,,,,False
2026-07-30 22:00:00+00:00,tt_kuningan,,,,,,,,,,False
2026-07-30 22:00:00+00:00,tt_sudirman,,,,,,,,,,False
2026-07-30 22:00:00+00:00,tt_tangerang,,,,,,,,,,False
2026-07-30 22:00:00+00:00,tt_tbsimatupang,,,,,,,,,,False
2026-07-30 22:00:00+00:00,tt_thamrin,,,,,,,,,,False
2026-07-30 23:00:00+00:00,tt_bekasi,Tol Jakarta-Cikampek,Jabodetabek,18.0,18.0,1072.0,1072.0,0.0,0.0,1.0,True
2026-07-30 23:00:00+00:00,tt_bogor,Tol Jagorawi (Bogor),Jabodetabek,45.0,45.0,658.0,658.0,0.0,0.0,1.0,True
2026-07-30 23:00:00+00:00,tt_bsd,BSD/Serpong,Jabodetabek,34.0,34.0,165.0,165.0,0.0,0.0,1.0,True
2026-07-30 23:00:00+00:00,tt_cawang,Cawang interchange,Jabodetabek,43.0,43.0,62.0,62.0,0.0,0.0,1.0,True
2026-07-30 23:00:00+00:00,tt_depok,Jl. Margonda (Depok),Jabodetabek,31.0,31.0,1778.0,1778.0,0.0,0.0,1.0,True
2026-07-30 23:00:00+00:00,tt_gatsu,Jl. Gatot Subroto,Jabodetabek,45.0,45.0,52.0,52.0,0.0,0.0,1.0,True
2026-07-30 23:00:00+00:00,tt_grogol,Grogol,Jabodetabek,40.0,40.0,304.0,304.0,0.0,0.0,1.0,True
2026-07-30 23:00:00+00:00,tt_kebonjeruk,Tol Kebon Jeruk,Jabodetabek,35.0,35.0,1158.0,1158.0,0.0,0.0,1.0,True
2026-07-30 23:00:00+00:00,tt_kelapagading,Kelapa Gading,Jabodetabek,29.0,29.0,1059.0,1059.0,0.0,0.0,1.0,True
2026-07-30 23:00:00+00:00,tt_kuningan,Jl. HR Rasuna Said,Jabodetabek,21.0,21.0,208.0,208.0,0.0,0.0,1.0,True
2026-07-30 23:00:00+00:00,tt_sudirman,Jl. Sudirman (HI),Jabodetabek,38.0,38.0,377.0,377.0,0.0,0.0,1.0,True
2026-07-30 23:00:00+00:00,tt_tangerang,Tol Jakarta-Merak,Jabodetabek,48.0,48.0,193.0,193.0,0.0,0.0,1.0,True
2026-07-30 23:00:00+00:00,tt_tbsimatupang,TB Simatupang,Jabodetabek,72.0,72.0,343.0,343.0,0.0,0.0,1.0,True
2026-07-30 23:00:00+00:00,tt_thamrin,Jl. MH Thamrin,Jabodetabek,22.0,22.0,261.0,261.0,0.0,0.0,1.0,True
2026-07-31 00:00:00+00:00,tt_bekasi,Tol Jakarta-Cikampek,Jabodetabek,18.0,18.0,1072.0,1072.0,0.0,0.0,1.0,True
2026-07-31 00:00:00+00:00,tt_bogor,Tol Jagorawi (Bogor),Jabodetabek,36.0,45.0,823.0,658.0,0.1999999999999999,0.0,1.0,True
2026-07-31 00:00:00+00:00,tt_bsd,BSD/Serpong,Jabodetabek,29.0,34.0,193.0,165.0,0.1470588235294118,0.0,1.0,True
2026-07-31 00:00:00+00:00,tt_cawang,Cawang interchange,Jabodetabek,12.0,43.0,225.0,62.0,0.7209302325581395,0.0,1.0,True
2026-07-31 00:00:00+00:00,tt_depok,Jl. Margonda (Depok),Jabodetabek,31.0,31.0,1778.0,1778.0,0.0,0.0,1.0,True
2026-07-31 00:00:00+00:00,tt_gatsu,Jl. Gatot Subroto,Jabodetabek,45.0,45.0,52.0,52.0,0.0,0.0,1.0,True
2026-07-31 00:00:00+00:00,tt_grogol,Grogol,Jabodetabek,33.0,40.0,369.0,304.0,0.175,0.0,1.0,True
2026-07-31 00:00:00+00:00,tt_kebonjeruk,Tol Kebon Jeruk,Jabodetabek,27.0,35.0,1501.0,1158.0,0.2285714285714285,0.0,1.0,True
2026-07-31 00:00:00+00:00,tt_kelapagading,Kelapa Gading,Jabodetabek,29.0,29.0,1059.0,1059.0,0.0,0.0,1.0,True
2026-07-31 00:00:00+00:00,tt_kuningan,Jl. HR Rasuna Said,Jabodetabek,21.0,21.0,208.0,208.0,0.0,0.0,1.0,True
2026-07-31 00:00:00+00:00,tt_sudirman,Jl. Sudirman (HI),Jabodetabek,30.0,39.0,478.0,368.0,0.2307692307692307,0.0,1.0,True
2026-07-31 00:00:00+00:00,tt_tangerang,Tol Jakarta-Merak,Jabodetabek,38.0,48.0,244.0,193.0,0.2083333333333333,0.0,1.0,True
2026-07-31 00:00:00+00:00,tt_tbsimatupang,TB Simatupang,Jabodetabek,38.0,72.0,650.0,343.0,0.4722222222222222,0.0,1.0,True
2026-07-31 00:00:00+00:00,tt_thamrin,Jl. MH Thamrin,Jabodetabek,22.0,24.0,261.0,239.0,0.0833333333333333,0.0,1.0,True
2026-07-31 01:00:00+00:00,tt_bekasi,,,,,,,,,,False
2026-07-31 01:00:00+00:00,tt_bogor,,,,,,,,,,False
2026-07-31 01:00:00+00:00,tt_bsd,,,,,,,,,,False
2026-07-31 01:00:00+00:00,tt_cawang,,,,,,,,,,False
2026-07-31 01:00:00+00:00,tt_depok,,,,,,,,,,False
2026-07-31 01:00:00+00:00,tt_gatsu,,,,,,,,,,False
2026-07-31 01:00:00+00:00,tt_grogol,,,,,,,,,,False
2026-07-31 01:00:00+00:00,tt_kebonjeruk,,,,,,,,,,False
2026-07-31 01:00:00+00:00,tt_kelapagading,,,,,,,,,,False
2026-07-31 01:00:00+00:00,tt_kuningan,,,,,,,,,,False
2026-07-31 01:00:00+00:00,tt_sudirman,,,,,,,,,,False
2026-07-31 01:00:00+00:00,tt_tangerang,,,,,,,,,,False
2026-07-31 01:00:00+00:00,tt_tbsimatupang,,,,,,,,,,False
2026-07-31 01:00:00+00:00,tt_thamrin,,,,,,,,,,False
2026-07-31 02:00:00+00:00,tt_bekasi,Tol Jakarta-Cikampek,Jabodetabek,18.0,18.0,1072.0,1072.0,0.0,0.0,1.0,True
2026-07-31 02:00:00+00:00,tt_bogor,Tol Jagorawi (Bogor),Jabodetabek,37.0,45.0,800.0,658.0,0.1777777777777778,0.0,1.0,True
2026-07-31 02:00:00+00:00,tt_bsd,BSD/Serpong,Jabodetabek,34.0,34.0,165.0,165.0,0.0,0.0,1.0,True
2026-07-31 02:00:00+00:00,tt_cawang,Cawang interchange,Jabodetabek,18.0,43.0,150.0,62.0,0.5813953488372092,0.0,1.0,True
2026-07-31 02:00:00+00:00,tt_depok,Jl. Margonda (Depok),Jabodetabek,31.0,31.0,1778.0,1778.0,0.0,0.0,1.0,True
2026-07-31 02:00:00+00:00,tt_gatsu,Jl. Gatot Subroto,Jabodetabek,45.0,45.0,52.0,52.0,0.0,0.0,1.0,True
2026-07-31 02:00:00+00:00,tt_grogol,Grogol,Jabodetabek,32.0,40.0,381.0,304.0,0.1999999999999999,0.0,1.0,True
2026-07-31 02:00:00+00:00,tt_kebonjeruk,Tol Kebon Jeruk,Jabodetabek,25.0,36.0,1622.0,1126.0,0.3055555555555556,0.0,1.0,True
2026-07-31 02:00:00+00:00,tt_kelapagading,Kelapa Gading,Jabodetabek,29.0,29.0,1059.0,1059.0,0.0,0.0,1.0,True
2026-07-31 02:00:00+00:00,tt_kuningan,Jl. HR Rasuna Said,Jabodetabek,21.0,21.0,208.0,208.0,0.0,0.0,1.0,True
2026-07-31 02:00:00+00:00,tt_sudirman,Jl. Sudirman (HI),Jabodetabek,24.0,39.0,598.0,368.0,0.3846153846153846,0.0,1.0,True
2026-07-31 02:00:00+00:00,tt_tangerang,Tol Jakarta-Merak,Jabodetabek,38.0,47.0,244.0,197.0,0.1914893617021277,0.0,1.0,True
2026-07-31 02:00:00+00:00,tt_tbsimatupang,TB Simatupang,Jabodetabek,51.0,71.0,485.0,348.0,0.2816901408450704,0.0,1.0,True
2026-07-31 02:00:00+00:00,tt_thamrin,Jl. MH Thamrin,Jabodetabek,18.0,22.0,319.0,261.0,0.1818181818181817,0.0,1.0,True
2026-07-31 03:00:00+00:00,tt_bekasi,Tol Jakarta-Cikampek,Jabodetabek,18.0,18.0,1072.0,1072.0,0.0,0.0,1.0,True
2026-07-31 03:00:00+00:00,tt_bogor,Tol Jagorawi (Bogor),Jabodetabek,45.0,45.0,658.0,658.0,0.0,0.0,1.0,True
2026-07-31 03:00:00+00:00,tt_bsd,BSD/Serpong,Jabodetabek,28.0,34.0,200.0,165.0,0.1764705882352941,0.0,1.0,True
2026-07-31 03:00:00+00:00,tt_cawang,Cawang interchange,Jabodetabek,19.0,41.0,142.0,65.0,0.5365853658536586,0.0,1.0,True
2026-07-31 03:00:00+00:00,tt_depok,Jl. Margonda (Depok),Jabodetabek,25.0,31.0,2205.0,1778.0,0.1935483870967742,0.0,0.963271,True
2026-07-31 03:00:00+00:00,tt_gatsu,Jl. Gatot Subroto,Jabodetabek,45.0,45.0,52.0,52.0,0.0,0.0,1.0,True
2026-07-31 03:00:00+00:00,tt_grogol,Grogol,Jabodetabek,29.0,40.0,420.0,304.0,0.275,0.0,1.0,True
2026-07-31 03:00:00+00:00,tt_kebonjeruk,Tol Kebon Jeruk,Jabodetabek,21.0,35.0,1931.0,1158.0,0.4,0.0,1.0,True
2026-07-31 03:00:00+00:00,tt_kelapagading,Kelapa Gading,Jabodetabek,22.0,29.0,1396.0,1059.0,0.2413793103448276,0.0,0.998549,True
2026-07-31 03:00:00+00:00,tt_kuningan,Jl. HR Rasuna Said,Jabodetabek,21.0,21.0,208.0,208.0,0.0,0.0,1.0,True
2026-07-31 03:00:00+00:00,tt_sudirman,Jl. Sudirman (HI),Jabodetabek,33.0,39.0,434.0,368.0,0.1538461538461538,0.0,1.0,True
2026-07-31 03:00:00+00:00,tt_tangerang,Tol Jakarta-Merak,Jabodetabek,38.0,47.0,244.0,197.0,0.1914893617021277,0.0,1.0,True
2026-07-31 03:00:00+00:00,tt_tbsimatupang,TB Simatupang,Jabodetabek,35.0,72.0,706.0,343.0,0.5138888888888888,0.0,1.0,True
2026-07-31 03:00:00+00:00,tt_thamrin,Jl. MH Thamrin,Jabodetabek,18.0,22.0,319.0,261.0,0.1818181818181817,0.0,1.0,True
2026-07-31 04:00:00+00:00,tt_bekasi,,,,,,,,,,False
2026-07-31 04:00:00+00:00,tt_bogor,,,,,,,,,,False
2026-07-31 04:00:00+00:00,tt_bsd,,,,,,,,,,False
2026-07-31 04:00:00+00:00,tt_cawang,,,,,,,,,,False
2026-07-31 04:00:00+00:00,tt_depok,,,,,,,,,,False
2026-07-31 04:00:00+00:00,tt_gatsu,,,,,,,,,,False
2026-07-31 04:00:00+00:00,tt_grogol,,,,,,,,,,False
2026-07-31 04:00:00+00:00,tt_kebonjeruk,,,,,,,,,,False
2026-07-31 04:00:00+00:00,tt_kelapagading,,,,,,,,,,False
2026-07-31 04:00:00+00:00,tt_kuningan,,,,,,,,,,False
2026-07-31 04:00:00+00:00,tt_sudirman,,,,,,,,,,False
2026-07-31 04:00:00+00:00,tt_tangerang,,,,,,,,,,False
2026-07-31 04:00:00+00:00,tt_tbsimatupang,,,,,,,,,,False
2026-07-31 04:00:00+00:00,tt_thamrin,,,,,,,,,,False
2026-07-31 05:00:00+00:00,tt_bekasi,Tol Jakarta-Cikampek,Jabodetabek,18.0,18.0,1072.0,1072.0,0.0,0.0,1.0,True
2026-07-31 05:00:00+00:00,tt_bogor,Tol Jagorawi (Bogor),Jabodetabek,45.0,45.0,658.0,658.0,0.0,0.0,1.0,True
2026-07-31 05:00:00+00:00,tt_bsd,BSD/Serpong,Jabodetabek,34.0,34.0,165.0,165.0,0.0,0.0,1.0,True
2026-07-31 05:00:00+00:00,tt_cawang,Cawang interchange,Jabodetabek,30.0,42.0,90.0,64.0,0.2857142857142857,0.0,1.0,True
2026-07-31 05:00:00+00:00,tt_depok,Jl. Margonda (Depok),Jabodetabek,31.0,31.0,1778.0,1778.0,0.0,0.0,1.0,True
2026-07-31 05:00:00+00:00,tt_gatsu,Jl. Gatot Subroto,Jabodetabek,45.0,45.0,52.0,52.0,0.0,0.0,1.0,True
2026-07-31 05:00:00+00:00,tt_grogol,Grogol,Jabodetabek,35.0,40.0,348.0,304.0,0.125,0.0,1.0,True
2026-07-31 05:00:00+00:00,tt_kebonjeruk,Tol Kebon Jeruk,Jabodetabek,23.0,35.0,1763.0,1158.0,0.3428571428571428,0.0,1.0,True
2026-07-31 05:00:00+00:00,tt_kelapagading,Kelapa Gading,Jabodetabek,21.0,29.0,1463.0,1059.0,0.2758620689655172,0.0,0.998549,True
2026-07-31 05:00:00+00:00,tt_kuningan,Jl. HR Rasuna Said,Jabodetabek,21.0,21.0,208.0,208.0,0.0,0.0,1.0,True
2026-07-31 05:00:00+00:00,tt_sudirman,Jl. Sudirman (HI),Jabodetabek,31.0,39.0,463.0,368.0,0.2051282051282051,0.0,1.0,True
2026-07-31 05:00:00+00:00,tt_tangerang,Tol Jakarta-Merak,Jabodetabek,48.0,48.0,193.0,193.0,0.0,0.0,1.0,True
2026-07-31 05:00:00+00:00,tt_tbsimatupang,TB Simatupang,Jabodetabek,50.0,72.0,494.0,343.0,0.3055555555555556,0.0,1.0,True
2026-07-31 05:00:00+00:00,tt_thamrin,Jl. MH Thamrin,Jabodetabek,22.0,22.0,261.0,261.0,0.0,0.0,1.0,True
2026-07-31 06:00:00+00:00,tt_bekasi,Tol Jakarta-Cikampek,Jabodetabek,14.0,17.0,1378.0,1135.0,0.1764705882352941,0.0,0.979064,True
2026-07-31 06:00:00+00:00,tt_bogor,Tol Jagorawi (Bogor),Jabodetabek,33.0,45.0,897.0,658.0,0.2666666666666667,0.0,1.0,True
2026-07-31 06:00:00+00:00,tt_bsd,BSD/Serpong,Jabodetabek,34.0,34.0,165.0,165.0,0.0,0.0,1.0,True
2026-07-31 06:00:00+00:00,tt_cawang,Cawang interchange,Jabodetabek,21.0,41.0,128.0,65.0,0.4878048780487805,0.0,1.0,True
2026-07-31 06:00:00+00:00,tt_depok,Jl. Margonda (Depok),Jabodetabek,26.0,31.0,2120.0,1778.0,0.1612903225806451,0.0,0.977301,True
2026-07-31 06:00:00+00:00,tt_gatsu,Jl. Gatot Subroto,Jabodetabek,26.0,44.0,90.0,53.0,0.409090909090909,0.0,1.0,True
2026-07-31 06:00:00+00:00,tt_grogol,Grogol,Jabodetabek,31.0,39.0,393.0,312.0,0.2051282051282051,0.0,1.0,True
2026-07-31 06:00:00+00:00,tt_kebonjeruk,Tol Kebon Jeruk,Jabodetabek,22.0,35.0,1843.0,1158.0,0.3714285714285714,0.0,1.0,True
2026-07-31 06:00:00+00:00,tt_kelapagading,Kelapa Gading,Jabodetabek,19.0,29.0,1617.0,1059.0,0.3448275862068966,0.0,1.0,True
2026-07-31 06:00:00+00:00,tt_kuningan,Jl. HR Rasuna Said,Jabodetabek,21.0,21.0,208.0,208.0,0.0,0.0,1.0,True
2026-07-31 06:00:00+00:00,tt_sudirman,Jl. Sudirman (HI),Jabodetabek,23.0,38.0,624.0,377.0,0.3947368421052631,0.0,1.0,True
2026-07-31 06:00:00+00:00,tt_tangerang,Tol Jakarta-Merak,Jabodetabek,39.0,47.0,237.0,197.0,0.1702127659574468,0.0,1.0,True
2026-07-31 06:00:00+00:00,tt_tbsimatupang,TB Simatupang,Jabodetabek,49.0,71.0,504.0,348.0,0.3098591549295775,0.0,1.0,True
2026-07-31 06:00:00+00:00,tt_thamrin,Jl. MH Thamrin,Jabodetabek,20.0,25.0,287.0,229.0,0.1999999999999999,0.0,1.0,True
2026-07-31 07:00:00+00:00,tt_bekasi,,,,,,,,,,False
2026-07-31 07:00:00+00:00,tt_bogor,,,,,,,,,,False
2026-07-31 07:00:00+00:00,tt_bsd,,,,,,,,,,False
2026-07-31 07:00:00+00:00,tt_cawang,,,,,,,,,,False
2026-07-31 07:00:00+00:00,tt_depok,,,,,,,,,,False
2026-07-31 07:00:00+00:00,tt_gatsu,,,,,,,,,,False
2026-07-31 07:00:00+00:00,tt_grogol,,,,,,,,,,False
2026-07-31 07:00:00+00:00,tt_kebonjeruk,,,,,,,,,,False
2026-07-31 07:00:00+00:00,tt_kelapagading,,,,,,,,,,False
2026-07-31 07:00:00+00:00,tt_kuningan,,,,,,,,,,False
2026-07-31 07:00:00+00:00,tt_sudirman,,,,,,,,,,False
2026-07-31 07:00:00+00:00,tt_tangerang,,,,,,,,,,False
2026-07-31 07:00:00+00:00,tt_tbsimatupang,,,,,,,,,,False
2026-07-31 07:00:00+00:00,tt_thamrin,,,,,,,,,,False
2026-07-31 08:00:00+00:00,tt_bekasi,Tol Jakarta-Cikampek,Jabodetabek,18.0,18.0,1072.0,1072.0,0.0,0.0,1.0,True
2026-07-31 08:00:00+00:00,tt_bogor,Tol Jagorawi (Bogor),Jabodetabek,36.0,44.0,823.0,673.0,0.1818181818181817,0.0,1.0,True
2026-07-31 08:00:00+00:00,tt_bsd,BSD/Serpong,Jabodetabek,34.0,34.0,165.0,165.0,0.0,0.0,1.0,True
2026-07-31 08:00:00+00:00,tt_cawang,Cawang interchange,Jabodetabek,43.0,43.0,62.0,62.0,0.0,0.0,1.0,True
2026-07-31 08:00:00+00:00,tt_depok,Jl. Margonda (Depok),Jabodetabek,31.0,31.0,1778.0,1778.0,0.0,0.0,1.0,True
2026-07-31 08:00:00+00:00,tt_gatsu,Jl. Gatot Subroto,Jabodetabek,45.0,45.0,52.0,52.0,0.0,0.0,1.0,True
2026-07-31 08:00:00+00:00,tt_grogol,Grogol,Jabodetabek,33.0,39.0,369.0,312.0,0.1538461538461538,0.0,0.998084,True
2026-07-31 08:00:00+00:00,tt_kebonjeruk,Tol Kebon Jeruk,Jabodetabek,22.0,35.0,1843.0,1158.0,0.3714285714285714,0.0,1.0,True
2026-07-31 08:00:00+00:00,tt_kelapagading,Kelapa Gading,Jabodetabek,20.0,29.0,1536.0,1059.0,0.3103448275862068,0.0,1.0,True
2026-07-31 08:00:00+00:00,tt_kuningan,Jl. HR Rasuna Said,Jabodetabek,21.0,21.0,208.0,208.0,0.0,0.0,1.0,True
2026-07-31 08:00:00+00:00,tt_sudirman,Jl. Sudirman (HI),Jabodetabek,23.0,39.0,624.0,368.0,0.4102564102564102,0.0,1.0,True
2026-07-31 08:00:00+00:00,tt_tangerang,Tol Jakarta-Merak,Jabodetabek,36.0,48.0,257.0,193.0,0.25,0.0,1.0,True
2026-07-31 08:00:00+00:00,tt_tbsimatupang,TB Simatupang,Jabodetabek,41.0,71.0,603.0,348.0,0.4225352112676056,0.0,1.0,True
2026-07-31 08:00:00+00:00,tt_thamrin,Jl. MH Thamrin,Jabodetabek,14.0,23.0,410.0,249.0,0.3913043478260869,0.0,1.0,True
2026-07-31 09:00:00+00:00,tt_bekasi,,,,,,,,,,False
2026-07-31 09:00:00+00:00,tt_bogor,,,,,,,,,,False
2026-07-31 09:00:00+00:00,tt_bsd,,,,,,,,,,False
2026-07-31 09:00:00+00:00,tt_cawang,,,,,,,,,,False
2026-07-31 09:00:00+00:00,tt_depok,,,,,,,,,,False
2026-07-31 09:00:00+00:00,tt_gatsu,,,,,,,,,,False
2026-07-31 09:00:00+00:00,tt_grogol,,,,,,,,,,False
2026-07-31 09:00:00+00:00,tt_kebonjeruk,,,,,,,,,,False
2026-07-31 09:00:00+00:00,tt_kelapagading,,,,,,,,,,False
2026-07-31 09:00:00+00:00,tt_kuningan,,,,,,,,,,False
2026-07-31 09:00:00+00:00,tt_sudirman,,,,,,,,,,False
2026-07-31 09:00:00+00:00,tt_tangerang,,,,,,,,,,False
2026-07-31 09:00:00+00:00,tt_tbsimatupang,,,,,,,,,,False
2026-07-31 09:00:00+00:00,tt_thamrin,,,,,,,,,,False
2026-07-31 10:00:00+00:00,tt_bekasi,Tol Jakarta-Cikampek,Jabodetabek,15.0,18.0,1286.0,1072.0,0.1666666666666666,0.0,0.969107,True
2026-07-31 10:00:00+00:00,tt_bogor,Tol Jagorawi (Bogor),Jabodetabek,36.0,44.0,823.0,673.0,0.1818181818181817,0.0,1.0,True
2026-07-31 10:00:00+00:00,tt_bsd,BSD/Serpong,Jabodetabek,34.0,34.0,165.0,165.0,0.0,0.0,1.0,True
2026-07-31 10:00:00+00:00,tt_cawang,Cawang interchange,Jabodetabek,30.0,43.0,90.0,62.0,0.3023255813953488,0.0,1.0,True
2026-07-31 10:00:00+00:00,tt_depok,Jl. Margonda (Depok),Jabodetabek,25.0,32.0,2205.0,1722.0,0.21875,0.0,0.970822,True
2026-07-31 10:00:00+00:00,tt_gatsu,Jl. Gatot Subroto,Jabodetabek,45.0,45.0,52.0,52.0,0.0,0.0,1.0,True
2026-07-31 10:00:00+00:00,tt_grogol,Grogol,Jabodetabek,30.0,39.0,406.0,312.0,0.2307692307692307,0.0,0.999126,True
2026-07-31 10:00:00+00:00,tt_kebonjeruk,Tol Kebon Jeruk,Jabodetabek,20.0,35.0,2027.0,1158.0,0.4285714285714286,0.0,1.0,True
2026-07-31 10:00:00+00:00,tt_kelapagading,Kelapa Gading,Jabodetabek,21.0,29.0,1463.0,1059.0,0.2758620689655172,0.0,0.997931,True
2026-07-31 10:00:00+00:00,tt_kuningan,Jl. HR Rasuna Said,Jabodetabek,15.0,21.0,291.0,208.0,0.2857142857142857,0.0,1.0,True
2026-07-31 10:00:00+00:00,tt_sudirman,Jl. Sudirman (HI),Jabodetabek,23.0,38.0,624.0,377.0,0.3947368421052631,0.0,1.0,True
2026-07-31 10:00:00+00:00,tt_tangerang,Tol Jakarta-Merak,Jabodetabek,36.0,48.0,257.0,193.0,0.25,0.0,1.0,True
2026-07-31 10:00:00+00:00,tt_tbsimatupang,TB Simatupang,Jabodetabek,22.0,72.0,1124.0,343.0,0.6944444444444444,0.0,1.0,True
2026-07-31 10:00:00+00:00,tt_thamrin,Jl. MH Thamrin,Jabodetabek,16.0,22.0,359.0,261.0,0.2727272727272727,0.0,1.0,True
2026-07-31 11:00:00+00:00,tt_bekasi,Tol Jakarta-Cikampek,Jabodetabek,13.0,18.0,1484.0,1072.0,0.2777777777777778,0.0,0.97,True
2026-07-31 11:00:00+00:00,tt_bogor,Tol Jagorawi (Bogor),Jabodetabek,30.0,44.0,987.0,673.0,0.3181818181818182,0.0,1.0,True
2026-07-31 11:00:00+00:00,tt_bsd,BSD/Serpong,Jabodetabek,34.0,34.0,165.0,165.0,0.0,0.0,1.0,True
2026-07-31 11:00:00+00:00,tt_cawang,Cawang interchange,Jabodetabek,43.0,43.0,62.0,62.0,0.0,0.0,1.0,True
2026-07-31 11:00:00+00:00,tt_depok,Jl. Margonda (Depok),Jabodetabek,27.0,31.0,2042.0,1778.0,0.1290322580645161,0.0,0.996024,True
2026-07-31 11:00:00+00:00,tt_gatsu,Jl. Gatot Subroto,Jabodetabek,17.0,43.0,138.0,54.0,0.6046511627906976,0.0,1.0,True
2026-07-31 11:00:00+00:00,tt_grogol,Grogol,Jabodetabek,33.0,40.0,369.0,304.0,0.175,0.0,1.0,True
2026-07-31 11:00:00+00:00,tt_kebonjeruk,Tol Kebon Jeruk,Jabodetabek,21.0,35.0,1931.0,1158.0,0.4,0.0,1.0,True
2026-07-31 11:00:00+00:00,tt_kelapagading,Kelapa Gading,Jabodetabek,19.0,29.0,1617.0,1059.0,0.3448275862068966,0.0,1.0,True
2026-07-31 11:00:00+00:00,tt_kuningan,Jl. HR Rasuna Said,Jabodetabek,16.0,21.0,273.0,208.0,0.2380952380952381,0.0,1.0,True
2026-07-31 11:00:00+00:00,tt_sudirman,Jl. Sudirman (HI),Jabodetabek,24.0,39.0,598.0,368.0,0.3846153846153846,0.0,1.0,True
2026-07-31 11:00:00+00:00,tt_tangerang,Tol Jakarta-Merak,Jabodetabek,21.0,48.0,441.0,193.0,0.5625,0.0,1.0,True
2026-07-31 11:00:00+00:00,tt_tbsimatupang,TB Simatupang,Jabodetabek,30.0,71.0,824.0,348.0,0.5774647887323944,0.0,1.0,True
2026-07-31 11:00:00+00:00,tt_thamrin,Jl. MH Thamrin,Jabodetabek,13.0,22.0,442.0,261.0,0.409090909090909,0.0,1.0,True
2026-07-31 12:00:00+00:00,tt_bekasi,,,,,,,,,,False
2026-07-31 12:00:00+00:00,tt_bogor,,,,,,,,,,False
2026-07-31 12:00:00+00:00,tt_bsd,,,,,,,,,,False
2026-07-31 12:00:00+00:00,tt_cawang,,,,,,,,,,False
2026-07-31 12:00:00+00:00,tt_depok,,,,,,,,,,False
2026-07-31 12:00:00+00:00,tt_gatsu,,,,,,,,,,False
2026-07-31 12:00:00+00:00,tt_grogol,,,,,,,,,,False
2026-07-31 12:00:00+00:00,tt_kebonjeruk,,,,,,,,,,False
2026-07-31 12:00:00+00:00,tt_kelapagading,,,,,,,,,,False
2026-07-31 12:00:00+00:00,tt_kuningan,,,,,,,,,,False
2026-07-31 12:00:00+00:00,tt_sudirman,,,,,,,,,,False
2026-07-31 12:00:00+00:00,tt_tangerang,,,,,,,,,,False
2026-07-31 12:00:00+00:00,tt_tbsimatupang,,,,,,,,,,False
2026-07-31 12:00:00+00:00,tt_thamrin,,,,,,,,,,False
2026-07-31 13:00:00+00:00,tt_bekasi,Tol Jakarta-Cikampek,Jabodetabek,18.0,18.0,1072.0,1072.0,0.0,0.0,1.0,True
2026-07-31 13:00:00+00:00,tt_bogor,Tol Jagorawi (Bogor),Jabodetabek,31.0,45.0,955.0,658.0,0.3111111111111111,0.0,1.0,True
2026-07-31 13:00:00+00:00,tt_bsd,BSD/Serpong,Jabodetabek,34.0,34.0,165.0,165.0,0.0,0.0,1.0,True
2026-07-31 13:00:00+00:00,tt_cawang,Cawang interchange,Jabodetabek,43.0,43.0,62.0,62.0,0.0,0.0,1.0,True
2026-07-31 13:00:00+00:00,tt_depok,Jl. Margonda (Depok),Jabodetabek,24.0,31.0,2297.0,1778.0,0.2258064516129032,0.0,0.996688,True
2026-07-31 13:00:00+00:00,tt_gatsu,Jl. Gatot Subroto,Jabodetabek,45.0,45.0,52.0,52.0,0.0,0.0,1.0,True
2026-07-31 13:00:00+00:00,tt_grogol,Grogol,Jabodetabek,33.0,40.0,369.0,304.0,0.175,0.0,1.0,True
2026-07-31 13:00:00+00:00,tt_kebonjeruk,Tol Kebon Jeruk,Jabodetabek,23.0,35.0,1763.0,1158.0,0.3428571428571428,0.0,1.0,True
2026-07-31 13:00:00+00:00,tt_kelapagading,Kelapa Gading,Jabodetabek,20.0,29.0,1536.0,1059.0,0.3103448275862068,0.0,1.0,True
2026-07-31 13:00:00+00:00,tt_kuningan,Jl. HR Rasuna Said,Jabodetabek,17.0,21.0,256.0,208.0,0.1904761904761904,0.0,1.0,True
2026-07-31 13:00:00+00:00,tt_sudirman,Jl. Sudirman (HI),Jabodetabek,31.0,39.0,463.0,368.0,0.2051282051282051,0.0,1.0,True
2026-07-31 13:00:00+00:00,tt_tangerang,Tol Jakarta-Merak,Jabodetabek,48.0,48.0,193.0,193.0,0.0,0.0,1.0,True
2026-07-31 13:00:00+00:00,tt_tbsimatupang,TB Simatupang,Jabodetabek,54.0,71.0,458.0,348.0,0.2394366197183098,0.0,1.0,True
2026-07-31 13:00:00+00:00,tt_thamrin,Jl. MH Thamrin,Jabodetabek,14.0,23.0,410.0,249.0,0.3913043478260869,0.0,1.0,True
2026-07-31 14:00:00+00:00,tt_bekasi,Tol Jakarta-Cikampek,Jabodetabek,18.0,18.0,1072.0,1072.0,0.0,0.0,1.0,True
2026-07-31 14:00:00+00:00,tt_bogor,Tol Jagorawi (Bogor),Jabodetabek,37.0,44.0,800.0,673.0,0.159090909090909,0.0,1.0,True
2026-07-31 14:00:00+00:00,tt_bsd,BSD/Serpong,Jabodetabek,34.0,34.0,165.0,165.0,0.0,0.0,1.0,True
2026-07-31 14:00:00+00:00,tt_cawang,Cawang interchange,Jabodetabek,43.0,43.0,62.0,62.0,0.0,0.0,1.0,True
2026-07-31 14:00:00+00:00,tt_depok,Jl. Margonda (Depok),Jabodetabek,25.0,31.0,2205.0,1778.0,0.1935483870967742,0.0,0.993698,True
2026-07-31 14:00:00+00:00,tt_gatsu,Jl. Gatot Subroto,Jabodetabek,45.0,45.0,52.0,52.0,0.0,0.0,1.0,True
2026-07-31 14:00:00+00:00,tt_grogol,Grogol,Jabodetabek,40.0,40.0,304.0,304.0,0.0,0.0,1.0,True
2026-07-31 14:00:00+00:00,tt_kebonjeruk,Tol Kebon Jeruk,Jabodetabek,28.0,36.0,1448.0,1126.0,0.2222222222222222,0.0,1.0,True
2026-07-31 14:00:00+00:00,tt_kelapagading,Kelapa Gading,Jabodetabek,24.0,29.0,1280.0,1059.0,0.1724137931034483,0.0,0.996365,True
2026-07-31 14:00:00+00:00,tt_kuningan,Jl. HR Rasuna Said,Jabodetabek,17.0,21.0,256.0,208.0,0.1904761904761904,0.0,1.0,True
2026-07-31 14:00:00+00:00,tt_sudirman,Jl. Sudirman (HI),Jabodetabek,31.0,39.0,463.0,368.0,0.2051282051282051,0.0,1.0,True
2026-07-31 14:00:00+00:00,tt_tangerang,Tol Jakarta-Merak,Jabodetabek,48.0,48.0,193.0,193.0,0.0,0.0,1.0,True
2026-07-31 14:00:00+00:00,tt_tbsimatupang,TB Simatupang,Jabodetabek,72.0,72.0,343.0,343.0,0.0,0.0,1.0,True
2026-07-31 14:00:00+00:00,tt_thamrin,Jl. MH Thamrin,Jabodetabek,19.0,24.0,302.0,239.0,0.2083333333333333,0.0,1.0,True
2026-07-31 15:00:00+00:00,tt_bekasi,,,,,,,,,,False
2026-07-31 15:00:00+00:00,tt_bogor,,,,,,,,,,False
2026-07-31 15:00:00+00:00,tt_bsd,,,,,,,,,,False
2026-07-31 15:00:00+00:00,tt_cawang,,,,,,,,,,False
2026-07-31 15:00:00+00:00,tt_depok,,,,,,,,,,False
2026-07-31 15:00:00+00:00,tt_gatsu,,,,,,,,,,False
2026-07-31 15:00:00+00:00,tt_grogol,,,,,,,,,,False
2026-07-31 15:00:00+00:00,tt_kebonjeruk,,,,,,,,,,False
2026-07-31 15:00:00+00:00,tt_kelapagading,,,,,,,,,,False
2026-07-31 15:00:00+00:00,tt_kuningan,,,,,,,,,,False
2026-07-31 15:00:00+00:00,tt_sudirman,,,,,,,,,,False
2026-07-31 15:00:00+00:00,tt_tangerang,,,,,,,,,,False
2026-07-31 15:00:00+00:00,tt_tbsimatupang,,,,,,,,,,False
2026-07-31 15:00:00+00:00,tt_thamrin,,,,,,,,,,False
2026-07-31 16:00:00+00:00,tt_bekasi,Tol Jakarta-Cikampek,Jabodetabek,18.0,18.0,1072.0,1072.0,0.0,0.0,1.0,True
2026-07-31 16:00:00+00:00,tt_bogor,Tol Jagorawi (Bogor),Jabodetabek,45.0,45.0,658.0,658.0,0.0,0.0,1.0,True
2026-07-31 16:00:00+00:00,tt_bsd,BSD/Serpong,Jabodetabek,34.0,34.0,165.0,165.0,0.0,0.0,1.0,True
2026-07-31 16:00:00+00:00,tt_cawang,Cawang interchange,Jabodetabek,43.0,43.0,62.0,62.0,0.0,0.0,1.0,True
2026-07-31 16:00:00+00:00,tt_depok,Jl. Margonda (Depok),Jabodetabek,31.0,31.0,1778.0,1778.0,0.0,0.0,1.0,True
2026-07-31 16:00:00+00:00,tt_gatsu,Jl. Gatot Subroto,Jabodetabek,45.0,45.0,52.0,52.0,0.0,0.0,1.0,True
2026-07-31 16:00:00+00:00,tt_grogol,Grogol,Jabodetabek,40.0,40.0,304.0,304.0,0.0,0.0,1.0,True
2026-07-31 16:00:00+00:00,tt_kebonjeruk,Tol Kebon Jeruk,Jabodetabek,35.0,35.0,1158.0,1158.0,0.0,0.0,1.0,True
2026-07-31 16:00:00+00:00,tt_kelapagading,Kelapa Gading,Jabodetabek,27.0,29.0,1137.0,1059.0,0.0689655172413793,0.0,0.993223,True
2026-07-31 16:00:00+00:00,tt_kuningan,Jl. HR Rasuna Said,Jabodetabek,21.0,21.0,208.0,208.0,0.0,0.0,1.0,True
2026-07-31 16:00:00+00:00,tt_sudirman,Jl. Sudirman (HI),Jabodetabek,38.0,38.0,377.0,377.0,0.0,0.0,1.0,True
2026-07-31 16:00:00+00:00,tt_tangerang,Tol Jakarta-Merak,Jabodetabek,48.0,48.0,193.0,193.0,0.0,0.0,1.0,True
2026-07-31 16:00:00+00:00,tt_tbsimatupang,TB Simatupang,Jabodetabek,72.0,72.0,343.0,343.0,0.0,0.0,1.0,True
2026-07-31 16:00:00+00:00,tt_thamrin,Jl. MH Thamrin,Jabodetabek,21.0,24.0,273.0,239.0,0.125,0.0,1.0,True
2026-07-31 17:00:00+00:00,tt_bekasi,,,,,,,,,,False
2026-07-31 17:00:00+00:00,tt_bogor,,,,,,,,,,False
2026-07-31 17:00:00+00:00,tt_bsd,,,,,,,,,,False
2026-07-31 17:00:00+00:00,tt_cawang,,,,,,,,,,False
2026-07-31 17:00:00+00:00,tt_depok,,,,,,,,,,False
2026-07-31 17:00:00+00:00,tt_gatsu,,,,,,,,,,False
2026-07-31 17:00:00+00:00,tt_grogol,,,,,,,,,,False
2026-07-31 17:00:00+00:00,tt_kebonjeruk,,,,,,,,,,False
2026-07-31 17:00:00+00:00,tt_kelapagading,,,,,,,,,,False
2026-07-31 17:00:00+00:00,tt_kuningan,,,,,,,,,,False
2026-07-31 17:00:00+00:00,tt_sudirman,,,,,,,,,,False
2026-07-31 17:00:00+00:00,tt_tangerang,,,,,,,,,,False
2026-07-31 17:00:00+00:00,tt_tbsimatupang,,,,,,,,,,False
2026-07-31 17:00:00+00:00,tt_thamrin,,,,,,,,,,False
2026-07-31 18:00:00+00:00,tt_bekasi,Tol Jakarta-Cikampek,Jabodetabek,18.0,18.0,1072.0,1072.0,0.0,0.0,1.0,True
2026-07-31 18:00:00+00:00,tt_bogor,Tol Jagorawi (Bogor),Jabodetabek,45.0,45.0,658.0,658.0,0.0,0.0,1.0,True
2026-07-31 18:00:00+00:00,tt_bsd,BSD/Serpong,Jabodetabek,34.0,34.0,165.0,165.0,0.0,0.0,1.0,True
2026-07-31 18:00:00+00:00,tt_cawang,Cawang interchange,Jabodetabek,43.0,43.0,62.0,62.0,0.0,0.0,1.0,True
2026-07-31 18:00:00+00:00,tt_depok,Jl. Margonda (Depok),Jabodetabek,31.0,31.0,1778.0,1778.0,0.0,0.0,1.0,True
2026-07-31 18:00:00+00:00,tt_gatsu,Jl. Gatot Subroto,Jabodetabek,45.0,45.0,52.0,52.0,0.0,0.0,1.0,True
2026-07-31 18:00:00+00:00,tt_grogol,Grogol,Jabodetabek,40.0,40.0,304.0,304.0,0.0,0.0,1.0,True
2026-07-31 18:00:00+00:00,tt_kebonjeruk,Tol Kebon Jeruk,Jabodetabek,35.0,35.0,1158.0,1158.0,0.0,0.0,1.0,True
2026-07-31 18:00:00+00:00,tt_kelapagading,Kelapa Gading,Jabodetabek,29.0,29.0,1059.0,1059.0,0.0,0.0,1.0,True
2026-07-31 18:00:00+00:00,tt_kuningan,Jl. HR Rasuna Said,Jabodetabek,17.0,20.0,256.0,218.0,0.15,0.0,0.938113,True
2026-07-31 18:00:00+00:00,tt_sudirman,Jl. Sudirman (HI),Jabodetabek,38.0,38.0,377.0,377.0,0.0,0.0,1.0,True
2026-07-31 18:00:00+00:00,tt_tangerang,Tol Jakarta-Merak,Jabodetabek,48.0,48.0,193.0,193.0,0.0,0.0,1.0,True
2026-07-31 18:00:00+00:00,tt_tbsimatupang,TB Simatupang,Jabodetabek,72.0,72.0,343.0,343.0,0.0,0.0,1.0,True
2026-07-31 18:00:00+00:00,tt_thamrin,Jl. MH Thamrin,Jabodetabek,22.0,22.0,261.0,261.0,0.0,0.0,1.0,True
2026-07-31 19:00:00+00:00,tt_bekasi,Tol Jakarta-Cikampek,Jabodetabek,18.0,18.0,1072.0,1072.0,0.0,0.0,1.0,True
2026-07-31 19:00:00+00:00,tt_bogor,Tol Jagorawi (Bogor),Jabodetabek,45.0,45.0,658.0,658.0,0.0,0.0,1.0,True
2026-07-31 19:00:00+00:00,tt_bsd,BSD/Serpong,Jabodetabek,34.0,34.0,165.0,165.0,0.0,0.0,1.0,True
2026-07-31 19:00:00+00:00,tt_cawang,Cawang interchange,Jabodetabek,43.0,43.0,62.0,62.0,0.0,0.0,1.0,True
2026-07-31 19:00:00+00:00,tt_depok,Jl. Margonda (Depok),Jabodetabek,31.0,31.0,1778.0,1778.0,0.0,0.0,1.0,True
2026-07-31 19:00:00+00:00,tt_gatsu,Jl. Gatot Subroto,Jabodetabek,45.0,45.0,52.0,52.0,0.0,0.0,1.0,True
2026-07-31 19:00:00+00:00,tt_grogol,Grogol,Jabodetabek,40.0,40.0,304.0,304.0,0.0,0.0,1.0,True
2026-07-31 19:00:00+00:00,tt_kebonjeruk,Tol Kebon Jeruk,Jabodetabek,35.0,35.0,1158.0,1158.0,0.0,0.0,1.0,True
2026-07-31 19:00:00+00:00,tt_kelapagading,Kelapa Gading,Jabodetabek,29.0,29.0,1059.0,1059.0,0.0,0.0,1.0,True
2026-07-31 19:00:00+00:00,tt_kuningan,Jl. HR Rasuna Said,Jabodetabek,21.0,21.0,208.0,208.0,0.0,0.0,1.0,True
2026-07-31 19:00:00+00:00,tt_sudirman,Jl. Sudirman (HI),Jabodetabek,38.0,38.0,377.0,377.0,0.0,0.0,1.0,True
2026-07-31 19:00:00+00:00,tt_tangerang,Tol Jakarta-Merak,Jabodetabek,48.0,48.0,193.0,193.0,0.0,0.0,1.0,True
2026-07-31 19:00:00+00:00,tt_tbsimatupang,TB Simatupang,Jabodetabek,72.0,72.0,343.0,343.0,0.0,0.0,1.0,True
2026-07-31 19:00:00+00:00,tt_thamrin,Jl. MH Thamrin,Jabodetabek,22.0,22.0,261.0,261.0,0.0,0.0,1.0,True
2026-07-31 20:00:00+00:00,tt_bekasi,,,,,,,,,,False
2026-07-31 20:00:00+00:00,tt_bogor,,,,,,,,,,False
2026-07-31 20:00:00+00:00,tt_bsd,,,,,,,,,,False
2026-07-31 20:00:00+00:00,tt_cawang,,,,,,,,,,False
2026-07-31 20:00:00+00:00,tt_depok,,,,,,,,,,False
2026-07-31 20:00:00+00:00,tt_gatsu,,,,,,,,,,False
2026-07-31 20:00:00+00:00,tt_grogol,,,,,,,,,,False
2026-07-31 20:00:00+00:00,tt_kebonjeruk,,,,,,,,,,False
2026-07-31 20:00:00+00:00,tt_kelapagading,,,,,,,,,,False
2026-07-31 20:00:00+00:00,tt_kuningan,,,,,,,,,,False
2026-07-31 20:00:00+00:00,tt_sudirman,,,,,,,,,,False
2026-07-31 20:00:00+00:00,tt_tangerang,,,,,,,,,,False
2026-07-31 20:00:00+00:00,tt_tbsimatupang,,,,,,,,,,False
2026-07-31 20:00:00+00:00,tt_thamrin,,,,,,,,,,False
2026-07-31 21:00:00+00:00,tt_bekasi,Tol Jakarta-Cikampek,Jabodetabek,18.0,18.0,1072.0,1072.0,0.0,0.0,1.0,True
2026-07-31 21:00:00+00:00,tt_bogor,Tol Jagorawi (Bogor),Jabodetabek,45.0,45.0,658.0,658.0,0.0,0.0,1.0,True
2026-07-31 21:00:00+00:00,tt_bsd,BSD/Serpong,Jabodetabek,34.0,34.0,165.0,165.0,0.0,0.0,1.0,True
2026-07-31 21:00:00+00:00,tt_cawang,Cawang interchange,Jabodetabek,43.0,43.0,62.0,62.0,0.0,0.0,1.0,True
2026-07-31 21:00:00+00:00,tt_depok,Jl. Margonda (Depok),Jabodetabek,31.0,31.0,1778.0,1778.0,0.0,0.0,1.0,True
2026-07-31 21:00:00+00:00,tt_gatsu,Jl. Gatot Subroto,Jabodetabek,45.0,45.0,52.0,52.0,0.0,0.0,1.0,True
2026-07-31 21:00:00+00:00,tt_grogol,Grogol,Jabodetabek,40.0,40.0,304.0,304.0,0.0,0.0,1.0,True
2026-07-31 21:00:00+00:00,tt_kebonjeruk,Tol Kebon Jeruk,Jabodetabek,35.0,35.0,1158.0,1158.0,0.0,0.0,1.0,True
2026-07-31 21:00:00+00:00,tt_kelapagading,Kelapa Gading,Jabodetabek,29.0,29.0,1059.0,1059.0,0.0,0.0,1.0,True
2026-07-31 21:00:00+00:00,tt_kuningan,Jl. HR Rasuna Said,Jabodetabek,21.0,21.0,208.0,208.0,0.0,0.0,1.0,True
2026-07-31 21:00:00+00:00,tt_sudirman,Jl. Sudirman (HI),Jabodetabek,38.0,38.0,377.0,377.0,0.0,0.0,1.0,True
2026-07-31 21:00:00+00:00,tt_tangerang,Tol Jakarta-Merak,Jabodetabek,48.0,48.0,193.0,193.0,0.0,0.0,1.0,True
2026-07-31 21:00:00+00:00,tt_tbsimatupang,TB Simatupang,Jabodetabek,72.0,72.0,343.0,343.0,0.0,0.0,1.0,True
2026-07-31 21:00:00+00:00,tt_thamrin,Jl. MH Thamrin,Jabodetabek,22.0,22.0,261.0,261.0,0.0,0.0,1.0,True
2026-07-31 22:00:00+00:00,tt_bekasi,Tol Jakarta-Cikampek,Jabodetabek,18.0,18.0,1072.0,1072.0,0.0,0.0,1.0,True
2026-07-31 22:00:00+00:00,tt_bogor,Tol Jagorawi (Bogor),Jabodetabek,45.0,45.0,658.0,658.0,0.0,0.0,1.0,True
2026-07-31 22:00:00+00:00,tt_bsd,BSD/Serpong,Jabodetabek,34.0,34.0,165.0,165.0,0.0,0.0,1.0,True
2026-07-31 22:00:00+00:00,tt_cawang,Cawang interchange,Jabodetabek,43.0,43.0,62.0,62.0,0.0,0.0,1.0,True
2026-07-31 22:00:00+00:00,tt_depok,Jl. Margonda (Depok),Jabodetabek,31.0,31.0,1778.0,1778.0,0.0,0.0,1.0,True
2026-07-31 22:00:00+00:00,tt_gatsu,Jl. Gatot Subroto,Jabodetabek,45.0,45.0,52.0,52.0,0.0,0.0,1.0,True
2026-07-31 22:00:00+00:00,tt_grogol,Grogol,Jabodetabek,40.0,40.0,304.0,304.0,0.0,0.0,1.0,True
2026-07-31 22:00:00+00:00,tt_kebonjeruk,Tol Kebon Jeruk,Jabodetabek,35.0,35.0,1158.0,1158.0,0.0,0.0,1.0,True
2026-07-31 22:00:00+00:00,tt_kelapagading,Kelapa Gading,Jabodetabek,29.0,29.0,1059.0,1059.0,0.0,0.0,1.0,True
2026-07-31 22:00:00+00:00,tt_kuningan,Jl. HR Rasuna Said,Jabodetabek,21.0,21.0,208.0,208.0,0.0,0.0,1.0,True
2026-07-31 22:00:00+00:00,tt_sudirman,Jl. Sudirman (HI),Jabodetabek,38.0,38.0,377.0,377.0,0.0,0.0,1.0,True
2026-07-31 22:00:00+00:00,tt_tangerang,Tol Jakarta-Merak,Jabodetabek,48.0,48.0,193.0,193.0,0.0,0.0,1.0,True
2026-07-31 22:00:00+00:00,tt_tbsimatupang,TB Simatupang,Jabodetabek,72.0,72.0,343.0,343.0,0.0,0.0,1.0,True
2026-07-31 22:00:00+00:00,tt_thamrin,Jl. MH Thamrin,Jabodetabek,22.0,22.0,261.0,261.0,0.0,0.0,1.0,True
2026-07-31 23:00:00+00:00,tt_bekasi,,,,,,,,,,False
2026-07-31 23:00:00+00:00,tt_bogor,,,,,,,,,,False
2026-07-31 23:00:00+00:00,tt_bsd,,,,,,,,,,False
2026-07-31 23:00:00+00:00,tt_cawang,,,,,,,,,,False
2026-07-31 23:00:00+00:00,tt_depok,,,,,,,,,,False
2026-07-31 23:00:00+00:00,tt_gatsu,,,,,,,,,,False
2026-07-31 23:00:00+00:00,tt_grogol,,,,,,,,,,False
2026-07-31 23:00:00+00:00,tt_kebonjeruk,,,,,,,,,,False
2026-07-31 23:00:00+00:00,tt_kelapagading,,,,,,,,,,False
2026-07-31 23:00:00+00:00,tt_kuningan,,,,,,,,,,False
2026-07-31 23:00:00+00:00,tt_sudirman,,,,,,,,,,False
2026-07-31 23:00:00+00:00,tt_tangerang,,,,,,,,,,False
2026-07-31 23:00:00+00:00,tt_tbsimatupang,,,,,,,,,,False
2026-07-31 23:00:00+00:00,tt_thamrin,,,,,,,,,,False
2026-08-01 00:00:00+00:00,tt_bekasi,Tol Jakarta-Cikampek,Jabodetabek,18.0,18.0,1072.0,1072.0,0.0,0.0,1.0,True
2026-08-01 00:00:00+00:00,tt_bogor,Tol Jagorawi (Bogor),Jabodetabek,37.0,44.0,800.0,673.0,0.159090909090909,0.0,1.0,True
2026-08-01 00:00:00+00:00,tt_bsd,BSD/Serpong,Jabodetabek,34.0,34.0,165.0,165.0,0.0,0.0,1.0,True
2026-08-01 00:00:00+00:00,tt_cawang,Cawang interchange,Jabodetabek,43.0,43.0,62.0,62.0,0.0,0.0,1.0,True
2026-08-01 00:00:00+00:00,tt_depok,Jl. Margonda (Depok),Jabodetabek,31.0,31.0,1778.0,1778.0,0.0,0.0,1.0,True
2026-08-01 00:00:00+00:00,tt_gatsu,Jl. Gatot Subroto,Jabodetabek,45.0,45.0,52.0,52.0,0.0,0.0,1.0,True
2026-08-01 00:00:00+00:00,tt_grogol,Grogol,Jabodetabek,40.0,40.0,304.0,304.0,0.0,0.0,1.0,True
2026-08-01 00:00:00+00:00,tt_kebonjeruk,Tol Kebon Jeruk,Jabodetabek,35.0,35.0,1158.0,1158.0,0.0,0.0,1.0,True
2026-08-01 00:00:00+00:00,tt_kelapagading,Kelapa Gading,Jabodetabek,29.0,29.0,1059.0,1059.0,0.0,0.0,1.0,True
2026-08-01 00:00:00+00:00,tt_kuningan,Jl. HR Rasuna Said,Jabodetabek,21.0,21.0,208.0,208.0,0.0,0.0,1.0,True
2026-08-01 00:00:00+00:00,tt_sudirman,Jl. Sudirman (HI),Jabodetabek,38.0,38.0,377.0,377.0,0.0,0.0,1.0,True
2026-08-01 00:00:00+00:00,tt_tangerang,Tol Jakarta-Merak,Jabodetabek,48.0,48.0,193.0,193.0,0.0,0.0,1.0,True
2026-08-01 00:00:00+00:00,tt_tbsimatupang,TB Simatupang,Jabodetabek,72.0,72.0,343.0,343.0,0.0,0.0,1.0,True
2026-08-01 00:00:00+00:00,tt_thamrin,Jl. MH Thamrin,Jabodetabek,22.0,22.0,261.0,261.0,0.0,0.0,1.0,True
2026-08-01 01:00:00+00:00,tt_bekasi,Tol Jakarta-Cikampek,Jabodetabek,18.0,18.0,1072.0,1072.0,0.0,0.0,1.0,True
2026-08-01 01:00:00+00:00,tt_bogor,Tol Jagorawi (Bogor),Jabodetabek,35.0,44.0,846.0,673.0,0.2045454545454545,0.0,1.0,True
2026-08-01 01:00:00+00:00,tt_bsd,BSD/Serpong,Jabodetabek,34.0,34.0,165.0,165.0,0.0,0.0,1.0,True
2026-08-01 01:00:00+00:00,tt_cawang,Cawang interchange,Jabodetabek,31.0,43.0,87.0,62.0,0.2790697674418605,0.0,1.0,True
2026-08-01 01:00:00+00:00,tt_depok,Jl. Margonda (Depok),Jabodetabek,26.0,31.0,2120.0,1778.0,0.1612903225806451,0.0,0.976079,True
2026-08-01 01:00:00+00:00,tt_gatsu,Jl. Gatot Subroto,Jabodetabek,45.0,45.0,52.0,52.0,0.0,0.0,1.0,True
2026-08-01 01:00:00+00:00,tt_grogol,Grogol,Jabodetabek,40.0,40.0,304.0,304.0,0.0,0.0,1.0,True
2026-08-01 01:00:00+00:00,tt_kebonjeruk,Tol Kebon Jeruk,Jabodetabek,29.0,36.0,1398.0,1126.0,0.1944444444444444,0.0,1.0,True
2026-08-01 01:00:00+00:00,tt_kelapagading,Kelapa Gading,Jabodetabek,24.0,28.0,1280.0,1097.0,0.1428571428571429,0.0,0.997817,True
2026-08-01 01:00:00+00:00,tt_kuningan,Jl. HR Rasuna Said,Jabodetabek,21.0,21.0,208.0,208.0,0.0,0.0,1.0,True
2026-08-01 01:00:00+00:00,tt_sudirman,Jl. Sudirman (HI),Jabodetabek,38.0,38.0,377.0,377.0,0.0,0.0,1.0,True
2026-08-01 01:00:00+00:00,tt_tangerang,Tol Jakarta-Merak,Jabodetabek,48.0,48.0,193.0,193.0,0.0,0.0,1.0,True
2026-08-01 01:00:00+00:00,tt_tbsimatupang,TB Simatupang,Jabodetabek,56.0,71.0,441.0,348.0,0.2112676056338028,0.0,1.0,True
2026-08-01 01:00:00+00:00,tt_thamrin,Jl. MH Thamrin,Jabodetabek,22.0,22.0,261.0,261.0,0.0,0.0,1.0,True
2026-08-01 02:00:00+00:00,tt_bekasi,,,,,,,,,,False
2026-08-01 02:00:00+00:00,tt_bogor,,,,,,,,,,False
2026-08-01 02:00:00+00:00,tt_bsd,,,,,,,,,,False
2026-08-01 02:00:00+00:00,tt_cawang,,,,,,,,,,False
2026-08-01 02:00:00+00:00,tt_depok,,,,,,,,,,False
2026-08-01 02:00:00+00:00,tt_gatsu,,,,,,,,,,False
2026-08-01 02:00:00+00:00,tt_grogol,,,,,,,,,,False
2026-08-01 02:00:00+00:00,tt_kebonjeruk,,,,,,,,,,False
2026-08-01 02:00:00+00:00,tt_kelapagading,,,,,,,,,,False
2026-08-01 02:00:00+00:00,tt_kuningan,,,,,,,,,,False
2026-08-01 02:00:00+00:00,tt_sudirman,,,,,,,,,,False
2026-08-01 02:00:00+00:00,tt_tangerang,,,,,,,,,,False
2026-08-01 02:00:00+00:00,tt_tbsimatupang,,,,,,,,,,False
2026-08-01 02:00:00+00:00,tt_thamrin,,,,,,,,,,False
2026-08-01 03:00:00+00:00,tt_bekasi,Tol Jakarta-Cikampek,Jabodetabek,18.0,18.0,1072.0,1072.0,0.0,0.0,1.0,True
2026-08-01 03:00:00+00:00,tt_bogor,Tol Jagorawi (Bogor),Jabodetabek,35.0,44.0,846.0,673.0,0.2045454545454545,0.0,1.0,True
2026-08-01 03:00:00+00:00,tt_bsd,BSD/Serpong,Jabodetabek,34.0,34.0,165.0,165.0,0.0,0.0,1.0,True
2026-08-01 03:00:00+00:00,tt_cawang,Cawang interchange,Jabodetabek,20.0,42.0,135.0,64.0,0.5238095238095238,0.0,1.0,True
2026-08-01 03:00:00+00:00,tt_depok,Jl. Margonda (Depok),Jabodetabek,24.0,31.0,2297.0,1778.0,0.2258064516129032,0.0,0.979269,True
2026-08-01 03:00:00+00:00,tt_gatsu,Jl. Gatot Subroto,Jabodetabek,45.0,45.0,52.0,52.0,0.0,0.0,1.0,True
2026-08-01 03:00:00+00:00,tt_grogol,Grogol,Jabodetabek,40.0,40.0,304.0,304.0,0.0,0.0,1.0,True
2026-08-01 03:00:00+00:00,tt_kebonjeruk,Tol Kebon Jeruk,Jabodetabek,24.0,36.0,1689.0,1126.0,0.3333333333333333,0.0,1.0,True
2026-08-01 03:00:00+00:00,tt_kelapagading,Kelapa Gading,Jabodetabek,24.0,29.0,1280.0,1059.0,0.1724137931034483,0.0,1.0,True
2026-08-01 03:00:00+00:00,tt_kuningan,Jl. HR Rasuna Said,Jabodetabek,21.0,21.0,208.0,208.0,0.0,0.0,1.0,True
2026-08-01 03:00:00+00:00,tt_sudirman,Jl. Sudirman (HI),Jabodetabek,34.0,38.0,422.0,377.0,0.1052631578947368,0.0,1.0,True
2026-08-01 03:00:00+00:00,tt_tangerang,Tol Jakarta-Merak,Jabodetabek,48.0,48.0,193.0,193.0,0.0,0.0,1.0,True
2026-08-01 03:00:00+00:00,tt_tbsimatupang,TB Simatupang,Jabodetabek,44.0,72.0,562.0,343.0,0.3888888888888888,0.0,1.0,True
2026-08-01 03:00:00+00:00,tt_thamrin,Jl. MH Thamrin,Jabodetabek,22.0,22.0,261.0,261.0,0.0,0.0,1.0,True
2026-08-01 04:00:00+00:00,tt_bekasi,,,,,,,,,,False
2026-08-01 04:00:00+00:00,tt_bogor,,,,,,,,,,False
2026-08-01 04:00:00+00:00,tt_bsd,,,,,,,,,,False
2026-08-01 04:00:00+00:00,tt_cawang,,,,,,,,,,False
2026-08-01 04:00:00+00:00,tt_depok,,,,,,,,,,False
2026-08-01 04:00:00+00:00,tt_gatsu,,,,,,,,,,False
2026-08-01 04:00:00+00:00,tt_grogol,,,,,,,,,,False
2026-08-01 04:00:00+00:00,tt_kebonjeruk,,,,,,,,,,False
2026-08-01 04:00:00+00:00,tt_kelapagading,,,,,,,,,,False
2026-08-01 04:00:00+00:00,tt_kuningan,,,,,,,,,,False
2026-08-01 04:00:00+00:00,tt_sudirman,,,,,,,,,,False
2026-08-01 04:00:00+00:00,tt_tangerang,,,,,,,,,,False
2026-08-01 04:00:00+00:00,tt_tbsimatupang,,,,,,,,,,False
2026-08-01 04:00:00+00:00,tt_thamrin,,,,,,,,,,False
2026-08-01 05:00:00+00:00,tt_bekasi,Tol Jakarta-Cikampek,Jabodetabek,18.0,18.0,1072.0,1072.0,0.0,0.0,1.0,True
2026-08-01 05:00:00+00:00,tt_bogor,Tol Jagorawi (Bogor),Jabodetabek,38.0,45.0,779.0,658.0,0.1555555555555555,0.0,1.0,True
2026-08-01 05:00:00+00:00,tt_bsd,BSD/Serpong,Jabodetabek,30.0,34.0,187.0,165.0,0.1176470588235294,0.0,1.0,True
2026-08-01 05:00:00+00:00,tt_cawang,Cawang interchange,Jabodetabek,20.0,42.0,135.0,64.0,0.5238095238095238,0.0,1.0,True
2026-08-01 05:00:00+00:00,tt_depok,Jl. Margonda (Depok),Jabodetabek,26.0,31.0,2120.0,1778.0,0.1612903225806451,0.0,0.983719,True
2026-08-01 05:00:00+00:00,tt_gatsu,Jl. Gatot Subroto,Jabodetabek,45.0,45.0,52.0,52.0,0.0,0.0,1.0,True
2026-08-01 05:00:00+00:00,tt_grogol,Grogol,Jabodetabek,32.0,40.0,381.0,304.0,0.1999999999999999,0.0,1.0,True
2026-08-01 05:00:00+00:00,tt_kebonjeruk,Tol Kebon Jeruk,Jabodetabek,23.0,35.0,1763.0,1158.0,0.3428571428571428,0.0,1.0,True
2026-08-01 05:00:00+00:00,tt_kelapagading,Kelapa Gading,Jabodetabek,19.0,29.0,1617.0,1059.0,0.3448275862068966,0.0,1.0,True
2026-08-01 05:00:00+00:00,tt_kuningan,Jl. HR Rasuna Said,Jabodetabek,21.0,21.0,208.0,208.0,0.0,0.0,1.0,True
2026-08-01 05:00:00+00:00,tt_sudirman,Jl. Sudirman (HI),Jabodetabek,34.0,38.0,422.0,377.0,0.1052631578947368,0.0,1.0,True
2026-08-01 05:00:00+00:00,tt_tangerang,Tol Jakarta-Merak,Jabodetabek,22.0,47.0,421.0,197.0,0.5319148936170213,0.0,1.0,True
2026-08-01 05:00:00+00:00,tt_tbsimatupang,TB Simatupang,Jabodetabek,27.0,71.0,916.0,348.0,0.619718309859155,0.0,1.0,True
2026-08-01 05:00:00+00:00,tt_thamrin,Jl. MH Thamrin,Jabodetabek,19.0,24.0,302.0,239.0,0.2083333333333333,0.0,1.0,True
2026-08-01 06:00:00+00:00,tt_bekasi,Tol Jakarta-Cikampek,Jabodetabek,18.0,18.0,1072.0,1072.0,0.0,0.0,1.0,True
2026-08-01 06:00:00+00:00,tt_bogor,Tol Jagorawi (Bogor),Jabodetabek,34.0,44.0,871.0,673.0,0.2272727272727273,0.0,1.0,True
2026-08-01 06:00:00+00:00,tt_bsd,BSD/Serpong,Jabodetabek,30.0,34.0,187.0,165.0,0.1176470588235294,0.0,1.0,True
2026-08-01 06:00:00+00:00,tt_cawang,Cawang interchange,Jabodetabek,19.0,43.0,142.0,62.0,0.5581395348837209,0.0,1.0,True
2026-08-01 06:00:00+00:00,tt_depok,Jl. Margonda (Depok),Jabodetabek,23.0,31.0,2397.0,1778.0,0.2580645161290322,0.0,0.984046,True
2026-08-01 06:00:00+00:00,tt_gatsu,Jl. Gatot Subroto,Jabodetabek,45.0,45.0,52.0,52.0,0.0,0.0,1.0,True
2026-08-01 06:00:00+00:00,tt_grogol,Grogol,Jabodetabek,32.0,40.0,381.0,304.0,0.1999999999999999,0.0,1.0,True
2026-08-01 06:00:00+00:00,tt_kebonjeruk,Tol Kebon Jeruk,Jabodetabek,20.0,35.0,2027.0,1158.0,0.4285714285714286,0.0,1.0,True
2026-08-01 06:00:00+00:00,tt_kelapagading,Kelapa Gading,Jabodetabek,19.0,29.0,1617.0,1059.0,0.3448275862068966,0.0,1.0,True
2026-08-01 06:00:00+00:00,tt_kuningan,Jl. HR Rasuna Said,Jabodetabek,15.0,20.0,291.0,218.0,0.25,0.0,0.99,True
2026-08-01 06:00:00+00:00,tt_sudirman,Jl. Sudirman (HI),Jabodetabek,28.0,38.0,512.0,377.0,0.2631578947368421,0.0,1.0,True
2026-08-01 06:00:00+00:00,tt_tangerang,Tol Jakarta-Merak,Jabodetabek,15.0,50.0,618.0,185.0,0.7,0.0,1.0,True
2026-08-01 06:00:00+00:00,tt_tbsimatupang,TB Simatupang,Jabodetabek,34.0,72.0,727.0,343.0,0.5277777777777778,0.0,1.0,True
2026-08-01 06:00:00+00:00,tt_thamrin,Jl. MH Thamrin,Jabodetabek,18.0,22.0,319.0,261.0,0.1818181818181817,0.0,1.0,True
2026-08-01 07:00:00+00:00,tt_bekasi,,,,,,,,,,False
2026-08-01 07:00:00+00:00,tt_bogor,,,,,,,,,,False
2026-08-01 07:00:00+00:00,tt_bsd,,,,,,,,,,False
2026-08-01 07:00:00+00:00,tt_cawang,,,,,,,,,,False
2026-08-01 07:00:00+00:00,tt_depok,,,,,,,,,,False
2026-08-01 07:00:00+00:00,tt_gatsu,,,,,,,,,,False
2026-08-01 07:00:00+00:00,tt_grogol,,,,,,,,,,False
2026-08-01 07:00:00+00:00,tt_kebonjeruk,,,,,,,,,,False
2026-08-01 07:00:00+00:00,tt_kelapagading,,,,,,,,,,False
2026-08-01 07:00:00+00:00,tt_kuningan,,,,,,,,,,False
2026-08-01 07:00:00+00:00,tt_sudirman,,,,,,,,,,False
2026-08-01 07:00:00+00:00,tt_tangerang,,,,,,,,,,False
2026-08-01 07:00:00+00:00,tt_tbsimatupang,,,,,,,,,,False
2026-08-01 07:00:00+00:00,tt_thamrin,,,,,,,,,,False
2026-08-01 08:00:00+00:00,tt_bekasi,Tol Jakarta-Cikampek,Jabodetabek,14.0,17.0,1378.0,1135.0,0.1764705882352941,0.0,0.985113,True
2026-08-01 08:00:00+00:00,tt_bogor,Tol Jagorawi (Bogor),Jabodetabek,32.0,45.0,925.0,658.0,0.2888888888888888,0.0,1.0,True
2026-08-01 08:00:00+00:00,tt_bsd,BSD/Serpong,Jabodetabek,28.0,33.0,200.0,170.0,0.1515151515151515,0.0,1.0,True
2026-08-01 08:00:00+00:00,tt_cawang,Cawang interchange,Jabodetabek,19.0,42.0,142.0,64.0,0.5476190476190477,0.0,1.0,True
2026-08-01 08:00:00+00:00,tt_depok,Jl. Margonda (Depok),Jabodetabek,24.0,31.0,2297.0,1778.0,0.2258064516129032,0.0,0.970246,True
2026-08-01 08:00:00+00:00,tt_gatsu,Jl. Gatot Subroto,Jabodetabek,45.0,45.0,52.0,52.0,0.0,0.0,1.0,True
2026-08-01 08:00:00+00:00,tt_grogol,Grogol,Jabodetabek,32.0,40.0,381.0,304.0,0.1999999999999999,0.0,1.0,True
2026-08-01 08:00:00+00:00,tt_kebonjeruk,Tol Kebon Jeruk,Jabodetabek,21.0,35.0,1931.0,1158.0,0.4,0.0,1.0,True
2026-08-01 08:00:00+00:00,tt_kelapagading,Kelapa Gading,Jabodetabek,19.0,29.0,1617.0,1059.0,0.3448275862068966,0.0,0.998154,True
2026-08-01 08:00:00+00:00,tt_kuningan,Jl. HR Rasuna Said,Jabodetabek,21.0,21.0,208.0,208.0,0.0,0.0,1.0,True
2026-08-01 08:00:00+00:00,tt_sudirman,Jl. Sudirman (HI),Jabodetabek,33.0,38.0,434.0,377.0,0.131578947368421,0.0,1.0,True
2026-08-01 08:00:00+00:00,tt_tangerang,Tol Jakarta-Merak,Jabodetabek,19.0,48.0,488.0,193.0,0.6041666666666667,0.0,1.0,True
2026-08-01 08:00:00+00:00,tt_tbsimatupang,TB Simatupang,Jabodetabek,33.0,73.0,749.0,338.0,0.547945205479452,0.0,1.0,True
2026-08-01 08:00:00+00:00,tt_thamrin,Jl. MH Thamrin,Jabodetabek,15.0,23.0,383.0,249.0,0.3478260869565217,0.0,1.0,True
2026-08-01 09:00:00+00:00,tt_bekasi,Tol Jakarta-Cikampek,Jabodetabek,15.0,17.0,1286.0,1135.0,0.1176470588235294,0.0,0.985159,True
2026-08-01 09:00:00+00:00,tt_bogor,Tol Jagorawi (Bogor),Jabodetabek,33.0,45.0,897.0,658.0,0.2666666666666667,0.0,1.0,True
2026-08-01 09:00:00+00:00,tt_bsd,BSD/Serpong,Jabodetabek,34.0,34.0,165.0,165.0,0.0,0.0,1.0,True
2026-08-01 09:00:00+00:00,tt_cawang,Cawang interchange,Jabodetabek,22.0,42.0,122.0,64.0,0.4761904761904761,0.0,1.0,True
2026-08-01 09:00:00+00:00,tt_depok,Jl. Margonda (Depok),Jabodetabek,22.0,31.0,2506.0,1778.0,0.2903225806451612,0.0,0.978588,True
2026-08-01 09:00:00+00:00,tt_gatsu,Jl. Gatot Subroto,Jabodetabek,45.0,45.0,52.0,52.0,0.0,0.0,1.0,True
2026-08-01 09:00:00+00:00,tt_grogol,Grogol,Jabodetabek,30.0,40.0,406.0,304.0,0.25,0.0,1.0,True
2026-08-01 09:00:00+00:00,tt_kebonjeruk,Tol Kebon Jeruk,Jabodetabek,22.0,35.0,1843.0,1158.0,0.3714285714285714,0.0,1.0,True
2026-08-01 09:00:00+00:00,tt_kelapagading,Kelapa Gading,Jabodetabek,20.0,29.0,1536.0,1059.0,0.3103448275862068,0.0,1.0,True
2026-08-01 09:00:00+00:00,tt_kuningan,Jl. HR Rasuna Said,Jabodetabek,21.0,21.0,208.0,208.0,0.0,0.0,1.0,True
2026-08-01 09:00:00+00:00,tt_sudirman,Jl. Sudirman (HI),Jabodetabek,20.0,38.0,717.0,377.0,0.4736842105263158,0.0,1.0,True
2026-08-01 09:00:00+00:00,tt_tangerang,Tol Jakarta-Merak,Jabodetabek,48.0,48.0,193.0,193.0,0.0,0.0,1.0,True
2026-08-01 09:00:00+00:00,tt_tbsimatupang,TB Simatupang,Jabodetabek,51.0,71.0,485.0,348.0,0.2816901408450704,0.0,1.0,True
2026-08-01 09:00:00+00:00,tt_thamrin,Jl. MH Thamrin,Jabodetabek,16.0,24.0,359.0,239.0,0.3333333333333333,0.0,1.0,True
2026-08-01 10:00:00+00:00,tt_bekasi,,,,,,,,,,False
2026-08-01 10:00:00+00:00,tt_bogor,,,,,,,,,,False
2026-08-01 10:00:00+00:00,tt_bsd,,,,,,,,,,False
2026-08-01 10:00:00+00:00,tt_cawang,,,,,,,,,,False
2026-08-01 10:00:00+00:00,tt_depok,,,,,,,,,,False
2026-08-01 10:00:00+00:00,tt_gatsu,,,,,,,,,,False
2026-08-01 10:00:00+00:00,tt_grogol,,,,,,,,,,False
2026-08-01 10:00:00+00:00,tt_kebonjeruk,,,,,,,,,,False
2026-08-01 10:00:00+00:00,tt_kelapagading,,,,,,,,,,False
2026-08-01 10:00:00+00:00,tt_kuningan,,,,,,,,,,False
2026-08-01 10:00:00+00:00,tt_sudirman,,,,,,,,,,False
2026-08-01 10:00:00+00:00,tt_tangerang,,,,,,,,,,False
2026-08-01 10:00:00+00:00,tt_tbsimatupang,,,,,,,,,,False
2026-08-01 10:00:00+00:00,tt_thamrin,,,,,,,,,,False
2026-08-01 11:00:00+00:00,tt_bekasi,Tol Jakarta-Cikampek,Jabodetabek,14.0,18.0,1378.0,1072.0,0.2222222222222222,0.0,0.977766,True
2026-08-01 11:00:00+00:00,tt_bogor,Tol Jagorawi (Bogor),Jabodetabek,35.0,45.0,846.0,658.0,0.2222222222222222,0.0,1.0,True
2026-08-01 11:00:00+00:00,tt_bsd,BSD/Serpong,Jabodetabek,29.0,33.0,193.0,170.0,0.1212121212121212,0.0,1.0,True
2026-08-01 11:00:00+00:00,tt_cawang,Cawang interchange,Jabodetabek,16.0,41.0,168.0,65.0,0.6097560975609756,0.0,1.0,True
2026-08-01 11:00:00+00:00,tt_depok,Jl. Margonda (Depok),Jabodetabek,23.0,31.0,2397.0,1778.0,0.2580645161290322,0.0,0.987275,True
2026-08-01 11:00:00+00:00,tt_gatsu,Jl. Gatot Subroto,Jabodetabek,45.0,45.0,52.0,52.0,0.0,0.0,1.0,True
2026-08-01 11:00:00+00:00,tt_grogol,Grogol,Jabodetabek,31.0,40.0,393.0,304.0,0.2249999999999999,0.0,1.0,True
2026-08-01 11:00:00+00:00,tt_kebonjeruk,Tol Kebon Jeruk,Jabodetabek,22.0,35.0,1843.0,1158.0,0.3714285714285714,0.0,1.0,True
2026-08-01 11:00:00+00:00,tt_kelapagading,Kelapa Gading,Jabodetabek,20.0,30.0,1536.0,1024.0,0.3333333333333333,0.0,1.0,True
2026-08-01 11:00:00+00:00,tt_kuningan,Jl. HR Rasuna Said,Jabodetabek,16.0,21.0,273.0,208.0,0.2380952380952381,0.0,0.99,True
2026-08-01 11:00:00+00:00,tt_sudirman,Jl. Sudirman (HI),Jabodetabek,19.0,39.0,755.0,368.0,0.5128205128205128,0.0,1.0,True
2026-08-01 11:00:00+00:00,tt_tangerang,Tol Jakarta-Merak,Jabodetabek,38.0,48.0,244.0,193.0,0.2083333333333333,0.0,1.0,True
2026-08-01 11:00:00+00:00,tt_tbsimatupang,TB Simatupang,Jabodetabek,50.0,71.0,494.0,348.0,0.295774647887324,0.0,1.0,True
2026-08-01 11:00:00+00:00,tt_thamrin,Jl. MH Thamrin,Jabodetabek,17.0,21.0,338.0,273.0,0.1904761904761904,0.0,1.0,True
2026-08-01 12:00:00+00:00,tt_bekasi,Tol Jakarta-Cikampek,Jabodetabek,14.0,17.0,1378.0,1135.0,0.1764705882352941,0.0,0.958623,True
2026-08-01 12:00:00+00:00,tt_bogor,Tol Jagorawi (Bogor),Jabodetabek,31.0,45.0,955.0,658.0,0.3111111111111111,0.0,1.0,True
2026-08-01 12:00:00+00:00,tt_bsd,BSD/Serpong,Jabodetabek,34.0,34.0,165.0,165.0,0.0,0.0,1.0,True
2026-08-01 12:00:00+00:00,tt_cawang,Cawang interchange,Jabodetabek,34.0,43.0,79.0,62.0,0.2093023255813954,0.0,1.0,True
2026-08-01 12:00:00+00:00,tt_depok,Jl. Margonda (Depok),Jabodetabek,21.0,31.0,2625.0,1778.0,0.3225806451612903,0.0,0.989663,True
2026-08-01 12:00:00+00:00,tt_gatsu,Jl. Gatot Subroto,Jabodetabek,45.0,45.0,52.0,52.0,0.0,0.0,1.0,True
2026-08-01 12:00:00+00:00,tt_grogol,Grogol,Jabodetabek,31.0,39.0,393.0,312.0,0.2051282051282051,0.0,1.0,True
2026-08-01 12:00:00+00:00,tt_kebonjeruk,Tol Kebon Jeruk,Jabodetabek,25.0,36.0,1622.0,1126.0,0.3055555555555556,0.0,1.0,True
2026-08-01 12:00:00+00:00,tt_kelapagading,Kelapa Gading,Jabodetabek,18.0,30.0,1706.0,1024.0,0.4,0.0,1.0,True
2026-08-01 12:00:00+00:00,tt_kuningan,Jl. HR Rasuna Said,Jabodetabek,13.0,21.0,336.0,208.0,0.3809523809523809,0.0,0.99,True
2026-08-01 12:00:00+00:00,tt_sudirman,Jl. Sudirman (HI),Jabodetabek,28.0,38.0,512.0,377.0,0.2631578947368421,0.0,1.0,True
2026-08-01 12:00:00+00:00,tt_tangerang,Tol Jakarta-Merak,Jabodetabek,48.0,48.0,193.0,193.0,0.0,0.0,1.0,True
2026-08-01 12:00:00+00:00,tt_tbsimatupang,TB Simatupang,Jabodetabek,72.0,72.0,343.0,343.0,0.0,0.0,1.0,True
2026-08-01 12:00:00+00:00,tt_thamrin,Jl. MH Thamrin,Jabodetabek,10.0,22.0,574.0,261.0,0.5454545454545454,0.0,1.0,True
2026-08-01 13:00:00+00:00,tt_bekasi,,,,,,,,,,False
2026-08-01 13:00:00+00:00,tt_bogor,,,,,,,,,,False
2026-08-01 13:00:00+00:00,tt_bsd,,,,,,,,,,False
2026-08-01 13:00:00+00:00,tt_cawang,,,,,,,,,,False
2026-08-01 13:00:00+00:00,tt_depok,,,,,,,,,,False
2026-08-01 13:00:00+00:00,tt_gatsu,,,,,,,,,,False
2026-08-01 13:00:00+00:00,tt_grogol,,,,,,,,,,False
2026-08-01 13:00:00+00:00,tt_kebonjeruk,,,,,,,,,,False
2026-08-01 13:00:00+00:00,tt_kelapagading,,,,,,,,,,False
2026-08-01 13:00:00+00:00,tt_kuningan,,,,,,,,,,False
2026-08-01 13:00:00+00:00,tt_sudirman,,,,,,,,,,False
2026-08-01 13:00:00+00:00,tt_tangerang,,,,,,,,,,False
2026-08-01 13:00:00+00:00,tt_tbsimatupang,,,,,,,,,,False
2026-08-01 13:00:00+00:00,tt_thamrin,,,,,,,,,,False
2026-08-01 14:00:00+00:00,tt_bekasi,Tol Jakarta-Cikampek,Jabodetabek,14.0,18.0,1378.0,1072.0,0.2222222222222222,0.0,0.924089,True
2026-08-01 14:00:00+00:00,tt_bogor,Tol Jagorawi (Bogor),Jabodetabek,34.0,45.0,871.0,658.0,0.2444444444444444,0.0,1.0,True
2026-08-01 14:00:00+00:00,tt_bsd,BSD/Serpong,Jabodetabek,34.0,34.0,165.0,165.0,0.0,0.0,1.0,True
2026-08-01 14:00:00+00:00,tt_cawang,Cawang interchange,Jabodetabek,43.0,43.0,62.0,62.0,0.0,0.0,1.0,True
2026-08-01 14:00:00+00:00,tt_depok,Jl. Margonda (Depok),Jabodetabek,23.0,31.0,2397.0,1778.0,0.2580645161290322,0.0,0.991296,True
2026-08-01 14:00:00+00:00,tt_gatsu,Jl. Gatot Subroto,Jabodetabek,45.0,45.0,52.0,52.0,0.0,0.0,1.0,True
2026-08-01 14:00:00+00:00,tt_grogol,Grogol,Jabodetabek,34.0,40.0,358.0,304.0,0.15,0.0,1.0,True
2026-08-01 14:00:00+00:00,tt_kebonjeruk,Tol Kebon Jeruk,Jabodetabek,25.0,35.0,1622.0,1158.0,0.2857142857142857,0.0,1.0,True
2026-08-01 14:00:00+00:00,tt_kelapagading,Kelapa Gading,Jabodetabek,22.0,29.0,1396.0,1059.0,0.2413793103448276,0.0,1.0,True
2026-08-01 14:00:00+00:00,tt_kuningan,Jl. HR Rasuna Said,Jabodetabek,21.0,21.0,208.0,208.0,0.0,0.0,1.0,True
2026-08-01 14:00:00+00:00,tt_sudirman,Jl. Sudirman (HI),Jabodetabek,28.0,39.0,512.0,368.0,0.282051282051282,0.0,1.0,True
2026-08-01 14:00:00+00:00,tt_tangerang,Tol Jakarta-Merak,Jabodetabek,48.0,48.0,193.0,193.0,0.0,0.0,1.0,True
2026-08-01 14:00:00+00:00,tt_tbsimatupang,TB Simatupang,Jabodetabek,72.0,72.0,343.0,343.0,0.0,0.0,1.0,True
2026-08-01 14:00:00+00:00,tt_thamrin,Jl. MH Thamrin,Jabodetabek,11.0,21.0,522.0,273.0,0.4761904761904761,0.0,1.0,True
2026-08-01 15:00:00+00:00,tt_bekasi,,,,,,,,,,False
2026-08-01 15:00:00+00:00,tt_bogor,,,,,,,,,,False
2026-08-01 15:00:00+00:00,tt_bsd,,,,,,,,,,False
2026-08-01 15:00:00+00:00,tt_cawang,,,,,,,,,,False
2026-08-01 15:00:00+00:00,tt_depok,,,,,,,,,,False
2026-08-01 15:00:00+00:00,tt_gatsu,,,,,,,,,,False
2026-08-01 15:00:00+00:00,tt_grogol,,,,,,,,,,False
2026-08-01 15:00:00+00:00,tt_kebonjeruk,,,,,,,,,,False
2026-08-01 15:00:00+00:00,tt_kelapagading,,,,,,,,,,False
2026-08-01 15:00:00+00:00,tt_kuningan,,,,,,,,,,False
2026-08-01 15:00:00+00:00,tt_sudirman,,,,,,,,,,False
2026-08-01 15:00:00+00:00,tt_tangerang,,,,,,,,,,False
2026-08-01 15:00:00+00:00,tt_tbsimatupang,,,,,,,,,,False
2026-08-01 15:00:00+00:00,tt_thamrin,,,,,,,,,,False
2026-08-01 16:00:00+00:00,tt_bekasi,Tol Jakarta-Cikampek,Jabodetabek,18.0,18.0,1072.0,1072.0,0.0,0.0,1.0,True
2026-08-01 16:00:00+00:00,tt_bogor,Tol Jagorawi (Bogor),Jabodetabek,39.0,44.0,759.0,673.0,0.1136363636363636,0.0,1.0,True
2026-08-01 16:00:00+00:00,tt_bsd,BSD/Serpong,Jabodetabek,34.0,34.0,165.0,165.0,0.0,0.0,1.0,True
2026-08-01 16:00:00+00:00,tt_cawang,Cawang interchange,Jabodetabek,43.0,43.0,62.0,62.0,0.0,0.0,1.0,True
2026-08-01 16:00:00+00:00,tt_depok,Jl. Margonda (Depok),Jabodetabek,31.0,31.0,1778.0,1778.0,0.0,0.0,1.0,True
2026-08-01 16:00:00+00:00,tt_gatsu,Jl. Gatot Subroto,Jabodetabek,45.0,45.0,52.0,52.0,0.0,0.0,1.0,True
2026-08-01 16:00:00+00:00,tt_grogol,Grogol,Jabodetabek,40.0,40.0,304.0,304.0,0.0,0.0,1.0,True
2026-08-01 16:00:00+00:00,tt_kebonjeruk,Tol Kebon Jeruk,Jabodetabek,29.0,35.0,1398.0,1158.0,0.1714285714285713,0.0,1.0,True
2026-08-01 16:00:00+00:00,tt_kelapagading,Kelapa Gading,Jabodetabek,27.0,29.0,1137.0,1059.0,0.0689655172413793,0.0,0.994942,True
2026-08-01 16:00:00+00:00,tt_kuningan,Jl. HR Rasuna Said,Jabodetabek,21.0,21.0,208.0,208.0,0.0,0.0,1.0,True
2026-08-01 16:00:00+00:00,tt_sudirman,Jl. Sudirman (HI),Jabodetabek,31.0,39.0,463.0,368.0,0.2051282051282051,0.0,1.0,True
2026-08-01 16:00:00+00:00,tt_tangerang,Tol Jakarta-Merak,Jabodetabek,48.0,48.0,193.0,193.0,0.0,0.0,1.0,True
2026-08-01 16:00:00+00:00,tt_tbsimatupang,TB Simatupang,Jabodetabek,72.0,72.0,343.0,343.0,0.0,0.0,1.0,True
2026-08-01 16:00:00+00:00,tt_thamrin,Jl. MH Thamrin,Jabodetabek,5.0,22.0,1149.0,261.0,0.7727272727272727,0.0,1.0,True
2026-08-01 17:00:00+00:00,tt_bekasi,Tol Jakarta-Cikampek,Jabodetabek,18.0,18.0,1072.0,1072.0,0.0,0.0,1.0,True
2026-08-01 17:00:00+00:00,tt_bogor,Tol Jagorawi (Bogor),Jabodetabek,45.0,45.0,658.0,658.0,0.0,0.0,1.0,True
2026-08-01 17:00:00+00:00,tt_bsd,BSD/Serpong,Jabodetabek,30.0,34.0,187.0,165.0,0.1176470588235294,0.0,0.987787,True
2026-08-01 17:00:00+00:00,tt_cawang,Cawang interchange,Jabodetabek,43.0,43.0,62.0,62.0,0.0,0.0,1.0,True
2026-08-01 17:00:00+00:00,tt_depok,Jl. Margonda (Depok),Jabodetabek,31.0,31.0,1778.0,1778.0,0.0,0.0,1.0,True
2026-08-01 17:00:00+00:00,tt_gatsu,Jl. Gatot Subroto,Jabodetabek,45.0,45.0,52.0,52.0,0.0,0.0,1.0,True
2026-08-01 17:00:00+00:00,tt_grogol,Grogol,Jabodetabek,34.0,40.0,358.0,304.0,0.15,0.0,0.996933,True
2026-08-01 17:00:00+00:00,tt_kebonjeruk,Tol Kebon Jeruk,Jabodetabek,35.0,35.0,1158.0,1158.0,0.0,0.0,1.0,True
2026-08-01 17:00:00+00:00,tt_kelapagading,Kelapa Gading,Jabodetabek,29.0,29.0,1059.0,1059.0,0.0,0.0,1.0,True
2026-08-01 17:00:00+00:00,tt_kuningan,Jl. HR Rasuna Said,Jabodetabek,21.0,21.0,208.0,208.0,0.0,0.0,1.0,True
2026-08-01 17:00:00+00:00,tt_sudirman,Jl. Sudirman (HI),Jabodetabek,38.0,38.0,377.0,377.0,0.0,0.0,1.0,True
2026-08-01 17:00:00+00:00,tt_tangerang,Tol Jakarta-Merak,Jabodetabek,48.0,48.0,193.0,193.0,0.0,0.0,1.0,True
2026-08-01 17:00:00+00:00,tt_tbsimatupang,TB Simatupang,Jabodetabek,72.0,72.0,343.0,343.0,0.0,0.0,1.0,True
2026-08-01 17:00:00+00:00,tt_thamrin,Jl. MH Thamrin,Jabodetabek,22.0,22.0,261.0,261.0,0.0,0.0,1.0,True
2026-08-01 18:00:00+00:00,tt_bekasi,,,,,,,,,,False
2026-08-01 18:00:00+00:00,tt_bogor,,,,,,,,,,False
2026-08-01 18:00:00+00:00,tt_bsd,,,,,,,,,,False
2026-08-01 18:00:00+00:00,tt_cawang,,,,,,,,,,False
2026-08-01 18:00:00+00:00,tt_depok,,,,,,,,,,False
2026-08-01 18:00:00+00:00,tt_gatsu,,,,,,,,,,False
2026-08-01 18:00:00+00:00,tt_grogol,,,,,,,,,,False
2026-08-01 18:00:00+00:00,tt_kebonjeruk,,,,,,,,,,False
2026-08-01 18:00:00+00:00,tt_kelapagading,,,,,,,,,,False
2026-08-01 18:00:00+00:00,tt_kuningan,,,,,,,,,,False
2026-08-01 18:00:00+00:00,tt_sudirman,,,,,,,,,,False
2026-08-01 18:00:00+00:00,tt_tangerang,,,,,,,,,,False
2026-08-01 18:00:00+00:00,tt_tbsimatupang,,,,,,,,,,False
2026-08-01 18:00:00+00:00,tt_thamrin,,,,,,,,,,False
2026-08-01 19:00:00+00:00,tt_bekasi,Tol Jakarta-Cikampek,Jabodetabek,18.0,18.0,1072.0,1072.0,0.0,0.0,1.0,True
2026-08-01 19:00:00+00:00,tt_bogor,Tol Jagorawi (Bogor),Jabodetabek,45.0,45.0,658.0,658.0,0.0,0.0,1.0,True
2026-08-01 19:00:00+00:00,tt_bsd,BSD/Serpong,Jabodetabek,34.0,34.0,165.0,165.0,0.0,0.0,1.0,True
2026-08-01 19:00:00+00:00,tt_cawang,Cawang interchange,Jabodetabek,43.0,43.0,62.0,62.0,0.0,0.0,1.0,True
2026-08-01 19:00:00+00:00,tt_depok,Jl. Margonda (Depok),Jabodetabek,31.0,31.0,1778.0,1778.0,0.0,0.0,1.0,True
2026-08-01 19:00:00+00:00,tt_gatsu,Jl. Gatot Subroto,Jabodetabek,45.0,45.0,52.0,52.0,0.0,0.0,1.0,True
2026-08-01 19:00:00+00:00,tt_grogol,Grogol,Jabodetabek,40.0,40.0,304.0,304.0,0.0,0.0,1.0,True
2026-08-01 19:00:00+00:00,tt_kebonjeruk,Tol Kebon Jeruk,Jabodetabek,35.0,35.0,1158.0,1158.0,0.0,0.0,1.0,True
2026-08-01 19:00:00+00:00,tt_kelapagading,Kelapa Gading,Jabodetabek,29.0,29.0,1059.0,1059.0,0.0,0.0,1.0,True
2026-08-01 19:00:00+00:00,tt_kuningan,Jl. HR Rasuna Said,Jabodetabek,21.0,21.0,208.0,208.0,0.0,0.0,1.0,True
2026-08-01 19:00:00+00:00,tt_sudirman,Jl. Sudirman (HI),Jabodetabek,38.0,38.0,377.0,377.0,0.0,0.0,1.0,True
2026-08-01 19:00:00+00:00,tt_tangerang,Tol Jakarta-Merak,Jabodetabek,48.0,48.0,193.0,193.0,0.0,0.0,1.0,True
2026-08-01 19:00:00+00:00,tt_tbsimatupang,TB Simatupang,Jabodetabek,72.0,72.0,343.0,343.0,0.0,0.0,1.0,True
2026-08-01 19:00:00+00:00,tt_thamrin,Jl. MH Thamrin,Jabodetabek,22.0,22.0,261.0,261.0,0.0,0.0,1.0,True
2026-08-01 20:00:00+00:00,tt_bekasi,Tol Jakarta-Cikampek,Jabodetabek,18.0,18.0,1072.0,1072.0,0.0,0.0,1.0,True
2026-08-01 20:00:00+00:00,tt_bogor,Tol Jagorawi (Bogor),Jabodetabek,45.0,45.0,658.0,658.0,0.0,0.0,1.0,True
2026-08-01 20:00:00+00:00,tt_bsd,BSD/Serpong,Jabodetabek,34.0,34.0,165.0,165.0,0.0,0.0,1.0,True
2026-08-01 20:00:00+00:00,tt_cawang,Cawang interchange,Jabodetabek,43.0,43.0,62.0,62.0,0.0,0.0,1.0,True
2026-08-01 20:00:00+00:00,tt_depok,Jl. Margonda (Depok),Jabodetabek,31.0,31.0,1778.0,1778.0,0.0,0.0,1.0,True
2026-08-01 20:00:00+00:00,tt_gatsu,Jl. Gatot Subroto,Jabodetabek,45.0,45.0,52.0,52.0,0.0,0.0,1.0,True
2026-08-01 20:00:00+00:00,tt_grogol,Grogol,Jabodetabek,40.0,40.0,304.0,304.0,0.0,0.0,1.0,True
2026-08-01 20:00:00+00:00,tt_kebonjeruk,Tol Kebon Jeruk,Jabodetabek,35.0,35.0,1158.0,1158.0,0.0,0.0,1.0,True
2026-08-01 20:00:00+00:00,tt_kelapagading,Kelapa Gading,Jabodetabek,29.0,29.0,1059.0,1059.0,0.0,0.0,1.0,True
2026-08-01 20:00:00+00:00,tt_kuningan,Jl. HR Rasuna Said,Jabodetabek,21.0,21.0,208.0,208.0,0.0,0.0,1.0,True
2026-08-01 20:00:00+00:00,tt_sudirman,Jl. Sudirman (HI),Jabodetabek,38.0,38.0,377.0,377.0,0.0,0.0,1.0,True
2026-08-01 20:00:00+00:00,tt_tangerang,Tol Jakarta-Merak,Jabodetabek,48.0,48.0,193.0,193.0,0.0,0.0,1.0,True
2026-08-01 20:00:00+00:00,tt_tbsimatupang,TB Simatupang,Jabodetabek,72.0,72.0,343.0,343.0,0.0,0.0,1.0,True
2026-08-01 20:00:00+00:00,tt_thamrin,Jl. MH Thamrin,Jabodetabek,22.0,22.0,261.0,261.0,0.0,0.0,1.0,True
2026-08-01 21:00:00+00:00,tt_bekasi,,,,,,,,,,False
2026-08-01 21:00:00+00:00,tt_bogor,,,,,,,,,,False
2026-08-01 21:00:00+00:00,tt_bsd,,,,,,,,,,False
2026-08-01 21:00:00+00:00,tt_cawang,,,,,,,,,,False
2026-08-01 21:00:00+00:00,tt_depok,,,,,,,,,,False
2026-08-01 21:00:00+00:00,tt_gatsu,,,,,,,,,,False
2026-08-01 21:00:00+00:00,tt_grogol,,,,,,,,,,False
2026-08-01 21:00:00+00:00,tt_kebonjeruk,,,,,,,,,,False
2026-08-01 21:00:00+00:00,tt_kelapagading,,,,,,,,,,False
2026-08-01 21:00:00+00:00,tt_kuningan,,,,,,,,,,False
2026-08-01 21:00:00+00:00,tt_sudirman,,,,,,,,,,False
2026-08-01 21:00:00+00:00,tt_tangerang,,,,,,,,,,False
2026-08-01 21:00:00+00:00,tt_tbsimatupang,,,,,,,,,,False
2026-08-01 21:00:00+00:00,tt_thamrin,,,,,,,,,,False
2026-08-01 22:00:00+00:00,tt_bekasi,Tol Jakarta-Cikampek,Jabodetabek,18.0,18.0,1072.0,1072.0,0.0,0.0,1.0,True
2026-08-01 22:00:00+00:00,tt_bogor,Tol Jagorawi (Bogor),Jabodetabek,45.0,45.0,658.0,658.0,0.0,0.0,1.0,True
2026-08-01 22:00:00+00:00,tt_bsd,BSD/Serpong,Jabodetabek,30.0,34.0,187.0,165.0,0.1176470588235294,0.0,0.987787,True
2026-08-01 22:00:00+00:00,tt_cawang,Cawang interchange,Jabodetabek,43.0,43.0,62.0,62.0,0.0,0.0,1.0,True
2026-08-01 22:00:00+00:00,tt_depok,Jl. Margonda (Depok),Jabodetabek,31.0,31.0,1778.0,1778.0,0.0,0.0,1.0,True
2026-08-01 22:00:00+00:00,tt_gatsu,Jl. Gatot Subroto,Jabodetabek,45.0,45.0,52.0,52.0,0.0,0.0,1.0,True
2026-08-01 22:00:00+00:00,tt_grogol,Grogol,Jabodetabek,40.0,40.0,304.0,304.0,0.0,0.0,1.0,True
2026-08-01 22:00:00+00:00,tt_kebonjeruk,Tol Kebon Jeruk,Jabodetabek,35.0,35.0,1158.0,1158.0,0.0,0.0,1.0,True
2026-08-01 22:00:00+00:00,tt_kelapagading,Kelapa Gading,Jabodetabek,29.0,29.0,1059.0,1059.0,0.0,0.0,1.0,True
2026-08-01 22:00:00+00:00,tt_kuningan,Jl. HR Rasuna Said,Jabodetabek,21.0,21.0,208.0,208.0,0.0,0.0,1.0,True
2026-08-01 22:00:00+00:00,tt_sudirman,Jl. Sudirman (HI),Jabodetabek,38.0,38.0,377.0,377.0,0.0,0.0,1.0,True
2026-08-01 22:00:00+00:00,tt_tangerang,Tol Jakarta-Merak,Jabodetabek,48.0,48.0,193.0,193.0,0.0,0.0,1.0,True
2026-08-01 22:00:00+00:00,tt_tbsimatupang,TB Simatupang,Jabodetabek,72.0,72.0,343.0,343.0,0.0,0.0,1.0,True
2026-08-01 22:00:00+00:00,tt_thamrin,Jl. MH Thamrin,Jabodetabek,22.0,22.0,261.0,261.0,0.0,0.0,1.0,True
2026-08-01 23:00:00+00:00,tt_bekasi,,,,,,,,,,False
2026-08-01 23:00:00+00:00,tt_bogor,,,,,,,,,,False
2026-08-01 23:00:00+00:00,tt_bsd,,,,,,,,,,False
2026-08-01 23:00:00+00:00,tt_cawang,,,,,,,,,,False
2026-08-01 23:00:00+00:00,tt_depok,,,,,,,,,,False
2026-08-01 23:00:00+00:00,tt_gatsu,,,,,,,,,,False
2026-08-01 23:00:00+00:00,tt_grogol,,,,,,,,,,False
2026-08-01 23:00:00+00:00,tt_kebonjeruk,,,,,,,,,,False
2026-08-01 23:00:00+00:00,tt_kelapagading,,,,,,,,,,False
2026-08-01 23:00:00+00:00,tt_kuningan,,,,,,,,,,False
2026-08-01 23:00:00+00:00,tt_sudirman,,,,,,,,,,False
2026-08-01 23:00:00+00:00,tt_tangerang,,,,,,,,,,False
2026-08-01 23:00:00+00:00,tt_tbsimatupang,,,,,,,,,,False
2026-08-01 23:00:00+00:00,tt_thamrin,,,,,,,,,,False
2026-08-02 00:00:00+00:00,tt_bekasi,Tol Jakarta-Cikampek,Jabodetabek,18.0,18.0,1072.0,1072.0,0.0,0.0,1.0,True
2026-08-02 00:00:00+00:00,tt_bogor,Tol Jagorawi (Bogor),Jabodetabek,45.0,45.0,658.0,658.0,0.0,0.0,1.0,True
2026-08-02 00:00:00+00:00,tt_bsd,BSD/Serpong,Jabodetabek,34.0,34.0,165.0,165.0,0.0,0.0,1.0,True
2026-08-02 00:00:00+00:00,tt_cawang,Cawang interchange,Jabodetabek,43.0,43.0,62.0,62.0,0.0,0.0,1.0,True
2026-08-02 00:00:00+00:00,tt_depok,Jl. Margonda (Depok),Jabodetabek,31.0,31.0,1778.0,1778.0,0.0,0.0,1.0,True
2026-08-02 00:00:00+00:00,tt_gatsu,Jl. Gatot Subroto,Jabodetabek,45.0,45.0,52.0,52.0,0.0,0.0,1.0,True
2026-08-02 00:00:00+00:00,tt_grogol,Grogol,Jabodetabek,40.0,40.0,304.0,304.0,0.0,0.0,1.0,True
2026-08-02 00:00:00+00:00,tt_kebonjeruk,Tol Kebon Jeruk,Jabodetabek,35.0,35.0,1158.0,1158.0,0.0,0.0,1.0,True
2026-08-02 00:00:00+00:00,tt_kelapagading,Kelapa Gading,Jabodetabek,29.0,29.0,1059.0,1059.0,0.0,0.0,1.0,True
2026-08-02 00:00:00+00:00,tt_kuningan,Jl. HR Rasuna Said,Jabodetabek,21.0,21.0,208.0,208.0,0.0,0.0,1.0,True
2026-08-02 00:00:00+00:00,tt_sudirman,Jl. Sudirman (HI),Jabodetabek,20.0,38.0,717.0,377.0,0.4736842105263158,0.0,0.805684,True
2026-08-02 00:00:00+00:00,tt_tangerang,Tol Jakarta-Merak,Jabodetabek,48.0,48.0,193.0,193.0,0.0,0.0,1.0,True
2026-08-02 00:00:00+00:00,tt_tbsimatupang,TB Simatupang,Jabodetabek,72.0,72.0,343.0,343.0,0.0,0.0,1.0,True
2026-08-02 00:00:00+00:00,tt_thamrin,Jl. MH Thamrin,Jabodetabek,22.0,22.0,261.0,261.0,0.0,0.0,1.0,True
2026-08-02 01:00:00+00:00,tt_bekasi,Tol Jakarta-Cikampek,Jabodetabek,18.0,18.0,1072.0,1072.0,0.0,0.0,1.0,True
2026-08-02 01:00:00+00:00,tt_bogor,Tol Jagorawi (Bogor),Jabodetabek,45.0,45.0,658.0,658.0,0.0,0.0,1.0,True
2026-08-02 01:00:00+00:00,tt_bsd,BSD/Serpong,Jabodetabek,34.0,34.0,165.0,165.0,0.0,0.0,1.0,True
2026-08-02 01:00:00+00:00,tt_cawang,Cawang interchange,Jabodetabek,43.0,43.0,62.0,62.0,0.0,0.0,1.0,True
2026-08-02 01:00:00+00:00,tt_depok,Jl. Margonda (Depok),Jabodetabek,28.0,30.0,1969.0,1837.0,0.0666666666666666,1.0,0.812022,True
2026-08-02 01:00:00+00:00,tt_gatsu,Jl. Gatot Subroto,Jabodetabek,45.0,45.0,52.0,52.0,0.0,0.0,1.0,True
2026-08-02 01:00:00+00:00,tt_grogol,Grogol,Jabodetabek,35.0,40.0,348.0,304.0,0.125,0.0,1.0,True
2026-08-02 01:00:00+00:00,tt_kebonjeruk,Tol Kebon Jeruk,Jabodetabek,35.0,35.0,1158.0,1158.0,0.0,0.0,1.0,True
2026-08-02 01:00:00+00:00,tt_kelapagading,Kelapa Gading,Jabodetabek,29.0,29.0,1059.0,1059.0,0.0,0.0,1.0,True
2026-08-02 01:00:00+00:00,tt_kuningan,Jl. HR Rasuna Said,Jabodetabek,21.0,21.0,208.0,208.0,0.0,0.0,1.0,True
2026-08-02 01:00:00+00:00,tt_sudirman,Jl. Sudirman (HI),Jabodetabek,20.0,39.0,717.0,368.0,0.4871794871794872,0.0,0.939827,True
2026-08-02 01:00:00+00:00,tt_tangerang,Tol Jakarta-Merak,Jabodetabek,48.0,48.0,193.0,193.0,0.0,0.0,1.0,True
2026-08-02 01:00:00+00:00,tt_tbsimatupang,TB Simatupang,Jabodetabek,72.0,72.0,343.0,343.0,0.0,0.0,1.0,True
2026-08-02 01:00:00+00:00,tt_thamrin,Jl. MH Thamrin,Jabodetabek,15.0,22.0,383.0,261.0,0.3181818181818182,0.0,0.96,True
2026-08-02 02:00:00+00:00,tt_bekasi,,,,,,,,,,False
2026-08-02 02:00:00+00:00,tt_bogor,,,,,,,,,,False
2026-08-02 02:00:00+00:00,tt_bsd,,,,,,,,,,False
2026-08-02 02:00:00+00:00,tt_cawang,,,,,,,,,,False
2026-08-02 02:00:00+00:00,tt_depok,,,,,,,,,,False
2026-08-02 02:00:00+00:00,tt_gatsu,,,,,,,,,,False
2026-08-02 02:00:00+00:00,tt_grogol,,,,,,,,,,False
2026-08-02 02:00:00+00:00,tt_kebonjeruk,,,,,,,,,,False
2026-08-02 02:00:00+00:00,tt_kelapagading,,,,,,,,,,False
2026-08-02 02:00:00+00:00,tt_kuningan,,,,,,,,,,False
2026-08-02 02:00:00+00:00,tt_sudirman,,,,,,,,,,False
2026-08-02 02:00:00+00:00,tt_tangerang,,,,,,,,,,False
2026-08-02 02:00:00+00:00,tt_tbsimatupang,,,,,,,,,,False
2026-08-02 02:00:00+00:00,tt_thamrin,,,,,,,,,,False
2026-08-02 03:00:00+00:00,tt_bekasi,Tol Jakarta-Cikampek,Jabodetabek,15.0,17.0,1286.0,1135.0,0.1176470588235294,0.0,0.890766,True
2026-08-02 03:00:00+00:00,tt_bogor,Tol Jagorawi (Bogor),Jabodetabek,39.0,45.0,759.0,658.0,0.1333333333333333,0.0,1.0,True
2026-08-02 03:00:00+00:00,tt_bsd,BSD/Serpong,Jabodetabek,34.0,34.0,165.0,165.0,0.0,0.0,1.0,True
2026-08-02 03:00:00+00:00,tt_cawang,Cawang interchange,Jabodetabek,43.0,43.0,62.0,62.0,0.0,0.0,1.0,True
2026-08-02 03:00:00+00:00,tt_depok,Jl. Margonda (Depok),Jabodetabek,23.0,31.0,2397.0,1778.0,0.2580645161290322,0.0,0.975057,True
2026-08-02 03:00:00+00:00,tt_gatsu,Jl. Gatot Subroto,Jabodetabek,45.0,45.0,52.0,52.0,0.0,0.0,1.0,True
2026-08-02 03:00:00+00:00,tt_grogol,Grogol,Jabodetabek,40.0,40.0,304.0,304.0,0.0,0.0,1.0,True
2026-08-02 03:00:00+00:00,tt_kebonjeruk,Tol Kebon Jeruk,Jabodetabek,28.0,35.0,1448.0,1158.0,0.1999999999999999,0.0,1.0,True
2026-08-02 03:00:00+00:00,tt_kelapagading,Kelapa Gading,Jabodetabek,24.0,29.0,1280.0,1059.0,0.1724137931034483,0.0,0.999263,True
2026-08-02 03:00:00+00:00,tt_kuningan,Jl. HR Rasuna Said,Jabodetabek,21.0,21.0,208.0,208.0,0.0,0.0,1.0,True
2026-08-02 03:00:00+00:00,tt_sudirman,Jl. Sudirman (HI),Jabodetabek,38.0,38.0,377.0,377.0,0.0,0.0,1.0,True
2026-08-02 03:00:00+00:00,tt_tangerang,Tol Jakarta-Merak,Jabodetabek,48.0,48.0,193.0,193.0,0.0,0.0,1.0,True
2026-08-02 03:00:00+00:00,tt_tbsimatupang,TB Simatupang,Jabodetabek,72.0,72.0,343.0,343.0,0.0,0.0,1.0,True
2026-08-02 03:00:00+00:00,tt_thamrin,Jl. MH Thamrin,Jabodetabek,22.0,22.0,261.0,261.0,0.0,0.0,1.0,True
2026-08-02 04:00:00+00:00,tt_bekasi,Tol Jakarta-Cikampek,Jabodetabek,18.0,18.0,1072.0,1072.0,0.0,0.0,1.0,True
2026-08-02 04:00:00+00:00,tt_bogor,Tol Jagorawi (Bogor),Jabodetabek,45.0,45.0,658.0,658.0,0.0,0.0,1.0,True
2026-08-02 04:00:00+00:00,tt_bsd,BSD/Serpong,Jabodetabek,34.0,34.0,165.0,165.0,0.0,0.0,1.0,True
2026-08-02 04:00:00+00:00,tt_cawang,Cawang interchange,Jabodetabek,19.0,42.0,142.0,64.0,0.5476190476190477,0.0,1.0,True
2026-08-02 04:00:00+00:00,tt_depok,Jl. Margonda (Depok),Jabodetabek,22.0,31.0,2506.0,1778.0,0.2903225806451612,0.0,0.968836,True
2026-08-02 04:00:00+00:00,tt_gatsu,Jl. Gatot Subroto,Jabodetabek,45.0,45.0,52.0,52.0,0.0,0.0,1.0,True
2026-08-02 04:00:00+00:00,tt_grogol,Grogol,Jabodetabek,40.0,40.0,304.0,304.0,0.0,0.0,1.0,True
2026-08-02 04:00:00+00:00,tt_kebonjeruk,Tol Kebon Jeruk,Jabodetabek,26.0,35.0,1559.0,1158.0,0.2571428571428571,0.0,1.0,True
2026-08-02 04:00:00+00:00,tt_kelapagading,Kelapa Gading,Jabodetabek,21.0,29.0,1463.0,1059.0,0.2758620689655172,0.0,0.998774,True
2026-08-02 04:00:00+00:00,tt_kuningan,Jl. HR Rasuna Said,Jabodetabek,21.0,21.0,208.0,208.0,0.0,0.0,1.0,True
2026-08-02 04:00:00+00:00,tt_sudirman,Jl. Sudirman (HI),Jabodetabek,31.0,39.0,463.0,368.0,0.2051282051282051,0.0,1.0,True
2026-08-02 04:00:00+00:00,tt_tangerang,Tol Jakarta-Merak,Jabodetabek,48.0,48.0,193.0,193.0,0.0,0.0,1.0,True
2026-08-02 04:00:00+00:00,tt_tbsimatupang,TB Simatupang,Jabodetabek,50.0,71.0,494.0,348.0,0.295774647887324,0.0,1.0,True
2026-08-02 04:00:00+00:00,tt_thamrin,Jl. MH Thamrin,Jabodetabek,22.0,22.0,261.0,261.0,0.0,0.0,1.0,True
2026-08-02 05:00:00+00:00,tt_bekasi,,,,,,,,,,False
2026-08-02 05:00:00+00:00,tt_bogor,,,,,,,,,,False
2026-08-02 05:00:00+00:00,tt_bsd,,,,,,,,,,False
2026-08-02 05:00:00+00:00,tt_cawang,,,,,,,,,,False
2026-08-02 05:00:00+00:00,tt_depok,,,,,,,,,,False
2026-08-02 05:00:00+00:00,tt_gatsu,,,,,,,,,,False
2026-08-02 05:00:00+00:00,tt_grogol,,,,,,,,,,False
2026-08-02 05:00:00+00:00,tt_kebonjeruk,,,,,,,,,,False
2026-08-02 05:00:00+00:00,tt_kelapagading,,,,,,,,,,False
2026-08-02 05:00:00+00:00,tt_kuningan,,,,,,,,,,False
2026-08-02 05:00:00+00:00,tt_sudirman,,,,,,,,,,False
2026-08-02 05:00:00+00:00,tt_tangerang,,,,,,,,,,False
2026-08-02 05:00:00+00:00,tt_tbsimatupang,,,,,,,,,,False
2026-08-02 05:00:00+00:00,tt_thamrin,,,,,,,,,,False
2026-08-02 06:00:00+00:00,tt_bekasi,Tol Jakarta-Cikampek,Jabodetabek,18.0,18.0,1072.0,1072.0,0.0,0.0,1.0,True
2026-08-02 06:00:00+00:00,tt_bogor,Tol Jagorawi (Bogor),Jabodetabek,36.0,45.0,823.0,658.0,0.1999999999999999,0.0,1.0,True
2026-08-02 06:00:00+00:00,tt_bsd,BSD/Serpong,Jabodetabek,34.0,34.0,165.0,165.0,0.0,0.0,1.0,True
2026-08-02 06:00:00+00:00,tt_cawang,Cawang interchange,Jabodetabek,22.0,41.0,122.0,65.0,0.4634146341463414,0.0,1.0,True
2026-08-02 06:00:00+00:00,tt_depok,Jl. Margonda (Depok),Jabodetabek,25.0,31.0,2205.0,1778.0,0.1935483870967742,0.0,0.976793,True
2026-08-02 06:00:00+00:00,tt_gatsu,Jl. Gatot Subroto,Jabodetabek,45.0,45.0,52.0,52.0,0.0,0.0,1.0,True
2026-08-02 06:00:00+00:00,tt_grogol,Grogol,Jabodetabek,33.0,40.0,369.0,304.0,0.175,0.0,1.0,True
2026-08-02 06:00:00+00:00,tt_kebonjeruk,Tol Kebon Jeruk,Jabodetabek,25.0,35.0,1622.0,1158.0,0.2857142857142857,0.0,1.0,True
2026-08-02 06:00:00+00:00,tt_kelapagading,Kelapa Gading,Jabodetabek,19.0,29.0,1617.0,1059.0,0.3448275862068966,0.0,1.0,True
2026-08-02 06:00:00+00:00,tt_kuningan,Jl. HR Rasuna Said,Jabodetabek,21.0,21.0,208.0,208.0,0.0,0.0,1.0,True
2026-08-02 06:00:00+00:00,tt_sudirman,Jl. Sudirman (HI),Jabodetabek,32.0,39.0,448.0,368.0,0.1794871794871795,0.0,1.0,True
2026-08-02 06:00:00+00:00,tt_tangerang,Tol Jakarta-Merak,Jabodetabek,37.0,48.0,250.0,193.0,0.2291666666666666,0.0,1.0,True
2026-08-02 06:00:00+00:00,tt_tbsimatupang,TB Simatupang,Jabodetabek,51.0,72.0,485.0,343.0,0.2916666666666666,0.0,1.0,True
2026-08-02 06:00:00+00:00,tt_thamrin,Jl. MH Thamrin,Jabodetabek,22.0,24.0,261.0,239.0,0.0833333333333333,0.0,1.0,True
2026-08-02 07:00:00+00:00,tt_bekasi,Tol Jakarta-Cikampek,Jabodetabek,18.0,18.0,1072.0,1072.0,0.0,0.0,1.0,True
2026-08-02 07:00:00+00:00,tt_bogor,Tol Jagorawi (Bogor),Jabodetabek,37.0,44.0,800.0,673.0,0.159090909090909,0.0,1.0,True
2026-08-02 07:00:00+00:00,tt_bsd,BSD/Serpong,Jabodetabek,34.0,34.0,165.0,165.0,0.0,0.0,1.0,True
2026-08-02 07:00:00+00:00,tt_cawang,Cawang interchange,Jabodetabek,22.0,42.0,122.0,64.0,0.4761904761904761,0.0,1.0,True
2026-08-02 07:00:00+00:00,tt_depok,Jl. Margonda (Depok),Jabodetabek,26.0,31.0,2120.0,1778.0,0.1612903225806451,0.0,0.978647,True
2026-08-02 07:00:00+00:00,tt_gatsu,Jl. Gatot Subroto,Jabodetabek,45.0,45.0,52.0,52.0,0.0,0.0,1.0,True
2026-08-02 07:00:00+00:00,tt_grogol,Grogol,Jabodetabek,40.0,40.0,304.0,304.0,0.0,0.0,1.0,True
2026-08-02 07:00:00+00:00,tt_kebonjeruk,Tol Kebon Jeruk,Jabodetabek,24.0,35.0,1689.0,1158.0,0.3142857142857143,0.0,1.0,True
2026-08-02 07:00:00+00:00,tt_kelapagading,Kelapa Gading,Jabodetabek,22.0,29.0,1396.0,1059.0,0.2413793103448276,0.0,1.0,True
2026-08-02 07:00:00+00:00,tt_kuningan,Jl. HR Rasuna Said,Jabodetabek,21.0,21.0,208.0,208.0,0.0,0.0,1.0,True
2026-08-02 07:00:00+00:00,tt_sudirman,Jl. Sudirman (HI),Jabodetabek,33.0,38.0,434.0,377.0,0.131578947368421,0.0,1.0,True
2026-08-02 07:00:00+00:00,tt_tangerang,Tol Jakarta-Merak,Jabodetabek,48.0,48.0,193.0,193.0,0.0,0.0,1.0,True
2026-08-02 07:00:00+00:00,tt_tbsimatupang,TB Simatupang,Jabodetabek,52.0,71.0,475.0,348.0,0.2676056338028169,0.0,1.0,True
2026-08-02 07:00:00+00:00,tt_thamrin,Jl. MH Thamrin,Jabodetabek,22.0,22.0,261.0,261.0,0.0,0.0,1.0,True
2026-08-02 08:00:00+00:00,tt_bekasi,,,,,,,,,,False
2026-08-02 08:00:00+00:00,tt_bogor,,,,,,,,,,False
2026-08-02 08:00:00+00:00,tt_bsd,,,,,,,,,,False
2026-08-02 08:00:00+00:00,tt_cawang,,,,,,,,,,False
2026-08-02 08:00:00+00:00,tt_depok,,,,,,,,,,False
2026-08-02 08:00:00+00:00,tt_gatsu,,,,,,,,,,False
2026-08-02 08:00:00+00:00,tt_grogol,,,,,,,,,,False
2026-08-02 08:00:00+00:00,tt_kebonjeruk,,,,,,,,,,False
2026-08-02 08:00:00+00:00,tt_kelapagading,,,,,,,,,,False
2026-08-02 08:00:00+00:00,tt_kuningan,,,,,,,,,,False
2026-08-02 08:00:00+00:00,tt_sudirman,,,,,,,,,,False
2026-08-02 08:00:00+00:00,tt_tangerang,,,,,,,,,,False
2026-08-02 08:00:00+00:00,tt_tbsimatupang,,,,,,,,,,False
2026-08-02 08:00:00+00:00,tt_thamrin,,,,,,,,,,False
2026-08-02 09:00:00+00:00,tt_bekasi,Tol Jakarta-Cikampek,Jabodetabek,16.0,17.0,1206.0,1135.0,0.0588235294117647,0.0,0.980659,True
2026-08-02 09:00:00+00:00,tt_bogor,Tol Jagorawi (Bogor),Jabodetabek,37.0,44.0,800.0,673.0,0.159090909090909,0.0,1.0,True
2026-08-02 09:00:00+00:00,tt_bsd,BSD/Serpong,Jabodetabek,34.0,34.0,165.0,165.0,0.0,0.0,1.0,True
2026-08-02 09:00:00+00:00,tt_cawang,Cawang interchange,Jabodetabek,22.0,42.0,122.0,64.0,0.4761904761904761,0.0,1.0,True
2026-08-02 09:00:00+00:00,tt_depok,Jl. Margonda (Depok),Jabodetabek,24.0,31.0,2297.0,1778.0,0.2258064516129032,0.0,0.980944,True
2026-08-02 09:00:00+00:00,tt_gatsu,Jl. Gatot Subroto,Jabodetabek,45.0,45.0,52.0,52.0,0.0,0.0,1.0,True
2026-08-02 09:00:00+00:00,tt_grogol,Grogol,Jabodetabek,40.0,40.0,304.0,304.0,0.0,0.0,1.0,True
2026-08-02 09:00:00+00:00,tt_kebonjeruk,Tol Kebon Jeruk,Jabodetabek,26.0,35.0,1559.0,1158.0,0.2571428571428571,0.0,1.0,True
2026-08-02 09:00:00+00:00,tt_kelapagading,Kelapa Gading,Jabodetabek,22.0,29.0,1396.0,1059.0,0.2413793103448276,0.0,1.0,True
2026-08-02 09:00:00+00:00,tt_kuningan,Jl. HR Rasuna Said,Jabodetabek,16.0,20.0,273.0,218.0,0.1999999999999999,0.0,0.994981,True
2026-08-02 09:00:00+00:00,tt_sudirman,Jl. Sudirman (HI),Jabodetabek,30.0,39.0,478.0,368.0,0.2307692307692307,0.0,1.0,True
2026-08-02 09:00:00+00:00,tt_tangerang,Tol Jakarta-Merak,Jabodetabek,48.0,48.0,193.0,193.0,0.0,0.0,1.0,True
2026-08-02 09:00:00+00:00,tt_tbsimatupang,TB Simatupang,Jabodetabek,58.0,72.0,426.0,343.0,0.1944444444444444,0.0,1.0,True
2026-08-02 09:00:00+00:00,tt_thamrin,Jl. MH Thamrin,Jabodetabek,22.0,22.0,261.0,261.0,0.0,0.0,1.0,True
2026-08-02 10:00:00+00:00,tt_bekasi,,,,,,,,,,False
2026-08-02 10:00:00+00:00,tt_bogor,,,,,,,,,,False
2026-08-02 10:00:00+00:00,tt_bsd,,,,,,,,,,False
2026-08-02 10:00:00+00:00,tt_cawang,,,,,,,,,,False
2026-08-02 10:00:00+00:00,tt_depok,,,,,,,,,,False
2026-08-02 10:00:00+00:00,tt_gatsu,,,,,,,,,,False
2026-08-02 10:00:00+00:00,tt_grogol,,,,,,,,,,False
2026-08-02 10:00:00+00:00,tt_kebonjeruk,,,,,,,,,,False
2026-08-02 10:00:00+00:00,tt_kelapagading,,,,,,,,,,False
2026-08-02 10:00:00+00:00,tt_kuningan,,,,,,,,,,False
2026-08-02 10:00:00+00:00,tt_sudirman,,,,,,,,,,False
2026-08-02 10:00:00+00:00,tt_tangerang,,,,,,,,,,False
2026-08-02 10:00:00+00:00,tt_tbsimatupang,,,,,,,,,,False
2026-08-02 10:00:00+00:00,tt_thamrin,,,,,,,,,,False
2026-08-02 11:00:00+00:00,tt_bekasi,Tol Jakarta-Cikampek,Jabodetabek,13.0,17.0,1484.0,1135.0,0.2352941176470588,0.0,0.937521,True
2026-08-02 11:00:00+00:00,tt_bogor,Tol Jagorawi (Bogor),Jabodetabek,33.0,45.0,897.0,658.0,0.2666666666666667,0.0,1.0,True
2026-08-02 11:00:00+00:00,tt_bsd,BSD/Serpong,Jabodetabek,34.0,34.0,165.0,165.0,0.0,0.0,1.0,True
2026-08-02 11:00:00+00:00,tt_cawang,Cawang interchange,Jabodetabek,17.0,44.0,158.0,61.0,0.6136363636363636,0.0,1.0,True
2026-08-02 11:00:00+00:00,tt_depok,Jl. Margonda (Depok),Jabodetabek,22.0,31.0,2506.0,1778.0,0.2903225806451612,0.0,0.987261,True
2026-08-02 11:00:00+00:00,tt_gatsu,Jl. Gatot Subroto,Jabodetabek,45.0,45.0,52.0,52.0,0.0,0.0,1.0,True
2026-08-02 11:00:00+00:00,tt_grogol,Grogol,Jabodetabek,40.0,40.0,304.0,304.0,0.0,0.0,1.0,True
2026-08-02 11:00:00+00:00,tt_kebonjeruk,Tol Kebon Jeruk,Jabodetabek,27.0,35.0,1501.0,1158.0,0.2285714285714285,0.0,1.0,True
2026-08-02 11:00:00+00:00,tt_kelapagading,Kelapa Gading,Jabodetabek,20.0,29.0,1536.0,1059.0,0.3103448275862068,0.0,0.997931,True
2026-08-02 11:00:00+00:00,tt_kuningan,Jl. HR Rasuna Said,Jabodetabek,21.0,21.0,208.0,208.0,0.0,0.0,1.0,True
2026-08-02 11:00:00+00:00,tt_sudirman,Jl. Sudirman (HI),Jabodetabek,32.0,39.0,448.0,368.0,0.1794871794871795,0.0,1.0,True
2026-08-02 11:00:00+00:00,tt_tangerang,Tol Jakarta-Merak,Jabodetabek,48.0,48.0,193.0,193.0,0.0,0.0,1.0,True
2026-08-02 11:00:00+00:00,tt_tbsimatupang,TB Simatupang,Jabodetabek,72.0,72.0,343.0,343.0,0.0,0.0,1.0,True
2026-08-02 11:00:00+00:00,tt_thamrin,Jl. MH Thamrin,Jabodetabek,18.0,25.0,319.0,229.0,0.28,0.0,1.0,True
2026-08-02 12:00:00+00:00,tt_bekasi,Tol Jakarta-Cikampek,Jabodetabek,11.0,17.0,1754.0,1135.0,0.3529411764705882,0.0,0.980301,True
2026-08-02 12:00:00+00:00,tt_bogor,Tol Jagorawi (Bogor),Jabodetabek,35.0,45.0,846.0,658.0,0.2222222222222222,0.0,1.0,True
2026-08-02 12:00:00+00:00,tt_bsd,BSD/Serpong,Jabodetabek,34.0,34.0,165.0,165.0,0.0,0.0,1.0,True
2026-08-02 12:00:00+00:00,tt_cawang,Cawang interchange,Jabodetabek,31.0,43.0,87.0,62.0,0.2790697674418605,0.0,1.0,True
2026-08-02 12:00:00+00:00,tt_depok,Jl. Margonda (Depok),Jabodetabek,22.0,31.0,2506.0,1778.0,0.2903225806451612,0.0,0.979057,True
2026-08-02 12:00:00+00:00,tt_gatsu,Jl. Gatot Subroto,Jabodetabek,45.0,45.0,52.0,52.0,0.0,0.0,1.0,True
2026-08-02 12:00:00+00:00,tt_grogol,Grogol,Jabodetabek,40.0,40.0,304.0,304.0,0.0,0.0,1.0,True
2026-08-02 12:00:00+00:00,tt_kebonjeruk,Tol Kebon Jeruk,Jabodetabek,28.0,36.0,1448.0,1126.0,0.2222222222222222,0.0,1.0,True
2026-08-02 12:00:00+00:00,tt_kelapagading,Kelapa Gading,Jabodetabek,19.0,29.0,1617.0,1059.0,0.3448275862068966,0.0,1.0,True
2026-08-02 12:00:00+00:00,tt_kuningan,Jl. HR Rasuna Said,Jabodetabek,21.0,21.0,208.0,208.0,0.0,0.0,1.0,True
2026-08-02 12:00:00+00:00,tt_sudirman,Jl. Sudirman (HI),Jabodetabek,33.0,39.0,434.0,368.0,0.1538461538461538,0.0,1.0,True
2026-08-02 12:00:00+00:00,tt_tangerang,Tol Jakarta-Merak,Jabodetabek,37.0,47.0,250.0,197.0,0.2127659574468084,0.0,1.0,True
2026-08-02 12:00:00+00:00,tt_tbsimatupang,TB Simatupang,Jabodetabek,72.0,72.0,343.0,343.0,0.0,0.0,1.0,True
2026-08-02 12:00:00+00:00,tt_thamrin,Jl. MH Thamrin,Jabodetabek,16.0,24.0,359.0,239.0,0.3333333333333333,0.0,1.0,True
2026-08-02 13:00:00+00:00,tt_bekasi,,,,,,,,,,False
2026-08-02 13:00:00+00:00,tt_bogor,,,,,,,,,,False
2026-08-02 13:00:00+00:00,tt_bsd,,,,,,,,,,False
2026-08-02 13:00:00+00:00,tt_cawang,,,,,,,,,,False
2026-08-02 13:00:00+00:00,tt_depok,,,,,,,,,,False
2026-08-02 13:00:00+00:00,tt_gatsu,,,,,,,,,,False
2026-08-02 13:00:00+00:00,tt_grogol,,,,,,,,,,False
2026-08-02 13:00:00+00:00,tt_kebonjeruk,,,,,,,,,,False
2026-08-02 13:00:00+00:00,tt_kelapagading,,,,,,,,,,False
2026-08-02 13:00:00+00:00,tt_kuningan,,,,,,,,,,False
2026-08-02 13:00:00+00:00,tt_sudirman,,,,,,,,,,False
2026-08-02 13:00:00+00:00,tt_tangerang,,,,,,,,,,False
2026-08-02 13:00:00+00:00,tt_tbsimatupang,,,,,,,,,,False
2026-08-02 13:00:00+00:00,tt_thamrin,,,,,,,,,,False
2026-08-02 14:00:00+00:00,tt_bekasi,Tol Jakarta-Cikampek,Jabodetabek,18.0,18.0,1072.0,1072.0,0.0,0.0,1.0,True
2026-08-02 14:00:00+00:00,tt_bogor,Tol Jagorawi (Bogor),Jabodetabek,40.0,45.0,740.0,658.0,0.1111111111111111,0.0,1.0,True
2026-08-02 14:00:00+00:00,tt_bsd,BSD/Serpong,Jabodetabek,29.0,34.0,193.0,165.0,0.1470588235294118,0.0,1.0,True
2026-08-02 14:00:00+00:00,tt_cawang,Cawang interchange,Jabodetabek,30.0,42.0,90.0,64.0,0.2857142857142857,0.0,1.0,True
2026-08-02 14:00:00+00:00,tt_depok,Jl. Margonda (Depok),Jabodetabek,25.0,31.0,2205.0,1778.0,0.1935483870967742,0.0,0.987343,True
2026-08-02 14:00:00+00:00,tt_gatsu,Jl. Gatot Subroto,Jabodetabek,45.0,45.0,52.0,52.0,0.0,0.0,1.0,True
2026-08-02 14:00:00+00:00,tt_grogol,Grogol,Jabodetabek,40.0,40.0,304.0,304.0,0.0,0.0,1.0,True
2026-08-02 14:00:00+00:00,tt_kebonjeruk,Tol Kebon Jeruk,Jabodetabek,30.0,35.0,1351.0,1158.0,0.1428571428571429,0.0,1.0,True
2026-08-02 14:00:00+00:00,tt_kelapagading,Kelapa Gading,Jabodetabek,24.0,29.0,1280.0,1059.0,0.1724137931034483,0.0,0.996264,True
2026-08-02 14:00:00+00:00,tt_kuningan,Jl. HR Rasuna Said,Jabodetabek,17.0,21.0,256.0,208.0,0.1904761904761904,0.0,0.98,True
2026-08-02 14:00:00+00:00,tt_sudirman,Jl. Sudirman (HI),Jabodetabek,38.0,38.0,377.0,377.0,0.0,0.0,1.0,True
2026-08-02 14:00:00+00:00,tt_tangerang,Tol Jakarta-Merak,Jabodetabek,48.0,48.0,193.0,193.0,0.0,0.0,1.0,True
2026-08-02 14:00:00+00:00,tt_tbsimatupang,TB Simatupang,Jabodetabek,72.0,72.0,343.0,343.0,0.0,0.0,1.0,True
2026-08-02 14:00:00+00:00,tt_thamrin,Jl. MH Thamrin,Jabodetabek,16.0,22.0,359.0,261.0,0.2727272727272727,0.0,1.0,True
2026-08-02 15:00:00+00:00,tt_bekasi,Tol Jakarta-Cikampek,Jabodetabek,18.0,18.0,1072.0,1072.0,0.0,0.0,1.0,True
2026-08-02 15:00:00+00:00,tt_bogor,Tol Jagorawi (Bogor),Jabodetabek,45.0,45.0,658.0,658.0,0.0,0.0,1.0,True
2026-08-02 15:00:00+00:00,tt_bsd,BSD/Serpong,Jabodetabek,34.0,34.0,165.0,165.0,0.0,0.0,1.0,True
2026-08-02 15:00:00+00:00,tt_cawang,Cawang interchange,Jabodetabek,43.0,43.0,62.0,62.0,0.0,0.0,1.0,True
2026-08-02 15:00:00+00:00,tt_depok,Jl. Margonda (Depok),Jabodetabek,31.0,31.0,1778.0,1778.0,0.0,0.0,1.0,True
2026-08-02 15:00:00+00:00,tt_gatsu,Jl. Gatot Subroto,Jabodetabek,45.0,45.0,52.0,52.0,0.0,0.0,1.0,True
2026-08-02 15:00:00+00:00,tt_grogol,Grogol,Jabodetabek,40.0,40.0,304.0,304.0,0.0,0.0,1.0,True
2026-08-02 15:00:00+00:00,tt_kebonjeruk,Tol Kebon Jeruk,Jabodetabek,35.0,35.0,1158.0,1158.0,0.0,0.0,1.0,True
2026-08-02 15:00:00+00:00,tt_kelapagading,Kelapa Gading,Jabodetabek,29.0,29.0,1059.0,1059.0,0.0,0.0,1.0,True
2026-08-02 15:00:00+00:00,tt_kuningan,Jl. HR Rasuna Said,Jabodetabek,21.0,21.0,208.0,208.0,0.0,0.0,1.0,True
2026-08-02 15:00:00+00:00,tt_sudirman,Jl. Sudirman (HI),Jabodetabek,38.0,38.0,377.0,377.0,0.0,0.0,1.0,True
2026-08-02 15:00:00+00:00,tt_tangerang,Tol Jakarta-Merak,Jabodetabek,48.0,48.0,193.0,193.0,0.0,0.0,1.0,True
2026-08-02 15:00:00+00:00,tt_tbsimatupang,TB Simatupang,Jabodetabek,72.0,72.0,343.0,343.0,0.0,0.0,1.0,True
2026-08-02 15:00:00+00:00,tt_thamrin,Jl. MH Thamrin,Jabodetabek,22.0,22.0,261.0,261.0,0.0,0.0,1.0,True
2026-08-02 16:00:00+00:00,tt_bekasi,,,,,,,,,,False
2026-08-02 16:00:00+00:00,tt_bogor,,,,,,,,,,False
2026-08-02 16:00:00+00:00,tt_bsd,,,,,,,,,,False
2026-08-02 16:00:00+00:00,tt_cawang,,,,,,,,,,False
2026-08-02 16:00:00+00:00,tt_depok,,,,,,,,,,False
2026-08-02 16:00:00+00:00,tt_gatsu,,,,,,,,,,False
2026-08-02 16:00:00+00:00,tt_grogol,,,,,,,,,,False
2026-08-02 16:00:00+00:00,tt_kebonjeruk,,,,,,,,,,False
2026-08-02 16:00:00+00:00,tt_kelapagading,,,,,,,,,,False
2026-08-02 16:00:00+00:00,tt_kuningan,,,,,,,,,,False
2026-08-02 16:00:00+00:00,tt_sudirman,,,,,,,,,,False
2026-08-02 16:00:00+00:00,tt_tangerang,,,,,,,,,,False
2026-08-02 16:00:00+00:00,tt_tbsimatupang,,,,,,,,,,False
2026-08-02 16:00:00+00:00,tt_thamrin,,,,,,,,,,False
2026-08-02 17:00:00+00:00,tt_bekasi,Tol Jakarta-Cikampek,Jabodetabek,18.0,18.0,1072.0,1072.0,0.0,0.0,1.0,True
2026-08-02 17:00:00+00:00,tt_bogor,Tol Jagorawi (Bogor),Jabodetabek,45.0,45.0,658.0,658.0,0.0,0.0,1.0,True
2026-08-02 17:00:00+00:00,tt_bsd,BSD/Serpong,Jabodetabek,34.0,34.0,165.0,165.0,0.0,0.0,1.0,True
2026-08-02 17:00:00+00:00,tt_cawang,Cawang interchange,Jabodetabek,43.0,43.0,62.0,62.0,0.0,0.0,1.0,True
2026-08-02 17:00:00+00:00,tt_depok,Jl. Margonda (Depok),Jabodetabek,31.0,31.0,1778.0,1778.0,0.0,0.0,1.0,True
2026-08-02 17:00:00+00:00,tt_gatsu,Jl. Gatot Subroto,Jabodetabek,45.0,45.0,52.0,52.0,0.0,0.0,1.0,True
2026-08-02 17:00:00+00:00,tt_grogol,Grogol,Jabodetabek,40.0,40.0,304.0,304.0,0.0,0.0,1.0,True
2026-08-02 17:00:00+00:00,tt_kebonjeruk,Tol Kebon Jeruk,Jabodetabek,35.0,35.0,1158.0,1158.0,0.0,0.0,1.0,True
2026-08-02 17:00:00+00:00,tt_kelapagading,Kelapa Gading,Jabodetabek,29.0,29.0,1059.0,1059.0,0.0,0.0,1.0,True
2026-08-02 17:00:00+00:00,tt_kuningan,Jl. HR Rasuna Said,Jabodetabek,21.0,21.0,208.0,208.0,0.0,0.0,1.0,True
2026-08-02 17:00:00+00:00,tt_sudirman,Jl. Sudirman (HI),Jabodetabek,38.0,38.0,377.0,377.0,0.0,0.0,1.0,True
2026-08-02 17:00:00+00:00,tt_tangerang,Tol Jakarta-Merak,Jabodetabek,48.0,48.0,193.0,193.0,0.0,0.0,1.0,True
2026-08-02 17:00:00+00:00,tt_tbsimatupang,TB Simatupang,Jabodetabek,72.0,72.0,343.0,343.0,0.0,0.0,1.0,True
2026-08-02 17:00:00+00:00,tt_thamrin,Jl. MH Thamrin,Jabodetabek,22.0,22.0,261.0,261.0,0.0,0.0,1.0,True
2026-08-02 18:00:00+00:00,tt_bekasi,,,,,,,,,,False
2026-08-02 18:00:00+00:00,tt_bogor,,,,,,,,,,False
2026-08-02 18:00:00+00:00,tt_bsd,,,,,,,,,,False
2026-08-02 18:00:00+00:00,tt_cawang,,,,,,,,,,False
2026-08-02 18:00:00+00:00,tt_depok,,,,,,,,,,False
2026-08-02 18:00:00+00:00,tt_gatsu,,,,,,,,,,False
2026-08-02 18:00:00+00:00,tt_grogol,,,,,,,,,,False
2026-08-02 18:00:00+00:00,tt_kebonjeruk,,,,,,,,,,False
2026-08-02 18:00:00+00:00,tt_kelapagading,,,,,,,,,,False
2026-08-02 18:00:00+00:00,tt_kuningan,,,,,,,,,,False
2026-08-02 18:00:00+00:00,tt_sudirman,,,,,,,,,,False
2026-08-02 18:00:00+00:00,tt_tangerang,,,,,,,,,,False
2026-08-02 18:00:00+00:00,tt_tbsimatupang,,,,,,,,,,False
2026-08-02 18:00:00+00:00,tt_thamrin,,,,,,,,,,False
2026-08-02 19:00:00+00:00,tt_bekasi,Tol Jakarta-Cikampek,Jabodetabek,18.0,18.0,1072.0,1072.0,0.0,0.0,1.0,True
2026-08-02 19:00:00+00:00,tt_bogor,Tol Jagorawi (Bogor),Jabodetabek,45.0,45.0,658.0,658.0,0.0,0.0,1.0,True
2026-08-02 19:00:00+00:00,tt_bsd,BSD/Serpong,Jabodetabek,34.0,34.0,165.0,165.0,0.0,0.0,1.0,True
2026-08-02 19:00:00+00:00,tt_cawang,Cawang interchange,Jabodetabek,43.0,43.0,62.0,62.0,0.0,0.0,1.0,True
2026-08-02 19:00:00+00:00,tt_depok,Jl. Margonda (Depok),Jabodetabek,31.0,31.0,1778.0,1778.0,0.0,0.0,1.0,True
2026-08-02 19:00:00+00:00,tt_gatsu,Jl. Gatot Subroto,Jabodetabek,45.0,45.0,52.0,52.0,0.0,0.0,1.0,True
2026-08-02 19:00:00+00:00,tt_grogol,Grogol,Jabodetabek,40.0,40.0,304.0,304.0,0.0,0.0,1.0,True
2026-08-02 19:00:00+00:00,tt_kebonjeruk,Tol Kebon Jeruk,Jabodetabek,35.0,35.0,1158.0,1158.0,0.0,0.0,1.0,True
2026-08-02 19:00:00+00:00,tt_kelapagading,Kelapa Gading,Jabodetabek,29.0,29.0,1059.0,1059.0,0.0,0.0,1.0,True
2026-08-02 19:00:00+00:00,tt_kuningan,Jl. HR Rasuna Said,Jabodetabek,21.0,21.0,208.0,208.0,0.0,0.0,1.0,True
2026-08-02 19:00:00+00:00,tt_sudirman,Jl. Sudirman (HI),Jabodetabek,38.0,38.0,377.0,377.0,0.0,0.0,1.0,True
2026-08-02 19:00:00+00:00,tt_tangerang,Tol Jakarta-Merak,Jabodetabek,48.0,48.0,193.0,193.0,0.0,0.0,1.0,True
2026-08-02 19:00:00+00:00,tt_tbsimatupang,TB Simatupang,Jabodetabek,72.0,72.0,343.0,343.0,0.0,0.0,1.0,True
2026-08-02 19:00:00+00:00,tt_thamrin,Jl. MH Thamrin,Jabodetabek,22.0,22.0,261.0,261.0,0.0,0.0,1.0,True
2026-08-02 20:00:00+00:00,tt_bekasi,Tol Jakarta-Cikampek,Jabodetabek,18.0,18.0,1072.0,1072.0,0.0,0.0,1.0,True
2026-08-02 20:00:00+00:00,tt_bogor,Tol Jagorawi (Bogor),Jabodetabek,45.0,45.0,658.0,658.0,0.0,0.0,1.0,True
2026-08-02 20:00:00+00:00,tt_bsd,BSD/Serpong,Jabodetabek,34.0,34.0,165.0,165.0,0.0,0.0,1.0,True
2026-08-02 20:00:00+00:00,tt_cawang,Cawang interchange,Jabodetabek,43.0,43.0,62.0,62.0,0.0,0.0,1.0,True
2026-08-02 20:00:00+00:00,tt_depok,Jl. Margonda (Depok),Jabodetabek,31.0,31.0,1778.0,1778.0,0.0,0.0,1.0,True
2026-08-02 20:00:00+00:00,tt_gatsu,Jl. Gatot Subroto,Jabodetabek,45.0,45.0,52.0,52.0,0.0,0.0,1.0,True
2026-08-02 20:00:00+00:00,tt_grogol,Grogol,Jabodetabek,40.0,40.0,304.0,304.0,0.0,0.0,1.0,True
2026-08-02 20:00:00+00:00,tt_kebonjeruk,Tol Kebon Jeruk,Jabodetabek,35.0,35.0,1158.0,1158.0,0.0,0.0,1.0,True
2026-08-02 20:00:00+00:00,tt_kelapagading,Kelapa Gading,Jabodetabek,29.0,29.0,1059.0,1059.0,0.0,0.0,1.0,True
2026-08-02 20:00:00+00:00,tt_kuningan,Jl. HR Rasuna Said,Jabodetabek,21.0,21.0,208.0,208.0,0.0,0.0,1.0,True
2026-08-02 20:00:00+00:00,tt_sudirman,Jl. Sudirman (HI),Jabodetabek,38.0,38.0,377.0,377.0,0.0,0.0,1.0,True
2026-08-02 20:00:00+00:00,tt_tangerang,Tol Jakarta-Merak,Jabodetabek,48.0,48.0,193.0,193.0,0.0,0.0,1.0,True
2026-08-02 20:00:00+00:00,tt_tbsimatupang,TB Simatupang,Jabodetabek,72.0,72.0,343.0,343.0,0.0,0.0,1.0,True
2026-08-02 20:00:00+00:00,tt_thamrin,Jl. MH Thamrin,Jabodetabek,22.0,22.0,261.0,261.0,0.0,0.0,1.0,True
2026-08-02 21:00:00+00:00,tt_bekasi,,,,,,,,,,False
2026-08-02 21:00:00+00:00,tt_bogor,,,,,,,,,,False
2026-08-02 21:00:00+00:00,tt_bsd,,,,,,,,,,False
2026-08-02 21:00:00+00:00,tt_cawang,,,,,,,,,,False
2026-08-02 21:00:00+00:00,tt_depok,,,,,,,,,,False
2026-08-02 21:00:00+00:00,tt_gatsu,,,,,,,,,,False
2026-08-02 21:00:00+00:00,tt_grogol,,,,,,,,,,False
2026-08-02 21:00:00+00:00,tt_kebonjeruk,,,,,,,,,,False
2026-08-02 21:00:00+00:00,tt_kelapagading,,,,,,,,,,False
2026-08-02 21:00:00+00:00,tt_kuningan,,,,,,,,,,False
2026-08-02 21:00:00+00:00,tt_sudirman,,,,,,,,,,False
2026-08-02 21:00:00+00:00,tt_tangerang,,,,,,,,,,False
2026-08-02 21:00:00+00:00,tt_tbsimatupang,,,,,,,,,,False
2026-08-02 21:00:00+00:00,tt_thamrin,,,,,,,,,,False
2026-08-02 22:00:00+00:00,tt_bekasi,Tol Jakarta-Cikampek,Jabodetabek,18.0,18.0,1072.0,1072.0,0.0,0.0,1.0,True
2026-08-02 22:00:00+00:00,tt_bogor,Tol Jagorawi (Bogor),Jabodetabek,45.0,45.0,658.0,658.0,0.0,0.0,1.0,True
2026-08-02 22:00:00+00:00,tt_bsd,BSD/Serpong,Jabodetabek,34.0,34.0,165.0,165.0,0.0,0.0,1.0,True
2026-08-02 22:00:00+00:00,tt_cawang,Cawang interchange,Jabodetabek,43.0,43.0,62.0,62.0,0.0,0.0,1.0,True
2026-08-02 22:00:00+00:00,tt_depok,Jl. Margonda (Depok),Jabodetabek,31.0,31.0,1778.0,1778.0,0.0,0.0,1.0,True
2026-08-02 22:00:00+00:00,tt_gatsu,Jl. Gatot Subroto,Jabodetabek,45.0,45.0,52.0,52.0,0.0,0.0,1.0,True
2026-08-02 22:00:00+00:00,tt_grogol,Grogol,Jabodetabek,40.0,40.0,304.0,304.0,0.0,0.0,1.0,True
2026-08-02 22:00:00+00:00,tt_kebonjeruk,Tol Kebon Jeruk,Jabodetabek,35.0,35.0,1158.0,1158.0,0.0,0.0,1.0,True
2026-08-02 22:00:00+00:00,tt_kelapagading,Kelapa Gading,Jabodetabek,29.0,29.0,1059.0,1059.0,0.0,0.0,1.0,True
2026-08-02 22:00:00+00:00,tt_kuningan,Jl. HR Rasuna Said,Jabodetabek,21.0,21.0,208.0,208.0,0.0,0.0,1.0,True
2026-08-02 22:00:00+00:00,tt_sudirman,Jl. Sudirman (HI),Jabodetabek,38.0,38.0,377.0,377.0,0.0,0.0,1.0,True
2026-08-02 22:00:00+00:00,tt_tangerang,Tol Jakarta-Merak,Jabodetabek,48.0,48.0,193.0,193.0,0.0,0.0,1.0,True
2026-08-02 22:00:00+00:00,tt_tbsimatupang,TB Simatupang,Jabodetabek,72.0,72.0,343.0,343.0,0.0,0.0,1.0,True
2026-08-02 22:00:00+00:00,tt_thamrin,Jl. MH Thamrin,Jabodetabek,22.0,22.0,261.0,261.0,0.0,0.0,1.0,True
2026-08-02 23:00:00+00:00,tt_bekasi,Tol Jakarta-Cikampek,Jabodetabek,18.0,18.0,1072.0,1072.0,0.0,0.0,1.0,True
2026-08-02 23:00:00+00:00,tt_bogor,Tol Jagorawi (Bogor),Jabodetabek,36.0,45.0,823.0,658.0,0.1999999999999999,0.0,1.0,True
2026-08-02 23:00:00+00:00,tt_bsd,BSD/Serpong,Jabodetabek,34.0,34.0,165.0,165.0,0.0,0.0,1.0,True
2026-08-02 23:00:00+00:00,tt_cawang,Cawang interchange,Jabodetabek,17.0,43.0,158.0,62.0,0.6046511627906976,0.0,1.0,True
2026-08-02 23:00:00+00:00,tt_depok,Jl. Margonda (Depok),Jabodetabek,27.0,31.0,2042.0,1778.0,0.1290322580645161,0.0,0.882228,True
2026-08-02 23:00:00+00:00,tt_gatsu,Jl. Gatot Subroto,Jabodetabek,45.0,45.0,52.0,52.0,0.0,0.0,1.0,True
2026-08-02 23:00:00+00:00,tt_grogol,Grogol,Jabodetabek,31.0,40.0,393.0,304.0,0.2249999999999999,0.0,1.0,True
2026-08-02 23:00:00+00:00,tt_kebonjeruk,Tol Kebon Jeruk,Jabodetabek,32.0,35.0,1267.0,1158.0,0.0857142857142857,0.0,1.0,True
2026-08-02 23:00:00+00:00,tt_kelapagading,Kelapa Gading,Jabodetabek,26.0,30.0,1181.0,1024.0,0.1333333333333333,0.0,0.996962,True
2026-08-02 23:00:00+00:00,tt_kuningan,Jl. HR Rasuna Said,Jabodetabek,21.0,21.0,208.0,208.0,0.0,0.0,1.0,True
2026-08-02 23:00:00+00:00,tt_sudirman,Jl. Sudirman (HI),Jabodetabek,38.0,38.0,377.0,377.0,0.0,0.0,1.0,True
2026-08-02 23:00:00+00:00,tt_tangerang,Tol Jakarta-Merak,Jabodetabek,48.0,48.0,193.0,193.0,0.0,0.0,1.0,True
2026-08-02 23:00:00+00:00,tt_tbsimatupang,TB Simatupang,Jabodetabek,39.0,71.0,634.0,348.0,0.4507042253521126,0.0,1.0,True
2026-08-02 23:00:00+00:00,tt_thamrin,Jl. MH Thamrin,Jabodetabek,17.0,25.0,338.0,229.0,0.3199999999999999,0.0,1.0,True
2026-08-03 00:00:00+00:00,tt_bekasi,,,,,,,,,,False
2026-08-03 00:00:00+00:00,tt_bogor,,,,,,,,,,False
2026-08-03 00:00:00+00:00,tt_bsd,,,,,,,,,,False
2026-08-03 00:00:00+00:00,tt_cawang,,,,,,,,,,False
2026-08-03 00:00:00+00:00,tt_depok,,,,,,,,,,False
2026-08-03 00:00:00+00:00,tt_gatsu,,,,,,,,,,False
2026-08-03 00:00:00+00:00,tt_grogol,,,,,,,,,,False
2026-08-03 00:00:00+00:00,tt_kebonjeruk,,,,,,,,,,False
2026-08-03 00:00:00+00:00,tt_kelapagading,,,,,,,,,,False
2026-08-03 00:00:00+00:00,tt_kuningan,,,,,,,,,,False
2026-08-03 00:00:00+00:00,tt_sudirman,,,,,,,,,,False
2026-08-03 00:00:00+00:00,tt_tangerang,,,,,,,,,,False
2026-08-03 00:00:00+00:00,tt_tbsimatupang,,,,,,,,,,False
2026-08-03 00:00:00+00:00,tt_thamrin,,,,,,,,,,False
2026-08-03 01:00:00+00:00,tt_bekasi,Tol Jakarta-Cikampek,Jabodetabek,18.0,18.0,1072.0,1072.0,0.0,0.0,1.0,True
2026-08-03 01:00:00+00:00,tt_bogor,Tol Jagorawi (Bogor),Jabodetabek,36.0,45.0,823.0,658.0,0.1999999999999999,0.0,1.0,True
2026-08-03 01:00:00+00:00,tt_bsd,BSD/Serpong,Jabodetabek,29.0,34.0,193.0,165.0,0.1470588235294118,0.0,1.0,True
2026-08-03 01:00:00+00:00,tt_cawang,Cawang interchange,Jabodetabek,20.0,42.0,135.0,64.0,0.5238095238095238,0.0,1.0,True
2026-08-03 01:00:00+00:00,tt_depok,Jl. Margonda (Depok),Jabodetabek,26.0,31.0,2120.0,1778.0,0.1612903225806451,0.0,0.960621,True
2026-08-03 01:00:00+00:00,tt_gatsu,Jl. Gatot Subroto,Jabodetabek,45.0,45.0,52.0,52.0,0.0,0.0,1.0,True
2026-08-03 01:00:00+00:00,tt_grogol,Grogol,Jabodetabek,31.0,40.0,393.0,304.0,0.2249999999999999,0.0,1.0,True
2026-08-03 01:00:00+00:00,tt_kebonjeruk,Tol Kebon Jeruk,Jabodetabek,29.0,36.0,1398.0,1126.0,0.1944444444444444,0.0,1.0,True
2026-08-03 01:00:00+00:00,tt_kelapagading,Kelapa Gading,Jabodetabek,29.0,29.0,1059.0,1059.0,0.0,0.0,1.0,True
2026-08-03 01:00:00+00:00,tt_kuningan,Jl. HR Rasuna Said,Jabodetabek,21.0,21.0,208.0,208.0,0.0,0.0,1.0,True
2026-08-03 01:00:00+00:00,tt_sudirman,Jl. Sudirman (HI),Jabodetabek,26.0,39.0,552.0,368.0,0.3333333333333333,0.0,1.0,True
2026-08-03 01:00:00+00:00,tt_tangerang,Tol Jakarta-Merak,Jabodetabek,48.0,48.0,193.0,193.0,0.0,0.0,1.0,True
2026-08-03 01:00:00+00:00,tt_tbsimatupang,TB Simatupang,Jabodetabek,21.0,71.0,1177.0,348.0,0.704225352112676,0.0,1.0,True
2026-08-03 01:00:00+00:00,tt_thamrin,Jl. MH Thamrin,Jabodetabek,16.0,23.0,359.0,249.0,0.3043478260869565,0.0,1.0,True
2026-08-03 02:00:00+00:00,tt_bekasi,Tol Jakarta-Cikampek,Jabodetabek,18.0,18.0,1072.0,1072.0,0.0,0.0,1.0,True
2026-08-03 02:00:00+00:00,tt_bogor,Tol Jagorawi (Bogor),Jabodetabek,34.0,44.0,871.0,673.0,0.2272727272727273,0.0,0.999701,True
2026-08-03 02:00:00+00:00,tt_bsd,BSD/Serpong,Jabodetabek,34.0,34.0,165.0,165.0,0.0,0.0,1.0,True
2026-08-03 02:00:00+00:00,tt_cawang,Cawang interchange,Jabodetabek,17.0,41.0,158.0,65.0,0.5853658536585367,0.0,1.0,True
2026-08-03 02:00:00+00:00,tt_depok,Jl. Margonda (Depok),Jabodetabek,27.0,31.0,2042.0,1778.0,0.1290322580645161,0.0,0.976311,True
2026-08-03 02:00:00+00:00,tt_gatsu,Jl. Gatot Subroto,Jabodetabek,45.0,45.0,52.0,52.0,0.0,0.0,1.0,True
2026-08-03 02:00:00+00:00,tt_grogol,Grogol,Jabodetabek,32.0,40.0,381.0,304.0,0.1999999999999999,0.0,1.0,True
2026-08-03 02:00:00+00:00,tt_kebonjeruk,Tol Kebon Jeruk,Jabodetabek,27.0,35.0,1501.0,1158.0,0.2285714285714285,0.0,1.0,True
2026-08-03 02:00:00+00:00,tt_kelapagading,Kelapa Gading,Jabodetabek,29.0,29.0,1059.0,1059.0,0.0,0.0,1.0,True
2026-08-03 02:00:00+00:00,tt_kuningan,Jl. HR Rasuna Said,Jabodetabek,17.0,20.0,256.0,218.0,0.15,0.0,0.997783,True
2026-08-03 02:00:00+00:00,tt_sudirman,Jl. Sudirman (HI),Jabodetabek,30.0,39.0,478.0,368.0,0.2307692307692307,0.0,1.0,True
2026-08-03 02:00:00+00:00,tt_tangerang,Tol Jakarta-Merak,Jabodetabek,48.0,48.0,193.0,193.0,0.0,0.0,1.0,True
2026-08-03 02:00:00+00:00,tt_tbsimatupang,TB Simatupang,Jabodetabek,20.0,72.0,1236.0,343.0,0.7222222222222222,0.0,1.0,True
2026-08-03 02:00:00+00:00,tt_thamrin,Jl. MH Thamrin,Jabodetabek,18.0,23.0,319.0,249.0,0.217391304347826,0.0,1.0,True
2026-08-03 03:00:00+00:00,tt_bekasi,,,,,,,,,,False
2026-08-03 03:00:00+00:00,tt_bogor,,,,,,,,,,False
2026-08-03 03:00:00+00:00,tt_bsd,,,,,,,,,,False
2026-08-03 03:00:00+00:00,tt_cawang,,,,,,,,,,False
2026-08-03 03:00:00+00:00,tt_depok,,,,,,,,,,False
2026-08-03 03:00:00+00:00,tt_gatsu,,,,,,,,,,False
2026-08-03 03:00:00+00:00,tt_grogol,,,,,,,,,,False
2026-08-03 03:00:00+00:00,tt_kebonjeruk,,,,,,,,,,False
2026-08-03 03:00:00+00:00,tt_kelapagading,,,,,,,,,,False
2026-08-03 03:00:00+00:00,tt_kuningan,,,,,,,,,,False
2026-08-03 03:00:00+00:00,tt_sudirman,,,,,,,,,,False
2026-08-03 03:00:00+00:00,tt_tangerang,,,,,,,,,,False
2026-08-03 03:00:00+00:00,tt_tbsimatupang,,,,,,,,,,False
2026-08-03 03:00:00+00:00,tt_thamrin,,,,,,,,,,False
2026-08-03 04:00:00+00:00,tt_bekasi,Tol Jakarta-Cikampek,Jabodetabek,18.0,18.0,1072.0,1072.0,0.0,0.0,1.0,True
2026-08-03 04:00:00+00:00,tt_bogor,Tol Jagorawi (Bogor),Jabodetabek,45.0,45.0,658.0,658.0,0.0,0.0,1.0,True
2026-08-03 04:00:00+00:00,tt_bsd,BSD/Serpong,Jabodetabek,34.0,34.0,165.0,165.0,0.0,0.0,1.0,True
2026-08-03 04:00:00+00:00,tt_cawang,Cawang interchange,Jabodetabek,19.0,42.0,142.0,64.0,0.5476190476190477,0.0,1.0,True
2026-08-03 04:00:00+00:00,tt_depok,Jl. Margonda (Depok),Jabodetabek,26.0,31.0,2120.0,1778.0,0.1612903225806451,0.0,0.957143,True
2026-08-03 04:00:00+00:00,tt_gatsu,Jl. Gatot Subroto,Jabodetabek,45.0,45.0,52.0,52.0,0.0,0.0,1.0,True
2026-08-03 04:00:00+00:00,tt_grogol,Grogol,Jabodetabek,28.0,39.0,435.0,312.0,0.282051282051282,0.0,0.999126,True
2026-08-03 04:00:00+00:00,tt_kebonjeruk,Tol Kebon Jeruk,Jabodetabek,27.0,36.0,1501.0,1126.0,0.25,0.0,1.0,True
2026-08-03 04:00:00+00:00,tt_kelapagading,Kelapa Gading,Jabodetabek,23.0,28.0,1335.0,1097.0,0.1785714285714286,0.0,0.993923,True
2026-08-03 04:00:00+00:00,tt_kuningan,Jl. HR Rasuna Said,Jabodetabek,21.0,21.0,208.0,208.0,0.0,0.0,1.0,True
2026-08-03 04:00:00+00:00,tt_sudirman,Jl. Sudirman (HI),Jabodetabek,38.0,38.0,377.0,377.0,0.0,0.0,1.0,True
2026-08-03 04:00:00+00:00,tt_tangerang,Tol Jakarta-Merak,Jabodetabek,31.0,47.0,299.0,197.0,0.3404255319148936,0.0,1.0,True
2026-08-03 04:00:00+00:00,tt_tbsimatupang,TB Simatupang,Jabodetabek,72.0,72.0,343.0,343.0,0.0,0.0,1.0,True
2026-08-03 04:00:00+00:00,tt_thamrin,Jl. MH Thamrin,Jabodetabek,16.0,24.0,359.0,239.0,0.3333333333333333,0.0,1.0,True
2026-08-03 05:00:00+00:00,tt_bekasi,,,,,,,,,,False
2026-08-03 05:00:00+00:00,tt_bogor,,,,,,,,,,False
2026-08-03 05:00:00+00:00,tt_bsd,,,,,,,,,,False
2026-08-03 05:00:00+00:00,tt_cawang,,,,,,,,,,False
2026-08-03 05:00:00+00:00,tt_depok,,,,,,,,,,False
2026-08-03 05:00:00+00:00,tt_gatsu,,,,,,,,,,False
2026-08-03 05:00:00+00:00,tt_grogol,,,,,,,,,,False
2026-08-03 05:00:00+00:00,tt_kebonjeruk,,,,,,,,,,False
2026-08-03 05:00:00+00:00,tt_kelapagading,,,,,,,,,,False
2026-08-03 05:00:00+00:00,tt_kuningan,,,,,,,,,,False
2026-08-03 05:00:00+00:00,tt_sudirman,,,,,,,,,,False
2026-08-03 05:00:00+00:00,tt_tangerang,,,,,,,,,,False
2026-08-03 05:00:00+00:00,tt_tbsimatupang,,,,,,,,,,False
2026-08-03 05:00:00+00:00,tt_thamrin,,,,,,,,,,False
2026-08-03 06:00:00+00:00,tt_bekasi,Tol Jakarta-Cikampek,Jabodetabek,18.0,18.0,1072.0,1072.0,0.0,0.0,1.0,True
2026-08-03 06:00:00+00:00,tt_bogor,Tol Jagorawi (Bogor),Jabodetabek,36.0,44.0,823.0,673.0,0.1818181818181817,0.0,1.0,True
2026-08-03 06:00:00+00:00,tt_bsd,BSD/Serpong,Jabodetabek,34.0,34.0,165.0,165.0,0.0,0.0,1.0,True
2026-08-03 06:00:00+00:00,tt_cawang,Cawang interchange,Jabodetabek,22.0,43.0,122.0,62.0,0.4883720930232558,0.0,1.0,True
2026-08-03 06:00:00+00:00,tt_depok,Jl. Margonda (Depok),Jabodetabek,26.0,31.0,2120.0,1778.0,0.1612903225806451,0.0,0.952101,True
2026-08-03 06:00:00+00:00,tt_gatsu,Jl. Gatot Subroto,Jabodetabek,45.0,45.0,52.0,52.0,0.0,0.0,1.0,True
2026-08-03 06:00:00+00:00,tt_grogol,Grogol,Jabodetabek,31.0,39.0,393.0,312.0,0.2051282051282051,0.0,1.0,True
2026-08-03 06:00:00+00:00,tt_kebonjeruk,Tol Kebon Jeruk,Jabodetabek,26.0,36.0,1559.0,1126.0,0.2777777777777778,0.0,1.0,True
2026-08-03 06:00:00+00:00,tt_kelapagading,Kelapa Gading,Jabodetabek,23.0,29.0,1335.0,1059.0,0.2068965517241379,0.0,0.998266,True
2026-08-03 06:00:00+00:00,tt_kuningan,Jl. HR Rasuna Said,Jabodetabek,16.0,20.0,273.0,218.0,0.1999999999999999,0.0,1.0,True
2026-08-03 06:00:00+00:00,tt_sudirman,Jl. Sudirman (HI),Jabodetabek,31.0,38.0,463.0,377.0,0.1842105263157895,0.0,1.0,True
2026-08-03 06:00:00+00:00,tt_tangerang,Tol Jakarta-Merak,Jabodetabek,48.0,48.0,193.0,193.0,0.0,0.0,1.0,True
2026-08-03 06:00:00+00:00,tt_tbsimatupang,TB Simatupang,Jabodetabek,42.0,71.0,588.0,348.0,0.4084507042253521,0.0,1.0,True
2026-08-03 06:00:00+00:00,tt_thamrin,Jl. MH Thamrin,Jabodetabek,22.0,22.0,261.0,261.0,0.0,0.0,1.0,True
2026-08-03 07:00:00+00:00,tt_bekasi,Tol Jakarta-Cikampek,Jabodetabek,18.0,18.0,1072.0,1072.0,0.0,0.0,1.0,True
2026-08-03 07:00:00+00:00,tt_bogor,Tol Jagorawi (Bogor),Jabodetabek,35.0,45.0,846.0,658.0,0.2222222222222222,0.0,1.0,True
2026-08-03 07:00:00+00:00,tt_bsd,BSD/Serpong,Jabodetabek,34.0,34.0,165.0,165.0,0.0,0.0,1.0,True
2026-08-03 07:00:00+00:00,tt_cawang,Cawang interchange,Jabodetabek,31.0,42.0,87.0,64.0,0.2619047619047618,0.0,1.0,True
2026-08-03 07:00:00+00:00,tt_depok,Jl. Margonda (Depok),Jabodetabek,27.0,31.0,2042.0,1778.0,0.1290322580645161,0.0,0.986135,True
2026-08-03 07:00:00+00:00,tt_gatsu,Jl. Gatot Subroto,Jabodetabek,45.0,45.0,52.0,52.0,0.0,0.0,1.0,True
2026-08-03 07:00:00+00:00,tt_grogol,Grogol,Jabodetabek,34.0,40.0,358.0,304.0,0.15,0.0,1.0,True
2026-08-03 07:00:00+00:00,tt_kebonjeruk,Tol Kebon Jeruk,Jabodetabek,24.0,36.0,1689.0,1126.0,0.3333333333333333,0.0,1.0,True
2026-08-03 07:00:00+00:00,tt_kelapagading,Kelapa Gading,Jabodetabek,21.0,29.0,1463.0,1059.0,0.2758620689655172,0.0,0.998534,True
2026-08-03 07:00:00+00:00,tt_kuningan,Jl. HR Rasuna Said,Jabodetabek,21.0,21.0,208.0,208.0,0.0,0.0,1.0,True
2026-08-03 07:00:00+00:00,tt_sudirman,Jl. Sudirman (HI),Jabodetabek,28.0,38.0,512.0,377.0,0.2631578947368421,0.0,1.0,True
2026-08-03 07:00:00+00:00,tt_tangerang,Tol Jakarta-Merak,Jabodetabek,32.0,48.0,289.0,193.0,0.3333333333333333,0.0,1.0,True
2026-08-03 07:00:00+00:00,tt_tbsimatupang,TB Simatupang,Jabodetabek,49.0,71.0,504.0,348.0,0.3098591549295775,0.0,1.0,True
2026-08-03 07:00:00+00:00,tt_thamrin,Jl. MH Thamrin,Jabodetabek,21.0,24.0,273.0,239.0,0.125,0.0,1.0,True
2026-08-03 08:00:00+00:00,tt_bekasi,,,,,,,,,,False
2026-08-03 08:00:00+00:00,tt_bogor,,,,,,,,,,False
2026-08-03 08:00:00+00:00,tt_bsd,,,,,,,,,,False
2026-08-03 08:00:00+00:00,tt_cawang,,,,,,,,,,False
2026-08-03 08:00:00+00:00,tt_depok,,,,,,,,,,False
2026-08-03 08:00:00+00:00,tt_gatsu,,,,,,,,,,False
2026-08-03 08:00:00+00:00,tt_grogol,,,,,,,,,,False
2026-08-03 08:00:00+00:00,tt_kebonjeruk,,,,,,,,,,False
2026-08-03 08:00:00+00:00,tt_kelapagading,,,,,,,,,,False
2026-08-03 08:00:00+00:00,tt_kuningan,,,,,,,,,,False
2026-08-03 08:00:00+00:00,tt_sudirman,,,,,,,,,,False
2026-08-03 08:00:00+00:00,tt_tangerang,,,,,,,,,,False
2026-08-03 08:00:00+00:00,tt_tbsimatupang,,,,,,,,,,False
2026-08-03 08:00:00+00:00,tt_thamrin,,,,,,,,,,False
2026-08-03 09:00:00+00:00,tt_bekasi,Tol Jakarta-Cikampek,Jabodetabek,18.0,18.0,1072.0,1072.0,0.0,0.0,1.0,True
2026-08-03 09:00:00+00:00,tt_bogor,Tol Jagorawi (Bogor),Jabodetabek,35.0,45.0,846.0,658.0,0.2222222222222222,0.0,1.0,True
2026-08-03 09:00:00+00:00,tt_bsd,BSD/Serpong,Jabodetabek,34.0,34.0,165.0,165.0,0.0,0.0,1.0,True
2026-08-03 09:00:00+00:00,tt_cawang,Cawang interchange,Jabodetabek,31.0,42.0,87.0,64.0,0.2619047619047618,0.0,1.0,True
2026-08-03 09:00:00+00:00,tt_depok,Jl. Margonda (Depok),Jabodetabek,23.0,31.0,2397.0,1778.0,0.2580645161290322,0.0,0.986359,True
2026-08-03 09:00:00+00:00,tt_gatsu,Jl. Gatot Subroto,Jabodetabek,45.0,45.0,52.0,52.0,0.0,0.0,1.0,True
2026-08-03 09:00:00+00:00,tt_grogol,Grogol,Jabodetabek,30.0,40.0,406.0,304.0,0.25,0.0,0.997806,True
2026-08-03 09:00:00+00:00,tt_kebonjeruk,Tol Kebon Jeruk,Jabodetabek,24.0,35.0,1689.0,1158.0,0.3142857142857143,0.0,1.0,True
2026-08-03 09:00:00+00:00,tt_kelapagading,Kelapa Gading,Jabodetabek,21.0,29.0,1463.0,1059.0,0.2758620689655172,0.0,1.0,True
2026-08-03 09:00:00+00:00,tt_kuningan,Jl. HR Rasuna Said,Jabodetabek,21.0,21.0,208.0,208.0,0.0,0.0,1.0,True
2026-08-03 09:00:00+00:00,tt_sudirman,Jl. Sudirman (HI),Jabodetabek,26.0,38.0,552.0,377.0,0.3157894736842105,0.0,1.0,True
2026-08-03 09:00:00+00:00,tt_tangerang,Tol Jakarta-Merak,Jabodetabek,48.0,48.0,193.0,193.0,0.0,0.0,1.0,True
2026-08-03 09:00:00+00:00,tt_tbsimatupang,TB Simatupang,Jabodetabek,54.0,72.0,458.0,343.0,0.25,0.0,1.0,True
2026-08-03 09:00:00+00:00,tt_thamrin,Jl. MH Thamrin,Jabodetabek,19.0,21.0,302.0,273.0,0.0952380952380952,0.0,1.0,True
2026-08-03 10:00:00+00:00,tt_bekasi,Tol Jakarta-Cikampek,Jabodetabek,15.0,18.0,1286.0,1072.0,0.1666666666666666,0.0,0.971356,True
2026-08-03 10:00:00+00:00,tt_bogor,Tol Jagorawi (Bogor),Jabodetabek,33.0,45.0,897.0,658.0,0.2666666666666667,0.0,1.0,True
2026-08-03 10:00:00+00:00,tt_bsd,BSD/Serpong,Jabodetabek,29.0,34.0,193.0,165.0,0.1470588235294118,0.0,1.0,True
2026-08-03 10:00:00+00:00,tt_cawang,Cawang interchange,Jabodetabek,43.0,43.0,62.0,62.0,0.0,0.0,1.0,True
2026-08-03 10:00:00+00:00,tt_depok,Jl. Margonda (Depok),Jabodetabek,25.0,31.0,2205.0,1778.0,0.1935483870967742,0.0,0.992177,True
2026-08-03 10:00:00+00:00,tt_gatsu,Jl. Gatot Subroto,Jabodetabek,7.0,44.0,336.0,53.0,0.8409090909090909,0.0,1.0,True
2026-08-03 10:00:00+00:00,tt_grogol,Grogol,Jabodetabek,32.0,41.0,381.0,297.0,0.2195121951219512,0.0,1.0,True
2026-08-03 10:00:00+00:00,tt_kebonjeruk,Tol Kebon Jeruk,Jabodetabek,22.0,36.0,1843.0,1126.0,0.3888888888888888,0.0,1.0,True
2026-08-03 10:00:00+00:00,tt_kelapagading,Kelapa Gading,Jabodetabek,21.0,29.0,1463.0,1059.0,0.2758620689655172,0.0,1.0,True
2026-08-03 10:00:00+00:00,tt_kuningan,Jl. HR Rasuna Said,Jabodetabek,12.0,19.0,364.0,229.0,0.368421052631579,0.0,1.0,True
2026-08-03 10:00:00+00:00,tt_sudirman,Jl. Sudirman (HI),Jabodetabek,18.0,38.0,797.0,377.0,0.5263157894736843,0.0,1.0,True
2026-08-03 10:00:00+00:00,tt_tangerang,Tol Jakarta-Merak,Jabodetabek,35.0,47.0,264.0,197.0,0.2553191489361702,0.0,1.0,True
2026-08-03 10:00:00+00:00,tt_tbsimatupang,TB Simatupang,Jabodetabek,40.0,71.0,618.0,348.0,0.4366197183098591,0.0,1.0,True
2026-08-03 10:00:00+00:00,tt_thamrin,Jl. MH Thamrin,Jabodetabek,14.0,23.0,410.0,249.0,0.3913043478260869,0.0,1.0,True
2026-08-03 11:00:00+00:00,tt_bekasi,,,,,,,,,,False
2026-08-03 11:00:00+00:00,tt_bogor,,,,,,,,,,False
2026-08-03 11:00:00+00:00,tt_bsd,,,,,,,,,,False
2026-08-03 11:00:00+00:00,tt_cawang,,,,,,,,,,False
2026-08-03 11:00:00+00:00,tt_depok,,,,,,,,,,False
2026-08-03 11:00:00+00:00,tt_gatsu,,,,,,,,,,False
2026-08-03 11:00:00+00:00,tt_grogol,,,,,,,,,,False
2026-08-03 11:00:00+00:00,tt_kebonjeruk,,,,,,,,,,False
2026-08-03 11:00:00+00:00,tt_kelapagading,,,,,,,,,,False
2026-08-03 11:00:00+00:00,tt_kuningan,,,,,,,,,,False
2026-08-03 11:00:00+00:00,tt_sudirman,,,,,,,,,,False
2026-08-03 11:00:00+00:00,tt_tangerang,,,,,,,,,,False
2026-08-03 11:00:00+00:00,tt_tbsimatupang,,,,,,,,,,False
2026-08-03 11:00:00+00:00,tt_thamrin,,,,,,,,,,False
2026-08-03 12:00:00+00:00,tt_bekasi,Tol Jakarta-Cikampek,Jabodetabek,18.0,18.0,1072.0,1072.0,0.0,0.0,1.0,True
2026-08-03 12:00:00+00:00,tt_bogor,Tol Jagorawi (Bogor),Jabodetabek,33.0,45.0,897.0,658.0,0.2666666666666667,0.0,1.0,True
2026-08-03 12:00:00+00:00,tt_bsd,BSD/Serpong,Jabodetabek,34.0,34.0,165.0,165.0,0.0,0.0,1.0,True
2026-08-03 12:00:00+00:00,tt_cawang,Cawang interchange,Jabodetabek,30.0,42.0,90.0,64.0,0.2857142857142857,0.0,1.0,True
2026-08-03 12:00:00+00:00,tt_depok,Jl. Margonda (Depok),Jabodetabek,24.0,31.0,2297.0,1778.0,0.2258064516129032,0.0,0.99874,True
2026-08-03 12:00:00+00:00,tt_gatsu,Jl. Gatot Subroto,Jabodetabek,30.0,45.0,78.0,52.0,0.3333333333333333,0.0,1.0,True
2026-08-03 12:00:00+00:00,tt_grogol,Grogol,Jabodetabek,32.0,40.0,381.0,304.0,0.1999999999999999,0.0,1.0,True
2026-08-03 12:00:00+00:00,tt_kebonjeruk,Tol Kebon Jeruk,Jabodetabek,23.0,36.0,1763.0,1126.0,0.3611111111111111,0.0,1.0,True
2026-08-03 12:00:00+00:00,tt_kelapagading,Kelapa Gading,Jabodetabek,22.0,29.0,1396.0,1059.0,0.2413793103448276,0.0,0.99648,True
2026-08-03 12:00:00+00:00,tt_kuningan,Jl. HR Rasuna Said,Jabodetabek,13.0,20.0,336.0,218.0,0.35,0.0,1.0,True
2026-08-03 12:00:00+00:00,tt_sudirman,Jl. Sudirman (HI),Jabodetabek,31.0,39.0,463.0,368.0,0.2051282051282051,0.0,1.0,True
2026-08-03 12:00:00+00:00,tt_tangerang,Tol Jakarta-Merak,Jabodetabek,48.0,48.0,193.0,193.0,0.0,0.0,1.0,True
2026-08-03 12:00:00+00:00,tt_tbsimatupang,TB Simatupang,Jabodetabek,72.0,72.0,343.0,343.0,0.0,0.0,1.0,True
2026-08-03 12:00:00+00:00,tt_thamrin,Jl. MH Thamrin,Jabodetabek,17.0,23.0,338.0,249.0,0.2608695652173913,0.0,1.0,True
2026-08-03 13:00:00+00:00,tt_bekasi,,,,,,,,,,False
2026-08-03 13:00:00+00:00,tt_bogor,,,,,,,,,,False
2026-08-03 13:00:00+00:00,tt_bsd,,,,,,,,,,False
2026-08-03 13:00:00+00:00,tt_cawang,,,,,,,,,,False
2026-08-03 13:00:00+00:00,tt_depok,,,,,,,,,,False
2026-08-03 13:00:00+00:00,tt_gatsu,,,,,,,,,,False
2026-08-03 13:00:00+00:00,tt_grogol,,,,,,,,,,False
2026-08-03 13:00:00+00:00,tt_kebonjeruk,,,,,,,,,,False
2026-08-03 13:00:00+00:00,tt_kelapagading,,,,,,,,,,False
2026-08-03 13:00:00+00:00,tt_kuningan,,,,,,,,,,False
2026-08-03 13:00:00+00:00,tt_sudirman,,,,,,,,,,False
2026-08-03 13:00:00+00:00,tt_tangerang,,,,,,,,,,False
2026-08-03 13:00:00+00:00,tt_tbsimatupang,,,,,,,,,,False
2026-08-03 13:00:00+00:00,tt_thamrin,,,,,,,,,,False
2026-08-03 14:00:00+00:00,tt_bekasi,Tol Jakarta-Cikampek,Jabodetabek,18.0,18.0,1072.0,1072.0,0.0,0.0,1.0,True
2026-08-03 14:00:00+00:00,tt_bogor,Tol Jagorawi (Bogor),Jabodetabek,36.0,44.0,823.0,673.0,0.1818181818181817,0.0,1.0,True
2026-08-03 14:00:00+00:00,tt_bsd,BSD/Serpong,Jabodetabek,34.0,34.0,165.0,165.0,0.0,0.0,1.0,True
2026-08-03 14:00:00+00:00,tt_cawang,Cawang interchange,Jabodetabek,43.0,43.0,62.0,62.0,0.0,0.0,1.0,True
2026-08-03 14:00:00+00:00,tt_depok,Jl. Margonda (Depok),Jabodetabek,31.0,31.0,1778.0,1778.0,0.0,0.0,1.0,True
2026-08-03 14:00:00+00:00,tt_gatsu,Jl. Gatot Subroto,Jabodetabek,45.0,45.0,52.0,52.0,0.0,0.0,1.0,True
2026-08-03 14:00:00+00:00,tt_grogol,Grogol,Jabodetabek,40.0,40.0,304.0,304.0,0.0,0.0,1.0,True
2026-08-03 14:00:00+00:00,tt_kebonjeruk,Tol Kebon Jeruk,Jabodetabek,31.0,35.0,1308.0,1158.0,0.1142857142857143,0.0,1.0,True
2026-08-03 14:00:00+00:00,tt_kelapagading,Kelapa Gading,Jabodetabek,25.0,29.0,1228.0,1059.0,0.1379310344827586,0.0,1.0,True
2026-08-03 14:00:00+00:00,tt_kuningan,Jl. HR Rasuna Said,Jabodetabek,21.0,21.0,208.0,208.0,0.0,0.0,1.0,True
2026-08-03 14:00:00+00:00,tt_sudirman,Jl. Sudirman (HI),Jabodetabek,38.0,38.0,377.0,377.0,0.0,0.0,1.0,True
2026-08-03 14:00:00+00:00,tt_tangerang,Tol Jakarta-Merak,Jabodetabek,48.0,48.0,193.0,193.0,0.0,0.0,1.0,True
2026-08-03 14:00:00+00:00,tt_tbsimatupang,TB Simatupang,Jabodetabek,72.0,72.0,343.0,343.0,0.0,0.0,1.0,True
2026-08-03 14:00:00+00:00,tt_thamrin,Jl. MH Thamrin,Jabodetabek,22.0,22.0,261.0,261.0,0.0,0.0,1.0,True
2026-08-03 15:00:00+00:00,tt_bekasi,Tol Jakarta-Cikampek,Jabodetabek,18.0,18.0,1072.0,1072.0,0.0,0.0,1.0,True
2026-08-03 15:00:00+00:00,tt_bogor,Tol Jagorawi (Bogor),Jabodetabek,36.0,45.0,823.0,658.0,0.1999999999999999,0.0,1.0,True
2026-08-03 15:00:00+00:00,tt_bsd,BSD/Serpong,Jabodetabek,34.0,34.0,165.0,165.0,0.0,0.0,1.0,True
2026-08-03 15:00:00+00:00,tt_cawang,Cawang interchange,Jabodetabek,43.0,43.0,62.0,62.0,0.0,0.0,1.0,True
2026-08-03 15:00:00+00:00,tt_depok,Jl. Margonda (Depok),Jabodetabek,31.0,31.0,1778.0,1778.0,0.0,0.0,1.0,True
2026-08-03 15:00:00+00:00,tt_gatsu,Jl. Gatot Subroto,Jabodetabek,45.0,45.0,52.0,52.0,0.0,0.0,1.0,True
2026-08-03 15:00:00+00:00,tt_grogol,Grogol,Jabodetabek,40.0,40.0,304.0,304.0,0.0,0.0,1.0,True
2026-08-03 15:00:00+00:00,tt_kebonjeruk,Tol Kebon Jeruk,Jabodetabek,35.0,35.0,1158.0,1158.0,0.0,0.0,1.0,True
2026-08-03 15:00:00+00:00,tt_kelapagading,Kelapa Gading,Jabodetabek,27.0,29.0,1137.0,1059.0,0.0689655172413793,0.0,0.994039,True
2026-08-03 15:00:00+00:00,tt_kuningan,Jl. HR Rasuna Said,Jabodetabek,21.0,21.0,208.0,208.0,0.0,0.0,1.0,True
2026-08-03 15:00:00+00:00,tt_sudirman,Jl. Sudirman (HI),Jabodetabek,38.0,38.0,377.0,377.0,0.0,0.0,1.0,True
2026-08-03 15:00:00+00:00,tt_tangerang,Tol Jakarta-Merak,Jabodetabek,48.0,48.0,193.0,193.0,0.0,0.0,1.0,True
2026-08-03 15:00:00+00:00,tt_tbsimatupang,TB Simatupang,Jabodetabek,72.0,72.0,343.0,343.0,0.0,0.0,1.0,True
2026-08-03 15:00:00+00:00,tt_thamrin,Jl. MH Thamrin,Jabodetabek,22.0,22.0,261.0,261.0,0.0,0.0,1.0,True
2026-08-03 16:00:00+00:00,tt_bekasi,,,,,,,,,,False
2026-08-03 16:00:00+00:00,tt_bogor,,,,,,,,,,False
2026-08-03 16:00:00+00:00,tt_bsd,,,,,,,,,,False
2026-08-03 16:00:00+00:00,tt_cawang,,,,,,,,,,False
2026-08-03 16:00:00+00:00,tt_depok,,,,,,,,,,False
2026-08-03 16:00:00+00:00,tt_gatsu,,,,,,,,,,False
2026-08-03 16:00:00+00:00,tt_grogol,,,,,,,,,,False
2026-08-03 16:00:00+00:00,tt_kebonjeruk,,,,,,,,,,False
2026-08-03 16:00:00+00:00,tt_kelapagading,,,,,,,,,,False
2026-08-03 16:00:00+00:00,tt_kuningan,,,,,,,,,,False
2026-08-03 16:00:00+00:00,tt_sudirman,,,,,,,,,,False
2026-08-03 16:00:00+00:00,tt_tangerang,,,,,,,,,,False
2026-08-03 16:00:00+00:00,tt_tbsimatupang,,,,,,,,,,False
2026-08-03 16:00:00+00:00,tt_thamrin,,,,,,,,,,False
2026-08-03 17:00:00+00:00,tt_bekasi,Tol Jakarta-Cikampek,Jabodetabek,18.0,18.0,1072.0,1072.0,0.0,0.0,1.0,True
2026-08-03 17:00:00+00:00,tt_bogor,Tol Jagorawi (Bogor),Jabodetabek,37.0,44.0,800.0,673.0,0.159090909090909,0.0,0.995851,True
2026-08-03 17:00:00+00:00,tt_bsd,BSD/Serpong,Jabodetabek,34.0,34.0,165.0,165.0,0.0,0.0,1.0,True
2026-08-03 17:00:00+00:00,tt_cawang,Cawang interchange,Jabodetabek,43.0,43.0,62.0,62.0,0.0,0.0,1.0,True
2026-08-03 17:00:00+00:00,tt_depok,Jl. Margonda (Depok),Jabodetabek,31.0,31.0,1778.0,1778.0,0.0,0.0,1.0,True
2026-08-03 17:00:00+00:00,tt_gatsu,Jl. Gatot Subroto,Jabodetabek,45.0,45.0,52.0,52.0,0.0,0.0,1.0,True
2026-08-03 17:00:00+00:00,tt_grogol,Grogol,Jabodetabek,40.0,40.0,304.0,304.0,0.0,0.0,1.0,True
2026-08-03 17:00:00+00:00,tt_kebonjeruk,Tol Kebon Jeruk,Jabodetabek,35.0,35.0,1158.0,1158.0,0.0,0.0,1.0,True
2026-08-03 17:00:00+00:00,tt_kelapagading,Kelapa Gading,Jabodetabek,29.0,29.0,1059.0,1059.0,0.0,0.0,1.0,True
2026-08-03 17:00:00+00:00,tt_kuningan,Jl. HR Rasuna Said,Jabodetabek,21.0,21.0,208.0,208.0,0.0,0.0,1.0,True
2026-08-03 17:00:00+00:00,tt_sudirman,Jl. Sudirman (HI),Jabodetabek,38.0,38.0,377.0,377.0,0.0,0.0,1.0,True
2026-08-03 17:00:00+00:00,tt_tangerang,Tol Jakarta-Merak,Jabodetabek,48.0,48.0,193.0,193.0,0.0,0.0,1.0,True
2026-08-03 17:00:00+00:00,tt_tbsimatupang,TB Simatupang,Jabodetabek,72.0,72.0,343.0,343.0,0.0,0.0,1.0,True
2026-08-03 17:00:00+00:00,tt_thamrin,Jl. MH Thamrin,Jabodetabek,22.0,22.0,261.0,261.0,0.0,0.0,1.0,True
2026-08-03 18:00:00+00:00,tt_bekasi,Tol Jakarta-Cikampek,Jabodetabek,18.0,18.0,1072.0,1072.0,0.0,0.0,1.0,True
2026-08-03 18:00:00+00:00,tt_bogor,Tol Jagorawi (Bogor),Jabodetabek,45.0,45.0,658.0,658.0,0.0,0.0,1.0,True
2026-08-03 18:00:00+00:00,tt_bsd,BSD/Serpong,Jabodetabek,34.0,34.0,165.0,165.0,0.0,0.0,1.0,True
2026-08-03 18:00:00+00:00,tt_cawang,Cawang interchange,Jabodetabek,43.0,43.0,62.0,62.0,0.0,0.0,1.0,True
2026-08-03 18:00:00+00:00,tt_depok,Jl. Margonda (Depok),Jabodetabek,31.0,31.0,1778.0,1778.0,0.0,0.0,1.0,True
2026-08-03 18:00:00+00:00,tt_gatsu,Jl. Gatot Subroto,Jabodetabek,45.0,45.0,52.0,52.0,0.0,0.0,1.0,True
2026-08-03 18:00:00+00:00,tt_grogol,Grogol,Jabodetabek,40.0,40.0,304.0,304.0,0.0,0.0,1.0,True
2026-08-03 18:00:00+00:00,tt_kebonjeruk,Tol Kebon Jeruk,Jabodetabek,35.0,35.0,1158.0,1158.0,0.0,0.0,1.0,True
2026-08-03 18:00:00+00:00,tt_kelapagading,Kelapa Gading,Jabodetabek,29.0,29.0,1059.0,1059.0,0.0,0.0,1.0,True
2026-08-03 18:00:00+00:00,tt_kuningan,Jl. HR Rasuna Said,Jabodetabek,21.0,21.0,208.0,208.0,0.0,0.0,1.0,True
2026-08-03 18:00:00+00:00,tt_sudirman,Jl. Sudirman (HI),Jabodetabek,38.0,38.0,377.0,377.0,0.0,0.0,1.0,True
2026-08-03 18:00:00+00:00,tt_tangerang,Tol Jakarta-Merak,Jabodetabek,48.0,48.0,193.0,193.0,0.0,0.0,1.0,True
2026-08-03 18:00:00+00:00,tt_tbsimatupang,TB Simatupang,Jabodetabek,72.0,72.0,343.0,343.0,0.0,0.0,1.0,True
2026-08-03 18:00:00+00:00,tt_thamrin,Jl. MH Thamrin,Jabodetabek,22.0,22.0,261.0,261.0,0.0,0.0,1.0,True
2026-08-03 19:00:00+00:00,tt_bekasi,,,,,,,,,,False
2026-08-03 19:00:00+00:00,tt_bogor,,,,,,,,,,False
2026-08-03 19:00:00+00:00,tt_bsd,,,,,,,,,,False
2026-08-03 19:00:00+00:00,tt_cawang,,,,,,,,,,False
2026-08-03 19:00:00+00:00,tt_depok,,,,,,,,,,False
2026-08-03 19:00:00+00:00,tt_gatsu,,,,,,,,,,False
2026-08-03 19:00:00+00:00,tt_grogol,,,,,,,,,,False
2026-08-03 19:00:00+00:00,tt_kebonjeruk,,,,,,,,,,False
2026-08-03 19:00:00+00:00,tt_kelapagading,,,,,,,,,,False
2026-08-03 19:00:00+00:00,tt_kuningan,,,,,,,,,,False
2026-08-03 19:00:00+00:00,tt_sudirman,,,,,,,,,,False
2026-08-03 19:00:00+00:00,tt_tangerang,,,,,,,,,,False
2026-08-03 19:00:00+00:00,tt_tbsimatupang,,,,,,,,,,False
2026-08-03 19:00:00+00:00,tt_thamrin,,,,,,,,,,False
2026-08-03 20:00:00+00:00,tt_bekasi,Tol Jakarta-Cikampek,Jabodetabek,18.0,18.0,1072.0,1072.0,0.0,0.0,1.0,True
2026-08-03 20:00:00+00:00,tt_bogor,Tol Jagorawi (Bogor),Jabodetabek,45.0,45.0,658.0,658.0,0.0,0.0,1.0,True
2026-08-03 20:00:00+00:00,tt_bsd,BSD/Serpong,Jabodetabek,34.0,34.0,165.0,165.0,0.0,0.0,1.0,True
2026-08-03 20:00:00+00:00,tt_cawang,Cawang interchange,Jabodetabek,43.0,43.0,62.0,62.0,0.0,0.0,1.0,True
2026-08-03 20:00:00+00:00,tt_depok,Jl. Margonda (Depok),Jabodetabek,31.0,31.0,1778.0,1778.0,0.0,0.0,1.0,True
2026-08-03 20:00:00+00:00,tt_gatsu,Jl. Gatot Subroto,Jabodetabek,45.0,45.0,52.0,52.0,0.0,0.0,1.0,True
2026-08-03 20:00:00+00:00,tt_grogol,Grogol,Jabodetabek,40.0,40.0,304.0,304.0,0.0,0.0,1.0,True
2026-08-03 20:00:00+00:00,tt_kebonjeruk,Tol Kebon Jeruk,Jabodetabek,35.0,35.0,1158.0,1158.0,0.0,0.0,1.0,True
2026-08-03 20:00:00+00:00,tt_kelapagading,Kelapa Gading,Jabodetabek,29.0,29.0,1059.0,1059.0,0.0,0.0,1.0,True
2026-08-03 20:00:00+00:00,tt_kuningan,Jl. HR Rasuna Said,Jabodetabek,21.0,21.0,208.0,208.0,0.0,0.0,1.0,True
2026-08-03 20:00:00+00:00,tt_sudirman,Jl. Sudirman (HI),Jabodetabek,38.0,38.0,377.0,377.0,0.0,0.0,1.0,True
2026-08-03 20:00:00+00:00,tt_tangerang,Tol Jakarta-Merak,Jabodetabek,48.0,48.0,193.0,193.0,0.0,0.0,1.0,True
2026-08-03 20:00:00+00:00,tt_tbsimatupang,TB Simatupang,Jabodetabek,72.0,72.0,343.0,343.0,0.0,0.0,1.0,True
2026-08-03 20:00:00+00:00,tt_thamrin,Jl. MH Thamrin,Jabodetabek,22.0,22.0,261.0,261.0,0.0,0.0,1.0,True
2026-08-03 21:00:00+00:00,tt_bekasi,Tol Jakarta-Cikampek,Jabodetabek,18.0,18.0,1072.0,1072.0,0.0,0.0,1.0,True
2026-08-03 21:00:00+00:00,tt_bogor,Tol Jagorawi (Bogor),Jabodetabek,45.0,45.0,658.0,658.0,0.0,0.0,1.0,True
2026-08-03 21:00:00+00:00,tt_bsd,BSD/Serpong,Jabodetabek,34.0,34.0,165.0,165.0,0.0,0.0,1.0,True
2026-08-03 21:00:00+00:00,tt_cawang,Cawang interchange,Jabodetabek,43.0,43.0,62.0,62.0,0.0,0.0,1.0,True
2026-08-03 21:00:00+00:00,tt_depok,Jl. Margonda (Depok),Jabodetabek,31.0,31.0,1778.0,1778.0,0.0,0.0,1.0,True
2026-08-03 21:00:00+00:00,tt_gatsu,Jl. Gatot Subroto,Jabodetabek,45.0,45.0,52.0,52.0,0.0,0.0,1.0,True
2026-08-03 21:00:00+00:00,tt_grogol,Grogol,Jabodetabek,40.0,40.0,304.0,304.0,0.0,0.0,1.0,True
2026-08-03 21:00:00+00:00,tt_kebonjeruk,Tol Kebon Jeruk,Jabodetabek,35.0,35.0,1158.0,1158.0,0.0,0.0,1.0,True
2026-08-03 21:00:00+00:00,tt_kelapagading,Kelapa Gading,Jabodetabek,29.0,29.0,1059.0,1059.0,0.0,0.0,1.0,True
2026-08-03 21:00:00+00:00,tt_kuningan,Jl. HR Rasuna Said,Jabodetabek,21.0,21.0,208.0,208.0,0.0,0.0,1.0,True
2026-08-03 21:00:00+00:00,tt_sudirman,Jl. Sudirman (HI),Jabodetabek,38.0,38.0,377.0,377.0,0.0,0.0,1.0,True
2026-08-03 21:00:00+00:00,tt_tangerang,Tol Jakarta-Merak,Jabodetabek,48.0,48.0,193.0,193.0,0.0,0.0,1.0,True
2026-08-03 21:00:00+00:00,tt_tbsimatupang,TB Simatupang,Jabodetabek,72.0,72.0,343.0,343.0,0.0,0.0,1.0,True
2026-08-03 21:00:00+00:00,tt_thamrin,Jl. MH Thamrin,Jabodetabek,22.0,22.0,261.0,261.0,0.0,0.0,1.0,True
2026-08-03 22:00:00+00:00,tt_bekasi,,,,,,,,,,False
2026-08-03 22:00:00+00:00,tt_bogor,,,,,,,,,,False
2026-08-03 22:00:00+00:00,tt_bsd,,,,,,,,,,False
2026-08-03 22:00:00+00:00,tt_cawang,,,,,,,,,,False
2026-08-03 22:00:00+00:00,tt_depok,,,,,,,,,,False
2026-08-03 22:00:00+00:00,tt_gatsu,,,,,,,,,,False
2026-08-03 22:00:00+00:00,tt_grogol,,,,,,,,,,False
2026-08-03 22:00:00+00:00,tt_kebonjeruk,,,,,,,,,,False
2026-08-03 22:00:00+00:00,tt_kelapagading,,,,,,,,,,False
2026-08-03 22:00:00+00:00,tt_kuningan,,,,,,,,,,False
2026-08-03 22:00:00+00:00,tt_sudirman,,,,,,,,,,False
2026-08-03 22:00:00+00:00,tt_tangerang,,,,,,,,,,False
2026-08-03 22:00:00+00:00,tt_tbsimatupang,,,,,,,,,,False
2026-08-03 22:00:00+00:00,tt_thamrin,,,,,,,,,,False
2026-08-03 23:00:00+00:00,tt_bekasi,Tol Jakarta-Cikampek,Jabodetabek,18.0,18.0,1072.0,1072.0,0.0,0.0,1.0,True
2026-08-03 23:00:00+00:00,tt_bogor,Tol Jagorawi (Bogor),Jabodetabek,45.0,45.0,658.0,658.0,0.0,0.0,1.0,True
2026-08-03 23:00:00+00:00,tt_bsd,BSD/Serpong,Jabodetabek,34.0,34.0,165.0,165.0,0.0,0.0,1.0,True
2026-08-03 23:00:00+00:00,tt_cawang,Cawang interchange,Jabodetabek,25.0,42.0,108.0,64.0,0.4047619047619047,0.0,1.0,True
2026-08-03 23:00:00+00:00,tt_depok,Jl. Margonda (Depok),Jabodetabek,28.0,31.0,1969.0,1778.0,0.0967741935483871,0.0,0.941183,True
2026-08-03 23:00:00+00:00,tt_gatsu,Jl. Gatot Subroto,Jabodetabek,45.0,45.0,52.0,52.0,0.0,0.0,1.0,True
2026-08-03 23:00:00+00:00,tt_grogol,Grogol,Jabodetabek,32.0,40.0,381.0,304.0,0.1999999999999999,0.0,0.997497,True
2026-08-03 23:00:00+00:00,tt_kebonjeruk,Tol Kebon Jeruk,Jabodetabek,29.0,35.0,1398.0,1158.0,0.1714285714285713,0.0,1.0,True
2026-08-03 23:00:00+00:00,tt_kelapagading,Kelapa Gading,Jabodetabek,26.0,30.0,1181.0,1024.0,0.1333333333333333,0.0,0.998544,True
2026-08-03 23:00:00+00:00,tt_kuningan,Jl. HR Rasuna Said,Jabodetabek,21.0,21.0,208.0,208.0,0.0,0.0,1.0,True
2026-08-03 23:00:00+00:00,tt_sudirman,Jl. Sudirman (HI),Jabodetabek,38.0,38.0,377.0,377.0,0.0,0.0,1.0,True
2026-08-03 23:00:00+00:00,tt_tangerang,Tol Jakarta-Merak,Jabodetabek,48.0,48.0,193.0,193.0,0.0,0.0,1.0,True
2026-08-03 23:00:00+00:00,tt_tbsimatupang,TB Simatupang,Jabodetabek,51.0,72.0,485.0,343.0,0.2916666666666666,0.0,1.0,True
2026-08-03 23:00:00+00:00,tt_thamrin,Jl. MH Thamrin,Jabodetabek,20.0,22.0,287.0,261.0,0.0909090909090909,0.0,1.0,True
2026-08-04 00:00:00+00:00,tt_bekasi,,,,,,,,,,False
2026-08-04 00:00:00+00:00,tt_bogor,,,,,,,,,,False
2026-08-04 00:00:00+00:00,tt_bsd,,,,,,,,,,False
2026-08-04 00:00:00+00:00,tt_cawang,,,,,,,,,,False
2026-08-04 00:00:00+00:00,tt_depok,,,,,,,,,,False
2026-08-04 00:00:00+00:00,tt_gatsu,,,,,,,,,,False
2026-08-04 00:00:00+00:00,tt_grogol,,,,,,,,,,False
2026-08-04 00:00:00+00:00,tt_kebonjeruk,,,,,,,,,,False
2026-08-04 00:00:00+00:00,tt_kelapagading,,,,,,,,,,False
2026-08-04 00:00:00+00:00,tt_kuningan,,,,,,,,,,False
2026-08-04 00:00:00+00:00,tt_sudirman,,,,,,,,,,False
2026-08-04 00:00:00+00:00,tt_tangerang,,,,,,,,,,False
2026-08-04 00:00:00+00:00,tt_tbsimatupang,,,,,,,,,,False
2026-08-04 00:00:00+00:00,tt_thamrin,,,,,,,,,,False
2026-08-04 01:00:00+00:00,tt_bekasi,Tol Jakarta-Cikampek,Jabodetabek,16.0,17.0,1206.0,1135.0,0.0588235294117647,0.0,0.967426,True
2026-08-04 01:00:00+00:00,tt_bogor,Tol Jagorawi (Bogor),Jabodetabek,35.0,44.0,846.0,673.0,0.2045454545454545,0.0,1.0,True
2026-08-04 01:00:00+00:00,tt_bsd,BSD/Serpong,Jabodetabek,30.0,34.0,187.0,165.0,0.1176470588235294,0.0,1.0,True
2026-08-04 01:00:00+00:00,tt_cawang,Cawang interchange,Jabodetabek,16.0,42.0,168.0,64.0,0.6190476190476191,0.0,1.0,True
2026-08-04 01:00:00+00:00,tt_depok,Jl. Margonda (Depok),Jabodetabek,27.0,31.0,2042.0,1778.0,0.1290322580645161,0.0,0.958197,True
2026-08-04 01:00:00+00:00,tt_gatsu,Jl. Gatot Subroto,Jabodetabek,45.0,45.0,52.0,52.0,0.0,0.0,1.0,True
2026-08-04 01:00:00+00:00,tt_grogol,Grogol,Jabodetabek,32.0,40.0,381.0,304.0,0.1999999999999999,0.0,1.0,True
2026-08-04 01:00:00+00:00,tt_kebonjeruk,Tol Kebon Jeruk,Jabodetabek,26.0,35.0,1559.0,1158.0,0.2571428571428571,0.0,1.0,True
2026-08-04 01:00:00+00:00,tt_kelapagading,Kelapa Gading,Jabodetabek,29.0,29.0,1059.0,1059.0,0.0,0.0,1.0,True
2026-08-04 01:00:00+00:00,tt_kuningan,Jl. HR Rasuna Said,Jabodetabek,21.0,21.0,208.0,208.0,0.0,0.0,1.0,True
2026-08-04 01:00:00+00:00,tt_sudirman,Jl. Sudirman (HI),Jabodetabek,23.0,38.0,624.0,377.0,0.3947368421052631,0.0,1.0,True
2026-08-04 01:00:00+00:00,tt_tangerang,Tol Jakarta-Merak,Jabodetabek,37.0,47.0,250.0,197.0,0.2127659574468084,0.0,1.0,True
2026-08-04 01:00:00+00:00,tt_tbsimatupang,TB Simatupang,Jabodetabek,14.0,72.0,1766.0,343.0,0.8055555555555556,0.0,1.0,True
2026-08-04 01:00:00+00:00,tt_thamrin,Jl. MH Thamrin,Jabodetabek,22.0,22.0,261.0,261.0,0.0,0.0,1.0,True
2026-08-04 02:00:00+00:00,tt_bekasi,Tol Jakarta-Cikampek,Jabodetabek,18.0,18.0,1072.0,1072.0,0.0,0.0,1.0,True
2026-08-04 02:00:00+00:00,tt_bogor,Tol Jagorawi (Bogor),Jabodetabek,38.0,45.0,779.0,658.0,0.1555555555555555,0.0,1.0,True
2026-08-04 02:00:00+00:00,tt_bsd,BSD/Serpong,Jabodetabek,34.0,34.0,165.0,165.0,0.0,0.0,1.0,True
2026-08-04 02:00:00+00:00,tt_cawang,Cawang interchange,Jabodetabek,18.0,43.0,150.0,62.0,0.5813953488372092,0.0,1.0,True
2026-08-04 02:00:00+00:00,tt_depok,Jl. Margonda (Depok),Jabodetabek,31.0,31.0,1778.0,1778.0,0.0,0.0,1.0,True
2026-08-04 02:00:00+00:00,tt_gatsu,Jl. Gatot Subroto,Jabodetabek,45.0,45.0,52.0,52.0,0.0,0.0,1.0,True
2026-08-04 02:00:00+00:00,tt_grogol,Grogol,Jabodetabek,30.0,40.0,406.0,304.0,0.25,0.0,1.0,True
2026-08-04 02:00:00+00:00,tt_kebonjeruk,Tol Kebon Jeruk,Jabodetabek,25.0,35.0,1622.0,1158.0,0.2857142857142857,0.0,1.0,True
2026-08-04 02:00:00+00:00,tt_kelapagading,Kelapa Gading,Jabodetabek,24.0,29.0,1280.0,1059.0,0.1724137931034483,0.0,0.998549,True
2026-08-04 02:00:00+00:00,tt_kuningan,Jl. HR Rasuna Said,Jabodetabek,21.0,21.0,208.0,208.0,0.0,0.0,1.0,True
2026-08-04 02:00:00+00:00,tt_sudirman,Jl. Sudirman (HI),Jabodetabek,28.0,39.0,512.0,368.0,0.282051282051282,0.0,1.0,True
2026-08-04 02:00:00+00:00,tt_tangerang,Tol Jakarta-Merak,Jabodetabek,33.0,48.0,281.0,193.0,0.3125,0.0,1.0,True
2026-08-04 02:00:00+00:00,tt_tbsimatupang,TB Simatupang,Jabodetabek,21.0,71.0,1177.0,348.0,0.704225352112676,0.0,1.0,True
2026-08-04 02:00:00+00:00,tt_thamrin,Jl. MH Thamrin,Jabodetabek,18.0,22.0,319.0,261.0,0.1818181818181817,0.0,1.0,True
2026-08-04 03:00:00+00:00,tt_bekasi,,,,,,,,,,False
2026-08-04 03:00:00+00:00,tt_bogor,,,,,,,,,,False
2026-08-04 03:00:00+00:00,tt_bsd,,,,,,,,,,False
2026-08-04 03:00:00+00:00,tt_cawang,,,,,,,,,,False
2026-08-04 03:00:00+00:00,tt_depok,,,,,,,,,,False
2026-08-04 03:00:00+00:00,tt_gatsu,,,,,,,,,,False
2026-08-04 03:00:00+00:00,tt_grogol,,,,,,,,,,False
2026-08-04 03:00:00+00:00,tt_kebonjeruk,,,,,,,,,,False
2026-08-04 03:00:00+00:00,tt_kelapagading,,,,,,,,,,False
2026-08-04 03:00:00+00:00,tt_kuningan,,,,,,,,,,False
2026-08-04 03:00:00+00:00,tt_sudirman,,,,,,,,,,False
2026-08-04 03:00:00+00:00,tt_tangerang,,,,,,,,,,False
2026-08-04 03:00:00+00:00,tt_tbsimatupang,,,,,,,,,,False
2026-08-04 03:00:00+00:00,tt_thamrin,,,,,,,,,,False
2026-08-04 04:00:00+00:00,tt_bekasi,Tol Jakarta-Cikampek,Jabodetabek,18.0,18.0,1072.0,1072.0,0.0,0.0,1.0,True
2026-08-04 04:00:00+00:00,tt_bogor,Tol Jagorawi (Bogor),Jabodetabek,36.0,45.0,823.0,658.0,0.1999999999999999,0.0,1.0,True
2026-08-04 04:00:00+00:00,tt_bsd,BSD/Serpong,Jabodetabek,29.0,33.0,193.0,170.0,0.1212121212121212,0.0,1.0,True
2026-08-04 04:00:00+00:00,tt_cawang,Cawang interchange,Jabodetabek,22.0,42.0,122.0,64.0,0.4761904761904761,0.0,1.0,True
2026-08-04 04:00:00+00:00,tt_depok,Jl. Margonda (Depok),Jabodetabek,27.0,31.0,2042.0,1778.0,0.1290322580645161,0.0,0.969051,True
2026-08-04 04:00:00+00:00,tt_gatsu,Jl. Gatot Subroto,Jabodetabek,45.0,45.0,52.0,52.0,0.0,0.0,1.0,True
2026-08-04 04:00:00+00:00,tt_grogol,Grogol,Jabodetabek,28.0,40.0,435.0,304.0,0.3,0.0,1.0,True
2026-08-04 04:00:00+00:00,tt_kebonjeruk,Tol Kebon Jeruk,Jabodetabek,25.0,35.0,1622.0,1158.0,0.2857142857142857,0.0,1.0,True
2026-08-04 04:00:00+00:00,tt_kelapagading,Kelapa Gading,Jabodetabek,23.0,28.0,1335.0,1097.0,0.1785714285714286,0.0,0.998549,True
2026-08-04 04:00:00+00:00,tt_kuningan,Jl. HR Rasuna Said,Jabodetabek,15.0,20.0,291.0,218.0,0.25,0.0,0.99,True
2026-08-04 04:00:00+00:00,tt_sudirman,Jl. Sudirman (HI),Jabodetabek,29.0,39.0,494.0,368.0,0.2564102564102564,0.0,1.0,True
2026-08-04 04:00:00+00:00,tt_tangerang,Tol Jakarta-Merak,Jabodetabek,48.0,48.0,193.0,193.0,0.0,0.0,1.0,True
2026-08-04 04:00:00+00:00,tt_tbsimatupang,TB Simatupang,Jabodetabek,29.0,71.0,852.0,348.0,0.5915492957746479,0.0,1.0,True
2026-08-04 04:00:00+00:00,tt_thamrin,Jl. MH Thamrin,Jabodetabek,16.0,24.0,359.0,239.0,0.3333333333333333,0.0,1.0,True
2026-08-04 05:00:00+00:00,tt_bekasi,Tol Jakarta-Cikampek,Jabodetabek,18.0,18.0,1072.0,1072.0,0.0,0.0,1.0,True
2026-08-04 05:00:00+00:00,tt_bogor,Tol Jagorawi (Bogor),Jabodetabek,45.0,45.0,658.0,658.0,0.0,0.0,1.0,True
2026-08-04 05:00:00+00:00,tt_bsd,BSD/Serpong,Jabodetabek,34.0,34.0,165.0,165.0,0.0,0.0,1.0,True
2026-08-04 05:00:00+00:00,tt_cawang,Cawang interchange,Jabodetabek,17.0,41.0,158.0,65.0,0.5853658536585367,0.0,1.0,True
2026-08-04 05:00:00+00:00,tt_depok,Jl. Margonda (Depok),Jabodetabek,26.0,31.0,2120.0,1778.0,0.1612903225806451,0.0,0.959204,True
2026-08-04 05:00:00+00:00,tt_gatsu,Jl. Gatot Subroto,Jabodetabek,45.0,45.0,52.0,52.0,0.0,0.0,1.0,True
2026-08-04 05:00:00+00:00,tt_grogol,Grogol,Jabodetabek,31.0,40.0,393.0,304.0,0.2249999999999999,0.0,1.0,True
2026-08-04 05:00:00+00:00,tt_kebonjeruk,Tol Kebon Jeruk,Jabodetabek,26.0,36.0,1559.0,1126.0,0.2777777777777778,0.0,1.0,True
2026-08-04 05:00:00+00:00,tt_kelapagading,Kelapa Gading,Jabodetabek,22.0,29.0,1396.0,1059.0,0.2413793103448276,0.0,0.998549,True
2026-08-04 05:00:00+00:00,tt_kuningan,Jl. HR Rasuna Said,Jabodetabek,21.0,21.0,208.0,208.0,0.0,0.0,1.0,True
2026-08-04 05:00:00+00:00,tt_sudirman,Jl. Sudirman (HI),Jabodetabek,27.0,38.0,531.0,377.0,0.2894736842105263,0.0,1.0,True
2026-08-04 05:00:00+00:00,tt_tangerang,Tol Jakarta-Merak,Jabodetabek,48.0,48.0,193.0,193.0,0.0,0.0,1.0,True
2026-08-04 05:00:00+00:00,tt_tbsimatupang,TB Simatupang,Jabodetabek,57.0,72.0,433.0,343.0,0.2083333333333333,0.0,1.0,True
2026-08-04 05:00:00+00:00,tt_thamrin,Jl. MH Thamrin,Jabodetabek,18.0,25.0,319.0,229.0,0.28,0.0,1.0,True
2026-08-04 06:00:00+00:00,tt_bekasi,,,,,,,,,,False
2026-08-04 06:00:00+00:00,tt_bogor,,,,,,,,,,False
2026-08-04 06:00:00+00:00,tt_bsd,,,,,,,,,,False
2026-08-04 06:00:00+00:00,tt_cawang,,,,,,,,,,False
2026-08-04 06:00:00+00:00,tt_depok,,,,,,,,,,False
2026-08-04 06:00:00+00:00,tt_gatsu,,,,,,,,,,False
2026-08-04 06:00:00+00:00,tt_grogol,,,,,,,,,,False
2026-08-04 06:00:00+00:00,tt_kebonjeruk,,,,,,,,,,False
2026-08-04 06:00:00+00:00,tt_kelapagading,,,,,,,,,,False
2026-08-04 06:00:00+00:00,tt_kuningan,,,,,,,,,,False
2026-08-04 06:00:00+00:00,tt_sudirman,,,,,,,,,,False
2026-08-04 06:00:00+00:00,tt_tangerang,,,,,,,,,,False
2026-08-04 06:00:00+00:00,tt_tbsimatupang,,,,,,,,,,False
2026-08-04 06:00:00+00:00,tt_thamrin,,,,,,,,,,False
2026-08-04 07:00:00+00:00,tt_bekasi,Tol Jakarta-Cikampek,Jabodetabek,18.0,18.0,1072.0,1072.0,0.0,0.0,1.0,True
2026-08-04 07:00:00+00:00,tt_bogor,Tol Jagorawi (Bogor),Jabodetabek,34.0,45.0,871.0,658.0,0.2444444444444444,0.0,1.0,True
2026-08-04 07:00:00+00:00,tt_bsd,BSD/Serpong,Jabodetabek,34.0,34.0,165.0,165.0,0.0,0.0,1.0,True
2026-08-04 07:00:00+00:00,tt_cawang,Cawang interchange,Jabodetabek,33.0,43.0,81.0,62.0,0.2325581395348837,0.0,1.0,True
2026-08-04 07:00:00+00:00,tt_depok,Jl. Margonda (Depok),Jabodetabek,26.0,31.0,2120.0,1778.0,0.1612903225806451,0.0,0.959198,True
2026-08-04 07:00:00+00:00,tt_gatsu,Jl. Gatot Subroto,Jabodetabek,33.0,44.0,71.0,53.0,0.25,0.0,1.0,True
2026-08-04 07:00:00+00:00,tt_grogol,Grogol,Jabodetabek,31.0,40.0,393.0,304.0,0.2249999999999999,0.0,1.0,True
2026-08-04 07:00:00+00:00,tt_kebonjeruk,Tol Kebon Jeruk,Jabodetabek,23.0,35.0,1763.0,1158.0,0.3428571428571428,0.0,1.0,True
2026-08-04 07:00:00+00:00,tt_kelapagading,Kelapa Gading,Jabodetabek,22.0,28.0,1396.0,1097.0,0.2142857142857143,0.0,0.996477,True
2026-08-04 07:00:00+00:00,tt_kuningan,Jl. HR Rasuna Said,Jabodetabek,16.0,20.0,273.0,218.0,0.1999999999999999,0.0,0.99,True
2026-08-04 07:00:00+00:00,tt_sudirman,Jl. Sudirman (HI),Jabodetabek,31.0,39.0,463.0,368.0,0.2051282051282051,0.0,1.0,True
2026-08-04 07:00:00+00:00,tt_tangerang,Tol Jakarta-Merak,Jabodetabek,36.0,48.0,257.0,193.0,0.25,0.0,1.0,True
2026-08-04 07:00:00+00:00,tt_tbsimatupang,TB Simatupang,Jabodetabek,72.0,72.0,343.0,343.0,0.0,0.0,1.0,True
2026-08-04 07:00:00+00:00,tt_thamrin,Jl. MH Thamrin,Jabodetabek,14.0,23.0,410.0,249.0,0.3913043478260869,0.0,1.0,True
2026-08-04 08:00:00+00:00,tt_bekasi,,,,,,,,,,False
2026-08-04 08:00:00+00:00,tt_bogor,,,,,,,,,,False
2026-08-04 08:00:00+00:00,tt_bsd,,,,,,,,,,False
2026-08-04 08:00:00+00:00,tt_cawang,,,,,,,,,,False
2026-08-04 08:00:00+00:00,tt_depok,,,,,,,,,,False
2026-08-04 08:00:00+00:00,tt_gatsu,,,,,,,,,,False
2026-08-04 08:00:00+00:00,tt_grogol,,,,,,,,,,False
2026-08-04 08:00:00+00:00,tt_kebonjeruk,,,,,,,,,,False
2026-08-04 08:00:00+00:00,tt_kelapagading,,,,,,,,,,False
2026-08-04 08:00:00+00:00,tt_kuningan,,,,,,,,,,False
2026-08-04 08:00:00+00:00,tt_sudirman,,,,,,,,,,False
2026-08-04 08:00:00+00:00,tt_tangerang,,,,,,,,,,False
2026-08-04 08:00:00+00:00,tt_tbsimatupang,,,,,,,,,,False
2026-08-04 08:00:00+00:00,tt_thamrin,,,,,,,,,,False
2026-08-04 09:00:00+00:00,tt_bekasi,Tol Jakarta-Cikampek,Jabodetabek,18.0,18.0,1072.0,1072.0,0.0,0.0,1.0,True
2026-08-04 09:00:00+00:00,tt_bogor,Tol Jagorawi (Bogor),Jabodetabek,32.0,45.0,925.0,658.0,0.2888888888888888,0.0,0.999616,True
2026-08-04 09:00:00+00:00,tt_bsd,BSD/Serpong,Jabodetabek,28.0,34.0,200.0,165.0,0.1764705882352941,0.0,1.0,True
2026-08-04 09:00:00+00:00,tt_cawang,Cawang interchange,Jabodetabek,33.0,43.0,81.0,62.0,0.2325581395348837,0.0,1.0,True
2026-08-04 09:00:00+00:00,tt_depok,Jl. Margonda (Depok),Jabodetabek,26.0,31.0,2120.0,1778.0,0.1612903225806451,0.0,0.971655,True
2026-08-04 09:00:00+00:00,tt_gatsu,Jl. Gatot Subroto,Jabodetabek,45.0,45.0,52.0,52.0,0.0,0.0,1.0,True
2026-08-04 09:00:00+00:00,tt_grogol,Grogol,Jabodetabek,34.0,40.0,358.0,304.0,0.15,0.0,0.998515,True
2026-08-04 09:00:00+00:00,tt_kebonjeruk,Tol Kebon Jeruk,Jabodetabek,21.0,35.0,1931.0,1158.0,0.4,0.0,1.0,True
2026-08-04 09:00:00+00:00,tt_kelapagading,Kelapa Gading,Jabodetabek,22.0,28.0,1396.0,1097.0,0.2142857142857143,0.0,1.0,True
2026-08-04 09:00:00+00:00,tt_kuningan,Jl. HR Rasuna Said,Jabodetabek,13.0,19.0,336.0,229.0,0.3157894736842105,0.0,0.99,True
2026-08-04 09:00:00+00:00,tt_sudirman,Jl. Sudirman (HI),Jabodetabek,28.0,38.0,512.0,377.0,0.2631578947368421,0.0,1.0,True
2026-08-04 09:00:00+00:00,tt_tangerang,Tol Jakarta-Merak,Jabodetabek,39.0,48.0,237.0,193.0,0.1875,0.0,1.0,True
2026-08-04 09:00:00+00:00,tt_tbsimatupang,TB Simatupang,Jabodetabek,44.0,72.0,562.0,343.0,0.3888888888888888,0.0,1.0,True
2026-08-04 09:00:00+00:00,tt_thamrin,Jl. MH Thamrin,Jabodetabek,20.0,24.0,287.0,239.0,0.1666666666666666,0.0,1.0,True
2026-08-04 10:00:00+00:00,tt_bekasi,Tol Jakarta-Cikampek,Jabodetabek,15.0,18.0,1286.0,1072.0,0.1666666666666666,0.0,0.94605,True
2026-08-04 10:00:00+00:00,tt_bogor,Tol Jagorawi (Bogor),Jabodetabek,27.0,45.0,1097.0,658.0,0.4,0.0,1.0,True
2026-08-04 10:00:00+00:00,tt_bsd,BSD/Serpong,Jabodetabek,34.0,34.0,165.0,165.0,0.0,0.0,1.0,True
2026-08-04 10:00:00+00:00,tt_cawang,Cawang interchange,Jabodetabek,32.0,43.0,84.0,62.0,0.2558139534883721,0.0,1.0,True
2026-08-04 10:00:00+00:00,tt_depok,Jl. Margonda (Depok),Jabodetabek,21.0,31.0,2625.0,1778.0,0.3225806451612903,0.0,0.981791,True
2026-08-04 10:00:00+00:00,tt_gatsu,Jl. Gatot Subroto,Jabodetabek,18.0,44.0,130.0,53.0,0.5909090909090908,0.0,1.0,True
2026-08-04 10:00:00+00:00,tt_grogol,Grogol,Jabodetabek,31.0,40.0,393.0,304.0,0.2249999999999999,0.0,1.0,True
2026-08-04 10:00:00+00:00,tt_kebonjeruk,Tol Kebon Jeruk,Jabodetabek,20.0,35.0,2027.0,1158.0,0.4285714285714286,0.0,1.0,True
2026-08-04 10:00:00+00:00,tt_kelapagading,Kelapa Gading,Jabodetabek,22.0,29.0,1396.0,1059.0,0.2413793103448276,0.0,1.0,True
2026-08-04 10:00:00+00:00,tt_kuningan,Jl. HR Rasuna Said,Jabodetabek,12.0,20.0,364.0,218.0,0.4,0.0,1.0,True
2026-08-04 10:00:00+00:00,tt_sudirman,Jl. Sudirman (HI),Jabodetabek,12.0,38.0,1196.0,377.0,0.6842105263157895,0.0,1.0,True
2026-08-04 10:00:00+00:00,tt_tangerang,Tol Jakarta-Merak,Jabodetabek,30.0,47.0,309.0,197.0,0.3617021276595744,0.0,1.0,True
2026-08-04 10:00:00+00:00,tt_tbsimatupang,TB Simatupang,Jabodetabek,41.0,71.0,603.0,348.0,0.4225352112676056,0.0,1.0,True
2026-08-04 10:00:00+00:00,tt_thamrin,Jl. MH Thamrin,Jabodetabek,9.0,24.0,638.0,239.0,0.625,0.0,1.0,True
2026-08-04 11:00:00+00:00,tt_bekasi,,,,,,,,,,False
2026-08-04 11:00:00+00:00,tt_bogor,,,,,,,,,,False
2026-08-04 11:00:00+00:00,tt_bsd,,,,,,,,,,False
2026-08-04 11:00:00+00:00,tt_cawang,,,,,,,,,,False
2026-08-04 11:00:00+00:00,tt_depok,,,,,,,,,,False
2026-08-04 11:00:00+00:00,tt_gatsu,,,,,,,,,,False
2026-08-04 11:00:00+00:00,tt_grogol,,,,,,,,,,False
2026-08-04 11:00:00+00:00,tt_kebonjeruk,,,,,,,,,,False
2026-08-04 11:00:00+00:00,tt_kelapagading,,,,,,,,,,False
2026-08-04 11:00:00+00:00,tt_kuningan,,,,,,,,,,False
2026-08-04 11:00:00+00:00,tt_sudirman,,,,,,,,,,False
2026-08-04 11:00:00+00:00,tt_tangerang,,,,,,,,,,False
2026-08-04 11:00:00+00:00,tt_tbsimatupang,,,,,,,,,,False
2026-08-04 11:00:00+00:00,tt_thamrin,,,,,,,,,,False
2026-08-04 12:00:00+00:00,tt_bekasi,Tol Jakarta-Cikampek,Jabodetabek,18.0,18.0,1072.0,1072.0,0.0,0.0,1.0,True
2026-08-04 12:00:00+00:00,tt_bogor,Tol Jagorawi (Bogor),Jabodetabek,32.0,45.0,925.0,658.0,0.2888888888888888,0.0,1.0,True
2026-08-04 12:00:00+00:00,tt_bsd,BSD/Serpong,Jabodetabek,34.0,34.0,165.0,165.0,0.0,0.0,1.0,True
2026-08-04 12:00:00+00:00,tt_cawang,Cawang interchange,Jabodetabek,28.0,42.0,96.0,64.0,0.3333333333333333,0.0,1.0,True
2026-08-04 12:00:00+00:00,tt_depok,Jl. Margonda (Depok),Jabodetabek,23.0,31.0,2397.0,1778.0,0.2580645161290322,0.0,0.998658,True
2026-08-04 12:00:00+00:00,tt_gatsu,Jl. Gatot Subroto,Jabodetabek,7.0,43.0,336.0,54.0,0.8372093023255813,0.0,1.0,True
2026-08-04 12:00:00+00:00,tt_grogol,Grogol,Jabodetabek,34.0,40.0,358.0,304.0,0.15,0.0,1.0,True
2026-08-04 12:00:00+00:00,tt_kebonjeruk,Tol Kebon Jeruk,Jabodetabek,18.0,35.0,2252.0,1158.0,0.4857142857142857,0.0,1.0,True
2026-08-04 12:00:00+00:00,tt_kelapagading,Kelapa Gading,Jabodetabek,22.0,29.0,1396.0,1059.0,0.2413793103448276,0.0,1.0,True
2026-08-04 12:00:00+00:00,tt_kuningan,Jl. HR Rasuna Said,Jabodetabek,13.0,20.0,336.0,218.0,0.35,0.0,1.0,True
2026-08-04 12:00:00+00:00,tt_sudirman,Jl. Sudirman (HI),Jabodetabek,16.0,40.0,897.0,358.0,0.6,0.0,1.0,True
2026-08-04 12:00:00+00:00,tt_tangerang,Tol Jakarta-Merak,Jabodetabek,48.0,48.0,193.0,193.0,0.0,0.0,1.0,True
2026-08-04 12:00:00+00:00,tt_tbsimatupang,TB Simatupang,Jabodetabek,46.0,72.0,537.0,343.0,0.3611111111111111,0.0,1.0,True
2026-08-04 12:00:00+00:00,tt_thamrin,Jl. MH Thamrin,Jabodetabek,13.0,22.0,442.0,261.0,0.409090909090909,0.0,1.0,True
2026-08-04 13:00:00+00:00,tt_bekasi,Tol Jakarta-Cikampek,Jabodetabek,18.0,18.0,1072.0,1072.0,0.0,0.0,1.0,True
2026-08-04 13:00:00+00:00,tt_bogor,Tol Jagorawi (Bogor),Jabodetabek,36.0,44.0,823.0,673.0,0.1818181818181817,0.0,1.0,True
2026-08-04 13:00:00+00:00,tt_bsd,BSD/Serpong,Jabodetabek,26.0,34.0,216.0,165.0,0.2352941176470588,0.0,1.0,True
2026-08-04 13:00:00+00:00,tt_cawang,Cawang interchange,Jabodetabek,43.0,43.0,62.0,62.0,0.0,0.0,1.0,True
2026-08-04 13:00:00+00:00,tt_depok,Jl. Margonda (Depok),Jabodetabek,24.0,31.0,2297.0,1778.0,0.2258064516129032,0.0,0.991502,True
2026-08-04 13:00:00+00:00,tt_gatsu,Jl. Gatot Subroto,Jabodetabek,45.0,45.0,52.0,52.0,0.0,0.0,1.0,True
2026-08-04 13:00:00+00:00,tt_grogol,Grogol,Jabodetabek,40.0,40.0,304.0,304.0,0.0,0.0,1.0,True
2026-08-04 13:00:00+00:00,tt_kebonjeruk,Tol Kebon Jeruk,Jabodetabek,24.0,36.0,1689.0,1126.0,0.3333333333333333,0.0,1.0,True
2026-08-04 13:00:00+00:00,tt_kelapagading,Kelapa Gading,Jabodetabek,29.0,29.0,1059.0,1059.0,0.0,0.0,1.0,True
2026-08-04 13:00:00+00:00,tt_kuningan,Jl. HR Rasuna Said,Jabodetabek,17.0,21.0,256.0,208.0,0.1904761904761904,0.0,1.0,True
2026-08-04 13:00:00+00:00,tt_sudirman,Jl. Sudirman (HI),Jabodetabek,38.0,38.0,377.0,377.0,0.0,0.0,1.0,True
2026-08-04 13:00:00+00:00,tt_tangerang,Tol Jakarta-Merak,Jabodetabek,48.0,48.0,193.0,193.0,0.0,0.0,1.0,True
2026-08-04 13:00:00+00:00,tt_tbsimatupang,TB Simatupang,Jabodetabek,72.0,72.0,343.0,343.0,0.0,0.0,1.0,True
2026-08-04 13:00:00+00:00,tt_thamrin,Jl. MH Thamrin,Jabodetabek,16.0,22.0,359.0,261.0,0.2727272727272727,0.0,1.0,True
2026-08-04 14:00:00+00:00,tt_bekasi,,,,,,,,,,False
2026-08-04 14:00:00+00:00,tt_bogor,,,,,,,,,,False
2026-08-04 14:00:00+00:00,tt_bsd,,,,,,,,,,False
2026-08-04 14:00:00+00:00,tt_cawang,,,,,,,,,,False
2026-08-04 14:00:00+00:00,tt_depok,,,,,,,,,,False
2026-08-04 14:00:00+00:00,tt_gatsu,,,,,,,,,,False
2026-08-04 14:00:00+00:00,tt_grogol,,,,,,,,,,False
2026-08-04 14:00:00+00:00,tt_kebonjeruk,,,,,,,,,,False
2026-08-04 14:00:00+00:00,tt_kelapagading,,,,,,,,,,False
2026-08-04 14:00:00+00:00,tt_kuningan,,,,,,,,,,False
2026-08-04 14:00:00+00:00,tt_sudirman,,,,,,,,,,False
2026-08-04 14:00:00+00:00,tt_tangerang,,,,,,,,,,False
2026-08-04 14:00:00+00:00,tt_tbsimatupang,,,,,,,,,,False
2026-08-04 14:00:00+00:00,tt_thamrin,,,,,,,,,,False
2026-08-04 15:00:00+00:00,tt_bekasi,Tol Jakarta-Cikampek,Jabodetabek,18.0,18.0,1072.0,1072.0,0.0,0.0,1.0,True
2026-08-04 15:00:00+00:00,tt_bogor,Tol Jagorawi (Bogor),Jabodetabek,45.0,45.0,658.0,658.0,0.0,0.0,1.0,True
2026-08-04 15:00:00+00:00,tt_bsd,BSD/Serpong,Jabodetabek,34.0,34.0,165.0,165.0,0.0,0.0,1.0,True
2026-08-04 15:00:00+00:00,tt_cawang,Cawang interchange,Jabodetabek,43.0,43.0,62.0,62.0,0.0,0.0,1.0,True
2026-08-04 15:00:00+00:00,tt_depok,Jl. Margonda (Depok),Jabodetabek,31.0,31.0,1778.0,1778.0,0.0,0.0,1.0,True
2026-08-04 15:00:00+00:00,tt_gatsu,Jl. Gatot Subroto,Jabodetabek,45.0,45.0,52.0,52.0,0.0,0.0,1.0,True
2026-08-04 15:00:00+00:00,tt_grogol,Grogol,Jabodetabek,40.0,40.0,304.0,304.0,0.0,0.0,1.0,True
2026-08-04 15:00:00+00:00,tt_kebonjeruk,Tol Kebon Jeruk,Jabodetabek,35.0,35.0,1158.0,1158.0,0.0,0.0,1.0,True
2026-08-04 15:00:00+00:00,tt_kelapagading,Kelapa Gading,Jabodetabek,29.0,29.0,1059.0,1059.0,0.0,0.0,1.0,True
2026-08-04 15:00:00+00:00,tt_kuningan,Jl. HR Rasuna Said,Jabodetabek,21.0,21.0,208.0,208.0,0.0,0.0,1.0,True
2026-08-04 15:00:00+00:00,tt_sudirman,Jl. Sudirman (HI),Jabodetabek,32.0,38.0,448.0,377.0,0.1578947368421053,0.0,1.0,True
2026-08-04 15:00:00+00:00,tt_tangerang,Tol Jakarta-Merak,Jabodetabek,37.0,47.0,250.0,197.0,0.2127659574468084,0.0,1.0,True
2026-08-04 15:00:00+00:00,tt_tbsimatupang,TB Simatupang,Jabodetabek,72.0,72.0,343.0,343.0,0.0,0.0,1.0,True
2026-08-04 15:00:00+00:00,tt_thamrin,Jl. MH Thamrin,Jabodetabek,18.0,22.0,319.0,261.0,0.1818181818181817,0.0,1.0,True
2026-08-04 16:00:00+00:00,tt_bekasi,,,,,,,,,,False
2026-08-04 16:00:00+00:00,tt_bogor,,,,,,,,,,False
2026-08-04 16:00:00+00:00,tt_bsd,,,,,,,,,,False
2026-08-04 16:00:00+00:00,tt_cawang,,,,,,,,,,False
2026-08-04 16:00:00+00:00,tt_depok,,,,,,,,,,False
2026-08-04 16:00:00+00:00,tt_gatsu,,,,,,,,,,False
2026-08-04 16:00:00+00:00,tt_grogol,,,,,,,,,,False
2026-08-04 16:00:00+00:00,tt_kebonjeruk,,,,,,,,,,False
2026-08-04 16:00:00+00:00,tt_kelapagading,,,,,,,,,,False
2026-08-04 16:00:00+00:00,tt_kuningan,,,,,,,,,,False
2026-08-04 16:00:00+00:00,tt_sudirman,,,,,,,,,,False
2026-08-04 16:00:00+00:00,tt_tangerang,,,,,,,,,,False
2026-08-04 16:00:00+00:00,tt_tbsimatupang,,,,,,,,,,False
2026-08-04 16:00:00+00:00,tt_thamrin,,,,,,,,,,False
2026-08-04 17:00:00+00:00,tt_bekasi,Tol Jakarta-Cikampek,Jabodetabek,18.0,18.0,1072.0,1072.0,0.0,0.0,1.0,True
2026-08-04 17:00:00+00:00,tt_bogor,Tol Jagorawi (Bogor),Jabodetabek,45.0,45.0,658.0,658.0,0.0,0.0,1.0,True
2026-08-04 17:00:00+00:00,tt_bsd,BSD/Serpong,Jabodetabek,34.0,34.0,165.0,165.0,0.0,0.0,1.0,True
2026-08-04 17:00:00+00:00,tt_cawang,Cawang interchange,Jabodetabek,43.0,43.0,62.0,62.0,0.0,0.0,1.0,True
2026-08-04 17:00:00+00:00,tt_depok,Jl. Margonda (Depok),Jabodetabek,31.0,31.0,1778.0,1778.0,0.0,0.0,1.0,True
2026-08-04 17:00:00+00:00,tt_gatsu,Jl. Gatot Subroto,Jabodetabek,45.0,45.0,52.0,52.0,0.0,0.0,1.0,True
2026-08-04 17:00:00+00:00,tt_grogol,Grogol,Jabodetabek,40.0,40.0,304.0,304.0,0.0,0.0,1.0,True
2026-08-04 17:00:00+00:00,tt_kebonjeruk,Tol Kebon Jeruk,Jabodetabek,35.0,35.0,1158.0,1158.0,0.0,0.0,1.0,True
2026-08-04 17:00:00+00:00,tt_kelapagading,Kelapa Gading,Jabodetabek,29.0,29.0,1059.0,1059.0,0.0,0.0,1.0,True
2026-08-04 17:00:00+00:00,tt_kuningan,Jl. HR Rasuna Said,Jabodetabek,21.0,21.0,208.0,208.0,0.0,0.0,1.0,True
2026-08-04 17:00:00+00:00,tt_sudirman,Jl. Sudirman (HI),Jabodetabek,38.0,38.0,377.0,377.0,0.0,0.0,1.0,True
2026-08-04 17:00:00+00:00,tt_tangerang,Tol Jakarta-Merak,Jabodetabek,48.0,48.0,193.0,193.0,0.0,0.0,1.0,True
2026-08-04 17:00:00+00:00,tt_tbsimatupang,TB Simatupang,Jabodetabek,72.0,72.0,343.0,343.0,0.0,0.0,1.0,True
2026-08-04 17:00:00+00:00,tt_thamrin,Jl. MH Thamrin,Jabodetabek,22.0,22.0,261.0,261.0,0.0,0.0,1.0,True
2026-08-04 18:00:00+00:00,tt_bekasi,Tol Jakarta-Cikampek,Jabodetabek,18.0,18.0,1072.0,1072.0,0.0,0.0,1.0,True
2026-08-04 18:00:00+00:00,tt_bogor,Tol Jagorawi (Bogor),Jabodetabek,45.0,45.0,658.0,658.0,0.0,0.0,1.0,True
2026-08-04 18:00:00+00:00,tt_bsd,BSD/Serpong,Jabodetabek,34.0,34.0,165.0,165.0,0.0,0.0,1.0,True
2026-08-04 18:00:00+00:00,tt_cawang,Cawang interchange,Jabodetabek,43.0,43.0,62.0,62.0,0.0,0.0,1.0,True
2026-08-04 18:00:00+00:00,tt_depok,Jl. Margonda (Depok),Jabodetabek,31.0,31.0,1778.0,1778.0,0.0,0.0,1.0,True
2026-08-04 18:00:00+00:00,tt_gatsu,Jl. Gatot Subroto,Jabodetabek,45.0,45.0,52.0,52.0,0.0,0.0,1.0,True
2026-08-04 18:00:00+00:00,tt_grogol,Grogol,Jabodetabek,40.0,40.0,304.0,304.0,0.0,0.0,1.0,True
2026-08-04 18:00:00+00:00,tt_kebonjeruk,Tol Kebon Jeruk,Jabodetabek,35.0,35.0,1158.0,1158.0,0.0,0.0,1.0,True
2026-08-04 18:00:00+00:00,tt_kelapagading,Kelapa Gading,Jabodetabek,29.0,29.0,1059.0,1059.0,0.0,0.0,1.0,True
2026-08-04 18:00:00+00:00,tt_kuningan,Jl. HR Rasuna Said,Jabodetabek,21.0,21.0,208.0,208.0,0.0,0.0,1.0,True
2026-08-04 18:00:00+00:00,tt_sudirman,Jl. Sudirman (HI),Jabodetabek,38.0,38.0,377.0,377.0,0.0,0.0,1.0,True
2026-08-04 18:00:00+00:00,tt_tangerang,Tol Jakarta-Merak,Jabodetabek,48.0,48.0,193.0,193.0,0.0,0.0,1.0,True
2026-08-04 18:00:00+00:00,tt_tbsimatupang,TB Simatupang,Jabodetabek,72.0,72.0,343.0,343.0,0.0,0.0,1.0,True
2026-08-04 18:00:00+00:00,tt_thamrin,Jl. MH Thamrin,Jabodetabek,22.0,22.0,261.0,261.0,0.0,0.0,1.0,True
2026-08-04 19:00:00+00:00,tt_bekasi,,,,,,,,,,False
2026-08-04 19:00:00+00:00,tt_bogor,,,,,,,,,,False
2026-08-04 19:00:00+00:00,tt_bsd,,,,,,,,,,False
2026-08-04 19:00:00+00:00,tt_cawang,,,,,,,,,,False
2026-08-04 19:00:00+00:00,tt_depok,,,,,,,,,,False
2026-08-04 19:00:00+00:00,tt_gatsu,,,,,,,,,,False
2026-08-04 19:00:00+00:00,tt_grogol,,,,,,,,,,False
2026-08-04 19:00:00+00:00,tt_kebonjeruk,,,,,,,,,,False
2026-08-04 19:00:00+00:00,tt_kelapagading,,,,,,,,,,False
2026-08-04 19:00:00+00:00,tt_kuningan,,,,,,,,,,False
2026-08-04 19:00:00+00:00,tt_sudirman,,,,,,,,,,False
2026-08-04 19:00:00+00:00,tt_tangerang,,,,,,,,,,False
2026-08-04 19:00:00+00:00,tt_tbsimatupang,,,,,,,,,,False
2026-08-04 19:00:00+00:00,tt_thamrin,,,,,,,,,,False
2026-08-04 20:00:00+00:00,tt_bekasi,Tol Jakarta-Cikampek,Jabodetabek,18.0,18.0,1072.0,1072.0,0.0,0.0,1.0,True
2026-08-04 20:00:00+00:00,tt_bogor,Tol Jagorawi (Bogor),Jabodetabek,45.0,45.0,658.0,658.0,0.0,0.0,1.0,True
2026-08-04 20:00:00+00:00,tt_bsd,BSD/Serpong,Jabodetabek,34.0,34.0,165.0,165.0,0.0,0.0,1.0,True
2026-08-04 20:00:00+00:00,tt_cawang,Cawang interchange,Jabodetabek,43.0,43.0,62.0,62.0,0.0,0.0,1.0,True
2026-08-04 20:00:00+00:00,tt_depok,Jl. Margonda (Depok),Jabodetabek,31.0,31.0,1778.0,1778.0,0.0,0.0,1.0,True
2026-08-04 20:00:00+00:00,tt_gatsu,Jl. Gatot Subroto,Jabodetabek,45.0,45.0,52.0,52.0,0.0,0.0,1.0,True
2026-08-04 20:00:00+00:00,tt_grogol,Grogol,Jabodetabek,40.0,40.0,304.0,304.0,0.0,0.0,1.0,True
2026-08-04 20:00:00+00:00,tt_kebonjeruk,Tol Kebon Jeruk,Jabodetabek,35.0,35.0,1158.0,1158.0,0.0,0.0,1.0,True
2026-08-04 20:00:00+00:00,tt_kelapagading,Kelapa Gading,Jabodetabek,29.0,29.0,1059.0,1059.0,0.0,0.0,1.0,True
2026-08-04 20:00:00+00:00,tt_kuningan,Jl. HR Rasuna Said,Jabodetabek,21.0,21.0,208.0,208.0,0.0,0.0,1.0,True
2026-08-04 20:00:00+00:00,tt_sudirman,Jl. Sudirman (HI),Jabodetabek,38.0,38.0,377.0,377.0,0.0,0.0,1.0,True
2026-08-04 20:00:00+00:00,tt_tangerang,Tol Jakarta-Merak,Jabodetabek,48.0,48.0,193.0,193.0,0.0,0.0,1.0,True
2026-08-04 20:00:00+00:00,tt_tbsimatupang,TB Simatupang,Jabodetabek,72.0,72.0,343.0,343.0,0.0,0.0,1.0,True
2026-08-04 20:00:00+00:00,tt_thamrin,Jl. MH Thamrin,Jabodetabek,22.0,22.0,261.0,261.0,0.0,0.0,1.0,True
2026-08-04 21:00:00+00:00,tt_bekasi,Tol Jakarta-Cikampek,Jabodetabek,18.0,18.0,1072.0,1072.0,0.0,0.0,1.0,True
2026-08-04 21:00:00+00:00,tt_bogor,Tol Jagorawi (Bogor),Jabodetabek,45.0,45.0,658.0,658.0,0.0,0.0,1.0,True
2026-08-04 21:00:00+00:00,tt_bsd,BSD/Serpong,Jabodetabek,34.0,34.0,165.0,165.0,0.0,0.0,1.0,True
2026-08-04 21:00:00+00:00,tt_cawang,Cawang interchange,Jabodetabek,43.0,43.0,62.0,62.0,0.0,0.0,1.0,True
2026-08-04 21:00:00+00:00,tt_depok,Jl. Margonda (Depok),Jabodetabek,31.0,31.0,1778.0,1778.0,0.0,0.0,1.0,True
2026-08-04 21:00:00+00:00,tt_gatsu,Jl. Gatot Subroto,Jabodetabek,45.0,45.0,52.0,52.0,0.0,0.0,1.0,True
2026-08-04 21:00:00+00:00,tt_grogol,Grogol,Jabodetabek,40.0,40.0,304.0,304.0,0.0,0.0,1.0,True
2026-08-04 21:00:00+00:00,tt_kebonjeruk,Tol Kebon Jeruk,Jabodetabek,35.0,35.0,1158.0,1158.0,0.0,0.0,1.0,True
2026-08-04 21:00:00+00:00,tt_kelapagading,Kelapa Gading,Jabodetabek,29.0,29.0,1059.0,1059.0,0.0,0.0,1.0,True
2026-08-04 21:00:00+00:00,tt_kuningan,Jl. HR Rasuna Said,Jabodetabek,21.0,21.0,208.0,208.0,0.0,0.0,1.0,True
2026-08-04 21:00:00+00:00,tt_sudirman,Jl. Sudirman (HI),Jabodetabek,38.0,38.0,377.0,377.0,0.0,0.0,1.0,True
2026-08-04 21:00:00+00:00,tt_tangerang,Tol Jakarta-Merak,Jabodetabek,48.0,48.0,193.0,193.0,0.0,0.0,1.0,True
2026-08-04 21:00:00+00:00,tt_tbsimatupang,TB Simatupang,Jabodetabek,72.0,72.0,343.0,343.0,0.0,0.0,1.0,True
2026-08-04 21:00:00+00:00,tt_thamrin,Jl. MH Thamrin,Jabodetabek,22.0,22.0,261.0,261.0,0.0,0.0,1.0,True
2026-08-04 22:00:00+00:00,tt_bekasi,,,,,,,,,,False
2026-08-04 22:00:00+00:00,tt_bogor,,,,,,,,,,False
2026-08-04 22:00:00+00:00,tt_bsd,,,,,,,,,,False
2026-08-04 22:00:00+00:00,tt_cawang,,,,,,,,,,False
2026-08-04 22:00:00+00:00,tt_depok,,,,,,,,,,False
2026-08-04 22:00:00+00:00,tt_gatsu,,,,,,,,,,False
2026-08-04 22:00:00+00:00,tt_grogol,,,,,,,,,,False
2026-08-04 22:00:00+00:00,tt_kebonjeruk,,,,,,,,,,False
2026-08-04 22:00:00+00:00,tt_kelapagading,,,,,,,,,,False
2026-08-04 22:00:00+00:00,tt_kuningan,,,,,,,,,,False
2026-08-04 22:00:00+00:00,tt_sudirman,,,,,,,,,,False
2026-08-04 22:00:00+00:00,tt_tangerang,,,,,,,,,,False
2026-08-04 22:00:00+00:00,tt_tbsimatupang,,,,,,,,,,False
2026-08-04 22:00:00+00:00,tt_thamrin,,,,,,,,,,False
2026-08-04 23:00:00+00:00,tt_bekasi,Tol Jakarta-Cikampek,Jabodetabek,18.0,18.0,1072.0,1072.0,0.0,0.0,1.0,True
2026-08-04 23:00:00+00:00,tt_bogor,Tol Jagorawi (Bogor),Jabodetabek,37.0,45.0,800.0,658.0,0.1777777777777778,0.0,1.0,True
2026-08-04 23:00:00+00:00,tt_bsd,BSD/Serpong,Jabodetabek,34.0,34.0,165.0,165.0,0.0,0.0,1.0,True
2026-08-04 23:00:00+00:00,tt_cawang,Cawang interchange,Jabodetabek,34.0,43.0,79.0,62.0,0.2093023255813954,0.0,1.0,True
2026-08-04 23:00:00+00:00,tt_depok,Jl. Margonda (Depok),Jabodetabek,31.0,31.0,1778.0,1778.0,0.0,0.0,1.0,True
2026-08-04 23:00:00+00:00,tt_gatsu,Jl. Gatot Subroto,Jabodetabek,45.0,45.0,52.0,52.0,0.0,0.0,1.0,True
2026-08-04 23:00:00+00:00,tt_grogol,Grogol,Jabodetabek,34.0,40.0,358.0,304.0,0.15,0.0,0.994739,True
2026-08-04 23:00:00+00:00,tt_kebonjeruk,Tol Kebon Jeruk,Jabodetabek,35.0,35.0,1158.0,1158.0,0.0,0.0,1.0,True
2026-08-04 23:00:00+00:00,tt_kelapagading,Kelapa Gading,Jabodetabek,26.0,29.0,1181.0,1059.0,0.1034482758620689,0.0,0.997317,True
2026-08-04 23:00:00+00:00,tt_kuningan,Jl. HR Rasuna Said,Jabodetabek,21.0,21.0,208.0,208.0,0.0,0.0,1.0,True
2026-08-04 23:00:00+00:00,tt_sudirman,Jl. Sudirman (HI),Jabodetabek,38.0,38.0,377.0,377.0,0.0,0.0,1.0,True
2026-08-04 23:00:00+00:00,tt_tangerang,Tol Jakarta-Merak,Jabodetabek,41.0,48.0,226.0,193.0,0.1458333333333333,0.0,1.0,True
2026-08-04 23:00:00+00:00,tt_tbsimatupang,TB Simatupang,Jabodetabek,72.0,72.0,343.0,343.0,0.0,0.0,1.0,True
2026-08-04 23:00:00+00:00,tt_thamrin,Jl. MH Thamrin,Jabodetabek,22.0,22.0,261.0,261.0,0.0,0.0,1.0,True
2026-08-05 00:00:00+00:00,tt_bekasi,Tol Jakarta-Cikampek,Jabodetabek,18.0,18.0,1072.0,1072.0,0.0,0.0,1.0,True
2026-08-05 00:00:00+00:00,tt_bogor,Tol Jagorawi (Bogor),Jabodetabek,31.0,45.0,955.0,658.0,0.3111111111111111,0.0,1.0,True
2026-08-05 00:00:00+00:00,tt_bsd,BSD/Serpong,Jabodetabek,29.0,34.0,193.0,165.0,0.1470588235294118,0.0,1.0,True
2026-08-05 00:00:00+00:00,tt_cawang,Cawang interchange,Jabodetabek,9.0,43.0,300.0,62.0,0.7906976744186046,0.0,1.0,True
2026-08-05 00:00:00+00:00,tt_depok,Jl. Margonda (Depok),Jabodetabek,31.0,31.0,1778.0,1778.0,0.0,0.0,1.0,True
2026-08-05 00:00:00+00:00,tt_gatsu,Jl. Gatot Subroto,Jabodetabek,45.0,45.0,52.0,52.0,0.0,0.0,1.0,True
2026-08-05 00:00:00+00:00,tt_grogol,Grogol,Jabodetabek,33.0,40.0,369.0,304.0,0.175,0.0,1.0,True
2026-08-05 00:00:00+00:00,tt_kebonjeruk,Tol Kebon Jeruk,Jabodetabek,27.0,36.0,1501.0,1126.0,0.25,0.0,1.0,True
2026-08-05 00:00:00+00:00,tt_kelapagading,Kelapa Gading,Jabodetabek,29.0,29.0,1059.0,1059.0,0.0,0.0,1.0,True
2026-08-05 00:00:00+00:00,tt_kuningan,Jl. HR Rasuna Said,Jabodetabek,21.0,21.0,208.0,208.0,0.0,0.0,1.0,True
2026-08-05 00:00:00+00:00,tt_sudirman,Jl. Sudirman (HI),Jabodetabek,31.0,39.0,463.0,368.0,0.2051282051282051,0.0,1.0,True
2026-08-05 00:00:00+00:00,tt_tangerang,Tol Jakarta-Merak,Jabodetabek,41.0,48.0,226.0,193.0,0.1458333333333333,0.0,1.0,True
2026-08-05 00:00:00+00:00,tt_tbsimatupang,TB Simatupang,Jabodetabek,19.0,71.0,1301.0,348.0,0.7323943661971831,0.0,1.0,True
2026-08-05 00:00:00+00:00,tt_thamrin,Jl. MH Thamrin,Jabodetabek,19.0,23.0,302.0,249.0,0.1739130434782608,0.0,1.0,True
2026-08-05 01:00:00+00:00,tt_bekasi,,,,,,,,,,False
2026-08-05 01:00:00+00:00,tt_bogor,,,,,,,,,,False
2026-08-05 01:00:00+00:00,tt_bsd,,,,,,,,,,False
2026-08-05 01:00:00+00:00,tt_cawang,,,,,,,,,,False
2026-08-05 01:00:00+00:00,tt_depok,,,,,,,,,,False
2026-08-05 01:00:00+00:00,tt_gatsu,,,,,,,,,,False
2026-08-05 01:00:00+00:00,tt_grogol,,,,,,,,,,False
2026-08-05 01:00:00+00:00,tt_kebonjeruk,,,,,,,,,,False
2026-08-05 01:00:00+00:00,tt_kelapagading,,,,,,,,,,False
2026-08-05 01:00:00+00:00,tt_kuningan,,,,,,,,,,False
2026-08-05 01:00:00+00:00,tt_sudirman,,,,,,,,,,False
2026-08-05 01:00:00+00:00,tt_tangerang,,,,,,,,,,False
2026-08-05 01:00:00+00:00,tt_tbsimatupang,,,,,,,,,,False
2026-08-05 01:00:00+00:00,tt_thamrin,,,,,,,,,,False
2026-08-05 02:00:00+00:00,tt_bekasi,Tol Jakarta-Cikampek,Jabodetabek,18.0,18.0,1072.0,1072.0,0.0,0.0,1.0,True
2026-08-05 02:00:00+00:00,tt_bogor,Tol Jagorawi (Bogor),Jabodetabek,38.0,44.0,779.0,673.0,0.1363636363636363,0.0,1.0,True
2026-08-05 02:00:00+00:00,tt_bsd,BSD/Serpong,Jabodetabek,34.0,34.0,165.0,165.0,0.0,0.0,1.0,True
2026-08-05 02:00:00+00:00,tt_cawang,Cawang interchange,Jabodetabek,19.0,42.0,142.0,64.0,0.5476190476190477,0.0,1.0,True
2026-08-05 02:00:00+00:00,tt_depok,Jl. Margonda (Depok),Jabodetabek,31.0,31.0,1778.0,1778.0,0.0,0.0,1.0,True
2026-08-05 02:00:00+00:00,tt_gatsu,Jl. Gatot Subroto,Jabodetabek,38.0,44.0,62.0,53.0,0.1363636363636363,0.0,1.0,True
2026-08-05 02:00:00+00:00,tt_grogol,Grogol,Jabodetabek,31.0,39.0,393.0,312.0,0.2051282051282051,0.0,1.0,True
2026-08-05 02:00:00+00:00,tt_kebonjeruk,Tol Kebon Jeruk,Jabodetabek,25.0,35.0,1622.0,1158.0,0.2857142857142857,0.0,1.0,True
2026-08-05 02:00:00+00:00,tt_kelapagading,Kelapa Gading,Jabodetabek,22.0,29.0,1396.0,1059.0,0.2413793103448276,0.0,0.997987,True
2026-08-05 02:00:00+00:00,tt_kuningan,Jl. HR Rasuna Said,Jabodetabek,15.0,20.0,291.0,218.0,0.25,0.0,0.998154,True
2026-08-05 02:00:00+00:00,tt_sudirman,Jl. Sudirman (HI),Jabodetabek,23.0,39.0,624.0,368.0,0.4102564102564102,0.0,1.0,True
2026-08-05 02:00:00+00:00,tt_tangerang,Tol Jakarta-Merak,Jabodetabek,48.0,48.0,193.0,193.0,0.0,0.0,1.0,True
2026-08-05 02:00:00+00:00,tt_tbsimatupang,TB Simatupang,Jabodetabek,20.0,71.0,1236.0,348.0,0.7183098591549295,0.0,1.0,True
2026-08-05 02:00:00+00:00,tt_thamrin,Jl. MH Thamrin,Jabodetabek,22.0,25.0,261.0,229.0,0.12,0.0,1.0,True
2026-08-05 03:00:00+00:00,tt_bekasi,,,,,,,,,,False
2026-08-05 03:00:00+00:00,tt_bogor,,,,,,,,,,False
2026-08-05 03:00:00+00:00,tt_bsd,,,,,,,,,,False
2026-08-05 03:00:00+00:00,tt_cawang,,,,,,,,,,False
2026-08-05 03:00:00+00:00,tt_depok,,,,,,,,,,False
2026-08-05 03:00:00+00:00,tt_gatsu,,,,,,,,,,False
2026-08-05 03:00:00+00:00,tt_grogol,,,,,,,,,,False
2026-08-05 03:00:00+00:00,tt_kebonjeruk,,,,,,,,,,False
2026-08-05 03:00:00+00:00,tt_kelapagading,,,,,,,,,,False
2026-08-05 03:00:00+00:00,tt_kuningan,,,,,,,,,,False
2026-08-05 03:00:00+00:00,tt_sudirman,,,,,,,,,,False
2026-08-05 03:00:00+00:00,tt_tangerang,,,,,,,,,,False
2026-08-05 03:00:00+00:00,tt_tbsimatupang,,,,,,,,,,False
2026-08-05 03:00:00+00:00,tt_thamrin,,,,,,,,,,False
2026-08-05 04:00:00+00:00,tt_bekasi,Tol Jakarta-Cikampek,Jabodetabek,18.0,18.0,1072.0,1072.0,0.0,0.0,1.0,True
2026-08-05 04:00:00+00:00,tt_bogor,Tol Jagorawi (Bogor),Jabodetabek,45.0,45.0,658.0,658.0,0.0,0.0,1.0,True
2026-08-05 04:00:00+00:00,tt_bsd,BSD/Serpong,Jabodetabek,34.0,34.0,165.0,165.0,0.0,0.0,1.0,True
2026-08-05 04:00:00+00:00,tt_cawang,Cawang interchange,Jabodetabek,19.0,43.0,142.0,62.0,0.5581395348837209,0.0,1.0,True
2026-08-05 04:00:00+00:00,tt_depok,Jl. Margonda (Depok),Jabodetabek,27.0,31.0,2042.0,1778.0,0.1290322580645161,0.0,0.97202,True
2026-08-05 04:00:00+00:00,tt_gatsu,Jl. Gatot Subroto,Jabodetabek,45.0,45.0,52.0,52.0,0.0,0.0,1.0,True
2026-08-05 04:00:00+00:00,tt_grogol,Grogol,Jabodetabek,30.0,40.0,406.0,304.0,0.25,0.0,1.0,True
2026-08-05 04:00:00+00:00,tt_kebonjeruk,Tol Kebon Jeruk,Jabodetabek,25.0,35.0,1622.0,1158.0,0.2857142857142857,0.0,1.0,True
2026-08-05 04:00:00+00:00,tt_kelapagading,Kelapa Gading,Jabodetabek,22.0,29.0,1396.0,1059.0,0.2413793103448276,0.0,0.999098,True
2026-08-05 04:00:00+00:00,tt_kuningan,Jl. HR Rasuna Said,Jabodetabek,21.0,21.0,208.0,208.0,0.0,0.0,1.0,True
2026-08-05 04:00:00+00:00,tt_sudirman,Jl. Sudirman (HI),Jabodetabek,29.0,38.0,494.0,377.0,0.2368421052631578,0.0,1.0,True
2026-08-05 04:00:00+00:00,tt_tangerang,Tol Jakarta-Merak,Jabodetabek,35.0,47.0,264.0,197.0,0.2553191489361702,0.0,1.0,True
2026-08-05 04:00:00+00:00,tt_tbsimatupang,TB Simatupang,Jabodetabek,28.0,71.0,883.0,348.0,0.6056338028169015,0.0,1.0,True
2026-08-05 04:00:00+00:00,tt_thamrin,Jl. MH Thamrin,Jabodetabek,21.0,24.0,273.0,239.0,0.125,0.0,1.0,True
2026-08-05 05:00:00+00:00,tt_bekasi,Tol Jakarta-Cikampek,Jabodetabek,18.0,18.0,1072.0,1072.0,0.0,0.0,1.0,True
2026-08-05 05:00:00+00:00,tt_bogor,Tol Jagorawi (Bogor),Jabodetabek,45.0,45.0,658.0,658.0,0.0,0.0,1.0,True
2026-08-05 05:00:00+00:00,tt_bsd,BSD/Serpong,Jabodetabek,26.0,33.0,216.0,170.0,0.2121212121212121,0.0,1.0,True
2026-08-05 05:00:00+00:00,tt_cawang,Cawang interchange,Jabodetabek,22.0,42.0,122.0,64.0,0.4761904761904761,0.0,1.0,True
2026-08-05 05:00:00+00:00,tt_depok,Jl. Margonda (Depok),Jabodetabek,27.0,31.0,2042.0,1778.0,0.1290322580645161,0.0,0.93079,True
2026-08-05 05:00:00+00:00,tt_gatsu,Jl. Gatot Subroto,Jabodetabek,45.0,45.0,52.0,52.0,0.0,0.0,1.0,True
2026-08-05 05:00:00+00:00,tt_grogol,Grogol,Jabodetabek,30.0,39.0,406.0,312.0,0.2307692307692307,0.0,1.0,True
2026-08-05 05:00:00+00:00,tt_kebonjeruk,Tol Kebon Jeruk,Jabodetabek,26.0,35.0,1559.0,1158.0,0.2571428571428571,0.0,1.0,True
2026-08-05 05:00:00+00:00,tt_kelapagading,Kelapa Gading,Jabodetabek,20.0,29.0,1536.0,1059.0,0.3103448275862068,0.0,0.996608,True
2026-08-05 05:00:00+00:00,tt_kuningan,Jl. HR Rasuna Said,Jabodetabek,21.0,21.0,208.0,208.0,0.0,0.0,1.0,True
2026-08-05 05:00:00+00:00,tt_sudirman,Jl. Sudirman (HI),Jabodetabek,29.0,38.0,494.0,377.0,0.2368421052631578,0.0,1.0,True
2026-08-05 05:00:00+00:00,tt_tangerang,Tol Jakarta-Merak,Jabodetabek,38.0,47.0,244.0,197.0,0.1914893617021277,0.0,1.0,True
2026-08-05 05:00:00+00:00,tt_tbsimatupang,TB Simatupang,Jabodetabek,44.0,72.0,562.0,343.0,0.3888888888888888,0.0,1.0,True
2026-08-05 05:00:00+00:00,tt_thamrin,Jl. MH Thamrin,Jabodetabek,16.0,23.0,359.0,249.0,0.3043478260869565,0.0,1.0,True
2026-08-05 06:00:00+00:00,tt_bekasi,,,,,,,,,,False
2026-08-05 06:00:00+00:00,tt_bogor,,,,,,,,,,False
2026-08-05 06:00:00+00:00,tt_bsd,,,,,,,,,,False
2026-08-05 06:00:00+00:00,tt_cawang,,,,,,,,,,False
2026-08-05 06:00:00+00:00,tt_depok,,,,,,,,,,False
2026-08-05 06:00:00+00:00,tt_gatsu,,,,,,,,,,False
2026-08-05 06:00:00+00:00,tt_grogol,,,,,,,,,,False
2026-08-05 06:00:00+00:00,tt_kebonjeruk,,,,,,,,,,False
2026-08-05 06:00:00+00:00,tt_kelapagading,,,,,,,,,,False
2026-08-05 06:00:00+00:00,tt_kuningan,,,,,,,,,,False
2026-08-05 06:00:00+00:00,tt_sudirman,,,,,,,,,,False
2026-08-05 06:00:00+00:00,tt_tangerang,,,,,,,,,,False
2026-08-05 06:00:00+00:00,tt_tbsimatupang,,,,,,,,,,False
2026-08-05 06:00:00+00:00,tt_thamrin,,,,,,,,,,False
2026-08-05 07:00:00+00:00,tt_bekasi,Tol Jakarta-Cikampek,Jabodetabek,18.0,18.0,1072.0,1072.0,0.0,0.0,1.0,True
2026-08-05 07:00:00+00:00,tt_bogor,Tol Jagorawi (Bogor),Jabodetabek,35.0,45.0,846.0,658.0,0.2222222222222222,0.0,1.0,True
2026-08-05 07:00:00+00:00,tt_bsd,BSD/Serpong,Jabodetabek,34.0,34.0,165.0,165.0,0.0,0.0,1.0,True
2026-08-05 07:00:00+00:00,tt_cawang,Cawang interchange,Jabodetabek,32.0,42.0,84.0,64.0,0.2380952380952381,0.0,1.0,True
2026-08-05 07:00:00+00:00,tt_depok,Jl. Margonda (Depok),Jabodetabek,27.0,32.0,2042.0,1722.0,0.15625,0.0,0.966837,True
2026-08-05 07:00:00+00:00,tt_gatsu,Jl. Gatot Subroto,Jabodetabek,35.0,44.0,67.0,53.0,0.2045454545454545,0.0,1.0,True
2026-08-05 07:00:00+00:00,tt_grogol,Grogol,Jabodetabek,29.0,40.0,420.0,304.0,0.275,0.0,1.0,True
2026-08-05 07:00:00+00:00,tt_kebonjeruk,Tol Kebon Jeruk,Jabodetabek,25.0,35.0,1622.0,1158.0,0.2857142857142857,0.0,1.0,True
2026-08-05 07:00:00+00:00,tt_kelapagading,Kelapa Gading,Jabodetabek,20.0,29.0,1536.0,1059.0,0.3103448275862068,0.0,1.0,True
2026-08-05 07:00:00+00:00,tt_kuningan,Jl. HR Rasuna Said,Jabodetabek,21.0,21.0,208.0,208.0,0.0,0.0,1.0,True
2026-08-05 07:00:00+00:00,tt_sudirman,Jl. Sudirman (HI),Jabodetabek,21.0,39.0,683.0,368.0,0.4615384615384615,0.0,1.0,True
2026-08-05 07:00:00+00:00,tt_tangerang,Tol Jakarta-Merak,Jabodetabek,48.0,48.0,193.0,193.0,0.0,0.0,1.0,True
2026-08-05 07:00:00+00:00,tt_tbsimatupang,TB Simatupang,Jabodetabek,50.0,71.0,494.0,348.0,0.295774647887324,0.0,1.0,True
2026-08-05 07:00:00+00:00,tt_thamrin,Jl. MH Thamrin,Jabodetabek,19.0,24.0,302.0,239.0,0.2083333333333333,0.0,1.0,True
2026-08-05 08:00:00+00:00,tt_bekasi,Tol Jakarta-Cikampek,Jabodetabek,18.0,18.0,1072.0,1072.0,0.0,0.0,1.0,True
2026-08-05 08:00:00+00:00,tt_bogor,Tol Jagorawi (Bogor),Jabodetabek,35.0,45.0,846.0,658.0,0.2222222222222222,0.0,1.0,True
2026-08-05 08:00:00+00:00,tt_bsd,BSD/Serpong,Jabodetabek,34.0,34.0,165.0,165.0,0.0,0.0,1.0,True
2026-08-05 08:00:00+00:00,tt_cawang,Cawang interchange,Jabodetabek,33.0,42.0,81.0,64.0,0.2142857142857143,0.0,1.0,True
2026-08-05 08:00:00+00:00,tt_depok,Jl. Margonda (Depok),Jabodetabek,27.0,31.0,2042.0,1778.0,0.1290322580645161,0.0,0.974023,True
2026-08-05 08:00:00+00:00,tt_gatsu,Jl. Gatot Subroto,Jabodetabek,16.0,43.0,147.0,54.0,0.627906976744186,0.0,1.0,True
2026-08-05 08:00:00+00:00,tt_grogol,Grogol,Jabodetabek,29.0,40.0,420.0,304.0,0.275,0.0,0.997806,True
2026-08-05 08:00:00+00:00,tt_kebonjeruk,Tol Kebon Jeruk,Jabodetabek,21.0,35.0,1931.0,1158.0,0.4,0.0,1.0,True
2026-08-05 08:00:00+00:00,tt_kelapagading,Kelapa Gading,Jabodetabek,20.0,30.0,1536.0,1024.0,0.3333333333333333,0.0,0.999098,True
2026-08-05 08:00:00+00:00,tt_kuningan,Jl. HR Rasuna Said,Jabodetabek,17.0,20.0,256.0,218.0,0.15,0.0,1.0,True
2026-08-05 08:00:00+00:00,tt_sudirman,Jl. Sudirman (HI),Jabodetabek,23.0,38.0,624.0,377.0,0.3947368421052631,0.0,1.0,True
2026-08-05 08:00:00+00:00,tt_tangerang,Tol Jakarta-Merak,Jabodetabek,48.0,48.0,193.0,193.0,0.0,0.0,1.0,True
2026-08-05 08:00:00+00:00,tt_tbsimatupang,TB Simatupang,Jabodetabek,48.0,72.0,515.0,343.0,0.3333333333333333,0.0,1.0,True
2026-08-05 08:00:00+00:00,tt_thamrin,Jl. MH Thamrin,Jabodetabek,18.0,24.0,319.0,239.0,0.25,0.0,1.0,True
2026-08-05 09:00:00+00:00,tt_bekasi,,,,,,,,,,False
2026-08-05 09:00:00+00:00,tt_bogor,,,,,,,,,,False
2026-08-05 09:00:00+00:00,tt_bsd,,,,,,,,,,False
2026-08-05 09:00:00+00:00,tt_cawang,,,,,,,,,,False
2026-08-05 09:00:00+00:00,tt_depok,,,,,,,,,,False
2026-08-05 09:00:00+00:00,tt_gatsu,,,,,,,,,,False
2026-08-05 09:00:00+00:00,tt_grogol,,,,,,,,,,False
2026-08-05 09:00:00+00:00,tt_kebonjeruk,,,,,,,,,,False
2026-08-05 09:00:00+00:00,tt_kelapagading,,,,,,,,,,False
2026-08-05 09:00:00+00:00,tt_kuningan,,,,,,,,,,False
2026-08-05 09:00:00+00:00,tt_sudirman,,,,,,,,,,False
2026-08-05 09:00:00+00:00,tt_tangerang,,,,,,,,,,False
2026-08-05 09:00:00+00:00,tt_tbsimatupang,,,,,,,,,,False
2026-08-05 09:00:00+00:00,tt_thamrin,,,,,,,,,,False
2026-08-05 10:00:00+00:00,tt_bekasi,Tol Jakarta-Cikampek,Jabodetabek,18.0,18.0,1072.0,1072.0,0.0,0.0,1.0,True
2026-08-05 10:00:00+00:00,tt_bogor,Tol Jagorawi (Bogor),Jabodetabek,32.0,45.0,925.0,658.0,0.2888888888888888,0.0,1.0,True
2026-08-05 10:00:00+00:00,tt_bsd,BSD/Serpong,Jabodetabek,34.0,34.0,165.0,165.0,0.0,0.0,1.0,True
2026-08-05 10:00:00+00:00,tt_cawang,Cawang interchange,Jabodetabek,20.0,43.0,135.0,62.0,0.5348837209302326,0.0,1.0,True
2026-08-05 10:00:00+00:00,tt_depok,Jl. Margonda (Depok),Jabodetabek,24.0,31.0,2297.0,1778.0,0.2258064516129032,0.0,0.984073,True
2026-08-05 10:00:00+00:00,tt_gatsu,Jl. Gatot Subroto,Jabodetabek,16.0,44.0,147.0,53.0,0.6363636363636364,0.0,1.0,True
2026-08-05 10:00:00+00:00,tt_grogol,Grogol,Jabodetabek,33.0,40.0,369.0,304.0,0.175,0.0,0.999362,True
2026-08-05 10:00:00+00:00,tt_kebonjeruk,Tol Kebon Jeruk,Jabodetabek,21.0,36.0,1931.0,1126.0,0.4166666666666666,0.0,1.0,True
2026-08-05 10:00:00+00:00,tt_kelapagading,Kelapa Gading,Jabodetabek,20.0,29.0,1536.0,1059.0,0.3103448275862068,0.0,1.0,True
2026-08-05 10:00:00+00:00,tt_kuningan,Jl. HR Rasuna Said,Jabodetabek,17.0,20.0,256.0,218.0,0.15,0.0,1.0,True
2026-08-05 10:00:00+00:00,tt_sudirman,Jl. Sudirman (HI),Jabodetabek,17.0,38.0,844.0,377.0,0.5526315789473684,0.0,1.0,True
2026-08-05 10:00:00+00:00,tt_tangerang,Tol Jakarta-Merak,Jabodetabek,38.0,47.0,244.0,197.0,0.1914893617021277,0.0,1.0,True
2026-08-05 10:00:00+00:00,tt_tbsimatupang,TB Simatupang,Jabodetabek,30.0,72.0,824.0,343.0,0.5833333333333333,0.0,1.0,True
2026-08-05 10:00:00+00:00,tt_thamrin,Jl. MH Thamrin,Jabodetabek,18.0,25.0,319.0,229.0,0.28,0.0,1.0,True
2026-08-05 11:00:00+00:00,tt_bekasi,,,,,,,,,,False
2026-08-05 11:00:00+00:00,tt_bogor,,,,,,,,,,False
2026-08-05 11:00:00+00:00,tt_bsd,,,,,,,,,,False
2026-08-05 11:00:00+00:00,tt_cawang,,,,,,,,,,False
2026-08-05 11:00:00+00:00,tt_depok,,,,,,,,,,False
2026-08-05 11:00:00+00:00,tt_gatsu,,,,,,,,,,False
2026-08-05 11:00:00+00:00,tt_grogol,,,,,,,,,,False
2026-08-05 11:00:00+00:00,tt_kebonjeruk,,,,,,,,,,False
2026-08-05 11:00:00+00:00,tt_kelapagading,,,,,,,,,,False
2026-08-05 11:00:00+00:00,tt_kuningan,,,,,,,,,,False
2026-08-05 11:00:00+00:00,tt_sudirman,,,,,,,,,,False
2026-08-05 11:00:00+00:00,tt_tangerang,,,,,,,,,,False
2026-08-05 11:00:00+00:00,tt_tbsimatupang,,,,,,,,,,False
2026-08-05 11:00:00+00:00,tt_thamrin,,,,,,,,,,False
2026-08-05 12:00:00+00:00,tt_bekasi,Tol Jakarta-Cikampek,Jabodetabek,18.0,18.0,1072.0,1072.0,0.0,0.0,1.0,True
2026-08-05 12:00:00+00:00,tt_bogor,Tol Jagorawi (Bogor),Jabodetabek,36.0,45.0,823.0,658.0,0.1999999999999999,0.0,1.0,True
2026-08-05 12:00:00+00:00,tt_bsd,BSD/Serpong,Jabodetabek,29.0,33.0,193.0,170.0,0.1212121212121212,0.0,1.0,True
2026-08-05 12:00:00+00:00,tt_cawang,Cawang interchange,Jabodetabek,43.0,43.0,62.0,62.0,0.0,0.0,1.0,True
2026-08-05 12:00:00+00:00,tt_depok,Jl. Margonda (Depok),Jabodetabek,27.0,31.0,2042.0,1778.0,0.1290322580645161,0.0,0.994842,True
2026-08-05 12:00:00+00:00,tt_gatsu,Jl. Gatot Subroto,Jabodetabek,45.0,45.0,52.0,52.0,0.0,0.0,1.0,True
2026-08-05 12:00:00+00:00,tt_grogol,Grogol,Jabodetabek,31.0,40.0,393.0,304.0,0.2249999999999999,0.0,1.0,True
2026-08-05 12:00:00+00:00,tt_kebonjeruk,Tol Kebon Jeruk,Jabodetabek,22.0,35.0,1843.0,1158.0,0.3714285714285714,0.0,1.0,True
2026-08-05 12:00:00+00:00,tt_kelapagading,Kelapa Gading,Jabodetabek,20.0,29.0,1536.0,1059.0,0.3103448275862068,0.0,1.0,True
2026-08-05 12:00:00+00:00,tt_kuningan,Jl. HR Rasuna Said,Jabodetabek,13.0,20.0,336.0,218.0,0.35,0.0,1.0,True
2026-08-05 12:00:00+00:00,tt_sudirman,Jl. Sudirman (HI),Jabodetabek,19.0,38.0,755.0,377.0,0.5,0.0,1.0,True
2026-08-05 12:00:00+00:00,tt_tangerang,Tol Jakarta-Merak,Jabodetabek,36.0,47.0,257.0,197.0,0.2340425531914893,0.0,1.0,True
2026-08-05 12:00:00+00:00,tt_tbsimatupang,TB Simatupang,Jabodetabek,50.0,72.0,494.0,343.0,0.3055555555555556,0.0,1.0,True
2026-08-05 12:00:00+00:00,tt_thamrin,Jl. MH Thamrin,Jabodetabek,15.0,24.0,383.0,239.0,0.375,0.0,1.0,True
2026-08-05 13:00:00+00:00,tt_bekasi,Tol Jakarta-Cikampek,Jabodetabek,18.0,18.0,1072.0,1072.0,0.0,0.0,1.0,True
2026-08-05 13:00:00+00:00,tt_bogor,Tol Jagorawi (Bogor),Jabodetabek,45.0,45.0,658.0,658.0,0.0,0.0,1.0,True
2026-08-05 13:00:00+00:00,tt_bsd,BSD/Serpong,Jabodetabek,30.0,33.0,187.0,170.0,0.0909090909090909,0.0,1.0,True
2026-08-05 13:00:00+00:00,tt_cawang,Cawang interchange,Jabodetabek,43.0,43.0,62.0,62.0,0.0,0.0,1.0,True
2026-08-05 13:00:00+00:00,tt_depok,Jl. Margonda (Depok),Jabodetabek,26.0,31.0,2120.0,1778.0,0.1612903225806451,0.0,0.992925,True
2026-08-05 13:00:00+00:00,tt_gatsu,Jl. Gatot Subroto,Jabodetabek,45.0,45.0,52.0,52.0,0.0,0.0,1.0,True
2026-08-05 13:00:00+00:00,tt_grogol,Grogol,Jabodetabek,40.0,40.0,304.0,304.0,0.0,0.0,1.0,True
2026-08-05 13:00:00+00:00,tt_kebonjeruk,Tol Kebon Jeruk,Jabodetabek,26.0,36.0,1559.0,1126.0,0.2777777777777778,0.0,1.0,True
2026-08-05 13:00:00+00:00,tt_kelapagading,Kelapa Gading,Jabodetabek,23.0,29.0,1335.0,1059.0,0.2068965517241379,0.0,1.0,True
2026-08-05 13:00:00+00:00,tt_kuningan,Jl. HR Rasuna Said,Jabodetabek,14.0,19.0,312.0,229.0,0.2631578947368421,0.0,1.0,True
2026-08-05 13:00:00+00:00,tt_sudirman,Jl. Sudirman (HI),Jabodetabek,29.0,39.0,494.0,368.0,0.2564102564102564,0.0,1.0,True
2026-08-05 13:00:00+00:00,tt_tangerang,Tol Jakarta-Merak,Jabodetabek,48.0,48.0,193.0,193.0,0.0,0.0,1.0,True
2026-08-05 13:00:00+00:00,tt_tbsimatupang,TB Simatupang,Jabodetabek,72.0,72.0,343.0,343.0,0.0,0.0,1.0,True
2026-08-05 13:00:00+00:00,tt_thamrin,Jl. MH Thamrin,Jabodetabek,18.0,24.0,319.0,239.0,0.25,0.0,1.0,True
2026-08-05 14:00:00+00:00,tt_bekasi,,,,,,,,,,False
2026-08-05 14:00:00+00:00,tt_bogor,,,,,,,,,,False
2026-08-05 14:00:00+00:00,tt_bsd,,,,,,,,,,False
2026-08-05 14:00:00+00:00,tt_cawang,,,,,,,,,,False
2026-08-05 14:00:00+00:00,tt_depok,,,,,,,,,,False
2026-08-05 14:00:00+00:00,tt_gatsu,,,,,,,,,,False
2026-08-05 14:00:00+00:00,tt_grogol,,,,,,,,,,False
2026-08-05 14:00:00+00:00,tt_kebonjeruk,,,,,,,,,,False
2026-08-05 14:00:00+00:00,tt_kelapagading,,,,,,,,,,False
2026-08-05 14:00:00+00:00,tt_kuningan,,,,,,,,,,False
2026-08-05 14:00:00+00:00,tt_sudirman,,,,,,,,,,False
2026-08-05 14:00:00+00:00,tt_tangerang,,,,,,,,,,False
2026-08-05 14:00:00+00:00,tt_tbsimatupang,,,,,,,,,,False
2026-08-05 14:00:00+00:00,tt_thamrin,,,,,,,,,,False
2026-08-05 15:00:00+00:00,tt_bekasi,Tol Jakarta-Cikampek,Jabodetabek,18.0,18.0,1072.0,1072.0,0.0,0.0,1.0,True
2026-08-05 15:00:00+00:00,tt_bogor,Tol Jagorawi (Bogor),Jabodetabek,45.0,45.0,658.0,658.0,0.0,0.0,1.0,True
2026-08-05 15:00:00+00:00,tt_bsd,BSD/Serpong,Jabodetabek,34.0,34.0,165.0,165.0,0.0,0.0,1.0,True
2026-08-05 15:00:00+00:00,tt_cawang,Cawang interchange,Jabodetabek,43.0,43.0,62.0,62.0,0.0,0.0,1.0,True
2026-08-05 15:00:00+00:00,tt_depok,Jl. Margonda (Depok),Jabodetabek,31.0,31.0,1778.0,1778.0,0.0,0.0,1.0,True
2026-08-05 15:00:00+00:00,tt_gatsu,Jl. Gatot Subroto,Jabodetabek,45.0,45.0,52.0,52.0,0.0,0.0,1.0,True
2026-08-05 15:00:00+00:00,tt_grogol,Grogol,Jabodetabek,40.0,40.0,304.0,304.0,0.0,0.0,1.0,True
2026-08-05 15:00:00+00:00,tt_kebonjeruk,Tol Kebon Jeruk,Jabodetabek,35.0,35.0,1158.0,1158.0,0.0,0.0,1.0,True
2026-08-05 15:00:00+00:00,tt_kelapagading,Kelapa Gading,Jabodetabek,26.0,29.0,1181.0,1059.0,0.1034482758620689,0.0,0.998693,True
2026-08-05 15:00:00+00:00,tt_kuningan,Jl. HR Rasuna Said,Jabodetabek,21.0,21.0,208.0,208.0,0.0,0.0,1.0,True
2026-08-05 15:00:00+00:00,tt_sudirman,Jl. Sudirman (HI),Jabodetabek,38.0,38.0,377.0,377.0,0.0,0.0,1.0,True
2026-08-05 15:00:00+00:00,tt_tangerang,Tol Jakarta-Merak,Jabodetabek,39.0,47.0,237.0,197.0,0.1702127659574468,0.0,1.0,True
2026-08-05 15:00:00+00:00,tt_tbsimatupang,TB Simatupang,Jabodetabek,72.0,72.0,343.0,343.0,0.0,0.0,1.0,True
2026-08-05 15:00:00+00:00,tt_thamrin,Jl. MH Thamrin,Jabodetabek,19.0,25.0,302.0,229.0,0.24,0.0,1.0,True
2026-08-05 16:00:00+00:00,tt_bekasi,Tol Jakarta-Cikampek,Jabodetabek,18.0,18.0,1072.0,1072.0,0.0,0.0,1.0,True
2026-08-05 16:00:00+00:00,tt_bogor,Tol Jagorawi (Bogor),Jabodetabek,45.0,45.0,658.0,658.0,0.0,0.0,1.0,True
2026-08-05 16:00:00+00:00,tt_bsd,BSD/Serpong,Jabodetabek,34.0,34.0,165.0,165.0,0.0,0.0,1.0,True
2026-08-05 16:00:00+00:00,tt_cawang,Cawang interchange,Jabodetabek,43.0,43.0,62.0,62.0,0.0,0.0,1.0,True
2026-08-05 16:00:00+00:00,tt_depok,Jl. Margonda (Depok),Jabodetabek,31.0,31.0,1778.0,1778.0,0.0,0.0,1.0,True
2026-08-05 16:00:00+00:00,tt_gatsu,Jl. Gatot Subroto,Jabodetabek,45.0,45.0,52.0,52.0,0.0,0.0,1.0,True
2026-08-05 16:00:00+00:00,tt_grogol,Grogol,Jabodetabek,40.0,40.0,304.0,304.0,0.0,0.0,1.0,True
2026-08-05 16:00:00+00:00,tt_kebonjeruk,Tol Kebon Jeruk,Jabodetabek,35.0,35.0,1158.0,1158.0,0.0,0.0,1.0,True
2026-08-05 16:00:00+00:00,tt_kelapagading,Kelapa Gading,Jabodetabek,29.0,29.0,1059.0,1059.0,0.0,0.0,1.0,True
2026-08-05 16:00:00+00:00,tt_kuningan,Jl. HR Rasuna Said,Jabodetabek,17.0,20.0,256.0,218.0,0.15,0.0,0.952217,True
2026-08-05 16:00:00+00:00,tt_sudirman,Jl. Sudirman (HI),Jabodetabek,38.0,38.0,377.0,377.0,0.0,0.0,1.0,True
2026-08-05 16:00:00+00:00,tt_tangerang,Tol Jakarta-Merak,Jabodetabek,48.0,48.0,193.0,193.0,0.0,0.0,1.0,True
2026-08-05 16:00:00+00:00,tt_tbsimatupang,TB Simatupang,Jabodetabek,72.0,72.0,343.0,343.0,0.0,0.0,1.0,True
2026-08-05 16:00:00+00:00,tt_thamrin,Jl. MH Thamrin,Jabodetabek,22.0,22.0,261.0,261.0,0.0,0.0,1.0,True
2026-08-05 17:00:00+00:00,tt_bekasi,,,,,,,,,,False
2026-08-05 17:00:00+00:00,tt_bogor,,,,,,,,,,False
2026-08-05 17:00:00+00:00,tt_bsd,,,,,,,,,,False
2026-08-05 17:00:00+00:00,tt_cawang,,,,,,,,,,False
2026-08-05 17:00:00+00:00,tt_depok,,,,,,,,,,False
2026-08-05 17:00:00+00:00,tt_gatsu,,,,,,,,,,False
2026-08-05 17:00:00+00:00,tt_grogol,,,,,,,,,,False
2026-08-05 17:00:00+00:00,tt_kebonjeruk,,,,,,,,,,False
2026-08-05 17:00:00+00:00,tt_kelapagading,,,,,,,,,,False
2026-08-05 17:00:00+00:00,tt_kuningan,,,,,,,,,,False
2026-08-05 17:00:00+00:00,tt_sudirman,,,,,,,,,,False
2026-08-05 17:00:00+00:00,tt_tangerang,,,,,,,,,,False
2026-08-05 17:00:00+00:00,tt_tbsimatupang,,,,,,,,,,False
2026-08-05 17:00:00+00:00,tt_thamrin,,,,,,,,,,False
2026-08-05 18:00:00+00:00,tt_bekasi,Tol Jakarta-Cikampek,Jabodetabek,18.0,18.0,1072.0,1072.0,0.0,0.0,1.0,True
2026-08-05 18:00:00+00:00,tt_bogor,Tol Jagorawi (Bogor),Jabodetabek,45.0,45.0,658.0,658.0,0.0,0.0,1.0,True
2026-08-05 18:00:00+00:00,tt_bsd,BSD/Serpong,Jabodetabek,34.0,34.0,165.0,165.0,0.0,0.0,1.0,True
2026-08-05 18:00:00+00:00,tt_cawang,Cawang interchange,Jabodetabek,43.0,43.0,62.0,62.0,0.0,0.0,1.0,True
2026-08-05 18:00:00+00:00,tt_depok,Jl. Margonda (Depok),Jabodetabek,31.0,31.0,1778.0,1778.0,0.0,0.0,1.0,True
2026-08-05 18:00:00+00:00,tt_gatsu,Jl. Gatot Subroto,Jabodetabek,45.0,45.0,52.0,52.0,0.0,0.0,1.0,True
2026-08-05 18:00:00+00:00,tt_grogol,Grogol,Jabodetabek,40.0,40.0,304.0,304.0,0.0,0.0,1.0,True
2026-08-05 18:00:00+00:00,tt_kebonjeruk,Tol Kebon Jeruk,Jabodetabek,35.0,35.0,1158.0,1158.0,0.0,0.0,1.0,True
2026-08-05 18:00:00+00:00,tt_kelapagading,Kelapa Gading,Jabodetabek,29.0,29.0,1059.0,1059.0,0.0,0.0,1.0,True
2026-08-05 18:00:00+00:00,tt_kuningan,Jl. HR Rasuna Said,Jabodetabek,21.0,21.0,208.0,208.0,0.0,0.0,1.0,True
2026-08-05 18:00:00+00:00,tt_sudirman,Jl. Sudirman (HI),Jabodetabek,38.0,38.0,377.0,377.0,0.0,0.0,1.0,True
2026-08-05 18:00:00+00:00,tt_tangerang,Tol Jakarta-Merak,Jabodetabek,48.0,48.0,193.0,193.0,0.0,0.0,1.0,True
2026-08-05 18:00:00+00:00,tt_tbsimatupang,TB Simatupang,Jabodetabek,72.0,72.0,343.0,343.0,0.0,0.0,1.0,True
2026-08-05 18:00:00+00:00,tt_thamrin,Jl. MH Thamrin,Jabodetabek,22.0,22.0,261.0,261.0,0.0,0.0,1.0,True
2026-08-05 19:00:00+00:00,tt_bekasi,Tol Jakarta-Cikampek,Jabodetabek,18.0,18.0,1072.0,1072.0,0.0,0.0,1.0,True
2026-08-05 19:00:00+00:00,tt_bogor,Tol Jagorawi (Bogor),Jabodetabek,45.0,45.0,658.0,658.0,0.0,0.0,1.0,True
2026-08-05 19:00:00+00:00,tt_bsd,BSD/Serpong,Jabodetabek,34.0,34.0,165.0,165.0,0.0,0.0,1.0,True
2026-08-05 19:00:00+00:00,tt_cawang,Cawang interchange,Jabodetabek,43.0,43.0,62.0,62.0,0.0,0.0,1.0,True
2026-08-05 19:00:00+00:00,tt_depok,Jl. Margonda (Depok),Jabodetabek,31.0,31.0,1778.0,1778.0,0.0,0.0,1.0,True
2026-08-05 19:00:00+00:00,tt_gatsu,Jl. Gatot Subroto,Jabodetabek,45.0,45.0,52.0,52.0,0.0,0.0,1.0,True
2026-08-05 19:00:00+00:00,tt_grogol,Grogol,Jabodetabek,40.0,40.0,304.0,304.0,0.0,0.0,1.0,True
2026-08-05 19:00:00+00:00,tt_kebonjeruk,Tol Kebon Jeruk,Jabodetabek,35.0,35.0,1158.0,1158.0,0.0,0.0,1.0,True
2026-08-05 19:00:00+00:00,tt_kelapagading,Kelapa Gading,Jabodetabek,29.0,29.0,1059.0,1059.0,0.0,0.0,1.0,True
2026-08-05 19:00:00+00:00,tt_kuningan,Jl. HR Rasuna Said,Jabodetabek,21.0,21.0,208.0,208.0,0.0,0.0,1.0,True
2026-08-05 19:00:00+00:00,tt_sudirman,Jl. Sudirman (HI),Jabodetabek,38.0,38.0,377.0,377.0,0.0,0.0,1.0,True
2026-08-05 19:00:00+00:00,tt_tangerang,Tol Jakarta-Merak,Jabodetabek,48.0,48.0,193.0,193.0,0.0,0.0,1.0,True
2026-08-05 19:00:00+00:00,tt_tbsimatupang,TB Simatupang,Jabodetabek,72.0,72.0,343.0,343.0,0.0,0.0,1.0,True
2026-08-05 19:00:00+00:00,tt_thamrin,Jl. MH Thamrin,Jabodetabek,22.0,22.0,261.0,261.0,0.0,0.0,1.0,True
2026-08-05 20:00:00+00:00,tt_bekasi,,,,,,,,,,False
2026-08-05 20:00:00+00:00,tt_bogor,,,,,,,,,,False
2026-08-05 20:00:00+00:00,tt_bsd,,,,,,,,,,False
2026-08-05 20:00:00+00:00,tt_cawang,,,,,,,,,,False
2026-08-05 20:00:00+00:00,tt_depok,,,,,,,,,,False
2026-08-05 20:00:00+00:00,tt_gatsu,,,,,,,,,,False
2026-08-05 20:00:00+00:00,tt_grogol,,,,,,,,,,False
2026-08-05 20:00:00+00:00,tt_kebonjeruk,,,,,,,,,,False
2026-08-05 20:00:00+00:00,tt_kelapagading,,,,,,,,,,False
2026-08-05 20:00:00+00:00,tt_kuningan,,,,,,,,,,False
2026-08-05 20:00:00+00:00,tt_sudirman,,,,,,,,,,False
2026-08-05 20:00:00+00:00,tt_tangerang,,,,,,,,,,False
2026-08-05 20:00:00+00:00,tt_tbsimatupang,,,,,,,,,,False
2026-08-05 20:00:00+00:00,tt_thamrin,,,,,,,,,,False
2026-08-05 21:00:00+00:00,tt_bekasi,Tol Jakarta-Cikampek,Jabodetabek,18.0,18.0,1072.0,1072.0,0.0,0.0,1.0,True
2026-08-05 21:00:00+00:00,tt_bogor,Tol Jagorawi (Bogor),Jabodetabek,45.0,45.0,658.0,658.0,0.0,0.0,1.0,True
2026-08-05 21:00:00+00:00,tt_bsd,BSD/Serpong,Jabodetabek,34.0,34.0,165.0,165.0,0.0,0.0,1.0,True
2026-08-05 21:00:00+00:00,tt_cawang,Cawang interchange,Jabodetabek,43.0,43.0,62.0,62.0,0.0,0.0,1.0,True
2026-08-05 21:00:00+00:00,tt_depok,Jl. Margonda (Depok),Jabodetabek,31.0,31.0,1778.0,1778.0,0.0,0.0,1.0,True
2026-08-05 21:00:00+00:00,tt_gatsu,Jl. Gatot Subroto,Jabodetabek,45.0,45.0,52.0,52.0,0.0,0.0,1.0,True
2026-08-05 21:00:00+00:00,tt_grogol,Grogol,Jabodetabek,40.0,40.0,304.0,304.0,0.0,0.0,1.0,True
2026-08-05 21:00:00+00:00,tt_kebonjeruk,Tol Kebon Jeruk,Jabodetabek,35.0,35.0,1158.0,1158.0,0.0,0.0,1.0,True
2026-08-05 21:00:00+00:00,tt_kelapagading,Kelapa Gading,Jabodetabek,29.0,29.0,1059.0,1059.0,0.0,0.0,1.0,True
2026-08-05 21:00:00+00:00,tt_kuningan,Jl. HR Rasuna Said,Jabodetabek,21.0,21.0,208.0,208.0,0.0,0.0,1.0,True
2026-08-05 21:00:00+00:00,tt_sudirman,Jl. Sudirman (HI),Jabodetabek,38.0,38.0,377.0,377.0,0.0,0.0,1.0,True
2026-08-05 21:00:00+00:00,tt_tangerang,Tol Jakarta-Merak,Jabodetabek,48.0,48.0,193.0,193.0,0.0,0.0,1.0,True
2026-08-05 21:00:00+00:00,tt_tbsimatupang,TB Simatupang,Jabodetabek,72.0,72.0,343.0,343.0,0.0,0.0,1.0,True
2026-08-05 21:00:00+00:00,tt_thamrin,Jl. MH Thamrin,Jabodetabek,22.0,22.0,261.0,261.0,0.0,0.0,1.0,True
2026-08-05 22:00:00+00:00,tt_bekasi,,,,,,,,,,False
2026-08-05 22:00:00+00:00,tt_bogor,,,,,,,,,,False
2026-08-05 22:00:00+00:00,tt_bsd,,,,,,,,,,False
2026-08-05 22:00:00+00:00,tt_cawang,,,,,,,,,,False
2026-08-05 22:00:00+00:00,tt_depok,,,,,,,,,,False
2026-08-05 22:00:00+00:00,tt_gatsu,,,,,,,,,,False
2026-08-05 22:00:00+00:00,tt_grogol,,,,,,,,,,False
2026-08-05 22:00:00+00:00,tt_kebonjeruk,,,,,,,,,,False
2026-08-05 22:00:00+00:00,tt_kelapagading,,,,,,,,,,False
2026-08-05 22:00:00+00:00,tt_kuningan,,,,,,,,,,False
2026-08-05 22:00:00+00:00,tt_sudirman,,,,,,,,,,False
2026-08-05 22:00:00+00:00,tt_tangerang,,,,,,,,,,False
2026-08-05 22:00:00+00:00,tt_tbsimatupang,,,,,,,,,,False
2026-08-05 22:00:00+00:00,tt_thamrin,,,,,,,,,,False
2026-08-05 23:00:00+00:00,tt_bekasi,Tol Jakarta-Cikampek,Jabodetabek,18.0,18.0,1072.0,1072.0,0.0,0.0,1.0,True
2026-08-05 23:00:00+00:00,tt_bogor,Tol Jagorawi (Bogor),Jabodetabek,45.0,45.0,658.0,658.0,0.0,0.0,1.0,True
2026-08-05 23:00:00+00:00,tt_bsd,BSD/Serpong,Jabodetabek,34.0,34.0,165.0,165.0,0.0,0.0,1.0,True
2026-08-05 23:00:00+00:00,tt_cawang,Cawang interchange,Jabodetabek,34.0,42.0,79.0,64.0,0.1904761904761904,0.0,1.0,True
2026-08-05 23:00:00+00:00,tt_depok,Jl. Margonda (Depok),Jabodetabek,31.0,31.0,1778.0,1778.0,0.0,0.0,1.0,True
2026-08-05 23:00:00+00:00,tt_gatsu,Jl. Gatot Subroto,Jabodetabek,45.0,45.0,52.0,52.0,0.0,0.0,1.0,True
2026-08-05 23:00:00+00:00,tt_grogol,Grogol,Jabodetabek,40.0,40.0,304.0,304.0,0.0,0.0,1.0,True
2026-08-05 23:00:00+00:00,tt_kebonjeruk,Tol Kebon Jeruk,Jabodetabek,35.0,35.0,1158.0,1158.0,0.0,0.0,1.0,True
2026-08-05 23:00:00+00:00,tt_kelapagading,Kelapa Gading,Jabodetabek,29.0,29.0,1059.0,1059.0,0.0,0.0,1.0,True
2026-08-05 23:00:00+00:00,tt_kuningan,Jl. HR Rasuna Said,Jabodetabek,21.0,21.0,208.0,208.0,0.0,0.0,1.0,True
2026-08-05 23:00:00+00:00,tt_sudirman,Jl. Sudirman (HI),Jabodetabek,38.0,38.0,377.0,377.0,0.0,0.0,1.0,True
2026-08-05 23:00:00+00:00,tt_tangerang,Tol Jakarta-Merak,Jabodetabek,48.0,48.0,193.0,193.0,0.0,0.0,1.0,True
2026-08-05 23:00:00+00:00,tt_tbsimatupang,TB Simatupang,Jabodetabek,57.0,71.0,433.0,348.0,0.1971830985915492,0.0,1.0,True
2026-08-05 23:00:00+00:00,tt_thamrin,Jl. MH Thamrin,Jabodetabek,22.0,22.0,261.0,261.0,0.0,0.0,1.0,True
2026-08-06 00:00:00+00:00,tt_bekasi,Tol Jakarta-Cikampek,Jabodetabek,18.0,18.0,1072.0,1072.0,0.0,0.0,1.0,True
2026-08-06 00:00:00+00:00,tt_bogor,Tol Jagorawi (Bogor),Jabodetabek,35.0,45.0,846.0,658.0,0.2222222222222222,0.0,1.0,True
2026-08-06 00:00:00+00:00,tt_bsd,BSD/Serpong,Jabodetabek,34.0,34.0,165.0,165.0,0.0,0.0,1.0,True
2026-08-06 00:00:00+00:00,tt_cawang,Cawang interchange,Jabodetabek,16.0,42.0,168.0,64.0,0.6190476190476191,0.0,1.0,True
2026-08-06 00:00:00+00:00,tt_depok,Jl. Margonda (Depok),Jabodetabek,31.0,31.0,1778.0,1778.0,0.0,0.0,1.0,True
2026-08-06 00:00:00+00:00,tt_gatsu,Jl. Gatot Subroto,Jabodetabek,45.0,45.0,52.0,52.0,0.0,0.0,1.0,True
2026-08-06 00:00:00+00:00,tt_grogol,Grogol,Jabodetabek,33.0,41.0,369.0,297.0,0.1951219512195121,0.0,0.999365,True
2026-08-06 00:00:00+00:00,tt_kebonjeruk,Tol Kebon Jeruk,Jabodetabek,26.0,36.0,1559.0,1126.0,0.2777777777777778,0.0,1.0,True
2026-08-06 00:00:00+00:00,tt_kelapagading,Kelapa Gading,Jabodetabek,29.0,29.0,1059.0,1059.0,0.0,0.0,1.0,True
2026-08-06 00:00:00+00:00,tt_kuningan,Jl. HR Rasuna Said,Jabodetabek,21.0,21.0,208.0,208.0,0.0,0.0,1.0,True
2026-08-06 00:00:00+00:00,tt_sudirman,Jl. Sudirman (HI),Jabodetabek,32.0,39.0,448.0,368.0,0.1794871794871795,0.0,1.0,True
2026-08-06 00:00:00+00:00,tt_tangerang,Tol Jakarta-Merak,Jabodetabek,39.0,48.0,237.0,193.0,0.1875,0.0,1.0,True
2026-08-06 00:00:00+00:00,tt_tbsimatupang,TB Simatupang,Jabodetabek,32.0,72.0,773.0,343.0,0.5555555555555556,0.0,1.0,True
2026-08-06 00:00:00+00:00,tt_thamrin,Jl. MH Thamrin,Jabodetabek,20.0,23.0,287.0,249.0,0.1304347826086956,0.0,1.0,True
2026-08-06 01:00:00+00:00,tt_bekasi,,,,,,,,,,False
2026-08-06 01:00:00+00:00,tt_bogor,,,,,,,,,,False
2026-08-06 01:00:00+00:00,tt_bsd,,,,,,,,,,False
2026-08-06 01:00:00+00:00,tt_cawang,,,,,,,,,,False
2026-08-06 01:00:00+00:00,tt_depok,,,,,,,,,,False
2026-08-06 01:00:00+00:00,tt_gatsu,,,,,,,,,,False
2026-08-06 01:00:00+00:00,tt_grogol,,,,,,,,,,False
2026-08-06 01:00:00+00:00,tt_kebonjeruk,,,,,,,,,,False
2026-08-06 01:00:00+00:00,tt_kelapagading,,,,,,,,,,False
2026-08-06 01:00:00+00:00,tt_kuningan,,,,,,,,,,False
2026-08-06 01:00:00+00:00,tt_sudirman,,,,,,,,,,False
2026-08-06 01:00:00+00:00,tt_tangerang,,,,,,,,,,False
2026-08-06 01:00:00+00:00,tt_tbsimatupang,,,,,,,,,,False
2026-08-06 01:00:00+00:00,tt_thamrin,,,,,,,,,,False
2026-08-06 02:00:00+00:00,tt_bekasi,Tol Jakarta-Cikampek,Jabodetabek,18.0,18.0,1072.0,1072.0,0.0,0.0,1.0,True
2026-08-06 02:00:00+00:00,tt_bogor,Tol Jagorawi (Bogor),Jabodetabek,35.0,45.0,846.0,658.0,0.2222222222222222,0.0,1.0,True
2026-08-06 02:00:00+00:00,tt_bsd,BSD/Serpong,Jabodetabek,34.0,34.0,165.0,165.0,0.0,0.0,1.0,True
2026-08-06 02:00:00+00:00,tt_cawang,Cawang interchange,Jabodetabek,18.0,41.0,150.0,65.0,0.5609756097560976,0.0,1.0,True
2026-08-06 02:00:00+00:00,tt_depok,Jl. Margonda (Depok),Jabodetabek,31.0,31.0,1778.0,1778.0,0.0,0.0,1.0,True
2026-08-06 02:00:00+00:00,tt_gatsu,Jl. Gatot Subroto,Jabodetabek,45.0,45.0,52.0,52.0,0.0,0.0,1.0,True
2026-08-06 02:00:00+00:00,tt_grogol,Grogol,Jabodetabek,32.0,40.0,381.0,304.0,0.1999999999999999,0.0,1.0,True
2026-08-06 02:00:00+00:00,tt_kebonjeruk,Tol Kebon Jeruk,Jabodetabek,24.0,36.0,1689.0,1126.0,0.3333333333333333,0.0,1.0,True
2026-08-06 02:00:00+00:00,tt_kelapagading,Kelapa Gading,Jabodetabek,25.0,29.0,1228.0,1059.0,0.1379310344827586,0.0,0.999509,True
2026-08-06 02:00:00+00:00,tt_kuningan,Jl. HR Rasuna Said,Jabodetabek,16.0,19.0,273.0,229.0,0.1578947368421053,0.0,1.0,True
2026-08-06 02:00:00+00:00,tt_sudirman,Jl. Sudirman (HI),Jabodetabek,23.0,39.0,624.0,368.0,0.4102564102564102,0.0,1.0,True
2026-08-06 02:00:00+00:00,tt_tangerang,Tol Jakarta-Merak,Jabodetabek,40.0,48.0,231.0,193.0,0.1666666666666666,0.0,1.0,True
2026-08-06 02:00:00+00:00,tt_tbsimatupang,TB Simatupang,Jabodetabek,18.0,72.0,1374.0,343.0,0.75,0.0,1.0,True
2026-08-06 02:00:00+00:00,tt_thamrin,Jl. MH Thamrin,Jabodetabek,16.0,22.0,359.0,261.0,0.2727272727272727,0.0,1.0,True
2026-08-06 03:00:00+00:00,tt_bekasi,Tol Jakarta-Cikampek,Jabodetabek,18.0,18.0,1072.0,1072.0,0.0,0.0,1.0,True
2026-08-06 03:00:00+00:00,tt_bogor,Tol Jagorawi (Bogor),Jabodetabek,45.0,45.0,658.0,658.0,0.0,0.0,1.0,True
2026-08-06 03:00:00+00:00,tt_bsd,BSD/Serpong,Jabodetabek,29.0,34.0,193.0,165.0,0.1470588235294118,0.0,1.0,True
2026-08-06 03:00:00+00:00,tt_cawang,Cawang interchange,Jabodetabek,11.0,43.0,245.0,62.0,0.7441860465116279,0.0,1.0,True
2026-08-06 03:00:00+00:00,tt_depok,Jl. Margonda (Depok),Jabodetabek,27.0,31.0,2042.0,1778.0,0.1290322580645161,0.0,0.967407,True
2026-08-06 03:00:00+00:00,tt_gatsu,Jl. Gatot Subroto,Jabodetabek,33.0,44.0,71.0,53.0,0.25,0.0,1.0,True
2026-08-06 03:00:00+00:00,tt_grogol,Grogol,Jabodetabek,32.0,40.0,381.0,304.0,0.1999999999999999,0.0,1.0,True
2026-08-06 03:00:00+00:00,tt_kebonjeruk,Tol Kebon Jeruk,Jabodetabek,24.0,36.0,1689.0,1126.0,0.3333333333333333,0.0,1.0,True
2026-08-06 03:00:00+00:00,tt_kelapagading,Kelapa Gading,Jabodetabek,24.0,29.0,1280.0,1059.0,0.1724137931034483,0.0,0.996962,True
2026-08-06 03:00:00+00:00,tt_kuningan,Jl. HR Rasuna Said,Jabodetabek,15.0,20.0,291.0,218.0,0.25,0.0,1.0,True
2026-08-06 03:00:00+00:00,tt_sudirman,Jl. Sudirman (HI),Jabodetabek,27.0,39.0,531.0,368.0,0.3076923076923077,0.0,1.0,True
2026-08-06 03:00:00+00:00,tt_tangerang,Tol Jakarta-Merak,Jabodetabek,36.0,48.0,257.0,193.0,0.25,0.0,1.0,True
2026-08-06 03:00:00+00:00,tt_tbsimatupang,TB Simatupang,Jabodetabek,28.0,71.0,883.0,348.0,0.6056338028169015,0.0,1.0,True
2026-08-06 03:00:00+00:00,tt_thamrin,Jl. MH Thamrin,Jabodetabek,17.0,22.0,338.0,261.0,0.2272727272727273,0.0,1.0,True
2026-08-06 04:00:00+00:00,tt_bekasi,,,,,,,,,,False
2026-08-06 04:00:00+00:00,tt_bogor,,,,,,,,,,False
2026-08-06 04:00:00+00:00,tt_bsd,,,,,,,,,,False
2026-08-06 04:00:00+00:00,tt_cawang,,,,,,,,,,False
2026-08-06 04:00:00+00:00,tt_depok,,,,,,,,,,False
2026-08-06 04:00:00+00:00,tt_gatsu,,,,,,,,,,False
2026-08-06 04:00:00+00:00,tt_grogol,,,,,,,,,,False
2026-08-06 04:00:00+00:00,tt_kebonjeruk,,,,,,,,,,False
2026-08-06 04:00:00+00:00,tt_kelapagading,,,,,,,,,,False
2026-08-06 04:00:00+00:00,tt_kuningan,,,,,,,,,,False
2026-08-06 04:00:00+00:00,tt_sudirman,,,,,,,,,,False
2026-08-06 04:00:00+00:00,tt_tangerang,,,,,,,,,,False
2026-08-06 04:00:00+00:00,tt_tbsimatupang,,,,,,,,,,False
2026-08-06 04:00:00+00:00,tt_thamrin,,,,,,,,,,False
2026-08-06 05:00:00+00:00,tt_bekasi,Tol Jakarta-Cikampek,Jabodetabek,18.0,18.0,1072.0,1072.0,0.0,0.0,1.0,True
2026-08-06 05:00:00+00:00,tt_bogor,Tol Jagorawi (Bogor),Jabodetabek,39.0,45.0,759.0,658.0,0.1333333333333333,0.0,1.0,True
2026-08-06 05:00:00+00:00,tt_bsd,BSD/Serpong,Jabodetabek,34.0,34.0,165.0,165.0,0.0,0.0,1.0,True
2026-08-06 05:00:00+00:00,tt_cawang,Cawang interchange,Jabodetabek,24.0,42.0,112.0,64.0,0.4285714285714286,0.0,1.0,True
2026-08-06 05:00:00+00:00,tt_depok,Jl. Margonda (Depok),Jabodetabek,26.0,31.0,2120.0,1778.0,0.1612903225806451,0.0,0.959879,True
2026-08-06 05:00:00+00:00,tt_gatsu,Jl. Gatot Subroto,Jabodetabek,45.0,45.0,52.0,52.0,0.0,0.0,1.0,True
2026-08-06 05:00:00+00:00,tt_grogol,Grogol,Jabodetabek,30.0,39.0,406.0,312.0,0.2307692307692307,0.0,1.0,True
2026-08-06 05:00:00+00:00,tt_kebonjeruk,Tol Kebon Jeruk,Jabodetabek,25.0,35.0,1622.0,1158.0,0.2857142857142857,0.0,1.0,True
2026-08-06 05:00:00+00:00,tt_kelapagading,Kelapa Gading,Jabodetabek,23.0,29.0,1335.0,1059.0,0.2068965517241379,0.0,1.0,True
2026-08-06 05:00:00+00:00,tt_kuningan,Jl. HR Rasuna Said,Jabodetabek,13.0,19.0,336.0,229.0,0.3157894736842105,0.0,0.997783,True
2026-08-06 05:00:00+00:00,tt_sudirman,Jl. Sudirman (HI),Jabodetabek,23.0,39.0,624.0,368.0,0.4102564102564102,0.0,1.0,True
2026-08-06 05:00:00+00:00,tt_tangerang,Tol Jakarta-Merak,Jabodetabek,48.0,48.0,193.0,193.0,0.0,0.0,1.0,True
2026-08-06 05:00:00+00:00,tt_tbsimatupang,TB Simatupang,Jabodetabek,21.0,72.0,1177.0,343.0,0.7083333333333333,0.0,1.0,True
2026-08-06 05:00:00+00:00,tt_thamrin,Jl. MH Thamrin,Jabodetabek,22.0,22.0,261.0,261.0,0.0,0.0,1.0,True
2026-08-06 06:00:00+00:00,tt_bekasi,,,,,,,,,,False
2026-08-06 06:00:00+00:00,tt_bogor,,,,,,,,,,False
2026-08-06 06:00:00+00:00,tt_bsd,,,,,,,,,,False
2026-08-06 06:00:00+00:00,tt_cawang,,,,,,,,,,False
2026-08-06 06:00:00+00:00,tt_depok,,,,,,,,,,False
2026-08-06 06:00:00+00:00,tt_gatsu,,,,,,,,,,False
2026-08-06 06:00:00+00:00,tt_grogol,,,,,,,,,,False
2026-08-06 06:00:00+00:00,tt_kebonjeruk,,,,,,,,,,False
2026-08-06 06:00:00+00:00,tt_kelapagading,,,,,,,,,,False
2026-08-06 06:00:00+00:00,tt_kuningan,,,,,,,,,,False
2026-08-06 06:00:00+00:00,tt_sudirman,,,,,,,,,,False
2026-08-06 06:00:00+00:00,tt_tangerang,,,,,,,,,,False
2026-08-06 06:00:00+00:00,tt_tbsimatupang,,,,,,,,,,False
2026-08-06 06:00:00+00:00,tt_thamrin,,,,,,,,,,False
2026-08-06 07:00:00+00:00,tt_bekasi,Tol Jakarta-Cikampek,Jabodetabek,18.0,18.0,1072.0,1072.0,0.0,0.0,1.0,True
2026-08-06 07:00:00+00:00,tt_bogor,Tol Jagorawi (Bogor),Jabodetabek,34.0,45.0,871.0,658.0,0.2444444444444444,0.0,1.0,True
2026-08-06 07:00:00+00:00,tt_bsd,BSD/Serpong,Jabodetabek,28.0,33.0,200.0,170.0,0.1515151515151515,0.0,1.0,True
2026-08-06 07:00:00+00:00,tt_cawang,Cawang interchange,Jabodetabek,20.0,41.0,135.0,65.0,0.5121951219512195,0.0,1.0,True
2026-08-06 07:00:00+00:00,tt_depok,Jl. Margonda (Depok),Jabodetabek,26.0,31.0,2120.0,1778.0,0.1612903225806451,0.0,0.978071,True
2026-08-06 07:00:00+00:00,tt_gatsu,Jl. Gatot Subroto,Jabodetabek,16.0,42.0,147.0,56.0,0.6190476190476191,0.0,1.0,True
2026-08-06 07:00:00+00:00,tt_grogol,Grogol,Jabodetabek,29.0,39.0,420.0,312.0,0.2564102564102564,0.0,1.0,True
2026-08-06 07:00:00+00:00,tt_kebonjeruk,Tol Kebon Jeruk,Jabodetabek,20.0,35.0,2027.0,1158.0,0.4285714285714286,0.0,1.0,True
2026-08-06 07:00:00+00:00,tt_kelapagading,Kelapa Gading,Jabodetabek,20.0,29.0,1536.0,1059.0,0.3103448275862068,0.0,1.0,True
2026-08-06 07:00:00+00:00,tt_kuningan,Jl. HR Rasuna Said,Jabodetabek,15.0,19.0,291.0,229.0,0.2105263157894736,0.0,1.0,True
2026-08-06 07:00:00+00:00,tt_sudirman,Jl. Sudirman (HI),Jabodetabek,19.0,39.0,755.0,368.0,0.5128205128205128,0.0,1.0,True
2026-08-06 07:00:00+00:00,tt_tangerang,Tol Jakarta-Merak,Jabodetabek,48.0,48.0,193.0,193.0,0.0,0.0,1.0,True
2026-08-06 07:00:00+00:00,tt_tbsimatupang,TB Simatupang,Jabodetabek,54.0,72.0,458.0,343.0,0.25,0.0,1.0,True
2026-08-06 07:00:00+00:00,tt_thamrin,Jl. MH Thamrin,Jabodetabek,18.0,22.0,319.0,261.0,0.1818181818181817,0.0,1.0,True
2026-08-06 08:00:00+00:00,tt_bekasi,Tol Jakarta-Cikampek,Jabodetabek,18.0,18.0,1072.0,1072.0,0.0,0.0,1.0,True
2026-08-06 08:00:00+00:00,tt_bogor,Tol Jagorawi (Bogor),Jabodetabek,35.0,44.0,846.0,673.0,0.2045454545454545,0.0,1.0,True
2026-08-06 08:00:00+00:00,tt_bsd,BSD/Serpong,Jabodetabek,28.0,34.0,200.0,165.0,0.1764705882352941,0.0,1.0,True
2026-08-06 08:00:00+00:00,tt_cawang,Cawang interchange,Jabodetabek,43.0,43.0,62.0,62.0,0.0,0.0,1.0,True
2026-08-06 08:00:00+00:00,tt_depok,Jl. Margonda (Depok),Jabodetabek,27.0,31.0,2042.0,1778.0,0.1290322580645161,0.0,0.971923,True
2026-08-06 08:00:00+00:00,tt_gatsu,Jl. Gatot Subroto,Jabodetabek,25.0,45.0,94.0,52.0,0.4444444444444444,0.0,1.0,True
2026-08-06 08:00:00+00:00,tt_grogol,Grogol,Jabodetabek,28.0,40.0,435.0,304.0,0.3,0.0,0.997635,True
2026-08-06 08:00:00+00:00,tt_kebonjeruk,Tol Kebon Jeruk,Jabodetabek,21.0,36.0,1931.0,1126.0,0.4166666666666666,0.0,1.0,True
2026-08-06 08:00:00+00:00,tt_kelapagading,Kelapa Gading,Jabodetabek,22.0,29.0,1396.0,1059.0,0.2413793103448276,0.0,1.0,True
2026-08-06 08:00:00+00:00,tt_kuningan,Jl. HR Rasuna Said,Jabodetabek,16.0,21.0,273.0,208.0,0.2380952380952381,0.0,0.99,True
2026-08-06 08:00:00+00:00,tt_sudirman,Jl. Sudirman (HI),Jabodetabek,22.0,38.0,652.0,377.0,0.4210526315789473,0.0,1.0,True
2026-08-06 08:00:00+00:00,tt_tangerang,Tol Jakarta-Merak,Jabodetabek,37.0,48.0,250.0,193.0,0.2291666666666666,0.0,1.0,True
2026-08-06 08:00:00+00:00,tt_tbsimatupang,TB Simatupang,Jabodetabek,32.0,71.0,773.0,348.0,0.5492957746478873,0.0,1.0,True
2026-08-06 08:00:00+00:00,tt_thamrin,Jl. MH Thamrin,Jabodetabek,13.0,24.0,442.0,239.0,0.4583333333333333,0.0,1.0,True
2026-08-06 09:00:00+00:00,tt_bekasi,,,,,,,,,,False
2026-08-06 09:00:00+00:00,tt_bogor,,,,,,,,,,False
2026-08-06 09:00:00+00:00,tt_bsd,,,,,,,,,,False
2026-08-06 09:00:00+00:00,tt_cawang,,,,,,,,,,False
2026-08-06 09:00:00+00:00,tt_depok,,,,,,,,,,False
2026-08-06 09:00:00+00:00,tt_gatsu,,,,,,,,,,False
2026-08-06 09:00:00+00:00,tt_grogol,,,,,,,,,,False
2026-08-06 09:00:00+00:00,tt_kebonjeruk,,,,,,,,,,False
2026-08-06 09:00:00+00:00,tt_kelapagading,,,,,,,,,,False
2026-08-06 09:00:00+00:00,tt_kuningan,,,,,,,,,,False
2026-08-06 09:00:00+00:00,tt_sudirman,,,,,,,,,,False
2026-08-06 09:00:00+00:00,tt_tangerang,,,,,,,,,,False
2026-08-06 09:00:00+00:00,tt_tbsimatupang,,,,,,,,,,False
2026-08-06 09:00:00+00:00,tt_thamrin,,,,,,,,,,False
2026-08-06 10:00:00+00:00,tt_bekasi,Tol Jakarta-Cikampek,Jabodetabek,13.0,18.0,1484.0,1072.0,0.2777777777777778,0.0,0.98,True
2026-08-06 10:00:00+00:00,tt_bogor,Tol Jagorawi (Bogor),Jabodetabek,35.0,45.0,846.0,658.0,0.2222222222222222,0.0,1.0,True
2026-08-06 10:00:00+00:00,tt_bsd,BSD/Serpong,Jabodetabek,28.0,33.0,200.0,170.0,0.1515151515151515,0.0,1.0,True
2026-08-06 10:00:00+00:00,tt_cawang,Cawang interchange,Jabodetabek,29.0,43.0,93.0,62.0,0.3255813953488372,0.0,1.0,True
2026-08-06 10:00:00+00:00,tt_depok,Jl. Margonda (Depok),Jabodetabek,24.0,31.0,2297.0,1778.0,0.2258064516129032,0.0,0.989333,True
2026-08-06 10:00:00+00:00,tt_gatsu,Jl. Gatot Subroto,Jabodetabek,19.0,44.0,124.0,53.0,0.5681818181818181,0.0,1.0,True
2026-08-06 10:00:00+00:00,tt_grogol,Grogol,Jabodetabek,32.0,39.0,381.0,312.0,0.1794871794871795,0.0,1.0,True
2026-08-06 10:00:00+00:00,tt_kebonjeruk,Tol Kebon Jeruk,Jabodetabek,21.0,35.0,1931.0,1158.0,0.4,0.0,1.0,True
2026-08-06 10:00:00+00:00,tt_kelapagading,Kelapa Gading,Jabodetabek,21.0,29.0,1463.0,1059.0,0.2758620689655172,0.0,1.0,True
2026-08-06 10:00:00+00:00,tt_kuningan,Jl. HR Rasuna Said,Jabodetabek,15.0,21.0,291.0,208.0,0.2857142857142857,0.0,0.99,True
2026-08-06 10:00:00+00:00,tt_sudirman,Jl. Sudirman (HI),Jabodetabek,18.0,39.0,797.0,368.0,0.5384615384615384,0.0,1.0,True
2026-08-06 10:00:00+00:00,tt_tangerang,Tol Jakarta-Merak,Jabodetabek,31.0,47.0,299.0,197.0,0.3404255319148936,0.0,1.0,True
2026-08-06 10:00:00+00:00,tt_tbsimatupang,TB Simatupang,Jabodetabek,22.0,71.0,1124.0,348.0,0.6901408450704225,0.0,1.0,True
2026-08-06 10:00:00+00:00,tt_thamrin,Jl. MH Thamrin,Jabodetabek,16.0,24.0,359.0,239.0,0.3333333333333333,0.0,1.0,True
2026-08-06 11:00:00+00:00,tt_bekasi,Tol Jakarta-Cikampek,Jabodetabek,14.0,17.0,1378.0,1135.0,0.1764705882352941,0.0,0.978628,True
2026-08-06 11:00:00+00:00,tt_bogor,Tol Jagorawi (Bogor),Jabodetabek,30.0,44.0,987.0,673.0,0.3181818181818182,0.0,1.0,True
2026-08-06 11:00:00+00:00,tt_bsd,BSD/Serpong,Jabodetabek,28.0,34.0,200.0,165.0,0.1764705882352941,0.0,1.0,True
2026-08-06 11:00:00+00:00,tt_cawang,Cawang interchange,Jabodetabek,33.0,43.0,81.0,62.0,0.2325581395348837,0.0,1.0,True
2026-08-06 11:00:00+00:00,tt_depok,Jl. Margonda (Depok),Jabodetabek,26.0,31.0,2120.0,1778.0,0.1612903225806451,0.0,0.991358,True
2026-08-06 11:00:00+00:00,tt_gatsu,Jl. Gatot Subroto,Jabodetabek,15.0,43.0,157.0,54.0,0.6511627906976745,0.0,1.0,True
2026-08-06 11:00:00+00:00,tt_grogol,Grogol,Jabodetabek,31.0,40.0,393.0,304.0,0.2249999999999999,0.0,1.0,True
2026-08-06 11:00:00+00:00,tt_kebonjeruk,Tol Kebon Jeruk,Jabodetabek,21.0,36.0,1931.0,1126.0,0.4166666666666666,0.0,1.0,True
2026-08-06 11:00:00+00:00,tt_kelapagading,Kelapa Gading,Jabodetabek,18.0,29.0,1706.0,1059.0,0.3793103448275862,0.0,1.0,True
2026-08-06 11:00:00+00:00,tt_kuningan,Jl. HR Rasuna Said,Jabodetabek,21.0,21.0,208.0,208.0,0.0,0.0,1.0,True
2026-08-06 11:00:00+00:00,tt_sudirman,Jl. Sudirman (HI),Jabodetabek,17.0,38.0,844.0,377.0,0.5526315789473684,0.0,1.0,True
2026-08-06 11:00:00+00:00,tt_tangerang,Tol Jakarta-Merak,Jabodetabek,31.0,47.0,299.0,197.0,0.3404255319148936,0.0,1.0,True
2026-08-06 11:00:00+00:00,tt_tbsimatupang,TB Simatupang,Jabodetabek,41.0,72.0,603.0,343.0,0.4305555555555556,0.0,1.0,True
2026-08-06 11:00:00+00:00,tt_thamrin,Jl. MH Thamrin,Jabodetabek,17.0,22.0,338.0,261.0,0.2272727272727273,0.0,1.0,True
2026-08-06 12:00:00+00:00,tt_bekasi,,,,,,,,,,False
2026-08-06 12:00:00+00:00,tt_bogor,,,,,,,,,,False
2026-08-06 12:00:00+00:00,tt_bsd,,,,,,,,,,False
2026-08-06 12:00:00+00:00,tt_cawang,,,,,,,,,,False
2026-08-06 12:00:00+00:00,tt_depok,,,,,,,,,,False
2026-08-06 12:00:00+00:00,tt_gatsu,,,,,,,,,,False
2026-08-06 12:00:00+00:00,tt_grogol,,,,,,,,,,False
2026-08-06 12:00:00+00:00,tt_kebonjeruk,,,,,,,,,,False
2026-08-06 12:00:00+00:00,tt_kelapagading,,,,,,,,,,False
2026-08-06 12:00:00+00:00,tt_kuningan,,,,,,,,,,False
2026-08-06 12:00:00+00:00,tt_sudirman,,,,,,,,,,False
2026-08-06 12:00:00+00:00,tt_tangerang,,,,,,,,,,False
2026-08-06 12:00:00+00:00,tt_tbsimatupang,,,,,,,,,,False
2026-08-06 12:00:00+00:00,tt_thamrin,,,,,,,,,,False
2026-08-06 13:00:00+00:00,tt_bekasi,Tol Jakarta-Cikampek,Jabodetabek,18.0,18.0,1072.0,1072.0,0.0,0.0,1.0,True
2026-08-06 13:00:00+00:00,tt_bogor,Tol Jagorawi (Bogor),Jabodetabek,45.0,45.0,658.0,658.0,0.0,0.0,1.0,True
2026-08-06 13:00:00+00:00,tt_bsd,BSD/Serpong,Jabodetabek,34.0,34.0,165.0,165.0,0.0,0.0,1.0,True
2026-08-06 13:00:00+00:00,tt_cawang,Cawang interchange,Jabodetabek,43.0,43.0,62.0,62.0,0.0,0.0,1.0,True
2026-08-06 13:00:00+00:00,tt_depok,Jl. Margonda (Depok),Jabodetabek,26.0,31.0,2120.0,1778.0,0.1612903225806451,0.0,0.989023,True
2026-08-06 13:00:00+00:00,tt_gatsu,Jl. Gatot Subroto,Jabodetabek,45.0,45.0,52.0,52.0,0.0,0.0,1.0,True
2026-08-06 13:00:00+00:00,tt_grogol,Grogol,Jabodetabek,32.0,39.0,381.0,312.0,0.1794871794871795,0.0,1.0,True
2026-08-06 13:00:00+00:00,tt_kebonjeruk,Tol Kebon Jeruk,Jabodetabek,25.0,36.0,1622.0,1126.0,0.3055555555555556,0.0,1.0,True
2026-08-06 13:00:00+00:00,tt_kelapagading,Kelapa Gading,Jabodetabek,22.0,29.0,1396.0,1059.0,0.2413793103448276,0.0,1.0,True
2026-08-06 13:00:00+00:00,tt_kuningan,Jl. HR Rasuna Said,Jabodetabek,13.0,20.0,336.0,218.0,0.35,0.0,1.0,True
2026-08-06 13:00:00+00:00,tt_sudirman,Jl. Sudirman (HI),Jabodetabek,31.0,38.0,463.0,377.0,0.1842105263157895,0.0,1.0,True
2026-08-06 13:00:00+00:00,tt_tangerang,Tol Jakarta-Merak,Jabodetabek,48.0,48.0,193.0,193.0,0.0,0.0,1.0,True
2026-08-06 13:00:00+00:00,tt_tbsimatupang,TB Simatupang,Jabodetabek,72.0,72.0,343.0,343.0,0.0,0.0,1.0,True
2026-08-06 13:00:00+00:00,tt_thamrin,Jl. MH Thamrin,Jabodetabek,14.0,23.0,410.0,249.0,0.3913043478260869,0.0,1.0,True
2026-08-06 14:00:00+00:00,tt_bekasi,Tol Jakarta-Cikampek,Jabodetabek,18.0,18.0,1072.0,1072.0,0.0,0.0,1.0,True
2026-08-06 14:00:00+00:00,tt_bogor,Tol Jagorawi (Bogor),Jabodetabek,45.0,45.0,658.0,658.0,0.0,0.0,1.0,True
2026-08-06 14:00:00+00:00,tt_bsd,BSD/Serpong,Jabodetabek,34.0,34.0,165.0,165.0,0.0,0.0,1.0,True
2026-08-06 14:00:00+00:00,tt_cawang,Cawang interchange,Jabodetabek,43.0,43.0,62.0,62.0,0.0,0.0,1.0,True
2026-08-06 14:00:00+00:00,tt_depok,Jl. Margonda (Depok),Jabodetabek,31.0,31.0,1778.0,1778.0,0.0,0.0,1.0,True
2026-08-06 14:00:00+00:00,tt_gatsu,Jl. Gatot Subroto,Jabodetabek,45.0,45.0,52.0,52.0,0.0,0.0,1.0,True
2026-08-06 14:00:00+00:00,tt_grogol,Grogol,Jabodetabek,40.0,40.0,304.0,304.0,0.0,0.0,1.0,True
2026-08-06 14:00:00+00:00,tt_kebonjeruk,Tol Kebon Jeruk,Jabodetabek,31.0,35.0,1308.0,1158.0,0.1142857142857143,0.0,1.0,True
2026-08-06 14:00:00+00:00,tt_kelapagading,Kelapa Gading,Jabodetabek,29.0,29.0,1059.0,1059.0,0.0,0.0,1.0,True
2026-08-06 14:00:00+00:00,tt_kuningan,Jl. HR Rasuna Said,Jabodetabek,21.0,21.0,208.0,208.0,0.0,0.0,1.0,True
2026-08-06 14:00:00+00:00,tt_sudirman,Jl. Sudirman (HI),Jabodetabek,31.0,39.0,463.0,368.0,0.2051282051282051,0.0,1.0,True
2026-08-06 14:00:00+00:00,tt_tangerang,Tol Jakarta-Merak,Jabodetabek,48.0,48.0,193.0,193.0,0.0,0.0,1.0,True
2026-08-06 14:00:00+00:00,tt_tbsimatupang,TB Simatupang,Jabodetabek,72.0,72.0,343.0,343.0,0.0,0.0,1.0,True
2026-08-06 14:00:00+00:00,tt_thamrin,Jl. MH Thamrin,Jabodetabek,18.0,23.0,319.0,249.0,0.217391304347826,0.0,1.0,True
2026-08-06 15:00:00+00:00,tt_bekasi,,,,,,,,,,False
2026-08-06 15:00:00+00:00,tt_bogor,,,,,,,,,,False
2026-08-06 15:00:00+00:00,tt_bsd,,,,,,,,,,False
2026-08-06 15:00:00+00:00,tt_cawang,,,,,,,,,,False
2026-08-06 15:00:00+00:00,tt_depok,,,,,,,,,,False
2026-08-06 15:00:00+00:00,tt_gatsu,,,,,,,,,,False
2026-08-06 15:00:00+00:00,tt_grogol,,,,,,,,,,False
2026-08-06 15:00:00+00:00,tt_kebonjeruk,,,,,,,,,,False
2026-08-06 15:00:00+00:00,tt_kelapagading,,,,,,,,,,False
2026-08-06 15:00:00+00:00,tt_kuningan,,,,,,,,,,False
2026-08-06 15:00:00+00:00,tt_sudirman,,,,,,,,,,False
2026-08-06 15:00:00+00:00,tt_tangerang,,,,,,,,,,False
2026-08-06 15:00:00+00:00,tt_tbsimatupang,,,,,,,,,,False
2026-08-06 15:00:00+00:00,tt_thamrin,,,,,,,,,,False
2026-08-06 16:00:00+00:00,tt_bekasi,Tol Jakarta-Cikampek,Jabodetabek,18.0,18.0,1072.0,1072.0,0.0,0.0,1.0,True
2026-08-06 16:00:00+00:00,tt_bogor,Tol Jagorawi (Bogor),Jabodetabek,45.0,45.0,658.0,658.0,0.0,0.0,1.0,True
2026-08-06 16:00:00+00:00,tt_bsd,BSD/Serpong,Jabodetabek,34.0,34.0,165.0,165.0,0.0,0.0,1.0,True
2026-08-06 16:00:00+00:00,tt_cawang,Cawang interchange,Jabodetabek,43.0,43.0,62.0,62.0,0.0,0.0,1.0,True
2026-08-06 16:00:00+00:00,tt_depok,Jl. Margonda (Depok),Jabodetabek,31.0,31.0,1778.0,1778.0,0.0,0.0,1.0,True
2026-08-06 16:00:00+00:00,tt_gatsu,Jl. Gatot Subroto,Jabodetabek,45.0,45.0,52.0,52.0,0.0,0.0,1.0,True
2026-08-06 16:00:00+00:00,tt_grogol,Grogol,Jabodetabek,40.0,40.0,304.0,304.0,0.0,0.0,1.0,True
2026-08-06 16:00:00+00:00,tt_kebonjeruk,Tol Kebon Jeruk,Jabodetabek,35.0,35.0,1158.0,1158.0,0.0,0.0,1.0,True
2026-08-06 16:00:00+00:00,tt_kelapagading,Kelapa Gading,Jabodetabek,29.0,29.0,1059.0,1059.0,0.0,0.0,1.0,True
2026-08-06 16:00:00+00:00,tt_kuningan,Jl. HR Rasuna Said,Jabodetabek,21.0,21.0,208.0,208.0,0.0,0.0,1.0,True
2026-08-06 16:00:00+00:00,tt_sudirman,Jl. Sudirman (HI),Jabodetabek,38.0,38.0,377.0,377.0,0.0,0.0,1.0,True
2026-08-06 16:00:00+00:00,tt_tangerang,Tol Jakarta-Merak,Jabodetabek,48.0,48.0,193.0,193.0,0.0,0.0,1.0,True
2026-08-06 16:00:00+00:00,tt_tbsimatupang,TB Simatupang,Jabodetabek,72.0,72.0,343.0,343.0,0.0,0.0,1.0,True
2026-08-06 16:00:00+00:00,tt_thamrin,Jl. MH Thamrin,Jabodetabek,22.0,22.0,261.0,261.0,0.0,0.0,1.0,True
2026-08-06 17:00:00+00:00,tt_bekasi,,,,,,,,,,False
2026-08-06 17:00:00+00:00,tt_bogor,,,,,,,,,,False
2026-08-06 17:00:00+00:00,tt_bsd,,,,,,,,,,False
2026-08-06 17:00:00+00:00,tt_cawang,,,,,,,,,,False
2026-08-06 17:00:00+00:00,tt_depok,,,,,,,,,,False
2026-08-06 17:00:00+00:00,tt_gatsu,,,,,,,,,,False
2026-08-06 17:00:00+00:00,tt_grogol,,,,,,,,,,False
2026-08-06 17:00:00+00:00,tt_kebonjeruk,,,,,,,,,,False
2026-08-06 17:00:00+00:00,tt_kelapagading,,,,,,,,,,False
2026-08-06 17:00:00+00:00,tt_kuningan,,,,,,,,,,False
2026-08-06 17:00:00+00:00,tt_sudirman,,,,,,,,,,False
2026-08-06 17:00:00+00:00,tt_tangerang,,,,,,,,,,False
2026-08-06 17:00:00+00:00,tt_tbsimatupang,,,,,,,,,,False
2026-08-06 17:00:00+00:00,tt_thamrin,,,,,,,,,,False
2026-08-06 18:00:00+00:00,tt_bekasi,Tol Jakarta-Cikampek,Jabodetabek,18.0,18.0,1072.0,1072.0,0.0,0.0,1.0,True
2026-08-06 18:00:00+00:00,tt_bogor,Tol Jagorawi (Bogor),Jabodetabek,45.0,45.0,658.0,658.0,0.0,0.0,1.0,True
2026-08-06 18:00:00+00:00,tt_bsd,BSD/Serpong,Jabodetabek,34.0,34.0,165.0,165.0,0.0,0.0,1.0,True
2026-08-06 18:00:00+00:00,tt_cawang,Cawang interchange,Jabodetabek,43.0,43.0,62.0,62.0,0.0,0.0,1.0,True
2026-08-06 18:00:00+00:00,tt_depok,Jl. Margonda (Depok),Jabodetabek,31.0,31.0,1778.0,1778.0,0.0,0.0,1.0,True
2026-08-06 18:00:00+00:00,tt_gatsu,Jl. Gatot Subroto,Jabodetabek,45.0,45.0,52.0,52.0,0.0,0.0,1.0,True
2026-08-06 18:00:00+00:00,tt_grogol,Grogol,Jabodetabek,40.0,40.0,304.0,304.0,0.0,0.0,1.0,True
2026-08-06 18:00:00+00:00,tt_kebonjeruk,Tol Kebon Jeruk,Jabodetabek,35.0,35.0,1158.0,1158.0,0.0,0.0,1.0,True
2026-08-06 18:00:00+00:00,tt_kelapagading,Kelapa Gading,Jabodetabek,29.0,29.0,1059.0,1059.0,0.0,0.0,1.0,True
2026-08-06 18:00:00+00:00,tt_kuningan,Jl. HR Rasuna Said,Jabodetabek,21.0,21.0,208.0,208.0,0.0,0.0,1.0,True
2026-08-06 18:00:00+00:00,tt_sudirman,Jl. Sudirman (HI),Jabodetabek,38.0,38.0,377.0,377.0,0.0,0.0,1.0,True
2026-08-06 18:00:00+00:00,tt_tangerang,Tol Jakarta-Merak,Jabodetabek,48.0,48.0,193.0,193.0,0.0,0.0,1.0,True
2026-08-06 18:00:00+00:00,tt_tbsimatupang,TB Simatupang,Jabodetabek,72.0,72.0,343.0,343.0,0.0,0.0,1.0,True
2026-08-06 18:00:00+00:00,tt_thamrin,Jl. MH Thamrin,Jabodetabek,22.0,22.0,261.0,261.0,0.0,0.0,1.0,True
2026-08-06 19:00:00+00:00,tt_bekasi,Tol Jakarta-Cikampek,Jabodetabek,18.0,18.0,1072.0,1072.0,0.0,0.0,1.0,True
2026-08-06 19:00:00+00:00,tt_bogor,Tol Jagorawi (Bogor),Jabodetabek,45.0,45.0,658.0,658.0,0.0,0.0,1.0,True
2026-08-06 19:00:00+00:00,tt_bsd,BSD/Serpong,Jabodetabek,34.0,34.0,165.0,165.0,0.0,0.0,1.0,True
2026-08-06 19:00:00+00:00,tt_cawang,Cawang interchange,Jabodetabek,43.0,43.0,62.0,62.0,0.0,0.0,1.0,True
2026-08-06 19:00:00+00:00,tt_depok,Jl. Margonda (Depok),Jabodetabek,31.0,31.0,1778.0,1778.0,0.0,0.0,1.0,True
2026-08-06 19:00:00+00:00,tt_gatsu,Jl. Gatot Subroto,Jabodetabek,45.0,45.0,52.0,52.0,0.0,0.0,1.0,True
2026-08-06 19:00:00+00:00,tt_grogol,Grogol,Jabodetabek,40.0,40.0,304.0,304.0,0.0,0.0,1.0,True
2026-08-06 19:00:00+00:00,tt_kebonjeruk,Tol Kebon Jeruk,Jabodetabek,35.0,35.0,1158.0,1158.0,0.0,0.0,1.0,True
2026-08-06 19:00:00+00:00,tt_kelapagading,Kelapa Gading,Jabodetabek,29.0,29.0,1059.0,1059.0,0.0,0.0,1.0,True
2026-08-06 19:00:00+00:00,tt_kuningan,Jl. HR Rasuna Said,Jabodetabek,21.0,21.0,208.0,208.0,0.0,0.0,1.0,True
2026-08-06 19:00:00+00:00,tt_sudirman,Jl. Sudirman (HI),Jabodetabek,38.0,38.0,377.0,377.0,0.0,0.0,1.0,True
2026-08-06 19:00:00+00:00,tt_tangerang,Tol Jakarta-Merak,Jabodetabek,48.0,48.0,193.0,193.0,0.0,0.0,1.0,True
2026-08-06 19:00:00+00:00,tt_tbsimatupang,TB Simatupang,Jabodetabek,72.0,72.0,343.0,343.0,0.0,0.0,1.0,True
2026-08-06 19:00:00+00:00,tt_thamrin,Jl. MH Thamrin,Jabodetabek,22.0,22.0,261.0,261.0,0.0,0.0,1.0,True
2026-08-06 20:00:00+00:00,tt_bekasi,,,,,,,,,,False
2026-08-06 20:00:00+00:00,tt_bogor,,,,,,,,,,False
2026-08-06 20:00:00+00:00,tt_bsd,,,,,,,,,,False
2026-08-06 20:00:00+00:00,tt_cawang,,,,,,,,,,False
2026-08-06 20:00:00+00:00,tt_depok,,,,,,,,,,False
2026-08-06 20:00:00+00:00,tt_gatsu,,,,,,,,,,False
2026-08-06 20:00:00+00:00,tt_grogol,,,,,,,,,,False
2026-08-06 20:00:00+00:00,tt_kebonjeruk,,,,,,,,,,False
2026-08-06 20:00:00+00:00,tt_kelapagading,,,,,,,,,,False
2026-08-06 20:00:00+00:00,tt_kuningan,,,,,,,,,,False
2026-08-06 20:00:00+00:00,tt_sudirman,,,,,,,,,,False
2026-08-06 20:00:00+00:00,tt_tangerang,,,,,,,,,,False
2026-08-06 20:00:00+00:00,tt_tbsimatupang,,,,,,,,,,False
2026-08-06 20:00:00+00:00,tt_thamrin,,,,,,,,,,False
2026-08-06 21:00:00+00:00,tt_bekasi,Tol Jakarta-Cikampek,Jabodetabek,18.0,18.0,1072.0,1072.0,0.0,0.0,1.0,True
2026-08-06 21:00:00+00:00,tt_bogor,Tol Jagorawi (Bogor),Jabodetabek,45.0,45.0,658.0,658.0,0.0,0.0,1.0,True
2026-08-06 21:00:00+00:00,tt_bsd,BSD/Serpong,Jabodetabek,34.0,34.0,165.0,165.0,0.0,0.0,1.0,True
2026-08-06 21:00:00+00:00,tt_cawang,Cawang interchange,Jabodetabek,43.0,43.0,62.0,62.0,0.0,0.0,1.0,True
2026-08-06 21:00:00+00:00,tt_depok,Jl. Margonda (Depok),Jabodetabek,31.0,31.0,1778.0,1778.0,0.0,0.0,1.0,True
2026-08-06 21:00:00+00:00,tt_gatsu,Jl. Gatot Subroto,Jabodetabek,45.0,45.0,52.0,52.0,0.0,0.0,1.0,True
2026-08-06 21:00:00+00:00,tt_grogol,Grogol,Jabodetabek,40.0,40.0,304.0,304.0,0.0,0.0,1.0,True
2026-08-06 21:00:00+00:00,tt_kebonjeruk,Tol Kebon Jeruk,Jabodetabek,35.0,35.0,1158.0,1158.0,0.0,0.0,1.0,True
2026-08-06 21:00:00+00:00,tt_kelapagading,Kelapa Gading,Jabodetabek,29.0,29.0,1059.0,1059.0,0.0,0.0,1.0,True
2026-08-06 21:00:00+00:00,tt_kuningan,Jl. HR Rasuna Said,Jabodetabek,21.0,21.0,208.0,208.0,0.0,0.0,1.0,True
2026-08-06 21:00:00+00:00,tt_sudirman,Jl. Sudirman (HI),Jabodetabek,38.0,38.0,377.0,377.0,0.0,0.0,1.0,True
2026-08-06 21:00:00+00:00,tt_tangerang,Tol Jakarta-Merak,Jabodetabek,48.0,48.0,193.0,193.0,0.0,0.0,1.0,True
2026-08-06 21:00:00+00:00,tt_tbsimatupang,TB Simatupang,Jabodetabek,72.0,72.0,343.0,343.0,0.0,0.0,1.0,True
2026-08-06 21:00:00+00:00,tt_thamrin,Jl. MH Thamrin,Jabodetabek,22.0,22.0,261.0,261.0,0.0,0.0,1.0,True
2026-08-06 22:00:00+00:00,tt_bekasi,Tol Jakarta-Cikampek,Jabodetabek,18.0,18.0,1072.0,1072.0,0.0,0.0,1.0,True
2026-08-06 22:00:00+00:00,tt_bogor,Tol Jagorawi (Bogor),Jabodetabek,45.0,45.0,658.0,658.0,0.0,0.0,1.0,True
2026-08-06 22:00:00+00:00,tt_bsd,BSD/Serpong,Jabodetabek,34.0,34.0,165.0,165.0,0.0,0.0,1.0,True
2026-08-06 22:00:00+00:00,tt_cawang,Cawang interchange,Jabodetabek,43.0,43.0,62.0,62.0,0.0,0.0,1.0,True
2026-08-06 22:00:00+00:00,tt_depok,Jl. Margonda (Depok),Jabodetabek,31.0,31.0,1778.0,1778.0,0.0,0.0,1.0,True
2026-08-06 22:00:00+00:00,tt_gatsu,Jl. Gatot Subroto,Jabodetabek,45.0,45.0,52.0,52.0,0.0,0.0,1.0,True
2026-08-06 22:00:00+00:00,tt_grogol,Grogol,Jabodetabek,40.0,40.0,304.0,304.0,0.0,0.0,1.0,True
2026-08-06 22:00:00+00:00,tt_kebonjeruk,Tol Kebon Jeruk,Jabodetabek,35.0,35.0,1158.0,1158.0,0.0,0.0,1.0,True
2026-08-06 22:00:00+00:00,tt_kelapagading,Kelapa Gading,Jabodetabek,29.0,29.0,1059.0,1059.0,0.0,0.0,1.0,True
2026-08-06 22:00:00+00:00,tt_kuningan,Jl. HR Rasuna Said,Jabodetabek,21.0,21.0,208.0,208.0,0.0,0.0,1.0,True
2026-08-06 22:00:00+00:00,tt_sudirman,Jl. Sudirman (HI),Jabodetabek,38.0,38.0,377.0,377.0,0.0,0.0,1.0,True
2026-08-06 22:00:00+00:00,tt_tangerang,Tol Jakarta-Merak,Jabodetabek,48.0,48.0,193.0,193.0,0.0,0.0,1.0,True
2026-08-06 22:00:00+00:00,tt_tbsimatupang,TB Simatupang,Jabodetabek,72.0,72.0,343.0,343.0,0.0,0.0,1.0,True
2026-08-06 22:00:00+00:00,tt_thamrin,Jl. MH Thamrin,Jabodetabek,22.0,22.0,261.0,261.0,0.0,0.0,1.0,True
2026-08-06 23:00:00+00:00,tt_bekasi,,,,,,,,,,False
2026-08-06 23:00:00+00:00,tt_bogor,,,,,,,,,,False
2026-08-06 23:00:00+00:00,tt_bsd,,,,,,,,,,False
2026-08-06 23:00:00+00:00,tt_cawang,,,,,,,,,,False
2026-08-06 23:00:00+00:00,tt_depok,,,,,,,,,,False
2026-08-06 23:00:00+00:00,tt_gatsu,,,,,,,,,,False
2026-08-06 23:00:00+00:00,tt_grogol,,,,,,,,,,False
2026-08-06 23:00:00+00:00,tt_kebonjeruk,,,,,,,,,,False
2026-08-06 23:00:00+00:00,tt_kelapagading,,,,,,,,,,False
2026-08-06 23:00:00+00:00,tt_kuningan,,,,,,,,,,False
2026-08-06 23:00:00+00:00,tt_sudirman,,,,,,,,,,False
2026-08-06 23:00:00+00:00,tt_tangerang,,,,,,,,,,False
2026-08-06 23:00:00+00:00,tt_tbsimatupang,,,,,,,,,,False
2026-08-06 23:00:00+00:00,tt_thamrin,,,,,,,,,,False
2026-08-07 00:00:00+00:00,tt_bekasi,Tol Jakarta-Cikampek,Jabodetabek,18.0,18.0,1072.0,1072.0,0.0,0.0,1.0,True
2026-08-07 00:00:00+00:00,tt_bogor,Tol Jagorawi (Bogor),Jabodetabek,36.0,45.0,823.0,658.0,0.1999999999999999,0.0,1.0,True
2026-08-07 00:00:00+00:00,tt_bsd,BSD/Serpong,Jabodetabek,34.0,34.0,165.0,165.0,0.0,0.0,1.0,True
2026-08-07 00:00:00+00:00,tt_cawang,Cawang interchange,Jabodetabek,21.0,41.0,128.0,65.0,0.4878048780487805,0.0,1.0,True
2026-08-07 00:00:00+00:00,tt_depok,Jl. Margonda (Depok),Jabodetabek,31.0,31.0,1778.0,1778.0,0.0,0.0,1.0,True
2026-08-07 00:00:00+00:00,tt_gatsu,Jl. Gatot Subroto,Jabodetabek,45.0,45.0,52.0,52.0,0.0,0.0,1.0,True
2026-08-07 00:00:00+00:00,tt_grogol,Grogol,Jabodetabek,40.0,40.0,304.0,304.0,0.0,0.0,1.0,True
2026-08-07 00:00:00+00:00,tt_kebonjeruk,Tol Kebon Jeruk,Jabodetabek,28.0,36.0,1448.0,1126.0,0.2222222222222222,0.0,1.0,True
2026-08-07 00:00:00+00:00,tt_kelapagading,Kelapa Gading,Jabodetabek,25.0,29.0,1228.0,1059.0,0.1379310344827586,0.0,0.998549,True
2026-08-07 00:00:00+00:00,tt_kuningan,Jl. HR Rasuna Said,Jabodetabek,21.0,21.0,208.0,208.0,0.0,0.0,1.0,True
2026-08-07 00:00:00+00:00,tt_sudirman,Jl. Sudirman (HI),Jabodetabek,31.0,38.0,463.0,377.0,0.1842105263157895,0.0,1.0,True
2026-08-07 00:00:00+00:00,tt_tangerang,Tol Jakarta-Merak,Jabodetabek,37.0,47.0,250.0,197.0,0.2127659574468084,0.0,1.0,True
2026-08-07 00:00:00+00:00,tt_tbsimatupang,TB Simatupang,Jabodetabek,42.0,71.0,588.0,348.0,0.4084507042253521,0.0,1.0,True
2026-08-07 00:00:00+00:00,tt_thamrin,Jl. MH Thamrin,Jabodetabek,21.0,22.0,273.0,261.0,0.0454545454545454,0.0,1.0,True
2026-08-07 01:00:00+00:00,tt_bekasi,,,,,,,,,,False
2026-08-07 01:00:00+00:00,tt_bogor,,,,,,,,,,False
2026-08-07 01:00:00+00:00,tt_bsd,,,,,,,,,,False
2026-08-07 01:00:00+00:00,tt_cawang,,,,,,,,,,False
2026-08-07 01:00:00+00:00,tt_depok,,,,,,,,,,False
2026-08-07 01:00:00+00:00,tt_gatsu,,,,,,,,,,False
2026-08-07 01:00:00+00:00,tt_grogol,,,,,,,,,,False
2026-08-07 01:00:00+00:00,tt_kebonjeruk,,,,,,,,,,False
2026-08-07 01:00:00+00:00,tt_kelapagading,,,,,,,,,,False
2026-08-07 01:00:00+00:00,tt_kuningan,,,,,,,,,,False
2026-08-07 01:00:00+00:00,tt_sudirman,,,,,,,,,,False
2026-08-07 01:00:00+00:00,tt_tangerang,,,,,,,,,,False
2026-08-07 01:00:00+00:00,tt_tbsimatupang,,,,,,,,,,False
2026-08-07 01:00:00+00:00,tt_thamrin,,,,,,,,,,False
2026-08-07 02:00:00+00:00,tt_bekasi,Tol Jakarta-Cikampek,Jabodetabek,18.0,18.0,1072.0,1072.0,0.0,0.0,1.0,True
2026-08-07 02:00:00+00:00,tt_bogor,Tol Jagorawi (Bogor),Jabodetabek,38.0,45.0,779.0,658.0,0.1555555555555555,0.0,1.0,True
2026-08-07 02:00:00+00:00,tt_bsd,BSD/Serpong,Jabodetabek,30.0,34.0,187.0,165.0,0.1176470588235294,0.0,1.0,True
2026-08-07 02:00:00+00:00,tt_cawang,Cawang interchange,Jabodetabek,20.0,41.0,135.0,65.0,0.5121951219512195,0.0,1.0,True
2026-08-07 02:00:00+00:00,tt_depok,Jl. Margonda (Depok),Jabodetabek,26.0,31.0,2120.0,1778.0,0.1612903225806451,0.0,0.953228,True
2026-08-07 02:00:00+00:00,tt_gatsu,Jl. Gatot Subroto,Jabodetabek,45.0,45.0,52.0,52.0,0.0,0.0,1.0,True
2026-08-07 02:00:00+00:00,tt_grogol,Grogol,Jabodetabek,33.0,39.0,369.0,312.0,0.1538461538461538,0.0,1.0,True
2026-08-07 02:00:00+00:00,tt_kebonjeruk,Tol Kebon Jeruk,Jabodetabek,23.0,35.0,1763.0,1158.0,0.3428571428571428,0.0,1.0,True
2026-08-07 02:00:00+00:00,tt_kelapagading,Kelapa Gading,Jabodetabek,29.0,29.0,1059.0,1059.0,0.0,0.0,1.0,True
2026-08-07 02:00:00+00:00,tt_kuningan,Jl. HR Rasuna Said,Jabodetabek,21.0,21.0,208.0,208.0,0.0,0.0,1.0,True
2026-08-07 02:00:00+00:00,tt_sudirman,Jl. Sudirman (HI),Jabodetabek,24.0,39.0,598.0,368.0,0.3846153846153846,0.0,1.0,True
2026-08-07 02:00:00+00:00,tt_tangerang,Tol Jakarta-Merak,Jabodetabek,48.0,48.0,193.0,193.0,0.0,0.0,1.0,True
2026-08-07 02:00:00+00:00,tt_tbsimatupang,TB Simatupang,Jabodetabek,53.0,72.0,466.0,343.0,0.2638888888888888,0.0,1.0,True
2026-08-07 02:00:00+00:00,tt_thamrin,Jl. MH Thamrin,Jabodetabek,22.0,22.0,261.0,261.0,0.0,0.0,1.0,True
2026-08-07 03:00:00+00:00,tt_bekasi,Tol Jakarta-Cikampek,Jabodetabek,18.0,18.0,1072.0,1072.0,0.0,0.0,1.0,True
2026-08-07 03:00:00+00:00,tt_bogor,Tol Jagorawi (Bogor),Jabodetabek,33.0,44.0,897.0,673.0,0.25,0.0,1.0,True
2026-08-07 03:00:00+00:00,tt_bsd,BSD/Serpong,Jabodetabek,34.0,34.0,165.0,165.0,0.0,0.0,1.0,True
2026-08-07 03:00:00+00:00,tt_cawang,Cawang interchange,Jabodetabek,20.0,41.0,135.0,65.0,0.5121951219512195,0.0,1.0,True
2026-08-07 03:00:00+00:00,tt_depok,Jl. Margonda (Depok),Jabodetabek,25.0,31.0,2205.0,1778.0,0.1935483870967742,0.0,0.977651,True
2026-08-07 03:00:00+00:00,tt_gatsu,Jl. Gatot Subroto,Jabodetabek,45.0,45.0,52.0,52.0,0.0,0.0,1.0,True
2026-08-07 03:00:00+00:00,tt_grogol,Grogol,Jabodetabek,28.0,40.0,435.0,304.0,0.3,0.0,1.0,True
2026-08-07 03:00:00+00:00,tt_kebonjeruk,Tol Kebon Jeruk,Jabodetabek,26.0,35.0,1559.0,1158.0,0.2571428571428571,0.0,1.0,True
2026-08-07 03:00:00+00:00,tt_kelapagading,Kelapa Gading,Jabodetabek,24.0,29.0,1280.0,1059.0,0.1724137931034483,0.0,1.0,True
2026-08-07 03:00:00+00:00,tt_kuningan,Jl. HR Rasuna Said,Jabodetabek,21.0,21.0,208.0,208.0,0.0,0.0,1.0,True
2026-08-07 03:00:00+00:00,tt_sudirman,Jl. Sudirman (HI),Jabodetabek,28.0,39.0,512.0,368.0,0.282051282051282,0.0,1.0,True
2026-08-07 03:00:00+00:00,tt_tangerang,Tol Jakarta-Merak,Jabodetabek,35.0,48.0,264.0,193.0,0.2708333333333333,0.0,1.0,True
2026-08-07 03:00:00+00:00,tt_tbsimatupang,TB Simatupang,Jabodetabek,43.0,71.0,575.0,348.0,0.3943661971830986,0.0,1.0,True
2026-08-07 03:00:00+00:00,tt_thamrin,Jl. MH Thamrin,Jabodetabek,20.0,24.0,287.0,239.0,0.1666666666666666,0.0,1.0,True
2026-08-07 04:00:00+00:00,tt_bekasi,,,,,,,,,,False
2026-08-07 04:00:00+00:00,tt_bogor,,,,,,,,,,False
2026-08-07 04:00:00+00:00,tt_bsd,,,,,,,,,,False
2026-08-07 04:00:00+00:00,tt_cawang,,,,,,,,,,False
2026-08-07 04:00:00+00:00,tt_depok,,,,,,,,,,False
2026-08-07 04:00:00+00:00,tt_gatsu,,,,,,,,,,False
2026-08-07 04:00:00+00:00,tt_grogol,,,,,,,,,,False
2026-08-07 04:00:00+00:00,tt_kebonjeruk,,,,,,,,,,False
2026-08-07 04:00:00+00:00,tt_kelapagading,,,,,,,,,,False
2026-08-07 04:00:00+00:00,tt_kuningan,,,,,,,,,,False
2026-08-07 04:00:00+00:00,tt_sudirman,,,,,,,,,,False
2026-08-07 04:00:00+00:00,tt_tangerang,,,,,,,,,,False
2026-08-07 04:00:00+00:00,tt_tbsimatupang,,,,,,,,,,False
2026-08-07 04:00:00+00:00,tt_thamrin,,,,,,,,,,False
2026-08-07 05:00:00+00:00,tt_bekasi,Tol Jakarta-Cikampek,Jabodetabek,18.0,18.0,1072.0,1072.0,0.0,0.0,1.0,True
2026-08-07 05:00:00+00:00,tt_bogor,Tol Jagorawi (Bogor),Jabodetabek,37.0,44.0,800.0,673.0,0.159090909090909,0.0,1.0,True
2026-08-07 05:00:00+00:00,tt_bsd,BSD/Serpong,Jabodetabek,34.0,34.0,165.0,165.0,0.0,0.0,1.0,True
2026-08-07 05:00:00+00:00,tt_cawang,Cawang interchange,Jabodetabek,18.0,41.0,150.0,65.0,0.5609756097560976,0.0,1.0,True
2026-08-07 05:00:00+00:00,tt_depok,Jl. Margonda (Depok),Jabodetabek,31.0,31.0,1778.0,1778.0,0.0,0.0,1.0,True
2026-08-07 05:00:00+00:00,tt_gatsu,Jl. Gatot Subroto,Jabodetabek,45.0,45.0,52.0,52.0,0.0,0.0,1.0,True
2026-08-07 05:00:00+00:00,tt_grogol,Grogol,Jabodetabek,40.0,40.0,304.0,304.0,0.0,0.0,1.0,True
2026-08-07 05:00:00+00:00,tt_kebonjeruk,Tol Kebon Jeruk,Jabodetabek,27.0,35.0,1501.0,1158.0,0.2285714285714285,0.0,1.0,True
2026-08-07 05:00:00+00:00,tt_kelapagading,Kelapa Gading,Jabodetabek,22.0,29.0,1396.0,1059.0,0.2413793103448276,0.0,0.998058,True
2026-08-07 05:00:00+00:00,tt_kuningan,Jl. HR Rasuna Said,Jabodetabek,17.0,20.0,256.0,218.0,0.15,0.0,0.985019,True
2026-08-07 05:00:00+00:00,tt_sudirman,Jl. Sudirman (HI),Jabodetabek,34.0,38.0,422.0,377.0,0.1052631578947368,0.0,1.0,True
2026-08-07 05:00:00+00:00,tt_tangerang,Tol Jakarta-Merak,Jabodetabek,39.0,48.0,237.0,193.0,0.1875,0.0,1.0,True
2026-08-07 05:00:00+00:00,tt_tbsimatupang,TB Simatupang,Jabodetabek,47.0,71.0,526.0,348.0,0.3380281690140845,0.0,1.0,True
2026-08-07 05:00:00+00:00,tt_thamrin,Jl. MH Thamrin,Jabodetabek,21.0,23.0,273.0,249.0,0.0869565217391304,0.0,1.0,True
2026-08-07 06:00:00+00:00,tt_bekasi,Tol Jakarta-Cikampek,Jabodetabek,18.0,18.0,1072.0,1072.0,0.0,0.0,1.0,True
2026-08-07 06:00:00+00:00,tt_bogor,Tol Jagorawi (Bogor),Jabodetabek,34.0,44.0,871.0,673.0,0.2272727272727273,0.0,1.0,True
2026-08-07 06:00:00+00:00,tt_bsd,BSD/Serpong,Jabodetabek,34.0,34.0,165.0,165.0,0.0,0.0,1.0,True
2026-08-07 06:00:00+00:00,tt_cawang,Cawang interchange,Jabodetabek,18.0,41.0,150.0,65.0,0.5609756097560976,0.0,1.0,True
2026-08-07 06:00:00+00:00,tt_depok,Jl. Margonda (Depok),Jabodetabek,26.0,31.0,2120.0,1778.0,0.1612903225806451,0.0,0.975557,True
2026-08-07 06:00:00+00:00,tt_gatsu,Jl. Gatot Subroto,Jabodetabek,45.0,45.0,52.0,52.0,0.0,0.0,1.0,True
2026-08-07 06:00:00+00:00,tt_grogol,Grogol,Jabodetabek,31.0,40.0,393.0,304.0,0.2249999999999999,0.0,1.0,True
2026-08-07 06:00:00+00:00,tt_kebonjeruk,Tol Kebon Jeruk,Jabodetabek,24.0,35.0,1689.0,1158.0,0.3142857142857143,0.0,1.0,True
2026-08-07 06:00:00+00:00,tt_kelapagading,Kelapa Gading,Jabodetabek,17.0,29.0,1807.0,1059.0,0.4137931034482759,0.0,0.998551,True
2026-08-07 06:00:00+00:00,tt_kuningan,Jl. HR Rasuna Said,Jabodetabek,21.0,21.0,208.0,208.0,0.0,0.0,1.0,True
2026-08-07 06:00:00+00:00,tt_sudirman,Jl. Sudirman (HI),Jabodetabek,30.0,38.0,478.0,377.0,0.2105263157894736,0.0,1.0,True
2026-08-07 06:00:00+00:00,tt_tangerang,Tol Jakarta-Merak,Jabodetabek,36.0,47.0,257.0,197.0,0.2340425531914893,0.0,1.0,True
2026-08-07 06:00:00+00:00,tt_tbsimatupang,TB Simatupang,Jabodetabek,55.0,72.0,449.0,343.0,0.2361111111111111,0.0,1.0,True
2026-08-07 06:00:00+00:00,tt_thamrin,Jl. MH Thamrin,Jabodetabek,22.0,22.0,261.0,261.0,0.0,0.0,1.0,True
2026-08-07 07:00:00+00:00,tt_bekasi,,,,,,,,,,False
2026-08-07 07:00:00+00:00,tt_bogor,,,,,,,,,,False
2026-08-07 07:00:00+00:00,tt_bsd,,,,,,,,,,False
2026-08-07 07:00:00+00:00,tt_cawang,,,,,,,,,,False
2026-08-07 07:00:00+00:00,tt_depok,,,,,,,,,,False
2026-08-07 07:00:00+00:00,tt_gatsu,,,,,,,,,,False
2026-08-07 07:00:00+00:00,tt_grogol,,,,,,,,,,False
2026-08-07 07:00:00+00:00,tt_kebonjeruk,,,,,,,,,,False
2026-08-07 07:00:00+00:00,tt_kelapagading,,,,,,,,,,False
2026-08-07 07:00:00+00:00,tt_kuningan,,,,,,,,,,False
2026-08-07 07:00:00+00:00,tt_sudirman,,,,,,,,,,False
2026-08-07 07:00:00+00:00,tt_tangerang,,,,,,,,,,False
2026-08-07 07:00:00+00:00,tt_tbsimatupang,,,,,,,,,,False
2026-08-07 07:00:00+00:00,tt_thamrin,,,,,,,,,,False
2026-08-07 08:00:00+00:00,tt_bekasi,Tol Jakarta-Cikampek,Jabodetabek,14.0,17.0,1378.0,1135.0,0.1764705882352941,0.0,0.939351,True
2026-08-07 08:00:00+00:00,tt_bogor,Tol Jagorawi (Bogor),Jabodetabek,34.0,44.0,871.0,673.0,0.2272727272727273,0.0,1.0,True
2026-08-07 08:00:00+00:00,tt_bsd,BSD/Serpong,Jabodetabek,34.0,34.0,165.0,165.0,0.0,0.0,1.0,True
2026-08-07 08:00:00+00:00,tt_cawang,Cawang interchange,Jabodetabek,26.0,42.0,103.0,64.0,0.3809523809523809,0.0,1.0,True
2026-08-07 08:00:00+00:00,tt_depok,Jl. Margonda (Depok),Jabodetabek,26.0,31.0,2120.0,1778.0,0.1612903225806451,0.0,0.984068,True
2026-08-07 08:00:00+00:00,tt_gatsu,Jl. Gatot Subroto,Jabodetabek,31.0,45.0,76.0,52.0,0.3111111111111111,0.0,1.0,True
2026-08-07 08:00:00+00:00,tt_grogol,Grogol,Jabodetabek,35.0,40.0,348.0,304.0,0.125,0.0,1.0,True
2026-08-07 08:00:00+00:00,tt_kebonjeruk,Tol Kebon Jeruk,Jabodetabek,23.0,36.0,1763.0,1126.0,0.3611111111111111,0.0,1.0,True
2026-08-07 08:00:00+00:00,tt_kelapagading,Kelapa Gading,Jabodetabek,20.0,29.0,1536.0,1059.0,0.3103448275862068,0.0,0.997464,True
2026-08-07 08:00:00+00:00,tt_kuningan,Jl. HR Rasuna Said,Jabodetabek,21.0,21.0,208.0,208.0,0.0,0.0,1.0,True
2026-08-07 08:00:00+00:00,tt_sudirman,Jl. Sudirman (HI),Jabodetabek,18.0,39.0,797.0,368.0,0.5384615384615384,0.0,1.0,True
2026-08-07 08:00:00+00:00,tt_tangerang,Tol Jakarta-Merak,Jabodetabek,37.0,48.0,250.0,193.0,0.2291666666666666,0.0,1.0,True
2026-08-07 08:00:00+00:00,tt_tbsimatupang,TB Simatupang,Jabodetabek,58.0,71.0,426.0,348.0,0.1830985915492957,0.0,1.0,True
2026-08-07 08:00:00+00:00,tt_thamrin,Jl. MH Thamrin,Jabodetabek,20.0,24.0,287.0,239.0,0.1666666666666666,0.0,1.0,True
2026-08-07 09:00:00+00:00,tt_bekasi,Tol Jakarta-Cikampek,Jabodetabek,18.0,18.0,1072.0,1072.0,0.0,0.0,1.0,True
2026-08-07 09:00:00+00:00,tt_bogor,Tol Jagorawi (Bogor),Jabodetabek,32.0,45.0,925.0,658.0,0.2888888888888888,0.0,1.0,True
2026-08-07 09:00:00+00:00,tt_bsd,BSD/Serpong,Jabodetabek,34.0,34.0,165.0,165.0,0.0,0.0,1.0,True
2026-08-07 09:00:00+00:00,tt_cawang,Cawang interchange,Jabodetabek,31.0,42.0,87.0,64.0,0.2619047619047618,0.0,1.0,True
2026-08-07 09:00:00+00:00,tt_depok,Jl. Margonda (Depok),Jabodetabek,25.0,31.0,2205.0,1778.0,0.1935483870967742,0.0,0.984564,True
2026-08-07 09:00:00+00:00,tt_gatsu,Jl. Gatot Subroto,Jabodetabek,45.0,45.0,52.0,52.0,0.0,0.0,1.0,True
2026-08-07 09:00:00+00:00,tt_grogol,Grogol,Jabodetabek,31.0,40.0,393.0,304.0,0.2249999999999999,0.0,0.997804,True
2026-08-07 09:00:00+00:00,tt_kebonjeruk,Tol Kebon Jeruk,Jabodetabek,20.0,36.0,2027.0,1126.0,0.4444444444444444,0.0,1.0,True
2026-08-07 09:00:00+00:00,tt_kelapagading,Kelapa Gading,Jabodetabek,22.0,29.0,1396.0,1059.0,0.2413793103448276,0.0,1.0,True
2026-08-07 09:00:00+00:00,tt_kuningan,Jl. HR Rasuna Said,Jabodetabek,21.0,21.0,208.0,208.0,0.0,0.0,1.0,True
2026-08-07 09:00:00+00:00,tt_sudirman,Jl. Sudirman (HI),Jabodetabek,26.0,38.0,552.0,377.0,0.3157894736842105,0.0,1.0,True
2026-08-07 09:00:00+00:00,tt_tangerang,Tol Jakarta-Merak,Jabodetabek,38.0,47.0,244.0,197.0,0.1914893617021277,0.0,1.0,True
2026-08-07 09:00:00+00:00,tt_tbsimatupang,TB Simatupang,Jabodetabek,25.0,72.0,989.0,343.0,0.6527777777777778,0.0,1.0,True
2026-08-07 09:00:00+00:00,tt_thamrin,Jl. MH Thamrin,Jabodetabek,16.0,22.0,359.0,261.0,0.2727272727272727,0.0,1.0,True
2026-08-07 10:00:00+00:00,tt_bekasi,,,,,,,,,,False
2026-08-07 10:00:00+00:00,tt_bogor,,,,,,,,,,False
2026-08-07 10:00:00+00:00,tt_bsd,,,,,,,,,,False
2026-08-07 10:00:00+00:00,tt_cawang,,,,,,,,,,False
2026-08-07 10:00:00+00:00,tt_depok,,,,,,,,,,False
2026-08-07 10:00:00+00:00,tt_gatsu,,,,,,,,,,False
2026-08-07 10:00:00+00:00,tt_grogol,,,,,,,,,,False
2026-08-07 10:00:00+00:00,tt_kebonjeruk,,,,,,,,,,False
2026-08-07 10:00:00+00:00,tt_kelapagading,,,,,,,,,,False
2026-08-07 10:00:00+00:00,tt_kuningan,,,,,,,,,,False
2026-08-07 10:00:00+00:00,tt_sudirman,,,,,,,,,,False
2026-08-07 10:00:00+00:00,tt_tangerang,,,,,,,,,,False
2026-08-07 10:00:00+00:00,tt_tbsimatupang,,,,,,,,,,False
2026-08-07 10:00:00+00:00,tt_thamrin,,,,,,,,,,False
2026-08-07 11:00:00+00:00,tt_bekasi,Tol Jakarta-Cikampek,Jabodetabek,14.0,18.0,1378.0,1072.0,0.2222222222222222,0.0,0.963921,True
2026-08-07 11:00:00+00:00,tt_bogor,Tol Jagorawi (Bogor),Jabodetabek,34.0,44.0,871.0,673.0,0.2272727272727273,0.0,1.0,True
2026-08-07 11:00:00+00:00,tt_bsd,BSD/Serpong,Jabodetabek,28.0,33.0,200.0,170.0,0.1515151515151515,0.0,1.0,True
2026-08-07 11:00:00+00:00,tt_cawang,Cawang interchange,Jabodetabek,32.0,42.0,84.0,64.0,0.2380952380952381,0.0,1.0,True
2026-08-07 11:00:00+00:00,tt_depok,Jl. Margonda (Depok),Jabodetabek,26.0,31.0,2120.0,1778.0,0.1612903225806451,0.0,0.991421,True
2026-08-07 11:00:00+00:00,tt_gatsu,Jl. Gatot Subroto,Jabodetabek,12.0,44.0,196.0,53.0,0.7272727272727273,0.0,1.0,True
2026-08-07 11:00:00+00:00,tt_grogol,Grogol,Jabodetabek,33.0,40.0,369.0,304.0,0.175,0.0,1.0,True
2026-08-07 11:00:00+00:00,tt_kebonjeruk,Tol Kebon Jeruk,Jabodetabek,23.0,36.0,1763.0,1126.0,0.3611111111111111,0.0,1.0,True
2026-08-07 11:00:00+00:00,tt_kelapagading,Kelapa Gading,Jabodetabek,20.0,30.0,1536.0,1024.0,0.3333333333333333,0.0,1.0,True
2026-08-07 11:00:00+00:00,tt_kuningan,Jl. HR Rasuna Said,Jabodetabek,11.0,20.0,397.0,218.0,0.4499999999999999,0.0,1.0,True
2026-08-07 11:00:00+00:00,tt_sudirman,Jl. Sudirman (HI),Jabodetabek,17.0,39.0,844.0,368.0,0.5641025641025641,0.0,1.0,True
2026-08-07 11:00:00+00:00,tt_tangerang,Tol Jakarta-Merak,Jabodetabek,26.0,48.0,356.0,193.0,0.4583333333333333,0.0,1.0,True
2026-08-07 11:00:00+00:00,tt_tbsimatupang,TB Simatupang,Jabodetabek,22.0,72.0,1124.0,343.0,0.6944444444444444,0.0,1.0,True
2026-08-07 11:00:00+00:00,tt_thamrin,Jl. MH Thamrin,Jabodetabek,18.0,24.0,319.0,239.0,0.25,0.0,1.0,True
2026-08-07 12:00:00+00:00,tt_bekasi,,,,,,,,,,False
2026-08-07 12:00:00+00:00,tt_bogor,,,,,,,,,,False
2026-08-07 12:00:00+00:00,tt_bsd,,,,,,,,,,False
2026-08-07 12:00:00+00:00,tt_cawang,,,,,,,,,,False
2026-08-07 12:00:00+00:00,tt_depok,,,,,,,,,,False
2026-08-07 12:00:00+00:00,tt_gatsu,,,,,,,,,,False
2026-08-07 12:00:00+00:00,tt_grogol,,,,,,,,,,False
2026-08-07 12:00:00+00:00,tt_kebonjeruk,,,,,,,,,,False
2026-08-07 12:00:00+00:00,tt_kelapagading,,,,,,,,,,False
2026-08-07 12:00:00+00:00,tt_kuningan,,,,,,,,,,False
2026-08-07 12:00:00+00:00,tt_sudirman,,,,,,,,,,False
2026-08-07 12:00:00+00:00,tt_tangerang,,,,,,,,,,False
2026-08-07 12:00:00+00:00,tt_tbsimatupang,,,,,,,,,,False
2026-08-07 12:00:00+00:00,tt_thamrin,,,,,,,,,,False
2026-08-07 13:00:00+00:00,tt_bekasi,Tol Jakarta-Cikampek,Jabodetabek,14.0,17.0,1378.0,1135.0,0.1764705882352941,0.0,0.978572,True
2026-08-07 13:00:00+00:00,tt_bogor,Tol Jagorawi (Bogor),Jabodetabek,34.0,44.0,871.0,673.0,0.2272727272727273,0.0,1.0,True
2026-08-07 13:00:00+00:00,tt_bsd,BSD/Serpong,Jabodetabek,27.0,34.0,208.0,165.0,0.2058823529411765,0.0,1.0,True
2026-08-07 13:00:00+00:00,tt_cawang,Cawang interchange,Jabodetabek,29.0,42.0,93.0,64.0,0.3095238095238095,0.0,1.0,True
2026-08-07 13:00:00+00:00,tt_depok,Jl. Margonda (Depok),Jabodetabek,25.0,31.0,2205.0,1778.0,0.1935483870967742,0.0,0.99408,True
2026-08-07 13:00:00+00:00,tt_gatsu,Jl. Gatot Subroto,Jabodetabek,45.0,45.0,52.0,52.0,0.0,0.0,1.0,True
2026-08-07 13:00:00+00:00,tt_grogol,Grogol,Jabodetabek,40.0,40.0,304.0,304.0,0.0,0.0,1.0,True
2026-08-07 13:00:00+00:00,tt_kebonjeruk,Tol Kebon Jeruk,Jabodetabek,24.0,35.0,1689.0,1158.0,0.3142857142857143,0.0,1.0,True
2026-08-07 13:00:00+00:00,tt_kelapagading,Kelapa Gading,Jabodetabek,21.0,29.0,1463.0,1059.0,0.2758620689655172,0.0,1.0,True
2026-08-07 13:00:00+00:00,tt_kuningan,Jl. HR Rasuna Said,Jabodetabek,15.0,20.0,291.0,218.0,0.25,0.0,1.0,True
2026-08-07 13:00:00+00:00,tt_sudirman,Jl. Sudirman (HI),Jabodetabek,28.0,38.0,512.0,377.0,0.2631578947368421,0.0,1.0,True
2026-08-07 13:00:00+00:00,tt_tangerang,Tol Jakarta-Merak,Jabodetabek,48.0,48.0,193.0,193.0,0.0,0.0,1.0,True
2026-08-07 13:00:00+00:00,tt_tbsimatupang,TB Simatupang,Jabodetabek,46.0,72.0,537.0,343.0,0.3611111111111111,0.0,1.0,True
2026-08-07 13:00:00+00:00,tt_thamrin,Jl. MH Thamrin,Jabodetabek,15.0,22.0,383.0,261.0,0.3181818181818182,0.0,1.0,True
2026-08-07 14:00:00+00:00,tt_bekasi,Tol Jakarta-Cikampek,Jabodetabek,18.0,18.0,1072.0,1072.0,0.0,0.0,1.0,True
2026-08-07 14:00:00+00:00,tt_bogor,Tol Jagorawi (Bogor),Jabodetabek,45.0,45.0,658.0,658.0,0.0,0.0,1.0,True
2026-08-07 14:00:00+00:00,tt_bsd,BSD/Serpong,Jabodetabek,34.0,34.0,165.0,165.0,0.0,0.0,1.0,True
2026-08-07 14:00:00+00:00,tt_cawang,Cawang interchange,Jabodetabek,30.0,43.0,90.0,62.0,0.3023255813953488,0.0,1.0,True
2026-08-07 14:00:00+00:00,tt_depok,Jl. Margonda (Depok),Jabodetabek,25.0,31.0,2205.0,1778.0,0.1935483870967742,0.0,0.994802,True
2026-08-07 14:00:00+00:00,tt_gatsu,Jl. Gatot Subroto,Jabodetabek,45.0,45.0,52.0,52.0,0.0,0.0,1.0,True
2026-08-07 14:00:00+00:00,tt_grogol,Grogol,Jabodetabek,40.0,40.0,304.0,304.0,0.0,0.0,1.0,True
2026-08-07 14:00:00+00:00,tt_kebonjeruk,Tol Kebon Jeruk,Jabodetabek,27.0,35.0,1501.0,1158.0,0.2285714285714285,0.0,1.0,True
2026-08-07 14:00:00+00:00,tt_kelapagading,Kelapa Gading,Jabodetabek,25.0,28.0,1228.0,1097.0,0.1071428571428571,0.0,0.998266,True
2026-08-07 14:00:00+00:00,tt_kuningan,Jl. HR Rasuna Said,Jabodetabek,17.0,20.0,256.0,218.0,0.15,0.0,0.992217,True
2026-08-07 14:00:00+00:00,tt_sudirman,Jl. Sudirman (HI),Jabodetabek,31.0,38.0,463.0,377.0,0.1842105263157895,0.0,1.0,True
2026-08-07 14:00:00+00:00,tt_tangerang,Tol Jakarta-Merak,Jabodetabek,48.0,48.0,193.0,193.0,0.0,0.0,1.0,True
2026-08-07 14:00:00+00:00,tt_tbsimatupang,TB Simatupang,Jabodetabek,57.0,71.0,433.0,348.0,0.1971830985915492,0.0,1.0,True
2026-08-07 14:00:00+00:00,tt_thamrin,Jl. MH Thamrin,Jabodetabek,19.0,24.0,302.0,239.0,0.2083333333333333,0.0,1.0,True
2026-08-07 15:00:00+00:00,tt_bekasi,,,,,,,,,,False
2026-08-07 15:00:00+00:00,tt_bogor,,,,,,,,,,False
2026-08-07 15:00:00+00:00,tt_bsd,,,,,,,,,,False
2026-08-07 15:00:00+00:00,tt_cawang,,,,,,,,,,False
2026-08-07 15:00:00+00:00,tt_depok,,,,,,,,,,False
2026-08-07 15:00:00+00:00,tt_gatsu,,,,,,,,,,False
2026-08-07 15:00:00+00:00,tt_grogol,,,,,,,,,,False
2026-08-07 15:00:00+00:00,tt_kebonjeruk,,,,,,,,,,False
2026-08-07 15:00:00+00:00,tt_kelapagading,,,,,,,,,,False
2026-08-07 15:00:00+00:00,tt_kuningan,,,,,,,,,,False
2026-08-07 15:00:00+00:00,tt_sudirman,,,,,,,,,,False
2026-08-07 15:00:00+00:00,tt_tangerang,,,,,,,,,,False
2026-08-07 15:00:00+00:00,tt_tbsimatupang,,,,,,,,,,False
2026-08-07 15:00:00+00:00,tt_thamrin,,,,,,,,,,False
2026-08-07 16:00:00+00:00,tt_bekasi,Tol Jakarta-Cikampek,Jabodetabek,18.0,18.0,1072.0,1072.0,0.0,0.0,1.0,True
2026-08-07 16:00:00+00:00,tt_bogor,Tol Jagorawi (Bogor),Jabodetabek,45.0,45.0,658.0,658.0,0.0,0.0,1.0,True
2026-08-07 16:00:00+00:00,tt_bsd,BSD/Serpong,Jabodetabek,34.0,34.0,165.0,165.0,0.0,0.0,1.0,True
2026-08-07 16:00:00+00:00,tt_cawang,Cawang interchange,Jabodetabek,43.0,43.0,62.0,62.0,0.0,0.0,1.0,True
2026-08-07 16:00:00+00:00,tt_depok,Jl. Margonda (Depok),Jabodetabek,31.0,31.0,1778.0,1778.0,0.0,0.0,1.0,True
2026-08-07 16:00:00+00:00,tt_gatsu,Jl. Gatot Subroto,Jabodetabek,45.0,45.0,52.0,52.0,0.0,0.0,1.0,True
2026-08-07 16:00:00+00:00,tt_grogol,Grogol,Jabodetabek,40.0,40.0,304.0,304.0,0.0,0.0,1.0,True
2026-08-07 16:00:00+00:00,tt_kebonjeruk,Tol Kebon Jeruk,Jabodetabek,35.0,35.0,1158.0,1158.0,0.0,0.0,1.0,True
2026-08-07 16:00:00+00:00,tt_kelapagading,Kelapa Gading,Jabodetabek,29.0,29.0,1059.0,1059.0,0.0,0.0,1.0,True
2026-08-07 16:00:00+00:00,tt_kuningan,Jl. HR Rasuna Said,Jabodetabek,17.0,20.0,256.0,218.0,0.15,0.0,0.99,True
2026-08-07 16:00:00+00:00,tt_sudirman,Jl. Sudirman (HI),Jabodetabek,38.0,38.0,377.0,377.0,0.0,0.0,1.0,True
2026-08-07 16:00:00+00:00,tt_tangerang,Tol Jakarta-Merak,Jabodetabek,48.0,48.0,193.0,193.0,0.0,0.0,1.0,True
2026-08-07 16:00:00+00:00,tt_tbsimatupang,TB Simatupang,Jabodetabek,72.0,72.0,343.0,343.0,0.0,0.0,1.0,True
2026-08-07 16:00:00+00:00,tt_thamrin,Jl. MH Thamrin,Jabodetabek,22.0,22.0,261.0,261.0,0.0,0.0,1.0,True
2026-08-07 17:00:00+00:00,tt_bekasi,Tol Jakarta-Cikampek,Jabodetabek,18.0,18.0,1072.0,1072.0,0.0,0.0,1.0,True
2026-08-07 17:00:00+00:00,tt_bogor,Tol Jagorawi (Bogor),Jabodetabek,45.0,45.0,658.0,658.0,0.0,0.0,1.0,True
2026-08-07 17:00:00+00:00,tt_bsd,BSD/Serpong,Jabodetabek,34.0,34.0,165.0,165.0,0.0,0.0,1.0,True
2026-08-07 17:00:00+00:00,tt_cawang,Cawang interchange,Jabodetabek,43.0,43.0,62.0,62.0,0.0,0.0,1.0,True
2026-08-07 17:00:00+00:00,tt_depok,Jl. Margonda (Depok),Jabodetabek,31.0,31.0,1778.0,1778.0,0.0,0.0,1.0,True
2026-08-07 17:00:00+00:00,tt_gatsu,Jl. Gatot Subroto,Jabodetabek,45.0,45.0,52.0,52.0,0.0,0.0,1.0,True
2026-08-07 17:00:00+00:00,tt_grogol,Grogol,Jabodetabek,40.0,40.0,304.0,304.0,0.0,0.0,1.0,True
2026-08-07 17:00:00+00:00,tt_kebonjeruk,Tol Kebon Jeruk,Jabodetabek,35.0,35.0,1158.0,1158.0,0.0,0.0,1.0,True
2026-08-07 17:00:00+00:00,tt_kelapagading,Kelapa Gading,Jabodetabek,29.0,29.0,1059.0,1059.0,0.0,0.0,1.0,True
2026-08-07 17:00:00+00:00,tt_kuningan,Jl. HR Rasuna Said,Jabodetabek,21.0,21.0,208.0,208.0,0.0,0.0,1.0,True
2026-08-07 17:00:00+00:00,tt_sudirman,Jl. Sudirman (HI),Jabodetabek,38.0,38.0,377.0,377.0,0.0,0.0,1.0,True
2026-08-07 17:00:00+00:00,tt_tangerang,Tol Jakarta-Merak,Jabodetabek,48.0,48.0,193.0,193.0,0.0,0.0,1.0,True
2026-08-07 17:00:00+00:00,tt_tbsimatupang,TB Simatupang,Jabodetabek,72.0,72.0,343.0,343.0,0.0,0.0,1.0,True
2026-08-07 17:00:00+00:00,tt_thamrin,Jl. MH Thamrin,Jabodetabek,22.0,22.0,261.0,261.0,0.0,0.0,1.0,True
2026-08-07 18:00:00+00:00,tt_bekasi,,,,,,,,,,False
2026-08-07 18:00:00+00:00,tt_bogor,,,,,,,,,,False
2026-08-07 18:00:00+00:00,tt_bsd,,,,,,,,,,False
2026-08-07 18:00:00+00:00,tt_cawang,,,,,,,,,,False
2026-08-07 18:00:00+00:00,tt_depok,,,,,,,,,,False
2026-08-07 18:00:00+00:00,tt_gatsu,,,,,,,,,,False
2026-08-07 18:00:00+00:00,tt_grogol,,,,,,,,,,False
2026-08-07 18:00:00+00:00,tt_kebonjeruk,,,,,,,,,,False
2026-08-07 18:00:00+00:00,tt_kelapagading,,,,,,,,,,False
2026-08-07 18:00:00+00:00,tt_kuningan,,,,,,,,,,False
2026-08-07 18:00:00+00:00,tt_sudirman,,,,,,,,,,False
2026-08-07 18:00:00+00:00,tt_tangerang,,,,,,,,,,False
2026-08-07 18:00:00+00:00,tt_tbsimatupang,,,,,,,,,,False
2026-08-07 18:00:00+00:00,tt_thamrin,,,,,,,,,,False
2026-08-07 19:00:00+00:00,tt_bekasi,Tol Jakarta-Cikampek,Jabodetabek,18.0,18.0,1072.0,1072.0,0.0,0.0,1.0,True
2026-08-07 19:00:00+00:00,tt_bogor,Tol Jagorawi (Bogor),Jabodetabek,45.0,45.0,658.0,658.0,0.0,0.0,1.0,True
2026-08-07 19:00:00+00:00,tt_bsd,BSD/Serpong,Jabodetabek,34.0,34.0,165.0,165.0,0.0,0.0,1.0,True
2026-08-07 19:00:00+00:00,tt_cawang,Cawang interchange,Jabodetabek,43.0,43.0,62.0,62.0,0.0,0.0,1.0,True
2026-08-07 19:00:00+00:00,tt_depok,Jl. Margonda (Depok),Jabodetabek,31.0,31.0,1778.0,1778.0,0.0,0.0,1.0,True
2026-08-07 19:00:00+00:00,tt_gatsu,Jl. Gatot Subroto,Jabodetabek,45.0,45.0,52.0,52.0,0.0,0.0,1.0,True
2026-08-07 19:00:00+00:00,tt_grogol,Grogol,Jabodetabek,40.0,40.0,304.0,304.0,0.0,0.0,1.0,True
2026-08-07 19:00:00+00:00,tt_kebonjeruk,Tol Kebon Jeruk,Jabodetabek,35.0,35.0,1158.0,1158.0,0.0,0.0,1.0,True
2026-08-07 19:00:00+00:00,tt_kelapagading,Kelapa Gading,Jabodetabek,29.0,29.0,1059.0,1059.0,0.0,0.0,1.0,True
2026-08-07 19:00:00+00:00,tt_kuningan,Jl. HR Rasuna Said,Jabodetabek,21.0,21.0,208.0,208.0,0.0,0.0,1.0,True
2026-08-07 19:00:00+00:00,tt_sudirman,Jl. Sudirman (HI),Jabodetabek,38.0,38.0,377.0,377.0,0.0,0.0,1.0,True
2026-08-07 19:00:00+00:00,tt_tangerang,Tol Jakarta-Merak,Jabodetabek,48.0,48.0,193.0,193.0,0.0,0.0,1.0,True
2026-08-07 19:00:00+00:00,tt_tbsimatupang,TB Simatupang,Jabodetabek,72.0,72.0,343.0,343.0,0.0,0.0,1.0,True
2026-08-07 19:00:00+00:00,tt_thamrin,Jl. MH Thamrin,Jabodetabek,22.0,22.0,261.0,261.0,0.0,0.0,1.0,True
2026-08-07 20:00:00+00:00,tt_bekasi,Tol Jakarta-Cikampek,Jabodetabek,18.0,18.0,1072.0,1072.0,0.0,0.0,1.0,True
2026-08-07 20:00:00+00:00,tt_bogor,Tol Jagorawi (Bogor),Jabodetabek,45.0,45.0,658.0,658.0,0.0,0.0,1.0,True
2026-08-07 20:00:00+00:00,tt_bsd,BSD/Serpong,Jabodetabek,34.0,34.0,165.0,165.0,0.0,0.0,1.0,True
2026-08-07 20:00:00+00:00,tt_cawang,Cawang interchange,Jabodetabek,43.0,43.0,62.0,62.0,0.0,0.0,1.0,True
2026-08-07 20:00:00+00:00,tt_depok,Jl. Margonda (Depok),Jabodetabek,31.0,31.0,1778.0,1778.0,0.0,0.0,1.0,True
2026-08-07 20:00:00+00:00,tt_gatsu,Jl. Gatot Subroto,Jabodetabek,45.0,45.0,52.0,52.0,0.0,0.0,1.0,True
2026-08-07 20:00:00+00:00,tt_grogol,Grogol,Jabodetabek,40.0,40.0,304.0,304.0,0.0,0.0,1.0,True
2026-08-07 20:00:00+00:00,tt_kebonjeruk,Tol Kebon Jeruk,Jabodetabek,35.0,35.0,1158.0,1158.0,0.0,0.0,1.0,True
2026-08-07 20:00:00+00:00,tt_kelapagading,Kelapa Gading,Jabodetabek,29.0,29.0,1059.0,1059.0,0.0,0.0,1.0,True
2026-08-07 20:00:00+00:00,tt_kuningan,Jl. HR Rasuna Said,Jabodetabek,21.0,21.0,208.0,208.0,0.0,0.0,1.0,True
2026-08-07 20:00:00+00:00,tt_sudirman,Jl. Sudirman (HI),Jabodetabek,38.0,38.0,377.0,377.0,0.0,0.0,1.0,True
2026-08-07 20:00:00+00:00,tt_tangerang,Tol Jakarta-Merak,Jabodetabek,48.0,48.0,193.0,193.0,0.0,0.0,1.0,True
2026-08-07 20:00:00+00:00,tt_tbsimatupang,TB Simatupang,Jabodetabek,72.0,72.0,343.0,343.0,0.0,0.0,1.0,True
2026-08-07 20:00:00+00:00,tt_thamrin,Jl. MH Thamrin,Jabodetabek,22.0,22.0,261.0,261.0,0.0,0.0,1.0,True
2026-08-07 21:00:00+00:00,tt_bekasi,,,,,,,,,,False
2026-08-07 21:00:00+00:00,tt_bogor,,,,,,,,,,False
2026-08-07 21:00:00+00:00,tt_bsd,,,,,,,,,,False
2026-08-07 21:00:00+00:00,tt_cawang,,,,,,,,,,False
2026-08-07 21:00:00+00:00,tt_depok,,,,,,,,,,False
2026-08-07 21:00:00+00:00,tt_gatsu,,,,,,,,,,False
2026-08-07 21:00:00+00:00,tt_grogol,,,,,,,,,,False
2026-08-07 21:00:00+00:00,tt_kebonjeruk,,,,,,,,,,False
2026-08-07 21:00:00+00:00,tt_kelapagading,,,,,,,,,,False
2026-08-07 21:00:00+00:00,tt_kuningan,,,,,,,,,,False
2026-08-07 21:00:00+00:00,tt_sudirman,,,,,,,,,,False
2026-08-07 21:00:00+00:00,tt_tangerang,,,,,,,,,,False
2026-08-07 21:00:00+00:00,tt_tbsimatupang,,,,,,,,,,False
2026-08-07 21:00:00+00:00,tt_thamrin,,,,,,,,,,False
2026-08-07 22:00:00+00:00,tt_bekasi,Tol Jakarta-Cikampek,Jabodetabek,18.0,18.0,1072.0,1072.0,0.0,0.0,1.0,True
2026-08-07 22:00:00+00:00,tt_bogor,Tol Jagorawi (Bogor),Jabodetabek,45.0,45.0,658.0,658.0,0.0,0.0,1.0,True
2026-08-07 22:00:00+00:00,tt_bsd,BSD/Serpong,Jabodetabek,34.0,34.0,165.0,165.0,0.0,0.0,1.0,True
2026-08-07 22:00:00+00:00,tt_cawang,Cawang interchange,Jabodetabek,43.0,43.0,62.0,62.0,0.0,0.0,1.0,True
2026-08-07 22:00:00+00:00,tt_depok,Jl. Margonda (Depok),Jabodetabek,31.0,31.0,1778.0,1778.0,0.0,0.0,1.0,True
2026-08-07 22:00:00+00:00,tt_gatsu,Jl. Gatot Subroto,Jabodetabek,45.0,45.0,52.0,52.0,0.0,0.0,1.0,True
2026-08-07 22:00:00+00:00,tt_grogol,Grogol,Jabodetabek,40.0,40.0,304.0,304.0,0.0,0.0,1.0,True
2026-08-07 22:00:00+00:00,tt_kebonjeruk,Tol Kebon Jeruk,Jabodetabek,35.0,35.0,1158.0,1158.0,0.0,0.0,1.0,True
2026-08-07 22:00:00+00:00,tt_kelapagading,Kelapa Gading,Jabodetabek,29.0,29.0,1059.0,1059.0,0.0,0.0,1.0,True
2026-08-07 22:00:00+00:00,tt_kuningan,Jl. HR Rasuna Said,Jabodetabek,21.0,21.0,208.0,208.0,0.0,0.0,1.0,True
2026-08-07 22:00:00+00:00,tt_sudirman,Jl. Sudirman (HI),Jabodetabek,38.0,38.0,377.0,377.0,0.0,0.0,1.0,True
2026-08-07 22:00:00+00:00,tt_tangerang,Tol Jakarta-Merak,Jabodetabek,48.0,48.0,193.0,193.0,0.0,0.0,1.0,True
2026-08-07 22:00:00+00:00,tt_tbsimatupang,TB Simatupang,Jabodetabek,72.0,72.0,343.0,343.0,0.0,0.0,1.0,True
2026-08-07 22:00:00+00:00,tt_thamrin,Jl. MH Thamrin,Jabodetabek,22.0,22.0,261.0,261.0,0.0,0.0,1.0,True
2026-08-07 23:00:00+00:00,tt_bekasi,,,,,,,,,,False
2026-08-07 23:00:00+00:00,tt_bogor,,,,,,,,,,False
2026-08-07 23:00:00+00:00,tt_bsd,,,,,,,,,,False
2026-08-07 23:00:00+00:00,tt_cawang,,,,,,,,,,False
2026-08-07 23:00:00+00:00,tt_depok,,,,,,,,,,False
2026-08-07 23:00:00+00:00,tt_gatsu,,,,,,,,,,False
2026-08-07 23:00:00+00:00,tt_grogol,,,,,,,,,,False
2026-08-07 23:00:00+00:00,tt_kebonjeruk,,,,,,,,,,False
2026-08-07 23:00:00+00:00,tt_kelapagading,,,,,,,,,,False
2026-08-07 23:00:00+00:00,tt_kuningan,,,,,,,,,,False
2026-08-07 23:00:00+00:00,tt_sudirman,,,,,,,,,,False
2026-08-07 23:00:00+00:00,tt_tangerang,,,,,,,,,,False
2026-08-07 23:00:00+00:00,tt_tbsimatupang,,,,,,,,,,False
2026-08-07 23:00:00+00:00,tt_thamrin,,,,,,,,,,False
2026-08-08 00:00:00+00:00,tt_bekasi,Tol Jakarta-Cikampek,Jabodetabek,18.0,18.0,1072.0,1072.0,0.0,0.0,1.0,True
2026-08-08 00:00:00+00:00,tt_bogor,Tol Jagorawi (Bogor),Jabodetabek,38.0,45.0,779.0,658.0,0.1555555555555555,0.0,1.0,True
2026-08-08 00:00:00+00:00,tt_bsd,BSD/Serpong,Jabodetabek,34.0,34.0,165.0,165.0,0.0,0.0,1.0,True
2026-08-08 00:00:00+00:00,tt_cawang,Cawang interchange,Jabodetabek,43.0,43.0,62.0,62.0,0.0,0.0,1.0,True
2026-08-08 00:00:00+00:00,tt_depok,Jl. Margonda (Depok),Jabodetabek,31.0,31.0,1778.0,1778.0,0.0,0.0,1.0,True
2026-08-08 00:00:00+00:00,tt_gatsu,Jl. Gatot Subroto,Jabodetabek,45.0,45.0,52.0,52.0,0.0,0.0,1.0,True
2026-08-08 00:00:00+00:00,tt_grogol,Grogol,Jabodetabek,40.0,40.0,304.0,304.0,0.0,0.0,1.0,True
2026-08-08 00:00:00+00:00,tt_kebonjeruk,Tol Kebon Jeruk,Jabodetabek,35.0,35.0,1158.0,1158.0,0.0,0.0,1.0,True
2026-08-08 00:00:00+00:00,tt_kelapagading,Kelapa Gading,Jabodetabek,29.0,29.0,1059.0,1059.0,0.0,0.0,1.0,True
2026-08-08 00:00:00+00:00,tt_kuningan,Jl. HR Rasuna Said,Jabodetabek,21.0,21.0,208.0,208.0,0.0,0.0,1.0,True
2026-08-08 00:00:00+00:00,tt_sudirman,Jl. Sudirman (HI),Jabodetabek,38.0,38.0,377.0,377.0,0.0,0.0,1.0,True
2026-08-08 00:00:00+00:00,tt_tangerang,Tol Jakarta-Merak,Jabodetabek,48.0,48.0,193.0,193.0,0.0,0.0,1.0,True
2026-08-08 00:00:00+00:00,tt_tbsimatupang,TB Simatupang,Jabodetabek,72.0,72.0,343.0,343.0,0.0,0.0,1.0,True
2026-08-08 00:00:00+00:00,tt_thamrin,Jl. MH Thamrin,Jabodetabek,22.0,22.0,261.0,261.0,0.0,0.0,1.0,True
2026-08-08 01:00:00+00:00,tt_bekasi,Tol Jakarta-Cikampek,Jabodetabek,18.0,18.0,1072.0,1072.0,0.0,0.0,1.0,True
2026-08-08 01:00:00+00:00,tt_bogor,Tol Jagorawi (Bogor),Jabodetabek,37.0,45.0,800.0,658.0,0.1777777777777778,0.0,1.0,True
2026-08-08 01:00:00+00:00,tt_bsd,BSD/Serpong,Jabodetabek,34.0,34.0,165.0,165.0,0.0,0.0,1.0,True
2026-08-08 01:00:00+00:00,tt_cawang,Cawang interchange,Jabodetabek,33.0,42.0,81.0,64.0,0.2142857142857143,0.0,1.0,True
2026-08-08 01:00:00+00:00,tt_depok,Jl. Margonda (Depok),Jabodetabek,26.0,31.0,2120.0,1778.0,0.1612903225806451,0.0,0.974862,True
2026-08-08 01:00:00+00:00,tt_gatsu,Jl. Gatot Subroto,Jabodetabek,45.0,45.0,52.0,52.0,0.0,0.0,1.0,True
2026-08-08 01:00:00+00:00,tt_grogol,Grogol,Jabodetabek,40.0,40.0,304.0,304.0,0.0,0.0,1.0,True
2026-08-08 01:00:00+00:00,tt_kebonjeruk,Tol Kebon Jeruk,Jabodetabek,32.0,35.0,1267.0,1158.0,0.0857142857142857,0.0,1.0,True
2026-08-08 01:00:00+00:00,tt_kelapagading,Kelapa Gading,Jabodetabek,25.0,29.0,1228.0,1059.0,0.1379310344827586,0.0,0.999256,True
2026-08-08 01:00:00+00:00,tt_kuningan,Jl. HR Rasuna Said,Jabodetabek,21.0,21.0,208.0,208.0,0.0,0.0,1.0,True
2026-08-08 01:00:00+00:00,tt_sudirman,Jl. Sudirman (HI),Jabodetabek,38.0,38.0,377.0,377.0,0.0,0.0,1.0,True
2026-08-08 01:00:00+00:00,tt_tangerang,Tol Jakarta-Merak,Jabodetabek,37.0,48.0,250.0,193.0,0.2291666666666666,0.0,1.0,True
2026-08-08 01:00:00+00:00,tt_tbsimatupang,TB Simatupang,Jabodetabek,72.0,72.0,343.0,343.0,0.0,0.0,1.0,True
2026-08-08 01:00:00+00:00,tt_thamrin,Jl. MH Thamrin,Jabodetabek,22.0,22.0,261.0,261.0,0.0,0.0,1.0,True
2026-08-08 02:00:00+00:00,tt_bekasi,,,,,,,,,,False
2026-08-08 02:00:00+00:00,tt_bogor,,,,,,,,,,False
2026-08-08 02:00:00+00:00,tt_bsd,,,,,,,,,,False
2026-08-08 02:00:00+00:00,tt_cawang,,,,,,,,,,False
2026-08-08 02:00:00+00:00,tt_depok,,,,,,,,,,False
2026-08-08 02:00:00+00:00,tt_gatsu,,,,,,,,,,False
2026-08-08 02:00:00+00:00,tt_grogol,,,,,,,,,,False
2026-08-08 02:00:00+00:00,tt_kebonjeruk,,,,,,,,,,False
2026-08-08 02:00:00+00:00,tt_kelapagading,,,,,,,,,,False
2026-08-08 02:00:00+00:00,tt_kuningan,,,,,,,,,,False
2026-08-08 02:00:00+00:00,tt_sudirman,,,,,,,,,,False
2026-08-08 02:00:00+00:00,tt_tangerang,,,,,,,,,,False
2026-08-08 02:00:00+00:00,tt_tbsimatupang,,,,,,,,,,False
2026-08-08 02:00:00+00:00,tt_thamrin,,,,,,,,,,False
2026-08-08 03:00:00+00:00,tt_bekasi,Tol Jakarta-Cikampek,Jabodetabek,18.0,18.0,1072.0,1072.0,0.0,0.0,1.0,True
2026-08-08 03:00:00+00:00,tt_bogor,Tol Jagorawi (Bogor),Jabodetabek,33.0,45.0,897.0,658.0,0.2666666666666667,0.0,1.0,True
2026-08-08 03:00:00+00:00,tt_bsd,BSD/Serpong,Jabodetabek,27.0,34.0,208.0,165.0,0.2058823529411765,0.0,1.0,True
2026-08-08 03:00:00+00:00,tt_cawang,Cawang interchange,Jabodetabek,23.0,42.0,117.0,64.0,0.4523809523809523,0.0,1.0,True
2026-08-08 03:00:00+00:00,tt_depok,Jl. Margonda (Depok),Jabodetabek,25.0,31.0,2205.0,1778.0,0.1935483870967742,0.0,0.954371,True
2026-08-08 03:00:00+00:00,tt_gatsu,Jl. Gatot Subroto,Jabodetabek,45.0,45.0,52.0,52.0,0.0,0.0,1.0,True
2026-08-08 03:00:00+00:00,tt_grogol,Grogol,Jabodetabek,33.0,40.0,369.0,304.0,0.175,0.0,1.0,True
2026-08-08 03:00:00+00:00,tt_kebonjeruk,Tol Kebon Jeruk,Jabodetabek,25.0,35.0,1622.0,1158.0,0.2857142857142857,0.0,1.0,True
2026-08-08 03:00:00+00:00,tt_kelapagading,Kelapa Gading,Jabodetabek,23.0,29.0,1335.0,1059.0,0.2068965517241379,0.0,1.0,True
2026-08-08 03:00:00+00:00,tt_kuningan,Jl. HR Rasuna Said,Jabodetabek,21.0,21.0,208.0,208.0,0.0,0.0,1.0,True
2026-08-08 03:00:00+00:00,tt_sudirman,Jl. Sudirman (HI),Jabodetabek,35.0,39.0,410.0,368.0,0.1025641025641025,0.0,1.0,True
2026-08-08 03:00:00+00:00,tt_tangerang,Tol Jakarta-Merak,Jabodetabek,33.0,48.0,281.0,193.0,0.3125,0.0,1.0,True
2026-08-08 03:00:00+00:00,tt_tbsimatupang,TB Simatupang,Jabodetabek,42.0,71.0,588.0,348.0,0.4084507042253521,0.0,1.0,True
2026-08-08 03:00:00+00:00,tt_thamrin,Jl. MH Thamrin,Jabodetabek,22.0,22.0,261.0,261.0,0.0,0.0,1.0,True
2026-08-08 04:00:00+00:00,tt_bekasi,Tol Jakarta-Cikampek,Jabodetabek,18.0,18.0,1072.0,1072.0,0.0,0.0,1.0,True
2026-08-08 04:00:00+00:00,tt_bogor,Tol Jagorawi (Bogor),Jabodetabek,36.0,45.0,823.0,658.0,0.1999999999999999,0.0,1.0,True
2026-08-08 04:00:00+00:00,tt_bsd,BSD/Serpong,Jabodetabek,34.0,34.0,165.0,165.0,0.0,0.0,1.0,True
2026-08-08 04:00:00+00:00,tt_cawang,Cawang interchange,Jabodetabek,23.0,43.0,117.0,62.0,0.4651162790697675,0.0,1.0,True
2026-08-08 04:00:00+00:00,tt_depok,Jl. Margonda (Depok),Jabodetabek,25.0,31.0,2205.0,1778.0,0.1935483870967742,0.0,0.990509,True
2026-08-08 04:00:00+00:00,tt_gatsu,Jl. Gatot Subroto,Jabodetabek,45.0,45.0,52.0,52.0,0.0,0.0,1.0,True
2026-08-08 04:00:00+00:00,tt_grogol,Grogol,Jabodetabek,33.0,40.0,369.0,304.0,0.175,0.0,1.0,True
2026-08-08 04:00:00+00:00,tt_kebonjeruk,Tol Kebon Jeruk,Jabodetabek,22.0,36.0,1843.0,1126.0,0.3888888888888888,0.0,1.0,True
2026-08-08 04:00:00+00:00,tt_kelapagading,Kelapa Gading,Jabodetabek,21.0,29.0,1463.0,1059.0,0.2758620689655172,0.0,1.0,True
2026-08-08 04:00:00+00:00,tt_kuningan,Jl. HR Rasuna Said,Jabodetabek,21.0,21.0,208.0,208.0,0.0,0.0,1.0,True
2026-08-08 04:00:00+00:00,tt_sudirman,Jl. Sudirman (HI),Jabodetabek,34.0,39.0,422.0,368.0,0.1282051282051282,0.0,1.0,True
2026-08-08 04:00:00+00:00,tt_tangerang,Tol Jakarta-Merak,Jabodetabek,31.0,47.0,299.0,197.0,0.3404255319148936,0.0,1.0,True
2026-08-08 04:00:00+00:00,tt_tbsimatupang,TB Simatupang,Jabodetabek,32.0,71.0,773.0,348.0,0.5492957746478873,0.0,1.0,True
2026-08-08 04:00:00+00:00,tt_thamrin,Jl. MH Thamrin,Jabodetabek,19.0,23.0,302.0,249.0,0.1739130434782608,0.0,1.0,True
2026-08-08 05:00:00+00:00,tt_bekasi,,,,,,,,,,False
2026-08-08 05:00:00+00:00,tt_bogor,,,,,,,,,,False
2026-08-08 05:00:00+00:00,tt_bsd,,,,,,,,,,False
2026-08-08 05:00:00+00:00,tt_cawang,,,,,,,,,,False
2026-08-08 05:00:00+00:00,tt_depok,,,,,,,,,,False
2026-08-08 05:00:00+00:00,tt_gatsu,,,,,,,,,,False
2026-08-08 05:00:00+00:00,tt_grogol,,,,,,,,,,False
2026-08-08 05:00:00+00:00,tt_kebonjeruk,,,,,,,,,,False
2026-08-08 05:00:00+00:00,tt_kelapagading,,,,,,,,,,False
2026-08-08 05:00:00+00:00,tt_kuningan,,,,,,,,,,False
2026-08-08 05:00:00+00:00,tt_sudirman,,,,,,,,,,False
2026-08-08 05:00:00+00:00,tt_tangerang,,,,,,,,,,False
2026-08-08 05:00:00+00:00,tt_tbsimatupang,,,,,,,,,,False
2026-08-08 05:00:00+00:00,tt_thamrin,,,,,,,,,,False
2026-08-08 06:00:00+00:00,tt_bekasi,Tol Jakarta-Cikampek,Jabodetabek,18.0,18.0,1072.0,1072.0,0.0,0.0,1.0,True
2026-08-08 06:00:00+00:00,tt_bogor,Tol Jagorawi (Bogor),Jabodetabek,32.0,44.0,925.0,673.0,0.2727272727272727,0.0,1.0,True
2026-08-08 06:00:00+00:00,tt_bsd,BSD/Serpong,Jabodetabek,34.0,34.0,165.0,165.0,0.0,0.0,1.0,True
2026-08-08 06:00:00+00:00,tt_cawang,Cawang interchange,Jabodetabek,23.0,44.0,117.0,61.0,0.4772727272727273,0.0,1.0,True
2026-08-08 06:00:00+00:00,tt_depok,Jl. Margonda (Depok),Jabodetabek,25.0,31.0,2205.0,1778.0,0.1935483870967742,0.0,0.987149,True
2026-08-08 06:00:00+00:00,tt_gatsu,Jl. Gatot Subroto,Jabodetabek,45.0,45.0,52.0,52.0,0.0,0.0,1.0,True
2026-08-08 06:00:00+00:00,tt_grogol,Grogol,Jabodetabek,31.0,39.0,393.0,312.0,0.2051282051282051,0.0,1.0,True
2026-08-08 06:00:00+00:00,tt_kebonjeruk,Tol Kebon Jeruk,Jabodetabek,21.0,35.0,1931.0,1158.0,0.4,0.0,1.0,True
2026-08-08 06:00:00+00:00,tt_kelapagading,Kelapa Gading,Jabodetabek,19.0,29.0,1617.0,1059.0,0.3448275862068966,0.0,1.0,True
2026-08-08 06:00:00+00:00,tt_kuningan,Jl. HR Rasuna Said,Jabodetabek,21.0,21.0,208.0,208.0,0.0,0.0,1.0,True
2026-08-08 06:00:00+00:00,tt_sudirman,Jl. Sudirman (HI),Jabodetabek,25.0,38.0,574.0,377.0,0.3421052631578947,0.0,1.0,True
2026-08-08 06:00:00+00:00,tt_tangerang,Tol Jakarta-Merak,Jabodetabek,26.0,48.0,356.0,193.0,0.4583333333333333,0.0,1.0,True
2026-08-08 06:00:00+00:00,tt_tbsimatupang,TB Simatupang,Jabodetabek,16.0,72.0,1546.0,343.0,0.7777777777777778,0.0,1.0,True
2026-08-08 06:00:00+00:00,tt_thamrin,Jl. MH Thamrin,Jabodetabek,17.0,24.0,338.0,239.0,0.2916666666666666,0.0,1.0,True
2026-08-08 07:00:00+00:00,tt_bekasi,,,,,,,,,,False
2026-08-08 07:00:00+00:00,tt_bogor,,,,,,,,,,False
2026-08-08 07:00:00+00:00,tt_bsd,,,,,,,,,,False
2026-08-08 07:00:00+00:00,tt_cawang,,,,,,,,,,False
2026-08-08 07:00:00+00:00,tt_depok,,,,,,,,,,False
2026-08-08 07:00:00+00:00,tt_gatsu,,,,,,,,,,False
2026-08-08 07:00:00+00:00,tt_grogol,,,,,,,,,,False
2026-08-08 07:00:00+00:00,tt_kebonjeruk,,,,,,,,,,False
2026-08-08 07:00:00+00:00,tt_kelapagading,,,,,,,,,,False
2026-08-08 07:00:00+00:00,tt_kuningan,,,,,,,,,,False
2026-08-08 07:00:00+00:00,tt_sudirman,,,,,,,,,,False
2026-08-08 07:00:00+00:00,tt_tangerang,,,,,,,,,,False
2026-08-08 07:00:00+00:00,tt_tbsimatupang,,,,,,,,,,False
2026-08-08 07:00:00+00:00,tt_thamrin,,,,,,,,,,False
2026-08-08 08:00:00+00:00,tt_bekasi,Tol Jakarta-Cikampek,Jabodetabek,14.0,18.0,1378.0,1072.0,0.2222222222222222,0.0,0.943097,True
2026-08-08 08:00:00+00:00,tt_bogor,Tol Jagorawi (Bogor),Jabodetabek,37.0,45.0,800.0,658.0,0.1777777777777778,0.0,1.0,True
2026-08-08 08:00:00+00:00,tt_bsd,BSD/Serpong,Jabodetabek,34.0,34.0,165.0,165.0,0.0,0.0,1.0,True
2026-08-08 08:00:00+00:00,tt_cawang,Cawang interchange,Jabodetabek,17.0,42.0,158.0,64.0,0.5952380952380952,0.0,1.0,True
2026-08-08 08:00:00+00:00,tt_depok,Jl. Margonda (Depok),Jabodetabek,24.0,31.0,2297.0,1778.0,0.2258064516129032,0.0,0.9829,True
2026-08-08 08:00:00+00:00,tt_gatsu,Jl. Gatot Subroto,Jabodetabek,36.0,44.0,65.0,53.0,0.1818181818181817,0.0,1.0,True
2026-08-08 08:00:00+00:00,tt_grogol,Grogol,Jabodetabek,33.0,40.0,369.0,304.0,0.175,0.0,1.0,True
2026-08-08 08:00:00+00:00,tt_kebonjeruk,Tol Kebon Jeruk,Jabodetabek,21.0,35.0,1931.0,1158.0,0.4,0.0,1.0,True
2026-08-08 08:00:00+00:00,tt_kelapagading,Kelapa Gading,Jabodetabek,21.0,29.0,1463.0,1059.0,0.2758620689655172,0.0,0.997891,True
2026-08-08 08:00:00+00:00,tt_kuningan,Jl. HR Rasuna Said,Jabodetabek,21.0,21.0,208.0,208.0,0.0,0.0,1.0,True
2026-08-08 08:00:00+00:00,tt_sudirman,Jl. Sudirman (HI),Jabodetabek,22.0,39.0,652.0,368.0,0.4358974358974359,0.0,1.0,True
2026-08-08 08:00:00+00:00,tt_tangerang,Tol Jakarta-Merak,Jabodetabek,32.0,48.0,289.0,193.0,0.3333333333333333,0.0,1.0,True
2026-08-08 08:00:00+00:00,tt_tbsimatupang,TB Simatupang,Jabodetabek,22.0,72.0,1124.0,343.0,0.6944444444444444,0.0,1.0,True
2026-08-08 08:00:00+00:00,tt_thamrin,Jl. MH Thamrin,Jabodetabek,20.0,24.0,287.0,239.0,0.1666666666666666,0.0,1.0,True
2026-08-08 09:00:00+00:00,tt_bekasi,Tol Jakarta-Cikampek,Jabodetabek,14.0,18.0,1378.0,1072.0,0.2222222222222222,0.0,0.970179,True
2026-08-08 09:00:00+00:00,tt_bogor,Tol Jagorawi (Bogor),Jabodetabek,33.0,45.0,897.0,658.0,0.2666666666666667,0.0,1.0,True
2026-08-08 09:00:00+00:00,tt_bsd,BSD/Serpong,Jabodetabek,34.0,34.0,165.0,165.0,0.0,0.0,1.0,True
2026-08-08 09:00:00+00:00,tt_cawang,Cawang interchange,Jabodetabek,18.0,42.0,150.0,64.0,0.5714285714285714,0.0,1.0,True
2026-08-08 09:00:00+00:00,tt_depok,Jl. Margonda (Depok),Jabodetabek,22.0,31.0,2506.0,1778.0,0.2903225806451612,0.0,0.991999,True
2026-08-08 09:00:00+00:00,tt_gatsu,Jl. Gatot Subroto,Jabodetabek,45.0,45.0,52.0,52.0,0.0,0.0,1.0,True
2026-08-08 09:00:00+00:00,tt_grogol,Grogol,Jabodetabek,30.0,40.0,406.0,304.0,0.25,0.0,1.0,True
2026-08-08 09:00:00+00:00,tt_kebonjeruk,Tol Kebon Jeruk,Jabodetabek,23.0,36.0,1763.0,1126.0,0.3611111111111111,0.0,1.0,True
2026-08-08 09:00:00+00:00,tt_kelapagading,Kelapa Gading,Jabodetabek,22.0,29.0,1396.0,1059.0,0.2413793103448276,0.0,1.0,True
2026-08-08 09:00:00+00:00,tt_kuningan,Jl. HR Rasuna Said,Jabodetabek,16.0,20.0,273.0,218.0,0.1999999999999999,0.0,0.99,True
2026-08-08 09:00:00+00:00,tt_sudirman,Jl. Sudirman (HI),Jabodetabek,22.0,39.0,652.0,368.0,0.4358974358974359,0.0,1.0,True
2026-08-08 09:00:00+00:00,tt_tangerang,Tol Jakarta-Merak,Jabodetabek,35.0,47.0,264.0,197.0,0.2553191489361702,0.0,1.0,True
2026-08-08 09:00:00+00:00,tt_tbsimatupang,TB Simatupang,Jabodetabek,22.0,72.0,1124.0,343.0,0.6944444444444444,0.0,1.0,True
2026-08-08 09:00:00+00:00,tt_thamrin,Jl. MH Thamrin,Jabodetabek,17.0,22.0,338.0,261.0,0.2272727272727273,0.0,1.0,True
2026-08-08 10:00:00+00:00,tt_bekasi,,,,,,,,,,False
2026-08-08 10:00:00+00:00,tt_bogor,,,,,,,,,,False
2026-08-08 10:00:00+00:00,tt_bsd,,,,,,,,,,False
2026-08-08 10:00:00+00:00,tt_cawang,,,,,,,,,,False
2026-08-08 10:00:00+00:00,tt_depok,,,,,,,,,,False
2026-08-08 10:00:00+00:00,tt_gatsu,,,,,,,,,,False
2026-08-08 10:00:00+00:00,tt_grogol,,,,,,,,,,False
2026-08-08 10:00:00+00:00,tt_kebonjeruk,,,,,,,,,,False
2026-08-08 10:00:00+00:00,tt_kelapagading,,,,,,,,,,False
2026-08-08 10:00:00+00:00,tt_kuningan,,,,,,,,,,False
2026-08-08 10:00:00+00:00,tt_sudirman,,,,,,,,,,False
2026-08-08 10:00:00+00:00,tt_tangerang,,,,,,,,,,False
2026-08-08 10:00:00+00:00,tt_tbsimatupang,,,,,,,,,,False
2026-08-08 10:00:00+00:00,tt_thamrin,,,,,,,,,,False
2026-08-08 11:00:00+00:00,tt_bekasi,Tol Jakarta-Cikampek,Jabodetabek,13.0,17.0,1484.0,1135.0,0.2352941176470588,0.0,0.92,True
2026-08-08 11:00:00+00:00,tt_bogor,Tol Jagorawi (Bogor),Jabodetabek,35.0,44.0,846.0,673.0,0.2045454545454545,0.0,1.0,True
2026-08-08 11:00:00+00:00,tt_bsd,BSD/Serpong,Jabodetabek,34.0,34.0,165.0,165.0,0.0,0.0,1.0,True
2026-08-08 11:00:00+00:00,tt_cawang,Cawang interchange,Jabodetabek,18.0,42.0,150.0,64.0,0.5714285714285714,0.0,1.0,True
2026-08-08 11:00:00+00:00,tt_depok,Jl. Margonda (Depok),Jabodetabek,24.0,31.0,2297.0,1778.0,0.2258064516129032,0.0,0.988643,True
2026-08-08 11:00:00+00:00,tt_gatsu,Jl. Gatot Subroto,Jabodetabek,34.0,45.0,69.0,52.0,0.2444444444444444,0.0,1.0,True
2026-08-08 11:00:00+00:00,tt_grogol,Grogol,Jabodetabek,33.0,39.0,369.0,312.0,0.1538461538461538,0.0,1.0,True
2026-08-08 11:00:00+00:00,tt_kebonjeruk,Tol Kebon Jeruk,Jabodetabek,23.0,36.0,1763.0,1126.0,0.3611111111111111,0.0,1.0,True
2026-08-08 11:00:00+00:00,tt_kelapagading,Kelapa Gading,Jabodetabek,21.0,29.0,1463.0,1059.0,0.2758620689655172,0.0,1.0,True
2026-08-08 11:00:00+00:00,tt_kuningan,Jl. HR Rasuna Said,Jabodetabek,21.0,21.0,208.0,208.0,0.0,0.0,1.0,True
2026-08-08 11:00:00+00:00,tt_sudirman,Jl. Sudirman (HI),Jabodetabek,26.0,38.0,552.0,377.0,0.3157894736842105,0.0,1.0,True
2026-08-08 11:00:00+00:00,tt_tangerang,Tol Jakarta-Merak,Jabodetabek,48.0,48.0,193.0,193.0,0.0,0.0,1.0,True
2026-08-08 11:00:00+00:00,tt_tbsimatupang,TB Simatupang,Jabodetabek,31.0,72.0,797.0,343.0,0.5694444444444444,0.0,1.0,True
2026-08-08 11:00:00+00:00,tt_thamrin,Jl. MH Thamrin,Jabodetabek,15.0,21.0,383.0,273.0,0.2857142857142857,0.0,1.0,True
2026-08-08 12:00:00+00:00,tt_bekasi,Tol Jakarta-Cikampek,Jabodetabek,13.0,17.0,1484.0,1135.0,0.2352941176470588,0.0,0.919884,True
2026-08-08 12:00:00+00:00,tt_bogor,Tol Jagorawi (Bogor),Jabodetabek,31.0,45.0,955.0,658.0,0.3111111111111111,0.0,1.0,True
2026-08-08 12:00:00+00:00,tt_bsd,BSD/Serpong,Jabodetabek,34.0,34.0,165.0,165.0,0.0,0.0,1.0,True
2026-08-08 12:00:00+00:00,tt_cawang,Cawang interchange,Jabodetabek,28.0,43.0,96.0,62.0,0.3488372093023255,0.0,1.0,True
2026-08-08 12:00:00+00:00,tt_depok,Jl. Margonda (Depok),Jabodetabek,21.0,31.0,2625.0,1778.0,0.3225806451612903,0.0,0.989185,True
2026-08-08 12:00:00+00:00,tt_gatsu,Jl. Gatot Subroto,Jabodetabek,45.0,45.0,52.0,52.0,0.0,0.0,1.0,True
2026-08-08 12:00:00+00:00,tt_grogol,Grogol,Jabodetabek,30.0,40.0,406.0,304.0,0.25,0.0,0.997806,True
2026-08-08 12:00:00+00:00,tt_kebonjeruk,Tol Kebon Jeruk,Jabodetabek,24.0,36.0,1689.0,1126.0,0.3333333333333333,0.0,1.0,True
2026-08-08 12:00:00+00:00,tt_kelapagading,Kelapa Gading,Jabodetabek,19.0,30.0,1617.0,1024.0,0.3666666666666667,0.0,1.0,True
2026-08-08 12:00:00+00:00,tt_kuningan,Jl. HR Rasuna Said,Jabodetabek,15.0,20.0,291.0,218.0,0.25,0.0,0.992217,True
2026-08-08 12:00:00+00:00,tt_sudirman,Jl. Sudirman (HI),Jabodetabek,21.0,39.0,683.0,368.0,0.4615384615384615,0.0,1.0,True
2026-08-08 12:00:00+00:00,tt_tangerang,Tol Jakarta-Merak,Jabodetabek,37.0,48.0,250.0,193.0,0.2291666666666666,0.0,1.0,True
2026-08-08 12:00:00+00:00,tt_tbsimatupang,TB Simatupang,Jabodetabek,54.0,72.0,458.0,343.0,0.25,0.0,1.0,True
2026-08-08 12:00:00+00:00,tt_thamrin,Jl. MH Thamrin,Jabodetabek,12.0,23.0,479.0,249.0,0.4782608695652174,0.0,1.0,True
2026-08-08 13:00:00+00:00,tt_bekasi,,,,,,,,,,False
2026-08-08 13:00:00+00:00,tt_bogor,,,,,,,,,,False
2026-08-08 13:00:00+00:00,tt_bsd,,,,,,,,,,False
2026-08-08 13:00:00+00:00,tt_cawang,,,,,,,,,,False
2026-08-08 13:00:00+00:00,tt_depok,,,,,,,,,,False
2026-08-08 13:00:00+00:00,tt_gatsu,,,,,,,,,,False
2026-08-08 13:00:00+00:00,tt_grogol,,,,,,,,,,False
2026-08-08 13:00:00+00:00,tt_kebonjeruk,,,,,,,,,,False
2026-08-08 13:00:00+00:00,tt_kelapagading,,,,,,,,,,False
2026-08-08 13:00:00+00:00,tt_kuningan,,,,,,,,,,False
2026-08-08 13:00:00+00:00,tt_sudirman,,,,,,,,,,False
2026-08-08 13:00:00+00:00,tt_tangerang,,,,,,,,,,False
2026-08-08 13:00:00+00:00,tt_tbsimatupang,,,,,,,,,,False
2026-08-08 13:00:00+00:00,tt_thamrin,,,,,,,,,,False
2026-08-08 14:00:00+00:00,tt_bekasi,Tol Jakarta-Cikampek,Jabodetabek,12.0,17.0,1608.0,1135.0,0.2941176470588235,0.0,0.939799,True
2026-08-08 14:00:00+00:00,tt_bogor,Tol Jagorawi (Bogor),Jabodetabek,32.0,45.0,925.0,658.0,0.2888888888888888,0.0,1.0,True
2026-08-08 14:00:00+00:00,tt_bsd,BSD/Serpong,Jabodetabek,34.0,34.0,165.0,165.0,0.0,0.0,1.0,True
2026-08-08 14:00:00+00:00,tt_cawang,Cawang interchange,Jabodetabek,43.0,43.0,62.0,62.0,0.0,0.0,1.0,True
2026-08-08 14:00:00+00:00,tt_depok,Jl. Margonda (Depok),Jabodetabek,22.0,31.0,2506.0,1778.0,0.2903225806451612,0.0,0.993375,True
2026-08-08 14:00:00+00:00,tt_gatsu,Jl. Gatot Subroto,Jabodetabek,45.0,45.0,52.0,52.0,0.0,0.0,1.0,True
2026-08-08 14:00:00+00:00,tt_grogol,Grogol,Jabodetabek,32.0,39.0,381.0,312.0,0.1794871794871795,0.0,1.0,True
2026-08-08 14:00:00+00:00,tt_kebonjeruk,Tol Kebon Jeruk,Jabodetabek,25.0,36.0,1622.0,1126.0,0.3055555555555556,0.0,1.0,True
2026-08-08 14:00:00+00:00,tt_kelapagading,Kelapa Gading,Jabodetabek,21.0,29.0,1463.0,1059.0,0.2758620689655172,0.0,1.0,True
2026-08-08 14:00:00+00:00,tt_kuningan,Jl. HR Rasuna Said,Jabodetabek,15.0,20.0,291.0,218.0,0.25,0.0,1.0,True
2026-08-08 14:00:00+00:00,tt_sudirman,Jl. Sudirman (HI),Jabodetabek,29.0,39.0,494.0,368.0,0.2564102564102564,0.0,1.0,True
2026-08-08 14:00:00+00:00,tt_tangerang,Tol Jakarta-Merak,Jabodetabek,48.0,48.0,193.0,193.0,0.0,0.0,1.0,True
2026-08-08 14:00:00+00:00,tt_tbsimatupang,TB Simatupang,Jabodetabek,55.0,72.0,449.0,343.0,0.2361111111111111,0.0,1.0,True
2026-08-08 14:00:00+00:00,tt_thamrin,Jl. MH Thamrin,Jabodetabek,17.0,24.0,338.0,239.0,0.2916666666666666,0.0,1.0,True
2026-08-08 15:00:00+00:00,tt_bekasi,Tol Jakarta-Cikampek,Jabodetabek,18.0,18.0,1072.0,1072.0,0.0,0.0,1.0,True
2026-08-08 15:00:00+00:00,tt_bogor,Tol Jagorawi (Bogor),Jabodetabek,35.0,44.0,846.0,673.0,0.2045454545454545,0.0,1.0,True
2026-08-08 15:00:00+00:00,tt_bsd,BSD/Serpong,Jabodetabek,34.0,34.0,165.0,165.0,0.0,0.0,1.0,True
2026-08-08 15:00:00+00:00,tt_cawang,Cawang interchange,Jabodetabek,43.0,43.0,62.0,62.0,0.0,0.0,1.0,True
2026-08-08 15:00:00+00:00,tt_depok,Jl. Margonda (Depok),Jabodetabek,25.0,31.0,2205.0,1778.0,0.1935483870967742,0.0,0.989997,True
2026-08-08 15:00:00+00:00,tt_gatsu,Jl. Gatot Subroto,Jabodetabek,45.0,45.0,52.0,52.0,0.0,0.0,1.0,True
2026-08-08 15:00:00+00:00,tt_grogol,Grogol,Jabodetabek,40.0,40.0,304.0,304.0,0.0,0.0,1.0,True
2026-08-08 15:00:00+00:00,tt_kebonjeruk,Tol Kebon Jeruk,Jabodetabek,30.0,36.0,1351.0,1126.0,0.1666666666666666,0.0,1.0,True
2026-08-08 15:00:00+00:00,tt_kelapagading,Kelapa Gading,Jabodetabek,26.0,29.0,1181.0,1059.0,0.1034482758620689,0.0,0.994671,True
2026-08-08 15:00:00+00:00,tt_kuningan,Jl. HR Rasuna Said,Jabodetabek,17.0,20.0,256.0,218.0,0.15,0.0,1.0,True
2026-08-08 15:00:00+00:00,tt_sudirman,Jl. Sudirman (HI),Jabodetabek,31.0,39.0,463.0,368.0,0.2051282051282051,0.0,1.0,True
2026-08-08 15:00:00+00:00,tt_tangerang,Tol Jakarta-Merak,Jabodetabek,48.0,48.0,193.0,193.0,0.0,0.0,1.0,True
2026-08-08 15:00:00+00:00,tt_tbsimatupang,TB Simatupang,Jabodetabek,72.0,72.0,343.0,343.0,0.0,0.0,1.0,True
2026-08-08 15:00:00+00:00,tt_thamrin,Jl. MH Thamrin,Jabodetabek,12.0,23.0,479.0,249.0,0.4782608695652174,0.0,1.0,True
2026-08-08 16:00:00+00:00,tt_bekasi,,,,,,,,,,False
2026-08-08 16:00:00+00:00,tt_bogor,,,,,,,,,,False
2026-08-08 16:00:00+00:00,tt_bsd,,,,,,,,,,False
2026-08-08 16:00:00+00:00,tt_cawang,,,,,,,,,,False
2026-08-08 16:00:00+00:00,tt_depok,,,,,,,,,,False
2026-08-08 16:00:00+00:00,tt_gatsu,,,,,,,,,,False
2026-08-08 16:00:00+00:00,tt_grogol,,,,,,,,,,False
2026-08-08 16:00:00+00:00,tt_kebonjeruk,,,,,,,,,,False
2026-08-08 16:00:00+00:00,tt_kelapagading,,,,,,,,,,False
2026-08-08 16:00:00+00:00,tt_kuningan,,,,,,,,,,False
2026-08-08 16:00:00+00:00,tt_sudirman,,,,,,,,,,False
2026-08-08 16:00:00+00:00,tt_tangerang,,,,,,,,,,False
2026-08-08 16:00:00+00:00,tt_tbsimatupang,,,,,,,,,,False
2026-08-08 16:00:00+00:00,tt_thamrin,,,,,,,,,,False
2026-08-08 17:00:00+00:00,tt_bekasi,Tol Jakarta-Cikampek,Jabodetabek,18.0,18.0,1072.0,1072.0,0.0,0.0,1.0,True
2026-08-08 17:00:00+00:00,tt_bogor,Tol Jagorawi (Bogor),Jabodetabek,45.0,45.0,658.0,658.0,0.0,0.0,1.0,True
2026-08-08 17:00:00+00:00,tt_bsd,BSD/Serpong,Jabodetabek,34.0,34.0,165.0,165.0,0.0,0.0,1.0,True
2026-08-08 17:00:00+00:00,tt_cawang,Cawang interchange,Jabodetabek,43.0,43.0,62.0,62.0,0.0,0.0,1.0,True
2026-08-08 17:00:00+00:00,tt_depok,Jl. Margonda (Depok),Jabodetabek,31.0,31.0,1778.0,1778.0,0.0,0.0,1.0,True
2026-08-08 17:00:00+00:00,tt_gatsu,Jl. Gatot Subroto,Jabodetabek,45.0,45.0,52.0,52.0,0.0,0.0,1.0,True
2026-08-08 17:00:00+00:00,tt_grogol,Grogol,Jabodetabek,40.0,40.0,304.0,304.0,0.0,0.0,1.0,True
2026-08-08 17:00:00+00:00,tt_kebonjeruk,Tol Kebon Jeruk,Jabodetabek,35.0,35.0,1158.0,1158.0,0.0,0.0,1.0,True
2026-08-08 17:00:00+00:00,tt_kelapagading,Kelapa Gading,Jabodetabek,29.0,29.0,1059.0,1059.0,0.0,0.0,1.0,True
2026-08-08 17:00:00+00:00,tt_kuningan,Jl. HR Rasuna Said,Jabodetabek,21.0,21.0,208.0,208.0,0.0,0.0,1.0,True
2026-08-08 17:00:00+00:00,tt_sudirman,Jl. Sudirman (HI),Jabodetabek,38.0,38.0,377.0,377.0,0.0,0.0,1.0,True
2026-08-08 17:00:00+00:00,tt_tangerang,Tol Jakarta-Merak,Jabodetabek,48.0,48.0,193.0,193.0,0.0,0.0,1.0,True
2026-08-08 17:00:00+00:00,tt_tbsimatupang,TB Simatupang,Jabodetabek,72.0,72.0,343.0,343.0,0.0,0.0,1.0,True
2026-08-08 17:00:00+00:00,tt_thamrin,Jl. MH Thamrin,Jabodetabek,22.0,22.0,261.0,261.0,0.0,0.0,1.0,True
2026-08-08 18:00:00+00:00,tt_bekasi,,,,,,,,,,False
2026-08-08 18:00:00+00:00,tt_bogor,,,,,,,,,,False
2026-08-08 18:00:00+00:00,tt_bsd,,,,,,,,,,False
2026-08-08 18:00:00+00:00,tt_cawang,,,,,,,,,,False
2026-08-08 18:00:00+00:00,tt_depok,,,,,,,,,,False
2026-08-08 18:00:00+00:00,tt_gatsu,,,,,,,,,,False
2026-08-08 18:00:00+00:00,tt_grogol,,,,,,,,,,False
2026-08-08 18:00:00+00:00,tt_kebonjeruk,,,,,,,,,,False
2026-08-08 18:00:00+00:00,tt_kelapagading,,,,,,,,,,False
2026-08-08 18:00:00+00:00,tt_kuningan,,,,,,,,,,False
2026-08-08 18:00:00+00:00,tt_sudirman,,,,,,,,,,False
2026-08-08 18:00:00+00:00,tt_tangerang,,,,,,,,,,False
2026-08-08 18:00:00+00:00,tt_tbsimatupang,,,,,,,,,,False
2026-08-08 18:00:00+00:00,tt_thamrin,,,,,,,,,,False
2026-08-08 19:00:00+00:00,tt_bekasi,Tol Jakarta-Cikampek,Jabodetabek,18.0,18.0,1072.0,1072.0,0.0,0.0,1.0,True
2026-08-08 19:00:00+00:00,tt_bogor,Tol Jagorawi (Bogor),Jabodetabek,42.0,45.0,705.0,658.0,0.0666666666666666,0.0,0.985905,True
2026-08-08 19:00:00+00:00,tt_bsd,BSD/Serpong,Jabodetabek,34.0,34.0,165.0,165.0,0.0,0.0,1.0,True
2026-08-08 19:00:00+00:00,tt_cawang,Cawang interchange,Jabodetabek,43.0,43.0,62.0,62.0,0.0,0.0,1.0,True
2026-08-08 19:00:00+00:00,tt_depok,Jl. Margonda (Depok),Jabodetabek,31.0,31.0,1778.0,1778.0,0.0,0.0,1.0,True
2026-08-08 19:00:00+00:00,tt_gatsu,Jl. Gatot Subroto,Jabodetabek,45.0,45.0,52.0,52.0,0.0,0.0,1.0,True
2026-08-08 19:00:00+00:00,tt_grogol,Grogol,Jabodetabek,40.0,40.0,304.0,304.0,0.0,0.0,1.0,True
2026-08-08 19:00:00+00:00,tt_kebonjeruk,Tol Kebon Jeruk,Jabodetabek,35.0,35.0,1158.0,1158.0,0.0,0.0,1.0,True
2026-08-08 19:00:00+00:00,tt_kelapagading,Kelapa Gading,Jabodetabek,29.0,29.0,1059.0,1059.0,0.0,0.0,1.0,True
2026-08-08 19:00:00+00:00,tt_kuningan,Jl. HR Rasuna Said,Jabodetabek,21.0,21.0,208.0,208.0,0.0,0.0,1.0,True
2026-08-08 19:00:00+00:00,tt_sudirman,Jl. Sudirman (HI),Jabodetabek,38.0,38.0,377.0,377.0,0.0,0.0,1.0,True
2026-08-08 19:00:00+00:00,tt_tangerang,Tol Jakarta-Merak,Jabodetabek,48.0,48.0,193.0,193.0,0.0,0.0,1.0,True
2026-08-08 19:00:00+00:00,tt_tbsimatupang,TB Simatupang,Jabodetabek,72.0,72.0,343.0,343.0,0.0,0.0,1.0,True
2026-08-08 19:00:00+00:00,tt_thamrin,Jl. MH Thamrin,Jabodetabek,22.0,22.0,261.0,261.0,0.0,0.0,1.0,True
2026-08-08 20:00:00+00:00,tt_bekasi,Tol Jakarta-Cikampek,Jabodetabek,18.0,18.0,1072.0,1072.0,0.0,0.0,1.0,True
2026-08-08 20:00:00+00:00,tt_bogor,Tol Jagorawi (Bogor),Jabodetabek,45.0,45.0,658.0,658.0,0.0,0.0,1.0,True
2026-08-08 20:00:00+00:00,tt_bsd,BSD/Serpong,Jabodetabek,34.0,34.0,165.0,165.0,0.0,0.0,1.0,True
2026-08-08 20:00:00+00:00,tt_cawang,Cawang interchange,Jabodetabek,43.0,43.0,62.0,62.0,0.0,0.0,1.0,True
2026-08-08 20:00:00+00:00,tt_depok,Jl. Margonda (Depok),Jabodetabek,31.0,31.0,1778.0,1778.0,0.0,0.0,1.0,True
2026-08-08 20:00:00+00:00,tt_gatsu,Jl. Gatot Subroto,Jabodetabek,45.0,45.0,52.0,52.0,0.0,0.0,1.0,True
2026-08-08 20:00:00+00:00,tt_grogol,Grogol,Jabodetabek,40.0,40.0,304.0,304.0,0.0,0.0,1.0,True
2026-08-08 20:00:00+00:00,tt_kebonjeruk,Tol Kebon Jeruk,Jabodetabek,35.0,35.0,1158.0,1158.0,0.0,0.0,1.0,True
2026-08-08 20:00:00+00:00,tt_kelapagading,Kelapa Gading,Jabodetabek,29.0,29.0,1059.0,1059.0,0.0,0.0,1.0,True
2026-08-08 20:00:00+00:00,tt_kuningan,Jl. HR Rasuna Said,Jabodetabek,21.0,21.0,208.0,208.0,0.0,0.0,1.0,True
2026-08-08 20:00:00+00:00,tt_sudirman,Jl. Sudirman (HI),Jabodetabek,38.0,38.0,377.0,377.0,0.0,0.0,1.0,True
2026-08-08 20:00:00+00:00,tt_tangerang,Tol Jakarta-Merak,Jabodetabek,48.0,48.0,193.0,193.0,0.0,0.0,1.0,True
2026-08-08 20:00:00+00:00,tt_tbsimatupang,TB Simatupang,Jabodetabek,72.0,72.0,343.0,343.0,0.0,0.0,1.0,True
2026-08-08 20:00:00+00:00,tt_thamrin,Jl. MH Thamrin,Jabodetabek,22.0,22.0,261.0,261.0,0.0,0.0,1.0,True
2026-08-08 21:00:00+00:00,tt_bekasi,,,,,,,,,,False
2026-08-08 21:00:00+00:00,tt_bogor,,,,,,,,,,False
2026-08-08 21:00:00+00:00,tt_bsd,,,,,,,,,,False
2026-08-08 21:00:00+00:00,tt_cawang,,,,,,,,,,False
2026-08-08 21:00:00+00:00,tt_depok,,,,,,,,,,False
2026-08-08 21:00:00+00:00,tt_gatsu,,,,,,,,,,False
2026-08-08 21:00:00+00:00,tt_grogol,,,,,,,,,,False
2026-08-08 21:00:00+00:00,tt_kebonjeruk,,,,,,,,,,False
2026-08-08 21:00:00+00:00,tt_kelapagading,,,,,,,,,,False
2026-08-08 21:00:00+00:00,tt_kuningan,,,,,,,,,,False
2026-08-08 21:00:00+00:00,tt_sudirman,,,,,,,,,,False
2026-08-08 21:00:00+00:00,tt_tangerang,,,,,,,,,,False
2026-08-08 21:00:00+00:00,tt_tbsimatupang,,,,,,,,,,False
2026-08-08 21:00:00+00:00,tt_thamrin,,,,,,,,,,False
2026-08-08 22:00:00+00:00,tt_bekasi,Tol Jakarta-Cikampek,Jabodetabek,18.0,18.0,1072.0,1072.0,0.0,0.0,1.0,True
2026-08-08 22:00:00+00:00,tt_bogor,Tol Jagorawi (Bogor),Jabodetabek,45.0,45.0,658.0,658.0,0.0,0.0,1.0,True
2026-08-08 22:00:00+00:00,tt_bsd,BSD/Serpong,Jabodetabek,34.0,34.0,165.0,165.0,0.0,0.0,1.0,True
2026-08-08 22:00:00+00:00,tt_cawang,Cawang interchange,Jabodetabek,43.0,43.0,62.0,62.0,0.0,0.0,1.0,True
2026-08-08 22:00:00+00:00,tt_depok,Jl. Margonda (Depok),Jabodetabek,31.0,31.0,1778.0,1778.0,0.0,0.0,1.0,True
2026-08-08 22:00:00+00:00,tt_gatsu,Jl. Gatot Subroto,Jabodetabek,45.0,45.0,52.0,52.0,0.0,0.0,1.0,True
2026-08-08 22:00:00+00:00,tt_grogol,Grogol,Jabodetabek,40.0,40.0,304.0,304.0,0.0,0.0,1.0,True
2026-08-08 22:00:00+00:00,tt_kebonjeruk,Tol Kebon Jeruk,Jabodetabek,35.0,35.0,1158.0,1158.0,0.0,0.0,1.0,True
2026-08-08 22:00:00+00:00,tt_kelapagading,Kelapa Gading,Jabodetabek,29.0,29.0,1059.0,1059.0,0.0,0.0,1.0,True
2026-08-08 22:00:00+00:00,tt_kuningan,Jl. HR Rasuna Said,Jabodetabek,21.0,21.0,208.0,208.0,0.0,0.0,1.0,True
2026-08-08 22:00:00+00:00,tt_sudirman,Jl. Sudirman (HI),Jabodetabek,38.0,38.0,377.0,377.0,0.0,0.0,1.0,True
2026-08-08 22:00:00+00:00,tt_tangerang,Tol Jakarta-Merak,Jabodetabek,48.0,48.0,193.0,193.0,0.0,0.0,1.0,True
2026-08-08 22:00:00+00:00,tt_tbsimatupang,TB Simatupang,Jabodetabek,72.0,72.0,343.0,343.0,0.0,0.0,1.0,True
2026-08-08 22:00:00+00:00,tt_thamrin,Jl. MH Thamrin,Jabodetabek,22.0,22.0,261.0,261.0,0.0,0.0,1.0,True
2026-08-08 23:00:00+00:00,tt_bekasi,Tol Jakarta-Cikampek,Jabodetabek,18.0,18.0,1072.0,1072.0,0.0,0.0,1.0,True
2026-08-08 23:00:00+00:00,tt_bogor,Tol Jagorawi (Bogor),Jabodetabek,45.0,45.0,658.0,658.0,0.0,0.0,1.0,True
2026-08-08 23:00:00+00:00,tt_bsd,BSD/Serpong,Jabodetabek,34.0,34.0,165.0,165.0,0.0,0.0,1.0,True
2026-08-08 23:00:00+00:00,tt_cawang,Cawang interchange,Jabodetabek,43.0,43.0,62.0,62.0,0.0,0.0,1.0,True
2026-08-08 23:00:00+00:00,tt_depok,Jl. Margonda (Depok),Jabodetabek,31.0,31.0,1778.0,1778.0,0.0,0.0,1.0,True
2026-08-08 23:00:00+00:00,tt_gatsu,Jl. Gatot Subroto,Jabodetabek,45.0,45.0,52.0,52.0,0.0,0.0,1.0,True
2026-08-08 23:00:00+00:00,tt_grogol,Grogol,Jabodetabek,40.0,40.0,304.0,304.0,0.0,0.0,1.0,True
2026-08-08 23:00:00+00:00,tt_kebonjeruk,Tol Kebon Jeruk,Jabodetabek,35.0,35.0,1158.0,1158.0,0.0,0.0,1.0,True
2026-08-08 23:00:00+00:00,tt_kelapagading,Kelapa Gading,Jabodetabek,29.0,29.0,1059.0,1059.0,0.0,0.0,1.0,True
2026-08-08 23:00:00+00:00,tt_kuningan,Jl. HR Rasuna Said,Jabodetabek,21.0,21.0,208.0,208.0,0.0,0.0,1.0,True
2026-08-08 23:00:00+00:00,tt_sudirman,Jl. Sudirman (HI),Jabodetabek,22.0,38.0,652.0,377.0,0.4210526315789473,0.0,0.839926,True
2026-08-08 23:00:00+00:00,tt_tangerang,Tol Jakarta-Merak,Jabodetabek,48.0,48.0,193.0,193.0,0.0,0.0,1.0,True
2026-08-08 23:00:00+00:00,tt_tbsimatupang,TB Simatupang,Jabodetabek,72.0,72.0,343.0,343.0,0.0,0.0,1.0,True
2026-08-08 23:00:00+00:00,tt_thamrin,Jl. MH Thamrin,Jabodetabek,22.0,22.0,261.0,261.0,0.0,0.0,1.0,True
2026-08-09 00:00:00+00:00,tt_bekasi,,,,,,,,,,False
2026-08-09 00:00:00+00:00,tt_bogor,,,,,,,,,,False
2026-08-09 00:00:00+00:00,tt_bsd,,,,,,,,,,False
2026-08-09 00:00:00+00:00,tt_cawang,,,,,,,,,,False
2026-08-09 00:00:00+00:00,tt_depok,,,,,,,,,,False
2026-08-09 00:00:00+00:00,tt_gatsu,,,,,,,,,,False
2026-08-09 00:00:00+00:00,tt_grogol,,,,,,,,,,False
2026-08-09 00:00:00+00:00,tt_kebonjeruk,,,,,,,,,,False
2026-08-09 00:00:00+00:00,tt_kelapagading,,,,,,,,,,False
2026-08-09 00:00:00+00:00,tt_kuningan,,,,,,,,,,False
2026-08-09 00:00:00+00:00,tt_sudirman,,,,,,,,,,False
2026-08-09 00:00:00+00:00,tt_tangerang,,,,,,,,,,False
2026-08-09 00:00:00+00:00,tt_tbsimatupang,,,,,,,,,,False
2026-08-09 00:00:00+00:00,tt_thamrin,,,,,,,,,,False
2026-08-09 01:00:00+00:00,tt_bekasi,Tol Jakarta-Cikampek,Jabodetabek,18.0,18.0,1072.0,1072.0,0.0,0.0,1.0,True
2026-08-09 01:00:00+00:00,tt_bogor,Tol Jagorawi (Bogor),Jabodetabek,45.0,45.0,658.0,658.0,0.0,0.0,1.0,True
2026-08-09 01:00:00+00:00,tt_bsd,BSD/Serpong,Jabodetabek,34.0,34.0,165.0,165.0,0.0,0.0,1.0,True
2026-08-09 01:00:00+00:00,tt_cawang,Cawang interchange,Jabodetabek,43.0,43.0,62.0,62.0,0.0,0.0,1.0,True
2026-08-09 01:00:00+00:00,tt_depok,Jl. Margonda (Depok),Jabodetabek,31.0,31.0,1778.0,1778.0,0.0,0.0,1.0,True
2026-08-09 01:00:00+00:00,tt_gatsu,Jl. Gatot Subroto,Jabodetabek,45.0,45.0,52.0,52.0,0.0,0.0,1.0,True
2026-08-09 01:00:00+00:00,tt_grogol,Grogol,Jabodetabek,40.0,40.0,304.0,304.0,0.0,0.0,1.0,True
2026-08-09 01:00:00+00:00,tt_kebonjeruk,Tol Kebon Jeruk,Jabodetabek,35.0,35.0,1158.0,1158.0,0.0,0.0,1.0,True
2026-08-09 01:00:00+00:00,tt_kelapagading,Kelapa Gading,Jabodetabek,29.0,29.0,1059.0,1059.0,0.0,0.0,1.0,True
2026-08-09 01:00:00+00:00,tt_kuningan,Jl. HR Rasuna Said,Jabodetabek,21.0,21.0,208.0,208.0,0.0,0.0,1.0,True
2026-08-09 01:00:00+00:00,tt_sudirman,Jl. Sudirman (HI),Jabodetabek,18.0,39.0,797.0,368.0,0.5384615384615384,0.0,0.953755,True
2026-08-09 01:00:00+00:00,tt_tangerang,Tol Jakarta-Merak,Jabodetabek,39.0,47.0,237.0,197.0,0.1702127659574468,0.0,1.0,True
2026-08-09 01:00:00+00:00,tt_tbsimatupang,TB Simatupang,Jabodetabek,72.0,72.0,343.0,343.0,0.0,0.0,1.0,True
2026-08-09 01:00:00+00:00,tt_thamrin,Jl. MH Thamrin,Jabodetabek,14.0,22.0,410.0,261.0,0.3636363636363636,0.0,0.944012,True
2026-08-09 02:00:00+00:00,tt_bekasi,Tol Jakarta-Cikampek,Jabodetabek,14.0,17.0,1378.0,1135.0,0.1764705882352941,0.0,0.931837,True
2026-08-09 02:00:00+00:00,tt_bogor,Tol Jagorawi (Bogor),Jabodetabek,38.0,45.0,779.0,658.0,0.1555555555555555,0.0,1.0,True
2026-08-09 02:00:00+00:00,tt_bsd,BSD/Serpong,Jabodetabek,34.0,34.0,165.0,165.0,0.0,0.0,1.0,True
2026-08-09 02:00:00+00:00,tt_cawang,Cawang interchange,Jabodetabek,43.0,43.0,62.0,62.0,0.0,0.0,1.0,True
2026-08-09 02:00:00+00:00,tt_depok,Jl. Margonda (Depok),Jabodetabek,25.0,31.0,2205.0,1778.0,0.1935483870967742,0.0,0.972496,True
2026-08-09 02:00:00+00:00,tt_gatsu,Jl. Gatot Subroto,Jabodetabek,45.0,45.0,52.0,52.0,0.0,0.0,1.0,True
2026-08-09 02:00:00+00:00,tt_grogol,Grogol,Jabodetabek,40.0,40.0,304.0,304.0,0.0,0.0,1.0,True
2026-08-09 02:00:00+00:00,tt_kebonjeruk,Tol Kebon Jeruk,Jabodetabek,27.0,35.0,1501.0,1158.0,0.2285714285714285,0.0,1.0,True
2026-08-09 02:00:00+00:00,tt_kelapagading,Kelapa Gading,Jabodetabek,29.0,29.0,1059.0,1059.0,0.0,0.0,1.0,True
2026-08-09 02:00:00+00:00,tt_kuningan,Jl. HR Rasuna Said,Jabodetabek,21.0,21.0,208.0,208.0,0.0,0.0,1.0,True
2026-08-09 02:00:00+00:00,tt_sudirman,Jl. Sudirman (HI),Jabodetabek,30.0,39.0,478.0,368.0,0.2307692307692307,0.0,0.914303,True
2026-08-09 02:00:00+00:00,tt_tangerang,Tol Jakarta-Merak,Jabodetabek,48.0,48.0,193.0,193.0,0.0,0.0,1.0,True
2026-08-09 02:00:00+00:00,tt_tbsimatupang,TB Simatupang,Jabodetabek,72.0,72.0,343.0,343.0,0.0,0.0,1.0,True
2026-08-09 02:00:00+00:00,tt_thamrin,Jl. MH Thamrin,Jabodetabek,16.0,22.0,359.0,261.0,0.2727272727272727,0.0,0.925323,True
2026-08-09 03:00:00+00:00,tt_bekasi,,,,,,,,,,False
2026-08-09 03:00:00+00:00,tt_bogor,,,,,,,,,,False
2026-08-09 03:00:00+00:00,tt_bsd,,,,,,,,,,False
2026-08-09 03:00:00+00:00,tt_cawang,,,,,,,,,,False
2026-08-09 03:00:00+00:00,tt_depok,,,,,,,,,,False
2026-08-09 03:00:00+00:00,tt_gatsu,,,,,,,,,,False
2026-08-09 03:00:00+00:00,tt_grogol,,,,,,,,,,False
2026-08-09 03:00:00+00:00,tt_kebonjeruk,,,,,,,,,,False
2026-08-09 03:00:00+00:00,tt_kelapagading,,,,,,,,,,False
2026-08-09 03:00:00+00:00,tt_kuningan,,,,,,,,,,False
2026-08-09 03:00:00+00:00,tt_sudirman,,,,,,,,,,False
2026-08-09 03:00:00+00:00,tt_tangerang,,,,,,,,,,False
2026-08-09 03:00:00+00:00,tt_tbsimatupang,,,,,,,,,,False
2026-08-09 03:00:00+00:00,tt_thamrin,,,,,,,,,,False
2026-08-09 04:00:00+00:00,tt_bekasi,Tol Jakarta-Cikampek,Jabodetabek,18.0,18.0,1072.0,1072.0,0.0,0.0,1.0,True
2026-08-09 04:00:00+00:00,tt_bogor,Tol Jagorawi (Bogor),Jabodetabek,45.0,45.0,658.0,658.0,0.0,0.0,1.0,True
2026-08-09 04:00:00+00:00,tt_bsd,BSD/Serpong,Jabodetabek,34.0,34.0,165.0,165.0,0.0,0.0,1.0,True
2026-08-09 04:00:00+00:00,tt_cawang,Cawang interchange,Jabodetabek,21.0,42.0,128.0,64.0,0.5,0.0,1.0,True
2026-08-09 04:00:00+00:00,tt_depok,Jl. Margonda (Depok),Jabodetabek,24.0,31.0,2297.0,1778.0,0.2258064516129032,0.0,0.98388,True
2026-08-09 04:00:00+00:00,tt_gatsu,Jl. Gatot Subroto,Jabodetabek,45.0,45.0,52.0,52.0,0.0,0.0,1.0,True
2026-08-09 04:00:00+00:00,tt_grogol,Grogol,Jabodetabek,40.0,40.0,304.0,304.0,0.0,0.0,1.0,True
2026-08-09 04:00:00+00:00,tt_kebonjeruk,Tol Kebon Jeruk,Jabodetabek,28.0,36.0,1448.0,1126.0,0.2222222222222222,0.0,1.0,True
2026-08-09 04:00:00+00:00,tt_kelapagading,Kelapa Gading,Jabodetabek,24.0,29.0,1280.0,1059.0,0.1724137931034483,0.0,0.996962,True
2026-08-09 04:00:00+00:00,tt_kuningan,Jl. HR Rasuna Said,Jabodetabek,21.0,21.0,208.0,208.0,0.0,0.0,1.0,True
2026-08-09 04:00:00+00:00,tt_sudirman,Jl. Sudirman (HI),Jabodetabek,38.0,38.0,377.0,377.0,0.0,0.0,1.0,True
2026-08-09 04:00:00+00:00,tt_tangerang,Tol Jakarta-Merak,Jabodetabek,48.0,48.0,193.0,193.0,0.0,0.0,1.0,True
2026-08-09 04:00:00+00:00,tt_tbsimatupang,TB Simatupang,Jabodetabek,43.0,72.0,575.0,343.0,0.4027777777777778,0.0,1.0,True
2026-08-09 04:00:00+00:00,tt_thamrin,Jl. MH Thamrin,Jabodetabek,19.0,23.0,302.0,249.0,0.1739130434782608,0.0,1.0,True
2026-08-09 05:00:00+00:00,tt_bekasi,,,,,,,,,,False
2026-08-09 05:00:00+00:00,tt_bogor,,,,,,,,,,False
2026-08-09 05:00:00+00:00,tt_bsd,,,,,,,,,,False
2026-08-09 05:00:00+00:00,tt_cawang,,,,,,,,,,False
2026-08-09 05:00:00+00:00,tt_depok,,,,,,,,,,False
2026-08-09 05:00:00+00:00,tt_gatsu,,,,,,,,,,False
2026-08-09 05:00:00+00:00,tt_grogol,,,,,,,,,,False
2026-08-09 05:00:00+00:00,tt_kebonjeruk,,,,,,,,,,False
2026-08-09 05:00:00+00:00,tt_kelapagading,,,,,,,,,,False
2026-08-09 05:00:00+00:00,tt_kuningan,,,,,,,,,,False
2026-08-09 05:00:00+00:00,tt_sudirman,,,,,,,,,,False
2026-08-09 05:00:00+00:00,tt_tangerang,,,,,,,,,,False
2026-08-09 05:00:00+00:00,tt_tbsimatupang,,,,,,,,,,False
2026-08-09 05:00:00+00:00,tt_thamrin,,,,,,,,,,False
2026-08-09 06:00:00+00:00,tt_bekasi,Tol Jakarta-Cikampek,Jabodetabek,14.0,18.0,1378.0,1072.0,0.2222222222222222,0.0,0.920818,True
2026-08-09 06:00:00+00:00,tt_bogor,Tol Jagorawi (Bogor),Jabodetabek,38.0,45.0,779.0,658.0,0.1555555555555555,0.0,1.0,True
2026-08-09 06:00:00+00:00,tt_bsd,BSD/Serpong,Jabodetabek,34.0,34.0,165.0,165.0,0.0,0.0,1.0,True
2026-08-09 06:00:00+00:00,tt_cawang,Cawang interchange,Jabodetabek,20.0,41.0,135.0,65.0,0.5121951219512195,0.0,1.0,True
2026-08-09 06:00:00+00:00,tt_depok,Jl. Margonda (Depok),Jabodetabek,25.0,31.0,2205.0,1778.0,0.1935483870967742,0.0,0.968031,True
2026-08-09 06:00:00+00:00,tt_gatsu,Jl. Gatot Subroto,Jabodetabek,45.0,45.0,52.0,52.0,0.0,0.0,1.0,True
2026-08-09 06:00:00+00:00,tt_grogol,Grogol,Jabodetabek,40.0,40.0,304.0,304.0,0.0,0.0,1.0,True
2026-08-09 06:00:00+00:00,tt_kebonjeruk,Tol Kebon Jeruk,Jabodetabek,24.0,35.0,1689.0,1158.0,0.3142857142857143,0.0,1.0,True
2026-08-09 06:00:00+00:00,tt_kelapagading,Kelapa Gading,Jabodetabek,19.0,29.0,1617.0,1059.0,0.3448275862068966,0.0,0.999509,True
2026-08-09 06:00:00+00:00,tt_kuningan,Jl. HR Rasuna Said,Jabodetabek,21.0,21.0,208.0,208.0,0.0,0.0,1.0,True
2026-08-09 06:00:00+00:00,tt_sudirman,Jl. Sudirman (HI),Jabodetabek,34.0,39.0,422.0,368.0,0.1282051282051282,0.0,1.0,True
2026-08-09 06:00:00+00:00,tt_tangerang,Tol Jakarta-Merak,Jabodetabek,48.0,48.0,193.0,193.0,0.0,0.0,1.0,True
2026-08-09 06:00:00+00:00,tt_tbsimatupang,TB Simatupang,Jabodetabek,55.0,71.0,449.0,348.0,0.2253521126760563,0.0,1.0,True
2026-08-09 06:00:00+00:00,tt_thamrin,Jl. MH Thamrin,Jabodetabek,19.0,23.0,302.0,249.0,0.1739130434782608,0.0,1.0,True
2026-08-09 07:00:00+00:00,tt_bekasi,Tol Jakarta-Cikampek,Jabodetabek,18.0,18.0,1072.0,1072.0,0.0,0.0,1.0,True
2026-08-09 07:00:00+00:00,tt_bogor,Tol Jagorawi (Bogor),Jabodetabek,32.0,44.0,925.0,673.0,0.2727272727272727,0.0,1.0,True
2026-08-09 07:00:00+00:00,tt_bsd,BSD/Serpong,Jabodetabek,34.0,34.0,165.0,165.0,0.0,0.0,1.0,True
2026-08-09 07:00:00+00:00,tt_cawang,Cawang interchange,Jabodetabek,21.0,42.0,128.0,64.0,0.5,0.0,1.0,True
2026-08-09 07:00:00+00:00,tt_depok,Jl. Margonda (Depok),Jabodetabek,25.0,31.0,2205.0,1778.0,0.1935483870967742,0.0,0.983862,True
2026-08-09 07:00:00+00:00,tt_gatsu,Jl. Gatot Subroto,Jabodetabek,45.0,45.0,52.0,52.0,0.0,0.0,1.0,True
2026-08-09 07:00:00+00:00,tt_grogol,Grogol,Jabodetabek,40.0,40.0,304.0,304.0,0.0,0.0,1.0,True
2026-08-09 07:00:00+00:00,tt_kebonjeruk,Tol Kebon Jeruk,Jabodetabek,24.0,35.0,1689.0,1158.0,0.3142857142857143,0.0,1.0,True
2026-08-09 07:00:00+00:00,tt_kelapagading,Kelapa Gading,Jabodetabek,22.0,29.0,1396.0,1059.0,0.2413793103448276,0.0,1.0,True
2026-08-09 07:00:00+00:00,tt_kuningan,Jl. HR Rasuna Said,Jabodetabek,21.0,21.0,208.0,208.0,0.0,0.0,1.0,True
2026-08-09 07:00:00+00:00,tt_sudirman,Jl. Sudirman (HI),Jabodetabek,33.0,38.0,434.0,377.0,0.131578947368421,0.0,1.0,True
2026-08-09 07:00:00+00:00,tt_tangerang,Tol Jakarta-Merak,Jabodetabek,48.0,48.0,193.0,193.0,0.0,0.0,1.0,True
2026-08-09 07:00:00+00:00,tt_tbsimatupang,TB Simatupang,Jabodetabek,48.0,71.0,515.0,348.0,0.323943661971831,0.0,1.0,True
2026-08-09 07:00:00+00:00,tt_thamrin,Jl. MH Thamrin,Jabodetabek,22.0,22.0,261.0,261.0,0.0,0.0,1.0,True
2026-08-09 08:00:00+00:00,tt_bekasi,,,,,,,,,,False
2026-08-09 08:00:00+00:00,tt_bogor,,,,,,,,,,False
2026-08-09 08:00:00+00:00,tt_bsd,,,,,,,,,,False
2026-08-09 08:00:00+00:00,tt_cawang,,,,,,,,,,False
2026-08-09 08:00:00+00:00,tt_depok,,,,,,,,,,False
2026-08-09 08:00:00+00:00,tt_gatsu,,,,,,,,,,False
2026-08-09 08:00:00+00:00,tt_grogol,,,,,,,,,,False
2026-08-09 08:00:00+00:00,tt_kebonjeruk,,,,,,,,,,False
2026-08-09 08:00:00+00:00,tt_kelapagading,,,,,,,,,,False
2026-08-09 08:00:00+00:00,tt_kuningan,,,,,,,,,,False
2026-08-09 08:00:00+00:00,tt_sudirman,,,,,,,,,,False
2026-08-09 08:00:00+00:00,tt_tangerang,,,,,,,,,,False
2026-08-09 08:00:00+00:00,tt_tbsimatupang,,,,,,,,,,False
2026-08-09 08:00:00+00:00,tt_thamrin,,,,,,,,,,False
2026-08-09 09:00:00+00:00,tt_bekasi,Tol Jakarta-Cikampek,Jabodetabek,18.0,18.0,1072.0,1072.0,0.0,0.0,1.0,True
2026-08-09 09:00:00+00:00,tt_bogor,Tol Jagorawi (Bogor),Jabodetabek,37.0,45.0,800.0,658.0,0.1777777777777778,0.0,1.0,True
2026-08-09 09:00:00+00:00,tt_bsd,BSD/Serpong,Jabodetabek,34.0,34.0,165.0,165.0,0.0,0.0,1.0,True
2026-08-09 09:00:00+00:00,tt_cawang,Cawang interchange,Jabodetabek,29.0,42.0,93.0,64.0,0.3095238095238095,0.0,1.0,True
2026-08-09 09:00:00+00:00,tt_depok,Jl. Margonda (Depok),Jabodetabek,24.0,31.0,2297.0,1778.0,0.2258064516129032,0.0,0.96474,True
2026-08-09 09:00:00+00:00,tt_gatsu,Jl. Gatot Subroto,Jabodetabek,45.0,45.0,52.0,52.0,0.0,0.0,1.0,True
2026-08-09 09:00:00+00:00,tt_grogol,Grogol,Jabodetabek,40.0,40.0,304.0,304.0,0.0,0.0,1.0,True
2026-08-09 09:00:00+00:00,tt_kebonjeruk,Tol Kebon Jeruk,Jabodetabek,26.0,35.0,1559.0,1158.0,0.2571428571428571,0.0,1.0,True
2026-08-09 09:00:00+00:00,tt_kelapagading,Kelapa Gading,Jabodetabek,24.0,29.0,1280.0,1059.0,0.1724137931034483,0.0,1.0,True
2026-08-09 09:00:00+00:00,tt_kuningan,Jl. HR Rasuna Said,Jabodetabek,21.0,21.0,208.0,208.0,0.0,0.0,1.0,True
2026-08-09 09:00:00+00:00,tt_sudirman,Jl. Sudirman (HI),Jabodetabek,38.0,38.0,377.0,377.0,0.0,0.0,1.0,True
2026-08-09 09:00:00+00:00,tt_tangerang,Tol Jakarta-Merak,Jabodetabek,48.0,48.0,193.0,193.0,0.0,0.0,1.0,True
2026-08-09 09:00:00+00:00,tt_tbsimatupang,TB Simatupang,Jabodetabek,58.0,72.0,426.0,343.0,0.1944444444444444,0.0,1.0,True
2026-08-09 09:00:00+00:00,tt_thamrin,Jl. MH Thamrin,Jabodetabek,18.0,22.0,319.0,261.0,0.1818181818181817,0.0,1.0,True
2026-08-09 10:00:00+00:00,tt_bekasi,Tol Jakarta-Cikampek,Jabodetabek,14.0,17.0,1378.0,1135.0,0.1764705882352941,0.0,0.958455,True
2026-08-09 10:00:00+00:00,tt_bogor,Tol Jagorawi (Bogor),Jabodetabek,29.0,44.0,1021.0,673.0,0.3409090909090909,0.0,1.0,True
2026-08-09 10:00:00+00:00,tt_bsd,BSD/Serpong,Jabodetabek,34.0,34.0,165.0,165.0,0.0,0.0,1.0,True
2026-08-09 10:00:00+00:00,tt_cawang,Cawang interchange,Jabodetabek,20.0,42.0,135.0,64.0,0.5238095238095238,0.0,1.0,True
2026-08-09 10:00:00+00:00,tt_depok,Jl. Margonda (Depok),Jabodetabek,22.0,31.0,2506.0,1778.0,0.2903225806451612,0.0,0.987754,True
2026-08-09 10:00:00+00:00,tt_gatsu,Jl. Gatot Subroto,Jabodetabek,45.0,45.0,52.0,52.0,0.0,0.0,1.0,True
2026-08-09 10:00:00+00:00,tt_grogol,Grogol,Jabodetabek,40.0,40.0,304.0,304.0,0.0,0.0,1.0,True
2026-08-09 10:00:00+00:00,tt_kebonjeruk,Tol Kebon Jeruk,Jabodetabek,27.0,36.0,1501.0,1126.0,0.25,0.0,1.0,True
2026-08-09 10:00:00+00:00,tt_kelapagading,Kelapa Gading,Jabodetabek,22.0,29.0,1396.0,1059.0,0.2413793103448276,0.0,1.0,True
2026-08-09 10:00:00+00:00,tt_kuningan,Jl. HR Rasuna Said,Jabodetabek,21.0,21.0,208.0,208.0,0.0,0.0,1.0,True
2026-08-09 10:00:00+00:00,tt_sudirman,Jl. Sudirman (HI),Jabodetabek,31.0,39.0,463.0,368.0,0.2051282051282051,0.0,1.0,True
2026-08-09 10:00:00+00:00,tt_tangerang,Tol Jakarta-Merak,Jabodetabek,48.0,48.0,193.0,193.0,0.0,0.0,1.0,True
2026-08-09 10:00:00+00:00,tt_tbsimatupang,TB Simatupang,Jabodetabek,43.0,71.0,575.0,348.0,0.3943661971830986,0.0,1.0,True
2026-08-09 10:00:00+00:00,tt_thamrin,Jl. MH Thamrin,Jabodetabek,17.0,22.0,338.0,261.0,0.2272727272727273,0.0,1.0,True
2026-08-09 11:00:00+00:00,tt_bekasi,,,,,,,,,,False
2026-08-09 11:00:00+00:00,tt_bogor,,,,,,,,,,False
2026-08-09 11:00:00+00:00,tt_bsd,,,,,,,,,,False
2026-08-09 11:00:00+00:00,tt_cawang,,,,,,,,,,False
2026-08-09 11:00:00+00:00,tt_depok,,,,,,,,,,False
2026-08-09 11:00:00+00:00,tt_gatsu,,,,,,,,,,False
2026-08-09 11:00:00+00:00,tt_grogol,,,,,,,,,,False
2026-08-09 11:00:00+00:00,tt_kebonjeruk,,,,,,,,,,False
2026-08-09 11:00:00+00:00,tt_kelapagading,,,,,,,,,,False
2026-08-09 11:00:00+00:00,tt_kuningan,,,,,,,,,,False
2026-08-09 11:00:00+00:00,tt_sudirman,,,,,,,,,,False
2026-08-09 11:00:00+00:00,tt_tangerang,,,,,,,,,,False
2026-08-09 11:00:00+00:00,tt_tbsimatupang,,,,,,,,,,False
2026-08-09 11:00:00+00:00,tt_thamrin,,,,,,,,,,False
2026-08-09 12:00:00+00:00,tt_bekasi,Tol Jakarta-Cikampek,Jabodetabek,13.0,18.0,1484.0,1072.0,0.2777777777777778,0.0,0.920199,True
2026-08-09 12:00:00+00:00,tt_bogor,Tol Jagorawi (Bogor),Jabodetabek,32.0,45.0,925.0,658.0,0.2888888888888888,0.0,1.0,True
2026-08-09 12:00:00+00:00,tt_bsd,BSD/Serpong,Jabodetabek,34.0,34.0,165.0,165.0,0.0,0.0,1.0,True
2026-08-09 12:00:00+00:00,tt_cawang,Cawang interchange,Jabodetabek,26.0,41.0,103.0,65.0,0.3658536585365853,0.0,1.0,True
2026-08-09 12:00:00+00:00,tt_depok,Jl. Margonda (Depok),Jabodetabek,22.0,30.0,2506.0,1837.0,0.2666666666666667,0.0,0.985376,True
2026-08-09 12:00:00+00:00,tt_gatsu,Jl. Gatot Subroto,Jabodetabek,45.0,45.0,52.0,52.0,0.0,0.0,1.0,True
2026-08-09 12:00:00+00:00,tt_grogol,Grogol,Jabodetabek,40.0,40.0,304.0,304.0,0.0,0.0,1.0,True
2026-08-09 12:00:00+00:00,tt_kebonjeruk,Tol Kebon Jeruk,Jabodetabek,29.0,36.0,1398.0,1126.0,0.1944444444444444,0.0,1.0,True
2026-08-09 12:00:00+00:00,tt_kelapagading,Kelapa Gading,Jabodetabek,20.0,29.0,1536.0,1059.0,0.3103448275862068,0.0,0.999509,True
2026-08-09 12:00:00+00:00,tt_kuningan,Jl. HR Rasuna Said,Jabodetabek,16.0,21.0,273.0,208.0,0.2380952380952381,0.0,0.98,True
2026-08-09 12:00:00+00:00,tt_sudirman,Jl. Sudirman (HI),Jabodetabek,31.0,39.0,463.0,368.0,0.2051282051282051,0.0,1.0,True
2026-08-09 12:00:00+00:00,tt_tangerang,Tol Jakarta-Merak,Jabodetabek,48.0,48.0,193.0,193.0,0.0,0.0,1.0,True
2026-08-09 12:00:00+00:00,tt_tbsimatupang,TB Simatupang,Jabodetabek,72.0,72.0,343.0,343.0,0.0,0.0,1.0,True
2026-08-09 12:00:00+00:00,tt_thamrin,Jl. MH Thamrin,Jabodetabek,13.0,23.0,442.0,249.0,0.4347826086956522,0.0,1.0,True
2026-08-09 13:00:00+00:00,tt_bekasi,,,,,,,,,,False
2026-08-09 13:00:00+00:00,tt_bogor,,,,,,,,,,False
2026-08-09 13:00:00+00:00,tt_bsd,,,,,,,,,,False
2026-08-09 13:00:00+00:00,tt_cawang,,,,,,,,,,False
2026-08-09 13:00:00+00:00,tt_depok,,,,,,,,,,False
2026-08-09 13:00:00+00:00,tt_gatsu,,,,,,,,,,False
2026-08-09 13:00:00+00:00,tt_grogol,,,,,,,,,,False
2026-08-09 13:00:00+00:00,tt_kebonjeruk,,,,,,,,,,False
2026-08-09 13:00:00+00:00,tt_kelapagading,,,,,,,,,,False
2026-08-09 13:00:00+00:00,tt_kuningan,,,,,,,,,,False
2026-08-09 13:00:00+00:00,tt_sudirman,,,,,,,,,,False
2026-08-09 13:00:00+00:00,tt_tangerang,,,,,,,,,,False
2026-08-09 13:00:00+00:00,tt_tbsimatupang,,,,,,,,,,False
2026-08-09 13:00:00+00:00,tt_thamrin,,,,,,,,,,False
2026-08-09 14:00:00+00:00,tt_bekasi,Tol Jakarta-Cikampek,Jabodetabek,18.0,18.0,1072.0,1072.0,0.0,0.0,1.0,True
2026-08-09 14:00:00+00:00,tt_bogor,Tol Jagorawi (Bogor),Jabodetabek,35.0,44.0,846.0,673.0,0.2045454545454545,0.0,1.0,True
2026-08-09 14:00:00+00:00,tt_bsd,BSD/Serpong,Jabodetabek,34.0,34.0,165.0,165.0,0.0,0.0,1.0,True
2026-08-09 14:00:00+00:00,tt_cawang,Cawang interchange,Jabodetabek,34.0,43.0,79.0,62.0,0.2093023255813954,0.0,1.0,True
2026-08-09 14:00:00+00:00,tt_depok,Jl. Margonda (Depok),Jabodetabek,24.0,31.0,2297.0,1778.0,0.2258064516129032,0.0,0.989561,True
2026-08-09 14:00:00+00:00,tt_gatsu,Jl. Gatot Subroto,Jabodetabek,45.0,45.0,52.0,52.0,0.0,0.0,1.0,True
2026-08-09 14:00:00+00:00,tt_grogol,Grogol,Jabodetabek,40.0,40.0,304.0,304.0,0.0,0.0,1.0,True
2026-08-09 14:00:00+00:00,tt_kebonjeruk,Tol Kebon Jeruk,Jabodetabek,28.0,35.0,1448.0,1158.0,0.1999999999999999,0.0,1.0,True
2026-08-09 14:00:00+00:00,tt_kelapagading,Kelapa Gading,Jabodetabek,23.0,29.0,1335.0,1059.0,0.2068965517241379,0.0,0.99648,True
2026-08-09 14:00:00+00:00,tt_kuningan,Jl. HR Rasuna Said,Jabodetabek,21.0,21.0,208.0,208.0,0.0,0.0,1.0,True
2026-08-09 14:00:00+00:00,tt_sudirman,Jl. Sudirman (HI),Jabodetabek,38.0,38.0,377.0,377.0,0.0,0.0,1.0,True
2026-08-09 14:00:00+00:00,tt_tangerang,Tol Jakarta-Merak,Jabodetabek,48.0,48.0,193.0,193.0,0.0,0.0,1.0,True
2026-08-09 14:00:00+00:00,tt_tbsimatupang,TB Simatupang,Jabodetabek,55.0,71.0,449.0,348.0,0.2253521126760563,0.0,1.0,True
2026-08-09 14:00:00+00:00,tt_thamrin,Jl. MH Thamrin,Jabodetabek,16.0,22.0,359.0,261.0,0.2727272727272727,0.0,1.0,True
2026-08-09 15:00:00+00:00,tt_bekasi,Tol Jakarta-Cikampek,Jabodetabek,18.0,18.0,1072.0,1072.0,0.0,0.0,1.0,True
2026-08-09 15:00:00+00:00,tt_bogor,Tol Jagorawi (Bogor),Jabodetabek,45.0,45.0,658.0,658.0,0.0,0.0,1.0,True
2026-08-09 15:00:00+00:00,tt_bsd,BSD/Serpong,Jabodetabek,34.0,34.0,165.0,165.0,0.0,0.0,1.0,True
2026-08-09 15:00:00+00:00,tt_cawang,Cawang interchange,Jabodetabek,43.0,43.0,62.0,62.0,0.0,0.0,1.0,True
2026-08-09 15:00:00+00:00,tt_depok,Jl. Margonda (Depok),Jabodetabek,31.0,31.0,1778.0,1778.0,0.0,0.0,1.0,True
2026-08-09 15:00:00+00:00,tt_gatsu,Jl. Gatot Subroto,Jabodetabek,45.0,45.0,52.0,52.0,0.0,0.0,1.0,True
2026-08-09 15:00:00+00:00,tt_grogol,Grogol,Jabodetabek,40.0,40.0,304.0,304.0,0.0,0.0,1.0,True
2026-08-09 15:00:00+00:00,tt_kebonjeruk,Tol Kebon Jeruk,Jabodetabek,35.0,35.0,1158.0,1158.0,0.0,0.0,1.0,True
2026-08-09 15:00:00+00:00,tt_kelapagading,Kelapa Gading,Jabodetabek,29.0,29.0,1059.0,1059.0,0.0,0.0,1.0,True
2026-08-09 15:00:00+00:00,tt_kuningan,Jl. HR Rasuna Said,Jabodetabek,21.0,21.0,208.0,208.0,0.0,0.0,1.0,True
2026-08-09 15:00:00+00:00,tt_sudirman,Jl. Sudirman (HI),Jabodetabek,38.0,38.0,377.0,377.0,0.0,0.0,1.0,True
2026-08-09 15:00:00+00:00,tt_tangerang,Tol Jakarta-Merak,Jabodetabek,48.0,48.0,193.0,193.0,0.0,0.0,1.0,True
2026-08-09 15:00:00+00:00,tt_tbsimatupang,TB Simatupang,Jabodetabek,72.0,72.0,343.0,343.0,0.0,0.0,1.0,True
2026-08-09 15:00:00+00:00,tt_thamrin,Jl. MH Thamrin,Jabodetabek,18.0,22.0,319.0,261.0,0.1818181818181817,0.0,1.0,True
2026-08-09 16:00:00+00:00,tt_bekasi,,,,,,,,,,False
2026-08-09 16:00:00+00:00,tt_bogor,,,,,,,,,,False
2026-08-09 16:00:00+00:00,tt_bsd,,,,,,,,,,False
2026-08-09 16:00:00+00:00,tt_cawang,,,,,,,,,,False
2026-08-09 16:00:00+00:00,tt_depok,,,,,,,,,,False
2026-08-09 16:00:00+00:00,tt_gatsu,,,,,,,,,,False
2026-08-09 16:00:00+00:00,tt_grogol,,,,,,,,,,False
2026-08-09 16:00:00+00:00,tt_kebonjeruk,,,,,,,,,,False
2026-08-09 16:00:00+00:00,tt_kelapagading,,,,,,,,,,False
2026-08-09 16:00:00+00:00,tt_kuningan,,,,,,,,,,False
2026-08-09 16:00:00+00:00,tt_sudirman,,,,,,,,,,False
2026-08-09 16:00:00+00:00,tt_tangerang,,,,,,,,,,False
2026-08-09 16:00:00+00:00,tt_tbsimatupang,,,,,,,,,,False
2026-08-09 16:00:00+00:00,tt_thamrin,,,,,,,,,,False
2026-08-09 17:00:00+00:00,tt_bekasi,Tol Jakarta-Cikampek,Jabodetabek,18.0,18.0,1072.0,1072.0,0.0,0.0,1.0,True
2026-08-09 17:00:00+00:00,tt_bogor,Tol Jagorawi (Bogor),Jabodetabek,45.0,45.0,658.0,658.0,0.0,0.0,1.0,True
2026-08-09 17:00:00+00:00,tt_bsd,BSD/Serpong,Jabodetabek,34.0,34.0,165.0,165.0,0.0,0.0,1.0,True
2026-08-09 17:00:00+00:00,tt_cawang,Cawang interchange,Jabodetabek,43.0,43.0,62.0,62.0,0.0,0.0,1.0,True
2026-08-09 17:00:00+00:00,tt_depok,Jl. Margonda (Depok),Jabodetabek,31.0,31.0,1778.0,1778.0,0.0,0.0,1.0,True
2026-08-09 17:00:00+00:00,tt_gatsu,Jl. Gatot Subroto,Jabodetabek,45.0,45.0,52.0,52.0,0.0,0.0,1.0,True
2026-08-09 17:00:00+00:00,tt_grogol,Grogol,Jabodetabek,40.0,40.0,304.0,304.0,0.0,0.0,1.0,True
2026-08-09 17:00:00+00:00,tt_kebonjeruk,Tol Kebon Jeruk,Jabodetabek,35.0,35.0,1158.0,1158.0,0.0,0.0,1.0,True
2026-08-09 17:00:00+00:00,tt_kelapagading,Kelapa Gading,Jabodetabek,29.0,29.0,1059.0,1059.0,0.0,0.0,1.0,True
2026-08-09 17:00:00+00:00,tt_kuningan,Jl. HR Rasuna Said,Jabodetabek,21.0,21.0,208.0,208.0,0.0,0.0,1.0,True
2026-08-09 17:00:00+00:00,tt_sudirman,Jl. Sudirman (HI),Jabodetabek,38.0,38.0,377.0,377.0,0.0,0.0,1.0,True
2026-08-09 17:00:00+00:00,tt_tangerang,Tol Jakarta-Merak,Jabodetabek,48.0,48.0,193.0,193.0,0.0,0.0,1.0,True
2026-08-09 17:00:00+00:00,tt_tbsimatupang,TB Simatupang,Jabodetabek,72.0,72.0,343.0,343.0,0.0,0.0,1.0,True
2026-08-09 17:00:00+00:00,tt_thamrin,Jl. MH Thamrin,Jabodetabek,22.0,22.0,261.0,261.0,0.0,0.0,1.0,True
2026-08-09 18:00:00+00:00,tt_bekasi,Tol Jakarta-Cikampek,Jabodetabek,18.0,18.0,1072.0,1072.0,0.0,0.0,1.0,True
2026-08-09 18:00:00+00:00,tt_bogor,Tol Jagorawi (Bogor),Jabodetabek,45.0,45.0,658.0,658.0,0.0,0.0,1.0,True
2026-08-09 18:00:00+00:00,tt_bsd,BSD/Serpong,Jabodetabek,34.0,34.0,165.0,165.0,0.0,0.0,1.0,True
2026-08-09 18:00:00+00:00,tt_cawang,Cawang interchange,Jabodetabek,43.0,43.0,62.0,62.0,0.0,0.0,1.0,True
2026-08-09 18:00:00+00:00,tt_depok,Jl. Margonda (Depok),Jabodetabek,31.0,31.0,1778.0,1778.0,0.0,0.0,1.0,True
2026-08-09 18:00:00+00:00,tt_gatsu,Jl. Gatot Subroto,Jabodetabek,45.0,45.0,52.0,52.0,0.0,0.0,1.0,True
2026-08-09 18:00:00+00:00,tt_grogol,Grogol,Jabodetabek,40.0,40.0,304.0,304.0,0.0,0.0,1.0,True
2026-08-09 18:00:00+00:00,tt_kebonjeruk,Tol Kebon Jeruk,Jabodetabek,35.0,35.0,1158.0,1158.0,0.0,0.0,1.0,True
2026-08-09 18:00:00+00:00,tt_kelapagading,Kelapa Gading,Jabodetabek,29.0,29.0,1059.0,1059.0,0.0,0.0,1.0,True
2026-08-09 18:00:00+00:00,tt_kuningan,Jl. HR Rasuna Said,Jabodetabek,21.0,21.0,208.0,208.0,0.0,0.0,1.0,True
2026-08-09 18:00:00+00:00,tt_sudirman,Jl. Sudirman (HI),Jabodetabek,38.0,38.0,377.0,377.0,0.0,0.0,1.0,True
2026-08-09 18:00:00+00:00,tt_tangerang,Tol Jakarta-Merak,Jabodetabek,48.0,48.0,193.0,193.0,0.0,0.0,1.0,True
2026-08-09 18:00:00+00:00,tt_tbsimatupang,TB Simatupang,Jabodetabek,72.0,72.0,343.0,343.0,0.0,0.0,1.0,True
2026-08-09 18:00:00+00:00,tt_thamrin,Jl. MH Thamrin,Jabodetabek,22.0,22.0,261.0,261.0,0.0,0.0,1.0,True
2026-08-09 19:00:00+00:00,tt_bekasi,,,,,,,,,,False
2026-08-09 19:00:00+00:00,tt_bogor,,,,,,,,,,False
2026-08-09 19:00:00+00:00,tt_bsd,,,,,,,,,,False
2026-08-09 19:00:00+00:00,tt_cawang,,,,,,,,,,False
2026-08-09 19:00:00+00:00,tt_depok,,,,,,,,,,False
2026-08-09 19:00:00+00:00,tt_gatsu,,,,,,,,,,False
2026-08-09 19:00:00+00:00,tt_grogol,,,,,,,,,,False
2026-08-09 19:00:00+00:00,tt_kebonjeruk,,,,,,,,,,False
2026-08-09 19:00:00+00:00,tt_kelapagading,,,,,,,,,,False
2026-08-09 19:00:00+00:00,tt_kuningan,,,,,,,,,,False
2026-08-09 19:00:00+00:00,tt_sudirman,,,,,,,,,,False
2026-08-09 19:00:00+00:00,tt_tangerang,,,,,,,,,,False
2026-08-09 19:00:00+00:00,tt_tbsimatupang,,,,,,,,,,False
2026-08-09 19:00:00+00:00,tt_thamrin,,,,,,,,,,False
2026-08-09 20:00:00+00:00,tt_bekasi,Tol Jakarta-Cikampek,Jabodetabek,18.0,18.0,1072.0,1072.0,0.0,0.0,1.0,True
2026-08-09 20:00:00+00:00,tt_bogor,Tol Jagorawi (Bogor),Jabodetabek,45.0,45.0,658.0,658.0,0.0,0.0,1.0,True
2026-08-09 20:00:00+00:00,tt_bsd,BSD/Serpong,Jabodetabek,34.0,34.0,165.0,165.0,0.0,0.0,1.0,True
2026-08-09 20:00:00+00:00,tt_cawang,Cawang interchange,Jabodetabek,43.0,43.0,62.0,62.0,0.0,0.0,1.0,True
2026-08-09 20:00:00+00:00,tt_depok,Jl. Margonda (Depok),Jabodetabek,31.0,31.0,1778.0,1778.0,0.0,0.0,1.0,True
2026-08-09 20:00:00+00:00,tt_gatsu,Jl. Gatot Subroto,Jabodetabek,45.0,45.0,52.0,52.0,0.0,0.0,1.0,True
2026-08-09 20:00:00+00:00,tt_grogol,Grogol,Jabodetabek,40.0,40.0,304.0,304.0,0.0,0.0,1.0,True
2026-08-09 20:00:00+00:00,tt_kebonjeruk,Tol Kebon Jeruk,Jabodetabek,35.0,35.0,1158.0,1158.0,0.0,0.0,1.0,True
2026-08-09 20:00:00+00:00,tt_kelapagading,Kelapa Gading,Jabodetabek,29.0,29.0,1059.0,1059.0,0.0,0.0,1.0,True
2026-08-09 20:00:00+00:00,tt_kuningan,Jl. HR Rasuna Said,Jabodetabek,21.0,21.0,208.0,208.0,0.0,0.0,1.0,True
2026-08-09 20:00:00+00:00,tt_sudirman,Jl. Sudirman (HI),Jabodetabek,38.0,38.0,377.0,377.0,0.0,0.0,1.0,True
2026-08-09 20:00:00+00:00,tt_tangerang,Tol Jakarta-Merak,Jabodetabek,48.0,48.0,193.0,193.0,0.0,0.0,1.0,True
2026-08-09 20:00:00+00:00,tt_tbsimatupang,TB Simatupang,Jabodetabek,72.0,72.0,343.0,343.0,0.0,0.0,1.0,True
2026-08-09 20:00:00+00:00,tt_thamrin,Jl. MH Thamrin,Jabodetabek,22.0,22.0,261.0,261.0,0.0,0.0,1.0,True
2026-08-09 21:00:00+00:00,tt_bekasi,Tol Jakarta-Cikampek,Jabodetabek,18.0,18.0,1072.0,1072.0,0.0,0.0,1.0,True
2026-08-09 21:00:00+00:00,tt_bogor,Tol Jagorawi (Bogor),Jabodetabek,45.0,45.0,658.0,658.0,0.0,0.0,1.0,True
2026-08-09 21:00:00+00:00,tt_bsd,BSD/Serpong,Jabodetabek,34.0,34.0,165.0,165.0,0.0,0.0,1.0,True
2026-08-09 21:00:00+00:00,tt_cawang,Cawang interchange,Jabodetabek,43.0,43.0,62.0,62.0,0.0,0.0,1.0,True
2026-08-09 21:00:00+00:00,tt_depok,Jl. Margonda (Depok),Jabodetabek,31.0,31.0,1778.0,1778.0,0.0,0.0,1.0,True
2026-08-09 21:00:00+00:00,tt_gatsu,Jl. Gatot Subroto,Jabodetabek,45.0,45.0,52.0,52.0,0.0,0.0,1.0,True
2026-08-09 21:00:00+00:00,tt_grogol,Grogol,Jabodetabek,40.0,40.0,304.0,304.0,0.0,0.0,1.0,True
2026-08-09 21:00:00+00:00,tt_kebonjeruk,Tol Kebon Jeruk,Jabodetabek,35.0,35.0,1158.0,1158.0,0.0,0.0,1.0,True
2026-08-09 21:00:00+00:00,tt_kelapagading,Kelapa Gading,Jabodetabek,29.0,29.0,1059.0,1059.0,0.0,0.0,1.0,True
2026-08-09 21:00:00+00:00,tt_kuningan,Jl. HR Rasuna Said,Jabodetabek,21.0,21.0,208.0,208.0,0.0,0.0,1.0,True
2026-08-09 21:00:00+00:00,tt_sudirman,Jl. Sudirman (HI),Jabodetabek,38.0,38.0,377.0,377.0,0.0,0.0,1.0,True
2026-08-09 21:00:00+00:00,tt_tangerang,Tol Jakarta-Merak,Jabodetabek,48.0,48.0,193.0,193.0,0.0,0.0,1.0,True
2026-08-09 21:00:00+00:00,tt_tbsimatupang,TB Simatupang,Jabodetabek,72.0,72.0,343.0,343.0,0.0,0.0,1.0,True
2026-08-09 21:00:00+00:00,tt_thamrin,Jl. MH Thamrin,Jabodetabek,22.0,22.0,261.0,261.0,0.0,0.0,1.0,True
2026-08-09 22:00:00+00:00,tt_bekasi,,,,,,,,,,False
2026-08-09 22:00:00+00:00,tt_bogor,,,,,,,,,,False
2026-08-09 22:00:00+00:00,tt_bsd,,,,,,,,,,False
2026-08-09 22:00:00+00:00,tt_cawang,,,,,,,,,,False
2026-08-09 22:00:00+00:00,tt_depok,,,,,,,,,,False
2026-08-09 22:00:00+00:00,tt_gatsu,,,,,,,,,,False
2026-08-09 22:00:00+00:00,tt_grogol,,,,,,,,,,False
2026-08-09 22:00:00+00:00,tt_kebonjeruk,,,,,,,,,,False
2026-08-09 22:00:00+00:00,tt_kelapagading,,,,,,,,,,False
2026-08-09 22:00:00+00:00,tt_kuningan,,,,,,,,,,False
2026-08-09 22:00:00+00:00,tt_sudirman,,,,,,,,,,False
2026-08-09 22:00:00+00:00,tt_tangerang,,,,,,,,,,False
2026-08-09 22:00:00+00:00,tt_tbsimatupang,,,,,,,,,,False
2026-08-09 22:00:00+00:00,tt_thamrin,,,,,,,,,,False
2026-08-09 23:00:00+00:00,tt_bekasi,Tol Jakarta-Cikampek,Jabodetabek,18.0,18.0,1072.0,1072.0,0.0,0.0,1.0,True
2026-08-09 23:00:00+00:00,tt_bogor,Tol Jagorawi (Bogor),Jabodetabek,37.0,45.0,800.0,658.0,0.1777777777777778,0.0,1.0,True
2026-08-09 23:00:00+00:00,tt_bsd,BSD/Serpong,Jabodetabek,34.0,34.0,165.0,165.0,0.0,0.0,1.0,True
2026-08-09 23:00:00+00:00,tt_cawang,Cawang interchange,Jabodetabek,10.0,43.0,270.0,62.0,0.7674418604651163,0.0,1.0,True
2026-08-09 23:00:00+00:00,tt_depok,Jl. Margonda (Depok),Jabodetabek,31.0,31.0,1778.0,1778.0,0.0,0.0,1.0,True
2026-08-09 23:00:00+00:00,tt_gatsu,Jl. Gatot Subroto,Jabodetabek,45.0,45.0,52.0,52.0,0.0,0.0,1.0,True
2026-08-09 23:00:00+00:00,tt_grogol,Grogol,Jabodetabek,35.0,40.0,348.0,304.0,0.125,0.0,0.997237,True
2026-08-09 23:00:00+00:00,tt_kebonjeruk,Tol Kebon Jeruk,Jabodetabek,30.0,36.0,1351.0,1126.0,0.1666666666666666,0.0,0.998537,True
2026-08-09 23:00:00+00:00,tt_kelapagading,Kelapa Gading,Jabodetabek,26.0,29.0,1181.0,1059.0,0.1034482758620689,0.0,0.998981,True
2026-08-09 23:00:00+00:00,tt_kuningan,Jl. HR Rasuna Said,Jabodetabek,21.0,21.0,208.0,208.0,0.0,0.0,1.0,True
2026-08-09 23:00:00+00:00,tt_sudirman,Jl. Sudirman (HI),Jabodetabek,38.0,38.0,377.0,377.0,0.0,0.0,1.0,True
2026-08-09 23:00:00+00:00,tt_tangerang,Tol Jakarta-Merak,Jabodetabek,48.0,48.0,193.0,193.0,0.0,0.0,1.0,True
2026-08-09 23:00:00+00:00,tt_tbsimatupang,TB Simatupang,Jabodetabek,43.0,72.0,575.0,343.0,0.4027777777777778,0.0,1.0,True
2026-08-09 23:00:00+00:00,tt_thamrin,Jl. MH Thamrin,Jabodetabek,22.0,22.0,261.0,261.0,0.0,0.0,1.0,True
2026-08-10 00:00:00+00:00,tt_bekasi,,,,,,,,,,False
2026-08-10 00:00:00+00:00,tt_bogor,,,,,,,,,,False
2026-08-10 00:00:00+00:00,tt_bsd,,,,,,,,,,False
2026-08-10 00:00:00+00:00,tt_cawang,,,,,,,,,,False
2026-08-10 00:00:00+00:00,tt_depok,,,,,,,,,,False
2026-08-10 00:00:00+00:00,tt_gatsu,,,,,,,,,,False
2026-08-10 00:00:00+00:00,tt_grogol,,,,,,,,,,False
2026-08-10 00:00:00+00:00,tt_kebonjeruk,,,,,,,,,,False
2026-08-10 00:00:00+00:00,tt_kelapagading,,,,,,,,,,False
2026-08-10 00:00:00+00:00,tt_kuningan,,,,,,,,,,False
2026-08-10 00:00:00+00:00,tt_sudirman,,,,,,,,,,False
2026-08-10 00:00:00+00:00,tt_tangerang,,,,,,,,,,False
2026-08-10 00:00:00+00:00,tt_tbsimatupang,,,,,,,,,,False
2026-08-10 00:00:00+00:00,tt_thamrin,,,,,,,,,,False
2026-08-10 01:00:00+00:00,tt_bekasi,Tol Jakarta-Cikampek,Jabodetabek,18.0,18.0,1072.0,1072.0,0.0,0.0,1.0,True
2026-08-10 01:00:00+00:00,tt_bogor,Tol Jagorawi (Bogor),Jabodetabek,37.0,45.0,800.0,658.0,0.1777777777777778,0.0,1.0,True
2026-08-10 01:00:00+00:00,tt_bsd,BSD/Serpong,Jabodetabek,26.0,34.0,216.0,165.0,0.2352941176470588,0.0,1.0,True
2026-08-10 01:00:00+00:00,tt_cawang,Cawang interchange,Jabodetabek,15.0,42.0,180.0,64.0,0.6428571428571428,0.0,1.0,True
2026-08-10 01:00:00+00:00,tt_depok,Jl. Margonda (Depok),Jabodetabek,31.0,31.0,1778.0,1778.0,0.0,0.0,1.0,True
2026-08-10 01:00:00+00:00,tt_gatsu,Jl. Gatot Subroto,Jabodetabek,37.0,44.0,63.0,53.0,0.159090909090909,0.0,1.0,True
2026-08-10 01:00:00+00:00,tt_grogol,Grogol,Jabodetabek,34.0,40.0,358.0,304.0,0.15,0.0,1.0,True
2026-08-10 01:00:00+00:00,tt_kebonjeruk,Tol Kebon Jeruk,Jabodetabek,26.0,36.0,1559.0,1126.0,0.2777777777777778,0.0,1.0,True
2026-08-10 01:00:00+00:00,tt_kelapagading,Kelapa Gading,Jabodetabek,29.0,29.0,1059.0,1059.0,0.0,0.0,1.0,True
2026-08-10 01:00:00+00:00,tt_kuningan,Jl. HR Rasuna Said,Jabodetabek,21.0,21.0,208.0,208.0,0.0,0.0,1.0,True
2026-08-10 01:00:00+00:00,tt_sudirman,Jl. Sudirman (HI),Jabodetabek,27.0,39.0,531.0,368.0,0.3076923076923077,0.0,1.0,True
2026-08-10 01:00:00+00:00,tt_tangerang,Tol Jakarta-Merak,Jabodetabek,48.0,48.0,193.0,193.0,0.0,0.0,1.0,True
2026-08-10 01:00:00+00:00,tt_tbsimatupang,TB Simatupang,Jabodetabek,15.0,71.0,1649.0,348.0,0.7887323943661972,0.0,1.0,True
2026-08-10 01:00:00+00:00,tt_thamrin,Jl. MH Thamrin,Jabodetabek,20.0,22.0,287.0,261.0,0.0909090909090909,0.0,1.0,True
2026-08-10 02:00:00+00:00,tt_bekasi,Tol Jakarta-Cikampek,Jabodetabek,18.0,18.0,1072.0,1072.0,0.0,0.0,1.0,True
2026-08-10 02:00:00+00:00,tt_bogor,Tol Jagorawi (Bogor),Jabodetabek,35.0,45.0,846.0,658.0,0.2222222222222222,0.0,1.0,True
2026-08-10 02:00:00+00:00,tt_bsd,BSD/Serpong,Jabodetabek,23.0,33.0,244.0,170.0,0.303030303030303,0.0,1.0,True
2026-08-10 02:00:00+00:00,tt_cawang,Cawang interchange,Jabodetabek,19.0,42.0,142.0,64.0,0.5476190476190477,0.0,1.0,True
2026-08-10 02:00:00+00:00,tt_depok,Jl. Margonda (Depok),Jabodetabek,31.0,31.0,1778.0,1778.0,0.0,0.0,1.0,True
2026-08-10 02:00:00+00:00,tt_gatsu,Jl. Gatot Subroto,Jabodetabek,16.0,43.0,147.0,54.0,0.627906976744186,0.0,1.0,True
2026-08-10 02:00:00+00:00,tt_grogol,Grogol,Jabodetabek,28.0,40.0,435.0,304.0,0.3,0.0,1.0,True
2026-08-10 02:00:00+00:00,tt_kebonjeruk,Tol Kebon Jeruk,Jabodetabek,27.0,35.0,1501.0,1158.0,0.2285714285714285,0.0,1.0,True
2026-08-10 02:00:00+00:00,tt_kelapagading,Kelapa Gading,Jabodetabek,26.0,29.0,1181.0,1059.0,0.1034482758620689,0.0,1.0,True
2026-08-10 02:00:00+00:00,tt_kuningan,Jl. HR Rasuna Said,Jabodetabek,21.0,21.0,208.0,208.0,0.0,0.0,1.0,True
2026-08-10 02:00:00+00:00,tt_sudirman,Jl. Sudirman (HI),Jabodetabek,28.0,38.0,512.0,377.0,0.2631578947368421,0.0,1.0,True
2026-08-10 02:00:00+00:00,tt_tangerang,Tol Jakarta-Merak,Jabodetabek,38.0,48.0,244.0,193.0,0.2083333333333333,0.0,1.0,True
2026-08-10 02:00:00+00:00,tt_tbsimatupang,TB Simatupang,Jabodetabek,20.0,72.0,1236.0,343.0,0.7222222222222222,0.0,1.0,True
2026-08-10 02:00:00+00:00,tt_thamrin,Jl. MH Thamrin,Jabodetabek,18.0,23.0,319.0,249.0,0.217391304347826,0.0,1.0,True
2026-08-10 03:00:00+00:00,tt_bekasi,,,,,,,,,,False
2026-08-10 03:00:00+00:00,tt_bogor,,,,,,,,,,False
2026-08-10 03:00:00+00:00,tt_bsd,,,,,,,,,,False
2026-08-10 03:00:00+00:00,tt_cawang,,,,,,,,,,False
2026-08-10 03:00:00+00:00,tt_depok,,,,,,,,,,False
2026-08-10 03:00:00+00:00,tt_gatsu,,,,,,,,,,False
2026-08-10 03:00:00+00:00,tt_grogol,,,,,,,,,,False
2026-08-10 03:00:00+00:00,tt_kebonjeruk,,,,,,,,,,False
2026-08-10 03:00:00+00:00,tt_kelapagading,,,,,,,,,,False
2026-08-10 03:00:00+00:00,tt_kuningan,,,,,,,,,,False
2026-08-10 03:00:00+00:00,tt_sudirman,,,,,,,,,,False
2026-08-10 03:00:00+00:00,tt_tangerang,,,,,,,,,,False
2026-08-10 03:00:00+00:00,tt_tbsimatupang,,,,,,,,,,False
2026-08-10 03:00:00+00:00,tt_thamrin,,,,,,,,,,False
2026-08-10 04:00:00+00:00,tt_bekasi,Tol Jakarta-Cikampek,Jabodetabek,18.0,18.0,1072.0,1072.0,0.0,0.0,1.0,True
2026-08-10 04:00:00+00:00,tt_bogor,Tol Jagorawi (Bogor),Jabodetabek,36.0,45.0,823.0,658.0,0.1999999999999999,0.0,1.0,True
2026-08-10 04:00:00+00:00,tt_bsd,BSD/Serpong,Jabodetabek,34.0,34.0,165.0,165.0,0.0,0.0,1.0,True
2026-08-10 04:00:00+00:00,tt_cawang,Cawang interchange,Jabodetabek,23.0,42.0,117.0,64.0,0.4523809523809523,0.0,1.0,True
2026-08-10 04:00:00+00:00,tt_depok,Jl. Margonda (Depok),Jabodetabek,26.0,30.0,2120.0,1837.0,0.1333333333333333,0.0,0.929736,True
2026-08-10 04:00:00+00:00,tt_gatsu,Jl. Gatot Subroto,Jabodetabek,45.0,45.0,52.0,52.0,0.0,0.0,1.0,True
2026-08-10 04:00:00+00:00,tt_grogol,Grogol,Jabodetabek,28.0,39.0,435.0,312.0,0.282051282051282,0.0,1.0,True
2026-08-10 04:00:00+00:00,tt_kebonjeruk,Tol Kebon Jeruk,Jabodetabek,25.0,36.0,1622.0,1126.0,0.3055555555555556,0.0,1.0,True
2026-08-10 04:00:00+00:00,tt_kelapagading,Kelapa Gading,Jabodetabek,23.0,28.0,1335.0,1097.0,0.1785714285714286,0.0,1.0,True
2026-08-10 04:00:00+00:00,tt_kuningan,Jl. HR Rasuna Said,Jabodetabek,16.0,20.0,273.0,218.0,0.1999999999999999,0.0,0.99,True
2026-08-10 04:00:00+00:00,tt_sudirman,Jl. Sudirman (HI),Jabodetabek,33.0,39.0,434.0,368.0,0.1538461538461538,0.0,1.0,True
2026-08-10 04:00:00+00:00,tt_tangerang,Tol Jakarta-Merak,Jabodetabek,39.0,48.0,237.0,193.0,0.1875,0.0,1.0,True
2026-08-10 04:00:00+00:00,tt_tbsimatupang,TB Simatupang,Jabodetabek,25.0,71.0,989.0,348.0,0.647887323943662,0.0,1.0,True
2026-08-10 04:00:00+00:00,tt_thamrin,Jl. MH Thamrin,Jabodetabek,22.0,22.0,261.0,261.0,0.0,0.0,1.0,True
2026-08-10 05:00:00+00:00,tt_bekasi,Tol Jakarta-Cikampek,Jabodetabek,18.0,18.0,1072.0,1072.0,0.0,0.0,1.0,True
2026-08-10 05:00:00+00:00,tt_bogor,Tol Jagorawi (Bogor),Jabodetabek,38.0,45.0,779.0,658.0,0.1555555555555555,0.0,1.0,True
2026-08-10 05:00:00+00:00,tt_bsd,BSD/Serpong,Jabodetabek,34.0,34.0,165.0,165.0,0.0,0.0,1.0,True
2026-08-10 05:00:00+00:00,tt_cawang,Cawang interchange,Jabodetabek,30.0,42.0,90.0,64.0,0.2857142857142857,0.0,1.0,True
2026-08-10 05:00:00+00:00,tt_depok,Jl. Margonda (Depok),Jabodetabek,31.0,31.0,1778.0,1778.0,0.0,0.0,1.0,True
2026-08-10 05:00:00+00:00,tt_gatsu,Jl. Gatot Subroto,Jabodetabek,45.0,45.0,52.0,52.0,0.0,0.0,1.0,True
2026-08-10 05:00:00+00:00,tt_grogol,Grogol,Jabodetabek,29.0,39.0,420.0,312.0,0.2564102564102564,0.0,1.0,True
2026-08-10 05:00:00+00:00,tt_kebonjeruk,Tol Kebon Jeruk,Jabodetabek,26.0,36.0,1559.0,1126.0,0.2777777777777778,0.0,1.0,True
2026-08-10 05:00:00+00:00,tt_kelapagading,Kelapa Gading,Jabodetabek,23.0,29.0,1335.0,1059.0,0.2068965517241379,0.0,1.0,True
2026-08-10 05:00:00+00:00,tt_kuningan,Jl. HR Rasuna Said,Jabodetabek,16.0,20.0,273.0,218.0,0.1999999999999999,0.0,0.99,True
2026-08-10 05:00:00+00:00,tt_sudirman,Jl. Sudirman (HI),Jabodetabek,30.0,39.0,478.0,368.0,0.2307692307692307,0.0,1.0,True
2026-08-10 05:00:00+00:00,tt_tangerang,Tol Jakarta-Merak,Jabodetabek,48.0,48.0,193.0,193.0,0.0,0.0,1.0,True
2026-08-10 05:00:00+00:00,tt_tbsimatupang,TB Simatupang,Jabodetabek,72.0,72.0,343.0,343.0,0.0,0.0,1.0,True
2026-08-10 05:00:00+00:00,tt_thamrin,Jl. MH Thamrin,Jabodetabek,16.0,23.0,359.0,249.0,0.3043478260869565,0.0,1.0,True
2026-08-10 06:00:00+00:00,tt_bekasi,,,,,,,,,,False
2026-08-10 06:00:00+00:00,tt_bogor,,,,,,,,,,False
2026-08-10 06:00:00+00:00,tt_bsd,,,,,,,,,,False
2026-08-10 06:00:00+00:00,tt_cawang,,,,,,,,,,False
2026-08-10 06:00:00+00:00,tt_depok,,,,,,,,,,False
2026-08-10 06:00:00+00:00,tt_gatsu,,,,,,,,,,False
2026-08-10 06:00:00+00:00,tt_grogol,,,,,,,,,,False
2026-08-10 06:00:00+00:00,tt_kebonjeruk,,,,,,,,,,False
2026-08-10 06:00:00+00:00,tt_kelapagading,,,,,,,,,,False
2026-08-10 06:00:00+00:00,tt_kuningan,,,,,,,,,,False
2026-08-10 06:00:00+00:00,tt_sudirman,,,,,,,,,,False
2026-08-10 06:00:00+00:00,tt_tangerang,,,,,,,,,,False
2026-08-10 06:00:00+00:00,tt_tbsimatupang,,,,,,,,,,False
2026-08-10 06:00:00+00:00,tt_thamrin,,,,,,,,,,False
2026-08-10 07:00:00+00:00,tt_bekasi,Tol Jakarta-Cikampek,Jabodetabek,15.0,16.0,1286.0,1206.0,0.0625,1.0,0.943568,True
2026-08-10 07:00:00+00:00,tt_bogor,Tol Jagorawi (Bogor),Jabodetabek,35.0,44.0,846.0,673.0,0.2045454545454545,0.0,1.0,True
2026-08-10 07:00:00+00:00,tt_bsd,BSD/Serpong,Jabodetabek,34.0,34.0,165.0,165.0,0.0,0.0,1.0,True
2026-08-10 07:00:00+00:00,tt_cawang,Cawang interchange,Jabodetabek,33.0,43.0,81.0,62.0,0.2325581395348837,0.0,1.0,True
2026-08-10 07:00:00+00:00,tt_depok,Jl. Margonda (Depok),Jabodetabek,25.0,31.0,2205.0,1778.0,0.1935483870967742,0.0,0.977162,True
2026-08-10 07:00:00+00:00,tt_gatsu,Jl. Gatot Subroto,Jabodetabek,45.0,45.0,52.0,52.0,0.0,0.0,1.0,True
2026-08-10 07:00:00+00:00,tt_grogol,Grogol,Jabodetabek,29.0,40.0,420.0,304.0,0.275,0.0,1.0,True
2026-08-10 07:00:00+00:00,tt_kebonjeruk,Tol Kebon Jeruk,Jabodetabek,23.0,35.0,1763.0,1158.0,0.3428571428571428,0.0,1.0,True
2026-08-10 07:00:00+00:00,tt_kelapagading,Kelapa Gading,Jabodetabek,22.0,29.0,1396.0,1059.0,0.2413793103448276,0.0,0.993936,True
2026-08-10 07:00:00+00:00,tt_kuningan,Jl. HR Rasuna Said,Jabodetabek,21.0,21.0,208.0,208.0,0.0,0.0,1.0,True
2026-08-10 07:00:00+00:00,tt_sudirman,Jl. Sudirman (HI),Jabodetabek,26.0,38.0,552.0,377.0,0.3157894736842105,0.0,1.0,True
2026-08-10 07:00:00+00:00,tt_tangerang,Tol Jakarta-Merak,Jabodetabek,48.0,48.0,193.0,193.0,0.0,0.0,1.0,True
2026-08-10 07:00:00+00:00,tt_tbsimatupang,TB Simatupang,Jabodetabek,56.0,72.0,441.0,343.0,0.2222222222222222,0.0,1.0,True
2026-08-10 07:00:00+00:00,tt_thamrin,Jl. MH Thamrin,Jabodetabek,20.0,24.0,287.0,239.0,0.1666666666666666,0.0,1.0,True
2026-08-10 08:00:00+00:00,tt_bekasi,Tol Jakarta-Cikampek,Jabodetabek,18.0,18.0,1072.0,1072.0,0.0,0.0,1.0,True
2026-08-10 08:00:00+00:00,tt_bogor,Tol Jagorawi (Bogor),Jabodetabek,34.0,44.0,871.0,673.0,0.2272727272727273,0.0,1.0,True
2026-08-10 08:00:00+00:00,tt_bsd,BSD/Serpong,Jabodetabek,34.0,34.0,165.0,165.0,0.0,0.0,1.0,True
2026-08-10 08:00:00+00:00,tt_cawang,Cawang interchange,Jabodetabek,43.0,43.0,62.0,62.0,0.0,0.0,1.0,True
2026-08-10 08:00:00+00:00,tt_depok,Jl. Margonda (Depok),Jabodetabek,26.0,31.0,2120.0,1778.0,0.1612903225806451,0.0,0.979799,True
2026-08-10 08:00:00+00:00,tt_gatsu,Jl. Gatot Subroto,Jabodetabek,45.0,45.0,52.0,52.0,0.0,0.0,1.0,True
2026-08-10 08:00:00+00:00,tt_grogol,Grogol,Jabodetabek,37.0,40.0,329.0,304.0,0.0749999999999999,0.0,1.0,True
2026-08-10 08:00:00+00:00,tt_kebonjeruk,Tol Kebon Jeruk,Jabodetabek,24.0,36.0,1689.0,1126.0,0.3333333333333333,0.0,1.0,True
2026-08-10 08:00:00+00:00,tt_kelapagading,Kelapa Gading,Jabodetabek,22.0,28.0,1396.0,1097.0,0.2142857142857143,0.0,1.0,True
2026-08-10 08:00:00+00:00,tt_kuningan,Jl. HR Rasuna Said,Jabodetabek,21.0,21.0,208.0,208.0,0.0,0.0,1.0,True
2026-08-10 08:00:00+00:00,tt_sudirman,Jl. Sudirman (HI),Jabodetabek,28.0,39.0,512.0,368.0,0.282051282051282,0.0,1.0,True
2026-08-10 08:00:00+00:00,tt_tangerang,Tol Jakarta-Merak,Jabodetabek,48.0,48.0,193.0,193.0,0.0,0.0,1.0,True
2026-08-10 08:00:00+00:00,tt_tbsimatupang,TB Simatupang,Jabodetabek,56.0,72.0,441.0,343.0,0.2222222222222222,0.0,1.0,True
2026-08-10 08:00:00+00:00,tt_thamrin,Jl. MH Thamrin,Jabodetabek,14.0,22.0,410.0,261.0,0.3636363636363636,0.0,1.0,True
2026-08-10 09:00:00+00:00,tt_bekasi,,,,,,,,,,False
2026-08-10 09:00:00+00:00,tt_bogor,,,,,,,,,,False
2026-08-10 09:00:00+00:00,tt_bsd,,,,,,,,,,False
2026-08-10 09:00:00+00:00,tt_cawang,,,,,,,,,,False
2026-08-10 09:00:00+00:00,tt_depok,,,,,,,,,,False
2026-08-10 09:00:00+00:00,tt_gatsu,,,,,,,,,,False
2026-08-10 09:00:00+00:00,tt_grogol,,,,,,,,,,False
2026-08-10 09:00:00+00:00,tt_kebonjeruk,,,,,,,,,,False
2026-08-10 09:00:00+00:00,tt_kelapagading,,,,,,,,,,False
2026-08-10 09:00:00+00:00,tt_kuningan,,,,,,,,,,False
2026-08-10 09:00:00+00:00,tt_sudirman,,,,,,,,,,False
2026-08-10 09:00:00+00:00,tt_tangerang,,,,,,,,,,False
2026-08-10 09:00:00+00:00,tt_tbsimatupang,,,,,,,,,,False
2026-08-10 09:00:00+00:00,tt_thamrin,,,,,,,,,,False
2026-08-10 10:00:00+00:00,tt_bekasi,Tol Jakarta-Cikampek,Jabodetabek,18.0,18.0,1072.0,1072.0,0.0,0.0,1.0,True
2026-08-10 10:00:00+00:00,tt_bogor,Tol Jagorawi (Bogor),Jabodetabek,30.0,44.0,987.0,673.0,0.3181818181818182,0.0,1.0,True
2026-08-10 10:00:00+00:00,tt_bsd,BSD/Serpong,Jabodetabek,34.0,34.0,165.0,165.0,0.0,0.0,1.0,True
2026-08-10 10:00:00+00:00,tt_cawang,Cawang interchange,Jabodetabek,43.0,43.0,62.0,62.0,0.0,0.0,1.0,True
2026-08-10 10:00:00+00:00,tt_depok,Jl. Margonda (Depok),Jabodetabek,23.0,32.0,2397.0,1722.0,0.28125,0.0,0.993501,True
2026-08-10 10:00:00+00:00,tt_gatsu,Jl. Gatot Subroto,Jabodetabek,22.0,43.0,107.0,54.0,0.4883720930232558,0.0,1.0,True
2026-08-10 10:00:00+00:00,tt_grogol,Grogol,Jabodetabek,31.0,40.0,393.0,304.0,0.2249999999999999,0.0,0.997786,True
2026-08-10 10:00:00+00:00,tt_kebonjeruk,Tol Kebon Jeruk,Jabodetabek,21.0,35.0,1931.0,1158.0,0.4,0.0,1.0,True
2026-08-10 10:00:00+00:00,tt_kelapagading,Kelapa Gading,Jabodetabek,20.0,28.0,1536.0,1097.0,0.2857142857142857,0.0,1.0,True
2026-08-10 10:00:00+00:00,tt_kuningan,Jl. HR Rasuna Said,Jabodetabek,15.0,19.0,291.0,229.0,0.2105263157894736,0.0,1.0,True
2026-08-10 10:00:00+00:00,tt_sudirman,Jl. Sudirman (HI),Jabodetabek,17.0,39.0,844.0,368.0,0.5641025641025641,0.0,1.0,True
2026-08-10 10:00:00+00:00,tt_tangerang,Tol Jakarta-Merak,Jabodetabek,36.0,48.0,257.0,193.0,0.25,0.0,1.0,True
2026-08-10 10:00:00+00:00,tt_tbsimatupang,TB Simatupang,Jabodetabek,42.0,72.0,588.0,343.0,0.4166666666666666,0.0,1.0,True
2026-08-10 10:00:00+00:00,tt_thamrin,Jl. MH Thamrin,Jabodetabek,18.0,24.0,319.0,239.0,0.25,0.0,1.0,True
2026-08-10 11:00:00+00:00,tt_bekasi,,,,,,,,,,False
2026-08-10 11:00:00+00:00,tt_bogor,,,,,,,,,,False
2026-08-10 11:00:00+00:00,tt_bsd,,,,,,,,,,False
2026-08-10 11:00:00+00:00,tt_cawang,,,,,,,,,,False
2026-08-10 11:00:00+00:00,tt_depok,,,,,,,,,,False
2026-08-10 11:00:00+00:00,tt_gatsu,,,,,,,,,,False
2026-08-10 11:00:00+00:00,tt_grogol,,,,,,,,,,False
2026-08-10 11:00:00+00:00,tt_kebonjeruk,,,,,,,,,,False
2026-08-10 11:00:00+00:00,tt_kelapagading,,,,,,,,,,False
2026-08-10 11:00:00+00:00,tt_kuningan,,,,,,,,,,False
2026-08-10 11:00:00+00:00,tt_sudirman,,,,,,,,,,False
2026-08-10 11:00:00+00:00,tt_tangerang,,,,,,,,,,False
2026-08-10 11:00:00+00:00,tt_tbsimatupang,,,,,,,,,,False
2026-08-10 11:00:00+00:00,tt_thamrin,,,,,,,,,,False
2026-08-10 12:00:00+00:00,tt_bekasi,Tol Jakarta-Cikampek,Jabodetabek,18.0,18.0,1072.0,1072.0,0.0,0.0,1.0,True
2026-08-10 12:00:00+00:00,tt_bogor,Tol Jagorawi (Bogor),Jabodetabek,33.0,45.0,897.0,658.0,0.2666666666666667,0.0,1.0,True
2026-08-10 12:00:00+00:00,tt_bsd,BSD/Serpong,Jabodetabek,29.0,33.0,193.0,170.0,0.1212121212121212,0.0,1.0,True
2026-08-10 12:00:00+00:00,tt_cawang,Cawang interchange,Jabodetabek,43.0,43.0,62.0,62.0,0.0,0.0,1.0,True
2026-08-10 12:00:00+00:00,tt_depok,Jl. Margonda (Depok),Jabodetabek,24.0,31.0,2297.0,1778.0,0.2258064516129032,0.0,0.99017,True
2026-08-10 12:00:00+00:00,tt_gatsu,Jl. Gatot Subroto,Jabodetabek,12.0,46.0,196.0,51.0,0.7391304347826086,0.0,1.0,True
2026-08-10 12:00:00+00:00,tt_grogol,Grogol,Jabodetabek,30.0,40.0,406.0,304.0,0.25,0.0,1.0,True
2026-08-10 12:00:00+00:00,tt_kebonjeruk,Tol Kebon Jeruk,Jabodetabek,22.0,36.0,1843.0,1126.0,0.3888888888888888,0.0,1.0,True
2026-08-10 12:00:00+00:00,tt_kelapagading,Kelapa Gading,Jabodetabek,22.0,29.0,1396.0,1059.0,0.2413793103448276,0.0,1.0,True
2026-08-10 12:00:00+00:00,tt_kuningan,Jl. HR Rasuna Said,Jabodetabek,16.0,21.0,273.0,208.0,0.2380952380952381,0.0,1.0,True
2026-08-10 12:00:00+00:00,tt_sudirman,Jl. Sudirman (HI),Jabodetabek,23.0,39.0,624.0,368.0,0.4102564102564102,0.0,1.0,True
2026-08-10 12:00:00+00:00,tt_tangerang,Tol Jakarta-Merak,Jabodetabek,38.0,48.0,244.0,193.0,0.2083333333333333,0.0,1.0,True
2026-08-10 12:00:00+00:00,tt_tbsimatupang,TB Simatupang,Jabodetabek,47.0,72.0,526.0,343.0,0.3472222222222222,0.0,1.0,True
2026-08-10 12:00:00+00:00,tt_thamrin,Jl. MH Thamrin,Jabodetabek,12.0,22.0,479.0,261.0,0.4545454545454546,0.0,1.0,True
2026-08-10 13:00:00+00:00,tt_bekasi,Tol Jakarta-Cikampek,Jabodetabek,18.0,18.0,1072.0,1072.0,0.0,0.0,1.0,True
2026-08-10 13:00:00+00:00,tt_bogor,Tol Jagorawi (Bogor),Jabodetabek,45.0,45.0,658.0,658.0,0.0,0.0,1.0,True
2026-08-10 13:00:00+00:00,tt_bsd,BSD/Serpong,Jabodetabek,34.0,34.0,165.0,165.0,0.0,0.0,1.0,True
2026-08-10 13:00:00+00:00,tt_cawang,Cawang interchange,Jabodetabek,43.0,43.0,62.0,62.0,0.0,0.0,1.0,True
2026-08-10 13:00:00+00:00,tt_depok,Jl. Margonda (Depok),Jabodetabek,25.0,31.0,2205.0,1778.0,0.1935483870967742,0.0,0.992725,True
2026-08-10 13:00:00+00:00,tt_gatsu,Jl. Gatot Subroto,Jabodetabek,45.0,45.0,52.0,52.0,0.0,0.0,1.0,True
2026-08-10 13:00:00+00:00,tt_grogol,Grogol,Jabodetabek,40.0,40.0,304.0,304.0,0.0,0.0,1.0,True
2026-08-10 13:00:00+00:00,tt_kebonjeruk,Tol Kebon Jeruk,Jabodetabek,27.0,35.0,1501.0,1158.0,0.2285714285714285,0.0,1.0,True
2026-08-10 13:00:00+00:00,tt_kelapagading,Kelapa Gading,Jabodetabek,29.0,29.0,1059.0,1059.0,0.0,0.0,1.0,True
2026-08-10 13:00:00+00:00,tt_kuningan,Jl. HR Rasuna Said,Jabodetabek,21.0,21.0,208.0,208.0,0.0,0.0,1.0,True
2026-08-10 13:00:00+00:00,tt_sudirman,Jl. Sudirman (HI),Jabodetabek,31.0,39.0,463.0,368.0,0.2051282051282051,0.0,1.0,True
2026-08-10 13:00:00+00:00,tt_tangerang,Tol Jakarta-Merak,Jabodetabek,39.0,48.0,237.0,193.0,0.1875,0.0,1.0,True
2026-08-10 13:00:00+00:00,tt_tbsimatupang,TB Simatupang,Jabodetabek,72.0,72.0,343.0,343.0,0.0,0.0,1.0,True
2026-08-10 13:00:00+00:00,tt_thamrin,Jl. MH Thamrin,Jabodetabek,22.0,22.0,261.0,261.0,0.0,0.0,1.0,True
2026-08-10 14:00:00+00:00,tt_bekasi,,,,,,,,,,False
2026-08-10 14:00:00+00:00,tt_bogor,,,,,,,,,,False
2026-08-10 14:00:00+00:00,tt_bsd,,,,,,,,,,False
2026-08-10 14:00:00+00:00,tt_cawang,,,,,,,,,,False
2026-08-10 14:00:00+00:00,tt_depok,,,,,,,,,,False
2026-08-10 14:00:00+00:00,tt_gatsu,,,,,,,,,,False
2026-08-10 14:00:00+00:00,tt_grogol,,,,,,,,,,False
2026-08-10 14:00:00+00:00,tt_kebonjeruk,,,,,,,,,,False
2026-08-10 14:00:00+00:00,tt_kelapagading,,,,,,,,,,False
2026-08-10 14:00:00+00:00,tt_kuningan,,,,,,,,,,False
2026-08-10 14:00:00+00:00,tt_sudirman,,,,,,,,,,False
2026-08-10 14:00:00+00:00,tt_tangerang,,,,,,,,,,False
2026-08-10 14:00:00+00:00,tt_tbsimatupang,,,,,,,,,,False
2026-08-10 14:00:00+00:00,tt_thamrin,,,,,,,,,,False
2026-08-10 15:00:00+00:00,tt_bekasi,Tol Jakarta-Cikampek,Jabodetabek,18.0,18.0,1072.0,1072.0,0.0,0.0,1.0,True
2026-08-10 15:00:00+00:00,tt_bogor,Tol Jagorawi (Bogor),Jabodetabek,45.0,45.0,658.0,658.0,0.0,0.0,1.0,True
2026-08-10 15:00:00+00:00,tt_bsd,BSD/Serpong,Jabodetabek,34.0,34.0,165.0,165.0,0.0,0.0,1.0,True
2026-08-10 15:00:00+00:00,tt_cawang,Cawang interchange,Jabodetabek,29.0,43.0,93.0,62.0,0.3255813953488372,0.0,1.0,True
2026-08-10 15:00:00+00:00,tt_depok,Jl. Margonda (Depok),Jabodetabek,31.0,31.0,1778.0,1778.0,0.0,0.0,1.0,True
2026-08-10 15:00:00+00:00,tt_gatsu,Jl. Gatot Subroto,Jabodetabek,45.0,45.0,52.0,52.0,0.0,0.0,1.0,True
2026-08-10 15:00:00+00:00,tt_grogol,Grogol,Jabodetabek,40.0,40.0,304.0,304.0,0.0,0.0,1.0,True
2026-08-10 15:00:00+00:00,tt_kebonjeruk,Tol Kebon Jeruk,Jabodetabek,35.0,35.0,1158.0,1158.0,0.0,0.0,1.0,True
2026-08-10 15:00:00+00:00,tt_kelapagading,Kelapa Gading,Jabodetabek,29.0,29.0,1059.0,1059.0,0.0,0.0,1.0,True
2026-08-10 15:00:00+00:00,tt_kuningan,Jl. HR Rasuna Said,Jabodetabek,16.0,20.0,273.0,218.0,0.1999999999999999,0.0,0.982217,True
2026-08-10 15:00:00+00:00,tt_sudirman,Jl. Sudirman (HI),Jabodetabek,31.0,38.0,463.0,377.0,0.1842105263157895,0.0,1.0,True
2026-08-10 15:00:00+00:00,tt_tangerang,Tol Jakarta-Merak,Jabodetabek,48.0,48.0,193.0,193.0,0.0,0.0,1.0,True
2026-08-10 15:00:00+00:00,tt_tbsimatupang,TB Simatupang,Jabodetabek,72.0,72.0,343.0,343.0,0.0,0.0,1.0,True
2026-08-10 15:00:00+00:00,tt_thamrin,Jl. MH Thamrin,Jabodetabek,15.0,25.0,383.0,229.0,0.4,0.0,1.0,True
2026-08-10 16:00:00+00:00,tt_bekasi,Tol Jakarta-Cikampek,Jabodetabek,18.0,18.0,1072.0,1072.0,0.0,0.0,1.0,True
2026-08-10 16:00:00+00:00,tt_bogor,Tol Jagorawi (Bogor),Jabodetabek,45.0,45.0,658.0,658.0,0.0,0.0,1.0,True
2026-08-10 16:00:00+00:00,tt_bsd,BSD/Serpong,Jabodetabek,34.0,34.0,165.0,165.0,0.0,0.0,1.0,True
2026-08-10 16:00:00+00:00,tt_cawang,Cawang interchange,Jabodetabek,43.0,43.0,62.0,62.0,0.0,0.0,1.0,True
2026-08-10 16:00:00+00:00,tt_depok,Jl. Margonda (Depok),Jabodetabek,31.0,31.0,1778.0,1778.0,0.0,0.0,1.0,True
2026-08-10 16:00:00+00:00,tt_gatsu,Jl. Gatot Subroto,Jabodetabek,45.0,45.0,52.0,52.0,0.0,0.0,1.0,True
2026-08-10 16:00:00+00:00,tt_grogol,Grogol,Jabodetabek,40.0,40.0,304.0,304.0,0.0,0.0,1.0,True
2026-08-10 16:00:00+00:00,tt_kebonjeruk,Tol Kebon Jeruk,Jabodetabek,35.0,35.0,1158.0,1158.0,0.0,0.0,1.0,True
2026-08-10 16:00:00+00:00,tt_kelapagading,Kelapa Gading,Jabodetabek,29.0,29.0,1059.0,1059.0,0.0,0.0,1.0,True
2026-08-10 16:00:00+00:00,tt_kuningan,Jl. HR Rasuna Said,Jabodetabek,21.0,21.0,208.0,208.0,0.0,0.0,1.0,True
2026-08-10 16:00:00+00:00,tt_sudirman,Jl. Sudirman (HI),Jabodetabek,38.0,38.0,377.0,377.0,0.0,0.0,1.0,True
2026-08-10 16:00:00+00:00,tt_tangerang,Tol Jakarta-Merak,Jabodetabek,48.0,48.0,193.0,193.0,0.0,0.0,1.0,True
2026-08-10 16:00:00+00:00,tt_tbsimatupang,TB Simatupang,Jabodetabek,72.0,72.0,343.0,343.0,0.0,0.0,1.0,True
2026-08-10 16:00:00+00:00,tt_thamrin,Jl. MH Thamrin,Jabodetabek,22.0,22.0,261.0,261.0,0.0,0.0,1.0,True
2026-08-10 17:00:00+00:00,tt_bekasi,,,,,,,,,,False
2026-08-10 17:00:00+00:00,tt_bogor,,,,,,,,,,False
2026-08-10 17:00:00+00:00,tt_bsd,,,,,,,,,,False
2026-08-10 17:00:00+00:00,tt_cawang,,,,,,,,,,False
2026-08-10 17:00:00+00:00,tt_depok,,,,,,,,,,False
2026-08-10 17:00:00+00:00,tt_gatsu,,,,,,,,,,False
2026-08-10 17:00:00+00:00,tt_grogol,,,,,,,,,,False
2026-08-10 17:00:00+00:00,tt_kebonjeruk,,,,,,,,,,False
2026-08-10 17:00:00+00:00,tt_kelapagading,,,,,,,,,,False
2026-08-10 17:00:00+00:00,tt_kuningan,,,,,,,,,,False
2026-08-10 17:00:00+00:00,tt_sudirman,,,,,,,,,,False
2026-08-10 17:00:00+00:00,tt_tangerang,,,,,,,,,,False
2026-08-10 17:00:00+00:00,tt_tbsimatupang,,,,,,,,,,False
2026-08-10 17:00:00+00:00,tt_thamrin,,,,,,,,,,False
2026-08-10 18:00:00+00:00,tt_bekasi,Tol Jakarta-Cikampek,Jabodetabek,18.0,18.0,1072.0,1072.0,0.0,0.0,1.0,True
2026-08-10 18:00:00+00:00,tt_bogor,Tol Jagorawi (Bogor),Jabodetabek,45.0,45.0,658.0,658.0,0.0,0.0,1.0,True
2026-08-10 18:00:00+00:00,tt_bsd,BSD/Serpong,Jabodetabek,34.0,34.0,165.0,165.0,0.0,0.0,1.0,True
2026-08-10 18:00:00+00:00,tt_cawang,Cawang interchange,Jabodetabek,43.0,43.0,62.0,62.0,0.0,0.0,1.0,True
2026-08-10 18:00:00+00:00,tt_depok,Jl. Margonda (Depok),Jabodetabek,31.0,31.0,1778.0,1778.0,0.0,0.0,1.0,True
2026-08-10 18:00:00+00:00,tt_gatsu,Jl. Gatot Subroto,Jabodetabek,45.0,45.0,52.0,52.0,0.0,0.0,1.0,True
2026-08-10 18:00:00+00:00,tt_grogol,Grogol,Jabodetabek,40.0,40.0,304.0,304.0,0.0,0.0,1.0,True
2026-08-10 18:00:00+00:00,tt_kebonjeruk,Tol Kebon Jeruk,Jabodetabek,35.0,35.0,1158.0,1158.0,0.0,0.0,1.0,True
2026-08-10 18:00:00+00:00,tt_kelapagading,Kelapa Gading,Jabodetabek,29.0,29.0,1059.0,1059.0,0.0,0.0,1.0,True
2026-08-10 18:00:00+00:00,tt_kuningan,Jl. HR Rasuna Said,Jabodetabek,21.0,21.0,208.0,208.0,0.0,0.0,1.0,True
2026-08-10 18:00:00+00:00,tt_sudirman,Jl. Sudirman (HI),Jabodetabek,38.0,38.0,377.0,377.0,0.0,0.0,1.0,True
2026-08-10 18:00:00+00:00,tt_tangerang,Tol Jakarta-Merak,Jabodetabek,48.0,48.0,193.0,193.0,0.0,0.0,1.0,True
2026-08-10 18:00:00+00:00,tt_tbsimatupang,TB Simatupang,Jabodetabek,72.0,72.0,343.0,343.0,0.0,0.0,1.0,True
2026-08-10 18:00:00+00:00,tt_thamrin,Jl. MH Thamrin,Jabodetabek,22.0,22.0,261.0,261.0,0.0,0.0,1.0,True
2026-08-10 19:00:00+00:00,tt_bekasi,,,,,,,,,,False
2026-08-10 19:00:00+00:00,tt_bogor,,,,,,,,,,False
2026-08-10 19:00:00+00:00,tt_bsd,,,,,,,,,,False
2026-08-10 19:00:00+00:00,tt_cawang,,,,,,,,,,False
2026-08-10 19:00:00+00:00,tt_depok,,,,,,,,,,False
2026-08-10 19:00:00+00:00,tt_gatsu,,,,,,,,,,False
2026-08-10 19:00:00+00:00,tt_grogol,,,,,,,,,,False
2026-08-10 19:00:00+00:00,tt_kebonjeruk,,,,,,,,,,False
2026-08-10 19:00:00+00:00,tt_kelapagading,,,,,,,,,,False
2026-08-10 19:00:00+00:00,tt_kuningan,,,,,,,,,,False
2026-08-10 19:00:00+00:00,tt_sudirman,,,,,,,,,,False
2026-08-10 19:00:00+00:00,tt_tangerang,,,,,,,,,,False
2026-08-10 19:00:00+00:00,tt_tbsimatupang,,,,,,,,,,False
2026-08-10 19:00:00+00:00,tt_thamrin,,,,,,,,,,False
2026-08-10 20:00:00+00:00,tt_bekasi,Tol Jakarta-Cikampek,Jabodetabek,18.0,18.0,1072.0,1072.0,0.0,0.0,1.0,True
2026-08-10 20:00:00+00:00,tt_bogor,Tol Jagorawi (Bogor),Jabodetabek,45.0,45.0,658.0,658.0,0.0,0.0,1.0,True
2026-08-10 20:00:00+00:00,tt_bsd,BSD/Serpong,Jabodetabek,34.0,34.0,165.0,165.0,0.0,0.0,1.0,True
2026-08-10 20:00:00+00:00,tt_cawang,Cawang interchange,Jabodetabek,43.0,43.0,62.0,62.0,0.0,0.0,1.0,True
2026-08-10 20:00:00+00:00,tt_depok,Jl. Margonda (Depok),Jabodetabek,31.0,31.0,1778.0,1778.0,0.0,0.0,1.0,True
2026-08-10 20:00:00+00:00,tt_gatsu,Jl. Gatot Subroto,Jabodetabek,45.0,45.0,52.0,52.0,0.0,0.0,1.0,True
2026-08-10 20:00:00+00:00,tt_grogol,Grogol,Jabodetabek,40.0,40.0,304.0,304.0,0.0,0.0,1.0,True
2026-08-10 20:00:00+00:00,tt_kebonjeruk,Tol Kebon Jeruk,Jabodetabek,35.0,35.0,1158.0,1158.0,0.0,0.0,1.0,True
2026-08-10 20:00:00+00:00,tt_kelapagading,Kelapa Gading,Jabodetabek,29.0,29.0,1059.0,1059.0,0.0,0.0,1.0,True
2026-08-10 20:00:00+00:00,tt_kuningan,Jl. HR Rasuna Said,Jabodetabek,21.0,21.0,208.0,208.0,0.0,0.0,1.0,True
2026-08-10 20:00:00+00:00,tt_sudirman,Jl. Sudirman (HI),Jabodetabek,38.0,38.0,377.0,377.0,0.0,0.0,1.0,True
2026-08-10 20:00:00+00:00,tt_tangerang,Tol Jakarta-Merak,Jabodetabek,48.0,48.0,193.0,193.0,0.0,0.0,1.0,True
2026-08-10 20:00:00+00:00,tt_tbsimatupang,TB Simatupang,Jabodetabek,72.0,72.0,343.0,343.0,0.0,0.0,1.0,True
2026-08-10 20:00:00+00:00,tt_thamrin,Jl. MH Thamrin,Jabodetabek,22.0,22.0,261.0,261.0,0.0,0.0,1.0,True
2026-08-10 21:00:00+00:00,tt_bekasi,Tol Jakarta-Cikampek,Jabodetabek,18.0,18.0,1072.0,1072.0,0.0,0.0,1.0,True
2026-08-10 21:00:00+00:00,tt_bogor,Tol Jagorawi (Bogor),Jabodetabek,45.0,45.0,658.0,658.0,0.0,0.0,1.0,True
2026-08-10 21:00:00+00:00,tt_bsd,BSD/Serpong,Jabodetabek,34.0,34.0,165.0,165.0,0.0,0.0,1.0,True
2026-08-10 21:00:00+00:00,tt_cawang,Cawang interchange,Jabodetabek,43.0,43.0,62.0,62.0,0.0,0.0,1.0,True
2026-08-10 21:00:00+00:00,tt_depok,Jl. Margonda (Depok),Jabodetabek,31.0,31.0,1778.0,1778.0,0.0,0.0,1.0,True
2026-08-10 21:00:00+00:00,tt_gatsu,Jl. Gatot Subroto,Jabodetabek,45.0,45.0,52.0,52.0,0.0,0.0,1.0,True
2026-08-10 21:00:00+00:00,tt_grogol,Grogol,Jabodetabek,40.0,40.0,304.0,304.0,0.0,0.0,1.0,True
2026-08-10 21:00:00+00:00,tt_kebonjeruk,Tol Kebon Jeruk,Jabodetabek,35.0,35.0,1158.0,1158.0,0.0,0.0,1.0,True
2026-08-10 21:00:00+00:00,tt_kelapagading,Kelapa Gading,Jabodetabek,29.0,29.0,1059.0,1059.0,0.0,0.0,1.0,True
2026-08-10 21:00:00+00:00,tt_kuningan,Jl. HR Rasuna Said,Jabodetabek,21.0,21.0,208.0,208.0,0.0,0.0,1.0,True
2026-08-10 21:00:00+00:00,tt_sudirman,Jl. Sudirman (HI),Jabodetabek,38.0,38.0,377.0,377.0,0.0,0.0,1.0,True
2026-08-10 21:00:00+00:00,tt_tangerang,Tol Jakarta-Merak,Jabodetabek,48.0,48.0,193.0,193.0,0.0,0.0,1.0,True
2026-08-10 21:00:00+00:00,tt_tbsimatupang,TB Simatupang,Jabodetabek,72.0,72.0,343.0,343.0,0.0,0.0,1.0,True
2026-08-10 21:00:00+00:00,tt_thamrin,Jl. MH Thamrin,Jabodetabek,22.0,22.0,261.0,261.0,0.0,0.0,1.0,True
2026-08-10 22:00:00+00:00,tt_bekasi,,,,,,,,,,False
2026-08-10 22:00:00+00:00,tt_bogor,,,,,,,,,,False
2026-08-10 22:00:00+00:00,tt_bsd,,,,,,,,,,False
2026-08-10 22:00:00+00:00,tt_cawang,,,,,,,,,,False
2026-08-10 22:00:00+00:00,tt_depok,,,,,,,,,,False
2026-08-10 22:00:00+00:00,tt_gatsu,,,,,,,,,,False
2026-08-10 22:00:00+00:00,tt_grogol,,,,,,,,,,False
2026-08-10 22:00:00+00:00,tt_kebonjeruk,,,,,,,,,,False
2026-08-10 22:00:00+00:00,tt_kelapagading,,,,,,,,,,False
2026-08-10 22:00:00+00:00,tt_kuningan,,,,,,,,,,False
2026-08-10 22:00:00+00:00,tt_sudirman,,,,,,,,,,False
2026-08-10 22:00:00+00:00,tt_tangerang,,,,,,,,,,False
2026-08-10 22:00:00+00:00,tt_tbsimatupang,,,,,,,,,,False
2026-08-10 22:00:00+00:00,tt_thamrin,,,,,,,,,,False
2026-08-10 23:00:00+00:00,tt_bekasi,Tol Jakarta-Cikampek,Jabodetabek,18.0,18.0,1072.0,1072.0,0.0,0.0,1.0,True
2026-08-10 23:00:00+00:00,tt_bogor,Tol Jagorawi (Bogor),Jabodetabek,45.0,45.0,658.0,658.0,0.0,0.0,1.0,True
2026-08-10 23:00:00+00:00,tt_bsd,BSD/Serpong,Jabodetabek,34.0,34.0,165.0,165.0,0.0,0.0,1.0,True
2026-08-10 23:00:00+00:00,tt_cawang,Cawang interchange,Jabodetabek,32.0,42.0,84.0,64.0,0.2380952380952381,0.0,1.0,True
2026-08-10 23:00:00+00:00,tt_depok,Jl. Margonda (Depok),Jabodetabek,31.0,31.0,1778.0,1778.0,0.0,0.0,1.0,True
2026-08-10 23:00:00+00:00,tt_gatsu,Jl. Gatot Subroto,Jabodetabek,45.0,45.0,52.0,52.0,0.0,0.0,1.0,True
2026-08-10 23:00:00+00:00,tt_grogol,Grogol,Jabodetabek,40.0,40.0,304.0,304.0,0.0,0.0,1.0,True
2026-08-10 23:00:00+00:00,tt_kebonjeruk,Tol Kebon Jeruk,Jabodetabek,35.0,35.0,1158.0,1158.0,0.0,0.0,1.0,True
2026-08-10 23:00:00+00:00,tt_kelapagading,Kelapa Gading,Jabodetabek,29.0,29.0,1059.0,1059.0,0.0,0.0,1.0,True
2026-08-10 23:00:00+00:00,tt_kuningan,Jl. HR Rasuna Said,Jabodetabek,21.0,21.0,208.0,208.0,0.0,0.0,1.0,True
2026-08-10 23:00:00+00:00,tt_sudirman,Jl. Sudirman (HI),Jabodetabek,38.0,38.0,377.0,377.0,0.0,0.0,1.0,True
2026-08-10 23:00:00+00:00,tt_tangerang,Tol Jakarta-Merak,Jabodetabek,48.0,48.0,193.0,193.0,0.0,0.0,1.0,True
2026-08-10 23:00:00+00:00,tt_tbsimatupang,TB Simatupang,Jabodetabek,53.0,71.0,466.0,348.0,0.2535211267605634,0.0,1.0,True
2026-08-10 23:00:00+00:00,tt_thamrin,Jl. MH Thamrin,Jabodetabek,22.0,22.0,261.0,261.0,0.0,0.0,1.0,True
2026-08-11 00:00:00+00:00,tt_bekasi,Tol Jakarta-Cikampek,Jabodetabek,18.0,18.0,1072.0,1072.0,0.0,0.0,1.0,True
2026-08-11 00:00:00+00:00,tt_bogor,Tol Jagorawi (Bogor),Jabodetabek,34.0,45.0,871.0,658.0,0.2444444444444444,0.0,1.0,True
2026-08-11 00:00:00+00:00,tt_bsd,BSD/Serpong,Jabodetabek,27.0,34.0,208.0,165.0,0.2058823529411765,0.0,1.0,True
2026-08-11 00:00:00+00:00,tt_cawang,Cawang interchange,Jabodetabek,13.0,42.0,207.0,64.0,0.6904761904761905,0.0,1.0,True
2026-08-11 00:00:00+00:00,tt_depok,Jl. Margonda (Depok),Jabodetabek,31.0,31.0,1778.0,1778.0,0.0,0.0,1.0,True
2026-08-11 00:00:00+00:00,tt_gatsu,Jl. Gatot Subroto,Jabodetabek,45.0,45.0,52.0,52.0,0.0,0.0,1.0,True
2026-08-11 00:00:00+00:00,tt_grogol,Grogol,Jabodetabek,33.0,40.0,369.0,304.0,0.175,0.0,0.999365,True
2026-08-11 00:00:00+00:00,tt_kebonjeruk,Tol Kebon Jeruk,Jabodetabek,26.0,36.0,1559.0,1126.0,0.2777777777777778,0.0,1.0,True
2026-08-11 00:00:00+00:00,tt_kelapagading,Kelapa Gading,Jabodetabek,29.0,29.0,1059.0,1059.0,0.0,0.0,1.0,True
2026-08-11 00:00:00+00:00,tt_kuningan,Jl. HR Rasuna Said,Jabodetabek,21.0,21.0,208.0,208.0,0.0,0.0,1.0,True
2026-08-11 00:00:00+00:00,tt_sudirman,Jl. Sudirman (HI),Jabodetabek,27.0,39.0,531.0,368.0,0.3076923076923077,0.0,1.0,True
2026-08-11 00:00:00+00:00,tt_tangerang,Tol Jakarta-Merak,Jabodetabek,48.0,48.0,193.0,193.0,0.0,0.0,1.0,True
2026-08-11 00:00:00+00:00,tt_tbsimatupang,TB Simatupang,Jabodetabek,21.0,72.0,1177.0,343.0,0.7083333333333333,0.0,1.0,True
2026-08-11 00:00:00+00:00,tt_thamrin,Jl. MH Thamrin,Jabodetabek,18.0,22.0,319.0,261.0,0.1818181818181817,0.0,1.0,True
2026-08-11 01:00:00+00:00,tt_bekasi,,,,,,,,,,False
2026-08-11 01:00:00+00:00,tt_bogor,,,,,,,,,,False
2026-08-11 01:00:00+00:00,tt_bsd,,,,,,,,,,False
2026-08-11 01:00:00+00:00,tt_cawang,,,,,,,,,,False
2026-08-11 01:00:00+00:00,tt_depok,,,,,,,,,,False
2026-08-11 01:00:00+00:00,tt_gatsu,,,,,,,,,,False
2026-08-11 01:00:00+00:00,tt_grogol,,,,,,,,,,False
2026-08-11 01:00:00+00:00,tt_kebonjeruk,,,,,,,,,,False
2026-08-11 01:00:00+00:00,tt_kelapagading,,,,,,,,,,False
2026-08-11 01:00:00+00:00,tt_kuningan,,,,,,,,,,False
2026-08-11 01:00:00+00:00,tt_sudirman,,,,,,,,,,False
2026-08-11 01:00:00+00:00,tt_tangerang,,,,,,,,,,False
2026-08-11 01:00:00+00:00,tt_tbsimatupang,,,,,,,,,,False
2026-08-11 01:00:00+00:00,tt_thamrin,,,,,,,,,,False
2026-08-11 02:00:00+00:00,tt_bekasi,Tol Jakarta-Cikampek,Jabodetabek,18.0,18.0,1072.0,1072.0,0.0,0.0,1.0,True
2026-08-11 02:00:00+00:00,tt_bogor,Tol Jagorawi (Bogor),Jabodetabek,36.0,45.0,823.0,658.0,0.1999999999999999,0.0,1.0,True
2026-08-11 02:00:00+00:00,tt_bsd,BSD/Serpong,Jabodetabek,27.0,33.0,208.0,170.0,0.1818181818181817,0.0,1.0,True
2026-08-11 02:00:00+00:00,tt_cawang,Cawang interchange,Jabodetabek,17.0,42.0,158.0,64.0,0.5952380952380952,0.0,1.0,True
2026-08-11 02:00:00+00:00,tt_depok,Jl. Margonda (Depok),Jabodetabek,27.0,31.0,2042.0,1778.0,0.1290322580645161,0.0,0.948923,True
2026-08-11 02:00:00+00:00,tt_gatsu,Jl. Gatot Subroto,Jabodetabek,45.0,45.0,52.0,52.0,0.0,0.0,1.0,True
2026-08-11 02:00:00+00:00,tt_grogol,Grogol,Jabodetabek,31.0,39.0,393.0,312.0,0.2051282051282051,0.0,1.0,True
2026-08-11 02:00:00+00:00,tt_kebonjeruk,Tol Kebon Jeruk,Jabodetabek,26.0,36.0,1559.0,1126.0,0.2777777777777778,0.0,1.0,True
2026-08-11 02:00:00+00:00,tt_kelapagading,Kelapa Gading,Jabodetabek,29.0,29.0,1059.0,1059.0,0.0,0.0,1.0,True
2026-08-11 02:00:00+00:00,tt_kuningan,Jl. HR Rasuna Said,Jabodetabek,21.0,21.0,208.0,208.0,0.0,0.0,1.0,True
2026-08-11 02:00:00+00:00,tt_sudirman,Jl. Sudirman (HI),Jabodetabek,23.0,38.0,624.0,377.0,0.3947368421052631,0.0,1.0,True
2026-08-11 02:00:00+00:00,tt_tangerang,Tol Jakarta-Merak,Jabodetabek,48.0,48.0,193.0,193.0,0.0,0.0,1.0,True
2026-08-11 02:00:00+00:00,tt_tbsimatupang,TB Simatupang,Jabodetabek,19.0,72.0,1301.0,343.0,0.7361111111111112,0.0,1.0,True
2026-08-11 02:00:00+00:00,tt_thamrin,Jl. MH Thamrin,Jabodetabek,17.0,22.0,338.0,261.0,0.2272727272727273,0.0,1.0,True
2026-08-11 03:00:00+00:00,tt_bekasi,Tol Jakarta-Cikampek,Jabodetabek,18.0,18.0,1072.0,1072.0,0.0,0.0,1.0,True
2026-08-11 03:00:00+00:00,tt_bogor,Tol Jagorawi (Bogor),Jabodetabek,36.0,45.0,823.0,658.0,0.1999999999999999,0.0,1.0,True
2026-08-11 03:00:00+00:00,tt_bsd,BSD/Serpong,Jabodetabek,30.0,33.0,187.0,170.0,0.0909090909090909,0.0,1.0,True
2026-08-11 03:00:00+00:00,tt_cawang,Cawang interchange,Jabodetabek,19.0,43.0,142.0,62.0,0.5581395348837209,0.0,1.0,True
2026-08-11 03:00:00+00:00,tt_depok,Jl. Margonda (Depok),Jabodetabek,27.0,31.0,2042.0,1778.0,0.1290322580645161,0.0,0.945586,True
2026-08-11 03:00:00+00:00,tt_gatsu,Jl. Gatot Subroto,Jabodetabek,45.0,45.0,52.0,52.0,0.0,0.0,1.0,True
2026-08-11 03:00:00+00:00,tt_grogol,Grogol,Jabodetabek,28.0,40.0,435.0,304.0,0.3,0.0,1.0,True
2026-08-11 03:00:00+00:00,tt_kebonjeruk,Tol Kebon Jeruk,Jabodetabek,27.0,36.0,1501.0,1126.0,0.25,0.0,1.0,True
2026-08-11 03:00:00+00:00,tt_kelapagading,Kelapa Gading,Jabodetabek,29.0,29.0,1059.0,1059.0,0.0,0.0,1.0,True
2026-08-11 03:00:00+00:00,tt_kuningan,Jl. HR Rasuna Said,Jabodetabek,17.0,21.0,256.0,208.0,0.1904761904761904,0.0,0.98,True
2026-08-11 03:00:00+00:00,tt_sudirman,Jl. Sudirman (HI),Jabodetabek,38.0,38.0,377.0,377.0,0.0,0.0,1.0,True
2026-08-11 03:00:00+00:00,tt_tangerang,Tol Jakarta-Merak,Jabodetabek,36.0,47.0,257.0,197.0,0.2340425531914893,0.0,1.0,True
2026-08-11 03:00:00+00:00,tt_tbsimatupang,TB Simatupang,Jabodetabek,23.0,72.0,1075.0,343.0,0.6805555555555556,0.0,1.0,True
2026-08-11 03:00:00+00:00,tt_thamrin,Jl. MH Thamrin,Jabodetabek,21.0,25.0,273.0,229.0,0.16,0.0,1.0,True
2026-08-11 04:00:00+00:00,tt_bekasi,,,,,,,,,,False
2026-08-11 04:00:00+00:00,tt_bogor,,,,,,,,,,False
2026-08-11 04:00:00+00:00,tt_bsd,,,,,,,,,,False
2026-08-11 04:00:00+00:00,tt_cawang,,,,,,,,,,False
2026-08-11 04:00:00+00:00,tt_depok,,,,,,,,,,False
2026-08-11 04:00:00+00:00,tt_gatsu,,,,,,,,,,False
2026-08-11 04:00:00+00:00,tt_grogol,,,,,,,,,,False
2026-08-11 04:00:00+00:00,tt_kebonjeruk,,,,,,,,,,False
2026-08-11 04:00:00+00:00,tt_kelapagading,,,,,,,,,,False
2026-08-11 04:00:00+00:00,tt_kuningan,,,,,,,,,,False
2026-08-11 04:00:00+00:00,tt_sudirman,,,,,,,,,,False
2026-08-11 04:00:00+00:00,tt_tangerang,,,,,,,,,,False
2026-08-11 04:00:00+00:00,tt_tbsimatupang,,,,,,,,,,False
2026-08-11 04:00:00+00:00,tt_thamrin,,,,,,,,,,False
2026-08-11 05:00:00+00:00,tt_bekasi,Tol Jakarta-Cikampek,Jabodetabek,18.0,18.0,1072.0,1072.0,0.0,0.0,1.0,True
2026-08-11 05:00:00+00:00,tt_bogor,Tol Jagorawi (Bogor),Jabodetabek,37.0,44.0,800.0,673.0,0.159090909090909,0.0,1.0,True
2026-08-11 05:00:00+00:00,tt_bsd,BSD/Serpong,Jabodetabek,30.0,33.0,187.0,170.0,0.0909090909090909,0.0,1.0,True
2026-08-11 05:00:00+00:00,tt_cawang,Cawang interchange,Jabodetabek,20.0,42.0,135.0,64.0,0.5238095238095238,0.0,1.0,True
2026-08-11 05:00:00+00:00,tt_depok,Jl. Margonda (Depok),Jabodetabek,31.0,31.0,1778.0,1778.0,0.0,0.0,1.0,True
2026-08-11 05:00:00+00:00,tt_gatsu,Jl. Gatot Subroto,Jabodetabek,45.0,45.0,52.0,52.0,0.0,0.0,1.0,True
2026-08-11 05:00:00+00:00,tt_grogol,Grogol,Jabodetabek,29.0,40.0,420.0,304.0,0.275,0.0,1.0,True
2026-08-11 05:00:00+00:00,tt_kebonjeruk,Tol Kebon Jeruk,Jabodetabek,26.0,35.0,1559.0,1158.0,0.2571428571428571,0.0,1.0,True
2026-08-11 05:00:00+00:00,tt_kelapagading,Kelapa Gading,Jabodetabek,23.0,29.0,1335.0,1059.0,0.2068965517241379,0.0,0.998549,True
2026-08-11 05:00:00+00:00,tt_kuningan,Jl. HR Rasuna Said,Jabodetabek,16.0,20.0,273.0,218.0,0.1999999999999999,0.0,0.98,True
2026-08-11 05:00:00+00:00,tt_sudirman,Jl. Sudirman (HI),Jabodetabek,26.0,39.0,552.0,368.0,0.3333333333333333,0.0,1.0,True
2026-08-11 05:00:00+00:00,tt_tangerang,Tol Jakarta-Merak,Jabodetabek,48.0,48.0,193.0,193.0,0.0,0.0,1.0,True
2026-08-11 05:00:00+00:00,tt_tbsimatupang,TB Simatupang,Jabodetabek,53.0,71.0,466.0,348.0,0.2535211267605634,0.0,1.0,True
2026-08-11 05:00:00+00:00,tt_thamrin,Jl. MH Thamrin,Jabodetabek,19.0,24.0,302.0,239.0,0.2083333333333333,0.0,1.0,True
2026-08-11 06:00:00+00:00,tt_bekasi,,,,,,,,,,False
2026-08-11 06:00:00+00:00,tt_bogor,,,,,,,,,,False
2026-08-11 06:00:00+00:00,tt_bsd,,,,,,,,,,False
2026-08-11 06:00:00+00:00,tt_cawang,,,,,,,,,,False
2026-08-11 06:00:00+00:00,tt_depok,,,,,,,,,,False
2026-08-11 06:00:00+00:00,tt_gatsu,,,,,,,,,,False
2026-08-11 06:00:00+00:00,tt_grogol,,,,,,,,,,False
2026-08-11 06:00:00+00:00,tt_kebonjeruk,,,,,,,,,,False
2026-08-11 06:00:00+00:00,tt_kelapagading,,,,,,,,,,False
2026-08-11 06:00:00+00:00,tt_kuningan,,,,,,,,,,False
2026-08-11 06:00:00+00:00,tt_sudirman,,,,,,,,,,False
2026-08-11 06:00:00+00:00,tt_tangerang,,,,,,,,,,False
2026-08-11 06:00:00+00:00,tt_tbsimatupang,,,,,,,,,,False
2026-08-11 06:00:00+00:00,tt_thamrin,,,,,,,,,,False
2026-08-11 07:00:00+00:00,tt_bekasi,Tol Jakarta-Cikampek,Jabodetabek,18.0,18.0,1072.0,1072.0,0.0,0.0,1.0,True
2026-08-11 07:00:00+00:00,tt_bogor,Tol Jagorawi (Bogor),Jabodetabek,39.0,45.0,759.0,658.0,0.1333333333333333,0.0,1.0,True
2026-08-11 07:00:00+00:00,tt_bsd,BSD/Serpong,Jabodetabek,27.0,34.0,208.0,165.0,0.2058823529411765,0.0,1.0,True
2026-08-11 07:00:00+00:00,tt_cawang,Cawang interchange,Jabodetabek,26.0,43.0,103.0,62.0,0.3953488372093023,0.0,1.0,True
2026-08-11 07:00:00+00:00,tt_depok,Jl. Margonda (Depok),Jabodetabek,27.0,31.0,2042.0,1778.0,0.1290322580645161,0.0,0.977687,True
2026-08-11 07:00:00+00:00,tt_gatsu,Jl. Gatot Subroto,Jabodetabek,20.0,44.0,117.0,53.0,0.5454545454545454,0.0,1.0,True
2026-08-11 07:00:00+00:00,tt_grogol,Grogol,Jabodetabek,28.0,40.0,435.0,304.0,0.3,0.0,0.998338,True
2026-08-11 07:00:00+00:00,tt_kebonjeruk,Tol Kebon Jeruk,Jabodetabek,22.0,35.0,1843.0,1158.0,0.3714285714285714,0.0,1.0,True
2026-08-11 07:00:00+00:00,tt_kelapagading,Kelapa Gading,Jabodetabek,21.0,29.0,1463.0,1059.0,0.2758620689655172,0.0,1.0,True
2026-08-11 07:00:00+00:00,tt_kuningan,Jl. HR Rasuna Said,Jabodetabek,21.0,21.0,208.0,208.0,0.0,0.0,1.0,True
2026-08-11 07:00:00+00:00,tt_sudirman,Jl. Sudirman (HI),Jabodetabek,22.0,38.0,652.0,377.0,0.4210526315789473,0.0,1.0,True
2026-08-11 07:00:00+00:00,tt_tangerang,Tol Jakarta-Merak,Jabodetabek,37.0,47.0,250.0,197.0,0.2127659574468084,0.0,1.0,True
2026-08-11 07:00:00+00:00,tt_tbsimatupang,TB Simatupang,Jabodetabek,53.0,72.0,466.0,343.0,0.2638888888888888,0.0,1.0,True
2026-08-11 07:00:00+00:00,tt_thamrin,Jl. MH Thamrin,Jabodetabek,11.0,23.0,522.0,249.0,0.5217391304347826,0.0,1.0,True
2026-08-11 08:00:00+00:00,tt_bekasi,Tol Jakarta-Cikampek,Jabodetabek,18.0,18.0,1072.0,1072.0,0.0,0.0,1.0,True
2026-08-11 08:00:00+00:00,tt_bogor,Tol Jagorawi (Bogor),Jabodetabek,33.0,44.0,897.0,673.0,0.25,0.0,1.0,True
2026-08-11 08:00:00+00:00,tt_bsd,BSD/Serpong,Jabodetabek,34.0,34.0,165.0,165.0,0.0,0.0,1.0,True
2026-08-11 08:00:00+00:00,tt_cawang,Cawang interchange,Jabodetabek,28.0,43.0,96.0,62.0,0.3488372093023255,0.0,1.0,True
2026-08-11 08:00:00+00:00,tt_depok,Jl. Margonda (Depok),Jabodetabek,26.0,31.0,2120.0,1778.0,0.1612903225806451,0.0,0.96022,True
2026-08-11 08:00:00+00:00,tt_gatsu,Jl. Gatot Subroto,Jabodetabek,36.0,45.0,65.0,52.0,0.1999999999999999,0.0,1.0,True
2026-08-11 08:00:00+00:00,tt_grogol,Grogol,Jabodetabek,30.0,40.0,406.0,304.0,0.25,0.0,1.0,True
2026-08-11 08:00:00+00:00,tt_kebonjeruk,Tol Kebon Jeruk,Jabodetabek,23.0,36.0,1763.0,1126.0,0.3611111111111111,0.0,1.0,True
2026-08-11 08:00:00+00:00,tt_kelapagading,Kelapa Gading,Jabodetabek,21.0,29.0,1463.0,1059.0,0.2758620689655172,0.0,1.0,True
2026-08-11 08:00:00+00:00,tt_kuningan,Jl. HR Rasuna Said,Jabodetabek,21.0,21.0,208.0,208.0,0.0,0.0,1.0,True
2026-08-11 08:00:00+00:00,tt_sudirman,Jl. Sudirman (HI),Jabodetabek,22.0,38.0,652.0,377.0,0.4210526315789473,0.0,1.0,True
2026-08-11 08:00:00+00:00,tt_tangerang,Tol Jakarta-Merak,Jabodetabek,34.0,48.0,272.0,193.0,0.2916666666666666,0.0,1.0,True
2026-08-11 08:00:00+00:00,tt_tbsimatupang,TB Simatupang,Jabodetabek,41.0,72.0,603.0,343.0,0.4305555555555556,0.0,1.0,True
2026-08-11 08:00:00+00:00,tt_thamrin,Jl. MH Thamrin,Jabodetabek,13.0,23.0,442.0,249.0,0.4347826086956522,0.0,1.0,True
2026-08-11 09:00:00+00:00,tt_bekasi,,,,,,,,,,False
2026-08-11 09:00:00+00:00,tt_bogor,,,,,,,,,,False
2026-08-11 09:00:00+00:00,tt_bsd,,,,,,,,,,False
2026-08-11 09:00:00+00:00,tt_cawang,,,,,,,,,,False
2026-08-11 09:00:00+00:00,tt_depok,,,,,,,,,,False
2026-08-11 09:00:00+00:00,tt_gatsu,,,,,,,,,,False
2026-08-11 09:00:00+00:00,tt_grogol,,,,,,,,,,False
2026-08-11 09:00:00+00:00,tt_kebonjeruk,,,,,,,,,,False
2026-08-11 09:00:00+00:00,tt_kelapagading,,,,,,,,,,False
2026-08-11 09:00:00+00:00,tt_kuningan,,,,,,,,,,False
2026-08-11 09:00:00+00:00,tt_sudirman,,,,,,,,,,False
2026-08-11 09:00:00+00:00,tt_tangerang,,,,,,,,,,False
2026-08-11 09:00:00+00:00,tt_tbsimatupang,,,,,,,,,,False
2026-08-11 09:00:00+00:00,tt_thamrin,,,,,,,,,,False
2026-08-11 10:00:00+00:00,tt_bekasi,Tol Jakarta-Cikampek,Jabodetabek,13.0,17.0,1484.0,1135.0,0.2352941176470588,0.0,0.932945,True
2026-08-11 10:00:00+00:00,tt_bogor,Tol Jagorawi (Bogor),Jabodetabek,29.0,45.0,1021.0,658.0,0.3555555555555555,0.0,1.0,True
2026-08-11 10:00:00+00:00,tt_bsd,BSD/Serpong,Jabodetabek,29.0,33.0,193.0,170.0,0.1212121212121212,0.0,1.0,True
2026-08-11 10:00:00+00:00,tt_cawang,Cawang interchange,Jabodetabek,30.0,43.0,90.0,62.0,0.3023255813953488,0.0,1.0,True
2026-08-11 10:00:00+00:00,tt_depok,Jl. Margonda (Depok),Jabodetabek,25.0,31.0,2205.0,1778.0,0.1935483870967742,0.0,0.991715,True
2026-08-11 10:00:00+00:00,tt_gatsu,Jl. Gatot Subroto,Jabodetabek,23.0,44.0,102.0,53.0,0.4772727272727273,0.0,1.0,True
2026-08-11 10:00:00+00:00,tt_grogol,Grogol,Jabodetabek,33.0,40.0,369.0,304.0,0.175,0.0,0.998515,True
2026-08-11 10:00:00+00:00,tt_kebonjeruk,Tol Kebon Jeruk,Jabodetabek,19.0,36.0,2134.0,1126.0,0.4722222222222222,0.0,1.0,True
2026-08-11 10:00:00+00:00,tt_kelapagading,Kelapa Gading,Jabodetabek,22.0,29.0,1396.0,1059.0,0.2413793103448276,0.0,0.999531,True
2026-08-11 10:00:00+00:00,tt_kuningan,Jl. HR Rasuna Said,Jabodetabek,14.0,19.0,312.0,229.0,0.2631578947368421,0.0,1.0,True
2026-08-11 10:00:00+00:00,tt_sudirman,Jl. Sudirman (HI),Jabodetabek,20.0,39.0,717.0,368.0,0.4871794871794872,0.0,1.0,True
2026-08-11 10:00:00+00:00,tt_tangerang,Tol Jakarta-Merak,Jabodetabek,37.0,47.0,250.0,197.0,0.2127659574468084,0.0,1.0,True
2026-08-11 10:00:00+00:00,tt_tbsimatupang,TB Simatupang,Jabodetabek,45.0,71.0,549.0,348.0,0.3661971830985915,0.0,1.0,True
2026-08-11 10:00:00+00:00,tt_thamrin,Jl. MH Thamrin,Jabodetabek,17.0,23.0,338.0,249.0,0.2608695652173913,0.0,1.0,True
2026-08-11 11:00:00+00:00,tt_bekasi,,,,,,,,,,False
2026-08-11 11:00:00+00:00,tt_bogor,,,,,,,,,,False
2026-08-11 11:00:00+00:00,tt_bsd,,,,,,,,,,False
2026-08-11 11:00:00+00:00,tt_cawang,,,,,,,,,,False
2026-08-11 11:00:00+00:00,tt_depok,,,,,,,,,,False
2026-08-11 11:00:00+00:00,tt_gatsu,,,,,,,,,,False
2026-08-11 11:00:00+00:00,tt_grogol,,,,,,,,,,False
2026-08-11 11:00:00+00:00,tt_kebonjeruk,,,,,,,,,,False
2026-08-11 11:00:00+00:00,tt_kelapagading,,,,,,,,,,False
2026-08-11 11:00:00+00:00,tt_kuningan,,,,,,,,,,False
2026-08-11 11:00:00+00:00,tt_sudirman,,,,,,,,,,False
2026-08-11 11:00:00+00:00,tt_tangerang,,,,,,,,,,False
2026-08-11 11:00:00+00:00,tt_tbsimatupang,,,,,,,,,,False
2026-08-11 11:00:00+00:00,tt_thamrin,,,,,,,,,,False
2026-08-11 12:00:00+00:00,tt_bekasi,Tol Jakarta-Cikampek,Jabodetabek,13.0,17.0,1484.0,1135.0,0.2352941176470588,0.0,0.909803,True
2026-08-11 12:00:00+00:00,tt_bogor,Tol Jagorawi (Bogor),Jabodetabek,35.0,45.0,846.0,658.0,0.2222222222222222,0.0,1.0,True
2026-08-11 12:00:00+00:00,tt_bsd,BSD/Serpong,Jabodetabek,30.0,34.0,187.0,165.0,0.1176470588235294,0.0,1.0,True
2026-08-11 12:00:00+00:00,tt_cawang,Cawang interchange,Jabodetabek,33.0,42.0,81.0,64.0,0.2142857142857143,0.0,1.0,True
2026-08-11 12:00:00+00:00,tt_depok,Jl. Margonda (Depok),Jabodetabek,24.0,31.0,2297.0,1778.0,0.2258064516129032,0.0,0.993422,True
2026-08-11 12:00:00+00:00,tt_gatsu,Jl. Gatot Subroto,Jabodetabek,6.0,44.0,392.0,53.0,0.8636363636363636,0.0,1.0,True
2026-08-11 12:00:00+00:00,tt_grogol,Grogol,Jabodetabek,33.0,40.0,369.0,304.0,0.175,0.0,1.0,True
2026-08-11 12:00:00+00:00,tt_kebonjeruk,Tol Kebon Jeruk,Jabodetabek,20.0,36.0,2027.0,1126.0,0.4444444444444444,0.0,1.0,True
2026-08-11 12:00:00+00:00,tt_kelapagading,Kelapa Gading,Jabodetabek,21.0,29.0,1463.0,1059.0,0.2758620689655172,0.0,1.0,True
2026-08-11 12:00:00+00:00,tt_kuningan,Jl. HR Rasuna Said,Jabodetabek,11.0,20.0,397.0,218.0,0.4499999999999999,0.0,1.0,True
2026-08-11 12:00:00+00:00,tt_sudirman,Jl. Sudirman (HI),Jabodetabek,20.0,39.0,717.0,368.0,0.4871794871794872,0.0,1.0,True
2026-08-11 12:00:00+00:00,tt_tangerang,Tol Jakarta-Merak,Jabodetabek,48.0,48.0,193.0,193.0,0.0,0.0,1.0,True
2026-08-11 12:00:00+00:00,tt_tbsimatupang,TB Simatupang,Jabodetabek,43.0,72.0,575.0,343.0,0.4027777777777778,0.0,1.0,True
2026-08-11 12:00:00+00:00,tt_thamrin,Jl. MH Thamrin,Jabodetabek,15.0,23.0,383.0,249.0,0.3478260869565217,0.0,1.0,True
2026-08-11 13:00:00+00:00,tt_bekasi,Tol Jakarta-Cikampek,Jabodetabek,18.0,18.0,1072.0,1072.0,0.0,0.0,1.0,True
2026-08-11 13:00:00+00:00,tt_bogor,Tol Jagorawi (Bogor),Jabodetabek,45.0,45.0,658.0,658.0,0.0,0.0,1.0,True
2026-08-11 13:00:00+00:00,tt_bsd,BSD/Serpong,Jabodetabek,34.0,34.0,165.0,165.0,0.0,0.0,1.0,True
2026-08-11 13:00:00+00:00,tt_cawang,Cawang interchange,Jabodetabek,43.0,43.0,62.0,62.0,0.0,0.0,1.0,True
2026-08-11 13:00:00+00:00,tt_depok,Jl. Margonda (Depok),Jabodetabek,24.0,31.0,2297.0,1778.0,0.2258064516129032,0.0,0.992458,True
2026-08-11 13:00:00+00:00,tt_gatsu,Jl. Gatot Subroto,Jabodetabek,45.0,45.0,52.0,52.0,0.0,0.0,1.0,True
2026-08-11 13:00:00+00:00,tt_grogol,Grogol,Jabodetabek,40.0,40.0,304.0,304.0,0.0,0.0,1.0,True
2026-08-11 13:00:00+00:00,tt_kebonjeruk,Tol Kebon Jeruk,Jabodetabek,25.0,36.0,1622.0,1126.0,0.3055555555555556,0.0,1.0,True
2026-08-11 13:00:00+00:00,tt_kelapagading,Kelapa Gading,Jabodetabek,29.0,29.0,1059.0,1059.0,0.0,0.0,1.0,True
2026-08-11 13:00:00+00:00,tt_kuningan,Jl. HR Rasuna Said,Jabodetabek,13.0,21.0,336.0,208.0,0.3809523809523809,0.0,1.0,True
2026-08-11 13:00:00+00:00,tt_sudirman,Jl. Sudirman (HI),Jabodetabek,31.0,38.0,463.0,377.0,0.1842105263157895,0.0,1.0,True
2026-08-11 13:00:00+00:00,tt_tangerang,Tol Jakarta-Merak,Jabodetabek,48.0,48.0,193.0,193.0,0.0,0.0,1.0,True
2026-08-11 13:00:00+00:00,tt_tbsimatupang,TB Simatupang,Jabodetabek,72.0,72.0,343.0,343.0,0.0,0.0,1.0,True
2026-08-11 13:00:00+00:00,tt_thamrin,Jl. MH Thamrin,Jabodetabek,22.0,22.0,261.0,261.0,0.0,0.0,1.0,True
2026-08-11 14:00:00+00:00,tt_bekasi,,,,,,,,,,False
2026-08-11 14:00:00+00:00,tt_bogor,,,,,,,,,,False
2026-08-11 14:00:00+00:00,tt_bsd,,,,,,,,,,False
2026-08-11 14:00:00+00:00,tt_cawang,,,,,,,,,,False
2026-08-11 14:00:00+00:00,tt_depok,,,,,,,,,,False
2026-08-11 14:00:00+00:00,tt_gatsu,,,,,,,,,,False
2026-08-11 14:00:00+00:00,tt_grogol,,,,,,,,,,False
2026-08-11 14:00:00+00:00,tt_kebonjeruk,,,,,,,,,,False
2026-08-11 14:00:00+00:00,tt_kelapagading,,,,,,,,,,False
2026-08-11 14:00:00+00:00,tt_kuningan,,,,,,,,,,False
2026-08-11 14:00:00+00:00,tt_sudirman,,,,,,,,,,False
2026-08-11 14:00:00+00:00,tt_tangerang,,,,,,,,,,False
2026-08-11 14:00:00+00:00,tt_tbsimatupang,,,,,,,,,,False
2026-08-11 14:00:00+00:00,tt_thamrin,,,,,,,,,,False
2026-08-11 15:00:00+00:00,tt_bekasi,Tol Jakarta-Cikampek,Jabodetabek,18.0,18.0,1072.0,1072.0,0.0,0.0,1.0,True
2026-08-11 15:00:00+00:00,tt_bogor,Tol Jagorawi (Bogor),Jabodetabek,45.0,45.0,658.0,658.0,0.0,0.0,1.0,True
2026-08-11 15:00:00+00:00,tt_bsd,BSD/Serpong,Jabodetabek,34.0,34.0,165.0,165.0,0.0,0.0,1.0,True
2026-08-11 15:00:00+00:00,tt_cawang,Cawang interchange,Jabodetabek,27.0,43.0,100.0,62.0,0.3720930232558139,0.0,1.0,True
2026-08-11 15:00:00+00:00,tt_depok,Jl. Margonda (Depok),Jabodetabek,31.0,31.0,1778.0,1778.0,0.0,0.0,1.0,True
2026-08-11 15:00:00+00:00,tt_gatsu,Jl. Gatot Subroto,Jabodetabek,45.0,45.0,52.0,52.0,0.0,0.0,1.0,True
2026-08-11 15:00:00+00:00,tt_grogol,Grogol,Jabodetabek,40.0,40.0,304.0,304.0,0.0,0.0,1.0,True
2026-08-11 15:00:00+00:00,tt_kebonjeruk,Tol Kebon Jeruk,Jabodetabek,35.0,35.0,1158.0,1158.0,0.0,0.0,1.0,True
2026-08-11 15:00:00+00:00,tt_kelapagading,Kelapa Gading,Jabodetabek,29.0,29.0,1059.0,1059.0,0.0,0.0,1.0,True
2026-08-11 15:00:00+00:00,tt_kuningan,Jl. HR Rasuna Said,Jabodetabek,21.0,21.0,208.0,208.0,0.0,0.0,1.0,True
2026-08-11 15:00:00+00:00,tt_sudirman,Jl. Sudirman (HI),Jabodetabek,38.0,38.0,377.0,377.0,0.0,0.0,1.0,True
2026-08-11 15:00:00+00:00,tt_tangerang,Tol Jakarta-Merak,Jabodetabek,48.0,48.0,193.0,193.0,0.0,0.0,1.0,True
2026-08-11 15:00:00+00:00,tt_tbsimatupang,TB Simatupang,Jabodetabek,72.0,72.0,343.0,343.0,0.0,0.0,1.0,True
2026-08-11 15:00:00+00:00,tt_thamrin,Jl. MH Thamrin,Jabodetabek,16.0,22.0,359.0,261.0,0.2727272727272727,0.0,1.0,True
2026-08-11 16:00:00+00:00,tt_bekasi,,,,,,,,,,False
2026-08-11 16:00:00+00:00,tt_bogor,,,,,,,,,,False
2026-08-11 16:00:00+00:00,tt_bsd,,,,,,,,,,False
2026-08-11 16:00:00+00:00,tt_cawang,,,,,,,,,,False
2026-08-11 16:00:00+00:00,tt_depok,,,,,,,,,,False
2026-08-11 16:00:00+00:00,tt_gatsu,,,,,,,,,,False
2026-08-11 16:00:00+00:00,tt_grogol,,,,,,,,,,False
2026-08-11 16:00:00+00:00,tt_kebonjeruk,,,,,,,,,,False
2026-08-11 16:00:00+00:00,tt_kelapagading,,,,,,,,,,False
2026-08-11 16:00:00+00:00,tt_kuningan,,,,,,,,,,False
2026-08-11 16:00:00+00:00,tt_sudirman,,,,,,,,,,False
2026-08-11 16:00:00+00:00,tt_tangerang,,,,,,,,,,False
2026-08-11 16:00:00+00:00,tt_tbsimatupang,,,,,,,,,,False
2026-08-11 16:00:00+00:00,tt_thamrin,,,,,,,,,,False
2026-08-11 17:00:00+00:00,tt_bekasi,Tol Jakarta-Cikampek,Jabodetabek,18.0,18.0,1072.0,1072.0,0.0,0.0,1.0,True
2026-08-11 17:00:00+00:00,tt_bogor,Tol Jagorawi (Bogor),Jabodetabek,45.0,45.0,658.0,658.0,0.0,0.0,1.0,True
2026-08-11 17:00:00+00:00,tt_bsd,BSD/Serpong,Jabodetabek,34.0,34.0,165.0,165.0,0.0,0.0,1.0,True
2026-08-11 17:00:00+00:00,tt_cawang,Cawang interchange,Jabodetabek,43.0,43.0,62.0,62.0,0.0,0.0,1.0,True
2026-08-11 17:00:00+00:00,tt_depok,Jl. Margonda (Depok),Jabodetabek,31.0,31.0,1778.0,1778.0,0.0,0.0,1.0,True
2026-08-11 17:00:00+00:00,tt_gatsu,Jl. Gatot Subroto,Jabodetabek,45.0,45.0,52.0,52.0,0.0,0.0,1.0,True
2026-08-11 17:00:00+00:00,tt_grogol,Grogol,Jabodetabek,40.0,40.0,304.0,304.0,0.0,0.0,1.0,True
2026-08-11 17:00:00+00:00,tt_kebonjeruk,Tol Kebon Jeruk,Jabodetabek,35.0,35.0,1158.0,1158.0,0.0,0.0,1.0,True
2026-08-11 17:00:00+00:00,tt_kelapagading,Kelapa Gading,Jabodetabek,29.0,29.0,1059.0,1059.0,0.0,0.0,1.0,True
2026-08-11 17:00:00+00:00,tt_kuningan,Jl. HR Rasuna Said,Jabodetabek,21.0,21.0,208.0,208.0,0.0,0.0,1.0,True
2026-08-11 17:00:00+00:00,tt_sudirman,Jl. Sudirman (HI),Jabodetabek,38.0,38.0,377.0,377.0,0.0,0.0,1.0,True
2026-08-11 17:00:00+00:00,tt_tangerang,Tol Jakarta-Merak,Jabodetabek,48.0,48.0,193.0,193.0,0.0,0.0,1.0,True
2026-08-11 17:00:00+00:00,tt_tbsimatupang,TB Simatupang,Jabodetabek,72.0,72.0,343.0,343.0,0.0,0.0,1.0,True
2026-08-11 17:00:00+00:00,tt_thamrin,Jl. MH Thamrin,Jabodetabek,22.0,22.0,261.0,261.0,0.0,0.0,1.0,True
2026-08-11 18:00:00+00:00,tt_bekasi,Tol Jakarta-Cikampek,Jabodetabek,18.0,18.0,1072.0,1072.0,0.0,0.0,1.0,True
2026-08-11 18:00:00+00:00,tt_bogor,Tol Jagorawi (Bogor),Jabodetabek,45.0,45.0,658.0,658.0,0.0,0.0,1.0,True
2026-08-11 18:00:00+00:00,tt_bsd,BSD/Serpong,Jabodetabek,34.0,34.0,165.0,165.0,0.0,0.0,1.0,True
2026-08-11 18:00:00+00:00,tt_cawang,Cawang interchange,Jabodetabek,43.0,43.0,62.0,62.0,0.0,0.0,1.0,True
2026-08-11 18:00:00+00:00,tt_depok,Jl. Margonda (Depok),Jabodetabek,31.0,31.0,1778.0,1778.0,0.0,0.0,1.0,True
2026-08-11 18:00:00+00:00,tt_gatsu,Jl. Gatot Subroto,Jabodetabek,45.0,45.0,52.0,52.0,0.0,0.0,1.0,True
2026-08-11 18:00:00+00:00,tt_grogol,Grogol,Jabodetabek,40.0,40.0,304.0,304.0,0.0,0.0,1.0,True
2026-08-11 18:00:00+00:00,tt_kebonjeruk,Tol Kebon Jeruk,Jabodetabek,35.0,35.0,1158.0,1158.0,0.0,0.0,1.0,True
2026-08-11 18:00:00+00:00,tt_kelapagading,Kelapa Gading,Jabodetabek,29.0,29.0,1059.0,1059.0,0.0,0.0,1.0,True
2026-08-11 18:00:00+00:00,tt_kuningan,Jl. HR Rasuna Said,Jabodetabek,21.0,21.0,208.0,208.0,0.0,0.0,1.0,True
2026-08-11 18:00:00+00:00,tt_sudirman,Jl. Sudirman (HI),Jabodetabek,38.0,38.0,377.0,377.0,0.0,0.0,1.0,True
2026-08-11 18:00:00+00:00,tt_tangerang,Tol Jakarta-Merak,Jabodetabek,48.0,48.0,193.0,193.0,0.0,0.0,1.0,True
2026-08-11 18:00:00+00:00,tt_tbsimatupang,TB Simatupang,Jabodetabek,72.0,72.0,343.0,343.0,0.0,0.0,1.0,True
2026-08-11 18:00:00+00:00,tt_thamrin,Jl. MH Thamrin,Jabodetabek,22.0,22.0,261.0,261.0,0.0,0.0,1.0,True
2026-08-11 19:00:00+00:00,tt_bekasi,,,,,,,,,,False
2026-08-11 19:00:00+00:00,tt_bogor,,,,,,,,,,False
2026-08-11 19:00:00+00:00,tt_bsd,,,,,,,,,,False
2026-08-11 19:00:00+00:00,tt_cawang,,,,,,,,,,False
2026-08-11 19:00:00+00:00,tt_depok,,,,,,,,,,False
2026-08-11 19:00:00+00:00,tt_gatsu,,,,,,,,,,False
2026-08-11 19:00:00+00:00,tt_grogol,,,,,,,,,,False
2026-08-11 19:00:00+00:00,tt_kebonjeruk,,,,,,,,,,False
2026-08-11 19:00:00+00:00,tt_kelapagading,,,,,,,,,,False
2026-08-11 19:00:00+00:00,tt_kuningan,,,,,,,,,,False
2026-08-11 19:00:00+00:00,tt_sudirman,,,,,,,,,,False
2026-08-11 19:00:00+00:00,tt_tangerang,,,,,,,,,,False
2026-08-11 19:00:00+00:00,tt_tbsimatupang,,,,,,,,,,False
2026-08-11 19:00:00+00:00,tt_thamrin,,,,,,,,,,False
2026-08-11 20:00:00+00:00,tt_bekasi,Tol Jakarta-Cikampek,Jabodetabek,18.0,18.0,1072.0,1072.0,0.0,0.0,1.0,True
2026-08-11 20:00:00+00:00,tt_bogor,Tol Jagorawi (Bogor),Jabodetabek,45.0,45.0,658.0,658.0,0.0,0.0,1.0,True
2026-08-11 20:00:00+00:00,tt_bsd,BSD/Serpong,Jabodetabek,34.0,34.0,165.0,165.0,0.0,0.0,1.0,True
2026-08-11 20:00:00+00:00,tt_cawang,Cawang interchange,Jabodetabek,43.0,43.0,62.0,62.0,0.0,0.0,1.0,True
2026-08-11 20:00:00+00:00,tt_depok,Jl. Margonda (Depok),Jabodetabek,31.0,31.0,1778.0,1778.0,0.0,0.0,1.0,True
2026-08-11 20:00:00+00:00,tt_gatsu,Jl. Gatot Subroto,Jabodetabek,45.0,45.0,52.0,52.0,0.0,0.0,1.0,True
2026-08-11 20:00:00+00:00,tt_grogol,Grogol,Jabodetabek,40.0,40.0,304.0,304.0,0.0,0.0,1.0,True
2026-08-11 20:00:00+00:00,tt_kebonjeruk,Tol Kebon Jeruk,Jabodetabek,35.0,35.0,1158.0,1158.0,0.0,0.0,1.0,True
2026-08-11 20:00:00+00:00,tt_kelapagading,Kelapa Gading,Jabodetabek,29.0,29.0,1059.0,1059.0,0.0,0.0,1.0,True
2026-08-11 20:00:00+00:00,tt_kuningan,Jl. HR Rasuna Said,Jabodetabek,21.0,21.0,208.0,208.0,0.0,0.0,1.0,True
2026-08-11 20:00:00+00:00,tt_sudirman,Jl. Sudirman (HI),Jabodetabek,38.0,38.0,377.0,377.0,0.0,0.0,1.0,True
2026-08-11 20:00:00+00:00,tt_tangerang,Tol Jakarta-Merak,Jabodetabek,48.0,48.0,193.0,193.0,0.0,0.0,1.0,True
2026-08-11 20:00:00+00:00,tt_tbsimatupang,TB Simatupang,Jabodetabek,72.0,72.0,343.0,343.0,0.0,0.0,1.0,True
2026-08-11 20:00:00+00:00,tt_thamrin,Jl. MH Thamrin,Jabodetabek,22.0,22.0,261.0,261.0,0.0,0.0,1.0,True
2026-08-11 21:00:00+00:00,tt_bekasi,Tol Jakarta-Cikampek,Jabodetabek,18.0,18.0,1072.0,1072.0,0.0,0.0,1.0,True
2026-08-11 21:00:00+00:00,tt_bogor,Tol Jagorawi (Bogor),Jabodetabek,45.0,45.0,658.0,658.0,0.0,0.0,1.0,True
2026-08-11 21:00:00+00:00,tt_bsd,BSD/Serpong,Jabodetabek,34.0,34.0,165.0,165.0,0.0,0.0,1.0,True
2026-08-11 21:00:00+00:00,tt_cawang,Cawang interchange,Jabodetabek,43.0,43.0,62.0,62.0,0.0,0.0,1.0,True
2026-08-11 21:00:00+00:00,tt_depok,Jl. Margonda (Depok),Jabodetabek,31.0,31.0,1778.0,1778.0,0.0,0.0,1.0,True
2026-08-11 21:00:00+00:00,tt_gatsu,Jl. Gatot Subroto,Jabodetabek,45.0,45.0,52.0,52.0,0.0,0.0,1.0,True
2026-08-11 21:00:00+00:00,tt_grogol,Grogol,Jabodetabek,40.0,40.0,304.0,304.0,0.0,0.0,1.0,True
2026-08-11 21:00:00+00:00,tt_kebonjeruk,Tol Kebon Jeruk,Jabodetabek,35.0,35.0,1158.0,1158.0,0.0,0.0,1.0,True
2026-08-11 21:00:00+00:00,tt_kelapagading,Kelapa Gading,Jabodetabek,29.0,29.0,1059.0,1059.0,0.0,0.0,1.0,True
2026-08-11 21:00:00+00:00,tt_kuningan,Jl. HR Rasuna Said,Jabodetabek,21.0,21.0,208.0,208.0,0.0,0.0,1.0,True
2026-08-11 21:00:00+00:00,tt_sudirman,Jl. Sudirman (HI),Jabodetabek,38.0,38.0,377.0,377.0,0.0,0.0,1.0,True
2026-08-11 21:00:00+00:00,tt_tangerang,Tol Jakarta-Merak,Jabodetabek,48.0,48.0,193.0,193.0,0.0,0.0,1.0,True
2026-08-11 21:00:00+00:00,tt_tbsimatupang,TB Simatupang,Jabodetabek,72.0,72.0,343.0,343.0,0.0,0.0,1.0,True
2026-08-11 21:00:00+00:00,tt_thamrin,Jl. MH Thamrin,Jabodetabek,22.0,22.0,261.0,261.0,0.0,0.0,1.0,True
2026-08-11 22:00:00+00:00,tt_bekasi,,,,,,,,,,False
2026-08-11 22:00:00+00:00,tt_bogor,,,,,,,,,,False
2026-08-11 22:00:00+00:00,tt_bsd,,,,,,,,,,False
2026-08-11 22:00:00+00:00,tt_cawang,,,,,,,,,,False
2026-08-11 22:00:00+00:00,tt_depok,,,,,,,,,,False
2026-08-11 22:00:00+00:00,tt_gatsu,,,,,,,,,,False
2026-08-11 22:00:00+00:00,tt_grogol,,,,,,,,,,False
2026-08-11 22:00:00+00:00,tt_kebonjeruk,,,,,,,,,,False
2026-08-11 22:00:00+00:00,tt_kelapagading,,,,,,,,,,False
2026-08-11 22:00:00+00:00,tt_kuningan,,,,,,,,,,False
2026-08-11 22:00:00+00:00,tt_sudirman,,,,,,,,,,False
2026-08-11 22:00:00+00:00,tt_tangerang,,,,,,,,,,False
2026-08-11 22:00:00+00:00,tt_tbsimatupang,,,,,,,,,,False
2026-08-11 22:00:00+00:00,tt_thamrin,,,,,,,,,,False
2026-08-11 23:00:00+00:00,tt_bekasi,Tol Jakarta-Cikampek,Jabodetabek,18.0,18.0,1072.0,1072.0,0.0,0.0,1.0,True
2026-08-11 23:00:00+00:00,tt_bogor,Tol Jagorawi (Bogor),Jabodetabek,45.0,45.0,658.0,658.0,0.0,0.0,1.0,True
2026-08-11 23:00:00+00:00,tt_bsd,BSD/Serpong,Jabodetabek,34.0,34.0,165.0,165.0,0.0,0.0,1.0,True
2026-08-11 23:00:00+00:00,tt_cawang,Cawang interchange,Jabodetabek,29.0,43.0,93.0,62.0,0.3255813953488372,0.0,1.0,True
2026-08-11 23:00:00+00:00,tt_depok,Jl. Margonda (Depok),Jabodetabek,31.0,31.0,1778.0,1778.0,0.0,0.0,1.0,True
2026-08-11 23:00:00+00:00,tt_gatsu,Jl. Gatot Subroto,Jabodetabek,45.0,45.0,52.0,52.0,0.0,0.0,1.0,True
2026-08-11 23:00:00+00:00,tt_grogol,Grogol,Jabodetabek,40.0,40.0,304.0,304.0,0.0,0.0,1.0,True
2026-08-11 23:00:00+00:00,tt_kebonjeruk,Tol Kebon Jeruk,Jabodetabek,31.0,36.0,1308.0,1126.0,0.1388888888888888,0.0,1.0,True
2026-08-11 23:00:00+00:00,tt_kelapagading,Kelapa Gading,Jabodetabek,29.0,29.0,1059.0,1059.0,0.0,0.0,1.0,True
2026-08-11 23:00:00+00:00,tt_kuningan,Jl. HR Rasuna Said,Jabodetabek,21.0,21.0,208.0,208.0,0.0,0.0,1.0,True
2026-08-11 23:00:00+00:00,tt_sudirman,Jl. Sudirman (HI),Jabodetabek,38.0,38.0,377.0,377.0,0.0,0.0,1.0,True
2026-08-11 23:00:00+00:00,tt_tangerang,Tol Jakarta-Merak,Jabodetabek,48.0,48.0,193.0,193.0,0.0,0.0,1.0,True
2026-08-11 23:00:00+00:00,tt_tbsimatupang,TB Simatupang,Jabodetabek,54.0,71.0,458.0,348.0,0.2394366197183098,0.0,1.0,True
2026-08-11 23:00:00+00:00,tt_thamrin,Jl. MH Thamrin,Jabodetabek,22.0,22.0,261.0,261.0,0.0,0.0,1.0,True
2026-08-12 00:00:00+00:00,tt_bekasi,,,,,,,,,,False
2026-08-12 00:00:00+00:00,tt_bogor,,,,,,,,,,False
2026-08-12 00:00:00+00:00,tt_bsd,,,,,,,,,,False
2026-08-12 00:00:00+00:00,tt_cawang,,,,,,,,,,False
2026-08-12 00:00:00+00:00,tt_depok,,,,,,,,,,False
2026-08-12 00:00:00+00:00,tt_gatsu,,,,,,,,,,False
2026-08-12 00:00:00+00:00,tt_grogol,,,,,,,,,,False
2026-08-12 00:00:00+00:00,tt_kebonjeruk,,,,,,,,,,False
2026-08-12 00:00:00+00:00,tt_kelapagading,,,,,,,,,,False
2026-08-12 00:00:00+00:00,tt_kuningan,,,,,,,,,,False
2026-08-12 00:00:00+00:00,tt_sudirman,,,,,,,,,,False
2026-08-12 00:00:00+00:00,tt_tangerang,,,,,,,,,,False
2026-08-12 00:00:00+00:00,tt_tbsimatupang,,,,,,,,,,False
2026-08-12 00:00:00+00:00,tt_thamrin,,,,,,,,,,False
2026-08-12 01:00:00+00:00,tt_bekasi,Tol Jakarta-Cikampek,Jabodetabek,18.0,18.0,1072.0,1072.0,0.0,0.0,1.0,True
2026-08-12 01:00:00+00:00,tt_bogor,Tol Jagorawi (Bogor),Jabodetabek,32.0,45.0,925.0,658.0,0.2888888888888888,0.0,1.0,True
2026-08-12 01:00:00+00:00,tt_bsd,BSD/Serpong,Jabodetabek,27.0,33.0,208.0,170.0,0.1818181818181817,0.0,1.0,True
2026-08-12 01:00:00+00:00,tt_cawang,Cawang interchange,Jabodetabek,15.0,43.0,180.0,62.0,0.6511627906976745,0.0,1.0,True
2026-08-12 01:00:00+00:00,tt_depok,Jl. Margonda (Depok),Jabodetabek,27.0,31.0,2042.0,1778.0,0.1290322580645161,0.0,0.958502,True
2026-08-12 01:00:00+00:00,tt_gatsu,Jl. Gatot Subroto,Jabodetabek,34.0,43.0,69.0,54.0,0.2093023255813954,0.0,1.0,True
2026-08-12 01:00:00+00:00,tt_grogol,Grogol,Jabodetabek,31.0,40.0,393.0,304.0,0.2249999999999999,0.0,1.0,True
2026-08-12 01:00:00+00:00,tt_kebonjeruk,Tol Kebon Jeruk,Jabodetabek,27.0,36.0,1501.0,1126.0,0.25,0.0,1.0,True
2026-08-12 01:00:00+00:00,tt_kelapagading,Kelapa Gading,Jabodetabek,29.0,29.0,1059.0,1059.0,0.0,0.0,1.0,True
2026-08-12 01:00:00+00:00,tt_kuningan,Jl. HR Rasuna Said,Jabodetabek,21.0,21.0,208.0,208.0,0.0,0.0,1.0,True
2026-08-12 01:00:00+00:00,tt_sudirman,Jl. Sudirman (HI),Jabodetabek,24.0,39.0,598.0,368.0,0.3846153846153846,0.0,1.0,True
2026-08-12 01:00:00+00:00,tt_tangerang,Tol Jakarta-Merak,Jabodetabek,39.0,47.0,237.0,197.0,0.1702127659574468,0.0,1.0,True
2026-08-12 01:00:00+00:00,tt_tbsimatupang,TB Simatupang,Jabodetabek,24.0,71.0,1030.0,348.0,0.6619718309859155,0.0,1.0,True
2026-08-12 01:00:00+00:00,tt_thamrin,Jl. MH Thamrin,Jabodetabek,17.0,22.0,338.0,261.0,0.2272727272727273,0.0,1.0,True
2026-08-12 02:00:00+00:00,tt_bekasi,Tol Jakarta-Cikampek,Jabodetabek,18.0,18.0,1072.0,1072.0,0.0,0.0,1.0,True
2026-08-12 02:00:00+00:00,tt_bogor,Tol Jagorawi (Bogor),Jabodetabek,37.0,44.0,800.0,673.0,0.159090909090909,0.0,1.0,True
2026-08-12 02:00:00+00:00,tt_bsd,BSD/Serpong,Jabodetabek,34.0,34.0,165.0,165.0,0.0,0.0,1.0,True
2026-08-12 02:00:00+00:00,tt_cawang,Cawang interchange,Jabodetabek,23.0,43.0,117.0,62.0,0.4651162790697675,0.0,1.0,True
2026-08-12 02:00:00+00:00,tt_depok,Jl. Margonda (Depok),Jabodetabek,31.0,31.0,1778.0,1778.0,0.0,0.0,1.0,True
2026-08-12 02:00:00+00:00,tt_gatsu,Jl. Gatot Subroto,Jabodetabek,45.0,45.0,52.0,52.0,0.0,0.0,1.0,True
2026-08-12 02:00:00+00:00,tt_grogol,Grogol,Jabodetabek,28.0,41.0,435.0,297.0,0.3170731707317072,0.0,1.0,True
2026-08-12 02:00:00+00:00,tt_kebonjeruk,Tol Kebon Jeruk,Jabodetabek,27.0,36.0,1501.0,1126.0,0.25,0.0,1.0,True
2026-08-12 02:00:00+00:00,tt_kelapagading,Kelapa Gading,Jabodetabek,29.0,29.0,1059.0,1059.0,0.0,0.0,1.0,True
2026-08-12 02:00:00+00:00,tt_kuningan,Jl. HR Rasuna Said,Jabodetabek,14.0,19.0,312.0,229.0,0.2631578947368421,0.0,0.987783,True
2026-08-12 02:00:00+00:00,tt_sudirman,Jl. Sudirman (HI),Jabodetabek,25.0,38.0,574.0,377.0,0.3421052631578947,0.0,1.0,True
2026-08-12 02:00:00+00:00,tt_tangerang,Tol Jakarta-Merak,Jabodetabek,37.0,48.0,250.0,193.0,0.2291666666666666,0.0,1.0,True
2026-08-12 02:00:00+00:00,tt_tbsimatupang,TB Simatupang,Jabodetabek,23.0,71.0,1075.0,348.0,0.676056338028169,0.0,1.0,True
2026-08-12 02:00:00+00:00,tt_thamrin,Jl. MH Thamrin,Jabodetabek,17.0,22.0,338.0,261.0,0.2272727272727273,0.0,1.0,True
2026-08-12 03:00:00+00:00,tt_bekasi,,,,,,,,,,False
2026-08-12 03:00:00+00:00,tt_bogor,,,,,,,,,,False
2026-08-12 03:00:00+00:00,tt_bsd,,,,,,,,,,False
2026-08-12 03:00:00+00:00,tt_cawang,,,,,,,,,,False
2026-08-12 03:00:00+00:00,tt_depok,,,,,,,,,,False
2026-08-12 03:00:00+00:00,tt_gatsu,,,,,,,,,,False
2026-08-12 03:00:00+00:00,tt_grogol,,,,,,,,,,False
2026-08-12 03:00:00+00:00,tt_kebonjeruk,,,,,,,,,,False
2026-08-12 03:00:00+00:00,tt_kelapagading,,,,,,,,,,False
2026-08-12 03:00:00+00:00,tt_kuningan,,,,,,,,,,False
2026-08-12 03:00:00+00:00,tt_sudirman,,,,,,,,,,False
2026-08-12 03:00:00+00:00,tt_tangerang,,,,,,,,,,False
2026-08-12 03:00:00+00:00,tt_tbsimatupang,,,,,,,,,,False
2026-08-12 03:00:00+00:00,tt_thamrin,,,,,,,,,,False
2026-08-12 04:00:00+00:00,tt_bekasi,Tol Jakarta-Cikampek,Jabodetabek,18.0,18.0,1072.0,1072.0,0.0,0.0,1.0,True
2026-08-12 04:00:00+00:00,tt_bogor,Tol Jagorawi (Bogor),Jabodetabek,36.0,45.0,823.0,658.0,0.1999999999999999,0.0,1.0,True
2026-08-12 04:00:00+00:00,tt_bsd,BSD/Serpong,Jabodetabek,34.0,34.0,165.0,165.0,0.0,0.0,1.0,True
2026-08-12 04:00:00+00:00,tt_cawang,Cawang interchange,Jabodetabek,19.0,41.0,142.0,65.0,0.5365853658536586,0.0,1.0,True
2026-08-12 04:00:00+00:00,tt_depok,Jl. Margonda (Depok),Jabodetabek,31.0,31.0,1778.0,1778.0,0.0,0.0,1.0,True
2026-08-12 04:00:00+00:00,tt_gatsu,Jl. Gatot Subroto,Jabodetabek,45.0,45.0,52.0,52.0,0.0,0.0,1.0,True
2026-08-12 04:00:00+00:00,tt_grogol,Grogol,Jabodetabek,29.0,40.0,420.0,304.0,0.275,0.0,0.99915,True
2026-08-12 04:00:00+00:00,tt_kebonjeruk,Tol Kebon Jeruk,Jabodetabek,23.0,35.0,1763.0,1158.0,0.3428571428571428,0.0,1.0,True
2026-08-12 04:00:00+00:00,tt_kelapagading,Kelapa Gading,Jabodetabek,22.0,29.0,1396.0,1059.0,0.2413793103448276,0.0,0.998693,True
2026-08-12 04:00:00+00:00,tt_kuningan,Jl. HR Rasuna Said,Jabodetabek,15.0,20.0,291.0,218.0,0.25,0.0,0.99,True
2026-08-12 04:00:00+00:00,tt_sudirman,Jl. Sudirman (HI),Jabodetabek,27.0,39.0,531.0,368.0,0.3076923076923077,0.0,1.0,True
2026-08-12 04:00:00+00:00,tt_tangerang,Tol Jakarta-Merak,Jabodetabek,34.0,48.0,272.0,193.0,0.2916666666666666,0.0,1.0,True
2026-08-12 04:00:00+00:00,tt_tbsimatupang,TB Simatupang,Jabodetabek,42.0,72.0,588.0,343.0,0.4166666666666666,0.0,1.0,True
2026-08-12 04:00:00+00:00,tt_thamrin,Jl. MH Thamrin,Jabodetabek,21.0,25.0,273.0,229.0,0.16,0.0,1.0,True
2026-08-12 05:00:00+00:00,tt_bekasi,,,,,,,,,,False
2026-08-12 05:00:00+00:00,tt_bogor,,,,,,,,,,False
2026-08-12 05:00:00+00:00,tt_bsd,,,,,,,,,,False
2026-08-12 05:00:00+00:00,tt_cawang,,,,,,,,,,False
2026-08-12 05:00:00+00:00,tt_depok,,,,,,,,,,False
2026-08-12 05:00:00+00:00,tt_gatsu,,,,,,,,,,False
2026-08-12 05:00:00+00:00,tt_grogol,,,,,,,,,,False
2026-08-12 05:00:00+00:00,tt_kebonjeruk,,,,,,,,,,False
2026-08-12 05:00:00+00:00,tt_kelapagading,,,,,,,,,,False
2026-08-12 05:00:00+00:00,tt_kuningan,,,,,,,,,,False
2026-08-12 05:00:00+00:00,tt_sudirman,,,,,,,,,,False
2026-08-12 05:00:00+00:00,tt_tangerang,,,,,,,,,,False
2026-08-12 05:00:00+00:00,tt_tbsimatupang,,,,,,,,,,False
2026-08-12 05:00:00+00:00,tt_thamrin,,,,,,,,,,False
2026-08-12 06:00:00+00:00,tt_bekasi,Tol Jakarta-Cikampek,Jabodetabek,18.0,18.0,1072.0,1072.0,0.0,0.0,1.0,True
2026-08-12 06:00:00+00:00,tt_bogor,Tol Jagorawi (Bogor),Jabodetabek,36.0,44.0,823.0,673.0,0.1818181818181817,0.0,1.0,True
2026-08-12 06:00:00+00:00,tt_bsd,BSD/Serpong,Jabodetabek,34.0,34.0,165.0,165.0,0.0,0.0,1.0,True
2026-08-12 06:00:00+00:00,tt_cawang,Cawang interchange,Jabodetabek,21.0,42.0,128.0,64.0,0.5,0.0,1.0,True
2026-08-12 06:00:00+00:00,tt_depok,Jl. Margonda (Depok),Jabodetabek,26.0,31.0,2120.0,1778.0,0.1612903225806451,0.0,0.962017,True
2026-08-12 06:00:00+00:00,tt_gatsu,Jl. Gatot Subroto,Jabodetabek,45.0,45.0,52.0,52.0,0.0,0.0,1.0,True
2026-08-12 06:00:00+00:00,tt_grogol,Grogol,Jabodetabek,30.0,41.0,406.0,297.0,0.2682926829268293,0.0,1.0,True
2026-08-12 06:00:00+00:00,tt_kebonjeruk,Tol Kebon Jeruk,Jabodetabek,26.0,36.0,1559.0,1126.0,0.2777777777777778,0.0,1.0,True
2026-08-12 06:00:00+00:00,tt_kelapagading,Kelapa Gading,Jabodetabek,21.0,29.0,1463.0,1059.0,0.2758620689655172,0.0,0.99806,True
2026-08-12 06:00:00+00:00,tt_kuningan,Jl. HR Rasuna Said,Jabodetabek,16.0,20.0,273.0,218.0,0.1999999999999999,0.0,1.0,True
2026-08-12 06:00:00+00:00,tt_sudirman,Jl. Sudirman (HI),Jabodetabek,24.0,39.0,598.0,368.0,0.3846153846153846,0.0,1.0,True
2026-08-12 06:00:00+00:00,tt_tangerang,Tol Jakarta-Merak,Jabodetabek,41.0,48.0,226.0,193.0,0.1458333333333333,0.0,1.0,True
2026-08-12 06:00:00+00:00,tt_tbsimatupang,TB Simatupang,Jabodetabek,53.0,71.0,466.0,348.0,0.2535211267605634,0.0,1.0,True
2026-08-12 06:00:00+00:00,tt_thamrin,Jl. MH Thamrin,Jabodetabek,14.0,24.0,410.0,239.0,0.4166666666666666,0.0,1.0,True
2026-08-12 07:00:00+00:00,tt_bekasi,Tol Jakarta-Cikampek,Jabodetabek,18.0,18.0,1072.0,1072.0,0.0,0.0,1.0,True
2026-08-12 07:00:00+00:00,tt_bogor,Tol Jagorawi (Bogor),Jabodetabek,34.0,44.0,871.0,673.0,0.2272727272727273,0.0,1.0,True
2026-08-12 07:00:00+00:00,tt_bsd,BSD/Serpong,Jabodetabek,34.0,34.0,165.0,165.0,0.0,0.0,1.0,True
2026-08-12 07:00:00+00:00,tt_cawang,Cawang interchange,Jabodetabek,24.0,42.0,112.0,64.0,0.4285714285714286,0.0,1.0,True
2026-08-12 07:00:00+00:00,tt_depok,Jl. Margonda (Depok),Jabodetabek,27.0,31.0,2042.0,1778.0,0.1290322580645161,0.0,0.972985,True
2026-08-12 07:00:00+00:00,tt_gatsu,Jl. Gatot Subroto,Jabodetabek,27.0,43.0,87.0,54.0,0.3720930232558139,0.0,1.0,True
2026-08-12 07:00:00+00:00,tt_grogol,Grogol,Jabodetabek,25.0,39.0,487.0,312.0,0.3589743589743589,0.0,1.0,True
2026-08-12 07:00:00+00:00,tt_kebonjeruk,Tol Kebon Jeruk,Jabodetabek,21.0,36.0,1931.0,1126.0,0.4166666666666666,0.0,1.0,True
2026-08-12 07:00:00+00:00,tt_kelapagading,Kelapa Gading,Jabodetabek,20.0,30.0,1536.0,1024.0,0.3333333333333333,0.0,0.996725,True
2026-08-12 07:00:00+00:00,tt_kuningan,Jl. HR Rasuna Said,Jabodetabek,13.0,20.0,336.0,218.0,0.35,0.0,0.99,True
2026-08-12 07:00:00+00:00,tt_sudirman,Jl. Sudirman (HI),Jabodetabek,18.0,39.0,797.0,368.0,0.5384615384615384,0.0,1.0,True
2026-08-12 07:00:00+00:00,tt_tangerang,Tol Jakarta-Merak,Jabodetabek,48.0,48.0,193.0,193.0,0.0,0.0,1.0,True
2026-08-12 07:00:00+00:00,tt_tbsimatupang,TB Simatupang,Jabodetabek,48.0,71.0,515.0,348.0,0.323943661971831,0.0,1.0,True
2026-08-12 07:00:00+00:00,tt_thamrin,Jl. MH Thamrin,Jabodetabek,18.0,23.0,319.0,249.0,0.217391304347826,0.0,1.0,True
2026-08-12 08:00:00+00:00,tt_bekasi,,,,,,,,,,False
2026-08-12 08:00:00+00:00,tt_bogor,,,,,,,,,,False
2026-08-12 08:00:00+00:00,tt_bsd,,,,,,,,,,False
2026-08-12 08:00:00+00:00,tt_cawang,,,,,,,,,,False
2026-08-12 08:00:00+00:00,tt_depok,,,,,,,,,,False
2026-08-12 08:00:00+00:00,tt_gatsu,,,,,,,,,,False
2026-08-12 08:00:00+00:00,tt_grogol,,,,,,,,,,False
2026-08-12 08:00:00+00:00,tt_kebonjeruk,,,,,,,,,,False
2026-08-12 08:00:00+00:00,tt_kelapagading,,,,,,,,,,False
2026-08-12 08:00:00+00:00,tt_kuningan,,,,,,,,,,False
2026-08-12 08:00:00+00:00,tt_sudirman,,,,,,,,,,False
2026-08-12 08:00:00+00:00,tt_tangerang,,,,,,,,,,False
2026-08-12 08:00:00+00:00,tt_tbsimatupang,,,,,,,,,,False
2026-08-12 08:00:00+00:00,tt_thamrin,,,,,,,,,,False
2026-08-12 09:00:00+00:00,tt_bekasi,Tol Jakarta-Cikampek,Jabodetabek,14.0,17.0,1378.0,1135.0,0.1764705882352941,0.0,0.976869,True
2026-08-12 09:00:00+00:00,tt_bogor,Tol Jagorawi (Bogor),Jabodetabek,33.0,46.0,897.0,644.0,0.2826086956521739,0.0,1.0,True
2026-08-12 09:00:00+00:00,tt_bsd,BSD/Serpong,Jabodetabek,34.0,34.0,165.0,165.0,0.0,0.0,1.0,True
2026-08-12 09:00:00+00:00,tt_cawang,Cawang interchange,Jabodetabek,34.0,42.0,79.0,64.0,0.1904761904761904,0.0,1.0,True
2026-08-12 09:00:00+00:00,tt_depok,Jl. Margonda (Depok),Jabodetabek,25.0,31.0,2205.0,1778.0,0.1935483870967742,0.0,0.984338,True
2026-08-12 09:00:00+00:00,tt_gatsu,Jl. Gatot Subroto,Jabodetabek,24.0,43.0,98.0,54.0,0.4418604651162791,0.0,1.0,True
2026-08-12 09:00:00+00:00,tt_grogol,Grogol,Jabodetabek,31.0,40.0,393.0,304.0,0.2249999999999999,0.0,0.99693,True
2026-08-12 09:00:00+00:00,tt_kebonjeruk,Tol Kebon Jeruk,Jabodetabek,20.0,36.0,2027.0,1126.0,0.4444444444444444,0.0,1.0,True
2026-08-12 09:00:00+00:00,tt_kelapagading,Kelapa Gading,Jabodetabek,20.0,29.0,1536.0,1059.0,0.3103448275862068,0.0,0.998287,True
2026-08-12 09:00:00+00:00,tt_kuningan,Jl. HR Rasuna Said,Jabodetabek,21.0,21.0,208.0,208.0,0.0,0.0,1.0,True
2026-08-12 09:00:00+00:00,tt_sudirman,Jl. Sudirman (HI),Jabodetabek,21.0,38.0,683.0,377.0,0.4473684210526315,0.0,1.0,True
2026-08-12 09:00:00+00:00,tt_tangerang,Tol Jakarta-Merak,Jabodetabek,36.0,48.0,257.0,193.0,0.25,0.0,1.0,True
2026-08-12 09:00:00+00:00,tt_tbsimatupang,TB Simatupang,Jabodetabek,32.0,72.0,773.0,343.0,0.5555555555555556,0.0,1.0,True
2026-08-12 09:00:00+00:00,tt_thamrin,Jl. MH Thamrin,Jabodetabek,19.0,24.0,302.0,239.0,0.2083333333333333,0.0,1.0,True
2026-08-12 10:00:00+00:00,tt_bekasi,,,,,,,,,,False
2026-08-12 10:00:00+00:00,tt_bogor,,,,,,,,,,False
2026-08-12 10:00:00+00:00,tt_bsd,,,,,,,,,,False
2026-08-12 10:00:00+00:00,tt_cawang,,,,,,,,,,False
2026-08-12 10:00:00+00:00,tt_depok,,,,,,,,,,False
2026-08-12 10:00:00+00:00,tt_gatsu,,,,,,,,,,False
2026-08-12 10:00:00+00:00,tt_grogol,,,,,,,,,,False
2026-08-12 10:00:00+00:00,tt_kebonjeruk,,,,,,,,,,False
2026-08-12 10:00:00+00:00,tt_kelapagading,,,,,,,,,,False
2026-08-12 10:00:00+00:00,tt_kuningan,,,,,,,,,,False
2026-08-12 10:00:00+00:00,tt_sudirman,,,,,,,,,,False
2026-08-12 10:00:00+00:00,tt_tangerang,,,,,,,,,,False
2026-08-12 10:00:00+00:00,tt_tbsimatupang,,,,,,,,,,False
2026-08-12 10:00:00+00:00,tt_thamrin,,,,,,,,,,False
2026-08-12 11:00:00+00:00,tt_bekasi,Tol Jakarta-Cikampek,Jabodetabek,15.0,18.0,1286.0,1072.0,0.1666666666666666,0.0,0.93145,True
2026-08-12 11:00:00+00:00,tt_bogor,Tol Jagorawi (Bogor),Jabodetabek,33.0,45.0,897.0,658.0,0.2666666666666667,0.0,1.0,True
2026-08-12 11:00:00+00:00,tt_bsd,BSD/Serpong,Jabodetabek,26.0,34.0,216.0,165.0,0.2352941176470588,0.0,1.0,True
2026-08-12 11:00:00+00:00,tt_cawang,Cawang interchange,Jabodetabek,30.0,42.0,90.0,64.0,0.2857142857142857,0.0,1.0,True
2026-08-12 11:00:00+00:00,tt_depok,Jl. Margonda (Depok),Jabodetabek,25.0,32.0,2205.0,1722.0,0.21875,0.0,0.989254,True
2026-08-12 11:00:00+00:00,tt_gatsu,Jl. Gatot Subroto,Jabodetabek,7.0,43.0,336.0,54.0,0.8372093023255813,0.0,1.0,True
2026-08-12 11:00:00+00:00,tt_grogol,Grogol,Jabodetabek,29.0,40.0,420.0,304.0,0.275,0.0,1.0,True
2026-08-12 11:00:00+00:00,tt_kebonjeruk,Tol Kebon Jeruk,Jabodetabek,22.0,36.0,1843.0,1126.0,0.3888888888888888,0.0,1.0,True
2026-08-12 11:00:00+00:00,tt_kelapagading,Kelapa Gading,Jabodetabek,21.0,29.0,1463.0,1059.0,0.2758620689655172,0.0,1.0,True
2026-08-12 11:00:00+00:00,tt_kuningan,Jl. HR Rasuna Said,Jabodetabek,15.0,20.0,291.0,218.0,0.25,0.0,1.0,True
2026-08-12 11:00:00+00:00,tt_sudirman,Jl. Sudirman (HI),Jabodetabek,12.0,39.0,1196.0,368.0,0.6923076923076923,0.0,1.0,True
2026-08-12 11:00:00+00:00,tt_tangerang,Tol Jakarta-Merak,Jabodetabek,37.0,48.0,250.0,193.0,0.2291666666666666,0.0,1.0,True
2026-08-12 11:00:00+00:00,tt_tbsimatupang,TB Simatupang,Jabodetabek,36.0,72.0,687.0,343.0,0.5,0.0,1.0,True
2026-08-12 11:00:00+00:00,tt_thamrin,Jl. MH Thamrin,Jabodetabek,11.0,22.0,522.0,261.0,0.5,0.0,1.0,True
2026-08-12 12:00:00+00:00,tt_bekasi,Tol Jakarta-Cikampek,Jabodetabek,14.0,18.0,1378.0,1072.0,0.2222222222222222,0.0,0.971047,True
2026-08-12 12:00:00+00:00,tt_bogor,Tol Jagorawi (Bogor),Jabodetabek,35.0,45.0,846.0,658.0,0.2222222222222222,0.0,1.0,True
2026-08-12 12:00:00+00:00,tt_bsd,BSD/Serpong,Jabodetabek,34.0,34.0,165.0,165.0,0.0,0.0,1.0,True
2026-08-12 12:00:00+00:00,tt_cawang,Cawang interchange,Jabodetabek,31.0,43.0,87.0,62.0,0.2790697674418605,0.0,1.0,True
2026-08-12 12:00:00+00:00,tt_depok,Jl. Margonda (Depok),Jabodetabek,26.0,31.0,2120.0,1778.0,0.1612903225806451,0.0,0.994501,True
2026-08-12 12:00:00+00:00,tt_gatsu,Jl. Gatot Subroto,Jabodetabek,26.0,44.0,90.0,53.0,0.409090909090909,0.0,1.0,True
2026-08-12 12:00:00+00:00,tt_grogol,Grogol,Jabodetabek,33.0,40.0,369.0,304.0,0.175,0.0,1.0,True
2026-08-12 12:00:00+00:00,tt_kebonjeruk,Tol Kebon Jeruk,Jabodetabek,24.0,35.0,1689.0,1158.0,0.3142857142857143,0.0,1.0,True
2026-08-12 12:00:00+00:00,tt_kelapagading,Kelapa Gading,Jabodetabek,23.0,29.0,1335.0,1059.0,0.2068965517241379,0.0,1.0,True
2026-08-12 12:00:00+00:00,tt_kuningan,Jl. HR Rasuna Said,Jabodetabek,13.0,20.0,336.0,218.0,0.35,0.0,1.0,True
2026-08-12 12:00:00+00:00,tt_sudirman,Jl. Sudirman (HI),Jabodetabek,23.0,39.0,624.0,368.0,0.4102564102564102,0.0,1.0,True
2026-08-12 12:00:00+00:00,tt_tangerang,Tol Jakarta-Merak,Jabodetabek,38.0,47.0,244.0,197.0,0.1914893617021277,0.0,1.0,True
2026-08-12 12:00:00+00:00,tt_tbsimatupang,TB Simatupang,Jabodetabek,72.0,72.0,343.0,343.0,0.0,0.0,1.0,True
2026-08-12 12:00:00+00:00,tt_thamrin,Jl. MH Thamrin,Jabodetabek,12.0,23.0,479.0,249.0,0.4782608695652174,0.0,1.0,True
2026-08-12 13:00:00+00:00,tt_bekasi,,,,,,,,,,False
2026-08-12 13:00:00+00:00,tt_bogor,,,,,,,,,,False
2026-08-12 13:00:00+00:00,tt_bsd,,,,,,,,,,False
2026-08-12 13:00:00+00:00,tt_cawang,,,,,,,,,,False
2026-08-12 13:00:00+00:00,tt_depok,,,,,,,,,,False
2026-08-12 13:00:00+00:00,tt_gatsu,,,,,,,,,,False
2026-08-12 13:00:00+00:00,tt_grogol,,,,,,,,,,False
2026-08-12 13:00:00+00:00,tt_kebonjeruk,,,,,,,,,,False
2026-08-12 13:00:00+00:00,tt_kelapagading,,,,,,,,,,False
2026-08-12 13:00:00+00:00,tt_kuningan,,,,,,,,,,False
2026-08-12 13:00:00+00:00,tt_sudirman,,,,,,,,,,False
2026-08-12 13:00:00+00:00,tt_tangerang,,,,,,,,,,False
2026-08-12 13:00:00+00:00,tt_tbsimatupang,,,,,,,,,,False
2026-08-12 13:00:00+00:00,tt_thamrin,,,,,,,,,,False
2026-08-12 14:00:00+00:00,tt_bekasi,Tol Jakarta-Cikampek,Jabodetabek,18.0,18.0,1072.0,1072.0,0.0,0.0,1.0,True
2026-08-12 14:00:00+00:00,tt_bogor,Tol Jagorawi (Bogor),Jabodetabek,45.0,45.0,658.0,658.0,0.0,0.0,1.0,True
2026-08-12 14:00:00+00:00,tt_bsd,BSD/Serpong,Jabodetabek,34.0,34.0,165.0,165.0,0.0,0.0,1.0,True
2026-08-12 14:00:00+00:00,tt_cawang,Cawang interchange,Jabodetabek,33.0,43.0,81.0,62.0,0.2325581395348837,0.0,1.0,True
2026-08-12 14:00:00+00:00,tt_depok,Jl. Margonda (Depok),Jabodetabek,26.0,31.0,2120.0,1778.0,0.1612903225806451,0.0,0.988732,True
2026-08-12 14:00:00+00:00,tt_gatsu,Jl. Gatot Subroto,Jabodetabek,45.0,45.0,52.0,52.0,0.0,0.0,1.0,True
2026-08-12 14:00:00+00:00,tt_grogol,Grogol,Jabodetabek,40.0,40.0,304.0,304.0,0.0,0.0,1.0,True
2026-08-12 14:00:00+00:00,tt_kebonjeruk,Tol Kebon Jeruk,Jabodetabek,30.0,36.0,1351.0,1126.0,0.1666666666666666,0.0,1.0,True
2026-08-12 14:00:00+00:00,tt_kelapagading,Kelapa Gading,Jabodetabek,29.0,29.0,1059.0,1059.0,0.0,0.0,1.0,True
2026-08-12 14:00:00+00:00,tt_kuningan,Jl. HR Rasuna Said,Jabodetabek,15.0,20.0,291.0,218.0,0.25,0.0,1.0,True
2026-08-12 14:00:00+00:00,tt_sudirman,Jl. Sudirman (HI),Jabodetabek,26.0,38.0,552.0,377.0,0.3157894736842105,0.0,1.0,True
2026-08-12 14:00:00+00:00,tt_tangerang,Tol Jakarta-Merak,Jabodetabek,48.0,48.0,193.0,193.0,0.0,0.0,1.0,True
2026-08-12 14:00:00+00:00,tt_tbsimatupang,TB Simatupang,Jabodetabek,72.0,72.0,343.0,343.0,0.0,0.0,1.0,True
2026-08-12 14:00:00+00:00,tt_thamrin,Jl. MH Thamrin,Jabodetabek,18.0,22.0,319.0,261.0,0.1818181818181817,0.0,1.0,True
2026-08-12 15:00:00+00:00,tt_bekasi,Tol Jakarta-Cikampek,Jabodetabek,18.0,18.0,1072.0,1072.0,0.0,0.0,1.0,True
2026-08-12 15:00:00+00:00,tt_bogor,Tol Jagorawi (Bogor),Jabodetabek,45.0,45.0,658.0,658.0,0.0,0.0,1.0,True
2026-08-12 15:00:00+00:00,tt_bsd,BSD/Serpong,Jabodetabek,34.0,34.0,165.0,165.0,0.0,0.0,1.0,True
2026-08-12 15:00:00+00:00,tt_cawang,Cawang interchange,Jabodetabek,43.0,43.0,62.0,62.0,0.0,0.0,1.0,True
2026-08-12 15:00:00+00:00,tt_depok,Jl. Margonda (Depok),Jabodetabek,31.0,31.0,1778.0,1778.0,0.0,0.0,1.0,True
2026-08-12 15:00:00+00:00,tt_gatsu,Jl. Gatot Subroto,Jabodetabek,45.0,45.0,52.0,52.0,0.0,0.0,1.0,True
2026-08-12 15:00:00+00:00,tt_grogol,Grogol,Jabodetabek,40.0,40.0,304.0,304.0,0.0,0.0,1.0,True
2026-08-12 15:00:00+00:00,tt_kebonjeruk,Tol Kebon Jeruk,Jabodetabek,35.0,35.0,1158.0,1158.0,0.0,0.0,1.0,True
2026-08-12 15:00:00+00:00,tt_kelapagading,Kelapa Gading,Jabodetabek,29.0,29.0,1059.0,1059.0,0.0,0.0,1.0,True
2026-08-12 15:00:00+00:00,tt_kuningan,Jl. HR Rasuna Said,Jabodetabek,21.0,21.0,208.0,208.0,0.0,0.0,1.0,True
2026-08-12 15:00:00+00:00,tt_sudirman,Jl. Sudirman (HI),Jabodetabek,38.0,38.0,377.0,377.0,0.0,0.0,1.0,True
2026-08-12 15:00:00+00:00,tt_tangerang,Tol Jakarta-Merak,Jabodetabek,48.0,48.0,193.0,193.0,0.0,0.0,1.0,True
2026-08-12 15:00:00+00:00,tt_tbsimatupang,TB Simatupang,Jabodetabek,72.0,72.0,343.0,343.0,0.0,0.0,1.0,True
2026-08-12 15:00:00+00:00,tt_thamrin,Jl. MH Thamrin,Jabodetabek,22.0,22.0,261.0,261.0,0.0,0.0,1.0,True
2026-08-12 16:00:00+00:00,tt_bekasi,,,,,,,,,,False
2026-08-12 16:00:00+00:00,tt_bogor,,,,,,,,,,False
2026-08-12 16:00:00+00:00,tt_bsd,,,,,,,,,,False
2026-08-12 16:00:00+00:00,tt_cawang,,,,,,,,,,False
2026-08-12 16:00:00+00:00,tt_depok,,,,,,,,,,False
2026-08-12 16:00:00+00:00,tt_gatsu,,,,,,,,,,False
2026-08-12 16:00:00+00:00,tt_grogol,,,,,,,,,,False
2026-08-12 16:00:00+00:00,tt_kebonjeruk,,,,,,,,,,False
2026-08-12 16:00:00+00:00,tt_kelapagading,,,,,,,,,,False
2026-08-12 16:00:00+00:00,tt_kuningan,,,,,,,,,,False
2026-08-12 16:00:00+00:00,tt_sudirman,,,,,,,,,,False
2026-08-12 16:00:00+00:00,tt_tangerang,,,,,,,,,,False
2026-08-12 16:00:00+00:00,tt_tbsimatupang,,,,,,,,,,False
2026-08-12 16:00:00+00:00,tt_thamrin,,,,,,,,,,False
2026-08-12 17:00:00+00:00,tt_bekasi,Tol Jakarta-Cikampek,Jabodetabek,18.0,18.0,1072.0,1072.0,0.0,0.0,1.0,True
2026-08-12 17:00:00+00:00,tt_bogor,Tol Jagorawi (Bogor),Jabodetabek,45.0,45.0,658.0,658.0,0.0,0.0,1.0,True
2026-08-12 17:00:00+00:00,tt_bsd,BSD/Serpong,Jabodetabek,34.0,34.0,165.0,165.0,0.0,0.0,1.0,True
2026-08-12 17:00:00+00:00,tt_cawang,Cawang interchange,Jabodetabek,43.0,43.0,62.0,62.0,0.0,0.0,1.0,True
2026-08-12 17:00:00+00:00,tt_depok,Jl. Margonda (Depok),Jabodetabek,31.0,31.0,1778.0,1778.0,0.0,0.0,1.0,True
2026-08-12 17:00:00+00:00,tt_gatsu,Jl. Gatot Subroto,Jabodetabek,45.0,45.0,52.0,52.0,0.0,0.0,1.0,True
2026-08-12 17:00:00+00:00,tt_grogol,Grogol,Jabodetabek,40.0,40.0,304.0,304.0,0.0,0.0,1.0,True
2026-08-12 17:00:00+00:00,tt_kebonjeruk,Tol Kebon Jeruk,Jabodetabek,35.0,35.0,1158.0,1158.0,0.0,0.0,1.0,True
2026-08-12 17:00:00+00:00,tt_kelapagading,Kelapa Gading,Jabodetabek,29.0,29.0,1059.0,1059.0,0.0,0.0,1.0,True
2026-08-12 17:00:00+00:00,tt_kuningan,Jl. HR Rasuna Said,Jabodetabek,21.0,21.0,208.0,208.0,0.0,0.0,1.0,True
2026-08-12 17:00:00+00:00,tt_sudirman,Jl. Sudirman (HI),Jabodetabek,38.0,38.0,377.0,377.0,0.0,0.0,1.0,True
2026-08-12 17:00:00+00:00,tt_tangerang,Tol Jakarta-Merak,Jabodetabek,48.0,48.0,193.0,193.0,0.0,0.0,1.0,True
2026-08-12 17:00:00+00:00,tt_tbsimatupang,TB Simatupang,Jabodetabek,72.0,72.0,343.0,343.0,0.0,0.0,1.0,True
2026-08-12 17:00:00+00:00,tt_thamrin,Jl. MH Thamrin,Jabodetabek,22.0,22.0,261.0,261.0,0.0,0.0,1.0,True
2026-08-12 18:00:00+00:00,tt_bekasi,,,,,,,,,,False
2026-08-12 18:00:00+00:00,tt_bogor,,,,,,,,,,False
2026-08-12 18:00:00+00:00,tt_bsd,,,,,,,,,,False
2026-08-12 18:00:00+00:00,tt_cawang,,,,,,,,,,False
2026-08-12 18:00:00+00:00,tt_depok,,,,,,,,,,False
2026-08-12 18:00:00+00:00,tt_gatsu,,,,,,,,,,False
2026-08-12 18:00:00+00:00,tt_grogol,,,,,,,,,,False
2026-08-12 18:00:00+00:00,tt_kebonjeruk,,,,,,,,,,False
2026-08-12 18:00:00+00:00,tt_kelapagading,,,,,,,,,,False
2026-08-12 18:00:00+00:00,tt_kuningan,,,,,,,,,,False
2026-08-12 18:00:00+00:00,tt_sudirman,,,,,,,,,,False
2026-08-12 18:00:00+00:00,tt_tangerang,,,,,,,,,,False
2026-08-12 18:00:00+00:00,tt_tbsimatupang,,,,,,,,,,False
2026-08-12 18:00:00+00:00,tt_thamrin,,,,,,,,,,False
2026-08-12 19:00:00+00:00,tt_bekasi,Tol Jakarta-Cikampek,Jabodetabek,18.0,18.0,1072.0,1072.0,0.0,0.0,1.0,True
2026-08-12 19:00:00+00:00,tt_bogor,Tol Jagorawi (Bogor),Jabodetabek,45.0,45.0,658.0,658.0,0.0,0.0,1.0,True
2026-08-12 19:00:00+00:00,tt_bsd,BSD/Serpong,Jabodetabek,34.0,34.0,165.0,165.0,0.0,0.0,1.0,True
2026-08-12 19:00:00+00:00,tt_cawang,Cawang interchange,Jabodetabek,43.0,43.0,62.0,62.0,0.0,0.0,1.0,True
2026-08-12 19:00:00+00:00,tt_depok,Jl. Margonda (Depok),Jabodetabek,31.0,31.0,1778.0,1778.0,0.0,0.0,1.0,True
2026-08-12 19:00:00+00:00,tt_gatsu,Jl. Gatot Subroto,Jabodetabek,45.0,45.0,52.0,52.0,0.0,0.0,1.0,True
2026-08-12 19:00:00+00:00,tt_grogol,Grogol,Jabodetabek,40.0,40.0,304.0,304.0,0.0,0.0,1.0,True
2026-08-12 19:00:00+00:00,tt_kebonjeruk,Tol Kebon Jeruk,Jabodetabek,35.0,35.0,1158.0,1158.0,0.0,0.0,1.0,True
2026-08-12 19:00:00+00:00,tt_kelapagading,Kelapa Gading,Jabodetabek,29.0,29.0,1059.0,1059.0,0.0,0.0,1.0,True
2026-08-12 19:00:00+00:00,tt_kuningan,Jl. HR Rasuna Said,Jabodetabek,21.0,21.0,208.0,208.0,0.0,0.0,1.0,True
2026-08-12 19:00:00+00:00,tt_sudirman,Jl. Sudirman (HI),Jabodetabek,38.0,38.0,377.0,377.0,0.0,0.0,1.0,True
2026-08-12 19:00:00+00:00,tt_tangerang,Tol Jakarta-Merak,Jabodetabek,48.0,48.0,193.0,193.0,0.0,0.0,1.0,True
2026-08-12 19:00:00+00:00,tt_tbsimatupang,TB Simatupang,Jabodetabek,72.0,72.0,343.0,343.0,0.0,0.0,1.0,True
2026-08-12 19:00:00+00:00,tt_thamrin,Jl. MH Thamrin,Jabodetabek,22.0,22.0,261.0,261.0,0.0,0.0,1.0,True
2026-08-12 20:00:00+00:00,tt_bekasi,Tol Jakarta-Cikampek,Jabodetabek,18.0,18.0,1072.0,1072.0,0.0,0.0,1.0,True
2026-08-12 20:00:00+00:00,tt_bogor,Tol Jagorawi (Bogor),Jabodetabek,45.0,45.0,658.0,658.0,0.0,0.0,1.0,True
2026-08-12 20:00:00+00:00,tt_bsd,BSD/Serpong,Jabodetabek,34.0,34.0,165.0,165.0,0.0,0.0,1.0,True
2026-08-12 20:00:00+00:00,tt_cawang,Cawang interchange,Jabodetabek,43.0,43.0,62.0,62.0,0.0,0.0,1.0,True
2026-08-12 20:00:00+00:00,tt_depok,Jl. Margonda (Depok),Jabodetabek,31.0,31.0,1778.0,1778.0,0.0,0.0,1.0,True
2026-08-12 20:00:00+00:00,tt_gatsu,Jl. Gatot Subroto,Jabodetabek,45.0,45.0,52.0,52.0,0.0,0.0,1.0,True
2026-08-12 20:00:00+00:00,tt_grogol,Grogol,Jabodetabek,40.0,40.0,304.0,304.0,0.0,0.0,1.0,True
2026-08-12 20:00:00+00:00,tt_kebonjeruk,Tol Kebon Jeruk,Jabodetabek,35.0,35.0,1158.0,1158.0,0.0,0.0,1.0,True
2026-08-12 20:00:00+00:00,tt_kelapagading,Kelapa Gading,Jabodetabek,29.0,29.0,1059.0,1059.0,0.0,0.0,1.0,True
2026-08-12 20:00:00+00:00,tt_kuningan,Jl. HR Rasuna Said,Jabodetabek,21.0,21.0,208.0,208.0,0.0,0.0,1.0,True
2026-08-12 20:00:00+00:00,tt_sudirman,Jl. Sudirman (HI),Jabodetabek,38.0,38.0,377.0,377.0,0.0,0.0,1.0,True
2026-08-12 20:00:00+00:00,tt_tangerang,Tol Jakarta-Merak,Jabodetabek,48.0,48.0,193.0,193.0,0.0,0.0,1.0,True
2026-08-12 20:00:00+00:00,tt_tbsimatupang,TB Simatupang,Jabodetabek,72.0,72.0,343.0,343.0,0.0,0.0,1.0,True
2026-08-12 20:00:00+00:00,tt_thamrin,Jl. MH Thamrin,Jabodetabek,22.0,22.0,261.0,261.0,0.0,0.0,1.0,True
2026-08-12 21:00:00+00:00,tt_bekasi,,,,,,,,,,False
2026-08-12 21:00:00+00:00,tt_bogor,,,,,,,,,,False
2026-08-12 21:00:00+00:00,tt_bsd,,,,,,,,,,False
2026-08-12 21:00:00+00:00,tt_cawang,,,,,,,,,,False
2026-08-12 21:00:00+00:00,tt_depok,,,,,,,,,,False
2026-08-12 21:00:00+00:00,tt_gatsu,,,,,,,,,,False
2026-08-12 21:00:00+00:00,tt_grogol,,,,,,,,,,False
2026-08-12 21:00:00+00:00,tt_kebonjeruk,,,,,,,,,,False
2026-08-12 21:00:00+00:00,tt_kelapagading,,,,,,,,,,False
2026-08-12 21:00:00+00:00,tt_kuningan,,,,,,,,,,False
2026-08-12 21:00:00+00:00,tt_sudirman,,,,,,,,,,False
2026-08-12 21:00:00+00:00,tt_tangerang,,,,,,,,,,False
2026-08-12 21:00:00+00:00,tt_tbsimatupang,,,,,,,,,,False
2026-08-12 21:00:00+00:00,tt_thamrin,,,,,,,,,,False
2026-08-12 22:00:00+00:00,tt_bekasi,Tol Jakarta-Cikampek,Jabodetabek,18.0,18.0,1072.0,1072.0,0.0,0.0,1.0,True
2026-08-12 22:00:00+00:00,tt_bogor,Tol Jagorawi (Bogor),Jabodetabek,45.0,45.0,658.0,658.0,0.0,0.0,1.0,True
2026-08-12 22:00:00+00:00,tt_bsd,BSD/Serpong,Jabodetabek,34.0,34.0,165.0,165.0,0.0,0.0,1.0,True
2026-08-12 22:00:00+00:00,tt_cawang,Cawang interchange,Jabodetabek,22.0,41.0,122.0,65.0,0.4634146341463414,0.0,1.0,True
2026-08-12 22:00:00+00:00,tt_depok,Jl. Margonda (Depok),Jabodetabek,31.0,31.0,1778.0,1778.0,0.0,0.0,1.0,True
2026-08-12 22:00:00+00:00,tt_gatsu,Jl. Gatot Subroto,Jabodetabek,45.0,45.0,52.0,52.0,0.0,0.0,1.0,True
2026-08-12 22:00:00+00:00,tt_grogol,Grogol,Jabodetabek,40.0,40.0,304.0,304.0,0.0,0.0,1.0,True
2026-08-12 22:00:00+00:00,tt_kebonjeruk,Tol Kebon Jeruk,Jabodetabek,35.0,35.0,1158.0,1158.0,0.0,0.0,1.0,True
2026-08-12 22:00:00+00:00,tt_kelapagading,Kelapa Gading,Jabodetabek,29.0,29.0,1059.0,1059.0,0.0,0.0,1.0,True
2026-08-12 22:00:00+00:00,tt_kuningan,Jl. HR Rasuna Said,Jabodetabek,21.0,21.0,208.0,208.0,0.0,0.0,1.0,True
2026-08-12 22:00:00+00:00,tt_sudirman,Jl. Sudirman (HI),Jabodetabek,38.0,38.0,377.0,377.0,0.0,0.0,1.0,True
2026-08-12 22:00:00+00:00,tt_tangerang,Tol Jakarta-Merak,Jabodetabek,48.0,48.0,193.0,193.0,0.0,0.0,1.0,True
2026-08-12 22:00:00+00:00,tt_tbsimatupang,TB Simatupang,Jabodetabek,72.0,72.0,343.0,343.0,0.0,0.0,1.0,True
2026-08-12 22:00:00+00:00,tt_thamrin,Jl. MH Thamrin,Jabodetabek,22.0,22.0,261.0,261.0,0.0,0.0,1.0,True
2026-08-12 23:00:00+00:00,tt_bekasi,,,,,,,,,,False
2026-08-12 23:00:00+00:00,tt_bogor,,,,,,,,,,False
2026-08-12 23:00:00+00:00,tt_bsd,,,,,,,,,,False
2026-08-12 23:00:00+00:00,tt_cawang,,,,,,,,,,False
2026-08-12 23:00:00+00:00,tt_depok,,,,,,,,,,False
2026-08-12 23:00:00+00:00,tt_gatsu,,,,,,,,,,False
2026-08-12 23:00:00+00:00,tt_grogol,,,,,,,,,,False
2026-08-12 23:00:00+00:00,tt_kebonjeruk,,,,,,,,,,False
2026-08-12 23:00:00+00:00,tt_kelapagading,,,,,,,,,,False
2026-08-12 23:00:00+00:00,tt_kuningan,,,,,,,,,,False
2026-08-12 23:00:00+00:00,tt_sudirman,,,,,,,,,,False
2026-08-12 23:00:00+00:00,tt_tangerang,,,,,,,,,,False
2026-08-12 23:00:00+00:00,tt_tbsimatupang,,,,,,,,,,False
2026-08-12 23:00:00+00:00,tt_thamrin,,,,,,,,,,False
2026-08-13 00:00:00+00:00,tt_bekasi,Tol Jakarta-Cikampek,Jabodetabek,18.0,18.0,1072.0,1072.0,0.0,0.0,1.0,True
2026-08-13 00:00:00+00:00,tt_bogor,Tol Jagorawi (Bogor),Jabodetabek,36.0,45.0,823.0,658.0,0.1999999999999999,0.0,1.0,True
2026-08-13 00:00:00+00:00,tt_bsd,BSD/Serpong,Jabodetabek,34.0,34.0,165.0,165.0,0.0,0.0,1.0,True
2026-08-13 00:00:00+00:00,tt_cawang,Cawang interchange,Jabodetabek,16.0,43.0,168.0,62.0,0.627906976744186,0.0,1.0,True
2026-08-13 00:00:00+00:00,tt_depok,Jl. Margonda (Depok),Jabodetabek,28.0,31.0,1969.0,1778.0,0.0967741935483871,0.0,0.927073,True
2026-08-13 00:00:00+00:00,tt_gatsu,Jl. Gatot Subroto,Jabodetabek,45.0,45.0,52.0,52.0,0.0,0.0,1.0,True
2026-08-13 00:00:00+00:00,tt_grogol,Grogol,Jabodetabek,35.0,40.0,348.0,304.0,0.125,0.0,1.0,True
2026-08-13 00:00:00+00:00,tt_kebonjeruk,Tol Kebon Jeruk,Jabodetabek,28.0,35.0,1448.0,1158.0,0.1999999999999999,0.0,1.0,True
2026-08-13 00:00:00+00:00,tt_kelapagading,Kelapa Gading,Jabodetabek,26.0,29.0,1181.0,1059.0,0.1034482758620689,0.0,0.998992,True
2026-08-13 00:00:00+00:00,tt_kuningan,Jl. HR Rasuna Said,Jabodetabek,21.0,21.0,208.0,208.0,0.0,0.0,1.0,True
2026-08-13 00:00:00+00:00,tt_sudirman,Jl. Sudirman (HI),Jabodetabek,38.0,38.0,377.0,377.0,0.0,0.0,1.0,True
2026-08-13 00:00:00+00:00,tt_tangerang,Tol Jakarta-Merak,Jabodetabek,48.0,48.0,193.0,193.0,0.0,0.0,1.0,True
2026-08-13 00:00:00+00:00,tt_tbsimatupang,TB Simatupang,Jabodetabek,35.0,71.0,706.0,348.0,0.5070422535211268,0.0,1.0,True
2026-08-13 00:00:00+00:00,tt_thamrin,Jl. MH Thamrin,Jabodetabek,20.0,24.0,287.0,239.0,0.1666666666666666,0.0,1.0,True
2026-08-13 01:00:00+00:00,tt_bekasi,Tol Jakarta-Cikampek,Jabodetabek,18.0,18.0,1072.0,1072.0,0.0,0.0,1.0,True
2026-08-13 01:00:00+00:00,tt_bogor,Tol Jagorawi (Bogor),Jabodetabek,36.0,44.0,823.0,673.0,0.1818181818181817,0.0,1.0,True
2026-08-13 01:00:00+00:00,tt_bsd,BSD/Serpong,Jabodetabek,34.0,34.0,165.0,165.0,0.0,0.0,1.0,True
2026-08-13 01:00:00+00:00,tt_cawang,Cawang interchange,Jabodetabek,20.0,42.0,135.0,64.0,0.5238095238095238,0.0,1.0,True
2026-08-13 01:00:00+00:00,tt_depok,Jl. Margonda (Depok),Jabodetabek,31.0,31.0,1778.0,1778.0,0.0,0.0,1.0,True
2026-08-13 01:00:00+00:00,tt_gatsu,Jl. Gatot Subroto,Jabodetabek,34.0,44.0,69.0,53.0,0.2272727272727273,0.0,1.0,True
2026-08-13 01:00:00+00:00,tt_grogol,Grogol,Jabodetabek,32.0,40.0,381.0,304.0,0.1999999999999999,0.0,1.0,True
2026-08-13 01:00:00+00:00,tt_kebonjeruk,Tol Kebon Jeruk,Jabodetabek,27.0,36.0,1501.0,1126.0,0.25,0.0,1.0,True
2026-08-13 01:00:00+00:00,tt_kelapagading,Kelapa Gading,Jabodetabek,29.0,29.0,1059.0,1059.0,0.0,0.0,1.0,True
2026-08-13 01:00:00+00:00,tt_kuningan,Jl. HR Rasuna Said,Jabodetabek,21.0,21.0,208.0,208.0,0.0,0.0,1.0,True
2026-08-13 01:00:00+00:00,tt_sudirman,Jl. Sudirman (HI),Jabodetabek,30.0,39.0,478.0,368.0,0.2307692307692307,0.0,1.0,True
2026-08-13 01:00:00+00:00,tt_tangerang,Tol Jakarta-Merak,Jabodetabek,48.0,48.0,193.0,193.0,0.0,0.0,1.0,True
2026-08-13 01:00:00+00:00,tt_tbsimatupang,TB Simatupang,Jabodetabek,13.0,71.0,1902.0,348.0,0.8169014084507042,0.0,1.0,True
2026-08-13 01:00:00+00:00,tt_thamrin,Jl. MH Thamrin,Jabodetabek,18.0,23.0,319.0,249.0,0.217391304347826,0.0,1.0,True
2026-08-13 02:00:00+00:00,tt_bekasi,,,,,,,,,,False
2026-08-13 02:00:00+00:00,tt_bogor,,,,,,,,,,False
2026-08-13 02:00:00+00:00,tt_bsd,,,,,,,,,,False
2026-08-13 02:00:00+00:00,tt_cawang,,,,,,,,,,False
2026-08-13 02:00:00+00:00,tt_depok,,,,,,,,,,False
2026-08-13 02:00:00+00:00,tt_gatsu,,,,,,,,,,False
2026-08-13 02:00:00+00:00,tt_grogol,,,,,,,,,,False
2026-08-13 02:00:00+00:00,tt_kebonjeruk,,,,,,,,,,False
2026-08-13 02:00:00+00:00,tt_kelapagading,,,,,,,,,,False
2026-08-13 02:00:00+00:00,tt_kuningan,,,,,,,,,,False
2026-08-13 02:00:00+00:00,tt_sudirman,,,,,,,,,,False
2026-08-13 02:00:00+00:00,tt_tangerang,,,,,,,,,,False
2026-08-13 02:00:00+00:00,tt_tbsimatupang,,,,,,,,,,False
2026-08-13 02:00:00+00:00,tt_thamrin,,,,,,,,,,False
2026-08-13 03:00:00+00:00,tt_bekasi,Tol Jakarta-Cikampek,Jabodetabek,18.0,18.0,1072.0,1072.0,0.0,0.0,1.0,True
2026-08-13 03:00:00+00:00,tt_bogor,Tol Jagorawi (Bogor),Jabodetabek,36.0,45.0,823.0,658.0,0.1999999999999999,0.0,1.0,True
2026-08-13 03:00:00+00:00,tt_bsd,BSD/Serpong,Jabodetabek,34.0,34.0,165.0,165.0,0.0,0.0,1.0,True
2026-08-13 03:00:00+00:00,tt_cawang,Cawang interchange,Jabodetabek,20.0,43.0,135.0,62.0,0.5348837209302326,0.0,1.0,True
2026-08-13 03:00:00+00:00,tt_depok,Jl. Margonda (Depok),Jabodetabek,28.0,31.0,1969.0,1778.0,0.0967741935483871,0.0,0.957892,True
2026-08-13 03:00:00+00:00,tt_gatsu,Jl. Gatot Subroto,Jabodetabek,45.0,45.0,52.0,52.0,0.0,0.0,1.0,True
2026-08-13 03:00:00+00:00,tt_grogol,Grogol,Jabodetabek,29.0,40.0,420.0,304.0,0.275,0.0,1.0,True
2026-08-13 03:00:00+00:00,tt_kebonjeruk,Tol Kebon Jeruk,Jabodetabek,25.0,35.0,1622.0,1158.0,0.2857142857142857,0.0,1.0,True
2026-08-13 03:00:00+00:00,tt_kelapagading,Kelapa Gading,Jabodetabek,29.0,29.0,1059.0,1059.0,0.0,0.0,1.0,True
2026-08-13 03:00:00+00:00,tt_kuningan,Jl. HR Rasuna Said,Jabodetabek,16.0,20.0,273.0,218.0,0.1999999999999999,0.0,1.0,True
2026-08-13 03:00:00+00:00,tt_sudirman,Jl. Sudirman (HI),Jabodetabek,38.0,38.0,377.0,377.0,0.0,0.0,1.0,True
2026-08-13 03:00:00+00:00,tt_tangerang,Tol Jakarta-Merak,Jabodetabek,39.0,48.0,237.0,193.0,0.1875,0.0,1.0,True
2026-08-13 03:00:00+00:00,tt_tbsimatupang,TB Simatupang,Jabodetabek,34.0,71.0,727.0,348.0,0.5211267605633803,0.0,1.0,True
2026-08-13 03:00:00+00:00,tt_thamrin,Jl. MH Thamrin,Jabodetabek,16.0,22.0,359.0,261.0,0.2727272727272727,0.0,1.0,True
2026-08-13 04:00:00+00:00,tt_bekasi,Tol Jakarta-Cikampek,Jabodetabek,14.0,17.0,1378.0,1135.0,0.1764705882352941,1.0,0.861363,True
2026-08-13 04:00:00+00:00,tt_bogor,Tol Jagorawi (Bogor),Jabodetabek,35.0,45.0,846.0,658.0,0.2222222222222222,0.0,1.0,True
2026-08-13 04:00:00+00:00,tt_bsd,BSD/Serpong,Jabodetabek,34.0,34.0,165.0,165.0,0.0,0.0,1.0,True
2026-08-13 04:00:00+00:00,tt_cawang,Cawang interchange,Jabodetabek,21.0,42.0,128.0,64.0,0.5,0.0,1.0,True
2026-08-13 04:00:00+00:00,tt_depok,Jl. Margonda (Depok),Jabodetabek,31.0,31.0,1778.0,1778.0,0.0,0.0,1.0,True
2026-08-13 04:00:00+00:00,tt_gatsu,Jl. Gatot Subroto,Jabodetabek,45.0,45.0,52.0,52.0,0.0,0.0,1.0,True
2026-08-13 04:00:00+00:00,tt_grogol,Grogol,Jabodetabek,29.0,40.0,420.0,304.0,0.275,0.0,1.0,True
2026-08-13 04:00:00+00:00,tt_kebonjeruk,Tol Kebon Jeruk,Jabodetabek,27.0,35.0,1501.0,1158.0,0.2285714285714285,0.0,1.0,True
2026-08-13 04:00:00+00:00,tt_kelapagading,Kelapa Gading,Jabodetabek,22.0,29.0,1396.0,1059.0,0.2413793103448276,0.0,1.0,True
2026-08-13 04:00:00+00:00,tt_kuningan,Jl. HR Rasuna Said,Jabodetabek,21.0,21.0,208.0,208.0,0.0,0.0,1.0,True
2026-08-13 04:00:00+00:00,tt_sudirman,Jl. Sudirman (HI),Jabodetabek,34.0,39.0,422.0,368.0,0.1282051282051282,0.0,1.0,True
2026-08-13 04:00:00+00:00,tt_tangerang,Tol Jakarta-Merak,Jabodetabek,35.0,48.0,264.0,193.0,0.2708333333333333,0.0,1.0,True
2026-08-13 04:00:00+00:00,tt_tbsimatupang,TB Simatupang,Jabodetabek,40.0,71.0,618.0,348.0,0.4366197183098591,0.0,1.0,True
2026-08-13 04:00:00+00:00,tt_thamrin,Jl. MH Thamrin,Jabodetabek,17.0,22.0,338.0,261.0,0.2272727272727273,0.0,1.0,True
2026-08-13 05:00:00+00:00,tt_bekasi,,,,,,,,,,False
2026-08-13 05:00:00+00:00,tt_bogor,,,,,,,,,,False
2026-08-13 05:00:00+00:00,tt_bsd,,,,,,,,,,False
2026-08-13 05:00:00+00:00,tt_cawang,,,,,,,,,,False
2026-08-13 05:00:00+00:00,tt_depok,,,,,,,,,,False
2026-08-13 05:00:00+00:00,tt_gatsu,,,,,,,,,,False
2026-08-13 05:00:00+00:00,tt_grogol,,,,,,,,,,False
2026-08-13 05:00:00+00:00,tt_kebonjeruk,,,,,,,,,,False
2026-08-13 05:00:00+00:00,tt_kelapagading,,,,,,,,,,False
2026-08-13 05:00:00+00:00,tt_kuningan,,,,,,,,,,False
2026-08-13 05:00:00+00:00,tt_sudirman,,,,,,,,,,False
2026-08-13 05:00:00+00:00,tt_tangerang,,,,,,,,,,False
2026-08-13 05:00:00+00:00,tt_tbsimatupang,,,,,,,,,,False
2026-08-13 05:00:00+00:00,tt_thamrin,,,,,,,,,,False
2026-08-13 06:00:00+00:00,tt_bekasi,Tol Jakarta-Cikampek,Jabodetabek,15.0,17.0,1286.0,1135.0,0.1176470588235294,1.0,0.937562,True
2026-08-13 06:00:00+00:00,tt_bogor,Tol Jagorawi (Bogor),Jabodetabek,35.0,45.0,846.0,658.0,0.2222222222222222,0.0,1.0,True
2026-08-13 06:00:00+00:00,tt_bsd,BSD/Serpong,Jabodetabek,34.0,34.0,165.0,165.0,0.0,0.0,1.0,True
2026-08-13 06:00:00+00:00,tt_cawang,Cawang interchange,Jabodetabek,18.0,41.0,150.0,65.0,0.5609756097560976,0.0,1.0,True
2026-08-13 06:00:00+00:00,tt_depok,Jl. Margonda (Depok),Jabodetabek,31.0,31.0,1778.0,1778.0,0.0,0.0,1.0,True
2026-08-13 06:00:00+00:00,tt_gatsu,Jl. Gatot Subroto,Jabodetabek,34.0,44.0,69.0,53.0,0.2272727272727273,0.0,1.0,True
2026-08-13 06:00:00+00:00,tt_grogol,Grogol,Jabodetabek,26.0,40.0,468.0,304.0,0.35,0.0,1.0,True
2026-08-13 06:00:00+00:00,tt_kebonjeruk,Tol Kebon Jeruk,Jabodetabek,24.0,36.0,1689.0,1126.0,0.3333333333333333,0.0,1.0,True
2026-08-13 06:00:00+00:00,tt_kelapagading,Kelapa Gading,Jabodetabek,21.0,29.0,1463.0,1059.0,0.2758620689655172,0.0,0.998831,True
2026-08-13 06:00:00+00:00,tt_kuningan,Jl. HR Rasuna Said,Jabodetabek,15.0,20.0,291.0,218.0,0.25,0.0,0.978198,True
2026-08-13 06:00:00+00:00,tt_sudirman,Jl. Sudirman (HI),Jabodetabek,21.0,38.0,683.0,377.0,0.4473684210526315,0.0,1.0,True
2026-08-13 06:00:00+00:00,tt_tangerang,Tol Jakarta-Merak,Jabodetabek,48.0,48.0,193.0,193.0,0.0,0.0,1.0,True
2026-08-13 06:00:00+00:00,tt_tbsimatupang,TB Simatupang,Jabodetabek,51.0,72.0,485.0,343.0,0.2916666666666666,0.0,1.0,True
2026-08-13 06:00:00+00:00,tt_thamrin,Jl. MH Thamrin,Jabodetabek,18.0,24.0,319.0,239.0,0.25,0.0,1.0,True
2026-08-13 07:00:00+00:00,tt_bekasi,,,,,,,,,,False
2026-08-13 07:00:00+00:00,tt_bogor,,,,,,,,,,False
2026-08-13 07:00:00+00:00,tt_bsd,,,,,,,,,,False
2026-08-13 07:00:00+00:00,tt_cawang,,,,,,,,,,False
2026-08-13 07:00:00+00:00,tt_depok,,,,,,,,,,False
2026-08-13 07:00:00+00:00,tt_gatsu,,,,,,,,,,False
2026-08-13 07:00:00+00:00,tt_grogol,,,,,,,,,,False
2026-08-13 07:00:00+00:00,tt_kebonjeruk,,,,,,,,,,False
2026-08-13 07:00:00+00:00,tt_kelapagading,,,,,,,,,,False
2026-08-13 07:00:00+00:00,tt_kuningan,,,,,,,,,,False
2026-08-13 07:00:00+00:00,tt_sudirman,,,,,,,,,,False
2026-08-13 07:00:00+00:00,tt_tangerang,,,,,,,,,,False
2026-08-13 07:00:00+00:00,tt_tbsimatupang,,,,,,,,,,False
2026-08-13 07:00:00+00:00,tt_thamrin,,,,,,,,,,False
2026-08-13 08:00:00+00:00,tt_bekasi,Tol Jakarta-Cikampek,Jabodetabek,15.0,17.0,1286.0,1135.0,0.1176470588235294,1.0,0.897851,True
2026-08-13 08:00:00+00:00,tt_bogor,Tol Jagorawi (Bogor),Jabodetabek,36.0,45.0,823.0,658.0,0.1999999999999999,0.0,1.0,True
2026-08-13 08:00:00+00:00,tt_bsd,BSD/Serpong,Jabodetabek,26.0,34.0,216.0,165.0,0.2352941176470588,0.0,1.0,True
2026-08-13 08:00:00+00:00,tt_cawang,Cawang interchange,Jabodetabek,43.0,43.0,62.0,62.0,0.0,0.0,1.0,True
2026-08-13 08:00:00+00:00,tt_depok,Jl. Margonda (Depok),Jabodetabek,31.0,31.0,1778.0,1778.0,0.0,0.0,1.0,True
2026-08-13 08:00:00+00:00,tt_gatsu,Jl. Gatot Subroto,Jabodetabek,9.0,42.0,261.0,56.0,0.7857142857142857,0.0,1.0,True
2026-08-13 08:00:00+00:00,tt_grogol,Grogol,Jabodetabek,23.0,40.0,530.0,304.0,0.425,0.0,0.99902,True
2026-08-13 08:00:00+00:00,tt_kebonjeruk,Tol Kebon Jeruk,Jabodetabek,22.0,36.0,1843.0,1126.0,0.3888888888888888,0.0,1.0,True
2026-08-13 08:00:00+00:00,tt_kelapagading,Kelapa Gading,Jabodetabek,22.0,29.0,1396.0,1059.0,0.2413793103448276,0.0,0.997327,True
2026-08-13 08:00:00+00:00,tt_kuningan,Jl. HR Rasuna Said,Jabodetabek,21.0,21.0,208.0,208.0,0.0,0.0,1.0,True
2026-08-13 08:00:00+00:00,tt_sudirman,Jl. Sudirman (HI),Jabodetabek,19.0,38.0,755.0,377.0,0.5,0.0,1.0,True
2026-08-13 08:00:00+00:00,tt_tangerang,Tol Jakarta-Merak,Jabodetabek,36.0,48.0,257.0,193.0,0.25,0.0,1.0,True
2026-08-13 08:00:00+00:00,tt_tbsimatupang,TB Simatupang,Jabodetabek,40.0,72.0,618.0,343.0,0.4444444444444444,0.0,1.0,True
2026-08-13 08:00:00+00:00,tt_thamrin,Jl. MH Thamrin,Jabodetabek,16.0,25.0,359.0,229.0,0.36,0.0,1.0,True
2026-08-13 09:00:00+00:00,tt_bekasi,Tol Jakarta-Cikampek,Jabodetabek,14.0,17.0,1378.0,1135.0,0.1764705882352941,1.0,0.948045,True
2026-08-13 09:00:00+00:00,tt_bogor,Tol Jagorawi (Bogor),Jabodetabek,34.0,45.0,871.0,658.0,0.2444444444444444,0.0,1.0,True
2026-08-13 09:00:00+00:00,tt_bsd,BSD/Serpong,Jabodetabek,29.0,34.0,193.0,165.0,0.1470588235294118,0.0,1.0,True
2026-08-13 09:00:00+00:00,tt_cawang,Cawang interchange,Jabodetabek,28.0,42.0,96.0,64.0,0.3333333333333333,0.0,1.0,True
2026-08-13 09:00:00+00:00,tt_depok,Jl. Margonda (Depok),Jabodetabek,23.0,31.0,2397.0,1778.0,0.2580645161290322,0.0,0.982432,True
2026-08-13 09:00:00+00:00,tt_gatsu,Jl. Gatot Subroto,Jabodetabek,19.0,45.0,124.0,52.0,0.5777777777777777,0.0,1.0,True
2026-08-13 09:00:00+00:00,tt_grogol,Grogol,Jabodetabek,29.0,40.0,420.0,304.0,0.275,0.0,1.0,True
2026-08-13 09:00:00+00:00,tt_kebonjeruk,Tol Kebon Jeruk,Jabodetabek,23.0,36.0,1763.0,1126.0,0.3611111111111111,0.0,1.0,True
2026-08-13 09:00:00+00:00,tt_kelapagading,Kelapa Gading,Jabodetabek,22.0,29.0,1396.0,1059.0,0.2413793103448276,0.0,0.994411,True
2026-08-13 09:00:00+00:00,tt_kuningan,Jl. HR Rasuna Said,Jabodetabek,21.0,21.0,208.0,208.0,0.0,0.0,1.0,True
2026-08-13 09:00:00+00:00,tt_sudirman,Jl. Sudirman (HI),Jabodetabek,19.0,39.0,755.0,368.0,0.5128205128205128,0.0,1.0,True
2026-08-13 09:00:00+00:00,tt_tangerang,Tol Jakarta-Merak,Jabodetabek,31.0,47.0,299.0,197.0,0.3404255319148936,0.0,1.0,True
2026-08-13 09:00:00+00:00,tt_tbsimatupang,TB Simatupang,Jabodetabek,26.0,73.0,951.0,338.0,0.6438356164383562,0.0,1.0,True
2026-08-13 09:00:00+00:00,tt_thamrin,Jl. MH Thamrin,Jabodetabek,14.0,23.0,410.0,249.0,0.3913043478260869,0.0,1.0,True
2026-08-13 10:00:00+00:00,tt_bekasi,,,,,,,,,,False
2026-08-13 10:00:00+00:00,tt_bogor,,,,,,,,,,False
2026-08-13 10:00:00+00:00,tt_bsd,,,,,,,,,,False
2026-08-13 10:00:00+00:00,tt_cawang,,,,,,,,,,False
2026-08-13 10:00:00+00:00,tt_depok,,,,,,,,,,False
2026-08-13 10:00:00+00:00,tt_gatsu,,,,,,,,,,False
2026-08-13 10:00:00+00:00,tt_grogol,,,,,,,,,,False
2026-08-13 10:00:00+00:00,tt_kebonjeruk,,,,,,,,,,False
2026-08-13 10:00:00+00:00,tt_kelapagading,,,,,,,,,,False
2026-08-13 10:00:00+00:00,tt_kuningan,,,,,,,,,,False
2026-08-13 10:00:00+00:00,tt_sudirman,,,,,,,,,,False
2026-08-13 10:00:00+00:00,tt_tangerang,,,,,,,,,,False
2026-08-13 10:00:00+00:00,tt_tbsimatupang,,,,,,,,,,False
2026-08-13 10:00:00+00:00,tt_thamrin,,,,,,,,,,False
2026-08-13 11:00:00+00:00,tt_bekasi,Tol Jakarta-Cikampek,Jabodetabek,13.0,17.0,1484.0,1135.0,0.2352941176470588,1.0,0.928828,True
2026-08-13 11:00:00+00:00,tt_bogor,Tol Jagorawi (Bogor),Jabodetabek,32.0,45.0,925.0,658.0,0.2888888888888888,0.0,1.0,True
2026-08-13 11:00:00+00:00,tt_bsd,BSD/Serpong,Jabodetabek,34.0,34.0,165.0,165.0,0.0,0.0,1.0,True
2026-08-13 11:00:00+00:00,tt_cawang,Cawang interchange,Jabodetabek,29.0,42.0,93.0,64.0,0.3095238095238095,0.0,1.0,True
2026-08-13 11:00:00+00:00,tt_depok,Jl. Margonda (Depok),Jabodetabek,25.0,31.0,2205.0,1778.0,0.1935483870967742,0.0,0.986287,True
2026-08-13 11:00:00+00:00,tt_gatsu,Jl. Gatot Subroto,Jabodetabek,6.0,42.0,392.0,56.0,0.8571428571428572,0.0,1.0,True
2026-08-13 11:00:00+00:00,tt_grogol,Grogol,Jabodetabek,31.0,39.0,393.0,312.0,0.2051282051282051,0.0,1.0,True
2026-08-13 11:00:00+00:00,tt_kebonjeruk,Tol Kebon Jeruk,Jabodetabek,24.0,36.0,1689.0,1126.0,0.3333333333333333,0.0,1.0,True
2026-08-13 11:00:00+00:00,tt_kelapagading,Kelapa Gading,Jabodetabek,21.0,29.0,1463.0,1059.0,0.2758620689655172,0.0,1.0,True
2026-08-13 11:00:00+00:00,tt_kuningan,Jl. HR Rasuna Said,Jabodetabek,13.0,20.0,336.0,218.0,0.35,0.0,1.0,True
2026-08-13 11:00:00+00:00,tt_sudirman,Jl. Sudirman (HI),Jabodetabek,18.0,39.0,797.0,368.0,0.5384615384615384,0.0,1.0,True
2026-08-13 11:00:00+00:00,tt_tangerang,Tol Jakarta-Merak,Jabodetabek,32.0,48.0,289.0,193.0,0.3333333333333333,0.0,1.0,True
2026-08-13 11:00:00+00:00,tt_tbsimatupang,TB Simatupang,Jabodetabek,27.0,71.0,916.0,348.0,0.619718309859155,0.0,1.0,True
2026-08-13 11:00:00+00:00,tt_thamrin,Jl. MH Thamrin,Jabodetabek,9.0,23.0,638.0,249.0,0.6086956521739131,0.0,1.0,True
