corridor,gap_start,gap_end,gap_length_hours
Tol Jakarta-Cikampek,2026-07-23 10:00:00+00:00,2026-07-23 10:00:00+00:00,1
Tol Jakarta-Cikampek,2026-07-23 15:00:00+00:00,2026-07-27 01:00:00+00:00,83
Tol Jakarta-Cikampek,2026-07-27 05:00:00+00:00,2026-07-27 05:00:00+00:00,1
Tol Jakarta-Cikampek,2026-07-27 17:00:00+00:00,2026-07-27 17:00:00+00:00,1
Tol Jakarta-Cikampek,2026-07-27 20:00:00+00:00,2026-07-27 20:00:00+00:00,1
Tol Jakarta-Cikampek,2026-07-27 23:00:00+00:00,2026-07-27 23:00:00+00:00,1
Tol Jakarta-Cikampek,2026-07-28 01:00:00+00:00,2026-07-28 01:00:00+00:00,1
Tol Jakarta-Cikampek,2026-07-28 04:00:00+00:00,2026-07-28 04:00:00+00:00,1
Tol Jakarta-Cikampek,2026-07-28 07:00:00+00:00,2026-07-28 07:00:00+00:00,1
Tol Jakarta-Cikampek,2026-07-28 10:00:00+00:00,2026-07-28 10:00:00+00:00,1
Tol Jakarta-Cikampek,2026-07-28 13:00:00+00:00,2026-07-28 13:00:00+00:00,1
Tol Jakarta-Cikampek,2026-07-28 15:00:00+00:00,2026-07-28 15:00:00+00:00,1
Tol Jakarta-Cikampek,2026-07-28 18:00:00+00:00,2026-07-28 18:00:00+00:00,1
Tol Jakarta-Cikampek,2026-07-28 21:00:00+00:00,2026-07-28 21:00:00+00:00,1
Tol Jakarta-Cikampek,2026-07-29 00:00:00+00:00,2026-07-29 00:00:00+00:00,1
Tol Jakarta-Cikampek,2026-07-29 02:00:00+00:00,2026-07-29 02:00:00+00:00,1
Tol Jakarta-Cikampek,2026-07-29 05:00:00+00:00,2026-07-29 05:00:00+00:00,1
Tol Jakarta-Cikampek,2026-07-29 08:00:00+00:00,2026-07-29 08:00:00+00:00,1
Tol Jakarta-Cikampek,2026-07-29 10:00:00+00:00,2026-07-29 10:00:00+00:00,1
Tol Jakarta-Cikampek,2026-07-29 13:00:00+00:00,2026-07-29 13:00:00+00:00,1
Tol Jakarta-Cikampek,2026-07-29 16:00:00+00:00,2026-07-29 16:00:00+00:00,1
Tol Jakarta-Cikampek,2026-07-29 19:00:00+00:00,2026-07-29 19:00:00+00:00,1
Tol Jakarta-Cikampek,2026-07-29 21:00:00+00:00,2026-07-29 21:00:00+00:00,1
Tol Jakarta-Cikampek,2026-07-30 00:00:00+00:00,2026-07-30 00:00:00+00:00,1
Tol Jakarta-Cikampek,2026-07-30 03:00:00+00:00,2026-07-30 03:00:00+00:00,1
Tol Jakarta-Cikampek,2026-07-30 06:00:00+00:00,2026-07-30 06:00:00+00:00,1
Tol Jakarta-Cikampek,2026-07-30 09:00:00+00:00,2026-07-30 09:00:00+00:00,1
Tol Jakarta-Cikampek,2026-07-30 12:00:00+00:00,2026-07-30 12:00:00+00:00,1
Tol Jakarta-Cikampek,2026-07-30 14:00:00+00:00,2026-07-30 14:00:00+00:00,1
Tol Jakarta-Cikampek,2026-07-30 17:00:00+00:00,2026-07-30 17:00:00+00:00,1
Tol Jakarta-Cikampek,2026-07-30 20:00:00+00:00,2026-07-30 20:00:00+00:00,1
Tol Jakarta-Cikampek,2026-07-30 22:00:00+00:00,2026-07-30 22:00:00+00:00,1
Tol Jakarta-Cikampek,2026-07-31 01:00:00+00:00,2026-07-31 01:00:00+00:00,1
Tol Jakarta-Cikampek,2026-07-31 04:00:00+00:00,2026-07-31 04:00:00+00:00,1
Tol Jakarta-Cikampek,2026-07-31 07:00:00+00:00,2026-07-31 07:00:00+00:00,1
Tol Jakarta-Cikampek,2026-07-31 09:00:00+00:00,2026-07-31 09:00:00+00:00,1
Tol Jakarta-Cikampek,2026-07-31 12:00:00+00:00,2026-07-31 12:00:00+00:00,1
Tol Jakarta-Cikampek,2026-07-31 15:00:00+00:00,2026-07-31 15:00:00+00:00,1
Tol Jakarta-Cikampek,2026-07-31 17:00:00+00:00,2026-07-31 17:00:00+00:00,1
Tol Jakarta-Cikampek,2026-07-31 20:00:00+00:00,2026-07-31 20:00:00+00:00,1
Tol Jakarta-Cikampek,2026-07-31 23:00:00+00:00,2026-07-31 23:00:00+00:00,1
Tol Jakarta-Cikampek,2026-08-01 02:00:00+00:00,2026-08-01 02:00:00+00:00,1
Tol Jakarta-Cikampek,2026-08-01 04:00:00+00:00,2026-08-01 04:00:00+00:00,1
Tol Jakarta-Cikampek,2026-08-01 07:00:00+00:00,2026-08-01 07:00:00+00:00,1
Tol Jakarta-Cikampek,2026-08-01 10:00:00+00:00,2026-08-01 10:00:00+00:00,1
Tol Jakarta-Cikampek,2026-08-01 13:00:00+00:00,2026-08-01 13:00:00+00:00,1
Tol Jakarta-Cikampek,2026-08-01 15:00:00+00:00,2026-08-01 15:00:00+00:00,1
Tol Jakarta-Cikampek,2026-08-01 18:00:00+00:00,2026-08-01 18:00:00+00:00,1
Tol Jakarta-Cikampek,2026-08-01 21:00:00+00:00,2026-08-01 21:00:00+00:00,1
Tol Jakarta-Cikampek,2026-08-01 23:00:00+00:00,2026-08-01 23:00:00+00:00,1
Tol Jakarta-Cikampek,2026-08-02 02:00:00+00:00,2026-08-02 02:00:00+00:00,1
Tol Jakarta-Cikampek,2026-08-02 05:00:00+00:00,2026-08-02 05:00:00+00:00,1
Tol Jakarta-Cikampek,2026-08-02 08:00:00+00:00,2026-08-02 08:00:00+00:00,1
Tol Jakarta-Cikampek,2026-08-02 10:00:00+00:00,2026-08-02 10:00:00+00:00,1
Tol Jakarta-Cikampek,2026-08-02 13:00:00+00:00,2026-08-02 13:00:00+00:00,1
Tol Jakarta-Cikampek,2026-08-02 16:00:00+00:00,2026-08-02 16:00:00+00:00,1
Tol Jakarta-Cikampek,2026-08-02 18:00:00+00:00,2026-08-02 18:00:00+00:00,1
Tol Jakarta-Cikampek,2026-08-02 21:00:00+00:00,2026-08-02 21:00:00+00:00,1
Tol Jakarta-Cikampek,2026-08-03 00:00:00+00:00,2026-08-03 00:00:00+00:00,1
Tol Jakarta-Cikampek,2026-08-03 03:00:00+00:00,2026-08-03 03:00:00+00:00,1
Tol Jakarta-Cikampek,2026-08-03 05:00:00+00:00,2026-08-03 05:00:00+00:00,1
Tol Jakarta-Cikampek,2026-08-03 08:00:00+00:00,2026-08-03 08:00:00+00:00,1
Tol Jakarta-Cikampek,2026-08-03 11:00:00+00:00,2026-08-03 11:00:00+00:00,1
Tol Jakarta-Cikampek,2026-08-03 13:00:00+00:00,2026-08-03 13:00:00+00:00,1
Tol Jakarta-Cikampek,2026-08-03 16:00:00+00:00,2026-08-03 16:00:00+00:00,1
Tol Jakarta-Cikampek,2026-08-03 19:00:00+00:00,2026-08-03 19:00:00+00:00,1
Tol Jakarta-Cikampek,2026-08-03 22:00:00+00:00,2026-08-03 22:00:00+00:00,1
Tol Jakarta-Cikampek,2026-08-04 00:00:00+00:00,2026-08-04 00:00:00+00:00,1
Tol Jakarta-Cikampek,2026-08-04 03:00:00+00:00,2026-08-04 03:00:00+00:00,1
Tol Jakarta-Cikampek,2026-08-04 06:00:00+00:00,2026-08-04 06:00:00+00:00,1
Tol Jakarta-Cikampek,2026-08-04 08:00:00+00:00,2026-08-04 08:00:00+00:00,1
Tol Jakarta-Cikampek,2026-08-04 11:00:00+00:00,2026-08-04 11:00:00+00:00,1
Tol Jakarta-Cikampek,2026-08-04 14:00:00+00:00,2026-08-04 14:00:00+00:00,1
Tol Jakarta-Cikampek,2026-08-04 16:00:00+00:00,2026-08-04 16:00:00+00:00,1
Tol Jakarta-Cikampek,2026-08-04 19:00:00+00:00,2026-08-04 19:00:00+00:00,1
Tol Jakarta-Cikampek,2026-08-04 22:00:00+00:00,2026-08-04 22:00:00+00:00,1
Tol Jakarta-Cikampek,2026-08-05 01:00:00+00:00,2026-08-05 01:00:00+00:00,1
Tol Jakarta-Cikampek,2026-08-05 03:00:00+00:00,2026-08-05 03:00:00+00:00,1
Tol Jakarta-Cikampek,2026-08-05 06:00:00+00:00,2026-08-05 06:00:00+00:00,1
Tol Jakarta-Cikampek,2026-08-05 09:00:00+00:00,2026-08-05 09:00:00+00:00,1
Tol Jakarta-Cikampek,2026-08-05 11:00:00+00:00,2026-08-05 11:00:00+00:00,1
Tol Jakarta-Cikampek,2026-08-05 14:00:00+00:00,2026-08-05 14:00:00+00:00,1
Tol Jakarta-Cikampek,2026-08-05 17:00:00+00:00,2026-08-05 17:00:00+00:00,1
Tol Jakarta-Cikampek,2026-08-05 20:00:00+00:00,2026-08-05 20:00:00+00:00,1
Tol Jakarta-Cikampek,2026-08-05 22:00:00+00:00,2026-08-05 22:00:00+00:00,1
Tol Jakarta-Cikampek,2026-08-06 01:00:00+00:00,2026-08-06 01:00:00+00:00,1
Tol Jakarta-Cikampek,2026-08-06 04:00:00+00:00,2026-08-06 04:00:00+00:00,1
Tol Jakarta-Cikampek,2026-08-06 06:00:00+00:00,2026-08-06 06:00:00+00:00,1
Tol Jakarta-Cikampek,2026-08-06 09:00:00+00:00,2026-08-06 09:00:00+00:00,1
Tol Jakarta-Cikampek,2026-08-06 12:00:00+00:00,2026-08-06 12:00:00+00:00,1
Tol Jakarta-Cikampek,2026-08-06 15:00:00+00:00,2026-08-06 15:00:00+00:00,1
Tol Jakarta-Cikampek,2026-08-06 17:00:00+00:00,2026-08-06 17:00:00+00:00,1
Tol Jakarta-Cikampek,2026-08-06 20:00:00+00:00,2026-08-06 20:00:00+00:00,1
Tol Jakarta-Cikampek,2026-08-06 23:00:00+00:00,2026-08-06 23:00:00+00:00,1
Tol Jakarta-Cikampek,2026-08-07 01:00:00+00:00,2026-08-07 01:00:00+00:00,1
Tol Jakarta-Cikampek,2026-08-07 04:00:00+00:00,2026-08-07 04:00:00+00:00,1
Tol Jakarta-Cikampek,2026-08-07 07:00:00+00:00,2026-08-07 07:00:00+00:00,1
Tol Jakarta-Cikampek,2026-08-07 10:00:00+00:00,2026-08-07 10:00:00+00:00,1
Tol Jakarta-Cikampek,2026-08-07 12:00:00+00:00,2026-08-07 12:00:00+00:00,1
Tol Jakarta-Cikampek,2026-08-07 15:00:00+00:00,2026-08-07 15:00:00+00:00,1
Tol Jakarta-Cikampek,2026-08-07 18:00:00+00:00,2026-08-07 18:00:00+00:00,1
Tol Jakarta-Cikampek,2026-08-07 21:00:00+00:00,2026-08-07 21:00:00+00:00,1
Tol Jakarta-Cikampek,2026-08-07 23:00:00+00:00,2026-08-07 23:00:00+00:00,1
Tol Jakarta-Cikampek,2026-08-08 02:00:00+00:00,2026-08-08 02:00:00+00:00,1
Tol Jakarta-Cikampek,2026-08-08 05:00:00+00:00,2026-08-08 05:00:00+00:00,1
Tol Jakarta-Cikampek,2026-08-08 07:00:00+00:00,2026-08-08 07:00:00+00:00,1
Tol Jakarta-Cikampek,2026-08-08 10:00:00+00:00,2026-08-08 10:00:00+00:00,1
Tol Jakarta-Cikampek,2026-08-08 13:00:00+00:00,2026-08-08 13:00:00+00:00,1
Tol Jakarta-Cikampek,2026-08-08 16:00:00+00:00,2026-08-08 16:00:00+00:00,1
Tol Jakarta-Cikampek,2026-08-08 18:00:00+00:00,2026-08-08 18:00:00+00:00,1
Tol Jakarta-Cikampek,2026-08-08 21:00:00+00:00,2026-08-08 21:00:00+00:00,1
Tol Jakarta-Cikampek,2026-08-09 00:00:00+00:00,2026-08-09 00:00:00+00:00,1
Tol Jakarta-Cikampek,2026-08-09 03:00:00+00:00,2026-08-09 03:00:00+00:00,1
Tol Jakarta-Cikampek,2026-08-09 05:00:00+00:00,2026-08-09 05:00:00+00:00,1
Tol Jakarta-Cikampek,2026-08-09 08:00:00+00:00,2026-08-09 08:00:00+00:00,1
Tol Jakarta-Cikampek,2026-08-09 11:00:00+00:00,2026-08-09 11:00:00+00:00,1
Tol Jakarta-Cikampek,2026-08-09 13:00:00+00:00,2026-08-09 13:00:00+00:00,1
Tol Jakarta-Cikampek,2026-08-09 16:00:00+00:00,2026-08-09 16:00:00+00:00,1
Tol Jakarta-Cikampek,2026-08-09 19:00:00+00:00,2026-08-09 19:00:00+00:00,1
Tol Jakarta-Cikampek,2026-08-09 22:00:00+00:00,2026-08-09 22:00:00+00:00,1
Tol Jakarta-Cikampek,2026-08-10 00:00:00+00:00,2026-08-10 00:00:00+00:00,1
Tol Jakarta-Cikampek,2026-08-10 03:00:00+00:00,2026-08-10 03:00:00+00:00,1
Tol Jakarta-Cikampek,2026-08-10 06:00:00+00:00,2026-08-10 06:00:00+00:00,1
Tol Jakarta-Cikampek,2026-08-10 09:00:00+00:00,2026-08-10 09:00:00+00:00,1
Tol Jakarta-Cikampek,2026-08-10 11:00:00+00:00,2026-08-10 11:00:00+00:00,1
Tol Jakarta-Cikampek,2026-08-10 14:00:00+00:00,2026-08-10 14:00:00+00:00,1
Tol Jakarta-Cikampek,2026-08-10 17:00:00+00:00,2026-08-10 17:00:00+00:00,1
Tol Jakarta-Cikampek,2026-08-10 19:00:00+00:00,2026-08-10 19:00:00+00:00,1
Tol Jakarta-Cikampek,2026-08-10 22:00:00+00:00,2026-08-10 22:00:00+00:00,1
Tol Jakarta-Cikampek,2026-08-11 01:00:00+00:00,2026-08-11 01:00:00+00:00,1
Tol Jakarta-Cikampek,2026-08-11 04:00:00+00:00,2026-08-11 04:00:00+00:00,1
Tol Jakarta-Cikampek,2026-08-11 06:00:00+00:00,2026-08-11 06:00:00+00:00,1
Tol Jakarta-Cikampek,2026-08-11 09:00:00+00:00,2026-08-11 09:00:00+00:00,1
Tol Jakarta-Cikampek,2026-08-11 11:00:00+00:00,2026-08-11 11:00:00+00:00,1
Tol Jakarta-Cikampek,2026-08-11 14:00:00+00:00,2026-08-11 14:00:00+00:00,1
Tol Jakarta-Cikampek,2026-08-11 16:00:00+00:00,2026-08-11 16:00:00+00:00,1
Tol Jakarta-Cikampek,2026-08-11 19:00:00+00:00,2026-08-11 19:00:00+00:00,1
Tol Jakarta-Cikampek,2026-08-11 22:00:00+00:00,2026-08-11 22:00:00+00:00,1
Tol Jakarta-Cikampek,2026-08-12 00:00:00+00:00,2026-08-12 00:00:00+00:00,1
Tol Jakarta-Cikampek,2026-08-12 03:00:00+00:00,2026-08-12 03:00:00+00:00,1
Tol Jakarta-Cikampek,2026-08-12 05:00:00+00:00,2026-08-12 05:00:00+00:00,1
Tol Jakarta-Cikampek,2026-08-12 08:00:00+00:00,2026-08-12 08:00:00+00:00,1
Tol Jakarta-Cikampek,2026-08-12 10:00:00+00:00,2026-08-12 10:00:00+00:00,1
Tol Jakarta-Cikampek,2026-08-12 13:00:00+00:00,2026-08-12 13:00:00+00:00,1
Tol Jakarta-Cikampek,2026-08-12 16:00:00+00:00,2026-08-12 16:00:00+00:00,1
Tol Jakarta-Cikampek,2026-08-12 18:00:00+00:00,2026-08-12 18:00:00+00:00,1
Tol Jakarta-Cikampek,2026-08-12 21:00:00+00:00,2026-08-12 21:00:00+00:00,1
Tol Jakarta-Cikampek,2026-08-12 23:00:00+00:00,2026-08-12 23:00:00+00:00,1
Tol Jakarta-Cikampek,2026-08-13 02:00:00+00:00,2026-08-13 02:00:00+00:00,1
Tol Jakarta-Cikampek,2026-08-13 05:00:00+00:00,2026-08-13 05:00:00+00:00,1
Tol Jakarta-Cikampek,2026-08-13 07:00:00+00:00,2026-08-13 07:00:00+00:00,1
Tol Jakarta-Cikampek,2026-08-13 10:00:00+00:00,2026-08-13 10:00:00+00:00,1
Tol Jakarta-Cikampek,2026-08-13 12:00:00+00:00,2026-08-13 12:00:00+00:00,1
Tol Jakarta-Cikampek,2026-08-13 15:00:00+00:00,2026-08-13 15:00:00+00:00,1
Tol Jakarta-Cikampek,2026-08-13 18:00:00+00:00,2026-08-13 18:00:00+00:00,1
Tol Jakarta-Cikampek,2026-08-13 20:00:00+00:00,2026-08-13 20:00:00+00:00,1
Tol Jakarta-Cikampek,2026-08-13 23:00:00+00:00,2026-08-13 23:00:00+00:00,1
Tol Jakarta-Cikampek,2026-08-14 01:00:00+00:00,2026-08-14 01:00:00+00:00,1
Tol Jakarta-Cikampek,2026-08-14 04:00:00+00:00,2026-08-14 04:00:00+00:00,1
Tol Jakarta-Cikampek,2026-08-14 07:00:00+00:00,2026-08-14 07:00:00+00:00,1
Tol Jakarta-Cikampek,2026-08-14 09:00:00+00:00,2026-08-14 09:00:00+00:00,1
Tol Jakarta-Cikampek,2026-08-14 12:00:00+00:00,2026-08-14 12:00:00+00:00,1
Tol Jakarta-Cikampek,2026-08-14 15:00:00+00:00,2026-08-14 15:00:00+00:00,1
Tol Jakarta-Cikampek,2026-08-14 17:00:00+00:00,2026-08-14 17:00:00+00:00,1
Tol Jakarta-Cikampek,2026-08-14 20:00:00+00:00,2026-08-14 20:00:00+00:00,1
Tol Jakarta-Cikampek,2026-08-14 22:00:00+00:00,2026-08-14 22:00:00+00:00,1
Tol Jakarta-Cikampek,2026-08-15 01:00:00+00:00,2026-08-15 01:00:00+00:00,1
Tol Jakarta-Cikampek,2026-08-15 04:00:00+00:00,2026-08-15 04:00:00+00:00,1
Tol Jakarta-Cikampek,2026-08-15 06:00:00+00:00,2026-08-15 06:00:00+00:00,1
Tol Jakarta-Cikampek,2026-08-15 09:00:00+00:00,2026-08-15 09:00:00+00:00,1
Tol Jakarta-Cikampek,2026-08-15 11:00:00+00:00,2026-08-15 11:00:00+00:00,1
Tol Jakarta-Cikampek,2026-08-15 14:00:00+00:00,2026-08-15 14:00:00+00:00,1
Tol Jakarta-Cikampek,2026-08-15 17:00:00+00:00,2026-08-15 17:00:00+00:00,1
Tol Jakarta-Cikampek,2026-08-15 19:00:00+00:00,2026-08-15 19:00:00+00:00,1
Tol Jakarta-Cikampek,2026-08-15 22:00:00+00:00,2026-08-15 22:00:00+00:00,1
Tol Jakarta-Cikampek,2026-08-16 00:00:00+00:00,2026-08-16 00:00:00+00:00,1
Tol Jakarta-Cikampek,2026-08-16 03:00:00+00:00,2026-08-16 03:00:00+00:00,1
Tol Jakarta-Cikampek,2026-08-16 05:00:00+00:00,2026-08-16 05:00:00+00:00,1
Tol Jakarta-Cikampek,2026-08-16 08:00:00+00:00,2026-08-16 08:00:00+00:00,1
Tol Jakarta-Cikampek,2026-08-16 11:00:00+00:00,2026-08-16 11:00:00+00:00,1
Tol Jakarta-Cikampek,2026-08-16 13:00:00+00:00,2026-08-16 13:00:00+00:00,1
Tol Jakarta-Cikampek,2026-08-16 16:00:00+00:00,2026-08-16 16:00:00+00:00,1
Tol Jakarta-Cikampek,2026-08-16 18:00:00+00:00,2026-08-16 18:00:00+00:00,1
Tol Jakarta-Cikampek,2026-08-16 21:00:00+00:00,2026-08-16 21:00:00+00:00,1
Tol Jakarta-Cikampek,2026-08-17 00:00:00+00:00,2026-08-17 00:00:00+00:00,1
Tol Jakarta-Cikampek,2026-08-17 02:00:00+00:00,2026-08-17 02:00:00+00:00,1
Tol Jakarta-Cikampek,2026-08-17 05:00:00+00:00,2026-08-17 05:00:00+00:00,1
Tol Jakarta-Cikampek,2026-08-17 07:00:00+00:00,2026-08-17 07:00:00+00:00,1
Tol Jakarta-Cikampek,2026-08-17 10:00:00+00:00,2026-08-17 10:00:00+00:00,1
Tol Jakarta-Cikampek,2026-08-17 12:00:00+00:00,2026-08-17 12:00:00+00:00,1
Tol Jakarta-Cikampek,2026-08-17 15:00:00+00:00,2026-08-17 15:00:00+00:00,1
Tol Jakarta-Cikampek,2026-08-17 18:00:00+00:00,2026-08-17 18:00:00+00:00,1
Tol Jakarta-Cikampek,2026-08-17 20:00:00+00:00,2026-08-17 20:00:00+00:00,1
Tol Jakarta-Cikampek,2026-08-17 23:00:00+00:00,2026-08-17 23:00:00+00:00,1
Tol Jakarta-Cikampek,2026-08-18 01:00:00+00:00,2026-08-18 01:00:00+00:00,1
Tol Jakarta-Cikampek,2026-08-18 03:00:00+00:00,2026-08-18 03:00:00+00:00,1
Tol Jakarta-Cikampek,2026-08-18 06:00:00+00:00,2026-08-18 06:00:00+00:00,1
Tol Jakarta-Cikampek,2026-08-18 08:00:00+00:00,2026-08-18 08:00:00+00:00,1
Tol Jakarta-Cikampek,2026-08-18 11:00:00+00:00,2026-08-18 11:00:00+00:00,1
Tol Jakarta-Cikampek,2026-08-18 13:00:00+00:00,2026-08-18 13:00:00+00:00,1
Tol Jakarta-Cikampek,2026-08-18 16:00:00+00:00,2026-08-18 16:00:00+00:00,1
Tol Jakarta-Cikampek,2026-08-18 18:00:00+00:00,2026-08-18 18:00:00+00:00,1
Tol Jakarta-Cikampek,2026-08-18 21:00:00+00:00,2026-08-18 21:00:00+00:00,1
Tol Jakarta-Cikampek,2026-08-18 23:00:00+00:00,2026-08-18 23:00:00+00:00,1
Tol Jakarta-Cikampek,2026-08-19 02:00:00+00:00,2026-08-19 02:00:00+00:00,1
Tol Jakarta-Cikampek,2026-08-19 04:00:00+00:00,2026-08-19 04:00:00+00:00,1
Tol Jakarta-Cikampek,2026-08-19 07:00:00+00:00,2026-08-19 07:00:00+00:00,1
Tol Jakarta-Cikampek,2026-08-19 09:00:00+00:00,2026-08-19 09:00:00+00:00,1
Tol Jakarta-Cikampek,2026-08-19 12:00:00+00:00,2026-08-19 12:00:00+00:00,1
Tol Jakarta-Cikampek,2026-08-19 14:00:00+00:00,2026-08-19 14:00:00+00:00,1
Tol Jakarta-Cikampek,2026-08-19 17:00:00+00:00,2026-08-19 17:00:00+00:00,1
Tol Jakarta-Cikampek,2026-08-19 19:00:00+00:00,2026-08-19 19:00:00+00:00,1
Tol Jakarta-Cikampek,2026-08-19 22:00:00+00:00,2026-08-19 22:00:00+00:00,1
Tol Jakarta-Cikampek,2026-08-20 00:00:00+00:00,2026-08-20 00:00:00+00:00,1
Tol Jakarta-Cikampek,2026-08-20 03:00:00+00:00,2026-08-20 03:00:00+00:00,1
Tol Jakarta-Cikampek,2026-08-20 05:00:00+00:00,2026-08-20 05:00:00+00:00,1
Tol Jakarta-Cikampek,2026-08-20 08:00:00+00:00,2026-08-20 08:00:00+00:00,1
Tol Jakarta-Cikampek,2026-08-20 10:00:00+00:00,2026-08-20 10:00:00+00:00,1
Tol Jakarta-Cikampek,2026-08-20 13:00:00+00:00,2026-08-20 13:00:00+00:00,1
Tol Jakarta-Cikampek,2026-08-20 15:00:00+00:00,2026-08-20 15:00:00+00:00,1
Tol Jakarta-Cikampek,2026-08-20 18:00:00+00:00,2026-08-20 18:00:00+00:00,1
Tol Jakarta-Cikampek,2026-08-20 20:00:00+00:00,2026-08-20 20:00:00+00:00,1
Tol Jakarta-Cikampek,2026-08-20 23:00:00+00:00,2026-08-20 23:00:00+00:00,1
Tol Jakarta-Cikampek,2026-08-21 01:00:00+00:00,2026-08-21 01:00:00+00:00,1
Tol Jakarta-Cikampek,2026-08-21 04:00:00+00:00,2026-08-21 04:00:00+00:00,1
Tol Jakarta-Cikampek,2026-08-21 06:00:00+00:00,2026-08-21 06:00:00+00:00,1
Tol Jakarta-Cikampek,2026-08-21 09:00:00+00:00,2026-08-21 09:00:00+00:00,1
Tol Jakarta-Cikampek,2026-08-21 11:00:00+00:00,2026-08-21 11:00:00+00:00,1
Tol Jagorawi (Bogor),2026-07-23 10:00:00+00:00,2026-07-23 10:00:00+00:00,1
Tol Jagorawi (Bogor),2026-07-23 15:00:00+00:00,2026-07-27 01:00:00+00:00,83
Tol Jagorawi (Bogor),2026-07-27 05:00:00+00:00,2026-07-27 05:00:00+00:00,1
Tol Jagorawi (Bogor),2026-07-27 17:00:00+00:00,2026-07-27 17:00:00+00:00,1
Tol Jagorawi (Bogor),2026-07-27 20:00:00+00:00,2026-07-27 20:00:00+00:00,1
Tol Jagorawi (Bogor),2026-07-27 23:00:00+00:00,2026-07-27 23:00:00+00:00,1
Tol Jagorawi (Bogor),2026-07-28 01:00:00+00:00,2026-07-28 01:00:00+00:00,1
Tol Jagorawi (Bogor),2026-07-28 04:00:00+00:00,2026-07-28 04:00:00+00:00,1
Tol Jagorawi (Bogor),2026-07-28 07:00:00+00:00,2026-07-28 07:00:00+00:00,1
Tol Jagorawi (Bogor),2026-07-28 10:00:00+00:00,2026-07-28 10:00:00+00:00,1
Tol Jagorawi (Bogor),2026-07-28 13:00:00+00:00,2026-07-28 13:00:00+00:00,1
Tol Jagorawi (Bogor),2026-07-28 15:00:00+00:00,2026-07-28 15:00:00+00:00,1
Tol Jagorawi (Bogor),2026-07-28 18:00:00+00:00,2026-07-28 18:00:00+00:00,1
Tol Jagorawi (Bogor),2026-07-28 21:00:00+00:00,2026-07-28 21:00:00+00:00,1
Tol Jagorawi (Bogor),2026-07-29 00:00:00+00:00,2026-07-29 00:00:00+00:00,1
Tol Jagorawi (Bogor),2026-07-29 02:00:00+00:00,2026-07-29 02:00:00+00:00,1
Tol Jagorawi (Bogor),2026-07-29 05:00:00+00:00,2026-07-29 05:00:00+00:00,1
Tol Jagorawi (Bogor),2026-07-29 08:00:00+00:00,2026-07-29 08:00:00+00:00,1
Tol Jagorawi (Bogor),2026-07-29 10:00:00+00:00,2026-07-29 10:00:00+00:00,1
Tol Jagorawi (Bogor),2026-07-29 13:00:00+00:00,2026-07-29 13:00:00+00:00,1
Tol Jagorawi (Bogor),2026-07-29 16:00:00+00:00,2026-07-29 16:00:00+00:00,1
Tol Jagorawi (Bogor),2026-07-29 19:00:00+00:00,2026-07-29 19:00:00+00:00,1
Tol Jagorawi (Bogor),2026-07-29 21:00:00+00:00,2026-07-29 21:00:00+00:00,1
Tol Jagorawi (Bogor),2026-07-30 00:00:00+00:00,2026-07-30 00:00:00+00:00,1
Tol Jagorawi (Bogor),2026-07-30 03:00:00+00:00,2026-07-30 03:00:00+00:00,1
Tol Jagorawi (Bogor),2026-07-30 06:00:00+00:00,2026-07-30 06:00:00+00:00,1
Tol Jagorawi (Bogor),2026-07-30 09:00:00+00:00,2026-07-30 09:00:00+00:00,1
Tol Jagorawi (Bogor),2026-07-30 12:00:00+00:00,2026-07-30 12:00:00+00:00,1
Tol Jagorawi (Bogor),2026-07-30 14:00:00+00:00,2026-07-30 14:00:00+00:00,1
Tol Jagorawi (Bogor),2026-07-30 17:00:00+00:00,2026-07-30 17:00:00+00:00,1
Tol Jagorawi (Bogor),2026-07-30 20:00:00+00:00,2026-07-30 20:00:00+00:00,1
Tol Jagorawi (Bogor),2026-07-30 22:00:00+00:00,2026-07-30 22:00:00+00:00,1
Tol Jagorawi (Bogor),2026-07-31 01:00:00+00:00,2026-07-31 01:00:00+00:00,1
Tol Jagorawi (Bogor),2026-07-31 04:00:00+00:00,2026-07-31 04:00:00+00:00,1
Tol Jagorawi (Bogor),2026-07-31 07:00:00+00:00,2026-07-31 07:00:00+00:00,1
Tol Jagorawi (Bogor),2026-07-31 09:00:00+00:00,2026-07-31 09:00:00+00:00,1
Tol Jagorawi (Bogor),2026-07-31 12:00:00+00:00,2026-07-31 12:00:00+00:00,1
Tol Jagorawi (Bogor),2026-07-31 15:00:00+00:00,2026-07-31 15:00:00+00:00,1
Tol Jagorawi (Bogor),2026-07-31 17:00:00+00:00,2026-07-31 17:00:00+00:00,1
Tol Jagorawi (Bogor),2026-07-31 20:00:00+00:00,2026-07-31 20:00:00+00:00,1
Tol Jagorawi (Bogor),2026-07-31 23:00:00+00:00,2026-07-31 23:00:00+00:00,1
Tol Jagorawi (Bogor),2026-08-01 02:00:00+00:00,2026-08-01 02:00:00+00:00,1
Tol Jagorawi (Bogor),2026-08-01 04:00:00+00:00,2026-08-01 04:00:00+00:00,1
Tol Jagorawi (Bogor),2026-08-01 07:00:00+00:00,2026-08-01 07:00:00+00:00,1
Tol Jagorawi (Bogor),2026-08-01 10:00:00+00:00,2026-08-01 10:00:00+00:00,1
Tol Jagorawi (Bogor),2026-08-01 13:00:00+00:00,2026-08-01 13:00:00+00:00,1
Tol Jagorawi (Bogor),2026-08-01 15:00:00+00:00,2026-08-01 15:00:00+00:00,1
Tol Jagorawi (Bogor),2026-08-01 18:00:00+00:00,2026-08-01 18:00:00+00:00,1
Tol Jagorawi (Bogor),2026-08-01 21:00:00+00:00,2026-08-01 21:00:00+00:00,1
Tol Jagorawi (Bogor),2026-08-01 23:00:00+00:00,2026-08-01 23:00:00+00:00,1
Tol Jagorawi (Bogor),2026-08-02 02:00:00+00:00,2026-08-02 02:00:00+00:00,1
Tol Jagorawi (Bogor),2026-08-02 05:00:00+00:00,2026-08-02 05:00:00+00:00,1
Tol Jagorawi (Bogor),2026-08-02 08:00:00+00:00,2026-08-02 08:00:00+00:00,1
Tol Jagorawi (Bogor),2026-08-02 10:00:00+00:00,2026-08-02 10:00:00+00:00,1
Tol Jagorawi (Bogor),2026-08-02 13:00:00+00:00,2026-08-02 13:00:00+00:00,1
Tol Jagorawi (Bogor),2026-08-02 16:00:00+00:00,2026-08-02 16:00:00+00:00,1
Tol Jagorawi (Bogor),2026-08-02 18:00:00+00:00,2026-08-02 18:00:00+00:00,1
Tol Jagorawi (Bogor),2026-08-02 21:00:00+00:00,2026-08-02 21:00:00+00:00,1
Tol Jagorawi (Bogor),2026-08-03 00:00:00+00:00,2026-08-03 00:00:00+00:00,1
Tol Jagorawi (Bogor),2026-08-03 03:00:00+00:00,2026-08-03 03:00:00+00:00,1
Tol Jagorawi (Bogor),2026-08-03 05:00:00+00:00,2026-08-03 05:00:00+00:00,1
Tol Jagorawi (Bogor),2026-08-03 08:00:00+00:00,2026-08-03 08:00:00+00:00,1
Tol Jagorawi (Bogor),2026-08-03 11:00:00+00:00,2026-08-03 11:00:00+00:00,1
Tol Jagorawi (Bogor),2026-08-03 13:00:00+00:00,2026-08-03 13:00:00+00:00,1
Tol Jagorawi (Bogor),2026-08-03 16:00:00+00:00,2026-08-03 16:00:00+00:00,1
Tol Jagorawi (Bogor),2026-08-03 19:00:00+00:00,2026-08-03 19:00:00+00:00,1
Tol Jagorawi (Bogor),2026-08-03 22:00:00+00:00,2026-08-03 22:00:00+00:00,1
Tol Jagorawi (Bogor),2026-08-04 00:00:00+00:00,2026-08-04 00:00:00+00:00,1
Tol Jagorawi (Bogor),2026-08-04 03:00:00+00:00,2026-08-04 03:00:00+00:00,1
Tol Jagorawi (Bogor),2026-08-04 06:00:00+00:00,2026-08-04 06:00:00+00:00,1
Tol Jagorawi (Bogor),2026-08-04 08:00:00+00:00,2026-08-04 08:00:00+00:00,1
Tol Jagorawi (Bogor),2026-08-04 11:00:00+00:00,2026-08-04 11:00:00+00:00,1
Tol Jagorawi (Bogor),2026-08-04 14:00:00+00:00,2026-08-04 14:00:00+00:00,1
Tol Jagorawi (Bogor),2026-08-04 16:00:00+00:00,2026-08-04 16:00:00+00:00,1
Tol Jagorawi (Bogor),2026-08-04 19:00:00+00:00,2026-08-04 19:00:00+00:00,1
Tol Jagorawi (Bogor),2026-08-04 22:00:00+00:00,2026-08-04 22:00:00+00:00,1
Tol Jagorawi (Bogor),2026-08-05 01:00:00+00:00,2026-08-05 01:00:00+00:00,1
Tol Jagorawi (Bogor),2026-08-05 03:00:00+00:00,2026-08-05 03:00:00+00:00,1
Tol Jagorawi (Bogor),2026-08-05 06:00:00+00:00,2026-08-05 06:00:00+00:00,1
Tol Jagorawi (Bogor),2026-08-05 09:00:00+00:00,2026-08-05 09:00:00+00:00,1
Tol Jagorawi (Bogor),2026-08-05 11:00:00+00:00,2026-08-05 11:00:00+00:00,1
Tol Jagorawi (Bogor),2026-08-05 14:00:00+00:00,2026-08-05 14:00:00+00:00,1
Tol Jagorawi (Bogor),2026-08-05 17:00:00+00:00,2026-08-05 17:00:00+00:00,1
Tol Jagorawi (Bogor),2026-08-05 20:00:00+00:00,2026-08-05 20:00:00+00:00,1
Tol Jagorawi (Bogor),2026-08-05 22:00:00+00:00,2026-08-05 22:00:00+00:00,1
Tol Jagorawi (Bogor),2026-08-06 01:00:00+00:00,2026-08-06 01:00:00+00:00,1
Tol Jagorawi (Bogor),2026-08-06 04:00:00+00:00,2026-08-06 04:00:00+00:00,1
Tol Jagorawi (Bogor),2026-08-06 06:00:00+00:00,2026-08-06 06:00:00+00:00,1
Tol Jagorawi (Bogor),2026-08-06 09:00:00+00:00,2026-08-06 09:00:00+00:00,1
Tol Jagorawi (Bogor),2026-08-06 12:00:00+00:00,2026-08-06 12:00:00+00:00,1
Tol Jagorawi (Bogor),2026-08-06 15:00:00+00:00,2026-08-06 15:00:00+00:00,1
Tol Jagorawi (Bogor),2026-08-06 17:00:00+00:00,2026-08-06 17:00:00+00:00,1
Tol Jagorawi (Bogor),2026-08-06 20:00:00+00:00,2026-08-06 20:00:00+00:00,1
Tol Jagorawi (Bogor),2026-08-06 23:00:00+00:00,2026-08-06 23:00:00+00:00,1
Tol Jagorawi (Bogor),2026-08-07 01:00:00+00:00,2026-08-07 01:00:00+00:00,1
Tol Jagorawi (Bogor),2026-08-07 04:00:00+00:00,2026-08-07 04:00:00+00:00,1
Tol Jagorawi (Bogor),2026-08-07 07:00:00+00:00,2026-08-07 07:00:00+00:00,1
Tol Jagorawi (Bogor),2026-08-07 10:00:00+00:00,2026-08-07 10:00:00+00:00,1
Tol Jagorawi (Bogor),2026-08-07 12:00:00+00:00,2026-08-07 12:00:00+00:00,1
Tol Jagorawi (Bogor),2026-08-07 15:00:00+00:00,2026-08-07 15:00:00+00:00,1
Tol Jagorawi (Bogor),2026-08-07 18:00:00+00:00,2026-08-07 18:00:00+00:00,1
Tol Jagorawi (Bogor),2026-08-07 21:00:00+00:00,2026-08-07 21:00:00+00:00,1
Tol Jagorawi (Bogor),2026-08-07 23:00:00+00:00,2026-08-07 23:00:00+00:00,1
Tol Jagorawi (Bogor),2026-08-08 02:00:00+00:00,2026-08-08 02:00:00+00:00,1
Tol Jagorawi (Bogor),2026-08-08 05:00:00+00:00,2026-08-08 05:00:00+00:00,1
Tol Jagorawi (Bogor),2026-08-08 07:00:00+00:00,2026-08-08 07:00:00+00:00,1
Tol Jagorawi (Bogor),2026-08-08 10:00:00+00:00,2026-08-08 10:00:00+00:00,1
Tol Jagorawi (Bogor),2026-08-08 13:00:00+00:00,2026-08-08 13:00:00+00:00,1
Tol Jagorawi (Bogor),2026-08-08 16:00:00+00:00,2026-08-08 16:00:00+00:00,1
Tol Jagorawi (Bogor),2026-08-08 18:00:00+00:00,2026-08-08 18:00:00+00:00,1
Tol Jagorawi (Bogor),2026-08-08 21:00:00+00:00,2026-08-08 21:00:00+00:00,1
Tol Jagorawi (Bogor),2026-08-09 00:00:00+00:00,2026-08-09 00:00:00+00:00,1
Tol Jagorawi (Bogor),2026-08-09 03:00:00+00:00,2026-08-09 03:00:00+00:00,1
Tol Jagorawi (Bogor),2026-08-09 05:00:00+00:00,2026-08-09 05:00:00+00:00,1
Tol Jagorawi (Bogor),2026-08-09 08:00:00+00:00,2026-08-09 08:00:00+00:00,1
Tol Jagorawi (Bogor),2026-08-09 11:00:00+00:00,2026-08-09 11:00:00+00:00,1
Tol Jagorawi (Bogor),2026-08-09 13:00:00+00:00,2026-08-09 13:00:00+00:00,1
Tol Jagorawi (Bogor),2026-08-09 16:00:00+00:00,2026-08-09 16:00:00+00:00,1
Tol Jagorawi (Bogor),2026-08-09 19:00:00+00:00,2026-08-09 19:00:00+00:00,1
Tol Jagorawi (Bogor),2026-08-09 22:00:00+00:00,2026-08-09 22:00:00+00:00,1
Tol Jagorawi (Bogor),2026-08-10 00:00:00+00:00,2026-08-10 00:00:00+00:00,1
Tol Jagorawi (Bogor),2026-08-10 03:00:00+00:00,2026-08-10 03:00:00+00:00,1
Tol Jagorawi (Bogor),2026-08-10 06:00:00+00:00,2026-08-10 06:00:00+00:00,1
Tol Jagorawi (Bogor),2026-08-10 09:00:00+00:00,2026-08-10 09:00:00+00:00,1
Tol Jagorawi (Bogor),2026-08-10 11:00:00+00:00,2026-08-10 11:00:00+00:00,1
Tol Jagorawi (Bogor),2026-08-10 14:00:00+00:00,2026-08-10 14:00:00+00:00,1
Tol Jagorawi (Bogor),2026-08-10 17:00:00+00:00,2026-08-10 17:00:00+00:00,1
Tol Jagorawi (Bogor),2026-08-10 19:00:00+00:00,2026-08-10 19:00:00+00:00,1
Tol Jagorawi (Bogor),2026-08-10 22:00:00+00:00,2026-08-10 22:00:00+00:00,1
Tol Jagorawi (Bogor),2026-08-11 01:00:00+00:00,2026-08-11 01:00:00+00:00,1
Tol Jagorawi (Bogor),2026-08-11 04:00:00+00:00,2026-08-11 04:00:00+00:00,1
Tol Jagorawi (Bogor),2026-08-11 06:00:00+00:00,2026-08-11 06:00:00+00:00,1
Tol Jagorawi (Bogor),2026-08-11 09:00:00+00:00,2026-08-11 09:00:00+00:00,1
Tol Jagorawi (Bogor),2026-08-11 11:00:00+00:00,2026-08-11 11:00:00+00:00,1
Tol Jagorawi (Bogor),2026-08-11 14:00:00+00:00,2026-08-11 14:00:00+00:00,1
Tol Jagorawi (Bogor),2026-08-11 16:00:00+00:00,2026-08-11 16:00:00+00:00,1
Tol Jagorawi (Bogor),2026-08-11 19:00:00+00:00,2026-08-11 19:00:00+00:00,1
Tol Jagorawi (Bogor),2026-08-11 22:00:00+00:00,2026-08-11 22:00:00+00:00,1
Tol Jagorawi (Bogor),2026-08-12 00:00:00+00:00,2026-08-12 00:00:00+00:00,1
Tol Jagorawi (Bogor),2026-08-12 03:00:00+00:00,2026-08-12 03:00:00+00:00,1
Tol Jagorawi (Bogor),2026-08-12 05:00:00+00:00,2026-08-12 05:00:00+00:00,1
Tol Jagorawi (Bogor),2026-08-12 08:00:00+00:00,2026-08-12 08:00:00+00:00,1
Tol Jagorawi (Bogor),2026-08-12 10:00:00+00:00,2026-08-12 10:00:00+00:00,1
Tol Jagorawi (Bogor),2026-08-12 13:00:00+00:00,2026-08-12 13:00:00+00:00,1
Tol Jagorawi (Bogor),2026-08-12 16:00:00+00:00,2026-08-12 16:00:00+00:00,1
Tol Jagorawi (Bogor),2026-08-12 18:00:00+00:00,2026-08-12 18:00:00+00:00,1
Tol Jagorawi (Bogor),2026-08-12 21:00:00+00:00,2026-08-12 21:00:00+00:00,1
Tol Jagorawi (Bogor),2026-08-12 23:00:00+00:00,2026-08-12 23:00:00+00:00,1
Tol Jagorawi (Bogor),2026-08-13 02:00:00+00:00,2026-08-13 02:00:00+00:00,1
Tol Jagorawi (Bogor),2026-08-13 05:00:00+00:00,2026-08-13 05:00:00+00:00,1
Tol Jagorawi (Bogor),2026-08-13 07:00:00+00:00,2026-08-13 07:00:00+00:00,1
Tol Jagorawi (Bogor),2026-08-13 10:00:00+00:00,2026-08-13 10:00:00+00:00,1
Tol Jagorawi (Bogor),2026-08-13 12:00:00+00:00,2026-08-13 12:00:00+00:00,1
Tol Jagorawi (Bogor),2026-08-13 15:00:00+00:00,2026-08-13 15:00:00+00:00,1
Tol Jagorawi (Bogor),2026-08-13 18:00:00+00:00,2026-08-13 18:00:00+00:00,1
Tol Jagorawi (Bogor),2026-08-13 20:00:00+00:00,2026-08-13 20:00:00+00:00,1
Tol Jagorawi (Bogor),2026-08-13 23:00:00+00:00,2026-08-13 23:00:00+00:00,1
Tol Jagorawi (Bogor),2026-08-14 01:00:00+00:00,2026-08-14 01:00:00+00:00,1
Tol Jagorawi (Bogor),2026-08-14 04:00:00+00:00,2026-08-14 04:00:00+00:00,1
Tol Jagorawi (Bogor),2026-08-14 07:00:00+00:00,2026-08-14 07:00:00+00:00,1
Tol Jagorawi (Bogor),2026-08-14 09:00:00+00:00,2026-08-14 09:00:00+00:00,1
Tol Jagorawi (Bogor),2026-08-14 12:00:00+00:00,2026-08-14 12:00:00+00:00,1
Tol Jagorawi (Bogor),2026-08-14 15:00:00+00:00,2026-08-14 15:00:00+00:00,1
Tol Jagorawi (Bogor),2026-08-14 17:00:00+00:00,2026-08-14 17:00:00+00:00,1
Tol Jagorawi (Bogor),2026-08-14 20:00:00+00:00,2026-08-14 20:00:00+00:00,1
Tol Jagorawi (Bogor),2026-08-14 22:00:00+00:00,2026-08-14 22:00:00+00:00,1
Tol Jagorawi (Bogor),2026-08-15 01:00:00+00:00,2026-08-15 01:00:00+00:00,1
Tol Jagorawi (Bogor),2026-08-15 04:00:00+00:00,2026-08-15 04:00:00+00:00,1
Tol Jagorawi (Bogor),2026-08-15 06:00:00+00:00,2026-08-15 06:00:00+00:00,1
Tol Jagorawi (Bogor),2026-08-15 09:00:00+00:00,2026-08-15 09:00:00+00:00,1
Tol Jagorawi (Bogor),2026-08-15 11:00:00+00:00,2026-08-15 11:00:00+00:00,1
Tol Jagorawi (Bogor),2026-08-15 14:00:00+00:00,2026-08-15 14:00:00+00:00,1
Tol Jagorawi (Bogor),2026-08-15 17:00:00+00:00,2026-08-15 17:00:00+00:00,1
Tol Jagorawi (Bogor),2026-08-15 19:00:00+00:00,2026-08-15 19:00:00+00:00,1
Tol Jagorawi (Bogor),2026-08-15 22:00:00+00:00,2026-08-15 22:00:00+00:00,1
Tol Jagorawi (Bogor),2026-08-16 00:00:00+00:00,2026-08-16 00:00:00+00:00,1
Tol Jagorawi (Bogor),2026-08-16 03:00:00+00:00,2026-08-16 03:00:00+00:00,1
Tol Jagorawi (Bogor),2026-08-16 05:00:00+00:00,2026-08-16 05:00:00+00:00,1
Tol Jagorawi (Bogor),2026-08-16 08:00:00+00:00,2026-08-16 08:00:00+00:00,1
Tol Jagorawi (Bogor),2026-08-16 11:00:00+00:00,2026-08-16 11:00:00+00:00,1
Tol Jagorawi (Bogor),2026-08-16 13:00:00+00:00,2026-08-16 13:00:00+00:00,1
Tol Jagorawi (Bogor),2026-08-16 16:00:00+00:00,2026-08-16 16:00:00+00:00,1
Tol Jagorawi (Bogor),2026-08-16 18:00:00+00:00,2026-08-16 18:00:00+00:00,1
Tol Jagorawi (Bogor),2026-08-16 21:00:00+00:00,2026-08-16 21:00:00+00:00,1
Tol Jagorawi (Bogor),2026-08-17 00:00:00+00:00,2026-08-17 00:00:00+00:00,1
Tol Jagorawi (Bogor),2026-08-17 02:00:00+00:00,2026-08-17 02:00:00+00:00,1
Tol Jagorawi (Bogor),2026-08-17 05:00:00+00:00,2026-08-17 05:00:00+00:00,1
Tol Jagorawi (Bogor),2026-08-17 07:00:00+00:00,2026-08-17 07:00:00+00:00,1
Tol Jagorawi (Bogor),2026-08-17 10:00:00+00:00,2026-08-17 10:00:00+00:00,1
Tol Jagorawi (Bogor),2026-08-17 12:00:00+00:00,2026-08-17 12:00:00+00:00,1
Tol Jagorawi (Bogor),2026-08-17 15:00:00+00:00,2026-08-17 15:00:00+00:00,1
Tol Jagorawi (Bogor),2026-08-17 18:00:00+00:00,2026-08-17 18:00:00+00:00,1
Tol Jagorawi (Bogor),2026-08-17 20:00:00+00:00,2026-08-17 20:00:00+00:00,1
Tol Jagorawi (Bogor),2026-08-17 23:00:00+00:00,2026-08-17 23:00:00+00:00,1
Tol Jagorawi (Bogor),2026-08-18 01:00:00+00:00,2026-08-18 01:00:00+00:00,1
Tol Jagorawi (Bogor),2026-08-18 03:00:00+00:00,2026-08-18 03:00:00+00:00,1
Tol Jagorawi (Bogor),2026-08-18 06:00:00+00:00,2026-08-18 06:00:00+00:00,1
Tol Jagorawi (Bogor),2026-08-18 08:00:00+00:00,2026-08-18 08:00:00+00:00,1
Tol Jagorawi (Bogor),2026-08-18 11:00:00+00:00,2026-08-18 11:00:00+00:00,1
Tol Jagorawi (Bogor),2026-08-18 13:00:00+00:00,2026-08-18 13:00:00+00:00,1
Tol Jagorawi (Bogor),2026-08-18 16:00:00+00:00,2026-08-18 16:00:00+00:00,1
Tol Jagorawi (Bogor),2026-08-18 18:00:00+00:00,2026-08-18 18:00:00+00:00,1
Tol Jagorawi (Bogor),2026-08-18 21:00:00+00:00,2026-08-18 21:00:00+00:00,1
Tol Jagorawi (Bogor),2026-08-18 23:00:00+00:00,2026-08-18 23:00:00+00:00,1
Tol Jagorawi (Bogor),2026-08-19 02:00:00+00:00,2026-08-19 02:00:00+00:00,1
Tol Jagorawi (Bogor),2026-08-19 04:00:00+00:00,2026-08-19 04:00:00+00:00,1
Tol Jagorawi (Bogor),2026-08-19 07:00:00+00:00,2026-08-19 07:00:00+00:00,1
Tol Jagorawi (Bogor),2026-08-19 09:00:00+00:00,2026-08-19 09:00:00+00:00,1
Tol Jagorawi (Bogor),2026-08-19 12:00:00+00:00,2026-08-19 12:00:00+00:00,1
Tol Jagorawi (Bogor),2026-08-19 14:00:00+00:00,2026-08-19 14:00:00+00:00,1
Tol Jagorawi (Bogor),2026-08-19 17:00:00+00:00,2026-08-19 17:00:00+00:00,1
Tol Jagorawi (Bogor),2026-08-19 19:00:00+00:00,2026-08-19 19:00:00+00:00,1
Tol Jagorawi (Bogor),2026-08-19 22:00:00+00:00,2026-08-19 22:00:00+00:00,1
Tol Jagorawi (Bogor),2026-08-20 00:00:00+00:00,2026-08-20 00:00:00+00:00,1
Tol Jagorawi (Bogor),2026-08-20 03:00:00+00:00,2026-08-20 03:00:00+00:00,1
Tol Jagorawi (Bogor),2026-08-20 05:00:00+00:00,2026-08-20 05:00:00+00:00,1
Tol Jagorawi (Bogor),2026-08-20 08:00:00+00:00,2026-08-20 08:00:00+00:00,1
Tol Jagorawi (Bogor),2026-08-20 10:00:00+00:00,2026-08-20 10:00:00+00:00,1
Tol Jagorawi (Bogor),2026-08-20 13:00:00+00:00,2026-08-20 13:00:00+00:00,1
Tol Jagorawi (Bogor),2026-08-20 15:00:00+00:00,2026-08-20 15:00:00+00:00,1
Tol Jagorawi (Bogor),2026-08-20 18:00:00+00:00,2026-08-20 18:00:00+00:00,1
Tol Jagorawi (Bogor),2026-08-20 20:00:00+00:00,2026-08-20 20:00:00+00:00,1
Tol Jagorawi (Bogor),2026-08-20 23:00:00+00:00,2026-08-20 23:00:00+00:00,1
Tol Jagorawi (Bogor),2026-08-21 01:00:00+00:00,2026-08-21 01:00:00+00:00,1
Tol Jagorawi (Bogor),2026-08-21 04:00:00+00:00,2026-08-21 04:00:00+00:00,1
Tol Jagorawi (Bogor),2026-08-21 06:00:00+00:00,2026-08-21 06:00:00+00:00,1
Tol Jagorawi (Bogor),2026-08-21 09:00:00+00:00,2026-08-21 09:00:00+00:00,1
Tol Jagorawi (Bogor),2026-08-21 11:00:00+00:00,2026-08-21 11:00:00+00:00,1
BSD/Serpong,2026-07-23 10:00:00+00:00,2026-07-23 10:00:00+00:00,1
BSD/Serpong,2026-07-23 15:00:00+00:00,2026-07-27 01:00:00+00:00,83
BSD/Serpong,2026-07-27 05:00:00+00:00,2026-07-27 05:00:00+00:00,1
BSD/Serpong,2026-07-27 17:00:00+00:00,2026-07-27 17:00:00+00:00,1
BSD/Serpong,2026-07-27 20:00:00+00:00,2026-07-27 20:00:00+00:00,1
BSD/Serpong,2026-07-27 23:00:00+00:00,2026-07-27 23:00:00+00:00,1
BSD/Serpong,2026-07-28 01:00:00+00:00,2026-07-28 01:00:00+00:00,1
BSD/Serpong,2026-07-28 04:00:00+00:00,2026-07-28 04:00:00+00:00,1
BSD/Serpong,2026-07-28 07:00:00+00:00,2026-07-28 07:00:00+00:00,1
BSD/Serpong,2026-07-28 10:00:00+00:00,2026-07-28 10:00:00+00:00,1
BSD/Serpong,2026-07-28 13:00:00+00:00,2026-07-28 13:00:00+00:00,1
BSD/Serpong,2026-07-28 15:00:00+00:00,2026-07-28 15:00:00+00:00,1
BSD/Serpong,2026-07-28 18:00:00+00:00,2026-07-28 18:00:00+00:00,1
BSD/Serpong,2026-07-28 21:00:00+00:00,2026-07-28 21:00:00+00:00,1
BSD/Serpong,2026-07-29 00:00:00+00:00,2026-07-29 00:00:00+00:00,1
BSD/Serpong,2026-07-29 02:00:00+00:00,2026-07-29 02:00:00+00:00,1
BSD/Serpong,2026-07-29 05:00:00+00:00,2026-07-29 05:00:00+00:00,1
BSD/Serpong,2026-07-29 08:00:00+00:00,2026-07-29 08:00:00+00:00,1
BSD/Serpong,2026-07-29 10:00:00+00:00,2026-07-29 10:00:00+00:00,1
BSD/Serpong,2026-07-29 13:00:00+00:00,2026-07-29 13:00:00+00:00,1
BSD/Serpong,2026-07-29 16:00:00+00:00,2026-07-29 16:00:00+00:00,1
BSD/Serpong,2026-07-29 19:00:00+00:00,2026-07-29 19:00:00+00:00,1
BSD/Serpong,2026-07-29 21:00:00+00:00,2026-07-29 21:00:00+00:00,1
BSD/Serpong,2026-07-30 00:00:00+00:00,2026-07-30 00:00:00+00:00,1
BSD/Serpong,2026-07-30 03:00:00+00:00,2026-07-30 03:00:00+00:00,1
BSD/Serpong,2026-07-30 06:00:00+00:00,2026-07-30 06:00:00+00:00,1
BSD/Serpong,2026-07-30 09:00:00+00:00,2026-07-30 09:00:00+00:00,1
BSD/Serpong,2026-07-30 12:00:00+00:00,2026-07-30 12:00:00+00:00,1
BSD/Serpong,2026-07-30 14:00:00+00:00,2026-07-30 14:00:00+00:00,1
BSD/Serpong,2026-07-30 17:00:00+00:00,2026-07-30 17:00:00+00:00,1
BSD/Serpong,2026-07-30 20:00:00+00:00,2026-07-30 20:00:00+00:00,1
BSD/Serpong,2026-07-30 22:00:00+00:00,2026-07-30 22:00:00+00:00,1
BSD/Serpong,2026-07-31 01:00:00+00:00,2026-07-31 01:00:00+00:00,1
BSD/Serpong,2026-07-31 04:00:00+00:00,2026-07-31 04:00:00+00:00,1
BSD/Serpong,2026-07-31 07:00:00+00:00,2026-07-31 07:00:00+00:00,1
BSD/Serpong,2026-07-31 09:00:00+00:00,2026-07-31 09:00:00+00:00,1
BSD/Serpong,2026-07-31 12:00:00+00:00,2026-07-31 12:00:00+00:00,1
BSD/Serpong,2026-07-31 15:00:00+00:00,2026-07-31 15:00:00+00:00,1
BSD/Serpong,2026-07-31 17:00:00+00:00,2026-07-31 17:00:00+00:00,1
BSD/Serpong,2026-07-31 20:00:00+00:00,2026-07-31 20:00:00+00:00,1
BSD/Serpong,2026-07-31 23:00:00+00:00,2026-07-31 23:00:00+00:00,1
BSD/Serpong,2026-08-01 02:00:00+00:00,2026-08-01 02:00:00+00:00,1
BSD/Serpong,2026-08-01 04:00:00+00:00,2026-08-01 04:00:00+00:00,1
BSD/Serpong,2026-08-01 07:00:00+00:00,2026-08-01 07:00:00+00:00,1
BSD/Serpong,2026-08-01 10:00:00+00:00,2026-08-01 10:00:00+00:00,1
BSD/Serpong,2026-08-01 13:00:00+00:00,2026-08-01 13:00:00+00:00,1
BSD/Serpong,2026-08-01 15:00:00+00:00,2026-08-01 15:00:00+00:00,1
BSD/Serpong,2026-08-01 18:00:00+00:00,2026-08-01 18:00:00+00:00,1
BSD/Serpong,2026-08-01 21:00:00+00:00,2026-08-01 21:00:00+00:00,1
BSD/Serpong,2026-08-01 23:00:00+00:00,2026-08-01 23:00:00+00:00,1
BSD/Serpong,2026-08-02 02:00:00+00:00,2026-08-02 02:00:00+00:00,1
BSD/Serpong,2026-08-02 05:00:00+00:00,2026-08-02 05:00:00+00:00,1
BSD/Serpong,2026-08-02 08:00:00+00:00,2026-08-02 08:00:00+00:00,1
BSD/Serpong,2026-08-02 10:00:00+00:00,2026-08-02 10:00:00+00:00,1
BSD/Serpong,2026-08-02 13:00:00+00:00,2026-08-02 13:00:00+00:00,1
BSD/Serpong,2026-08-02 16:00:00+00:00,2026-08-02 16:00:00+00:00,1
BSD/Serpong,2026-08-02 18:00:00+00:00,2026-08-02 18:00:00+00:00,1
BSD/Serpong,2026-08-02 21:00:00+00:00,2026-08-02 21:00:00+00:00,1
BSD/Serpong,2026-08-03 00:00:00+00:00,2026-08-03 00:00:00+00:00,1
BSD/Serpong,2026-08-03 03:00:00+00:00,2026-08-03 03:00:00+00:00,1
BSD/Serpong,2026-08-03 05:00:00+00:00,2026-08-03 05:00:00+00:00,1
BSD/Serpong,2026-08-03 08:00:00+00:00,2026-08-03 08:00:00+00:00,1
BSD/Serpong,2026-08-03 11:00:00+00:00,2026-08-03 11:00:00+00:00,1
BSD/Serpong,2026-08-03 13:00:00+00:00,2026-08-03 13:00:00+00:00,1
BSD/Serpong,2026-08-03 16:00:00+00:00,2026-08-03 16:00:00+00:00,1
BSD/Serpong,2026-08-03 19:00:00+00:00,2026-08-03 19:00:00+00:00,1
BSD/Serpong,2026-08-03 22:00:00+00:00,2026-08-03 22:00:00+00:00,1
BSD/Serpong,2026-08-04 00:00:00+00:00,2026-08-04 00:00:00+00:00,1
BSD/Serpong,2026-08-04 03:00:00+00:00,2026-08-04 03:00:00+00:00,1
BSD/Serpong,2026-08-04 06:00:00+00:00,2026-08-04 06:00:00+00:00,1
BSD/Serpong,2026-08-04 08:00:00+00:00,2026-08-04 08:00:00+00:00,1
BSD/Serpong,2026-08-04 11:00:00+00:00,2026-08-04 11:00:00+00:00,1
BSD/Serpong,2026-08-04 14:00:00+00:00,2026-08-04 14:00:00+00:00,1
BSD/Serpong,2026-08-04 16:00:00+00:00,2026-08-04 16:00:00+00:00,1
BSD/Serpong,2026-08-04 19:00:00+00:00,2026-08-04 19:00:00+00:00,1
BSD/Serpong,2026-08-04 22:00:00+00:00,2026-08-04 22:00:00+00:00,1
BSD/Serpong,2026-08-05 01:00:00+00:00,2026-08-05 01:00:00+00:00,1
BSD/Serpong,2026-08-05 03:00:00+00:00,2026-08-05 03:00:00+00:00,1
BSD/Serpong,2026-08-05 06:00:00+00:00,2026-08-05 06:00:00+00:00,1
BSD/Serpong,2026-08-05 09:00:00+00:00,2026-08-05 09:00:00+00:00,1
BSD/Serpong,2026-08-05 11:00:00+00:00,2026-08-05 11:00:00+00:00,1
BSD/Serpong,2026-08-05 14:00:00+00:00,2026-08-05 14:00:00+00:00,1
BSD/Serpong,2026-08-05 17:00:00+00:00,2026-08-05 17:00:00+00:00,1
BSD/Serpong,2026-08-05 20:00:00+00:00,2026-08-05 20:00:00+00:00,1
BSD/Serpong,2026-08-05 22:00:00+00:00,2026-08-05 22:00:00+00:00,1
BSD/Serpong,2026-08-06 01:00:00+00:00,2026-08-06 01:00:00+00:00,1
BSD/Serpong,2026-08-06 04:00:00+00:00,2026-08-06 04:00:00+00:00,1
BSD/Serpong,2026-08-06 06:00:00+00:00,2026-08-06 06:00:00+00:00,1
BSD/Serpong,2026-08-06 09:00:00+00:00,2026-08-06 09:00:00+00:00,1
BSD/Serpong,2026-08-06 12:00:00+00:00,2026-08-06 12:00:00+00:00,1
BSD/Serpong,2026-08-06 15:00:00+00:00,2026-08-06 15:00:00+00:00,1
BSD/Serpong,2026-08-06 17:00:00+00:00,2026-08-06 17:00:00+00:00,1
BSD/Serpong,2026-08-06 20:00:00+00:00,2026-08-06 20:00:00+00:00,1
BSD/Serpong,2026-08-06 23:00:00+00:00,2026-08-06 23:00:00+00:00,1
BSD/Serpong,2026-08-07 01:00:00+00:00,2026-08-07 01:00:00+00:00,1
BSD/Serpong,2026-08-07 04:00:00+00:00,2026-08-07 04:00:00+00:00,1
BSD/Serpong,2026-08-07 07:00:00+00:00,2026-08-07 07:00:00+00:00,1
BSD/Serpong,2026-08-07 10:00:00+00:00,2026-08-07 10:00:00+00:00,1
BSD/Serpong,2026-08-07 12:00:00+00:00,2026-08-07 12:00:00+00:00,1
BSD/Serpong,2026-08-07 15:00:00+00:00,2026-08-07 15:00:00+00:00,1
BSD/Serpong,2026-08-07 18:00:00+00:00,2026-08-07 18:00:00+00:00,1
BSD/Serpong,2026-08-07 21:00:00+00:00,2026-08-07 21:00:00+00:00,1
BSD/Serpong,2026-08-07 23:00:00+00:00,2026-08-07 23:00:00+00:00,1
BSD/Serpong,2026-08-08 02:00:00+00:00,2026-08-08 02:00:00+00:00,1
BSD/Serpong,2026-08-08 05:00:00+00:00,2026-08-08 05:00:00+00:00,1
BSD/Serpong,2026-08-08 07:00:00+00:00,2026-08-08 07:00:00+00:00,1
BSD/Serpong,2026-08-08 10:00:00+00:00,2026-08-08 10:00:00+00:00,1
BSD/Serpong,2026-08-08 13:00:00+00:00,2026-08-08 13:00:00+00:00,1
BSD/Serpong,2026-08-08 16:00:00+00:00,2026-08-08 16:00:00+00:00,1
BSD/Serpong,2026-08-08 18:00:00+00:00,2026-08-08 18:00:00+00:00,1
BSD/Serpong,2026-08-08 21:00:00+00:00,2026-08-08 21:00:00+00:00,1
BSD/Serpong,2026-08-09 00:00:00+00:00,2026-08-09 00:00:00+00:00,1
BSD/Serpong,2026-08-09 03:00:00+00:00,2026-08-09 03:00:00+00:00,1
BSD/Serpong,2026-08-09 05:00:00+00:00,2026-08-09 05:00:00+00:00,1
BSD/Serpong,2026-08-09 08:00:00+00:00,2026-08-09 08:00:00+00:00,1
BSD/Serpong,2026-08-09 11:00:00+00:00,2026-08-09 11:00:00+00:00,1
BSD/Serpong,2026-08-09 13:00:00+00:00,2026-08-09 13:00:00+00:00,1
BSD/Serpong,2026-08-09 16:00:00+00:00,2026-08-09 16:00:00+00:00,1
BSD/Serpong,2026-08-09 19:00:00+00:00,2026-08-09 19:00:00+00:00,1
BSD/Serpong,2026-08-09 22:00:00+00:00,2026-08-09 22:00:00+00:00,1
BSD/Serpong,2026-08-10 00:00:00+00:00,2026-08-10 00:00:00+00:00,1
BSD/Serpong,2026-08-10 03:00:00+00:00,2026-08-10 03:00:00+00:00,1
BSD/Serpong,2026-08-10 06:00:00+00:00,2026-08-10 06:00:00+00:00,1
BSD/Serpong,2026-08-10 09:00:00+00:00,2026-08-10 09:00:00+00:00,1
BSD/Serpong,2026-08-10 11:00:00+00:00,2026-08-10 11:00:00+00:00,1
BSD/Serpong,2026-08-10 14:00:00+00:00,2026-08-10 14:00:00+00:00,1
BSD/Serpong,2026-08-10 17:00:00+00:00,2026-08-10 17:00:00+00:00,1
BSD/Serpong,2026-08-10 19:00:00+00:00,2026-08-10 19:00:00+00:00,1
BSD/Serpong,2026-08-10 22:00:00+00:00,2026-08-10 22:00:00+00:00,1
BSD/Serpong,2026-08-11 01:00:00+00:00,2026-08-11 01:00:00+00:00,1
BSD/Serpong,2026-08-11 04:00:00+00:00,2026-08-11 04:00:00+00:00,1
BSD/Serpong,2026-08-11 06:00:00+00:00,2026-08-11 06:00:00+00:00,1
BSD/Serpong,2026-08-11 09:00:00+00:00,2026-08-11 09:00:00+00:00,1
BSD/Serpong,2026-08-11 11:00:00+00:00,2026-08-11 11:00:00+00:00,1
BSD/Serpong,2026-08-11 14:00:00+00:00,2026-08-11 14:00:00+00:00,1
BSD/Serpong,2026-08-11 16:00:00+00:00,2026-08-11 16:00:00+00:00,1
BSD/Serpong,2026-08-11 19:00:00+00:00,2026-08-11 19:00:00+00:00,1
BSD/Serpong,2026-08-11 22:00:00+00:00,2026-08-11 22:00:00+00:00,1
BSD/Serpong,2026-08-12 00:00:00+00:00,2026-08-12 00:00:00+00:00,1
BSD/Serpong,2026-08-12 03:00:00+00:00,2026-08-12 03:00:00+00:00,1
BSD/Serpong,2026-08-12 05:00:00+00:00,2026-08-12 05:00:00+00:00,1
BSD/Serpong,2026-08-12 08:00:00+00:00,2026-08-12 08:00:00+00:00,1
BSD/Serpong,2026-08-12 10:00:00+00:00,2026-08-12 10:00:00+00:00,1
BSD/Serpong,2026-08-12 13:00:00+00:00,2026-08-12 13:00:00+00:00,1
BSD/Serpong,2026-08-12 16:00:00+00:00,2026-08-12 16:00:00+00:00,1
BSD/Serpong,2026-08-12 18:00:00+00:00,2026-08-12 18:00:00+00:00,1
BSD/Serpong,2026-08-12 21:00:00+00:00,2026-08-12 21:00:00+00:00,1
BSD/Serpong,2026-08-12 23:00:00+00:00,2026-08-12 23:00:00+00:00,1
BSD/Serpong,2026-08-13 02:00:00+00:00,2026-08-13 02:00:00+00:00,1
BSD/Serpong,2026-08-13 05:00:00+00:00,2026-08-13 05:00:00+00:00,1
BSD/Serpong,2026-08-13 07:00:00+00:00,2026-08-13 07:00:00+00:00,1
BSD/Serpong,2026-08-13 10:00:00+00:00,2026-08-13 10:00:00+00:00,1
BSD/Serpong,2026-08-13 12:00:00+00:00,2026-08-13 12:00:00+00:00,1
BSD/Serpong,2026-08-13 15:00:00+00:00,2026-08-13 15:00:00+00:00,1
BSD/Serpong,2026-08-13 18:00:00+00:00,2026-08-13 18:00:00+00:00,1
BSD/Serpong,2026-08-13 20:00:00+00:00,2026-08-13 20:00:00+00:00,1
BSD/Serpong,2026-08-13 23:00:00+00:00,2026-08-13 23:00:00+00:00,1
BSD/Serpong,2026-08-14 01:00:00+00:00,2026-08-14 01:00:00+00:00,1
BSD/Serpong,2026-08-14 04:00:00+00:00,2026-08-14 04:00:00+00:00,1
BSD/Serpong,2026-08-14 07:00:00+00:00,2026-08-14 07:00:00+00:00,1
BSD/Serpong,2026-08-14 09:00:00+00:00,2026-08-14 09:00:00+00:00,1
BSD/Serpong,2026-08-14 12:00:00+00:00,2026-08-14 12:00:00+00:00,1
BSD/Serpong,2026-08-14 15:00:00+00:00,2026-08-14 15:00:00+00:00,1
BSD/Serpong,2026-08-14 17:00:00+00:00,2026-08-14 17:00:00+00:00,1
BSD/Serpong,2026-08-14 20:00:00+00:00,2026-08-14 20:00:00+00:00,1
BSD/Serpong,2026-08-14 22:00:00+00:00,2026-08-14 22:00:00+00:00,1
BSD/Serpong,2026-08-15 01:00:00+00:00,2026-08-15 01:00:00+00:00,1
BSD/Serpong,2026-08-15 04:00:00+00:00,2026-08-15 04:00:00+00:00,1
BSD/Serpong,2026-08-15 06:00:00+00:00,2026-08-15 06:00:00+00:00,1
BSD/Serpong,2026-08-15 09:00:00+00:00,2026-08-15 09:00:00+00:00,1
BSD/Serpong,2026-08-15 11:00:00+00:00,2026-08-15 11:00:00+00:00,1
BSD/Serpong,2026-08-15 14:00:00+00:00,2026-08-15 14:00:00+00:00,1
BSD/Serpong,2026-08-15 17:00:00+00:00,2026-08-15 17:00:00+00:00,1
BSD/Serpong,2026-08-15 19:00:00+00:00,2026-08-15 19:00:00+00:00,1
BSD/Serpong,2026-08-15 22:00:00+00:00,2026-08-15 22:00:00+00:00,1
BSD/Serpong,2026-08-16 00:00:00+00:00,2026-08-16 00:00:00+00:00,1
BSD/Serpong,2026-08-16 03:00:00+00:00,2026-08-16 03:00:00+00:00,1
BSD/Serpong,2026-08-16 05:00:00+00:00,2026-08-16 05:00:00+00:00,1
BSD/Serpong,2026-08-16 08:00:00+00:00,2026-08-16 08:00:00+00:00,1
BSD/Serpong,2026-08-16 11:00:00+00:00,2026-08-16 11:00:00+00:00,1
BSD/Serpong,2026-08-16 13:00:00+00:00,2026-08-16 13:00:00+00:00,1
BSD/Serpong,2026-08-16 16:00:00+00:00,2026-08-16 16:00:00+00:00,1
BSD/Serpong,2026-08-16 18:00:00+00:00,2026-08-16 18:00:00+00:00,1
BSD/Serpong,2026-08-16 21:00:00+00:00,2026-08-16 21:00:00+00:00,1
BSD/Serpong,2026-08-17 00:00:00+00:00,2026-08-17 00:00:00+00:00,1
BSD/Serpong,2026-08-17 02:00:00+00:00,2026-08-17 02:00:00+00:00,1
BSD/Serpong,2026-08-17 05:00:00+00:00,2026-08-17 05:00:00+00:00,1
BSD/Serpong,2026-08-17 07:00:00+00:00,2026-08-17 07:00:00+00:00,1
BSD/Serpong,2026-08-17 10:00:00+00:00,2026-08-17 10:00:00+00:00,1
BSD/Serpong,2026-08-17 12:00:00+00:00,2026-08-17 12:00:00+00:00,1
BSD/Serpong,2026-08-17 15:00:00+00:00,2026-08-17 15:00:00+00:00,1
BSD/Serpong,2026-08-17 18:00:00+00:00,2026-08-17 18:00:00+00:00,1
BSD/Serpong,2026-08-17 20:00:00+00:00,2026-08-17 20:00:00+00:00,1
BSD/Serpong,2026-08-17 23:00:00+00:00,2026-08-17 23:00:00+00:00,1
BSD/Serpong,2026-08-18 01:00:00+00:00,2026-08-18 01:00:00+00:00,1
BSD/Serpong,2026-08-18 03:00:00+00:00,2026-08-18 03:00:00+00:00,1
BSD/Serpong,2026-08-18 06:00:00+00:00,2026-08-18 06:00:00+00:00,1
BSD/Serpong,2026-08-18 08:00:00+00:00,2026-08-18 08:00:00+00:00,1
BSD/Serpong,2026-08-18 11:00:00+00:00,2026-08-18 11:00:00+00:00,1
BSD/Serpong,2026-08-18 13:00:00+00:00,2026-08-18 13:00:00+00:00,1
BSD/Serpong,2026-08-18 16:00:00+00:00,2026-08-18 16:00:00+00:00,1
BSD/Serpong,2026-08-18 18:00:00+00:00,2026-08-18 18:00:00+00:00,1
BSD/Serpong,2026-08-18 21:00:00+00:00,2026-08-18 21:00:00+00:00,1
BSD/Serpong,2026-08-18 23:00:00+00:00,2026-08-18 23:00:00+00:00,1
BSD/Serpong,2026-08-19 02:00:00+00:00,2026-08-19 02:00:00+00:00,1
BSD/Serpong,2026-08-19 04:00:00+00:00,2026-08-19 04:00:00+00:00,1
BSD/Serpong,2026-08-19 07:00:00+00:00,2026-08-19 07:00:00+00:00,1
BSD/Serpong,2026-08-19 09:00:00+00:00,2026-08-19 09:00:00+00:00,1
BSD/Serpong,2026-08-19 12:00:00+00:00,2026-08-19 12:00:00+00:00,1
BSD/Serpong,2026-08-19 14:00:00+00:00,2026-08-19 14:00:00+00:00,1
BSD/Serpong,2026-08-19 17:00:00+00:00,2026-08-19 17:00:00+00:00,1
BSD/Serpong,2026-08-19 19:00:00+00:00,2026-08-19 19:00:00+00:00,1
BSD/Serpong,2026-08-19 22:00:00+00:00,2026-08-19 22:00:00+00:00,1
BSD/Serpong,2026-08-20 00:00:00+00:00,2026-08-20 00:00:00+00:00,1
BSD/Serpong,2026-08-20 03:00:00+00:00,2026-08-20 03:00:00+00:00,1
BSD/Serpong,2026-08-20 05:00:00+00:00,2026-08-20 05:00:00+00:00,1
BSD/Serpong,2026-08-20 08:00:00+00:00,2026-08-20 08:00:00+00:00,1
BSD/Serpong,2026-08-20 10:00:00+00:00,2026-08-20 10:00:00+00:00,1
BSD/Serpong,2026-08-20 13:00:00+00:00,2026-08-20 13:00:00+00:00,1
BSD/Serpong,2026-08-20 15:00:00+00:00,2026-08-20 15:00:00+00:00,1
BSD/Serpong,2026-08-20 18:00:00+00:00,2026-08-20 18:00:00+00:00,1
BSD/Serpong,2026-08-20 20:00:00+00:00,2026-08-20 20:00:00+00:00,1
BSD/Serpong,2026-08-20 23:00:00+00:00,2026-08-20 23:00:00+00:00,1
BSD/Serpong,2026-08-21 01:00:00+00:00,2026-08-21 01:00:00+00:00,1
BSD/Serpong,2026-08-21 04:00:00+00:00,2026-08-21 04:00:00+00:00,1
BSD/Serpong,2026-08-21 06:00:00+00:00,2026-08-21 06:00:00+00:00,1
BSD/Serpong,2026-08-21 09:00:00+00:00,2026-08-21 09:00:00+00:00,1
BSD/Serpong,2026-08-21 11:00:00+00:00,2026-08-21 11:00:00+00:00,1
Cawang interchange,2026-07-23 10:00:00+00:00,2026-07-23 10:00:00+00:00,1
Cawang interchange,2026-07-23 15:00:00+00:00,2026-07-27 01:00:00+00:00,83
Cawang interchange,2026-07-27 05:00:00+00:00,2026-07-27 05:00:00+00:00,1
Cawang interchange,2026-07-27 17:00:00+00:00,2026-07-27 17:00:00+00:00,1
Cawang interchange,2026-07-27 20:00:00+00:00,2026-07-27 20:00:00+00:00,1
Cawang interchange,2026-07-27 23:00:00+00:00,2026-07-27 23:00:00+00:00,1
Cawang interchange,2026-07-28 01:00:00+00:00,2026-07-28 01:00:00+00:00,1
Cawang interchange,2026-07-28 04:00:00+00:00,2026-07-28 04:00:00+00:00,1
Cawang interchange,2026-07-28 07:00:00+00:00,2026-07-28 07:00:00+00:00,1
Cawang interchange,2026-07-28 10:00:00+00:00,2026-07-28 10:00:00+00:00,1
Cawang interchange,2026-07-28 13:00:00+00:00,2026-07-28 13:00:00+00:00,1
Cawang interchange,2026-07-28 15:00:00+00:00,2026-07-28 15:00:00+00:00,1
Cawang interchange,2026-07-28 18:00:00+00:00,2026-07-28 18:00:00+00:00,1
Cawang interchange,2026-07-28 21:00:00+00:00,2026-07-28 21:00:00+00:00,1
Cawang interchange,2026-07-29 00:00:00+00:00,2026-07-29 00:00:00+00:00,1
Cawang interchange,2026-07-29 02:00:00+00:00,2026-07-29 02:00:00+00:00,1
Cawang interchange,2026-07-29 05:00:00+00:00,2026-07-29 05:00:00+00:00,1
Cawang interchange,2026-07-29 08:00:00+00:00,2026-07-29 08:00:00+00:00,1
Cawang interchange,2026-07-29 10:00:00+00:00,2026-07-29 10:00:00+00:00,1
Cawang interchange,2026-07-29 13:00:00+00:00,2026-07-29 13:00:00+00:00,1
Cawang interchange,2026-07-29 16:00:00+00:00,2026-07-29 16:00:00+00:00,1
Cawang interchange,2026-07-29 19:00:00+00:00,2026-07-29 19:00:00+00:00,1
Cawang interchange,2026-07-29 21:00:00+00:00,2026-07-29 21:00:00+00:00,1
Cawang interchange,2026-07-30 00:00:00+00:00,2026-07-30 00:00:00+00:00,1
Cawang interchange,2026-07-30 03:00:00+00:00,2026-07-30 03:00:00+00:00,1
Cawang interchange,2026-07-30 06:00:00+00:00,2026-07-30 06:00:00+00:00,1
Cawang interchange,2026-07-30 09:00:00+00:00,2026-07-30 09:00:00+00:00,1
Cawang interchange,2026-07-30 12:00:00+00:00,2026-07-30 12:00:00+00:00,1
Cawang interchange,2026-07-30 14:00:00+00:00,2026-07-30 14:00:00+00:00,1
Cawang interchange,2026-07-30 17:00:00+00:00,2026-07-30 17:00:00+00:00,1
Cawang interchange,2026-07-30 20:00:00+00:00,2026-07-30 20:00:00+00:00,1
Cawang interchange,2026-07-30 22:00:00+00:00,2026-07-30 22:00:00+00:00,1
Cawang interchange,2026-07-31 01:00:00+00:00,2026-07-31 01:00:00+00:00,1
Cawang interchange,2026-07-31 04:00:00+00:00,2026-07-31 04:00:00+00:00,1
Cawang interchange,2026-07-31 07:00:00+00:00,2026-07-31 07:00:00+00:00,1
Cawang interchange,2026-07-31 09:00:00+00:00,2026-07-31 09:00:00+00:00,1
Cawang interchange,2026-07-31 12:00:00+00:00,2026-07-31 12:00:00+00:00,1
Cawang interchange,2026-07-31 15:00:00+00:00,2026-07-31 15:00:00+00:00,1
Cawang interchange,2026-07-31 17:00:00+00:00,2026-07-31 17:00:00+00:00,1
Cawang interchange,2026-07-31 20:00:00+00:00,2026-07-31 20:00:00+00:00,1
Cawang interchange,2026-07-31 23:00:00+00:00,2026-07-31 23:00:00+00:00,1
Cawang interchange,2026-08-01 02:00:00+00:00,2026-08-01 02:00:00+00:00,1
Cawang interchange,2026-08-01 04:00:00+00:00,2026-08-01 04:00:00+00:00,1
Cawang interchange,2026-08-01 07:00:00+00:00,2026-08-01 07:00:00+00:00,1
Cawang interchange,2026-08-01 10:00:00+00:00,2026-08-01 10:00:00+00:00,1
Cawang interchange,2026-08-01 13:00:00+00:00,2026-08-01 13:00:00+00:00,1
Cawang interchange,2026-08-01 15:00:00+00:00,2026-08-01 15:00:00+00:00,1
Cawang interchange,2026-08-01 18:00:00+00:00,2026-08-01 18:00:00+00:00,1
Cawang interchange,2026-08-01 21:00:00+00:00,2026-08-01 21:00:00+00:00,1
Cawang interchange,2026-08-01 23:00:00+00:00,2026-08-01 23:00:00+00:00,1
Cawang interchange,2026-08-02 02:00:00+00:00,2026-08-02 02:00:00+00:00,1
Cawang interchange,2026-08-02 05:00:00+00:00,2026-08-02 05:00:00+00:00,1
Cawang interchange,2026-08-02 08:00:00+00:00,2026-08-02 08:00:00+00:00,1
Cawang interchange,2026-08-02 10:00:00+00:00,2026-08-02 10:00:00+00:00,1
Cawang interchange,2026-08-02 13:00:00+00:00,2026-08-02 13:00:00+00:00,1
Cawang interchange,2026-08-02 16:00:00+00:00,2026-08-02 16:00:00+00:00,1
Cawang interchange,2026-08-02 18:00:00+00:00,2026-08-02 18:00:00+00:00,1
Cawang interchange,2026-08-02 21:00:00+00:00,2026-08-02 21:00:00+00:00,1
Cawang interchange,2026-08-03 00:00:00+00:00,2026-08-03 00:00:00+00:00,1
Cawang interchange,2026-08-03 03:00:00+00:00,2026-08-03 03:00:00+00:00,1
Cawang interchange,2026-08-03 05:00:00+00:00,2026-08-03 05:00:00+00:00,1
Cawang interchange,2026-08-03 08:00:00+00:00,2026-08-03 08:00:00+00:00,1
Cawang interchange,2026-08-03 11:00:00+00:00,2026-08-03 11:00:00+00:00,1
Cawang interchange,2026-08-03 13:00:00+00:00,2026-08-03 13:00:00+00:00,1
Cawang interchange,2026-08-03 16:00:00+00:00,2026-08-03 16:00:00+00:00,1
Cawang interchange,2026-08-03 19:00:00+00:00,2026-08-03 19:00:00+00:00,1
Cawang interchange,2026-08-03 22:00:00+00:00,2026-08-03 22:00:00+00:00,1
Cawang interchange,2026-08-04 00:00:00+00:00,2026-08-04 00:00:00+00:00,1
Cawang interchange,2026-08-04 03:00:00+00:00,2026-08-04 03:00:00+00:00,1
Cawang interchange,2026-08-04 06:00:00+00:00,2026-08-04 06:00:00+00:00,1
Cawang interchange,2026-08-04 08:00:00+00:00,2026-08-04 08:00:00+00:00,1
Cawang interchange,2026-08-04 11:00:00+00:00,2026-08-04 11:00:00+00:00,1
Cawang interchange,2026-08-04 14:00:00+00:00,2026-08-04 14:00:00+00:00,1
Cawang interchange,2026-08-04 16:00:00+00:00,2026-08-04 16:00:00+00:00,1
Cawang interchange,2026-08-04 19:00:00+00:00,2026-08-04 19:00:00+00:00,1
Cawang interchange,2026-08-04 22:00:00+00:00,2026-08-04 22:00:00+00:00,1
Cawang interchange,2026-08-05 01:00:00+00:00,2026-08-05 01:00:00+00:00,1
Cawang interchange,2026-08-05 03:00:00+00:00,2026-08-05 03:00:00+00:00,1
Cawang interchange,2026-08-05 06:00:00+00:00,2026-08-05 06:00:00+00:00,1
Cawang interchange,2026-08-05 09:00:00+00:00,2026-08-05 09:00:00+00:00,1
Cawang interchange,2026-08-05 11:00:00+00:00,2026-08-05 11:00:00+00:00,1
Cawang interchange,2026-08-05 14:00:00+00:00,2026-08-05 14:00:00+00:00,1
Cawang interchange,2026-08-05 17:00:00+00:00,2026-08-05 17:00:00+00:00,1
Cawang interchange,2026-08-05 20:00:00+00:00,2026-08-05 20:00:00+00:00,1
Cawang interchange,2026-08-05 22:00:00+00:00,2026-08-05 22:00:00+00:00,1
Cawang interchange,2026-08-06 01:00:00+00:00,2026-08-06 01:00:00+00:00,1
Cawang interchange,2026-08-06 04:00:00+00:00,2026-08-06 04:00:00+00:00,1
Cawang interchange,2026-08-06 06:00:00+00:00,2026-08-06 06:00:00+00:00,1
Cawang interchange,2026-08-06 09:00:00+00:00,2026-08-06 09:00:00+00:00,1
Cawang interchange,2026-08-06 12:00:00+00:00,2026-08-06 12:00:00+00:00,1
Cawang interchange,2026-08-06 15:00:00+00:00,2026-08-06 15:00:00+00:00,1
Cawang interchange,2026-08-06 17:00:00+00:00,2026-08-06 17:00:00+00:00,1
Cawang interchange,2026-08-06 20:00:00+00:00,2026-08-06 20:00:00+00:00,1
Cawang interchange,2026-08-06 23:00:00+00:00,2026-08-06 23:00:00+00:00,1
Cawang interchange,2026-08-07 01:00:00+00:00,2026-08-07 01:00:00+00:00,1
Cawang interchange,2026-08-07 04:00:00+00:00,2026-08-07 04:00:00+00:00,1
Cawang interchange,2026-08-07 07:00:00+00:00,2026-08-07 07:00:00+00:00,1
Cawang interchange,2026-08-07 10:00:00+00:00,2026-08-07 10:00:00+00:00,1
Cawang interchange,2026-08-07 12:00:00+00:00,2026-08-07 12:00:00+00:00,1
Cawang interchange,2026-08-07 15:00:00+00:00,2026-08-07 15:00:00+00:00,1
Cawang interchange,2026-08-07 18:00:00+00:00,2026-08-07 18:00:00+00:00,1
Cawang interchange,2026-08-07 21:00:00+00:00,2026-08-07 21:00:00+00:00,1
Cawang interchange,2026-08-07 23:00:00+00:00,2026-08-07 23:00:00+00:00,1
Cawang interchange,2026-08-08 02:00:00+00:00,2026-08-08 02:00:00+00:00,1
Cawang interchange,2026-08-08 05:00:00+00:00,2026-08-08 05:00:00+00:00,1
Cawang interchange,2026-08-08 07:00:00+00:00,2026-08-08 07:00:00+00:00,1
Cawang interchange,2026-08-08 10:00:00+00:00,2026-08-08 10:00:00+00:00,1
Cawang interchange,2026-08-08 13:00:00+00:00,2026-08-08 13:00:00+00:00,1
Cawang interchange,2026-08-08 16:00:00+00:00,2026-08-08 16:00:00+00:00,1
Cawang interchange,2026-08-08 18:00:00+00:00,2026-08-08 18:00:00+00:00,1
Cawang interchange,2026-08-08 21:00:00+00:00,2026-08-08 21:00:00+00:00,1
Cawang interchange,2026-08-09 00:00:00+00:00,2026-08-09 00:00:00+00:00,1
Cawang interchange,2026-08-09 03:00:00+00:00,2026-08-09 03:00:00+00:00,1
Cawang interchange,2026-08-09 05:00:00+00:00,2026-08-09 05:00:00+00:00,1
Cawang interchange,2026-08-09 08:00:00+00:00,2026-08-09 08:00:00+00:00,1
Cawang interchange,2026-08-09 11:00:00+00:00,2026-08-09 11:00:00+00:00,1
Cawang interchange,2026-08-09 13:00:00+00:00,2026-08-09 13:00:00+00:00,1
Cawang interchange,2026-08-09 16:00:00+00:00,2026-08-09 16:00:00+00:00,1
Cawang interchange,2026-08-09 19:00:00+00:00,2026-08-09 19:00:00+00:00,1
Cawang interchange,2026-08-09 22:00:00+00:00,2026-08-09 22:00:00+00:00,1
Cawang interchange,2026-08-10 00:00:00+00:00,2026-08-10 00:00:00+00:00,1
Cawang interchange,2026-08-10 03:00:00+00:00,2026-08-10 03:00:00+00:00,1
Cawang interchange,2026-08-10 06:00:00+00:00,2026-08-10 06:00:00+00:00,1
Cawang interchange,2026-08-10 09:00:00+00:00,2026-08-10 09:00:00+00:00,1
Cawang interchange,2026-08-10 11:00:00+00:00,2026-08-10 11:00:00+00:00,1
Cawang interchange,2026-08-10 14:00:00+00:00,2026-08-10 14:00:00+00:00,1
Cawang interchange,2026-08-10 17:00:00+00:00,2026-08-10 17:00:00+00:00,1
Cawang interchange,2026-08-10 19:00:00+00:00,2026-08-10 19:00:00+00:00,1
Cawang interchange,2026-08-10 22:00:00+00:00,2026-08-10 22:00:00+00:00,1
Cawang interchange,2026-08-11 01:00:00+00:00,2026-08-11 01:00:00+00:00,1
Cawang interchange,2026-08-11 04:00:00+00:00,2026-08-11 04:00:00+00:00,1
Cawang interchange,2026-08-11 06:00:00+00:00,2026-08-11 06:00:00+00:00,1
Cawang interchange,2026-08-11 09:00:00+00:00,2026-08-11 09:00:00+00:00,1
Cawang interchange,2026-08-11 11:00:00+00:00,2026-08-11 11:00:00+00:00,1
Cawang interchange,2026-08-11 14:00:00+00:00,2026-08-11 14:00:00+00:00,1
Cawang interchange,2026-08-11 16:00:00+00:00,2026-08-11 16:00:00+00:00,1
Cawang interchange,2026-08-11 19:00:00+00:00,2026-08-11 19:00:00+00:00,1
Cawang interchange,2026-08-11 22:00:00+00:00,2026-08-11 22:00:00+00:00,1
Cawang interchange,2026-08-12 00:00:00+00:00,2026-08-12 00:00:00+00:00,1
Cawang interchange,2026-08-12 03:00:00+00:00,2026-08-12 03:00:00+00:00,1
Cawang interchange,2026-08-12 05:00:00+00:00,2026-08-12 05:00:00+00:00,1
Cawang interchange,2026-08-12 08:00:00+00:00,2026-08-12 08:00:00+00:00,1
Cawang interchange,2026-08-12 10:00:00+00:00,2026-08-12 10:00:00+00:00,1
Cawang interchange,2026-08-12 13:00:00+00:00,2026-08-12 13:00:00+00:00,1
Cawang interchange,2026-08-12 16:00:00+00:00,2026-08-12 16:00:00+00:00,1
Cawang interchange,2026-08-12 18:00:00+00:00,2026-08-12 18:00:00+00:00,1
Cawang interchange,2026-08-12 21:00:00+00:00,2026-08-12 21:00:00+00:00,1
Cawang interchange,2026-08-12 23:00:00+00:00,2026-08-12 23:00:00+00:00,1
Cawang interchange,2026-08-13 02:00:00+00:00,2026-08-13 02:00:00+00:00,1
Cawang interchange,2026-08-13 05:00:00+00:00,2026-08-13 05:00:00+00:00,1
Cawang interchange,2026-08-13 07:00:00+00:00,2026-08-13 07:00:00+00:00,1
Cawang interchange,2026-08-13 10:00:00+00:00,2026-08-13 10:00:00+00:00,1
Cawang interchange,2026-08-13 12:00:00+00:00,2026-08-13 12:00:00+00:00,1
Cawang interchange,2026-08-13 15:00:00+00:00,2026-08-13 15:00:00+00:00,1
Cawang interchange,2026-08-13 18:00:00+00:00,2026-08-13 18:00:00+00:00,1
Cawang interchange,2026-08-13 20:00:00+00:00,2026-08-13 20:00:00+00:00,1
Cawang interchange,2026-08-13 23:00:00+00:00,2026-08-13 23:00:00+00:00,1
Cawang interchange,2026-08-14 01:00:00+00:00,2026-08-14 01:00:00+00:00,1
Cawang interchange,2026-08-14 04:00:00+00:00,2026-08-14 04:00:00+00:00,1
Cawang interchange,2026-08-14 07:00:00+00:00,2026-08-14 07:00:00+00:00,1
Cawang interchange,2026-08-14 09:00:00+00:00,2026-08-14 09:00:00+00:00,1
Cawang interchange,2026-08-14 12:00:00+00:00,2026-08-14 12:00:00+00:00,1
Cawang interchange,2026-08-14 15:00:00+00:00,2026-08-14 15:00:00+00:00,1
Cawang interchange,2026-08-14 17:00:00+00:00,2026-08-14 17:00:00+00:00,1
Cawang interchange,2026-08-14 20:00:00+00:00,2026-08-14 20:00:00+00:00,1
Cawang interchange,2026-08-14 22:00:00+00:00,2026-08-14 22:00:00+00:00,1
Cawang interchange,2026-08-15 01:00:00+00:00,2026-08-15 01:00:00+00:00,1
Cawang interchange,2026-08-15 04:00:00+00:00,2026-08-15 04:00:00+00:00,1
Cawang interchange,2026-08-15 06:00:00+00:00,2026-08-15 06:00:00+00:00,1
Cawang interchange,2026-08-15 09:00:00+00:00,2026-08-15 09:00:00+00:00,1
Cawang interchange,2026-08-15 11:00:00+00:00,2026-08-15 11:00:00+00:00,1
Cawang interchange,2026-08-15 14:00:00+00:00,2026-08-15 14:00:00+00:00,1
Cawang interchange,2026-08-15 17:00:00+00:00,2026-08-15 17:00:00+00:00,1
Cawang interchange,2026-08-15 19:00:00+00:00,2026-08-15 19:00:00+00:00,1
Cawang interchange,2026-08-15 22:00:00+00:00,2026-08-15 22:00:00+00:00,1
Cawang interchange,2026-08-16 00:00:00+00:00,2026-08-16 00:00:00+00:00,1
Cawang interchange,2026-08-16 03:00:00+00:00,2026-08-16 03:00:00+00:00,1
Cawang interchange,2026-08-16 05:00:00+00:00,2026-08-16 05:00:00+00:00,1
Cawang interchange,2026-08-16 08:00:00+00:00,2026-08-16 08:00:00+00:00,1
Cawang interchange,2026-08-16 11:00:00+00:00,2026-08-16 11:00:00+00:00,1
Cawang interchange,2026-08-16 13:00:00+00:00,2026-08-16 13:00:00+00:00,1
Cawang interchange,2026-08-16 16:00:00+00:00,2026-08-16 16:00:00+00:00,1
Cawang interchange,2026-08-16 18:00:00+00:00,2026-08-16 18:00:00+00:00,1
Cawang interchange,2026-08-16 21:00:00+00:00,2026-08-16 21:00:00+00:00,1
Cawang interchange,2026-08-17 00:00:00+00:00,2026-08-17 00:00:00+00:00,1
Cawang interchange,2026-08-17 02:00:00+00:00,2026-08-17 02:00:00+00:00,1
Cawang interchange,2026-08-17 05:00:00+00:00,2026-08-17 05:00:00+00:00,1
Cawang interchange,2026-08-17 07:00:00+00:00,2026-08-17 07:00:00+00:00,1
Cawang interchange,2026-08-17 10:00:00+00:00,2026-08-17 10:00:00+00:00,1
Cawang interchange,2026-08-17 12:00:00+00:00,2026-08-17 12:00:00+00:00,1
Cawang interchange,2026-08-17 15:00:00+00:00,2026-08-17 15:00:00+00:00,1
Cawang interchange,2026-08-17 18:00:00+00:00,2026-08-17 18:00:00+00:00,1
Cawang interchange,2026-08-17 20:00:00+00:00,2026-08-17 20:00:00+00:00,1
Cawang interchange,2026-08-17 23:00:00+00:00,2026-08-17 23:00:00+00:00,1
Cawang interchange,2026-08-18 01:00:00+00:00,2026-08-18 01:00:00+00:00,1
Cawang interchange,2026-08-18 03:00:00+00:00,2026-08-18 03:00:00+00:00,1
Cawang interchange,2026-08-18 06:00:00+00:00,2026-08-18 06:00:00+00:00,1
Cawang interchange,2026-08-18 08:00:00+00:00,2026-08-18 08:00:00+00:00,1
Cawang interchange,2026-08-18 11:00:00+00:00,2026-08-18 11:00:00+00:00,1
Cawang interchange,2026-08-18 13:00:00+00:00,2026-08-18 13:00:00+00:00,1
Cawang interchange,2026-08-18 16:00:00+00:00,2026-08-18 16:00:00+00:00,1
Cawang interchange,2026-08-18 18:00:00+00:00,2026-08-18 18:00:00+00:00,1
Cawang interchange,2026-08-18 21:00:00+00:00,2026-08-18 21:00:00+00:00,1
Cawang interchange,2026-08-18 23:00:00+00:00,2026-08-18 23:00:00+00:00,1
Cawang interchange,2026-08-19 02:00:00+00:00,2026-08-19 02:00:00+00:00,1
Cawang interchange,2026-08-19 04:00:00+00:00,2026-08-19 04:00:00+00:00,1
Cawang interchange,2026-08-19 07:00:00+00:00,2026-08-19 07:00:00+00:00,1
Cawang interchange,2026-08-19 09:00:00+00:00,2026-08-19 09:00:00+00:00,1
Cawang interchange,2026-08-19 12:00:00+00:00,2026-08-19 12:00:00+00:00,1
Cawang interchange,2026-08-19 14:00:00+00:00,2026-08-19 14:00:00+00:00,1
Cawang interchange,2026-08-19 17:00:00+00:00,2026-08-19 17:00:00+00:00,1
Cawang interchange,2026-08-19 19:00:00+00:00,2026-08-19 19:00:00+00:00,1
Cawang interchange,2026-08-19 22:00:00+00:00,2026-08-19 22:00:00+00:00,1
Cawang interchange,2026-08-20 00:00:00+00:00,2026-08-20 00:00:00+00:00,1
Cawang interchange,2026-08-20 03:00:00+00:00,2026-08-20 03:00:00+00:00,1
Cawang interchange,2026-08-20 05:00:00+00:00,2026-08-20 05:00:00+00:00,1
Cawang interchange,2026-08-20 08:00:00+00:00,2026-08-20 08:00:00+00:00,1
Cawang interchange,2026-08-20 10:00:00+00:00,2026-08-20 10:00:00+00:00,1
Cawang interchange,2026-08-20 13:00:00+00:00,2026-08-20 13:00:00+00:00,1
Cawang interchange,2026-08-20 15:00:00+00:00,2026-08-20 15:00:00+00:00,1
Cawang interchange,2026-08-20 18:00:00+00:00,2026-08-20 18:00:00+00:00,1
Cawang interchange,2026-08-20 20:00:00+00:00,2026-08-20 20:00:00+00:00,1
Cawang interchange,2026-08-20 23:00:00+00:00,2026-08-20 23:00:00+00:00,1
Cawang interchange,2026-08-21 01:00:00+00:00,2026-08-21 01:00:00+00:00,1
Cawang interchange,2026-08-21 04:00:00+00:00,2026-08-21 04:00:00+00:00,1
Cawang interchange,2026-08-21 06:00:00+00:00,2026-08-21 06:00:00+00:00,1
Cawang interchange,2026-08-21 09:00:00+00:00,2026-08-21 09:00:00+00:00,1
Cawang interchange,2026-08-21 11:00:00+00:00,2026-08-21 11:00:00+00:00,1
Jl. Margonda (Depok),2026-07-23 10:00:00+00:00,2026-07-23 10:00:00+00:00,1
Jl. Margonda (Depok),2026-07-23 15:00:00+00:00,2026-07-27 01:00:00+00:00,83
Jl. Margonda (Depok),2026-07-27 05:00:00+00:00,2026-07-27 05:00:00+00:00,1
Jl. Margonda (Depok),2026-07-27 17:00:00+00:00,2026-07-27 17:00:00+00:00,1
Jl. Margonda (Depok),2026-07-27 20:00:00+00:00,2026-07-27 20:00:00+00:00,1
Jl. Margonda (Depok),2026-07-27 23:00:00+00:00,2026-07-27 23:00:00+00:00,1
Jl. Margonda (Depok),2026-07-28 01:00:00+00:00,2026-07-28 01:00:00+00:00,1
Jl. Margonda (Depok),2026-07-28 04:00:00+00:00,2026-07-28 04:00:00+00:00,1
Jl. Margonda (Depok),2026-07-28 07:00:00+00:00,2026-07-28 07:00:00+00:00,1
Jl. Margonda (Depok),2026-07-28 10:00:00+00:00,2026-07-28 10:00:00+00:00,1
Jl. Margonda (Depok),2026-07-28 13:00:00+00:00,2026-07-28 13:00:00+00:00,1
Jl. Margonda (Depok),2026-07-28 15:00:00+00:00,2026-07-28 15:00:00+00:00,1
Jl. Margonda (Depok),2026-07-28 18:00:00+00:00,2026-07-28 18:00:00+00:00,1
Jl. Margonda (Depok),2026-07-28 21:00:00+00:00,2026-07-28 21:00:00+00:00,1
Jl. Margonda (Depok),2026-07-29 00:00:00+00:00,2026-07-29 00:00:00+00:00,1
Jl. Margonda (Depok),2026-07-29 02:00:00+00:00,2026-07-29 02:00:00+00:00,1
Jl. Margonda (Depok),2026-07-29 05:00:00+00:00,2026-07-29 05:00:00+00:00,1
Jl. Margonda (Depok),2026-07-29 08:00:00+00:00,2026-07-29 08:00:00+00:00,1
Jl. Margonda (Depok),2026-07-29 10:00:00+00:00,2026-07-29 10:00:00+00:00,1
Jl. Margonda (Depok),2026-07-29 13:00:00+00:00,2026-07-29 13:00:00+00:00,1
Jl. Margonda (Depok),2026-07-29 16:00:00+00:00,2026-07-29 16:00:00+00:00,1
Jl. Margonda (Depok),2026-07-29 19:00:00+00:00,2026-07-29 19:00:00+00:00,1
Jl. Margonda (Depok),2026-07-29 21:00:00+00:00,2026-07-29 21:00:00+00:00,1
Jl. Margonda (Depok),2026-07-30 00:00:00+00:00,2026-07-30 00:00:00+00:00,1
Jl. Margonda (Depok),2026-07-30 03:00:00+00:00,2026-07-30 03:00:00+00:00,1
Jl. Margonda (Depok),2026-07-30 06:00:00+00:00,2026-07-30 06:00:00+00:00,1
Jl. Margonda (Depok),2026-07-30 09:00:00+00:00,2026-07-30 09:00:00+00:00,1
Jl. Margonda (Depok),2026-07-30 12:00:00+00:00,2026-07-30 12:00:00+00:00,1
Jl. Margonda (Depok),2026-07-30 14:00:00+00:00,2026-07-30 14:00:00+00:00,1
Jl. Margonda (Depok),2026-07-30 17:00:00+00:00,2026-07-30 17:00:00+00:00,1
Jl. Margonda (Depok),2026-07-30 20:00:00+00:00,2026-07-30 20:00:00+00:00,1
Jl. Margonda (Depok),2026-07-30 22:00:00+00:00,2026-07-30 22:00:00+00:00,1
Jl. Margonda (Depok),2026-07-31 01:00:00+00:00,2026-07-31 01:00:00+00:00,1
Jl. Margonda (Depok),2026-07-31 04:00:00+00:00,2026-07-31 04:00:00+00:00,1
Jl. Margonda (Depok),2026-07-31 07:00:00+00:00,2026-07-31 07:00:00+00:00,1
Jl. Margonda (Depok),2026-07-31 09:00:00+00:00,2026-07-31 09:00:00+00:00,1
Jl. Margonda (Depok),2026-07-31 12:00:00+00:00,2026-07-31 12:00:00+00:00,1
Jl. Margonda (Depok),2026-07-31 15:00:00+00:00,2026-07-31 15:00:00+00:00,1
Jl. Margonda (Depok),2026-07-31 17:00:00+00:00,2026-07-31 17:00:00+00:00,1
Jl. Margonda (Depok),2026-07-31 20:00:00+00:00,2026-07-31 20:00:00+00:00,1
Jl. Margonda (Depok),2026-07-31 23:00:00+00:00,2026-07-31 23:00:00+00:00,1
Jl. Margonda (Depok),2026-08-01 02:00:00+00:00,2026-08-01 02:00:00+00:00,1
Jl. Margonda (Depok),2026-08-01 04:00:00+00:00,2026-08-01 04:00:00+00:00,1
Jl. Margonda (Depok),2026-08-01 07:00:00+00:00,2026-08-01 07:00:00+00:00,1
Jl. Margonda (Depok),2026-08-01 10:00:00+00:00,2026-08-01 10:00:00+00:00,1
Jl. Margonda (Depok),2026-08-01 13:00:00+00:00,2026-08-01 13:00:00+00:00,1
Jl. Margonda (Depok),2026-08-01 15:00:00+00:00,2026-08-01 15:00:00+00:00,1
Jl. Margonda (Depok),2026-08-01 18:00:00+00:00,2026-08-01 18:00:00+00:00,1
Jl. Margonda (Depok),2026-08-01 21:00:00+00:00,2026-08-01 21:00:00+00:00,1
Jl. Margonda (Depok),2026-08-01 23:00:00+00:00,2026-08-01 23:00:00+00:00,1
Jl. Margonda (Depok),2026-08-02 02:00:00+00:00,2026-08-02 02:00:00+00:00,1
Jl. Margonda (Depok),2026-08-02 05:00:00+00:00,2026-08-02 05:00:00+00:00,1
Jl. Margonda (Depok),2026-08-02 08:00:00+00:00,2026-08-02 08:00:00+00:00,1
Jl. Margonda (Depok),2026-08-02 10:00:00+00:00,2026-08-02 10:00:00+00:00,1
Jl. Margonda (Depok),2026-08-02 13:00:00+00:00,2026-08-02 13:00:00+00:00,1
Jl. Margonda (Depok),2026-08-02 16:00:00+00:00,2026-08-02 16:00:00+00:00,1
Jl. Margonda (Depok),2026-08-02 18:00:00+00:00,2026-08-02 18:00:00+00:00,1
Jl. Margonda (Depok),2026-08-02 21:00:00+00:00,2026-08-02 21:00:00+00:00,1
Jl. Margonda (Depok),2026-08-03 00:00:00+00:00,2026-08-03 00:00:00+00:00,1
Jl. Margonda (Depok),2026-08-03 03:00:00+00:00,2026-08-03 03:00:00+00:00,1
Jl. Margonda (Depok),2026-08-03 05:00:00+00:00,2026-08-03 05:00:00+00:00,1
Jl. Margonda (Depok),2026-08-03 08:00:00+00:00,2026-08-03 08:00:00+00:00,1
Jl. Margonda (Depok),2026-08-03 11:00:00+00:00,2026-08-03 11:00:00+00:00,1
Jl. Margonda (Depok),2026-08-03 13:00:00+00:00,2026-08-03 13:00:00+00:00,1
Jl. Margonda (Depok),2026-08-03 16:00:00+00:00,2026-08-03 16:00:00+00:00,1
Jl. Margonda (Depok),2026-08-03 19:00:00+00:00,2026-08-03 19:00:00+00:00,1
Jl. Margonda (Depok),2026-08-03 22:00:00+00:00,2026-08-03 22:00:00+00:00,1
Jl. Margonda (Depok),2026-08-04 00:00:00+00:00,2026-08-04 00:00:00+00:00,1
Jl. Margonda (Depok),2026-08-04 03:00:00+00:00,2026-08-04 03:00:00+00:00,1
Jl. Margonda (Depok),2026-08-04 06:00:00+00:00,2026-08-04 06:00:00+00:00,1
Jl. Margonda (Depok),2026-08-04 08:00:00+00:00,2026-08-04 08:00:00+00:00,1
Jl. Margonda (Depok),2026-08-04 11:00:00+00:00,2026-08-04 11:00:00+00:00,1
Jl. Margonda (Depok),2026-08-04 14:00:00+00:00,2026-08-04 14:00:00+00:00,1
Jl. Margonda (Depok),2026-08-04 16:00:00+00:00,2026-08-04 16:00:00+00:00,1
Jl. Margonda (Depok),2026-08-04 19:00:00+00:00,2026-08-04 19:00:00+00:00,1
Jl. Margonda (Depok),2026-08-04 22:00:00+00:00,2026-08-04 22:00:00+00:00,1
Jl. Margonda (Depok),2026-08-05 01:00:00+00:00,2026-08-05 01:00:00+00:00,1
Jl. Margonda (Depok),2026-08-05 03:00:00+00:00,2026-08-05 03:00:00+00:00,1
Jl. Margonda (Depok),2026-08-05 06:00:00+00:00,2026-08-05 06:00:00+00:00,1
Jl. Margonda (Depok),2026-08-05 09:00:00+00:00,2026-08-05 09:00:00+00:00,1
Jl. Margonda (Depok),2026-08-05 11:00:00+00:00,2026-08-05 11:00:00+00:00,1
Jl. Margonda (Depok),2026-08-05 14:00:00+00:00,2026-08-05 14:00:00+00:00,1
Jl. Margonda (Depok),2026-08-05 17:00:00+00:00,2026-08-05 17:00:00+00:00,1
Jl. Margonda (Depok),2026-08-05 20:00:00+00:00,2026-08-05 20:00:00+00:00,1
Jl. Margonda (Depok),2026-08-05 22:00:00+00:00,2026-08-05 22:00:00+00:00,1
Jl. Margonda (Depok),2026-08-06 01:00:00+00:00,2026-08-06 01:00:00+00:00,1
Jl. Margonda (Depok),2026-08-06 04:00:00+00:00,2026-08-06 04:00:00+00:00,1
Jl. Margonda (Depok),2026-08-06 06:00:00+00:00,2026-08-06 06:00:00+00:00,1
Jl. Margonda (Depok),2026-08-06 09:00:00+00:00,2026-08-06 09:00:00+00:00,1
Jl. Margonda (Depok),2026-08-06 12:00:00+00:00,2026-08-06 12:00:00+00:00,1
Jl. Margonda (Depok),2026-08-06 15:00:00+00:00,2026-08-06 15:00:00+00:00,1
Jl. Margonda (Depok),2026-08-06 17:00:00+00:00,2026-08-06 17:00:00+00:00,1
Jl. Margonda (Depok),2026-08-06 20:00:00+00:00,2026-08-06 20:00:00+00:00,1
Jl. Margonda (Depok),2026-08-06 23:00:00+00:00,2026-08-06 23:00:00+00:00,1
Jl. Margonda (Depok),2026-08-07 01:00:00+00:00,2026-08-07 01:00:00+00:00,1
Jl. Margonda (Depok),2026-08-07 04:00:00+00:00,2026-08-07 04:00:00+00:00,1
Jl. Margonda (Depok),2026-08-07 07:00:00+00:00,2026-08-07 07:00:00+00:00,1
Jl. Margonda (Depok),2026-08-07 10:00:00+00:00,2026-08-07 10:00:00+00:00,1
Jl. Margonda (Depok),2026-08-07 12:00:00+00:00,2026-08-07 12:00:00+00:00,1
Jl. Margonda (Depok),2026-08-07 15:00:00+00:00,2026-08-07 15:00:00+00:00,1
Jl. Margonda (Depok),2026-08-07 18:00:00+00:00,2026-08-07 18:00:00+00:00,1
Jl. Margonda (Depok),2026-08-07 21:00:00+00:00,2026-08-07 21:00:00+00:00,1
Jl. Margonda (Depok),2026-08-07 23:00:00+00:00,2026-08-07 23:00:00+00:00,1
Jl. Margonda (Depok),2026-08-08 02:00:00+00:00,2026-08-08 02:00:00+00:00,1
Jl. Margonda (Depok),2026-08-08 05:00:00+00:00,2026-08-08 05:00:00+00:00,1
Jl. Margonda (Depok),2026-08-08 07:00:00+00:00,2026-08-08 07:00:00+00:00,1
Jl. Margonda (Depok),2026-08-08 10:00:00+00:00,2026-08-08 10:00:00+00:00,1
Jl. Margonda (Depok),2026-08-08 13:00:00+00:00,2026-08-08 13:00:00+00:00,1
Jl. Margonda (Depok),2026-08-08 16:00:00+00:00,2026-08-08 16:00:00+00:00,1
Jl. Margonda (Depok),2026-08-08 18:00:00+00:00,2026-08-08 18:00:00+00:00,1
Jl. Margonda (Depok),2026-08-08 21:00:00+00:00,2026-08-08 21:00:00+00:00,1
Jl. Margonda (Depok),2026-08-09 00:00:00+00:00,2026-08-09 00:00:00+00:00,1
Jl. Margonda (Depok),2026-08-09 03:00:00+00:00,2026-08-09 03:00:00+00:00,1
Jl. Margonda (Depok),2026-08-09 05:00:00+00:00,2026-08-09 05:00:00+00:00,1
Jl. Margonda (Depok),2026-08-09 08:00:00+00:00,2026-08-09 08:00:00+00:00,1
Jl. Margonda (Depok),2026-08-09 11:00:00+00:00,2026-08-09 11:00:00+00:00,1
Jl. Margonda (Depok),2026-08-09 13:00:00+00:00,2026-08-09 13:00:00+00:00,1
Jl. Margonda (Depok),2026-08-09 16:00:00+00:00,2026-08-09 16:00:00+00:00,1
Jl. Margonda (Depok),2026-08-09 19:00:00+00:00,2026-08-09 19:00:00+00:00,1
Jl. Margonda (Depok),2026-08-09 22:00:00+00:00,2026-08-09 22:00:00+00:00,1
Jl. Margonda (Depok),2026-08-10 00:00:00+00:00,2026-08-10 00:00:00+00:00,1
Jl. Margonda (Depok),2026-08-10 03:00:00+00:00,2026-08-10 03:00:00+00:00,1
Jl. Margonda (Depok),2026-08-10 06:00:00+00:00,2026-08-10 06:00:00+00:00,1
Jl. Margonda (Depok),2026-08-10 09:00:00+00:00,2026-08-10 09:00:00+00:00,1
Jl. Margonda (Depok),2026-08-10 11:00:00+00:00,2026-08-10 11:00:00+00:00,1
Jl. Margonda (Depok),2026-08-10 14:00:00+00:00,2026-08-10 14:00:00+00:00,1
Jl. Margonda (Depok),2026-08-10 17:00:00+00:00,2026-08-10 17:00:00+00:00,1
Jl. Margonda (Depok),2026-08-10 19:00:00+00:00,2026-08-10 19:00:00+00:00,1
Jl. Margonda (Depok),2026-08-10 22:00:00+00:00,2026-08-10 22:00:00+00:00,1
Jl. Margonda (Depok),2026-08-11 01:00:00+00:00,2026-08-11 01:00:00+00:00,1
Jl. Margonda (Depok),2026-08-11 04:00:00+00:00,2026-08-11 04:00:00+00:00,1
Jl. Margonda (Depok),2026-08-11 06:00:00+00:00,2026-08-11 06:00:00+00:00,1
Jl. Margonda (Depok),2026-08-11 09:00:00+00:00,2026-08-11 09:00:00+00:00,1
Jl. Margonda (Depok),2026-08-11 11:00:00+00:00,2026-08-11 11:00:00+00:00,1
Jl. Margonda (Depok),2026-08-11 14:00:00+00:00,2026-08-11 14:00:00+00:00,1
Jl. Margonda (Depok),2026-08-11 16:00:00+00:00,2026-08-11 16:00:00+00:00,1
Jl. Margonda (Depok),2026-08-11 19:00:00+00:00,2026-08-11 19:00:00+00:00,1
Jl. Margonda (Depok),2026-08-11 22:00:00+00:00,2026-08-11 22:00:00+00:00,1
Jl. Margonda (Depok),2026-08-12 00:00:00+00:00,2026-08-12 00:00:00+00:00,1
Jl. Margonda (Depok),2026-08-12 03:00:00+00:00,2026-08-12 03:00:00+00:00,1
Jl. Margonda (Depok),2026-08-12 05:00:00+00:00,2026-08-12 05:00:00+00:00,1
Jl. Margonda (Depok),2026-08-12 08:00:00+00:00,2026-08-12 08:00:00+00:00,1
Jl. Margonda (Depok),2026-08-12 10:00:00+00:00,2026-08-12 10:00:00+00:00,1
Jl. Margonda (Depok),2026-08-12 13:00:00+00:00,2026-08-12 13:00:00+00:00,1
Jl. Margonda (Depok),2026-08-12 16:00:00+00:00,2026-08-12 16:00:00+00:00,1
Jl. Margonda (Depok),2026-08-12 18:00:00+00:00,2026-08-12 18:00:00+00:00,1
Jl. Margonda (Depok),2026-08-12 21:00:00+00:00,2026-08-12 21:00:00+00:00,1
Jl. Margonda (Depok),2026-08-12 23:00:00+00:00,2026-08-12 23:00:00+00:00,1
Jl. Margonda (Depok),2026-08-13 02:00:00+00:00,2026-08-13 02:00:00+00:00,1
Jl. Margonda (Depok),2026-08-13 05:00:00+00:00,2026-08-13 05:00:00+00:00,1
Jl. Margonda (Depok),2026-08-13 07:00:00+00:00,2026-08-13 07:00:00+00:00,1
Jl. Margonda (Depok),2026-08-13 10:00:00+00:00,2026-08-13 10:00:00+00:00,1
Jl. Margonda (Depok),2026-08-13 12:00:00+00:00,2026-08-13 12:00:00+00:00,1
Jl. Margonda (Depok),2026-08-13 15:00:00+00:00,2026-08-13 15:00:00+00:00,1
Jl. Margonda (Depok),2026-08-13 18:00:00+00:00,2026-08-13 18:00:00+00:00,1
Jl. Margonda (Depok),2026-08-13 20:00:00+00:00,2026-08-13 20:00:00+00:00,1
Jl. Margonda (Depok),2026-08-13 23:00:00+00:00,2026-08-13 23:00:00+00:00,1
Jl. Margonda (Depok),2026-08-14 01:00:00+00:00,2026-08-14 01:00:00+00:00,1
Jl. Margonda (Depok),2026-08-14 04:00:00+00:00,2026-08-14 04:00:00+00:00,1
Jl. Margonda (Depok),2026-08-14 07:00:00+00:00,2026-08-14 07:00:00+00:00,1
Jl. Margonda (Depok),2026-08-14 09:00:00+00:00,2026-08-14 09:00:00+00:00,1
Jl. Margonda (Depok),2026-08-14 12:00:00+00:00,2026-08-14 12:00:00+00:00,1
Jl. Margonda (Depok),2026-08-14 15:00:00+00:00,2026-08-14 15:00:00+00:00,1
Jl. Margonda (Depok),2026-08-14 17:00:00+00:00,2026-08-14 17:00:00+00:00,1
Jl. Margonda (Depok),2026-08-14 20:00:00+00:00,2026-08-14 20:00:00+00:00,1
Jl. Margonda (Depok),2026-08-14 22:00:00+00:00,2026-08-14 22:00:00+00:00,1
Jl. Margonda (Depok),2026-08-15 01:00:00+00:00,2026-08-15 01:00:00+00:00,1
Jl. Margonda (Depok),2026-08-15 04:00:00+00:00,2026-08-15 04:00:00+00:00,1
Jl. Margonda (Depok),2026-08-15 06:00:00+00:00,2026-08-15 06:00:00+00:00,1
Jl. Margonda (Depok),2026-08-15 09:00:00+00:00,2026-08-15 09:00:00+00:00,1
Jl. Margonda (Depok),2026-08-15 11:00:00+00:00,2026-08-15 11:00:00+00:00,1
Jl. Margonda (Depok),2026-08-15 14:00:00+00:00,2026-08-15 14:00:00+00:00,1
Jl. Margonda (Depok),2026-08-15 17:00:00+00:00,2026-08-15 17:00:00+00:00,1
Jl. Margonda (Depok),2026-08-15 19:00:00+00:00,2026-08-15 19:00:00+00:00,1
Jl. Margonda (Depok),2026-08-15 22:00:00+00:00,2026-08-15 22:00:00+00:00,1
Jl. Margonda (Depok),2026-08-16 00:00:00+00:00,2026-08-16 00:00:00+00:00,1
Jl. Margonda (Depok),2026-08-16 03:00:00+00:00,2026-08-16 03:00:00+00:00,1
Jl. Margonda (Depok),2026-08-16 05:00:00+00:00,2026-08-16 05:00:00+00:00,1
Jl. Margonda (Depok),2026-08-16 08:00:00+00:00,2026-08-16 08:00:00+00:00,1
Jl. Margonda (Depok),2026-08-16 11:00:00+00:00,2026-08-16 11:00:00+00:00,1
Jl. Margonda (Depok),2026-08-16 13:00:00+00:00,2026-08-16 13:00:00+00:00,1
Jl. Margonda (Depok),2026-08-16 16:00:00+00:00,2026-08-16 16:00:00+00:00,1
Jl. Margonda (Depok),2026-08-16 18:00:00+00:00,2026-08-16 18:00:00+00:00,1
Jl. Margonda (Depok),2026-08-16 21:00:00+00:00,2026-08-16 21:00:00+00:00,1
Jl. Margonda (Depok),2026-08-17 00:00:00+00:00,2026-08-17 00:00:00+00:00,1
Jl. Margonda (Depok),2026-08-17 02:00:00+00:00,2026-08-17 02:00:00+00:00,1
Jl. Margonda (Depok),2026-08-17 05:00:00+00:00,2026-08-17 05:00:00+00:00,1
Jl. Margonda (Depok),2026-08-17 07:00:00+00:00,2026-08-17 07:00:00+00:00,1
Jl. Margonda (Depok),2026-08-17 10:00:00+00:00,2026-08-17 10:00:00+00:00,1
Jl. Margonda (Depok),2026-08-17 12:00:00+00:00,2026-08-17 12:00:00+00:00,1
Jl. Margonda (Depok),2026-08-17 15:00:00+00:00,2026-08-17 15:00:00+00:00,1
Jl. Margonda (Depok),2026-08-17 18:00:00+00:00,2026-08-17 18:00:00+00:00,1
Jl. Margonda (Depok),2026-08-17 20:00:00+00:00,2026-08-17 20:00:00+00:00,1
Jl. Margonda (Depok),2026-08-17 23:00:00+00:00,2026-08-17 23:00:00+00:00,1
Jl. Margonda (Depok),2026-08-18 01:00:00+00:00,2026-08-18 01:00:00+00:00,1
Jl. Margonda (Depok),2026-08-18 03:00:00+00:00,2026-08-18 03:00:00+00:00,1
Jl. Margonda (Depok),2026-08-18 06:00:00+00:00,2026-08-18 06:00:00+00:00,1
Jl. Margonda (Depok),2026-08-18 08:00:00+00:00,2026-08-18 08:00:00+00:00,1
Jl. Margonda (Depok),2026-08-18 11:00:00+00:00,2026-08-18 11:00:00+00:00,1
Jl. Margonda (Depok),2026-08-18 13:00:00+00:00,2026-08-18 13:00:00+00:00,1
Jl. Margonda (Depok),2026-08-18 16:00:00+00:00,2026-08-18 16:00:00+00:00,1
Jl. Margonda (Depok),2026-08-18 18:00:00+00:00,2026-08-18 18:00:00+00:00,1
Jl. Margonda (Depok),2026-08-18 21:00:00+00:00,2026-08-18 21:00:00+00:00,1
Jl. Margonda (Depok),2026-08-18 23:00:00+00:00,2026-08-18 23:00:00+00:00,1
Jl. Margonda (Depok),2026-08-19 02:00:00+00:00,2026-08-19 02:00:00+00:00,1
Jl. Margonda (Depok),2026-08-19 04:00:00+00:00,2026-08-19 04:00:00+00:00,1
Jl. Margonda (Depok),2026-08-19 07:00:00+00:00,2026-08-19 07:00:00+00:00,1
Jl. Margonda (Depok),2026-08-19 09:00:00+00:00,2026-08-19 09:00:00+00:00,1
Jl. Margonda (Depok),2026-08-19 12:00:00+00:00,2026-08-19 12:00:00+00:00,1
Jl. Margonda (Depok),2026-08-19 14:00:00+00:00,2026-08-19 14:00:00+00:00,1
Jl. Margonda (Depok),2026-08-19 17:00:00+00:00,2026-08-19 17:00:00+00:00,1
Jl. Margonda (Depok),2026-08-19 19:00:00+00:00,2026-08-19 19:00:00+00:00,1
Jl. Margonda (Depok),2026-08-19 22:00:00+00:00,2026-08-19 22:00:00+00:00,1
Jl. Margonda (Depok),2026-08-20 00:00:00+00:00,2026-08-20 00:00:00+00:00,1
Jl. Margonda (Depok),2026-08-20 03:00:00+00:00,2026-08-20 03:00:00+00:00,1
Jl. Margonda (Depok),2026-08-20 05:00:00+00:00,2026-08-20 05:00:00+00:00,1
Jl. Margonda (Depok),2026-08-20 08:00:00+00:00,2026-08-20 08:00:00+00:00,1
Jl. Margonda (Depok),2026-08-20 10:00:00+00:00,2026-08-20 10:00:00+00:00,1
Jl. Margonda (Depok),2026-08-20 13:00:00+00:00,2026-08-20 13:00:00+00:00,1
Jl. Margonda (Depok),2026-08-20 15:00:00+00:00,2026-08-20 15:00:00+00:00,1
Jl. Margonda (Depok),2026-08-20 18:00:00+00:00,2026-08-20 18:00:00+00:00,1
Jl. Margonda (Depok),2026-08-20 20:00:00+00:00,2026-08-20 20:00:00+00:00,1
Jl. Margonda (Depok),2026-08-20 23:00:00+00:00,2026-08-20 23:00:00+00:00,1
Jl. Margonda (Depok),2026-08-21 01:00:00+00:00,2026-08-21 01:00:00+00:00,1
Jl. Margonda (Depok),2026-08-21 04:00:00+00:00,2026-08-21 04:00:00+00:00,1
Jl. Margonda (Depok),2026-08-21 06:00:00+00:00,2026-08-21 06:00:00+00:00,1
Jl. Margonda (Depok),2026-08-21 09:00:00+00:00,2026-08-21 09:00:00+00:00,1
Jl. Margonda (Depok),2026-08-21 11:00:00+00:00,2026-08-21 11:00:00+00:00,1
Jl. Gatot Subroto,2026-07-23 10:00:00+00:00,2026-07-23 10:00:00+00:00,1
Jl. Gatot Subroto,2026-07-23 15:00:00+00:00,2026-07-27 01:00:00+00:00,83
Jl. Gatot Subroto,2026-07-27 05:00:00+00:00,2026-07-27 05:00:00+00:00,1
Jl. Gatot Subroto,2026-07-27 17:00:00+00:00,2026-07-27 17:00:00+00:00,1
Jl. Gatot Subroto,2026-07-27 20:00:00+00:00,2026-07-27 20:00:00+00:00,1
Jl. Gatot Subroto,2026-07-27 23:00:00+00:00,2026-07-27 23:00:00+00:00,1
Jl. Gatot Subroto,2026-07-28 01:00:00+00:00,2026-07-28 01:00:00+00:00,1
Jl. Gatot Subroto,2026-07-28 04:00:00+00:00,2026-07-28 04:00:00+00:00,1
Jl. Gatot Subroto,2026-07-28 07:00:00+00:00,2026-07-28 07:00:00+00:00,1
Jl. Gatot Subroto,2026-07-28 10:00:00+00:00,2026-07-28 10:00:00+00:00,1
Jl. Gatot Subroto,2026-07-28 13:00:00+00:00,2026-07-28 13:00:00+00:00,1
Jl. Gatot Subroto,2026-07-28 15:00:00+00:00,2026-07-28 15:00:00+00:00,1
Jl. Gatot Subroto,2026-07-28 18:00:00+00:00,2026-07-28 18:00:00+00:00,1
Jl. Gatot Subroto,2026-07-28 21:00:00+00:00,2026-07-28 21:00:00+00:00,1
Jl. Gatot Subroto,2026-07-29 00:00:00+00:00,2026-07-29 00:00:00+00:00,1
Jl. Gatot Subroto,2026-07-29 02:00:00+00:00,2026-07-29 02:00:00+00:00,1
Jl. Gatot Subroto,2026-07-29 05:00:00+00:00,2026-07-29 05:00:00+00:00,1
Jl. Gatot Subroto,2026-07-29 08:00:00+00:00,2026-07-29 08:00:00+00:00,1
Jl. Gatot Subroto,2026-07-29 10:00:00+00:00,2026-07-29 10:00:00+00:00,1
Jl. Gatot Subroto,2026-07-29 13:00:00+00:00,2026-07-29 13:00:00+00:00,1
Jl. Gatot Subroto,2026-07-29 16:00:00+00:00,2026-07-29 16:00:00+00:00,1
Jl. Gatot Subroto,2026-07-29 19:00:00+00:00,2026-07-29 19:00:00+00:00,1
Jl. Gatot Subroto,2026-07-29 21:00:00+00:00,2026-07-29 21:00:00+00:00,1
Jl. Gatot Subroto,2026-07-30 00:00:00+00:00,2026-07-30 00:00:00+00:00,1
Jl. Gatot Subroto,2026-07-30 03:00:00+00:00,2026-07-30 03:00:00+00:00,1
Jl. Gatot Subroto,2026-07-30 06:00:00+00:00,2026-07-30 06:00:00+00:00,1
Jl. Gatot Subroto,2026-07-30 09:00:00+00:00,2026-07-30 09:00:00+00:00,1
Jl. Gatot Subroto,2026-07-30 12:00:00+00:00,2026-07-30 12:00:00+00:00,1
Jl. Gatot Subroto,2026-07-30 14:00:00+00:00,2026-07-30 14:00:00+00:00,1
Jl. Gatot Subroto,2026-07-30 17:00:00+00:00,2026-07-30 17:00:00+00:00,1
Jl. Gatot Subroto,2026-07-30 20:00:00+00:00,2026-07-30 20:00:00+00:00,1
Jl. Gatot Subroto,2026-07-30 22:00:00+00:00,2026-07-30 22:00:00+00:00,1
Jl. Gatot Subroto,2026-07-31 01:00:00+00:00,2026-07-31 01:00:00+00:00,1
Jl. Gatot Subroto,2026-07-31 04:00:00+00:00,2026-07-31 04:00:00+00:00,1
Jl. Gatot Subroto,2026-07-31 07:00:00+00:00,2026-07-31 07:00:00+00:00,1
Jl. Gatot Subroto,2026-07-31 09:00:00+00:00,2026-07-31 09:00:00+00:00,1
Jl. Gatot Subroto,2026-07-31 12:00:00+00:00,2026-07-31 12:00:00+00:00,1
Jl. Gatot Subroto,2026-07-31 15:00:00+00:00,2026-07-31 15:00:00+00:00,1
Jl. Gatot Subroto,2026-07-31 17:00:00+00:00,2026-07-31 17:00:00+00:00,1
Jl. Gatot Subroto,2026-07-31 20:00:00+00:00,2026-07-31 20:00:00+00:00,1
Jl. Gatot Subroto,2026-07-31 23:00:00+00:00,2026-07-31 23:00:00+00:00,1
Jl. Gatot Subroto,2026-08-01 02:00:00+00:00,2026-08-01 02:00:00+00:00,1
Jl. Gatot Subroto,2026-08-01 04:00:00+00:00,2026-08-01 04:00:00+00:00,1
Jl. Gatot Subroto,2026-08-01 07:00:00+00:00,2026-08-01 07:00:00+00:00,1
Jl. Gatot Subroto,2026-08-01 10:00:00+00:00,2026-08-01 10:00:00+00:00,1
Jl. Gatot Subroto,2026-08-01 13:00:00+00:00,2026-08-01 13:00:00+00:00,1
Jl. Gatot Subroto,2026-08-01 15:00:00+00:00,2026-08-01 15:00:00+00:00,1
Jl. Gatot Subroto,2026-08-01 18:00:00+00:00,2026-08-01 18:00:00+00:00,1
Jl. Gatot Subroto,2026-08-01 21:00:00+00:00,2026-08-01 21:00:00+00:00,1
Jl. Gatot Subroto,2026-08-01 23:00:00+00:00,2026-08-01 23:00:00+00:00,1
Jl. Gatot Subroto,2026-08-02 02:00:00+00:00,2026-08-02 02:00:00+00:00,1
Jl. Gatot Subroto,2026-08-02 05:00:00+00:00,2026-08-02 05:00:00+00:00,1
Jl. Gatot Subroto,2026-08-02 08:00:00+00:00,2026-08-02 08:00:00+00:00,1
Jl. Gatot Subroto,2026-08-02 10:00:00+00:00,2026-08-02 10:00:00+00:00,1
Jl. Gatot Subroto,2026-08-02 13:00:00+00:00,2026-08-02 13:00:00+00:00,1
Jl. Gatot Subroto,2026-08-02 16:00:00+00:00,2026-08-02 16:00:00+00:00,1
Jl. Gatot Subroto,2026-08-02 18:00:00+00:00,2026-08-02 18:00:00+00:00,1
Jl. Gatot Subroto,2026-08-02 21:00:00+00:00,2026-08-02 21:00:00+00:00,1
Jl. Gatot Subroto,2026-08-03 00:00:00+00:00,2026-08-03 00:00:00+00:00,1
Jl. Gatot Subroto,2026-08-03 03:00:00+00:00,2026-08-03 03:00:00+00:00,1
Jl. Gatot Subroto,2026-08-03 05:00:00+00:00,2026-08-03 05:00:00+00:00,1
Jl. Gatot Subroto,2026-08-03 08:00:00+00:00,2026-08-03 08:00:00+00:00,1
Jl. Gatot Subroto,2026-08-03 11:00:00+00:00,2026-08-03 11:00:00+00:00,1
Jl. Gatot Subroto,2026-08-03 13:00:00+00:00,2026-08-03 13:00:00+00:00,1
Jl. Gatot Subroto,2026-08-03 16:00:00+00:00,2026-08-03 16:00:00+00:00,1
Jl. Gatot Subroto,2026-08-03 19:00:00+00:00,2026-08-03 19:00:00+00:00,1
Jl. Gatot Subroto,2026-08-03 22:00:00+00:00,2026-08-03 22:00:00+00:00,1
Jl. Gatot Subroto,2026-08-04 00:00:00+00:00,2026-08-04 00:00:00+00:00,1
Jl. Gatot Subroto,2026-08-04 03:00:00+00:00,2026-08-04 03:00:00+00:00,1
Jl. Gatot Subroto,2026-08-04 06:00:00+00:00,2026-08-04 06:00:00+00:00,1
Jl. Gatot Subroto,2026-08-04 08:00:00+00:00,2026-08-04 08:00:00+00:00,1
Jl. Gatot Subroto,2026-08-04 11:00:00+00:00,2026-08-04 11:00:00+00:00,1
Jl. Gatot Subroto,2026-08-04 14:00:00+00:00,2026-08-04 14:00:00+00:00,1
Jl. Gatot Subroto,2026-08-04 16:00:00+00:00,2026-08-04 16:00:00+00:00,1
Jl. Gatot Subroto,2026-08-04 19:00:00+00:00,2026-08-04 19:00:00+00:00,1
Jl. Gatot Subroto,2026-08-04 22:00:00+00:00,2026-08-04 22:00:00+00:00,1
Jl. Gatot Subroto,2026-08-05 01:00:00+00:00,2026-08-05 01:00:00+00:00,1
Jl. Gatot Subroto,2026-08-05 03:00:00+00:00,2026-08-05 03:00:00+00:00,1
Jl. Gatot Subroto,2026-08-05 06:00:00+00:00,2026-08-05 06:00:00+00:00,1
Jl. Gatot Subroto,2026-08-05 09:00:00+00:00,2026-08-05 09:00:00+00:00,1
Jl. Gatot Subroto,2026-08-05 11:00:00+00:00,2026-08-05 11:00:00+00:00,1
Jl. Gatot Subroto,2026-08-05 14:00:00+00:00,2026-08-05 14:00:00+00:00,1
Jl. Gatot Subroto,2026-08-05 17:00:00+00:00,2026-08-05 17:00:00+00:00,1
Jl. Gatot Subroto,2026-08-05 20:00:00+00:00,2026-08-05 20:00:00+00:00,1
Jl. Gatot Subroto,2026-08-05 22:00:00+00:00,2026-08-05 22:00:00+00:00,1
Jl. Gatot Subroto,2026-08-06 01:00:00+00:00,2026-08-06 01:00:00+00:00,1
Jl. Gatot Subroto,2026-08-06 04:00:00+00:00,2026-08-06 04:00:00+00:00,1
Jl. Gatot Subroto,2026-08-06 06:00:00+00:00,2026-08-06 06:00:00+00:00,1
Jl. Gatot Subroto,2026-08-06 09:00:00+00:00,2026-08-06 09:00:00+00:00,1
Jl. Gatot Subroto,2026-08-06 12:00:00+00:00,2026-08-06 12:00:00+00:00,1
Jl. Gatot Subroto,2026-08-06 15:00:00+00:00,2026-08-06 15:00:00+00:00,1
Jl. Gatot Subroto,2026-08-06 17:00:00+00:00,2026-08-06 17:00:00+00:00,1
Jl. Gatot Subroto,2026-08-06 20:00:00+00:00,2026-08-06 20:00:00+00:00,1
Jl. Gatot Subroto,2026-08-06 23:00:00+00:00,2026-08-06 23:00:00+00:00,1
Jl. Gatot Subroto,2026-08-07 01:00:00+00:00,2026-08-07 01:00:00+00:00,1
Jl. Gatot Subroto,2026-08-07 04:00:00+00:00,2026-08-07 04:00:00+00:00,1
Jl. Gatot Subroto,2026-08-07 07:00:00+00:00,2026-08-07 07:00:00+00:00,1
Jl. Gatot Subroto,2026-08-07 10:00:00+00:00,2026-08-07 10:00:00+00:00,1
Jl. Gatot Subroto,2026-08-07 12:00:00+00:00,2026-08-07 12:00:00+00:00,1
Jl. Gatot Subroto,2026-08-07 15:00:00+00:00,2026-08-07 15:00:00+00:00,1
Jl. Gatot Subroto,2026-08-07 18:00:00+00:00,2026-08-07 18:00:00+00:00,1
Jl. Gatot Subroto,2026-08-07 21:00:00+00:00,2026-08-07 21:00:00+00:00,1
Jl. Gatot Subroto,2026-08-07 23:00:00+00:00,2026-08-07 23:00:00+00:00,1
Jl. Gatot Subroto,2026-08-08 02:00:00+00:00,2026-08-08 02:00:00+00:00,1
Jl. Gatot Subroto,2026-08-08 05:00:00+00:00,2026-08-08 05:00:00+00:00,1
Jl. Gatot Subroto,2026-08-08 07:00:00+00:00,2026-08-08 07:00:00+00:00,1
Jl. Gatot Subroto,2026-08-08 10:00:00+00:00,2026-08-08 10:00:00+00:00,1
Jl. Gatot Subroto,2026-08-08 13:00:00+00:00,2026-08-08 13:00:00+00:00,1
Jl. Gatot Subroto,2026-08-08 16:00:00+00:00,2026-08-08 16:00:00+00:00,1
Jl. Gatot Subroto,2026-08-08 18:00:00+00:00,2026-08-08 18:00:00+00:00,1
Jl. Gatot Subroto,2026-08-08 21:00:00+00:00,2026-08-08 21:00:00+00:00,1
Jl. Gatot Subroto,2026-08-09 00:00:00+00:00,2026-08-09 00:00:00+00:00,1
Jl. Gatot Subroto,2026-08-09 03:00:00+00:00,2026-08-09 03:00:00+00:00,1
Jl. Gatot Subroto,2026-08-09 05:00:00+00:00,2026-08-09 05:00:00+00:00,1
Jl. Gatot Subroto,2026-08-09 08:00:00+00:00,2026-08-09 08:00:00+00:00,1
Jl. Gatot Subroto,2026-08-09 11:00:00+00:00,2026-08-09 11:00:00+00:00,1
Jl. Gatot Subroto,2026-08-09 13:00:00+00:00,2026-08-09 13:00:00+00:00,1
Jl. Gatot Subroto,2026-08-09 16:00:00+00:00,2026-08-09 16:00:00+00:00,1
Jl. Gatot Subroto,2026-08-09 19:00:00+00:00,2026-08-09 19:00:00+00:00,1
Jl. Gatot Subroto,2026-08-09 22:00:00+00:00,2026-08-09 22:00:00+00:00,1
Jl. Gatot Subroto,2026-08-10 00:00:00+00:00,2026-08-10 00:00:00+00:00,1
Jl. Gatot Subroto,2026-08-10 03:00:00+00:00,2026-08-10 03:00:00+00:00,1
Jl. Gatot Subroto,2026-08-10 06:00:00+00:00,2026-08-10 06:00:00+00:00,1
Jl. Gatot Subroto,2026-08-10 09:00:00+00:00,2026-08-10 09:00:00+00:00,1
Jl. Gatot Subroto,2026-08-10 11:00:00+00:00,2026-08-10 11:00:00+00:00,1
Jl. Gatot Subroto,2026-08-10 14:00:00+00:00,2026-08-10 14:00:00+00:00,1
Jl. Gatot Subroto,2026-08-10 17:00:00+00:00,2026-08-10 17:00:00+00:00,1
Jl. Gatot Subroto,2026-08-10 19:00:00+00:00,2026-08-10 19:00:00+00:00,1
Jl. Gatot Subroto,2026-08-10 22:00:00+00:00,2026-08-10 22:00:00+00:00,1
Jl. Gatot Subroto,2026-08-11 01:00:00+00:00,2026-08-11 01:00:00+00:00,1
Jl. Gatot Subroto,2026-08-11 04:00:00+00:00,2026-08-11 04:00:00+00:00,1
Jl. Gatot Subroto,2026-08-11 06:00:00+00:00,2026-08-11 06:00:00+00:00,1
Jl. Gatot Subroto,2026-08-11 09:00:00+00:00,2026-08-11 09:00:00+00:00,1
Jl. Gatot Subroto,2026-08-11 11:00:00+00:00,2026-08-11 11:00:00+00:00,1
Jl. Gatot Subroto,2026-08-11 14:00:00+00:00,2026-08-11 14:00:00+00:00,1
Jl. Gatot Subroto,2026-08-11 16:00:00+00:00,2026-08-11 16:00:00+00:00,1
Jl. Gatot Subroto,2026-08-11 19:00:00+00:00,2026-08-11 19:00:00+00:00,1
Jl. Gatot Subroto,2026-08-11 22:00:00+00:00,2026-08-11 22:00:00+00:00,1
Jl. Gatot Subroto,2026-08-12 00:00:00+00:00,2026-08-12 00:00:00+00:00,1
Jl. Gatot Subroto,2026-08-12 03:00:00+00:00,2026-08-12 03:00:00+00:00,1
Jl. Gatot Subroto,2026-08-12 05:00:00+00:00,2026-08-12 05:00:00+00:00,1
Jl. Gatot Subroto,2026-08-12 08:00:00+00:00,2026-08-12 08:00:00+00:00,1
Jl. Gatot Subroto,2026-08-12 10:00:00+00:00,2026-08-12 10:00:00+00:00,1
Jl. Gatot Subroto,2026-08-12 13:00:00+00:00,2026-08-12 13:00:00+00:00,1
Jl. Gatot Subroto,2026-08-12 16:00:00+00:00,2026-08-12 16:00:00+00:00,1
Jl. Gatot Subroto,2026-08-12 18:00:00+00:00,2026-08-12 18:00:00+00:00,1
Jl. Gatot Subroto,2026-08-12 21:00:00+00:00,2026-08-12 21:00:00+00:00,1
Jl. Gatot Subroto,2026-08-12 23:00:00+00:00,2026-08-12 23:00:00+00:00,1
Jl. Gatot Subroto,2026-08-13 02:00:00+00:00,2026-08-13 02:00:00+00:00,1
Jl. Gatot Subroto,2026-08-13 05:00:00+00:00,2026-08-13 05:00:00+00:00,1
Jl. Gatot Subroto,2026-08-13 07:00:00+00:00,2026-08-13 07:00:00+00:00,1
Jl. Gatot Subroto,2026-08-13 10:00:00+00:00,2026-08-13 10:00:00+00:00,1
Jl. Gatot Subroto,2026-08-13 12:00:00+00:00,2026-08-13 12:00:00+00:00,1
Jl. Gatot Subroto,2026-08-13 15:00:00+00:00,2026-08-13 15:00:00+00:00,1
Jl. Gatot Subroto,2026-08-13 18:00:00+00:00,2026-08-13 18:00:00+00:00,1
Jl. Gatot Subroto,2026-08-13 20:00:00+00:00,2026-08-13 20:00:00+00:00,1
Jl. Gatot Subroto,2026-08-13 23:00:00+00:00,2026-08-13 23:00:00+00:00,1
Jl. Gatot Subroto,2026-08-14 01:00:00+00:00,2026-08-14 01:00:00+00:00,1
Jl. Gatot Subroto,2026-08-14 04:00:00+00:00,2026-08-14 04:00:00+00:00,1
Jl. Gatot Subroto,2026-08-14 07:00:00+00:00,2026-08-14 07:00:00+00:00,1
Jl. Gatot Subroto,2026-08-14 09:00:00+00:00,2026-08-14 09:00:00+00:00,1
Jl. Gatot Subroto,2026-08-14 12:00:00+00:00,2026-08-14 12:00:00+00:00,1
Jl. Gatot Subroto,2026-08-14 15:00:00+00:00,2026-08-14 15:00:00+00:00,1
Jl. Gatot Subroto,2026-08-14 17:00:00+00:00,2026-08-14 17:00:00+00:00,1
Jl. Gatot Subroto,2026-08-14 20:00:00+00:00,2026-08-14 20:00:00+00:00,1
Jl. Gatot Subroto,2026-08-14 22:00:00+00:00,2026-08-14 22:00:00+00:00,1
Jl. Gatot Subroto,2026-08-15 01:00:00+00:00,2026-08-15 01:00:00+00:00,1
Jl. Gatot Subroto,2026-08-15 04:00:00+00:00,2026-08-15 04:00:00+00:00,1
Jl. Gatot Subroto,2026-08-15 06:00:00+00:00,2026-08-15 06:00:00+00:00,1
Jl. Gatot Subroto,2026-08-15 09:00:00+00:00,2026-08-15 09:00:00+00:00,1
Jl. Gatot Subroto,2026-08-15 11:00:00+00:00,2026-08-15 11:00:00+00:00,1
Jl. Gatot Subroto,2026-08-15 14:00:00+00:00,2026-08-15 14:00:00+00:00,1
Jl. Gatot Subroto,2026-08-15 17:00:00+00:00,2026-08-15 17:00:00+00:00,1
Jl. Gatot Subroto,2026-08-15 19:00:00+00:00,2026-08-15 19:00:00+00:00,1
Jl. Gatot Subroto,2026-08-15 22:00:00+00:00,2026-08-15 22:00:00+00:00,1
Jl. Gatot Subroto,2026-08-16 00:00:00+00:00,2026-08-16 00:00:00+00:00,1
Jl. Gatot Subroto,2026-08-16 03:00:00+00:00,2026-08-16 03:00:00+00:00,1
Jl. Gatot Subroto,2026-08-16 05:00:00+00:00,2026-08-16 05:00:00+00:00,1
Jl. Gatot Subroto,2026-08-16 08:00:00+00:00,2026-08-16 08:00:00+00:00,1
Jl. Gatot Subroto,2026-08-16 11:00:00+00:00,2026-08-16 11:00:00+00:00,1
Jl. Gatot Subroto,2026-08-16 13:00:00+00:00,2026-08-16 13:00:00+00:00,1
Jl. Gatot Subroto,2026-08-16 16:00:00+00:00,2026-08-16 16:00:00+00:00,1
Jl. Gatot Subroto,2026-08-16 18:00:00+00:00,2026-08-16 18:00:00+00:00,1
Jl. Gatot Subroto,2026-08-16 21:00:00+00:00,2026-08-16 21:00:00+00:00,1
Jl. Gatot Subroto,2026-08-17 00:00:00+00:00,2026-08-17 00:00:00+00:00,1
Jl. Gatot Subroto,2026-08-17 02:00:00+00:00,2026-08-17 02:00:00+00:00,1
Jl. Gatot Subroto,2026-08-17 05:00:00+00:00,2026-08-17 05:00:00+00:00,1
Jl. Gatot Subroto,2026-08-17 07:00:00+00:00,2026-08-17 07:00:00+00:00,1
Jl. Gatot Subroto,2026-08-17 10:00:00+00:00,2026-08-17 10:00:00+00:00,1
Jl. Gatot Subroto,2026-08-17 12:00:00+00:00,2026-08-17 12:00:00+00:00,1
Jl. Gatot Subroto,2026-08-17 15:00:00+00:00,2026-08-17 15:00:00+00:00,1
Jl. Gatot Subroto,2026-08-17 18:00:00+00:00,2026-08-17 18:00:00+00:00,1
Jl. Gatot Subroto,2026-08-17 20:00:00+00:00,2026-08-17 20:00:00+00:00,1
Jl. Gatot Subroto,2026-08-17 23:00:00+00:00,2026-08-17 23:00:00+00:00,1
Jl. Gatot Subroto,2026-08-18 01:00:00+00:00,2026-08-18 01:00:00+00:00,1
Jl. Gatot Subroto,2026-08-18 03:00:00+00:00,2026-08-18 03:00:00+00:00,1
Jl. Gatot Subroto,2026-08-18 06:00:00+00:00,2026-08-18 06:00:00+00:00,1
Jl. Gatot Subroto,2026-08-18 08:00:00+00:00,2026-08-18 08:00:00+00:00,1
Jl. Gatot Subroto,2026-08-18 11:00:00+00:00,2026-08-18 11:00:00+00:00,1
Jl. Gatot Subroto,2026-08-18 13:00:00+00:00,2026-08-18 13:00:00+00:00,1
Jl. Gatot Subroto,2026-08-18 16:00:00+00:00,2026-08-18 16:00:00+00:00,1
Jl. Gatot Subroto,2026-08-18 18:00:00+00:00,2026-08-18 18:00:00+00:00,1
Jl. Gatot Subroto,2026-08-18 21:00:00+00:00,2026-08-18 21:00:00+00:00,1
Jl. Gatot Subroto,2026-08-18 23:00:00+00:00,2026-08-18 23:00:00+00:00,1
Jl. Gatot Subroto,2026-08-19 02:00:00+00:00,2026-08-19 02:00:00+00:00,1
Jl. Gatot Subroto,2026-08-19 04:00:00+00:00,2026-08-19 04:00:00+00:00,1
Jl. Gatot Subroto,2026-08-19 07:00:00+00:00,2026-08-19 07:00:00+00:00,1
Jl. Gatot Subroto,2026-08-19 09:00:00+00:00,2026-08-19 09:00:00+00:00,1
Jl. Gatot Subroto,2026-08-19 12:00:00+00:00,2026-08-19 12:00:00+00:00,1
Jl. Gatot Subroto,2026-08-19 14:00:00+00:00,2026-08-19 14:00:00+00:00,1
Jl. Gatot Subroto,2026-08-19 17:00:00+00:00,2026-08-19 17:00:00+00:00,1
Jl. Gatot Subroto,2026-08-19 19:00:00+00:00,2026-08-19 19:00:00+00:00,1
Jl. Gatot Subroto,2026-08-19 22:00:00+00:00,2026-08-19 22:00:00+00:00,1
Jl. Gatot Subroto,2026-08-20 00:00:00+00:00,2026-08-20 00:00:00+00:00,1
Jl. Gatot Subroto,2026-08-20 03:00:00+00:00,2026-08-20 03:00:00+00:00,1
Jl. Gatot Subroto,2026-08-20 05:00:00+00:00,2026-08-20 05:00:00+00:00,1
Jl. Gatot Subroto,2026-08-20 08:00:00+00:00,2026-08-20 08:00:00+00:00,1
Jl. Gatot Subroto,2026-08-20 10:00:00+00:00,2026-08-20 10:00:00+00:00,1
Jl. Gatot Subroto,2026-08-20 13:00:00+00:00,2026-08-20 13:00:00+00:00,1
Jl. Gatot Subroto,2026-08-20 15:00:00+00:00,2026-08-20 15:00:00+00:00,1
Jl. Gatot Subroto,2026-08-20 18:00:00+00:00,2026-08-20 18:00:00+00:00,1
Jl. Gatot Subroto,2026-08-20 20:00:00+00:00,2026-08-20 20:00:00+00:00,1
Jl. Gatot Subroto,2026-08-20 23:00:00+00:00,2026-08-20 23:00:00+00:00,1
Jl. Gatot Subroto,2026-08-21 01:00:00+00:00,2026-08-21 01:00:00+00:00,1
Jl. Gatot Subroto,2026-08-21 04:00:00+00:00,2026-08-21 04:00:00+00:00,1
Jl. Gatot Subroto,2026-08-21 06:00:00+00:00,2026-08-21 06:00:00+00:00,1
Jl. Gatot Subroto,2026-08-21 09:00:00+00:00,2026-08-21 09:00:00+00:00,1
Jl. Gatot Subroto,2026-08-21 11:00:00+00:00,2026-08-21 11:00:00+00:00,1
Grogol,2026-07-23 10:00:00+00:00,2026-07-23 10:00:00+00:00,1
Grogol,2026-07-23 15:00:00+00:00,2026-07-27 01:00:00+00:00,83
Grogol,2026-07-27 05:00:00+00:00,2026-07-27 05:00:00+00:00,1
Grogol,2026-07-27 17:00:00+00:00,2026-07-27 17:00:00+00:00,1
Grogol,2026-07-27 20:00:00+00:00,2026-07-27 20:00:00+00:00,1
Grogol,2026-07-27 23:00:00+00:00,2026-07-27 23:00:00+00:00,1
Grogol,2026-07-28 01:00:00+00:00,2026-07-28 01:00:00+00:00,1
Grogol,2026-07-28 04:00:00+00:00,2026-07-28 04:00:00+00:00,1
Grogol,2026-07-28 07:00:00+00:00,2026-07-28 07:00:00+00:00,1
Grogol,2026-07-28 10:00:00+00:00,2026-07-28 10:00:00+00:00,1
Grogol,2026-07-28 13:00:00+00:00,2026-07-28 13:00:00+00:00,1
Grogol,2026-07-28 15:00:00+00:00,2026-07-28 15:00:00+00:00,1
Grogol,2026-07-28 18:00:00+00:00,2026-07-28 18:00:00+00:00,1
Grogol,2026-07-28 21:00:00+00:00,2026-07-28 21:00:00+00:00,1
Grogol,2026-07-29 00:00:00+00:00,2026-07-29 00:00:00+00:00,1
Grogol,2026-07-29 02:00:00+00:00,2026-07-29 02:00:00+00:00,1
Grogol,2026-07-29 05:00:00+00:00,2026-07-29 05:00:00+00:00,1
Grogol,2026-07-29 08:00:00+00:00,2026-07-29 08:00:00+00:00,1
Grogol,2026-07-29 10:00:00+00:00,2026-07-29 10:00:00+00:00,1
Grogol,2026-07-29 13:00:00+00:00,2026-07-29 13:00:00+00:00,1
Grogol,2026-07-29 16:00:00+00:00,2026-07-29 16:00:00+00:00,1
Grogol,2026-07-29 19:00:00+00:00,2026-07-29 19:00:00+00:00,1
Grogol,2026-07-29 21:00:00+00:00,2026-07-29 21:00:00+00:00,1
Grogol,2026-07-30 00:00:00+00:00,2026-07-30 00:00:00+00:00,1
Grogol,2026-07-30 03:00:00+00:00,2026-07-30 03:00:00+00:00,1
Grogol,2026-07-30 06:00:00+00:00,2026-07-30 06:00:00+00:00,1
Grogol,2026-07-30 09:00:00+00:00,2026-07-30 09:00:00+00:00,1
Grogol,2026-07-30 12:00:00+00:00,2026-07-30 12:00:00+00:00,1
Grogol,2026-07-30 14:00:00+00:00,2026-07-30 14:00:00+00:00,1
Grogol,2026-07-30 17:00:00+00:00,2026-07-30 17:00:00+00:00,1
Grogol,2026-07-30 20:00:00+00:00,2026-07-30 20:00:00+00:00,1
Grogol,2026-07-30 22:00:00+00:00,2026-07-30 22:00:00+00:00,1
Grogol,2026-07-31 01:00:00+00:00,2026-07-31 01:00:00+00:00,1
Grogol,2026-07-31 04:00:00+00:00,2026-07-31 04:00:00+00:00,1
Grogol,2026-07-31 07:00:00+00:00,2026-07-31 07:00:00+00:00,1
Grogol,2026-07-31 09:00:00+00:00,2026-07-31 09:00:00+00:00,1
Grogol,2026-07-31 12:00:00+00:00,2026-07-31 12:00:00+00:00,1
Grogol,2026-07-31 15:00:00+00:00,2026-07-31 15:00:00+00:00,1
Grogol,2026-07-31 17:00:00+00:00,2026-07-31 17:00:00+00:00,1
Grogol,2026-07-31 20:00:00+00:00,2026-07-31 20:00:00+00:00,1
Grogol,2026-07-31 23:00:00+00:00,2026-07-31 23:00:00+00:00,1
Grogol,2026-08-01 02:00:00+00:00,2026-08-01 02:00:00+00:00,1
Grogol,2026-08-01 04:00:00+00:00,2026-08-01 04:00:00+00:00,1
Grogol,2026-08-01 07:00:00+00:00,2026-08-01 07:00:00+00:00,1
Grogol,2026-08-01 10:00:00+00:00,2026-08-01 10:00:00+00:00,1
Grogol,2026-08-01 13:00:00+00:00,2026-08-01 13:00:00+00:00,1
Grogol,2026-08-01 15:00:00+00:00,2026-08-01 15:00:00+00:00,1
Grogol,2026-08-01 18:00:00+00:00,2026-08-01 18:00:00+00:00,1
Grogol,2026-08-01 21:00:00+00:00,2026-08-01 21:00:00+00:00,1
Grogol,2026-08-01 23:00:00+00:00,2026-08-01 23:00:00+00:00,1
Grogol,2026-08-02 02:00:00+00:00,2026-08-02 02:00:00+00:00,1
Grogol,2026-08-02 05:00:00+00:00,2026-08-02 05:00:00+00:00,1
Grogol,2026-08-02 08:00:00+00:00,2026-08-02 08:00:00+00:00,1
Grogol,2026-08-02 10:00:00+00:00,2026-08-02 10:00:00+00:00,1
Grogol,2026-08-02 13:00:00+00:00,2026-08-02 13:00:00+00:00,1
Grogol,2026-08-02 16:00:00+00:00,2026-08-02 16:00:00+00:00,1
Grogol,2026-08-02 18:00:00+00:00,2026-08-02 18:00:00+00:00,1
Grogol,2026-08-02 21:00:00+00:00,2026-08-02 21:00:00+00:00,1
Grogol,2026-08-03 00:00:00+00:00,2026-08-03 00:00:00+00:00,1
Grogol,2026-08-03 03:00:00+00:00,2026-08-03 03:00:00+00:00,1
Grogol,2026-08-03 05:00:00+00:00,2026-08-03 05:00:00+00:00,1
Grogol,2026-08-03 08:00:00+00:00,2026-08-03 08:00:00+00:00,1
Grogol,2026-08-03 11:00:00+00:00,2026-08-03 11:00:00+00:00,1
Grogol,2026-08-03 13:00:00+00:00,2026-08-03 13:00:00+00:00,1
Grogol,2026-08-03 16:00:00+00:00,2026-08-03 16:00:00+00:00,1
Grogol,2026-08-03 19:00:00+00:00,2026-08-03 19:00:00+00:00,1
Grogol,2026-08-03 22:00:00+00:00,2026-08-03 22:00:00+00:00,1
Grogol,2026-08-04 00:00:00+00:00,2026-08-04 00:00:00+00:00,1
Grogol,2026-08-04 03:00:00+00:00,2026-08-04 03:00:00+00:00,1
Grogol,2026-08-04 06:00:00+00:00,2026-08-04 06:00:00+00:00,1
Grogol,2026-08-04 08:00:00+00:00,2026-08-04 08:00:00+00:00,1
Grogol,2026-08-04 11:00:00+00:00,2026-08-04 11:00:00+00:00,1
Grogol,2026-08-04 14:00:00+00:00,2026-08-04 14:00:00+00:00,1
Grogol,2026-08-04 16:00:00+00:00,2026-08-04 16:00:00+00:00,1
Grogol,2026-08-04 19:00:00+00:00,2026-08-04 19:00:00+00:00,1
Grogol,2026-08-04 22:00:00+00:00,2026-08-04 22:00:00+00:00,1
Grogol,2026-08-05 01:00:00+00:00,2026-08-05 01:00:00+00:00,1
Grogol,2026-08-05 03:00:00+00:00,2026-08-05 03:00:00+00:00,1
Grogol,2026-08-05 06:00:00+00:00,2026-08-05 06:00:00+00:00,1
Grogol,2026-08-05 09:00:00+00:00,2026-08-05 09:00:00+00:00,1
Grogol,2026-08-05 11:00:00+00:00,2026-08-05 11:00:00+00:00,1
Grogol,2026-08-05 14:00:00+00:00,2026-08-05 14:00:00+00:00,1
Grogol,2026-08-05 17:00:00+00:00,2026-08-05 17:00:00+00:00,1
Grogol,2026-08-05 20:00:00+00:00,2026-08-05 20:00:00+00:00,1
Grogol,2026-08-05 22:00:00+00:00,2026-08-05 22:00:00+00:00,1
Grogol,2026-08-06 01:00:00+00:00,2026-08-06 01:00:00+00:00,1
Grogol,2026-08-06 04:00:00+00:00,2026-08-06 04:00:00+00:00,1
Grogol,2026-08-06 06:00:00+00:00,2026-08-06 06:00:00+00:00,1
Grogol,2026-08-06 09:00:00+00:00,2026-08-06 09:00:00+00:00,1
Grogol,2026-08-06 12:00:00+00:00,2026-08-06 12:00:00+00:00,1
Grogol,2026-08-06 15:00:00+00:00,2026-08-06 15:00:00+00:00,1
Grogol,2026-08-06 17:00:00+00:00,2026-08-06 17:00:00+00:00,1
Grogol,2026-08-06 20:00:00+00:00,2026-08-06 20:00:00+00:00,1
Grogol,2026-08-06 23:00:00+00:00,2026-08-06 23:00:00+00:00,1
Grogol,2026-08-07 01:00:00+00:00,2026-08-07 01:00:00+00:00,1
Grogol,2026-08-07 04:00:00+00:00,2026-08-07 04:00:00+00:00,1
Grogol,2026-08-07 07:00:00+00:00,2026-08-07 07:00:00+00:00,1
Grogol,2026-08-07 10:00:00+00:00,2026-08-07 10:00:00+00:00,1
Grogol,2026-08-07 12:00:00+00:00,2026-08-07 12:00:00+00:00,1
Grogol,2026-08-07 15:00:00+00:00,2026-08-07 15:00:00+00:00,1
Grogol,2026-08-07 18:00:00+00:00,2026-08-07 18:00:00+00:00,1
Grogol,2026-08-07 21:00:00+00:00,2026-08-07 21:00:00+00:00,1
Grogol,2026-08-07 23:00:00+00:00,2026-08-07 23:00:00+00:00,1
Grogol,2026-08-08 02:00:00+00:00,2026-08-08 02:00:00+00:00,1
Grogol,2026-08-08 05:00:00+00:00,2026-08-08 05:00:00+00:00,1
Grogol,2026-08-08 07:00:00+00:00,2026-08-08 07:00:00+00:00,1
Grogol,2026-08-08 10:00:00+00:00,2026-08-08 10:00:00+00:00,1
Grogol,2026-08-08 13:00:00+00:00,2026-08-08 13:00:00+00:00,1
Grogol,2026-08-08 16:00:00+00:00,2026-08-08 16:00:00+00:00,1
Grogol,2026-08-08 18:00:00+00:00,2026-08-08 18:00:00+00:00,1
Grogol,2026-08-08 21:00:00+00:00,2026-08-08 21:00:00+00:00,1
Grogol,2026-08-09 00:00:00+00:00,2026-08-09 00:00:00+00:00,1
Grogol,2026-08-09 03:00:00+00:00,2026-08-09 03:00:00+00:00,1
Grogol,2026-08-09 05:00:00+00:00,2026-08-09 05:00:00+00:00,1
Grogol,2026-08-09 08:00:00+00:00,2026-08-09 08:00:00+00:00,1
Grogol,2026-08-09 11:00:00+00:00,2026-08-09 11:00:00+00:00,1
Grogol,2026-08-09 13:00:00+00:00,2026-08-09 13:00:00+00:00,1
Grogol,2026-08-09 16:00:00+00:00,2026-08-09 16:00:00+00:00,1
Grogol,2026-08-09 19:00:00+00:00,2026-08-09 19:00:00+00:00,1
Grogol,2026-08-09 22:00:00+00:00,2026-08-09 22:00:00+00:00,1
Grogol,2026-08-10 00:00:00+00:00,2026-08-10 00:00:00+00:00,1
Grogol,2026-08-10 03:00:00+00:00,2026-08-10 03:00:00+00:00,1
Grogol,2026-08-10 06:00:00+00:00,2026-08-10 06:00:00+00:00,1
Grogol,2026-08-10 09:00:00+00:00,2026-08-10 09:00:00+00:00,1
Grogol,2026-08-10 11:00:00+00:00,2026-08-10 11:00:00+00:00,1
Grogol,2026-08-10 14:00:00+00:00,2026-08-10 14:00:00+00:00,1
Grogol,2026-08-10 17:00:00+00:00,2026-08-10 17:00:00+00:00,1
Grogol,2026-08-10 19:00:00+00:00,2026-08-10 19:00:00+00:00,1
Grogol,2026-08-10 22:00:00+00:00,2026-08-10 22:00:00+00:00,1
Grogol,2026-08-11 01:00:00+00:00,2026-08-11 01:00:00+00:00,1
Grogol,2026-08-11 04:00:00+00:00,2026-08-11 04:00:00+00:00,1
Grogol,2026-08-11 06:00:00+00:00,2026-08-11 06:00:00+00:00,1
Grogol,2026-08-11 09:00:00+00:00,2026-08-11 09:00:00+00:00,1
Grogol,2026-08-11 11:00:00+00:00,2026-08-11 11:00:00+00:00,1
Grogol,2026-08-11 14:00:00+00:00,2026-08-11 14:00:00+00:00,1
Grogol,2026-08-11 16:00:00+00:00,2026-08-11 16:00:00+00:00,1
Grogol,2026-08-11 19:00:00+00:00,2026-08-11 19:00:00+00:00,1
Grogol,2026-08-11 22:00:00+00:00,2026-08-11 22:00:00+00:00,1
Grogol,2026-08-12 00:00:00+00:00,2026-08-12 00:00:00+00:00,1
Grogol,2026-08-12 03:00:00+00:00,2026-08-12 03:00:00+00:00,1
Grogol,2026-08-12 05:00:00+00:00,2026-08-12 05:00:00+00:00,1
Grogol,2026-08-12 08:00:00+00:00,2026-08-12 08:00:00+00:00,1
Grogol,2026-08-12 10:00:00+00:00,2026-08-12 10:00:00+00:00,1
Grogol,2026-08-12 13:00:00+00:00,2026-08-12 13:00:00+00:00,1
Grogol,2026-08-12 16:00:00+00:00,2026-08-12 16:00:00+00:00,1
Grogol,2026-08-12 18:00:00+00:00,2026-08-12 18:00:00+00:00,1
Grogol,2026-08-12 21:00:00+00:00,2026-08-12 21:00:00+00:00,1
Grogol,2026-08-12 23:00:00+00:00,2026-08-12 23:00:00+00:00,1
Grogol,2026-08-13 02:00:00+00:00,2026-08-13 02:00:00+00:00,1
Grogol,2026-08-13 05:00:00+00:00,2026-08-13 05:00:00+00:00,1
Grogol,2026-08-13 07:00:00+00:00,2026-08-13 07:00:00+00:00,1
Grogol,2026-08-13 10:00:00+00:00,2026-08-13 10:00:00+00:00,1
Grogol,2026-08-13 12:00:00+00:00,2026-08-13 12:00:00+00:00,1
Grogol,2026-08-13 15:00:00+00:00,2026-08-13 15:00:00+00:00,1
Grogol,2026-08-13 18:00:00+00:00,2026-08-13 18:00:00+00:00,1
Grogol,2026-08-13 20:00:00+00:00,2026-08-13 20:00:00+00:00,1
Grogol,2026-08-13 23:00:00+00:00,2026-08-13 23:00:00+00:00,1
Grogol,2026-08-14 01:00:00+00:00,2026-08-14 01:00:00+00:00,1
Grogol,2026-08-14 04:00:00+00:00,2026-08-14 04:00:00+00:00,1
Grogol,2026-08-14 07:00:00+00:00,2026-08-14 07:00:00+00:00,1
Grogol,2026-08-14 09:00:00+00:00,2026-08-14 09:00:00+00:00,1
Grogol,2026-08-14 12:00:00+00:00,2026-08-14 12:00:00+00:00,1
Grogol,2026-08-14 15:00:00+00:00,2026-08-14 15:00:00+00:00,1
Grogol,2026-08-14 17:00:00+00:00,2026-08-14 17:00:00+00:00,1
Grogol,2026-08-14 20:00:00+00:00,2026-08-14 20:00:00+00:00,1
Grogol,2026-08-14 22:00:00+00:00,2026-08-14 22:00:00+00:00,1
Grogol,2026-08-15 01:00:00+00:00,2026-08-15 01:00:00+00:00,1
Grogol,2026-08-15 04:00:00+00:00,2026-08-15 04:00:00+00:00,1
Grogol,2026-08-15 06:00:00+00:00,2026-08-15 06:00:00+00:00,1
Grogol,2026-08-15 09:00:00+00:00,2026-08-15 09:00:00+00:00,1
Grogol,2026-08-15 11:00:00+00:00,2026-08-15 11:00:00+00:00,1
Grogol,2026-08-15 14:00:00+00:00,2026-08-15 14:00:00+00:00,1
Grogol,2026-08-15 17:00:00+00:00,2026-08-15 17:00:00+00:00,1
Grogol,2026-08-15 19:00:00+00:00,2026-08-15 19:00:00+00:00,1
Grogol,2026-08-15 22:00:00+00:00,2026-08-15 22:00:00+00:00,1
Grogol,2026-08-16 00:00:00+00:00,2026-08-16 00:00:00+00:00,1
Grogol,2026-08-16 03:00:00+00:00,2026-08-16 03:00:00+00:00,1
Grogol,2026-08-16 05:00:00+00:00,2026-08-16 05:00:00+00:00,1
Grogol,2026-08-16 08:00:00+00:00,2026-08-16 08:00:00+00:00,1
Grogol,2026-08-16 11:00:00+00:00,2026-08-16 11:00:00+00:00,1
Grogol,2026-08-16 13:00:00+00:00,2026-08-16 13:00:00+00:00,1
Grogol,2026-08-16 16:00:00+00:00,2026-08-16 16:00:00+00:00,1
Grogol,2026-08-16 18:00:00+00:00,2026-08-16 18:00:00+00:00,1
Grogol,2026-08-16 21:00:00+00:00,2026-08-16 21:00:00+00:00,1
Grogol,2026-08-17 00:00:00+00:00,2026-08-17 00:00:00+00:00,1
Grogol,2026-08-17 02:00:00+00:00,2026-08-17 02:00:00+00:00,1
Grogol,2026-08-17 05:00:00+00:00,2026-08-17 05:00:00+00:00,1
Grogol,2026-08-17 07:00:00+00:00,2026-08-17 07:00:00+00:00,1
Grogol,2026-08-17 10:00:00+00:00,2026-08-17 10:00:00+00:00,1
Grogol,2026-08-17 12:00:00+00:00,2026-08-17 12:00:00+00:00,1
Grogol,2026-08-17 15:00:00+00:00,2026-08-17 15:00:00+00:00,1
Grogol,2026-08-17 18:00:00+00:00,2026-08-17 18:00:00+00:00,1
Grogol,2026-08-17 20:00:00+00:00,2026-08-17 20:00:00+00:00,1
Grogol,2026-08-17 23:00:00+00:00,2026-08-17 23:00:00+00:00,1
Grogol,2026-08-18 01:00:00+00:00,2026-08-18 01:00:00+00:00,1
Grogol,2026-08-18 03:00:00+00:00,2026-08-18 03:00:00+00:00,1
Grogol,2026-08-18 06:00:00+00:00,2026-08-18 06:00:00+00:00,1
Grogol,2026-08-18 08:00:00+00:00,2026-08-18 08:00:00+00:00,1
Grogol,2026-08-18 11:00:00+00:00,2026-08-18 11:00:00+00:00,1
Grogol,2026-08-18 13:00:00+00:00,2026-08-18 13:00:00+00:00,1
Grogol,2026-08-18 16:00:00+00:00,2026-08-18 16:00:00+00:00,1
Grogol,2026-08-18 18:00:00+00:00,2026-08-18 18:00:00+00:00,1
Grogol,2026-08-18 21:00:00+00:00,2026-08-18 21:00:00+00:00,1
Grogol,2026-08-18 23:00:00+00:00,2026-08-18 23:00:00+00:00,1
Grogol,2026-08-19 02:00:00+00:00,2026-08-19 02:00:00+00:00,1
Grogol,2026-08-19 04:00:00+00:00,2026-08-19 04:00:00+00:00,1
Grogol,2026-08-19 07:00:00+00:00,2026-08-19 07:00:00+00:00,1
Grogol,2026-08-19 09:00:00+00:00,2026-08-19 09:00:00+00:00,1
Grogol,2026-08-19 12:00:00+00:00,2026-08-19 12:00:00+00:00,1
Grogol,2026-08-19 14:00:00+00:00,2026-08-19 14:00:00+00:00,1
Grogol,2026-08-19 17:00:00+00:00,2026-08-19 17:00:00+00:00,1
Grogol,2026-08-19 19:00:00+00:00,2026-08-19 19:00:00+00:00,1
Grogol,2026-08-19 22:00:00+00:00,2026-08-19 22:00:00+00:00,1
Grogol,2026-08-20 00:00:00+00:00,2026-08-20 00:00:00+00:00,1
Grogol,2026-08-20 03:00:00+00:00,2026-08-20 03:00:00+00:00,1
Grogol,2026-08-20 05:00:00+00:00,2026-08-20 05:00:00+00:00,1
Grogol,2026-08-20 08:00:00+00:00,2026-08-20 08:00:00+00:00,1
Grogol,2026-08-20 10:00:00+00:00,2026-08-20 10:00:00+00:00,1
Grogol,2026-08-20 13:00:00+00:00,2026-08-20 13:00:00+00:00,1
Grogol,2026-08-20 15:00:00+00:00,2026-08-20 15:00:00+00:00,1
Grogol,2026-08-20 18:00:00+00:00,2026-08-20 18:00:00+00:00,1
Grogol,2026-08-20 20:00:00+00:00,2026-08-20 20:00:00+00:00,1
Grogol,2026-08-20 23:00:00+00:00,2026-08-20 23:00:00+00:00,1
Grogol,2026-08-21 01:00:00+00:00,2026-08-21 01:00:00+00:00,1
Grogol,2026-08-21 04:00:00+00:00,2026-08-21 04:00:00+00:00,1
Grogol,2026-08-21 06:00:00+00:00,2026-08-21 06:00:00+00:00,1
Grogol,2026-08-21 09:00:00+00:00,2026-08-21 09:00:00+00:00,1
Grogol,2026-08-21 11:00:00+00:00,2026-08-21 11:00:00+00:00,1
Tol Kebon Jeruk,2026-07-23 10:00:00+00:00,2026-07-23 10:00:00+00:00,1
Tol Kebon Jeruk,2026-07-23 15:00:00+00:00,2026-07-27 01:00:00+00:00,83
Tol Kebon Jeruk,2026-07-27 05:00:00+00:00,2026-07-27 05:00:00+00:00,1
Tol Kebon Jeruk,2026-07-27 17:00:00+00:00,2026-07-27 17:00:00+00:00,1
Tol Kebon Jeruk,2026-07-27 20:00:00+00:00,2026-07-27 20:00:00+00:00,1
Tol Kebon Jeruk,2026-07-27 23:00:00+00:00,2026-07-27 23:00:00+00:00,1
Tol Kebon Jeruk,2026-07-28 01:00:00+00:00,2026-07-28 01:00:00+00:00,1
Tol Kebon Jeruk,2026-07-28 04:00:00+00:00,2026-07-28 04:00:00+00:00,1
Tol Kebon Jeruk,2026-07-28 07:00:00+00:00,2026-07-28 07:00:00+00:00,1
Tol Kebon Jeruk,2026-07-28 10:00:00+00:00,2026-07-28 10:00:00+00:00,1
Tol Kebon Jeruk,2026-07-28 13:00:00+00:00,2026-07-28 13:00:00+00:00,1
Tol Kebon Jeruk,2026-07-28 15:00:00+00:00,2026-07-28 15:00:00+00:00,1
Tol Kebon Jeruk,2026-07-28 18:00:00+00:00,2026-07-28 18:00:00+00:00,1
Tol Kebon Jeruk,2026-07-28 21:00:00+00:00,2026-07-28 21:00:00+00:00,1
Tol Kebon Jeruk,2026-07-29 00:00:00+00:00,2026-07-29 00:00:00+00:00,1
Tol Kebon Jeruk,2026-07-29 02:00:00+00:00,2026-07-29 02:00:00+00:00,1
Tol Kebon Jeruk,2026-07-29 05:00:00+00:00,2026-07-29 05:00:00+00:00,1
Tol Kebon Jeruk,2026-07-29 08:00:00+00:00,2026-07-29 08:00:00+00:00,1
Tol Kebon Jeruk,2026-07-29 10:00:00+00:00,2026-07-29 10:00:00+00:00,1
Tol Kebon Jeruk,2026-07-29 13:00:00+00:00,2026-07-29 13:00:00+00:00,1
Tol Kebon Jeruk,2026-07-29 16:00:00+00:00,2026-07-29 16:00:00+00:00,1
Tol Kebon Jeruk,2026-07-29 19:00:00+00:00,2026-07-29 19:00:00+00:00,1
Tol Kebon Jeruk,2026-07-29 21:00:00+00:00,2026-07-29 21:00:00+00:00,1
Tol Kebon Jeruk,2026-07-30 00:00:00+00:00,2026-07-30 00:00:00+00:00,1
Tol Kebon Jeruk,2026-07-30 03:00:00+00:00,2026-07-30 03:00:00+00:00,1
Tol Kebon Jeruk,2026-07-30 06:00:00+00:00,2026-07-30 06:00:00+00:00,1
Tol Kebon Jeruk,2026-07-30 09:00:00+00:00,2026-07-30 09:00:00+00:00,1
Tol Kebon Jeruk,2026-07-30 12:00:00+00:00,2026-07-30 12:00:00+00:00,1
Tol Kebon Jeruk,2026-07-30 14:00:00+00:00,2026-07-30 14:00:00+00:00,1
Tol Kebon Jeruk,2026-07-30 17:00:00+00:00,2026-07-30 17:00:00+00:00,1
Tol Kebon Jeruk,2026-07-30 20:00:00+00:00,2026-07-30 20:00:00+00:00,1
Tol Kebon Jeruk,2026-07-30 22:00:00+00:00,2026-07-30 22:00:00+00:00,1
Tol Kebon Jeruk,2026-07-31 01:00:00+00:00,2026-07-31 01:00:00+00:00,1
Tol Kebon Jeruk,2026-07-31 04:00:00+00:00,2026-07-31 04:00:00+00:00,1
Tol Kebon Jeruk,2026-07-31 07:00:00+00:00,2026-07-31 07:00:00+00:00,1
Tol Kebon Jeruk,2026-07-31 09:00:00+00:00,2026-07-31 09:00:00+00:00,1
Tol Kebon Jeruk,2026-07-31 12:00:00+00:00,2026-07-31 12:00:00+00:00,1
Tol Kebon Jeruk,2026-07-31 15:00:00+00:00,2026-07-31 15:00:00+00:00,1
Tol Kebon Jeruk,2026-07-31 17:00:00+00:00,2026-07-31 17:00:00+00:00,1
Tol Kebon Jeruk,2026-07-31 20:00:00+00:00,2026-07-31 20:00:00+00:00,1
Tol Kebon Jeruk,2026-07-31 23:00:00+00:00,2026-07-31 23:00:00+00:00,1
Tol Kebon Jeruk,2026-08-01 02:00:00+00:00,2026-08-01 02:00:00+00:00,1
Tol Kebon Jeruk,2026-08-01 04:00:00+00:00,2026-08-01 04:00:00+00:00,1
Tol Kebon Jeruk,2026-08-01 07:00:00+00:00,2026-08-01 07:00:00+00:00,1
Tol Kebon Jeruk,2026-08-01 10:00:00+00:00,2026-08-01 10:00:00+00:00,1
Tol Kebon Jeruk,2026-08-01 13:00:00+00:00,2026-08-01 13:00:00+00:00,1
Tol Kebon Jeruk,2026-08-01 15:00:00+00:00,2026-08-01 15:00:00+00:00,1
Tol Kebon Jeruk,2026-08-01 18:00:00+00:00,2026-08-01 18:00:00+00:00,1
Tol Kebon Jeruk,2026-08-01 21:00:00+00:00,2026-08-01 21:00:00+00:00,1
Tol Kebon Jeruk,2026-08-01 23:00:00+00:00,2026-08-01 23:00:00+00:00,1
Tol Kebon Jeruk,2026-08-02 02:00:00+00:00,2026-08-02 02:00:00+00:00,1
Tol Kebon Jeruk,2026-08-02 05:00:00+00:00,2026-08-02 05:00:00+00:00,1
Tol Kebon Jeruk,2026-08-02 08:00:00+00:00,2026-08-02 08:00:00+00:00,1
Tol Kebon Jeruk,2026-08-02 10:00:00+00:00,2026-08-02 10:00:00+00:00,1
Tol Kebon Jeruk,2026-08-02 13:00:00+00:00,2026-08-02 13:00:00+00:00,1
Tol Kebon Jeruk,2026-08-02 16:00:00+00:00,2026-08-02 16:00:00+00:00,1
Tol Kebon Jeruk,2026-08-02 18:00:00+00:00,2026-08-02 18:00:00+00:00,1
Tol Kebon Jeruk,2026-08-02 21:00:00+00:00,2026-08-02 21:00:00+00:00,1
Tol Kebon Jeruk,2026-08-03 00:00:00+00:00,2026-08-03 00:00:00+00:00,1
Tol Kebon Jeruk,2026-08-03 03:00:00+00:00,2026-08-03 03:00:00+00:00,1
Tol Kebon Jeruk,2026-08-03 05:00:00+00:00,2026-08-03 05:00:00+00:00,1
Tol Kebon Jeruk,2026-08-03 08:00:00+00:00,2026-08-03 08:00:00+00:00,1
Tol Kebon Jeruk,2026-08-03 11:00:00+00:00,2026-08-03 11:00:00+00:00,1
Tol Kebon Jeruk,2026-08-03 13:00:00+00:00,2026-08-03 13:00:00+00:00,1
Tol Kebon Jeruk,2026-08-03 16:00:00+00:00,2026-08-03 16:00:00+00:00,1
Tol Kebon Jeruk,2026-08-03 19:00:00+00:00,2026-08-03 19:00:00+00:00,1
Tol Kebon Jeruk,2026-08-03 22:00:00+00:00,2026-08-03 22:00:00+00:00,1
Tol Kebon Jeruk,2026-08-04 00:00:00+00:00,2026-08-04 00:00:00+00:00,1
Tol Kebon Jeruk,2026-08-04 03:00:00+00:00,2026-08-04 03:00:00+00:00,1
Tol Kebon Jeruk,2026-08-04 06:00:00+00:00,2026-08-04 06:00:00+00:00,1
Tol Kebon Jeruk,2026-08-04 08:00:00+00:00,2026-08-04 08:00:00+00:00,1
Tol Kebon Jeruk,2026-08-04 11:00:00+00:00,2026-08-04 11:00:00+00:00,1
Tol Kebon Jeruk,2026-08-04 14:00:00+00:00,2026-08-04 14:00:00+00:00,1
Tol Kebon Jeruk,2026-08-04 16:00:00+00:00,2026-08-04 16:00:00+00:00,1
Tol Kebon Jeruk,2026-08-04 19:00:00+00:00,2026-08-04 19:00:00+00:00,1
Tol Kebon Jeruk,2026-08-04 22:00:00+00:00,2026-08-04 22:00:00+00:00,1
Tol Kebon Jeruk,2026-08-05 01:00:00+00:00,2026-08-05 01:00:00+00:00,1
Tol Kebon Jeruk,2026-08-05 03:00:00+00:00,2026-08-05 03:00:00+00:00,1
Tol Kebon Jeruk,2026-08-05 06:00:00+00:00,2026-08-05 06:00:00+00:00,1
Tol Kebon Jeruk,2026-08-05 09:00:00+00:00,2026-08-05 09:00:00+00:00,1
Tol Kebon Jeruk,2026-08-05 11:00:00+00:00,2026-08-05 11:00:00+00:00,1
Tol Kebon Jeruk,2026-08-05 14:00:00+00:00,2026-08-05 14:00:00+00:00,1
Tol Kebon Jeruk,2026-08-05 17:00:00+00:00,2026-08-05 17:00:00+00:00,1
Tol Kebon Jeruk,2026-08-05 20:00:00+00:00,2026-08-05 20:00:00+00:00,1
Tol Kebon Jeruk,2026-08-05 22:00:00+00:00,2026-08-05 22:00:00+00:00,1
Tol Kebon Jeruk,2026-08-06 01:00:00+00:00,2026-08-06 01:00:00+00:00,1
Tol Kebon Jeruk,2026-08-06 04:00:00+00:00,2026-08-06 04:00:00+00:00,1
Tol Kebon Jeruk,2026-08-06 06:00:00+00:00,2026-08-06 06:00:00+00:00,1
Tol Kebon Jeruk,2026-08-06 09:00:00+00:00,2026-08-06 09:00:00+00:00,1
Tol Kebon Jeruk,2026-08-06 12:00:00+00:00,2026-08-06 12:00:00+00:00,1
Tol Kebon Jeruk,2026-08-06 15:00:00+00:00,2026-08-06 15:00:00+00:00,1
Tol Kebon Jeruk,2026-08-06 17:00:00+00:00,2026-08-06 17:00:00+00:00,1
Tol Kebon Jeruk,2026-08-06 20:00:00+00:00,2026-08-06 20:00:00+00:00,1
Tol Kebon Jeruk,2026-08-06 23:00:00+00:00,2026-08-06 23:00:00+00:00,1
Tol Kebon Jeruk,2026-08-07 01:00:00+00:00,2026-08-07 01:00:00+00:00,1
Tol Kebon Jeruk,2026-08-07 04:00:00+00:00,2026-08-07 04:00:00+00:00,1
Tol Kebon Jeruk,2026-08-07 07:00:00+00:00,2026-08-07 07:00:00+00:00,1
Tol Kebon Jeruk,2026-08-07 10:00:00+00:00,2026-08-07 10:00:00+00:00,1
Tol Kebon Jeruk,2026-08-07 12:00:00+00:00,2026-08-07 12:00:00+00:00,1
Tol Kebon Jeruk,2026-08-07 15:00:00+00:00,2026-08-07 15:00:00+00:00,1
Tol Kebon Jeruk,2026-08-07 18:00:00+00:00,2026-08-07 18:00:00+00:00,1
Tol Kebon Jeruk,2026-08-07 21:00:00+00:00,2026-08-07 21:00:00+00:00,1
Tol Kebon Jeruk,2026-08-07 23:00:00+00:00,2026-08-07 23:00:00+00:00,1
Tol Kebon Jeruk,2026-08-08 02:00:00+00:00,2026-08-08 02:00:00+00:00,1
Tol Kebon Jeruk,2026-08-08 05:00:00+00:00,2026-08-08 05:00:00+00:00,1
Tol Kebon Jeruk,2026-08-08 07:00:00+00:00,2026-08-08 07:00:00+00:00,1
Tol Kebon Jeruk,2026-08-08 10:00:00+00:00,2026-08-08 10:00:00+00:00,1
Tol Kebon Jeruk,2026-08-08 13:00:00+00:00,2026-08-08 13:00:00+00:00,1
Tol Kebon Jeruk,2026-08-08 16:00:00+00:00,2026-08-08 16:00:00+00:00,1
Tol Kebon Jeruk,2026-08-08 18:00:00+00:00,2026-08-08 18:00:00+00:00,1
Tol Kebon Jeruk,2026-08-08 21:00:00+00:00,2026-08-08 21:00:00+00:00,1
Tol Kebon Jeruk,2026-08-09 00:00:00+00:00,2026-08-09 00:00:00+00:00,1
Tol Kebon Jeruk,2026-08-09 03:00:00+00:00,2026-08-09 03:00:00+00:00,1
Tol Kebon Jeruk,2026-08-09 05:00:00+00:00,2026-08-09 05:00:00+00:00,1
Tol Kebon Jeruk,2026-08-09 08:00:00+00:00,2026-08-09 08:00:00+00:00,1
Tol Kebon Jeruk,2026-08-09 11:00:00+00:00,2026-08-09 11:00:00+00:00,1
Tol Kebon Jeruk,2026-08-09 13:00:00+00:00,2026-08-09 13:00:00+00:00,1
Tol Kebon Jeruk,2026-08-09 16:00:00+00:00,2026-08-09 16:00:00+00:00,1
Tol Kebon Jeruk,2026-08-09 19:00:00+00:00,2026-08-09 19:00:00+00:00,1
Tol Kebon Jeruk,2026-08-09 22:00:00+00:00,2026-08-09 22:00:00+00:00,1
Tol Kebon Jeruk,2026-08-10 00:00:00+00:00,2026-08-10 00:00:00+00:00,1
Tol Kebon Jeruk,2026-08-10 03:00:00+00:00,2026-08-10 03:00:00+00:00,1
Tol Kebon Jeruk,2026-08-10 06:00:00+00:00,2026-08-10 06:00:00+00:00,1
Tol Kebon Jeruk,2026-08-10 09:00:00+00:00,2026-08-10 09:00:00+00:00,1
Tol Kebon Jeruk,2026-08-10 11:00:00+00:00,2026-08-10 11:00:00+00:00,1
Tol Kebon Jeruk,2026-08-10 14:00:00+00:00,2026-08-10 14:00:00+00:00,1
Tol Kebon Jeruk,2026-08-10 17:00:00+00:00,2026-08-10 17:00:00+00:00,1
Tol Kebon Jeruk,2026-08-10 19:00:00+00:00,2026-08-10 19:00:00+00:00,1
Tol Kebon Jeruk,2026-08-10 22:00:00+00:00,2026-08-10 22:00:00+00:00,1
Tol Kebon Jeruk,2026-08-11 01:00:00+00:00,2026-08-11 01:00:00+00:00,1
Tol Kebon Jeruk,2026-08-11 04:00:00+00:00,2026-08-11 04:00:00+00:00,1
Tol Kebon Jeruk,2026-08-11 06:00:00+00:00,2026-08-11 06:00:00+00:00,1
Tol Kebon Jeruk,2026-08-11 09:00:00+00:00,2026-08-11 09:00:00+00:00,1
Tol Kebon Jeruk,2026-08-11 11:00:00+00:00,2026-08-11 11:00:00+00:00,1
Tol Kebon Jeruk,2026-08-11 14:00:00+00:00,2026-08-11 14:00:00+00:00,1
Tol Kebon Jeruk,2026-08-11 16:00:00+00:00,2026-08-11 16:00:00+00:00,1
Tol Kebon Jeruk,2026-08-11 19:00:00+00:00,2026-08-11 19:00:00+00:00,1
Tol Kebon Jeruk,2026-08-11 22:00:00+00:00,2026-08-11 22:00:00+00:00,1
Tol Kebon Jeruk,2026-08-12 00:00:00+00:00,2026-08-12 00:00:00+00:00,1
Tol Kebon Jeruk,2026-08-12 03:00:00+00:00,2026-08-12 03:00:00+00:00,1
Tol Kebon Jeruk,2026-08-12 05:00:00+00:00,2026-08-12 05:00:00+00:00,1
Tol Kebon Jeruk,2026-08-12 08:00:00+00:00,2026-08-12 08:00:00+00:00,1
Tol Kebon Jeruk,2026-08-12 10:00:00+00:00,2026-08-12 10:00:00+00:00,1
Tol Kebon Jeruk,2026-08-12 13:00:00+00:00,2026-08-12 13:00:00+00:00,1
Tol Kebon Jeruk,2026-08-12 16:00:00+00:00,2026-08-12 16:00:00+00:00,1
Tol Kebon Jeruk,2026-08-12 18:00:00+00:00,2026-08-12 18:00:00+00:00,1
Tol Kebon Jeruk,2026-08-12 21:00:00+00:00,2026-08-12 21:00:00+00:00,1
Tol Kebon Jeruk,2026-08-12 23:00:00+00:00,2026-08-12 23:00:00+00:00,1
Tol Kebon Jeruk,2026-08-13 02:00:00+00:00,2026-08-13 02:00:00+00:00,1
Tol Kebon Jeruk,2026-08-13 05:00:00+00:00,2026-08-13 05:00:00+00:00,1
Tol Kebon Jeruk,2026-08-13 07:00:00+00:00,2026-08-13 07:00:00+00:00,1
Tol Kebon Jeruk,2026-08-13 10:00:00+00:00,2026-08-13 10:00:00+00:00,1
Tol Kebon Jeruk,2026-08-13 12:00:00+00:00,2026-08-13 12:00:00+00:00,1
Tol Kebon Jeruk,2026-08-13 15:00:00+00:00,2026-08-13 15:00:00+00:00,1
Tol Kebon Jeruk,2026-08-13 18:00:00+00:00,2026-08-13 18:00:00+00:00,1
Tol Kebon Jeruk,2026-08-13 20:00:00+00:00,2026-08-13 20:00:00+00:00,1
Tol Kebon Jeruk,2026-08-13 23:00:00+00:00,2026-08-13 23:00:00+00:00,1
Tol Kebon Jeruk,2026-08-14 01:00:00+00:00,2026-08-14 01:00:00+00:00,1
Tol Kebon Jeruk,2026-08-14 04:00:00+00:00,2026-08-14 04:00:00+00:00,1
Tol Kebon Jeruk,2026-08-14 07:00:00+00:00,2026-08-14 07:00:00+00:00,1
Tol Kebon Jeruk,2026-08-14 09:00:00+00:00,2026-08-14 09:00:00+00:00,1
Tol Kebon Jeruk,2026-08-14 12:00:00+00:00,2026-08-14 12:00:00+00:00,1
Tol Kebon Jeruk,2026-08-14 15:00:00+00:00,2026-08-14 15:00:00+00:00,1
Tol Kebon Jeruk,2026-08-14 17:00:00+00:00,2026-08-14 17:00:00+00:00,1
Tol Kebon Jeruk,2026-08-14 20:00:00+00:00,2026-08-14 20:00:00+00:00,1
Tol Kebon Jeruk,2026-08-14 22:00:00+00:00,2026-08-14 22:00:00+00:00,1
Tol Kebon Jeruk,2026-08-15 01:00:00+00:00,2026-08-15 01:00:00+00:00,1
Tol Kebon Jeruk,2026-08-15 04:00:00+00:00,2026-08-15 04:00:00+00:00,1
Tol Kebon Jeruk,2026-08-15 06:00:00+00:00,2026-08-15 06:00:00+00:00,1
Tol Kebon Jeruk,2026-08-15 09:00:00+00:00,2026-08-15 09:00:00+00:00,1
Tol Kebon Jeruk,2026-08-15 11:00:00+00:00,2026-08-15 11:00:00+00:00,1
Tol Kebon Jeruk,2026-08-15 14:00:00+00:00,2026-08-15 14:00:00+00:00,1
Tol Kebon Jeruk,2026-08-15 17:00:00+00:00,2026-08-15 17:00:00+00:00,1
Tol Kebon Jeruk,2026-08-15 19:00:00+00:00,2026-08-15 19:00:00+00:00,1
Tol Kebon Jeruk,2026-08-15 22:00:00+00:00,2026-08-15 22:00:00+00:00,1
Tol Kebon Jeruk,2026-08-16 00:00:00+00:00,2026-08-16 00:00:00+00:00,1
Tol Kebon Jeruk,2026-08-16 03:00:00+00:00,2026-08-16 03:00:00+00:00,1
Tol Kebon Jeruk,2026-08-16 05:00:00+00:00,2026-08-16 05:00:00+00:00,1
Tol Kebon Jeruk,2026-08-16 08:00:00+00:00,2026-08-16 08:00:00+00:00,1
Tol Kebon Jeruk,2026-08-16 11:00:00+00:00,2026-08-16 11:00:00+00:00,1
Tol Kebon Jeruk,2026-08-16 13:00:00+00:00,2026-08-16 13:00:00+00:00,1
Tol Kebon Jeruk,2026-08-16 16:00:00+00:00,2026-08-16 16:00:00+00:00,1
Tol Kebon Jeruk,2026-08-16 18:00:00+00:00,2026-08-16 18:00:00+00:00,1
Tol Kebon Jeruk,2026-08-16 21:00:00+00:00,2026-08-16 21:00:00+00:00,1
Tol Kebon Jeruk,2026-08-17 00:00:00+00:00,2026-08-17 00:00:00+00:00,1
Tol Kebon Jeruk,2026-08-17 02:00:00+00:00,2026-08-17 02:00:00+00:00,1
Tol Kebon Jeruk,2026-08-17 05:00:00+00:00,2026-08-17 05:00:00+00:00,1
Tol Kebon Jeruk,2026-08-17 07:00:00+00:00,2026-08-17 07:00:00+00:00,1
Tol Kebon Jeruk,2026-08-17 10:00:00+00:00,2026-08-17 10:00:00+00:00,1
Tol Kebon Jeruk,2026-08-17 12:00:00+00:00,2026-08-17 12:00:00+00:00,1
Tol Kebon Jeruk,2026-08-17 15:00:00+00:00,2026-08-17 15:00:00+00:00,1
Tol Kebon Jeruk,2026-08-17 18:00:00+00:00,2026-08-17 18:00:00+00:00,1
Tol Kebon Jeruk,2026-08-17 20:00:00+00:00,2026-08-17 20:00:00+00:00,1
Tol Kebon Jeruk,2026-08-17 23:00:00+00:00,2026-08-17 23:00:00+00:00,1
Tol Kebon Jeruk,2026-08-18 01:00:00+00:00,2026-08-18 01:00:00+00:00,1
Tol Kebon Jeruk,2026-08-18 03:00:00+00:00,2026-08-18 03:00:00+00:00,1
Tol Kebon Jeruk,2026-08-18 06:00:00+00:00,2026-08-18 06:00:00+00:00,1
Tol Kebon Jeruk,2026-08-18 08:00:00+00:00,2026-08-18 08:00:00+00:00,1
Tol Kebon Jeruk,2026-08-18 11:00:00+00:00,2026-08-18 11:00:00+00:00,1
Tol Kebon Jeruk,2026-08-18 13:00:00+00:00,2026-08-18 13:00:00+00:00,1
Tol Kebon Jeruk,2026-08-18 16:00:00+00:00,2026-08-18 16:00:00+00:00,1
Tol Kebon Jeruk,2026-08-18 18:00:00+00:00,2026-08-18 18:00:00+00:00,1
Tol Kebon Jeruk,2026-08-18 21:00:00+00:00,2026-08-18 21:00:00+00:00,1
Tol Kebon Jeruk,2026-08-18 23:00:00+00:00,2026-08-18 23:00:00+00:00,1
Tol Kebon Jeruk,2026-08-19 02:00:00+00:00,2026-08-19 02:00:00+00:00,1
Tol Kebon Jeruk,2026-08-19 04:00:00+00:00,2026-08-19 04:00:00+00:00,1
Tol Kebon Jeruk,2026-08-19 07:00:00+00:00,2026-08-19 07:00:00+00:00,1
Tol Kebon Jeruk,2026-08-19 09:00:00+00:00,2026-08-19 09:00:00+00:00,1
Tol Kebon Jeruk,2026-08-19 12:00:00+00:00,2026-08-19 12:00:00+00:00,1
Tol Kebon Jeruk,2026-08-19 14:00:00+00:00,2026-08-19 14:00:00+00:00,1
Tol Kebon Jeruk,2026-08-19 17:00:00+00:00,2026-08-19 17:00:00+00:00,1
Tol Kebon Jeruk,2026-08-19 19:00:00+00:00,2026-08-19 19:00:00+00:00,1
Tol Kebon Jeruk,2026-08-19 22:00:00+00:00,2026-08-19 22:00:00+00:00,1
Tol Kebon Jeruk,2026-08-20 00:00:00+00:00,2026-08-20 00:00:00+00:00,1
Tol Kebon Jeruk,2026-08-20 03:00:00+00:00,2026-08-20 03:00:00+00:00,1
Tol Kebon Jeruk,2026-08-20 05:00:00+00:00,2026-08-20 05:00:00+00:00,1
Tol Kebon Jeruk,2026-08-20 08:00:00+00:00,2026-08-20 08:00:00+00:00,1
Tol Kebon Jeruk,2026-08-20 10:00:00+00:00,2026-08-20 10:00:00+00:00,1
Tol Kebon Jeruk,2026-08-20 13:00:00+00:00,2026-08-20 13:00:00+00:00,1
Tol Kebon Jeruk,2026-08-20 15:00:00+00:00,2026-08-20 15:00:00+00:00,1
Tol Kebon Jeruk,2026-08-20 18:00:00+00:00,2026-08-20 18:00:00+00:00,1
Tol Kebon Jeruk,2026-08-20 20:00:00+00:00,2026-08-20 20:00:00+00:00,1
Tol Kebon Jeruk,2026-08-20 23:00:00+00:00,2026-08-20 23:00:00+00:00,1
Tol Kebon Jeruk,2026-08-21 01:00:00+00:00,2026-08-21 01:00:00+00:00,1
Tol Kebon Jeruk,2026-08-21 04:00:00+00:00,2026-08-21 04:00:00+00:00,1
Tol Kebon Jeruk,2026-08-21 06:00:00+00:00,2026-08-21 06:00:00+00:00,1
Tol Kebon Jeruk,2026-08-21 09:00:00+00:00,2026-08-21 09:00:00+00:00,1
Tol Kebon Jeruk,2026-08-21 11:00:00+00:00,2026-08-21 11:00:00+00:00,1
Kelapa Gading,2026-07-23 10:00:00+00:00,2026-07-23 10:00:00+00:00,1
Kelapa Gading,2026-07-23 15:00:00+00:00,2026-07-27 01:00:00+00:00,83
Kelapa Gading,2026-07-27 05:00:00+00:00,2026-07-27 05:00:00+00:00,1
Kelapa Gading,2026-07-27 17:00:00+00:00,2026-07-27 17:00:00+00:00,1
Kelapa Gading,2026-07-27 20:00:00+00:00,2026-07-27 20:00:00+00:00,1
Kelapa Gading,2026-07-27 23:00:00+00:00,2026-07-27 23:00:00+00:00,1
Kelapa Gading,2026-07-28 01:00:00+00:00,2026-07-28 01:00:00+00:00,1
Kelapa Gading,2026-07-28 04:00:00+00:00,2026-07-28 04:00:00+00:00,1
Kelapa Gading,2026-07-28 07:00:00+00:00,2026-07-28 07:00:00+00:00,1
Kelapa Gading,2026-07-28 10:00:00+00:00,2026-07-28 10:00:00+00:00,1
Kelapa Gading,2026-07-28 13:00:00+00:00,2026-07-28 13:00:00+00:00,1
Kelapa Gading,2026-07-28 15:00:00+00:00,2026-07-28 15:00:00+00:00,1
Kelapa Gading,2026-07-28 18:00:00+00:00,2026-07-28 18:00:00+00:00,1
Kelapa Gading,2026-07-28 21:00:00+00:00,2026-07-28 21:00:00+00:00,1
Kelapa Gading,2026-07-29 00:00:00+00:00,2026-07-29 00:00:00+00:00,1
Kelapa Gading,2026-07-29 02:00:00+00:00,2026-07-29 02:00:00+00:00,1
Kelapa Gading,2026-07-29 05:00:00+00:00,2026-07-29 05:00:00+00:00,1
Kelapa Gading,2026-07-29 08:00:00+00:00,2026-07-29 08:00:00+00:00,1
Kelapa Gading,2026-07-29 10:00:00+00:00,2026-07-29 10:00:00+00:00,1
Kelapa Gading,2026-07-29 13:00:00+00:00,2026-07-29 13:00:00+00:00,1
Kelapa Gading,2026-07-29 16:00:00+00:00,2026-07-29 16:00:00+00:00,1
Kelapa Gading,2026-07-29 19:00:00+00:00,2026-07-29 19:00:00+00:00,1
Kelapa Gading,2026-07-29 21:00:00+00:00,2026-07-29 21:00:00+00:00,1
Kelapa Gading,2026-07-30 00:00:00+00:00,2026-07-30 00:00:00+00:00,1
Kelapa Gading,2026-07-30 03:00:00+00:00,2026-07-30 03:00:00+00:00,1
Kelapa Gading,2026-07-30 06:00:00+00:00,2026-07-30 06:00:00+00:00,1
Kelapa Gading,2026-07-30 09:00:00+00:00,2026-07-30 09:00:00+00:00,1
Kelapa Gading,2026-07-30 12:00:00+00:00,2026-07-30 12:00:00+00:00,1
Kelapa Gading,2026-07-30 14:00:00+00:00,2026-07-30 14:00:00+00:00,1
Kelapa Gading,2026-07-30 17:00:00+00:00,2026-07-30 17:00:00+00:00,1
Kelapa Gading,2026-07-30 20:00:00+00:00,2026-07-30 20:00:00+00:00,1
Kelapa Gading,2026-07-30 22:00:00+00:00,2026-07-30 22:00:00+00:00,1
Kelapa Gading,2026-07-31 01:00:00+00:00,2026-07-31 01:00:00+00:00,1
Kelapa Gading,2026-07-31 04:00:00+00:00,2026-07-31 04:00:00+00:00,1
Kelapa Gading,2026-07-31 07:00:00+00:00,2026-07-31 07:00:00+00:00,1
Kelapa Gading,2026-07-31 09:00:00+00:00,2026-07-31 09:00:00+00:00,1
Kelapa Gading,2026-07-31 12:00:00+00:00,2026-07-31 12:00:00+00:00,1
Kelapa Gading,2026-07-31 15:00:00+00:00,2026-07-31 15:00:00+00:00,1
Kelapa Gading,2026-07-31 17:00:00+00:00,2026-07-31 17:00:00+00:00,1
Kelapa Gading,2026-07-31 20:00:00+00:00,2026-07-31 20:00:00+00:00,1
Kelapa Gading,2026-07-31 23:00:00+00:00,2026-07-31 23:00:00+00:00,1
Kelapa Gading,2026-08-01 02:00:00+00:00,2026-08-01 02:00:00+00:00,1
Kelapa Gading,2026-08-01 04:00:00+00:00,2026-08-01 04:00:00+00:00,1
Kelapa Gading,2026-08-01 07:00:00+00:00,2026-08-01 07:00:00+00:00,1
Kelapa Gading,2026-08-01 10:00:00+00:00,2026-08-01 10:00:00+00:00,1
Kelapa Gading,2026-08-01 13:00:00+00:00,2026-08-01 13:00:00+00:00,1
Kelapa Gading,2026-08-01 15:00:00+00:00,2026-08-01 15:00:00+00:00,1
Kelapa Gading,2026-08-01 18:00:00+00:00,2026-08-01 18:00:00+00:00,1
Kelapa Gading,2026-08-01 21:00:00+00:00,2026-08-01 21:00:00+00:00,1
Kelapa Gading,2026-08-01 23:00:00+00:00,2026-08-01 23:00:00+00:00,1
Kelapa Gading,2026-08-02 02:00:00+00:00,2026-08-02 02:00:00+00:00,1
Kelapa Gading,2026-08-02 05:00:00+00:00,2026-08-02 05:00:00+00:00,1
Kelapa Gading,2026-08-02 08:00:00+00:00,2026-08-02 08:00:00+00:00,1
Kelapa Gading,2026-08-02 10:00:00+00:00,2026-08-02 10:00:00+00:00,1
Kelapa Gading,2026-08-02 13:00:00+00:00,2026-08-02 13:00:00+00:00,1
Kelapa Gading,2026-08-02 16:00:00+00:00,2026-08-02 16:00:00+00:00,1
Kelapa Gading,2026-08-02 18:00:00+00:00,2026-08-02 18:00:00+00:00,1
Kelapa Gading,2026-08-02 21:00:00+00:00,2026-08-02 21:00:00+00:00,1
Kelapa Gading,2026-08-03 00:00:00+00:00,2026-08-03 00:00:00+00:00,1
Kelapa Gading,2026-08-03 03:00:00+00:00,2026-08-03 03:00:00+00:00,1
Kelapa Gading,2026-08-03 05:00:00+00:00,2026-08-03 05:00:00+00:00,1
Kelapa Gading,2026-08-03 08:00:00+00:00,2026-08-03 08:00:00+00:00,1
Kelapa Gading,2026-08-03 11:00:00+00:00,2026-08-03 11:00:00+00:00,1
Kelapa Gading,2026-08-03 13:00:00+00:00,2026-08-03 13:00:00+00:00,1
Kelapa Gading,2026-08-03 16:00:00+00:00,2026-08-03 16:00:00+00:00,1
Kelapa Gading,2026-08-03 19:00:00+00:00,2026-08-03 19:00:00+00:00,1
Kelapa Gading,2026-08-03 22:00:00+00:00,2026-08-03 22:00:00+00:00,1
Kelapa Gading,2026-08-04 00:00:00+00:00,2026-08-04 00:00:00+00:00,1
Kelapa Gading,2026-08-04 03:00:00+00:00,2026-08-04 03:00:00+00:00,1
Kelapa Gading,2026-08-04 06:00:00+00:00,2026-08-04 06:00:00+00:00,1
Kelapa Gading,2026-08-04 08:00:00+00:00,2026-08-04 08:00:00+00:00,1
Kelapa Gading,2026-08-04 11:00:00+00:00,2026-08-04 11:00:00+00:00,1
Kelapa Gading,2026-08-04 14:00:00+00:00,2026-08-04 14:00:00+00:00,1
Kelapa Gading,2026-08-04 16:00:00+00:00,2026-08-04 16:00:00+00:00,1
Kelapa Gading,2026-08-04 19:00:00+00:00,2026-08-04 19:00:00+00:00,1
Kelapa Gading,2026-08-04 22:00:00+00:00,2026-08-04 22:00:00+00:00,1
Kelapa Gading,2026-08-05 01:00:00+00:00,2026-08-05 01:00:00+00:00,1
Kelapa Gading,2026-08-05 03:00:00+00:00,2026-08-05 03:00:00+00:00,1
Kelapa Gading,2026-08-05 06:00:00+00:00,2026-08-05 06:00:00+00:00,1
Kelapa Gading,2026-08-05 09:00:00+00:00,2026-08-05 09:00:00+00:00,1
Kelapa Gading,2026-08-05 11:00:00+00:00,2026-08-05 11:00:00+00:00,1
Kelapa Gading,2026-08-05 14:00:00+00:00,2026-08-05 14:00:00+00:00,1
Kelapa Gading,2026-08-05 17:00:00+00:00,2026-08-05 17:00:00+00:00,1
Kelapa Gading,2026-08-05 20:00:00+00:00,2026-08-05 20:00:00+00:00,1
Kelapa Gading,2026-08-05 22:00:00+00:00,2026-08-05 22:00:00+00:00,1
Kelapa Gading,2026-08-06 01:00:00+00:00,2026-08-06 01:00:00+00:00,1
Kelapa Gading,2026-08-06 04:00:00+00:00,2026-08-06 04:00:00+00:00,1
Kelapa Gading,2026-08-06 06:00:00+00:00,2026-08-06 06:00:00+00:00,1
Kelapa Gading,2026-08-06 09:00:00+00:00,2026-08-06 09:00:00+00:00,1
Kelapa Gading,2026-08-06 12:00:00+00:00,2026-08-06 12:00:00+00:00,1
Kelapa Gading,2026-08-06 15:00:00+00:00,2026-08-06 15:00:00+00:00,1
Kelapa Gading,2026-08-06 17:00:00+00:00,2026-08-06 17:00:00+00:00,1
Kelapa Gading,2026-08-06 20:00:00+00:00,2026-08-06 20:00:00+00:00,1
Kelapa Gading,2026-08-06 23:00:00+00:00,2026-08-06 23:00:00+00:00,1
Kelapa Gading,2026-08-07 01:00:00+00:00,2026-08-07 01:00:00+00:00,1
Kelapa Gading,2026-08-07 04:00:00+00:00,2026-08-07 04:00:00+00:00,1
Kelapa Gading,2026-08-07 07:00:00+00:00,2026-08-07 07:00:00+00:00,1
Kelapa Gading,2026-08-07 10:00:00+00:00,2026-08-07 10:00:00+00:00,1
Kelapa Gading,2026-08-07 12:00:00+00:00,2026-08-07 12:00:00+00:00,1
Kelapa Gading,2026-08-07 15:00:00+00:00,2026-08-07 15:00:00+00:00,1
Kelapa Gading,2026-08-07 18:00:00+00:00,2026-08-07 18:00:00+00:00,1
Kelapa Gading,2026-08-07 21:00:00+00:00,2026-08-07 21:00:00+00:00,1
Kelapa Gading,2026-08-07 23:00:00+00:00,2026-08-07 23:00:00+00:00,1
Kelapa Gading,2026-08-08 02:00:00+00:00,2026-08-08 02:00:00+00:00,1
Kelapa Gading,2026-08-08 05:00:00+00:00,2026-08-08 05:00:00+00:00,1
Kelapa Gading,2026-08-08 07:00:00+00:00,2026-08-08 07:00:00+00:00,1
Kelapa Gading,2026-08-08 10:00:00+00:00,2026-08-08 10:00:00+00:00,1
Kelapa Gading,2026-08-08 13:00:00+00:00,2026-08-08 13:00:00+00:00,1
Kelapa Gading,2026-08-08 16:00:00+00:00,2026-08-08 16:00:00+00:00,1
Kelapa Gading,2026-08-08 18:00:00+00:00,2026-08-08 18:00:00+00:00,1
Kelapa Gading,2026-08-08 21:00:00+00:00,2026-08-08 21:00:00+00:00,1
Kelapa Gading,2026-08-09 00:00:00+00:00,2026-08-09 00:00:00+00:00,1
Kelapa Gading,2026-08-09 03:00:00+00:00,2026-08-09 03:00:00+00:00,1
Kelapa Gading,2026-08-09 05:00:00+00:00,2026-08-09 05:00:00+00:00,1
Kelapa Gading,2026-08-09 08:00:00+00:00,2026-08-09 08:00:00+00:00,1
Kelapa Gading,2026-08-09 11:00:00+00:00,2026-08-09 11:00:00+00:00,1
Kelapa Gading,2026-08-09 13:00:00+00:00,2026-08-09 13:00:00+00:00,1
Kelapa Gading,2026-08-09 16:00:00+00:00,2026-08-09 16:00:00+00:00,1
Kelapa Gading,2026-08-09 19:00:00+00:00,2026-08-09 19:00:00+00:00,1
Kelapa Gading,2026-08-09 22:00:00+00:00,2026-08-09 22:00:00+00:00,1
Kelapa Gading,2026-08-10 00:00:00+00:00,2026-08-10 00:00:00+00:00,1
Kelapa Gading,2026-08-10 03:00:00+00:00,2026-08-10 03:00:00+00:00,1
Kelapa Gading,2026-08-10 06:00:00+00:00,2026-08-10 06:00:00+00:00,1
Kelapa Gading,2026-08-10 09:00:00+00:00,2026-08-10 09:00:00+00:00,1
Kelapa Gading,2026-08-10 11:00:00+00:00,2026-08-10 11:00:00+00:00,1
Kelapa Gading,2026-08-10 14:00:00+00:00,2026-08-10 14:00:00+00:00,1
Kelapa Gading,2026-08-10 17:00:00+00:00,2026-08-10 17:00:00+00:00,1
Kelapa Gading,2026-08-10 19:00:00+00:00,2026-08-10 19:00:00+00:00,1
Kelapa Gading,2026-08-10 22:00:00+00:00,2026-08-10 22:00:00+00:00,1
Kelapa Gading,2026-08-11 01:00:00+00:00,2026-08-11 01:00:00+00:00,1
Kelapa Gading,2026-08-11 04:00:00+00:00,2026-08-11 04:00:00+00:00,1
Kelapa Gading,2026-08-11 06:00:00+00:00,2026-08-11 06:00:00+00:00,1
Kelapa Gading,2026-08-11 09:00:00+00:00,2026-08-11 09:00:00+00:00,1
Kelapa Gading,2026-08-11 11:00:00+00:00,2026-08-11 11:00:00+00:00,1
Kelapa Gading,2026-08-11 14:00:00+00:00,2026-08-11 14:00:00+00:00,1
Kelapa Gading,2026-08-11 16:00:00+00:00,2026-08-11 16:00:00+00:00,1
Kelapa Gading,2026-08-11 19:00:00+00:00,2026-08-11 19:00:00+00:00,1
Kelapa Gading,2026-08-11 22:00:00+00:00,2026-08-11 22:00:00+00:00,1
Kelapa Gading,2026-08-12 00:00:00+00:00,2026-08-12 00:00:00+00:00,1
Kelapa Gading,2026-08-12 03:00:00+00:00,2026-08-12 03:00:00+00:00,1
Kelapa Gading,2026-08-12 05:00:00+00:00,2026-08-12 05:00:00+00:00,1
Kelapa Gading,2026-08-12 08:00:00+00:00,2026-08-12 08:00:00+00:00,1
Kelapa Gading,2026-08-12 10:00:00+00:00,2026-08-12 10:00:00+00:00,1
Kelapa Gading,2026-08-12 13:00:00+00:00,2026-08-12 13:00:00+00:00,1
Kelapa Gading,2026-08-12 16:00:00+00:00,2026-08-12 16:00:00+00:00,1
Kelapa Gading,2026-08-12 18:00:00+00:00,2026-08-12 18:00:00+00:00,1
Kelapa Gading,2026-08-12 21:00:00+00:00,2026-08-12 21:00:00+00:00,1
Kelapa Gading,2026-08-12 23:00:00+00:00,2026-08-12 23:00:00+00:00,1
Kelapa Gading,2026-08-13 02:00:00+00:00,2026-08-13 02:00:00+00:00,1
Kelapa Gading,2026-08-13 05:00:00+00:00,2026-08-13 05:00:00+00:00,1
Kelapa Gading,2026-08-13 07:00:00+00:00,2026-08-13 07:00:00+00:00,1
Kelapa Gading,2026-08-13 10:00:00+00:00,2026-08-13 10:00:00+00:00,1
Kelapa Gading,2026-08-13 12:00:00+00:00,2026-08-13 12:00:00+00:00,1
Kelapa Gading,2026-08-13 15:00:00+00:00,2026-08-13 15:00:00+00:00,1
Kelapa Gading,2026-08-13 18:00:00+00:00,2026-08-13 18:00:00+00:00,1
Kelapa Gading,2026-08-13 20:00:00+00:00,2026-08-13 20:00:00+00:00,1
Kelapa Gading,2026-08-13 23:00:00+00:00,2026-08-13 23:00:00+00:00,1
Kelapa Gading,2026-08-14 01:00:00+00:00,2026-08-14 01:00:00+00:00,1
Kelapa Gading,2026-08-14 04:00:00+00:00,2026-08-14 04:00:00+00:00,1
Kelapa Gading,2026-08-14 07:00:00+00:00,2026-08-14 07:00:00+00:00,1
Kelapa Gading,2026-08-14 09:00:00+00:00,2026-08-14 09:00:00+00:00,1
Kelapa Gading,2026-08-14 12:00:00+00:00,2026-08-14 12:00:00+00:00,1
Kelapa Gading,2026-08-14 15:00:00+00:00,2026-08-14 15:00:00+00:00,1
Kelapa Gading,2026-08-14 17:00:00+00:00,2026-08-14 17:00:00+00:00,1
Kelapa Gading,2026-08-14 20:00:00+00:00,2026-08-14 20:00:00+00:00,1
Kelapa Gading,2026-08-14 22:00:00+00:00,2026-08-14 22:00:00+00:00,1
Kelapa Gading,2026-08-15 01:00:00+00:00,2026-08-15 01:00:00+00:00,1
Kelapa Gading,2026-08-15 04:00:00+00:00,2026-08-15 04:00:00+00:00,1
Kelapa Gading,2026-08-15 06:00:00+00:00,2026-08-15 06:00:00+00:00,1
Kelapa Gading,2026-08-15 09:00:00+00:00,2026-08-15 09:00:00+00:00,1
Kelapa Gading,2026-08-15 11:00:00+00:00,2026-08-15 11:00:00+00:00,1
Kelapa Gading,2026-08-15 14:00:00+00:00,2026-08-15 14:00:00+00:00,1
Kelapa Gading,2026-08-15 17:00:00+00:00,2026-08-15 17:00:00+00:00,1
Kelapa Gading,2026-08-15 19:00:00+00:00,2026-08-15 19:00:00+00:00,1
Kelapa Gading,2026-08-15 22:00:00+00:00,2026-08-15 22:00:00+00:00,1
Kelapa Gading,2026-08-16 00:00:00+00:00,2026-08-16 00:00:00+00:00,1
Kelapa Gading,2026-08-16 03:00:00+00:00,2026-08-16 03:00:00+00:00,1
Kelapa Gading,2026-08-16 05:00:00+00:00,2026-08-16 05:00:00+00:00,1
Kelapa Gading,2026-08-16 08:00:00+00:00,2026-08-16 08:00:00+00:00,1
Kelapa Gading,2026-08-16 11:00:00+00:00,2026-08-16 11:00:00+00:00,1
Kelapa Gading,2026-08-16 13:00:00+00:00,2026-08-16 13:00:00+00:00,1
Kelapa Gading,2026-08-16 16:00:00+00:00,2026-08-16 16:00:00+00:00,1
Kelapa Gading,2026-08-16 18:00:00+00:00,2026-08-16 18:00:00+00:00,1
Kelapa Gading,2026-08-16 21:00:00+00:00,2026-08-16 21:00:00+00:00,1
Kelapa Gading,2026-08-17 00:00:00+00:00,2026-08-17 00:00:00+00:00,1
Kelapa Gading,2026-08-17 02:00:00+00:00,2026-08-17 02:00:00+00:00,1
Kelapa Gading,2026-08-17 05:00:00+00:00,2026-08-17 05:00:00+00:00,1
Kelapa Gading,2026-08-17 07:00:00+00:00,2026-08-17 07:00:00+00:00,1
Kelapa Gading,2026-08-17 10:00:00+00:00,2026-08-17 10:00:00+00:00,1
Kelapa Gading,2026-08-17 12:00:00+00:00,2026-08-17 12:00:00+00:00,1
Kelapa Gading,2026-08-17 15:00:00+00:00,2026-08-17 15:00:00+00:00,1
Kelapa Gading,2026-08-17 18:00:00+00:00,2026-08-17 18:00:00+00:00,1
Kelapa Gading,2026-08-17 20:00:00+00:00,2026-08-17 20:00:00+00:00,1
Kelapa Gading,2026-08-17 23:00:00+00:00,2026-08-17 23:00:00+00:00,1
Kelapa Gading,2026-08-18 01:00:00+00:00,2026-08-18 01:00:00+00:00,1
Kelapa Gading,2026-08-18 03:00:00+00:00,2026-08-18 03:00:00+00:00,1
Kelapa Gading,2026-08-18 06:00:00+00:00,2026-08-18 06:00:00+00:00,1
Kelapa Gading,2026-08-18 08:00:00+00:00,2026-08-18 08:00:00+00:00,1
Kelapa Gading,2026-08-18 11:00:00+00:00,2026-08-18 11:00:00+00:00,1
Kelapa Gading,2026-08-18 13:00:00+00:00,2026-08-18 13:00:00+00:00,1
Kelapa Gading,2026-08-18 16:00:00+00:00,2026-08-18 16:00:00+00:00,1
Kelapa Gading,2026-08-18 18:00:00+00:00,2026-08-18 18:00:00+00:00,1
Kelapa Gading,2026-08-18 21:00:00+00:00,2026-08-18 21:00:00+00:00,1
Kelapa Gading,2026-08-18 23:00:00+00:00,2026-08-18 23:00:00+00:00,1
Kelapa Gading,2026-08-19 02:00:00+00:00,2026-08-19 02:00:00+00:00,1
Kelapa Gading,2026-08-19 04:00:00+00:00,2026-08-19 04:00:00+00:00,1
Kelapa Gading,2026-08-19 07:00:00+00:00,2026-08-19 07:00:00+00:00,1
Kelapa Gading,2026-08-19 09:00:00+00:00,2026-08-19 09:00:00+00:00,1
Kelapa Gading,2026-08-19 12:00:00+00:00,2026-08-19 12:00:00+00:00,1
Kelapa Gading,2026-08-19 14:00:00+00:00,2026-08-19 14:00:00+00:00,1
Kelapa Gading,2026-08-19 17:00:00+00:00,2026-08-19 17:00:00+00:00,1
Kelapa Gading,2026-08-19 19:00:00+00:00,2026-08-19 19:00:00+00:00,1
Kelapa Gading,2026-08-19 22:00:00+00:00,2026-08-19 22:00:00+00:00,1
Kelapa Gading,2026-08-20 00:00:00+00:00,2026-08-20 00:00:00+00:00,1
Kelapa Gading,2026-08-20 03:00:00+00:00,2026-08-20 03:00:00+00:00,1
Kelapa Gading,2026-08-20 05:00:00+00:00,2026-08-20 05:00:00+00:00,1
Kelapa Gading,2026-08-20 08:00:00+00:00,2026-08-20 08:00:00+00:00,1
Kelapa Gading,2026-08-20 10:00:00+00:00,2026-08-20 10:00:00+00:00,1
Kelapa Gading,2026-08-20 13:00:00+00:00,2026-08-20 13:00:00+00:00,1
Kelapa Gading,2026-08-20 15:00:00+00:00,2026-08-20 15:00:00+00:00,1
Kelapa Gading,2026-08-20 18:00:00+00:00,2026-08-20 18:00:00+00:00,1
Kelapa Gading,2026-08-20 20:00:00+00:00,2026-08-20 20:00:00+00:00,1
Kelapa Gading,2026-08-20 23:00:00+00:00,2026-08-20 23:00:00+00:00,1
Kelapa Gading,2026-08-21 01:00:00+00:00,2026-08-21 01:00:00+00:00,1
Kelapa Gading,2026-08-21 04:00:00+00:00,2026-08-21 04:00:00+00:00,1
Kelapa Gading,2026-08-21 06:00:00+00:00,2026-08-21 06:00:00+00:00,1
Kelapa Gading,2026-08-21 09:00:00+00:00,2026-08-21 09:00:00+00:00,1
Kelapa Gading,2026-08-21 11:00:00+00:00,2026-08-21 11:00:00+00:00,1
Jl. HR Rasuna Said,2026-07-23 10:00:00+00:00,2026-07-23 10:00:00+00:00,1
Jl. HR Rasuna Said,2026-07-23 15:00:00+00:00,2026-07-27 01:00:00+00:00,83
Jl. HR Rasuna Said,2026-07-27 05:00:00+00:00,2026-07-27 05:00:00+00:00,1
Jl. HR Rasuna Said,2026-07-27 17:00:00+00:00,2026-07-27 17:00:00+00:00,1
Jl. HR Rasuna Said,2026-07-27 20:00:00+00:00,2026-07-27 20:00:00+00:00,1
Jl. HR Rasuna Said,2026-07-27 23:00:00+00:00,2026-07-27 23:00:00+00:00,1
Jl. HR Rasuna Said,2026-07-28 01:00:00+00:00,2026-07-28 01:00:00+00:00,1
Jl. HR Rasuna Said,2026-07-28 04:00:00+00:00,2026-07-28 04:00:00+00:00,1
Jl. HR Rasuna Said,2026-07-28 07:00:00+00:00,2026-07-28 07:00:00+00:00,1
Jl. HR Rasuna Said,2026-07-28 10:00:00+00:00,2026-07-28 10:00:00+00:00,1
Jl. HR Rasuna Said,2026-07-28 13:00:00+00:00,2026-07-28 13:00:00+00:00,1
Jl. HR Rasuna Said,2026-07-28 15:00:00+00:00,2026-07-28 15:00:00+00:00,1
Jl. HR Rasuna Said,2026-07-28 18:00:00+00:00,2026-07-28 18:00:00+00:00,1
Jl. HR Rasuna Said,2026-07-28 21:00:00+00:00,2026-07-28 21:00:00+00:00,1
Jl. HR Rasuna Said,2026-07-29 00:00:00+00:00,2026-07-29 00:00:00+00:00,1
Jl. HR Rasuna Said,2026-07-29 02:00:00+00:00,2026-07-29 02:00:00+00:00,1
Jl. HR Rasuna Said,2026-07-29 05:00:00+00:00,2026-07-29 05:00:00+00:00,1
Jl. HR Rasuna Said,2026-07-29 08:00:00+00:00,2026-07-29 08:00:00+00:00,1
Jl. HR Rasuna Said,2026-07-29 10:00:00+00:00,2026-07-29 10:00:00+00:00,1
Jl. HR Rasuna Said,2026-07-29 13:00:00+00:00,2026-07-29 13:00:00+00:00,1
Jl. HR Rasuna Said,2026-07-29 16:00:00+00:00,2026-07-29 16:00:00+00:00,1
Jl. HR Rasuna Said,2026-07-29 19:00:00+00:00,2026-07-29 19:00:00+00:00,1
Jl. HR Rasuna Said,2026-07-29 21:00:00+00:00,2026-07-29 21:00:00+00:00,1
Jl. HR Rasuna Said,2026-07-30 00:00:00+00:00,2026-07-30 00:00:00+00:00,1
Jl. HR Rasuna Said,2026-07-30 03:00:00+00:00,2026-07-30 03:00:00+00:00,1
Jl. HR Rasuna Said,2026-07-30 06:00:00+00:00,2026-07-30 06:00:00+00:00,1
Jl. HR Rasuna Said,2026-07-30 09:00:00+00:00,2026-07-30 09:00:00+00:00,1
Jl. HR Rasuna Said,2026-07-30 12:00:00+00:00,2026-07-30 12:00:00+00:00,1
Jl. HR Rasuna Said,2026-07-30 14:00:00+00:00,2026-07-30 14:00:00+00:00,1
Jl. HR Rasuna Said,2026-07-30 17:00:00+00:00,2026-07-30 17:00:00+00:00,1
Jl. HR Rasuna Said,2026-07-30 20:00:00+00:00,2026-07-30 20:00:00+00:00,1
Jl. HR Rasuna Said,2026-07-30 22:00:00+00:00,2026-07-30 22:00:00+00:00,1
Jl. HR Rasuna Said,2026-07-31 01:00:00+00:00,2026-07-31 01:00:00+00:00,1
Jl. HR Rasuna Said,2026-07-31 04:00:00+00:00,2026-07-31 04:00:00+00:00,1
Jl. HR Rasuna Said,2026-07-31 07:00:00+00:00,2026-07-31 07:00:00+00:00,1
Jl. HR Rasuna Said,2026-07-31 09:00:00+00:00,2026-07-31 09:00:00+00:00,1
Jl. HR Rasuna Said,2026-07-31 12:00:00+00:00,2026-07-31 12:00:00+00:00,1
Jl. HR Rasuna Said,2026-07-31 15:00:00+00:00,2026-07-31 15:00:00+00:00,1
Jl. HR Rasuna Said,2026-07-31 17:00:00+00:00,2026-07-31 17:00:00+00:00,1
Jl. HR Rasuna Said,2026-07-31 20:00:00+00:00,2026-07-31 20:00:00+00:00,1
Jl. HR Rasuna Said,2026-07-31 23:00:00+00:00,2026-07-31 23:00:00+00:00,1
Jl. HR Rasuna Said,2026-08-01 02:00:00+00:00,2026-08-01 02:00:00+00:00,1
Jl. HR Rasuna Said,2026-08-01 04:00:00+00:00,2026-08-01 04:00:00+00:00,1
Jl. HR Rasuna Said,2026-08-01 07:00:00+00:00,2026-08-01 07:00:00+00:00,1
Jl. HR Rasuna Said,2026-08-01 10:00:00+00:00,2026-08-01 10:00:00+00:00,1
Jl. HR Rasuna Said,2026-08-01 13:00:00+00:00,2026-08-01 13:00:00+00:00,1
Jl. HR Rasuna Said,2026-08-01 15:00:00+00:00,2026-08-01 15:00:00+00:00,1
Jl. HR Rasuna Said,2026-08-01 18:00:00+00:00,2026-08-01 18:00:00+00:00,1
Jl. HR Rasuna Said,2026-08-01 21:00:00+00:00,2026-08-01 21:00:00+00:00,1
Jl. HR Rasuna Said,2026-08-01 23:00:00+00:00,2026-08-01 23:00:00+00:00,1
Jl. HR Rasuna Said,2026-08-02 02:00:00+00:00,2026-08-02 02:00:00+00:00,1
Jl. HR Rasuna Said,2026-08-02 05:00:00+00:00,2026-08-02 05:00:00+00:00,1
Jl. HR Rasuna Said,2026-08-02 08:00:00+00:00,2026-08-02 08:00:00+00:00,1
Jl. HR Rasuna Said,2026-08-02 10:00:00+00:00,2026-08-02 10:00:00+00:00,1
Jl. HR Rasuna Said,2026-08-02 13:00:00+00:00,2026-08-02 13:00:00+00:00,1
Jl. HR Rasuna Said,2026-08-02 16:00:00+00:00,2026-08-02 16:00:00+00:00,1
Jl. HR Rasuna Said,2026-08-02 18:00:00+00:00,2026-08-02 18:00:00+00:00,1
Jl. HR Rasuna Said,2026-08-02 21:00:00+00:00,2026-08-02 21:00:00+00:00,1
Jl. HR Rasuna Said,2026-08-03 00:00:00+00:00,2026-08-03 00:00:00+00:00,1
Jl. HR Rasuna Said,2026-08-03 03:00:00+00:00,2026-08-03 03:00:00+00:00,1
Jl. HR Rasuna Said,2026-08-03 05:00:00+00:00,2026-08-03 05:00:00+00:00,1
Jl. HR Rasuna Said,2026-08-03 08:00:00+00:00,2026-08-03 08:00:00+00:00,1
Jl. HR Rasuna Said,2026-08-03 11:00:00+00:00,2026-08-03 11:00:00+00:00,1
Jl. HR Rasuna Said,2026-08-03 13:00:00+00:00,2026-08-03 13:00:00+00:00,1
Jl. HR Rasuna Said,2026-08-03 16:00:00+00:00,2026-08-03 16:00:00+00:00,1
Jl. HR Rasuna Said,2026-08-03 19:00:00+00:00,2026-08-03 19:00:00+00:00,1
Jl. HR Rasuna Said,2026-08-03 22:00:00+00:00,2026-08-03 22:00:00+00:00,1
Jl. HR Rasuna Said,2026-08-04 00:00:00+00:00,2026-08-04 00:00:00+00:00,1
Jl. HR Rasuna Said,2026-08-04 03:00:00+00:00,2026-08-04 03:00:00+00:00,1
Jl. HR Rasuna Said,2026-08-04 06:00:00+00:00,2026-08-04 06:00:00+00:00,1
Jl. HR Rasuna Said,2026-08-04 08:00:00+00:00,2026-08-04 08:00:00+00:00,1
Jl. HR Rasuna Said,2026-08-04 11:00:00+00:00,2026-08-04 11:00:00+00:00,1
Jl. HR Rasuna Said,2026-08-04 14:00:00+00:00,2026-08-04 14:00:00+00:00,1
Jl. HR Rasuna Said,2026-08-04 16:00:00+00:00,2026-08-04 16:00:00+00:00,1
Jl. HR Rasuna Said,2026-08-04 19:00:00+00:00,2026-08-04 19:00:00+00:00,1
Jl. HR Rasuna Said,2026-08-04 22:00:00+00:00,2026-08-04 22:00:00+00:00,1
Jl. HR Rasuna Said,2026-08-05 01:00:00+00:00,2026-08-05 01:00:00+00:00,1
Jl. HR Rasuna Said,2026-08-05 03:00:00+00:00,2026-08-05 03:00:00+00:00,1
Jl. HR Rasuna Said,2026-08-05 06:00:00+00:00,2026-08-05 06:00:00+00:00,1
Jl. HR Rasuna Said,2026-08-05 09:00:00+00:00,2026-08-05 09:00:00+00:00,1
Jl. HR Rasuna Said,2026-08-05 11:00:00+00:00,2026-08-05 11:00:00+00:00,1
Jl. HR Rasuna Said,2026-08-05 14:00:00+00:00,2026-08-05 14:00:00+00:00,1
Jl. HR Rasuna Said,2026-08-05 17:00:00+00:00,2026-08-05 17:00:00+00:00,1
Jl. HR Rasuna Said,2026-08-05 20:00:00+00:00,2026-08-05 20:00:00+00:00,1
Jl. HR Rasuna Said,2026-08-05 22:00:00+00:00,2026-08-05 22:00:00+00:00,1
Jl. HR Rasuna Said,2026-08-06 01:00:00+00:00,2026-08-06 01:00:00+00:00,1
Jl. HR Rasuna Said,2026-08-06 04:00:00+00:00,2026-08-06 04:00:00+00:00,1
Jl. HR Rasuna Said,2026-08-06 06:00:00+00:00,2026-08-06 06:00:00+00:00,1
Jl. HR Rasuna Said,2026-08-06 09:00:00+00:00,2026-08-06 09:00:00+00:00,1
Jl. HR Rasuna Said,2026-08-06 12:00:00+00:00,2026-08-06 12:00:00+00:00,1
Jl. HR Rasuna Said,2026-08-06 15:00:00+00:00,2026-08-06 15:00:00+00:00,1
Jl. HR Rasuna Said,2026-08-06 17:00:00+00:00,2026-08-06 17:00:00+00:00,1
Jl. HR Rasuna Said,2026-08-06 20:00:00+00:00,2026-08-06 20:00:00+00:00,1
Jl. HR Rasuna Said,2026-08-06 23:00:00+00:00,2026-08-06 23:00:00+00:00,1
Jl. HR Rasuna Said,2026-08-07 01:00:00+00:00,2026-08-07 01:00:00+00:00,1
Jl. HR Rasuna Said,2026-08-07 04:00:00+00:00,2026-08-07 04:00:00+00:00,1
Jl. HR Rasuna Said,2026-08-07 07:00:00+00:00,2026-08-07 07:00:00+00:00,1
Jl. HR Rasuna Said,2026-08-07 10:00:00+00:00,2026-08-07 10:00:00+00:00,1
Jl. HR Rasuna Said,2026-08-07 12:00:00+00:00,2026-08-07 12:00:00+00:00,1
Jl. HR Rasuna Said,2026-08-07 15:00:00+00:00,2026-08-07 15:00:00+00:00,1
Jl. HR Rasuna Said,2026-08-07 18:00:00+00:00,2026-08-07 18:00:00+00:00,1
Jl. HR Rasuna Said,2026-08-07 21:00:00+00:00,2026-08-07 21:00:00+00:00,1
Jl. HR Rasuna Said,2026-08-07 23:00:00+00:00,2026-08-07 23:00:00+00:00,1
Jl. HR Rasuna Said,2026-08-08 02:00:00+00:00,2026-08-08 02:00:00+00:00,1
Jl. HR Rasuna Said,2026-08-08 05:00:00+00:00,2026-08-08 05:00:00+00:00,1
Jl. HR Rasuna Said,2026-08-08 07:00:00+00:00,2026-08-08 07:00:00+00:00,1
Jl. HR Rasuna Said,2026-08-08 10:00:00+00:00,2026-08-08 10:00:00+00:00,1
Jl. HR Rasuna Said,2026-08-08 13:00:00+00:00,2026-08-08 13:00:00+00:00,1
Jl. HR Rasuna Said,2026-08-08 16:00:00+00:00,2026-08-08 16:00:00+00:00,1
Jl. HR Rasuna Said,2026-08-08 18:00:00+00:00,2026-08-08 18:00:00+00:00,1
Jl. HR Rasuna Said,2026-08-08 21:00:00+00:00,2026-08-08 21:00:00+00:00,1
Jl. HR Rasuna Said,2026-08-09 00:00:00+00:00,2026-08-09 00:00:00+00:00,1
Jl. HR Rasuna Said,2026-08-09 03:00:00+00:00,2026-08-09 03:00:00+00:00,1
Jl. HR Rasuna Said,2026-08-09 05:00:00+00:00,2026-08-09 05:00:00+00:00,1
Jl. HR Rasuna Said,2026-08-09 08:00:00+00:00,2026-08-09 08:00:00+00:00,1
Jl. HR Rasuna Said,2026-08-09 11:00:00+00:00,2026-08-09 11:00:00+00:00,1
Jl. HR Rasuna Said,2026-08-09 13:00:00+00:00,2026-08-09 13:00:00+00:00,1
Jl. HR Rasuna Said,2026-08-09 16:00:00+00:00,2026-08-09 16:00:00+00:00,1
Jl. HR Rasuna Said,2026-08-09 19:00:00+00:00,2026-08-09 19:00:00+00:00,1
Jl. HR Rasuna Said,2026-08-09 22:00:00+00:00,2026-08-09 22:00:00+00:00,1
Jl. HR Rasuna Said,2026-08-10 00:00:00+00:00,2026-08-10 00:00:00+00:00,1
Jl. HR Rasuna Said,2026-08-10 03:00:00+00:00,2026-08-10 03:00:00+00:00,1
Jl. HR Rasuna Said,2026-08-10 06:00:00+00:00,2026-08-10 06:00:00+00:00,1
Jl. HR Rasuna Said,2026-08-10 09:00:00+00:00,2026-08-10 09:00:00+00:00,1
Jl. HR Rasuna Said,2026-08-10 11:00:00+00:00,2026-08-10 11:00:00+00:00,1
Jl. HR Rasuna Said,2026-08-10 14:00:00+00:00,2026-08-10 14:00:00+00:00,1
Jl. HR Rasuna Said,2026-08-10 17:00:00+00:00,2026-08-10 17:00:00+00:00,1
Jl. HR Rasuna Said,2026-08-10 19:00:00+00:00,2026-08-10 19:00:00+00:00,1
Jl. HR Rasuna Said,2026-08-10 22:00:00+00:00,2026-08-10 22:00:00+00:00,1
Jl. HR Rasuna Said,2026-08-11 01:00:00+00:00,2026-08-11 01:00:00+00:00,1
Jl. HR Rasuna Said,2026-08-11 04:00:00+00:00,2026-08-11 04:00:00+00:00,1
Jl. HR Rasuna Said,2026-08-11 06:00:00+00:00,2026-08-11 06:00:00+00:00,1
Jl. HR Rasuna Said,2026-08-11 09:00:00+00:00,2026-08-11 09:00:00+00:00,1
Jl. HR Rasuna Said,2026-08-11 11:00:00+00:00,2026-08-11 11:00:00+00:00,1
Jl. HR Rasuna Said,2026-08-11 14:00:00+00:00,2026-08-11 14:00:00+00:00,1
Jl. HR Rasuna Said,2026-08-11 16:00:00+00:00,2026-08-11 16:00:00+00:00,1
Jl. HR Rasuna Said,2026-08-11 19:00:00+00:00,2026-08-11 19:00:00+00:00,1
Jl. HR Rasuna Said,2026-08-11 22:00:00+00:00,2026-08-11 22:00:00+00:00,1
Jl. HR Rasuna Said,2026-08-12 00:00:00+00:00,2026-08-12 00:00:00+00:00,1
Jl. HR Rasuna Said,2026-08-12 03:00:00+00:00,2026-08-12 03:00:00+00:00,1
Jl. HR Rasuna Said,2026-08-12 05:00:00+00:00,2026-08-12 05:00:00+00:00,1
Jl. HR Rasuna Said,2026-08-12 08:00:00+00:00,2026-08-12 08:00:00+00:00,1
Jl. HR Rasuna Said,2026-08-12 10:00:00+00:00,2026-08-12 10:00:00+00:00,1
Jl. HR Rasuna Said,2026-08-12 13:00:00+00:00,2026-08-12 13:00:00+00:00,1
Jl. HR Rasuna Said,2026-08-12 16:00:00+00:00,2026-08-12 16:00:00+00:00,1
Jl. HR Rasuna Said,2026-08-12 18:00:00+00:00,2026-08-12 18:00:00+00:00,1
Jl. HR Rasuna Said,2026-08-12 21:00:00+00:00,2026-08-12 21:00:00+00:00,1
Jl. HR Rasuna Said,2026-08-12 23:00:00+00:00,2026-08-12 23:00:00+00:00,1
Jl. HR Rasuna Said,2026-08-13 02:00:00+00:00,2026-08-13 02:00:00+00:00,1
Jl. HR Rasuna Said,2026-08-13 05:00:00+00:00,2026-08-13 05:00:00+00:00,1
Jl. HR Rasuna Said,2026-08-13 07:00:00+00:00,2026-08-13 07:00:00+00:00,1
Jl. HR Rasuna Said,2026-08-13 10:00:00+00:00,2026-08-13 10:00:00+00:00,1
Jl. HR Rasuna Said,2026-08-13 12:00:00+00:00,2026-08-13 12:00:00+00:00,1
Jl. HR Rasuna Said,2026-08-13 15:00:00+00:00,2026-08-13 15:00:00+00:00,1
Jl. HR Rasuna Said,2026-08-13 18:00:00+00:00,2026-08-13 18:00:00+00:00,1
Jl. HR Rasuna Said,2026-08-13 20:00:00+00:00,2026-08-13 20:00:00+00:00,1
Jl. HR Rasuna Said,2026-08-13 23:00:00+00:00,2026-08-13 23:00:00+00:00,1
Jl. HR Rasuna Said,2026-08-14 01:00:00+00:00,2026-08-14 01:00:00+00:00,1
Jl. HR Rasuna Said,2026-08-14 04:00:00+00:00,2026-08-14 04:00:00+00:00,1
Jl. HR Rasuna Said,2026-08-14 07:00:00+00:00,2026-08-14 07:00:00+00:00,1
Jl. HR Rasuna Said,2026-08-14 09:00:00+00:00,2026-08-14 09:00:00+00:00,1
Jl. HR Rasuna Said,2026-08-14 12:00:00+00:00,2026-08-14 12:00:00+00:00,1
Jl. HR Rasuna Said,2026-08-14 15:00:00+00:00,2026-08-14 15:00:00+00:00,1
Jl. HR Rasuna Said,2026-08-14 17:00:00+00:00,2026-08-14 17:00:00+00:00,1
Jl. HR Rasuna Said,2026-08-14 20:00:00+00:00,2026-08-14 20:00:00+00:00,1
Jl. HR Rasuna Said,2026-08-14 22:00:00+00:00,2026-08-14 22:00:00+00:00,1
Jl. HR Rasuna Said,2026-08-15 01:00:00+00:00,2026-08-15 01:00:00+00:00,1
Jl. HR Rasuna Said,2026-08-15 04:00:00+00:00,2026-08-15 04:00:00+00:00,1
Jl. HR Rasuna Said,2026-08-15 06:00:00+00:00,2026-08-15 06:00:00+00:00,1
Jl. HR Rasuna Said,2026-08-15 09:00:00+00:00,2026-08-15 09:00:00+00:00,1
Jl. HR Rasuna Said,2026-08-15 11:00:00+00:00,2026-08-15 11:00:00+00:00,1
Jl. HR Rasuna Said,2026-08-15 14:00:00+00:00,2026-08-15 14:00:00+00:00,1
Jl. HR Rasuna Said,2026-08-15 17:00:00+00:00,2026-08-15 17:00:00+00:00,1
Jl. HR Rasuna Said,2026-08-15 19:00:00+00:00,2026-08-15 19:00:00+00:00,1
Jl. HR Rasuna Said,2026-08-15 22:00:00+00:00,2026-08-15 22:00:00+00:00,1
Jl. HR Rasuna Said,2026-08-16 00:00:00+00:00,2026-08-16 00:00:00+00:00,1
Jl. HR Rasuna Said,2026-08-16 03:00:00+00:00,2026-08-16 03:00:00+00:00,1
Jl. HR Rasuna Said,2026-08-16 05:00:00+00:00,2026-08-16 05:00:00+00:00,1
Jl. HR Rasuna Said,2026-08-16 08:00:00+00:00,2026-08-16 08:00:00+00:00,1
Jl. HR Rasuna Said,2026-08-16 11:00:00+00:00,2026-08-16 11:00:00+00:00,1
Jl. HR Rasuna Said,2026-08-16 13:00:00+00:00,2026-08-16 13:00:00+00:00,1
Jl. HR Rasuna Said,2026-08-16 16:00:00+00:00,2026-08-16 16:00:00+00:00,1
Jl. HR Rasuna Said,2026-08-16 18:00:00+00:00,2026-08-16 18:00:00+00:00,1
Jl. HR Rasuna Said,2026-08-16 21:00:00+00:00,2026-08-16 21:00:00+00:00,1
Jl. HR Rasuna Said,2026-08-17 00:00:00+00:00,2026-08-17 00:00:00+00:00,1
Jl. HR Rasuna Said,2026-08-17 02:00:00+00:00,2026-08-17 02:00:00+00:00,1
Jl. HR Rasuna Said,2026-08-17 05:00:00+00:00,2026-08-17 05:00:00+00:00,1
Jl. HR Rasuna Said,2026-08-17 07:00:00+00:00,2026-08-17 07:00:00+00:00,1
Jl. HR Rasuna Said,2026-08-17 10:00:00+00:00,2026-08-17 10:00:00+00:00,1
Jl. HR Rasuna Said,2026-08-17 12:00:00+00:00,2026-08-17 12:00:00+00:00,1
Jl. HR Rasuna Said,2026-08-17 15:00:00+00:00,2026-08-17 15:00:00+00:00,1
Jl. HR Rasuna Said,2026-08-17 18:00:00+00:00,2026-08-17 18:00:00+00:00,1
Jl. HR Rasuna Said,2026-08-17 20:00:00+00:00,2026-08-17 20:00:00+00:00,1
Jl. HR Rasuna Said,2026-08-17 23:00:00+00:00,2026-08-17 23:00:00+00:00,1
Jl. HR Rasuna Said,2026-08-18 01:00:00+00:00,2026-08-18 01:00:00+00:00,1
Jl. HR Rasuna Said,2026-08-18 03:00:00+00:00,2026-08-18 03:00:00+00:00,1
Jl. HR Rasuna Said,2026-08-18 06:00:00+00:00,2026-08-18 06:00:00+00:00,1
Jl. HR Rasuna Said,2026-08-18 08:00:00+00:00,2026-08-18 08:00:00+00:00,1
Jl. HR Rasuna Said,2026-08-18 11:00:00+00:00,2026-08-18 11:00:00+00:00,1
Jl. HR Rasuna Said,2026-08-18 13:00:00+00:00,2026-08-18 13:00:00+00:00,1
Jl. HR Rasuna Said,2026-08-18 16:00:00+00:00,2026-08-18 16:00:00+00:00,1
Jl. HR Rasuna Said,2026-08-18 18:00:00+00:00,2026-08-18 18:00:00+00:00,1
Jl. HR Rasuna Said,2026-08-18 21:00:00+00:00,2026-08-18 21:00:00+00:00,1
Jl. HR Rasuna Said,2026-08-18 23:00:00+00:00,2026-08-18 23:00:00+00:00,1
Jl. HR Rasuna Said,2026-08-19 02:00:00+00:00,2026-08-19 02:00:00+00:00,1
Jl. HR Rasuna Said,2026-08-19 04:00:00+00:00,2026-08-19 04:00:00+00:00,1
Jl. HR Rasuna Said,2026-08-19 07:00:00+00:00,2026-08-19 07:00:00+00:00,1
Jl. HR Rasuna Said,2026-08-19 09:00:00+00:00,2026-08-19 09:00:00+00:00,1
Jl. HR Rasuna Said,2026-08-19 12:00:00+00:00,2026-08-19 12:00:00+00:00,1
Jl. HR Rasuna Said,2026-08-19 14:00:00+00:00,2026-08-19 14:00:00+00:00,1
Jl. HR Rasuna Said,2026-08-19 17:00:00+00:00,2026-08-19 17:00:00+00:00,1
Jl. HR Rasuna Said,2026-08-19 19:00:00+00:00,2026-08-19 19:00:00+00:00,1
Jl. HR Rasuna Said,2026-08-19 22:00:00+00:00,2026-08-19 22:00:00+00:00,1
Jl. HR Rasuna Said,2026-08-20 00:00:00+00:00,2026-08-20 00:00:00+00:00,1
Jl. HR Rasuna Said,2026-08-20 03:00:00+00:00,2026-08-20 03:00:00+00:00,1
Jl. HR Rasuna Said,2026-08-20 05:00:00+00:00,2026-08-20 05:00:00+00:00,1
Jl. HR Rasuna Said,2026-08-20 08:00:00+00:00,2026-08-20 08:00:00+00:00,1
Jl. HR Rasuna Said,2026-08-20 10:00:00+00:00,2026-08-20 10:00:00+00:00,1
Jl. HR Rasuna Said,2026-08-20 13:00:00+00:00,2026-08-20 13:00:00+00:00,1
Jl. HR Rasuna Said,2026-08-20 15:00:00+00:00,2026-08-20 15:00:00+00:00,1
Jl. HR Rasuna Said,2026-08-20 18:00:00+00:00,2026-08-20 18:00:00+00:00,1
Jl. HR Rasuna Said,2026-08-20 20:00:00+00:00,2026-08-20 20:00:00+00:00,1
Jl. HR Rasuna Said,2026-08-20 23:00:00+00:00,2026-08-20 23:00:00+00:00,1
Jl. HR Rasuna Said,2026-08-21 01:00:00+00:00,2026-08-21 01:00:00+00:00,1
Jl. HR Rasuna Said,2026-08-21 04:00:00+00:00,2026-08-21 04:00:00+00:00,1
Jl. HR Rasuna Said,2026-08-21 06:00:00+00:00,2026-08-21 06:00:00+00:00,1
Jl. HR Rasuna Said,2026-08-21 09:00:00+00:00,2026-08-21 09:00:00+00:00,1
Jl. HR Rasuna Said,2026-08-21 11:00:00+00:00,2026-08-21 11:00:00+00:00,1
Jl. Sudirman (HI),2026-07-23 10:00:00+00:00,2026-07-23 10:00:00+00:00,1
Jl. Sudirman (HI),2026-07-23 15:00:00+00:00,2026-07-27 01:00:00+00:00,83
Jl. Sudirman (HI),2026-07-27 05:00:00+00:00,2026-07-27 05:00:00+00:00,1
Jl. Sudirman (HI),2026-07-27 17:00:00+00:00,2026-07-27 17:00:00+00:00,1
Jl. Sudirman (HI),2026-07-27 20:00:00+00:00,2026-07-27 20:00:00+00:00,1
Jl. Sudirman (HI),2026-07-27 23:00:00+00:00,2026-07-27 23:00:00+00:00,1
Jl. Sudirman (HI),2026-07-28 01:00:00+00:00,2026-07-28 01:00:00+00:00,1
Jl. Sudirman (HI),2026-07-28 04:00:00+00:00,2026-07-28 04:00:00+00:00,1
Jl. Sudirman (HI),2026-07-28 07:00:00+00:00,2026-07-28 07:00:00+00:00,1
Jl. Sudirman (HI),2026-07-28 10:00:00+00:00,2026-07-28 10:00:00+00:00,1
Jl. Sudirman (HI),2026-07-28 13:00:00+00:00,2026-07-28 13:00:00+00:00,1
Jl. Sudirman (HI),2026-07-28 15:00:00+00:00,2026-07-28 15:00:00+00:00,1
Jl. Sudirman (HI),2026-07-28 18:00:00+00:00,2026-07-28 18:00:00+00:00,1
Jl. Sudirman (HI),2026-07-28 21:00:00+00:00,2026-07-28 21:00:00+00:00,1
Jl. Sudirman (HI),2026-07-29 00:00:00+00:00,2026-07-29 00:00:00+00:00,1
Jl. Sudirman (HI),2026-07-29 02:00:00+00:00,2026-07-29 02:00:00+00:00,1
Jl. Sudirman (HI),2026-07-29 05:00:00+00:00,2026-07-29 05:00:00+00:00,1
Jl. Sudirman (HI),2026-07-29 08:00:00+00:00,2026-07-29 08:00:00+00:00,1
Jl. Sudirman (HI),2026-07-29 10:00:00+00:00,2026-07-29 10:00:00+00:00,1
Jl. Sudirman (HI),2026-07-29 13:00:00+00:00,2026-07-29 13:00:00+00:00,1
Jl. Sudirman (HI),2026-07-29 16:00:00+00:00,2026-07-29 16:00:00+00:00,1
Jl. Sudirman (HI),2026-07-29 19:00:00+00:00,2026-07-29 19:00:00+00:00,1
Jl. Sudirman (HI),2026-07-29 21:00:00+00:00,2026-07-29 21:00:00+00:00,1
Jl. Sudirman (HI),2026-07-30 00:00:00+00:00,2026-07-30 00:00:00+00:00,1
Jl. Sudirman (HI),2026-07-30 03:00:00+00:00,2026-07-30 03:00:00+00:00,1
Jl. Sudirman (HI),2026-07-30 06:00:00+00:00,2026-07-30 06:00:00+00:00,1
Jl. Sudirman (HI),2026-07-30 09:00:00+00:00,2026-07-30 09:00:00+00:00,1
Jl. Sudirman (HI),2026-07-30 12:00:00+00:00,2026-07-30 12:00:00+00:00,1
Jl. Sudirman (HI),2026-07-30 14:00:00+00:00,2026-07-30 14:00:00+00:00,1
Jl. Sudirman (HI),2026-07-30 17:00:00+00:00,2026-07-30 17:00:00+00:00,1
Jl. Sudirman (HI),2026-07-30 20:00:00+00:00,2026-07-30 20:00:00+00:00,1
Jl. Sudirman (HI),2026-07-30 22:00:00+00:00,2026-07-30 22:00:00+00:00,1
Jl. Sudirman (HI),2026-07-31 01:00:00+00:00,2026-07-31 01:00:00+00:00,1
Jl. Sudirman (HI),2026-07-31 04:00:00+00:00,2026-07-31 04:00:00+00:00,1
Jl. Sudirman (HI),2026-07-31 07:00:00+00:00,2026-07-31 07:00:00+00:00,1
Jl. Sudirman (HI),2026-07-31 09:00:00+00:00,2026-07-31 09:00:00+00:00,1
Jl. Sudirman (HI),2026-07-31 12:00:00+00:00,2026-07-31 12:00:00+00:00,1
Jl. Sudirman (HI),2026-07-31 15:00:00+00:00,2026-07-31 15:00:00+00:00,1
Jl. Sudirman (HI),2026-07-31 17:00:00+00:00,2026-07-31 17:00:00+00:00,1
Jl. Sudirman (HI),2026-07-31 20:00:00+00:00,2026-07-31 20:00:00+00:00,1
Jl. Sudirman (HI),2026-07-31 23:00:00+00:00,2026-07-31 23:00:00+00:00,1
Jl. Sudirman (HI),2026-08-01 02:00:00+00:00,2026-08-01 02:00:00+00:00,1
Jl. Sudirman (HI),2026-08-01 04:00:00+00:00,2026-08-01 04:00:00+00:00,1
Jl. Sudirman (HI),2026-08-01 07:00:00+00:00,2026-08-01 07:00:00+00:00,1
Jl. Sudirman (HI),2026-08-01 10:00:00+00:00,2026-08-01 10:00:00+00:00,1
Jl. Sudirman (HI),2026-08-01 13:00:00+00:00,2026-08-01 13:00:00+00:00,1
Jl. Sudirman (HI),2026-08-01 15:00:00+00:00,2026-08-01 15:00:00+00:00,1
Jl. Sudirman (HI),2026-08-01 18:00:00+00:00,2026-08-01 18:00:00+00:00,1
Jl. Sudirman (HI),2026-08-01 21:00:00+00:00,2026-08-01 21:00:00+00:00,1
Jl. Sudirman (HI),2026-08-01 23:00:00+00:00,2026-08-01 23:00:00+00:00,1
Jl. Sudirman (HI),2026-08-02 02:00:00+00:00,2026-08-02 02:00:00+00:00,1
Jl. Sudirman (HI),2026-08-02 05:00:00+00:00,2026-08-02 05:00:00+00:00,1
Jl. Sudirman (HI),2026-08-02 08:00:00+00:00,2026-08-02 08:00:00+00:00,1
Jl. Sudirman (HI),2026-08-02 10:00:00+00:00,2026-08-02 10:00:00+00:00,1
Jl. Sudirman (HI),2026-08-02 13:00:00+00:00,2026-08-02 13:00:00+00:00,1
Jl. Sudirman (HI),2026-08-02 16:00:00+00:00,2026-08-02 16:00:00+00:00,1
Jl. Sudirman (HI),2026-08-02 18:00:00+00:00,2026-08-02 18:00:00+00:00,1
Jl. Sudirman (HI),2026-08-02 21:00:00+00:00,2026-08-02 21:00:00+00:00,1
Jl. Sudirman (HI),2026-08-03 00:00:00+00:00,2026-08-03 00:00:00+00:00,1
Jl. Sudirman (HI),2026-08-03 03:00:00+00:00,2026-08-03 03:00:00+00:00,1
Jl. Sudirman (HI),2026-08-03 05:00:00+00:00,2026-08-03 05:00:00+00:00,1
Jl. Sudirman (HI),2026-08-03 08:00:00+00:00,2026-08-03 08:00:00+00:00,1
Jl. Sudirman (HI),2026-08-03 11:00:00+00:00,2026-08-03 11:00:00+00:00,1
Jl. Sudirman (HI),2026-08-03 13:00:00+00:00,2026-08-03 13:00:00+00:00,1
Jl. Sudirman (HI),2026-08-03 16:00:00+00:00,2026-08-03 16:00:00+00:00,1
Jl. Sudirman (HI),2026-08-03 19:00:00+00:00,2026-08-03 19:00:00+00:00,1
Jl. Sudirman (HI),2026-08-03 22:00:00+00:00,2026-08-03 22:00:00+00:00,1
Jl. Sudirman (HI),2026-08-04 00:00:00+00:00,2026-08-04 00:00:00+00:00,1
Jl. Sudirman (HI),2026-08-04 03:00:00+00:00,2026-08-04 03:00:00+00:00,1
Jl. Sudirman (HI),2026-08-04 06:00:00+00:00,2026-08-04 06:00:00+00:00,1
Jl. Sudirman (HI),2026-08-04 08:00:00+00:00,2026-08-04 08:00:00+00:00,1
Jl. Sudirman (HI),2026-08-04 11:00:00+00:00,2026-08-04 11:00:00+00:00,1
Jl. Sudirman (HI),2026-08-04 14:00:00+00:00,2026-08-04 14:00:00+00:00,1
Jl. Sudirman (HI),2026-08-04 16:00:00+00:00,2026-08-04 16:00:00+00:00,1
Jl. Sudirman (HI),2026-08-04 19:00:00+00:00,2026-08-04 19:00:00+00:00,1
Jl. Sudirman (HI),2026-08-04 22:00:00+00:00,2026-08-04 22:00:00+00:00,1
Jl. Sudirman (HI),2026-08-05 01:00:00+00:00,2026-08-05 01:00:00+00:00,1
Jl. Sudirman (HI),2026-08-05 03:00:00+00:00,2026-08-05 03:00:00+00:00,1
Jl. Sudirman (HI),2026-08-05 06:00:00+00:00,2026-08-05 06:00:00+00:00,1
Jl. Sudirman (HI),2026-08-05 09:00:00+00:00,2026-08-05 09:00:00+00:00,1
Jl. Sudirman (HI),2026-08-05 11:00:00+00:00,2026-08-05 11:00:00+00:00,1
Jl. Sudirman (HI),2026-08-05 14:00:00+00:00,2026-08-05 14:00:00+00:00,1
Jl. Sudirman (HI),2026-08-05 17:00:00+00:00,2026-08-05 17:00:00+00:00,1
Jl. Sudirman (HI),2026-08-05 20:00:00+00:00,2026-08-05 20:00:00+00:00,1
Jl. Sudirman (HI),2026-08-05 22:00:00+00:00,2026-08-05 22:00:00+00:00,1
Jl. Sudirman (HI),2026-08-06 01:00:00+00:00,2026-08-06 01:00:00+00:00,1
Jl. Sudirman (HI),2026-08-06 04:00:00+00:00,2026-08-06 04:00:00+00:00,1
Jl. Sudirman (HI),2026-08-06 06:00:00+00:00,2026-08-06 06:00:00+00:00,1
Jl. Sudirman (HI),2026-08-06 09:00:00+00:00,2026-08-06 09:00:00+00:00,1
Jl. Sudirman (HI),2026-08-06 12:00:00+00:00,2026-08-06 12:00:00+00:00,1
Jl. Sudirman (HI),2026-08-06 15:00:00+00:00,2026-08-06 15:00:00+00:00,1
Jl. Sudirman (HI),2026-08-06 17:00:00+00:00,2026-08-06 17:00:00+00:00,1
Jl. Sudirman (HI),2026-08-06 20:00:00+00:00,2026-08-06 20:00:00+00:00,1
Jl. Sudirman (HI),2026-08-06 23:00:00+00:00,2026-08-06 23:00:00+00:00,1
Jl. Sudirman (HI),2026-08-07 01:00:00+00:00,2026-08-07 01:00:00+00:00,1
Jl. Sudirman (HI),2026-08-07 04:00:00+00:00,2026-08-07 04:00:00+00:00,1
Jl. Sudirman (HI),2026-08-07 07:00:00+00:00,2026-08-07 07:00:00+00:00,1
Jl. Sudirman (HI),2026-08-07 10:00:00+00:00,2026-08-07 10:00:00+00:00,1
Jl. Sudirman (HI),2026-08-07 12:00:00+00:00,2026-08-07 12:00:00+00:00,1
Jl. Sudirman (HI),2026-08-07 15:00:00+00:00,2026-08-07 15:00:00+00:00,1
Jl. Sudirman (HI),2026-08-07 18:00:00+00:00,2026-08-07 18:00:00+00:00,1
Jl. Sudirman (HI),2026-08-07 21:00:00+00:00,2026-08-07 21:00:00+00:00,1
Jl. Sudirman (HI),2026-08-07 23:00:00+00:00,2026-08-07 23:00:00+00:00,1
Jl. Sudirman (HI),2026-08-08 02:00:00+00:00,2026-08-08 02:00:00+00:00,1
Jl. Sudirman (HI),2026-08-08 05:00:00+00:00,2026-08-08 05:00:00+00:00,1
Jl. Sudirman (HI),2026-08-08 07:00:00+00:00,2026-08-08 07:00:00+00:00,1
Jl. Sudirman (HI),2026-08-08 10:00:00+00:00,2026-08-08 10:00:00+00:00,1
Jl. Sudirman (HI),2026-08-08 13:00:00+00:00,2026-08-08 13:00:00+00:00,1
Jl. Sudirman (HI),2026-08-08 16:00:00+00:00,2026-08-08 16:00:00+00:00,1
Jl. Sudirman (HI),2026-08-08 18:00:00+00:00,2026-08-08 18:00:00+00:00,1
Jl. Sudirman (HI),2026-08-08 21:00:00+00:00,2026-08-08 21:00:00+00:00,1
Jl. Sudirman (HI),2026-08-09 00:00:00+00:00,2026-08-09 00:00:00+00:00,1
Jl. Sudirman (HI),2026-08-09 03:00:00+00:00,2026-08-09 03:00:00+00:00,1
Jl. Sudirman (HI),2026-08-09 05:00:00+00:00,2026-08-09 05:00:00+00:00,1
Jl. Sudirman (HI),2026-08-09 08:00:00+00:00,2026-08-09 08:00:00+00:00,1
Jl. Sudirman (HI),2026-08-09 11:00:00+00:00,2026-08-09 11:00:00+00:00,1
Jl. Sudirman (HI),2026-08-09 13:00:00+00:00,2026-08-09 13:00:00+00:00,1
Jl. Sudirman (HI),2026-08-09 16:00:00+00:00,2026-08-09 16:00:00+00:00,1
Jl. Sudirman (HI),2026-08-09 19:00:00+00:00,2026-08-09 19:00:00+00:00,1
Jl. Sudirman (HI),2026-08-09 22:00:00+00:00,2026-08-09 22:00:00+00:00,1
Jl. Sudirman (HI),2026-08-10 00:00:00+00:00,2026-08-10 00:00:00+00:00,1
Jl. Sudirman (HI),2026-08-10 03:00:00+00:00,2026-08-10 03:00:00+00:00,1
Jl. Sudirman (HI),2026-08-10 06:00:00+00:00,2026-08-10 06:00:00+00:00,1
Jl. Sudirman (HI),2026-08-10 09:00:00+00:00,2026-08-10 09:00:00+00:00,1
Jl. Sudirman (HI),2026-08-10 11:00:00+00:00,2026-08-10 11:00:00+00:00,1
Jl. Sudirman (HI),2026-08-10 14:00:00+00:00,2026-08-10 14:00:00+00:00,1
Jl. Sudirman (HI),2026-08-10 17:00:00+00:00,2026-08-10 17:00:00+00:00,1
Jl. Sudirman (HI),2026-08-10 19:00:00+00:00,2026-08-10 19:00:00+00:00,1
Jl. Sudirman (HI),2026-08-10 22:00:00+00:00,2026-08-10 22:00:00+00:00,1
Jl. Sudirman (HI),2026-08-11 01:00:00+00:00,2026-08-11 01:00:00+00:00,1
Jl. Sudirman (HI),2026-08-11 04:00:00+00:00,2026-08-11 04:00:00+00:00,1
Jl. Sudirman (HI),2026-08-11 06:00:00+00:00,2026-08-11 06:00:00+00:00,1
Jl. Sudirman (HI),2026-08-11 09:00:00+00:00,2026-08-11 09:00:00+00:00,1
Jl. Sudirman (HI),2026-08-11 11:00:00+00:00,2026-08-11 11:00:00+00:00,1
Jl. Sudirman (HI),2026-08-11 14:00:00+00:00,2026-08-11 14:00:00+00:00,1
Jl. Sudirman (HI),2026-08-11 16:00:00+00:00,2026-08-11 16:00:00+00:00,1
Jl. Sudirman (HI),2026-08-11 19:00:00+00:00,2026-08-11 19:00:00+00:00,1
Jl. Sudirman (HI),2026-08-11 22:00:00+00:00,2026-08-11 22:00:00+00:00,1
Jl. Sudirman (HI),2026-08-12 00:00:00+00:00,2026-08-12 00:00:00+00:00,1
Jl. Sudirman (HI),2026-08-12 03:00:00+00:00,2026-08-12 03:00:00+00:00,1
Jl. Sudirman (HI),2026-08-12 05:00:00+00:00,2026-08-12 05:00:00+00:00,1
Jl. Sudirman (HI),2026-08-12 08:00:00+00:00,2026-08-12 08:00:00+00:00,1
Jl. Sudirman (HI),2026-08-12 10:00:00+00:00,2026-08-12 10:00:00+00:00,1
Jl. Sudirman (HI),2026-08-12 13:00:00+00:00,2026-08-12 13:00:00+00:00,1
Jl. Sudirman (HI),2026-08-12 16:00:00+00:00,2026-08-12 16:00:00+00:00,1
Jl. Sudirman (HI),2026-08-12 18:00:00+00:00,2026-08-12 18:00:00+00:00,1
Jl. Sudirman (HI),2026-08-12 21:00:00+00:00,2026-08-12 21:00:00+00:00,1
Jl. Sudirman (HI),2026-08-12 23:00:00+00:00,2026-08-12 23:00:00+00:00,1
Jl. Sudirman (HI),2026-08-13 02:00:00+00:00,2026-08-13 02:00:00+00:00,1
Jl. Sudirman (HI),2026-08-13 05:00:00+00:00,2026-08-13 05:00:00+00:00,1
Jl. Sudirman (HI),2026-08-13 07:00:00+00:00,2026-08-13 07:00:00+00:00,1
Jl. Sudirman (HI),2026-08-13 10:00:00+00:00,2026-08-13 10:00:00+00:00,1
Jl. Sudirman (HI),2026-08-13 12:00:00+00:00,2026-08-13 12:00:00+00:00,1
Jl. Sudirman (HI),2026-08-13 15:00:00+00:00,2026-08-13 15:00:00+00:00,1
Jl. Sudirman (HI),2026-08-13 18:00:00+00:00,2026-08-13 18:00:00+00:00,1
Jl. Sudirman (HI),2026-08-13 20:00:00+00:00,2026-08-13 20:00:00+00:00,1
Jl. Sudirman (HI),2026-08-13 23:00:00+00:00,2026-08-13 23:00:00+00:00,1
Jl. Sudirman (HI),2026-08-14 01:00:00+00:00,2026-08-14 01:00:00+00:00,1
Jl. Sudirman (HI),2026-08-14 04:00:00+00:00,2026-08-14 04:00:00+00:00,1
Jl. Sudirman (HI),2026-08-14 07:00:00+00:00,2026-08-14 07:00:00+00:00,1
Jl. Sudirman (HI),2026-08-14 09:00:00+00:00,2026-08-14 09:00:00+00:00,1
Jl. Sudirman (HI),2026-08-14 12:00:00+00:00,2026-08-14 12:00:00+00:00,1
Jl. Sudirman (HI),2026-08-14 15:00:00+00:00,2026-08-14 15:00:00+00:00,1
Jl. Sudirman (HI),2026-08-14 17:00:00+00:00,2026-08-14 17:00:00+00:00,1
Jl. Sudirman (HI),2026-08-14 20:00:00+00:00,2026-08-14 20:00:00+00:00,1
Jl. Sudirman (HI),2026-08-14 22:00:00+00:00,2026-08-14 22:00:00+00:00,1
Jl. Sudirman (HI),2026-08-15 01:00:00+00:00,2026-08-15 01:00:00+00:00,1
Jl. Sudirman (HI),2026-08-15 04:00:00+00:00,2026-08-15 04:00:00+00:00,1
Jl. Sudirman (HI),2026-08-15 06:00:00+00:00,2026-08-15 06:00:00+00:00,1
Jl. Sudirman (HI),2026-08-15 09:00:00+00:00,2026-08-15 09:00:00+00:00,1
Jl. Sudirman (HI),2026-08-15 11:00:00+00:00,2026-08-15 11:00:00+00:00,1
Jl. Sudirman (HI),2026-08-15 14:00:00+00:00,2026-08-15 14:00:00+00:00,1
Jl. Sudirman (HI),2026-08-15 17:00:00+00:00,2026-08-15 17:00:00+00:00,1
Jl. Sudirman (HI),2026-08-15 19:00:00+00:00,2026-08-15 19:00:00+00:00,1
Jl. Sudirman (HI),2026-08-15 22:00:00+00:00,2026-08-15 22:00:00+00:00,1
Jl. Sudirman (HI),2026-08-16 00:00:00+00:00,2026-08-16 00:00:00+00:00,1
Jl. Sudirman (HI),2026-08-16 03:00:00+00:00,2026-08-16 03:00:00+00:00,1
Jl. Sudirman (HI),2026-08-16 05:00:00+00:00,2026-08-16 05:00:00+00:00,1
Jl. Sudirman (HI),2026-08-16 08:00:00+00:00,2026-08-16 08:00:00+00:00,1
Jl. Sudirman (HI),2026-08-16 11:00:00+00:00,2026-08-16 11:00:00+00:00,1
Jl. Sudirman (HI),2026-08-16 13:00:00+00:00,2026-08-16 13:00:00+00:00,1
Jl. Sudirman (HI),2026-08-16 16:00:00+00:00,2026-08-16 16:00:00+00:00,1
Jl. Sudirman (HI),2026-08-16 18:00:00+00:00,2026-08-16 18:00:00+00:00,1
Jl. Sudirman (HI),2026-08-16 21:00:00+00:00,2026-08-16 21:00:00+00:00,1
Jl. Sudirman (HI),2026-08-17 00:00:00+00:00,2026-08-17 00:00:00+00:00,1
Jl. Sudirman (HI),2026-08-17 02:00:00+00:00,2026-08-17 02:00:00+00:00,1
Jl. Sudirman (HI),2026-08-17 05:00:00+00:00,2026-08-17 05:00:00+00:00,1
Jl. Sudirman (HI),2026-08-17 07:00:00+00:00,2026-08-17 07:00:00+00:00,1
Jl. Sudirman (HI),2026-08-17 10:00:00+00:00,2026-08-17 10:00:00+00:00,1
Jl. Sudirman (HI),2026-08-17 12:00:00+00:00,2026-08-17 12:00:00+00:00,1
Jl. Sudirman (HI),2026-08-17 15:00:00+00:00,2026-08-17 15:00:00+00:00,1
Jl. Sudirman (HI),2026-08-17 18:00:00+00:00,2026-08-17 18:00:00+00:00,1
Jl. Sudirman (HI),2026-08-17 20:00:00+00:00,2026-08-17 20:00:00+00:00,1
Jl. Sudirman (HI),2026-08-17 23:00:00+00:00,2026-08-17 23:00:00+00:00,1
Jl. Sudirman (HI),2026-08-18 01:00:00+00:00,2026-08-18 01:00:00+00:00,1
Jl. Sudirman (HI),2026-08-18 03:00:00+00:00,2026-08-18 03:00:00+00:00,1
Jl. Sudirman (HI),2026-08-18 06:00:00+00:00,2026-08-18 06:00:00+00:00,1
Jl. Sudirman (HI),2026-08-18 08:00:00+00:00,2026-08-18 08:00:00+00:00,1
Jl. Sudirman (HI),2026-08-18 11:00:00+00:00,2026-08-18 11:00:00+00:00,1
Jl. Sudirman (HI),2026-08-18 13:00:00+00:00,2026-08-18 13:00:00+00:00,1
Jl. Sudirman (HI),2026-08-18 16:00:00+00:00,2026-08-18 16:00:00+00:00,1
Jl. Sudirman (HI),2026-08-18 18:00:00+00:00,2026-08-18 18:00:00+00:00,1
Jl. Sudirman (HI),2026-08-18 21:00:00+00:00,2026-08-18 21:00:00+00:00,1
Jl. Sudirman (HI),2026-08-18 23:00:00+00:00,2026-08-18 23:00:00+00:00,1
Jl. Sudirman (HI),2026-08-19 02:00:00+00:00,2026-08-19 02:00:00+00:00,1
Jl. Sudirman (HI),2026-08-19 04:00:00+00:00,2026-08-19 04:00:00+00:00,1
Jl. Sudirman (HI),2026-08-19 07:00:00+00:00,2026-08-19 07:00:00+00:00,1
Jl. Sudirman (HI),2026-08-19 09:00:00+00:00,2026-08-19 09:00:00+00:00,1
Jl. Sudirman (HI),2026-08-19 12:00:00+00:00,2026-08-19 12:00:00+00:00,1
Jl. Sudirman (HI),2026-08-19 14:00:00+00:00,2026-08-19 14:00:00+00:00,1
Jl. Sudirman (HI),2026-08-19 17:00:00+00:00,2026-08-19 17:00:00+00:00,1
Jl. Sudirman (HI),2026-08-19 19:00:00+00:00,2026-08-19 19:00:00+00:00,1
Jl. Sudirman (HI),2026-08-19 22:00:00+00:00,2026-08-19 22:00:00+00:00,1
Jl. Sudirman (HI),2026-08-20 00:00:00+00:00,2026-08-20 00:00:00+00:00,1
Jl. Sudirman (HI),2026-08-20 03:00:00+00:00,2026-08-20 03:00:00+00:00,1
Jl. Sudirman (HI),2026-08-20 05:00:00+00:00,2026-08-20 05:00:00+00:00,1
Jl. Sudirman (HI),2026-08-20 08:00:00+00:00,2026-08-20 08:00:00+00:00,1
Jl. Sudirman (HI),2026-08-20 10:00:00+00:00,2026-08-20 10:00:00+00:00,1
Jl. Sudirman (HI),2026-08-20 13:00:00+00:00,2026-08-20 13:00:00+00:00,1
Jl. Sudirman (HI),2026-08-20 15:00:00+00:00,2026-08-20 15:00:00+00:00,1
Jl. Sudirman (HI),2026-08-20 18:00:00+00:00,2026-08-20 18:00:00+00:00,1
Jl. Sudirman (HI),2026-08-20 20:00:00+00:00,2026-08-20 20:00:00+00:00,1
Jl. Sudirman (HI),2026-08-20 23:00:00+00:00,2026-08-20 23:00:00+00:00,1
Jl. Sudirman (HI),2026-08-21 01:00:00+00:00,2026-08-21 01:00:00+00:00,1
Jl. Sudirman (HI),2026-08-21 04:00:00+00:00,2026-08-21 04:00:00+00:00,1
Jl. Sudirman (HI),2026-08-21 06:00:00+00:00,2026-08-21 06:00:00+00:00,1
Jl. Sudirman (HI),2026-08-21 09:00:00+00:00,2026-08-21 09:00:00+00:00,1
Jl. Sudirman (HI),2026-08-21 11:00:00+00:00,2026-08-21 11:00:00+00:00,1
Tol Jakarta-Merak,2026-07-23 10:00:00+00:00,2026-07-23 10:00:00+00:00,1
Tol Jakarta-Merak,2026-07-23 15:00:00+00:00,2026-07-27 01:00:00+00:00,83
Tol Jakarta-Merak,2026-07-27 05:00:00+00:00,2026-07-27 05:00:00+00:00,1
Tol Jakarta-Merak,2026-07-27 17:00:00+00:00,2026-07-27 17:00:00+00:00,1
Tol Jakarta-Merak,2026-07-27 20:00:00+00:00,2026-07-27 20:00:00+00:00,1
Tol Jakarta-Merak,2026-07-27 23:00:00+00:00,2026-07-27 23:00:00+00:00,1
Tol Jakarta-Merak,2026-07-28 01:00:00+00:00,2026-07-28 01:00:00+00:00,1
Tol Jakarta-Merak,2026-07-28 04:00:00+00:00,2026-07-28 04:00:00+00:00,1
Tol Jakarta-Merak,2026-07-28 07:00:00+00:00,2026-07-28 07:00:00+00:00,1
Tol Jakarta-Merak,2026-07-28 10:00:00+00:00,2026-07-28 10:00:00+00:00,1
Tol Jakarta-Merak,2026-07-28 13:00:00+00:00,2026-07-28 13:00:00+00:00,1
Tol Jakarta-Merak,2026-07-28 15:00:00+00:00,2026-07-28 15:00:00+00:00,1
Tol Jakarta-Merak,2026-07-28 18:00:00+00:00,2026-07-28 18:00:00+00:00,1
Tol Jakarta-Merak,2026-07-28 21:00:00+00:00,2026-07-28 21:00:00+00:00,1
Tol Jakarta-Merak,2026-07-29 00:00:00+00:00,2026-07-29 00:00:00+00:00,1
Tol Jakarta-Merak,2026-07-29 02:00:00+00:00,2026-07-29 02:00:00+00:00,1
Tol Jakarta-Merak,2026-07-29 05:00:00+00:00,2026-07-29 05:00:00+00:00,1
Tol Jakarta-Merak,2026-07-29 08:00:00+00:00,2026-07-29 08:00:00+00:00,1
Tol Jakarta-Merak,2026-07-29 10:00:00+00:00,2026-07-29 10:00:00+00:00,1
Tol Jakarta-Merak,2026-07-29 13:00:00+00:00,2026-07-29 13:00:00+00:00,1
Tol Jakarta-Merak,2026-07-29 16:00:00+00:00,2026-07-29 16:00:00+00:00,1
Tol Jakarta-Merak,2026-07-29 19:00:00+00:00,2026-07-29 19:00:00+00:00,1
Tol Jakarta-Merak,2026-07-29 21:00:00+00:00,2026-07-29 21:00:00+00:00,1
Tol Jakarta-Merak,2026-07-30 00:00:00+00:00,2026-07-30 00:00:00+00:00,1
Tol Jakarta-Merak,2026-07-30 03:00:00+00:00,2026-07-30 03:00:00+00:00,1
Tol Jakarta-Merak,2026-07-30 06:00:00+00:00,2026-07-30 06:00:00+00:00,1
Tol Jakarta-Merak,2026-07-30 09:00:00+00:00,2026-07-30 09:00:00+00:00,1
Tol Jakarta-Merak,2026-07-30 12:00:00+00:00,2026-07-30 12:00:00+00:00,1
Tol Jakarta-Merak,2026-07-30 14:00:00+00:00,2026-07-30 14:00:00+00:00,1
Tol Jakarta-Merak,2026-07-30 17:00:00+00:00,2026-07-30 17:00:00+00:00,1
Tol Jakarta-Merak,2026-07-30 20:00:00+00:00,2026-07-30 20:00:00+00:00,1
Tol Jakarta-Merak,2026-07-30 22:00:00+00:00,2026-07-30 22:00:00+00:00,1
Tol Jakarta-Merak,2026-07-31 01:00:00+00:00,2026-07-31 01:00:00+00:00,1
Tol Jakarta-Merak,2026-07-31 04:00:00+00:00,2026-07-31 04:00:00+00:00,1
Tol Jakarta-Merak,2026-07-31 07:00:00+00:00,2026-07-31 07:00:00+00:00,1
Tol Jakarta-Merak,2026-07-31 09:00:00+00:00,2026-07-31 09:00:00+00:00,1
Tol Jakarta-Merak,2026-07-31 12:00:00+00:00,2026-07-31 12:00:00+00:00,1
Tol Jakarta-Merak,2026-07-31 15:00:00+00:00,2026-07-31 15:00:00+00:00,1
Tol Jakarta-Merak,2026-07-31 17:00:00+00:00,2026-07-31 17:00:00+00:00,1
Tol Jakarta-Merak,2026-07-31 20:00:00+00:00,2026-07-31 20:00:00+00:00,1
Tol Jakarta-Merak,2026-07-31 23:00:00+00:00,2026-07-31 23:00:00+00:00,1
Tol Jakarta-Merak,2026-08-01 02:00:00+00:00,2026-08-01 02:00:00+00:00,1
Tol Jakarta-Merak,2026-08-01 04:00:00+00:00,2026-08-01 04:00:00+00:00,1
Tol Jakarta-Merak,2026-08-01 07:00:00+00:00,2026-08-01 07:00:00+00:00,1
Tol Jakarta-Merak,2026-08-01 10:00:00+00:00,2026-08-01 10:00:00+00:00,1
Tol Jakarta-Merak,2026-08-01 13:00:00+00:00,2026-08-01 13:00:00+00:00,1
Tol Jakarta-Merak,2026-08-01 15:00:00+00:00,2026-08-01 15:00:00+00:00,1
Tol Jakarta-Merak,2026-08-01 18:00:00+00:00,2026-08-01 18:00:00+00:00,1
Tol Jakarta-Merak,2026-08-01 21:00:00+00:00,2026-08-01 21:00:00+00:00,1
Tol Jakarta-Merak,2026-08-01 23:00:00+00:00,2026-08-01 23:00:00+00:00,1
Tol Jakarta-Merak,2026-08-02 02:00:00+00:00,2026-08-02 02:00:00+00:00,1
Tol Jakarta-Merak,2026-08-02 05:00:00+00:00,2026-08-02 05:00:00+00:00,1
Tol Jakarta-Merak,2026-08-02 08:00:00+00:00,2026-08-02 08:00:00+00:00,1
Tol Jakarta-Merak,2026-08-02 10:00:00+00:00,2026-08-02 10:00:00+00:00,1
Tol Jakarta-Merak,2026-08-02 13:00:00+00:00,2026-08-02 13:00:00+00:00,1
Tol Jakarta-Merak,2026-08-02 16:00:00+00:00,2026-08-02 16:00:00+00:00,1
Tol Jakarta-Merak,2026-08-02 18:00:00+00:00,2026-08-02 18:00:00+00:00,1
Tol Jakarta-Merak,2026-08-02 21:00:00+00:00,2026-08-02 21:00:00+00:00,1
Tol Jakarta-Merak,2026-08-03 00:00:00+00:00,2026-08-03 00:00:00+00:00,1
Tol Jakarta-Merak,2026-08-03 03:00:00+00:00,2026-08-03 03:00:00+00:00,1
Tol Jakarta-Merak,2026-08-03 05:00:00+00:00,2026-08-03 05:00:00+00:00,1
Tol Jakarta-Merak,2026-08-03 08:00:00+00:00,2026-08-03 08:00:00+00:00,1
Tol Jakarta-Merak,2026-08-03 11:00:00+00:00,2026-08-03 11:00:00+00:00,1
Tol Jakarta-Merak,2026-08-03 13:00:00+00:00,2026-08-03 13:00:00+00:00,1
Tol Jakarta-Merak,2026-08-03 16:00:00+00:00,2026-08-03 16:00:00+00:00,1
Tol Jakarta-Merak,2026-08-03 19:00:00+00:00,2026-08-03 19:00:00+00:00,1
Tol Jakarta-Merak,2026-08-03 22:00:00+00:00,2026-08-03 22:00:00+00:00,1
Tol Jakarta-Merak,2026-08-04 00:00:00+00:00,2026-08-04 00:00:00+00:00,1
Tol Jakarta-Merak,2026-08-04 03:00:00+00:00,2026-08-04 03:00:00+00:00,1
Tol Jakarta-Merak,2026-08-04 06:00:00+00:00,2026-08-04 06:00:00+00:00,1
Tol Jakarta-Merak,2026-08-04 08:00:00+00:00,2026-08-04 08:00:00+00:00,1
Tol Jakarta-Merak,2026-08-04 11:00:00+00:00,2026-08-04 11:00:00+00:00,1
Tol Jakarta-Merak,2026-08-04 14:00:00+00:00,2026-08-04 14:00:00+00:00,1
Tol Jakarta-Merak,2026-08-04 16:00:00+00:00,2026-08-04 16:00:00+00:00,1
Tol Jakarta-Merak,2026-08-04 19:00:00+00:00,2026-08-04 19:00:00+00:00,1
Tol Jakarta-Merak,2026-08-04 22:00:00+00:00,2026-08-04 22:00:00+00:00,1
Tol Jakarta-Merak,2026-08-05 01:00:00+00:00,2026-08-05 01:00:00+00:00,1
Tol Jakarta-Merak,2026-08-05 03:00:00+00:00,2026-08-05 03:00:00+00:00,1
Tol Jakarta-Merak,2026-08-05 06:00:00+00:00,2026-08-05 06:00:00+00:00,1
Tol Jakarta-Merak,2026-08-05 09:00:00+00:00,2026-08-05 09:00:00+00:00,1
Tol Jakarta-Merak,2026-08-05 11:00:00+00:00,2026-08-05 11:00:00+00:00,1
Tol Jakarta-Merak,2026-08-05 14:00:00+00:00,2026-08-05 14:00:00+00:00,1
Tol Jakarta-Merak,2026-08-05 17:00:00+00:00,2026-08-05 17:00:00+00:00,1
Tol Jakarta-Merak,2026-08-05 20:00:00+00:00,2026-08-05 20:00:00+00:00,1
Tol Jakarta-Merak,2026-08-05 22:00:00+00:00,2026-08-05 22:00:00+00:00,1
Tol Jakarta-Merak,2026-08-06 01:00:00+00:00,2026-08-06 01:00:00+00:00,1
Tol Jakarta-Merak,2026-08-06 04:00:00+00:00,2026-08-06 04:00:00+00:00,1
Tol Jakarta-Merak,2026-08-06 06:00:00+00:00,2026-08-06 06:00:00+00:00,1
Tol Jakarta-Merak,2026-08-06 09:00:00+00:00,2026-08-06 09:00:00+00:00,1
Tol Jakarta-Merak,2026-08-06 12:00:00+00:00,2026-08-06 12:00:00+00:00,1
Tol Jakarta-Merak,2026-08-06 15:00:00+00:00,2026-08-06 15:00:00+00:00,1
Tol Jakarta-Merak,2026-08-06 17:00:00+00:00,2026-08-06 17:00:00+00:00,1
Tol Jakarta-Merak,2026-08-06 20:00:00+00:00,2026-08-06 20:00:00+00:00,1
Tol Jakarta-Merak,2026-08-06 23:00:00+00:00,2026-08-06 23:00:00+00:00,1
Tol Jakarta-Merak,2026-08-07 01:00:00+00:00,2026-08-07 01:00:00+00:00,1
Tol Jakarta-Merak,2026-08-07 04:00:00+00:00,2026-08-07 04:00:00+00:00,1
Tol Jakarta-Merak,2026-08-07 07:00:00+00:00,2026-08-07 07:00:00+00:00,1
Tol Jakarta-Merak,2026-08-07 10:00:00+00:00,2026-08-07 10:00:00+00:00,1
Tol Jakarta-Merak,2026-08-07 12:00:00+00:00,2026-08-07 12:00:00+00:00,1
Tol Jakarta-Merak,2026-08-07 15:00:00+00:00,2026-08-07 15:00:00+00:00,1
Tol Jakarta-Merak,2026-08-07 18:00:00+00:00,2026-08-07 18:00:00+00:00,1
Tol Jakarta-Merak,2026-08-07 21:00:00+00:00,2026-08-07 21:00:00+00:00,1
Tol Jakarta-Merak,2026-08-07 23:00:00+00:00,2026-08-07 23:00:00+00:00,1
Tol Jakarta-Merak,2026-08-08 02:00:00+00:00,2026-08-08 02:00:00+00:00,1
Tol Jakarta-Merak,2026-08-08 05:00:00+00:00,2026-08-08 05:00:00+00:00,1
Tol Jakarta-Merak,2026-08-08 07:00:00+00:00,2026-08-08 07:00:00+00:00,1
Tol Jakarta-Merak,2026-08-08 10:00:00+00:00,2026-08-08 10:00:00+00:00,1
Tol Jakarta-Merak,2026-08-08 13:00:00+00:00,2026-08-08 13:00:00+00:00,1
Tol Jakarta-Merak,2026-08-08 16:00:00+00:00,2026-08-08 16:00:00+00:00,1
Tol Jakarta-Merak,2026-08-08 18:00:00+00:00,2026-08-08 18:00:00+00:00,1
Tol Jakarta-Merak,2026-08-08 21:00:00+00:00,2026-08-08 21:00:00+00:00,1
Tol Jakarta-Merak,2026-08-09 00:00:00+00:00,2026-08-09 00:00:00+00:00,1
Tol Jakarta-Merak,2026-08-09 03:00:00+00:00,2026-08-09 03:00:00+00:00,1
Tol Jakarta-Merak,2026-08-09 05:00:00+00:00,2026-08-09 05:00:00+00:00,1
Tol Jakarta-Merak,2026-08-09 08:00:00+00:00,2026-08-09 08:00:00+00:00,1
Tol Jakarta-Merak,2026-08-09 11:00:00+00:00,2026-08-09 11:00:00+00:00,1
Tol Jakarta-Merak,2026-08-09 13:00:00+00:00,2026-08-09 13:00:00+00:00,1
Tol Jakarta-Merak,2026-08-09 16:00:00+00:00,2026-08-09 16:00:00+00:00,1
Tol Jakarta-Merak,2026-08-09 19:00:00+00:00,2026-08-09 19:00:00+00:00,1
Tol Jakarta-Merak,2026-08-09 22:00:00+00:00,2026-08-09 22:00:00+00:00,1
Tol Jakarta-Merak,2026-08-10 00:00:00+00:00,2026-08-10 00:00:00+00:00,1
Tol Jakarta-Merak,2026-08-10 03:00:00+00:00,2026-08-10 03:00:00+00:00,1
Tol Jakarta-Merak,2026-08-10 06:00:00+00:00,2026-08-10 06:00:00+00:00,1
Tol Jakarta-Merak,2026-08-10 09:00:00+00:00,2026-08-10 09:00:00+00:00,1
Tol Jakarta-Merak,2026-08-10 11:00:00+00:00,2026-08-10 11:00:00+00:00,1
Tol Jakarta-Merak,2026-08-10 14:00:00+00:00,2026-08-10 14:00:00+00:00,1
Tol Jakarta-Merak,2026-08-10 17:00:00+00:00,2026-08-10 17:00:00+00:00,1
Tol Jakarta-Merak,2026-08-10 19:00:00+00:00,2026-08-10 19:00:00+00:00,1
Tol Jakarta-Merak,2026-08-10 22:00:00+00:00,2026-08-10 22:00:00+00:00,1
Tol Jakarta-Merak,2026-08-11 01:00:00+00:00,2026-08-11 01:00:00+00:00,1
Tol Jakarta-Merak,2026-08-11 04:00:00+00:00,2026-08-11 04:00:00+00:00,1
Tol Jakarta-Merak,2026-08-11 06:00:00+00:00,2026-08-11 06:00:00+00:00,1
Tol Jakarta-Merak,2026-08-11 09:00:00+00:00,2026-08-11 09:00:00+00:00,1
Tol Jakarta-Merak,2026-08-11 11:00:00+00:00,2026-08-11 11:00:00+00:00,1
Tol Jakarta-Merak,2026-08-11 14:00:00+00:00,2026-08-11 14:00:00+00:00,1
Tol Jakarta-Merak,2026-08-11 16:00:00+00:00,2026-08-11 16:00:00+00:00,1
Tol Jakarta-Merak,2026-08-11 19:00:00+00:00,2026-08-11 19:00:00+00:00,1
Tol Jakarta-Merak,2026-08-11 22:00:00+00:00,2026-08-11 22:00:00+00:00,1
Tol Jakarta-Merak,2026-08-12 00:00:00+00:00,2026-08-12 00:00:00+00:00,1
Tol Jakarta-Merak,2026-08-12 03:00:00+00:00,2026-08-12 03:00:00+00:00,1
Tol Jakarta-Merak,2026-08-12 05:00:00+00:00,2026-08-12 05:00:00+00:00,1
Tol Jakarta-Merak,2026-08-12 08:00:00+00:00,2026-08-12 08:00:00+00:00,1
Tol Jakarta-Merak,2026-08-12 10:00:00+00:00,2026-08-12 10:00:00+00:00,1
Tol Jakarta-Merak,2026-08-12 13:00:00+00:00,2026-08-12 13:00:00+00:00,1
Tol Jakarta-Merak,2026-08-12 16:00:00+00:00,2026-08-12 16:00:00+00:00,1
Tol Jakarta-Merak,2026-08-12 18:00:00+00:00,2026-08-12 18:00:00+00:00,1
Tol Jakarta-Merak,2026-08-12 21:00:00+00:00,2026-08-12 21:00:00+00:00,1
Tol Jakarta-Merak,2026-08-12 23:00:00+00:00,2026-08-12 23:00:00+00:00,1
Tol Jakarta-Merak,2026-08-13 02:00:00+00:00,2026-08-13 02:00:00+00:00,1
Tol Jakarta-Merak,2026-08-13 05:00:00+00:00,2026-08-13 05:00:00+00:00,1
Tol Jakarta-Merak,2026-08-13 07:00:00+00:00,2026-08-13 07:00:00+00:00,1
Tol Jakarta-Merak,2026-08-13 10:00:00+00:00,2026-08-13 10:00:00+00:00,1
Tol Jakarta-Merak,2026-08-13 12:00:00+00:00,2026-08-13 12:00:00+00:00,1
Tol Jakarta-Merak,2026-08-13 15:00:00+00:00,2026-08-13 15:00:00+00:00,1
Tol Jakarta-Merak,2026-08-13 18:00:00+00:00,2026-08-13 18:00:00+00:00,1
Tol Jakarta-Merak,2026-08-13 20:00:00+00:00,2026-08-13 20:00:00+00:00,1
Tol Jakarta-Merak,2026-08-13 23:00:00+00:00,2026-08-13 23:00:00+00:00,1
Tol Jakarta-Merak,2026-08-14 01:00:00+00:00,2026-08-14 01:00:00+00:00,1
Tol Jakarta-Merak,2026-08-14 04:00:00+00:00,2026-08-14 04:00:00+00:00,1
Tol Jakarta-Merak,2026-08-14 07:00:00+00:00,2026-08-14 07:00:00+00:00,1
Tol Jakarta-Merak,2026-08-14 09:00:00+00:00,2026-08-14 09:00:00+00:00,1
Tol Jakarta-Merak,2026-08-14 12:00:00+00:00,2026-08-14 12:00:00+00:00,1
Tol Jakarta-Merak,2026-08-14 15:00:00+00:00,2026-08-14 15:00:00+00:00,1
Tol Jakarta-Merak,2026-08-14 17:00:00+00:00,2026-08-14 17:00:00+00:00,1
Tol Jakarta-Merak,2026-08-14 20:00:00+00:00,2026-08-14 20:00:00+00:00,1
Tol Jakarta-Merak,2026-08-14 22:00:00+00:00,2026-08-14 22:00:00+00:00,1
Tol Jakarta-Merak,2026-08-15 01:00:00+00:00,2026-08-15 01:00:00+00:00,1
Tol Jakarta-Merak,2026-08-15 04:00:00+00:00,2026-08-15 04:00:00+00:00,1
Tol Jakarta-Merak,2026-08-15 06:00:00+00:00,2026-08-15 06:00:00+00:00,1
Tol Jakarta-Merak,2026-08-15 09:00:00+00:00,2026-08-15 09:00:00+00:00,1
Tol Jakarta-Merak,2026-08-15 11:00:00+00:00,2026-08-15 11:00:00+00:00,1
Tol Jakarta-Merak,2026-08-15 14:00:00+00:00,2026-08-15 14:00:00+00:00,1
Tol Jakarta-Merak,2026-08-15 17:00:00+00:00,2026-08-15 17:00:00+00:00,1
Tol Jakarta-Merak,2026-08-15 19:00:00+00:00,2026-08-15 19:00:00+00:00,1
Tol Jakarta-Merak,2026-08-15 22:00:00+00:00,2026-08-15 22:00:00+00:00,1
Tol Jakarta-Merak,2026-08-16 00:00:00+00:00,2026-08-16 00:00:00+00:00,1
Tol Jakarta-Merak,2026-08-16 03:00:00+00:00,2026-08-16 03:00:00+00:00,1
Tol Jakarta-Merak,2026-08-16 05:00:00+00:00,2026-08-16 05:00:00+00:00,1
Tol Jakarta-Merak,2026-08-16 08:00:00+00:00,2026-08-16 08:00:00+00:00,1
Tol Jakarta-Merak,2026-08-16 11:00:00+00:00,2026-08-16 11:00:00+00:00,1
Tol Jakarta-Merak,2026-08-16 13:00:00+00:00,2026-08-16 13:00:00+00:00,1
Tol Jakarta-Merak,2026-08-16 16:00:00+00:00,2026-08-16 16:00:00+00:00,1
Tol Jakarta-Merak,2026-08-16 18:00:00+00:00,2026-08-16 18:00:00+00:00,1
Tol Jakarta-Merak,2026-08-16 21:00:00+00:00,2026-08-16 21:00:00+00:00,1
Tol Jakarta-Merak,2026-08-17 00:00:00+00:00,2026-08-17 00:00:00+00:00,1
Tol Jakarta-Merak,2026-08-17 02:00:00+00:00,2026-08-17 02:00:00+00:00,1
Tol Jakarta-Merak,2026-08-17 05:00:00+00:00,2026-08-17 05:00:00+00:00,1
Tol Jakarta-Merak,2026-08-17 07:00:00+00:00,2026-08-17 07:00:00+00:00,1
Tol Jakarta-Merak,2026-08-17 10:00:00+00:00,2026-08-17 10:00:00+00:00,1
Tol Jakarta-Merak,2026-08-17 12:00:00+00:00,2026-08-17 12:00:00+00:00,1
Tol Jakarta-Merak,2026-08-17 15:00:00+00:00,2026-08-17 15:00:00+00:00,1
Tol Jakarta-Merak,2026-08-17 18:00:00+00:00,2026-08-17 18:00:00+00:00,1
Tol Jakarta-Merak,2026-08-17 20:00:00+00:00,2026-08-17 20:00:00+00:00,1
Tol Jakarta-Merak,2026-08-17 23:00:00+00:00,2026-08-17 23:00:00+00:00,1
Tol Jakarta-Merak,2026-08-18 01:00:00+00:00,2026-08-18 01:00:00+00:00,1
Tol Jakarta-Merak,2026-08-18 03:00:00+00:00,2026-08-18 03:00:00+00:00,1
Tol Jakarta-Merak,2026-08-18 06:00:00+00:00,2026-08-18 06:00:00+00:00,1
Tol Jakarta-Merak,2026-08-18 08:00:00+00:00,2026-08-18 08:00:00+00:00,1
Tol Jakarta-Merak,2026-08-18 11:00:00+00:00,2026-08-18 11:00:00+00:00,1
Tol Jakarta-Merak,2026-08-18 13:00:00+00:00,2026-08-18 13:00:00+00:00,1
Tol Jakarta-Merak,2026-08-18 16:00:00+00:00,2026-08-18 16:00:00+00:00,1
Tol Jakarta-Merak,2026-08-18 18:00:00+00:00,2026-08-18 18:00:00+00:00,1
Tol Jakarta-Merak,2026-08-18 21:00:00+00:00,2026-08-18 21:00:00+00:00,1
Tol Jakarta-Merak,2026-08-18 23:00:00+00:00,2026-08-18 23:00:00+00:00,1
Tol Jakarta-Merak,2026-08-19 02:00:00+00:00,2026-08-19 02:00:00+00:00,1
Tol Jakarta-Merak,2026-08-19 04:00:00+00:00,2026-08-19 04:00:00+00:00,1
Tol Jakarta-Merak,2026-08-19 07:00:00+00:00,2026-08-19 07:00:00+00:00,1
Tol Jakarta-Merak,2026-08-19 09:00:00+00:00,2026-08-19 09:00:00+00:00,1
Tol Jakarta-Merak,2026-08-19 12:00:00+00:00,2026-08-19 12:00:00+00:00,1
Tol Jakarta-Merak,2026-08-19 14:00:00+00:00,2026-08-19 14:00:00+00:00,1
Tol Jakarta-Merak,2026-08-19 17:00:00+00:00,2026-08-19 17:00:00+00:00,1
Tol Jakarta-Merak,2026-08-19 19:00:00+00:00,2026-08-19 19:00:00+00:00,1
Tol Jakarta-Merak,2026-08-19 22:00:00+00:00,2026-08-19 22:00:00+00:00,1
Tol Jakarta-Merak,2026-08-20 00:00:00+00:00,2026-08-20 00:00:00+00:00,1
Tol Jakarta-Merak,2026-08-20 03:00:00+00:00,2026-08-20 03:00:00+00:00,1
Tol Jakarta-Merak,2026-08-20 05:00:00+00:00,2026-08-20 05:00:00+00:00,1
Tol Jakarta-Merak,2026-08-20 08:00:00+00:00,2026-08-20 08:00:00+00:00,1
Tol Jakarta-Merak,2026-08-20 10:00:00+00:00,2026-08-20 10:00:00+00:00,1
Tol Jakarta-Merak,2026-08-20 13:00:00+00:00,2026-08-20 13:00:00+00:00,1
Tol Jakarta-Merak,2026-08-20 15:00:00+00:00,2026-08-20 15:00:00+00:00,1
Tol Jakarta-Merak,2026-08-20 18:00:00+00:00,2026-08-20 18:00:00+00:00,1
Tol Jakarta-Merak,2026-08-20 20:00:00+00:00,2026-08-20 20:00:00+00:00,1
Tol Jakarta-Merak,2026-08-20 23:00:00+00:00,2026-08-20 23:00:00+00:00,1
Tol Jakarta-Merak,2026-08-21 01:00:00+00:00,2026-08-21 01:00:00+00:00,1
Tol Jakarta-Merak,2026-08-21 04:00:00+00:00,2026-08-21 04:00:00+00:00,1
Tol Jakarta-Merak,2026-08-21 06:00:00+00:00,2026-08-21 06:00:00+00:00,1
Tol Jakarta-Merak,2026-08-21 09:00:00+00:00,2026-08-21 09:00:00+00:00,1
Tol Jakarta-Merak,2026-08-21 11:00:00+00:00,2026-08-21 11:00:00+00:00,1
TB Simatupang,2026-07-23 10:00:00+00:00,2026-07-23 10:00:00+00:00,1
TB Simatupang,2026-07-23 15:00:00+00:00,2026-07-27 01:00:00+00:00,83
TB Simatupang,2026-07-27 05:00:00+00:00,2026-07-27 05:00:00+00:00,1
TB Simatupang,2026-07-27 17:00:00+00:00,2026-07-27 17:00:00+00:00,1
TB Simatupang,2026-07-27 20:00:00+00:00,2026-07-27 20:00:00+00:00,1
TB Simatupang,2026-07-27 23:00:00+00:00,2026-07-27 23:00:00+00:00,1
TB Simatupang,2026-07-28 01:00:00+00:00,2026-07-28 01:00:00+00:00,1
TB Simatupang,2026-07-28 04:00:00+00:00,2026-07-28 04:00:00+00:00,1
TB Simatupang,2026-07-28 07:00:00+00:00,2026-07-28 07:00:00+00:00,1
TB Simatupang,2026-07-28 10:00:00+00:00,2026-07-28 10:00:00+00:00,1
TB Simatupang,2026-07-28 13:00:00+00:00,2026-07-28 13:00:00+00:00,1
TB Simatupang,2026-07-28 15:00:00+00:00,2026-07-28 15:00:00+00:00,1
TB Simatupang,2026-07-28 18:00:00+00:00,2026-07-28 18:00:00+00:00,1
TB Simatupang,2026-07-28 21:00:00+00:00,2026-07-28 21:00:00+00:00,1
TB Simatupang,2026-07-29 00:00:00+00:00,2026-07-29 00:00:00+00:00,1
TB Simatupang,2026-07-29 02:00:00+00:00,2026-07-29 02:00:00+00:00,1
TB Simatupang,2026-07-29 05:00:00+00:00,2026-07-29 05:00:00+00:00,1
TB Simatupang,2026-07-29 08:00:00+00:00,2026-07-29 08:00:00+00:00,1
TB Simatupang,2026-07-29 10:00:00+00:00,2026-07-29 10:00:00+00:00,1
TB Simatupang,2026-07-29 13:00:00+00:00,2026-07-29 13:00:00+00:00,1
TB Simatupang,2026-07-29 16:00:00+00:00,2026-07-29 16:00:00+00:00,1
TB Simatupang,2026-07-29 19:00:00+00:00,2026-07-29 19:00:00+00:00,1
TB Simatupang,2026-07-29 21:00:00+00:00,2026-07-29 21:00:00+00:00,1
TB Simatupang,2026-07-30 00:00:00+00:00,2026-07-30 00:00:00+00:00,1
TB Simatupang,2026-07-30 03:00:00+00:00,2026-07-30 03:00:00+00:00,1
TB Simatupang,2026-07-30 06:00:00+00:00,2026-07-30 06:00:00+00:00,1
TB Simatupang,2026-07-30 09:00:00+00:00,2026-07-30 09:00:00+00:00,1
TB Simatupang,2026-07-30 12:00:00+00:00,2026-07-30 12:00:00+00:00,1
TB Simatupang,2026-07-30 14:00:00+00:00,2026-07-30 14:00:00+00:00,1
TB Simatupang,2026-07-30 17:00:00+00:00,2026-07-30 17:00:00+00:00,1
TB Simatupang,2026-07-30 20:00:00+00:00,2026-07-30 20:00:00+00:00,1
TB Simatupang,2026-07-30 22:00:00+00:00,2026-07-30 22:00:00+00:00,1
TB Simatupang,2026-07-31 01:00:00+00:00,2026-07-31 01:00:00+00:00,1
TB Simatupang,2026-07-31 04:00:00+00:00,2026-07-31 04:00:00+00:00,1
TB Simatupang,2026-07-31 07:00:00+00:00,2026-07-31 07:00:00+00:00,1
TB Simatupang,2026-07-31 09:00:00+00:00,2026-07-31 09:00:00+00:00,1
TB Simatupang,2026-07-31 12:00:00+00:00,2026-07-31 12:00:00+00:00,1
TB Simatupang,2026-07-31 15:00:00+00:00,2026-07-31 15:00:00+00:00,1
TB Simatupang,2026-07-31 17:00:00+00:00,2026-07-31 17:00:00+00:00,1
TB Simatupang,2026-07-31 20:00:00+00:00,2026-07-31 20:00:00+00:00,1
TB Simatupang,2026-07-31 23:00:00+00:00,2026-07-31 23:00:00+00:00,1
TB Simatupang,2026-08-01 02:00:00+00:00,2026-08-01 02:00:00+00:00,1
TB Simatupang,2026-08-01 04:00:00+00:00,2026-08-01 04:00:00+00:00,1
TB Simatupang,2026-08-01 07:00:00+00:00,2026-08-01 07:00:00+00:00,1
TB Simatupang,2026-08-01 10:00:00+00:00,2026-08-01 10:00:00+00:00,1
TB Simatupang,2026-08-01 13:00:00+00:00,2026-08-01 13:00:00+00:00,1
TB Simatupang,2026-08-01 15:00:00+00:00,2026-08-01 15:00:00+00:00,1
TB Simatupang,2026-08-01 18:00:00+00:00,2026-08-01 18:00:00+00:00,1
TB Simatupang,2026-08-01 21:00:00+00:00,2026-08-01 21:00:00+00:00,1
TB Simatupang,2026-08-01 23:00:00+00:00,2026-08-01 23:00:00+00:00,1
TB Simatupang,2026-08-02 02:00:00+00:00,2026-08-02 02:00:00+00:00,1
TB Simatupang,2026-08-02 05:00:00+00:00,2026-08-02 05:00:00+00:00,1
TB Simatupang,2026-08-02 08:00:00+00:00,2026-08-02 08:00:00+00:00,1
TB Simatupang,2026-08-02 10:00:00+00:00,2026-08-02 10:00:00+00:00,1
TB Simatupang,2026-08-02 13:00:00+00:00,2026-08-02 13:00:00+00:00,1
TB Simatupang,2026-08-02 16:00:00+00:00,2026-08-02 16:00:00+00:00,1
TB Simatupang,2026-08-02 18:00:00+00:00,2026-08-02 18:00:00+00:00,1
TB Simatupang,2026-08-02 21:00:00+00:00,2026-08-02 21:00:00+00:00,1
TB Simatupang,2026-08-03 00:00:00+00:00,2026-08-03 00:00:00+00:00,1
TB Simatupang,2026-08-03 03:00:00+00:00,2026-08-03 03:00:00+00:00,1
TB Simatupang,2026-08-03 05:00:00+00:00,2026-08-03 05:00:00+00:00,1
TB Simatupang,2026-08-03 08:00:00+00:00,2026-08-03 08:00:00+00:00,1
TB Simatupang,2026-08-03 11:00:00+00:00,2026-08-03 11:00:00+00:00,1
TB Simatupang,2026-08-03 13:00:00+00:00,2026-08-03 13:00:00+00:00,1
TB Simatupang,2026-08-03 16:00:00+00:00,2026-08-03 16:00:00+00:00,1
TB Simatupang,2026-08-03 19:00:00+00:00,2026-08-03 19:00:00+00:00,1
TB Simatupang,2026-08-03 22:00:00+00:00,2026-08-03 22:00:00+00:00,1
TB Simatupang,2026-08-04 00:00:00+00:00,2026-08-04 00:00:00+00:00,1
TB Simatupang,2026-08-04 03:00:00+00:00,2026-08-04 03:00:00+00:00,1
TB Simatupang,2026-08-04 06:00:00+00:00,2026-08-04 06:00:00+00:00,1
TB Simatupang,2026-08-04 08:00:00+00:00,2026-08-04 08:00:00+00:00,1
TB Simatupang,2026-08-04 11:00:00+00:00,2026-08-04 11:00:00+00:00,1
TB Simatupang,2026-08-04 14:00:00+00:00,2026-08-04 14:00:00+00:00,1
TB Simatupang,2026-08-04 16:00:00+00:00,2026-08-04 16:00:00+00:00,1
TB Simatupang,2026-08-04 19:00:00+00:00,2026-08-04 19:00:00+00:00,1
TB Simatupang,2026-08-04 22:00:00+00:00,2026-08-04 22:00:00+00:00,1
TB Simatupang,2026-08-05 01:00:00+00:00,2026-08-05 01:00:00+00:00,1
TB Simatupang,2026-08-05 03:00:00+00:00,2026-08-05 03:00:00+00:00,1
TB Simatupang,2026-08-05 06:00:00+00:00,2026-08-05 06:00:00+00:00,1
TB Simatupang,2026-08-05 09:00:00+00:00,2026-08-05 09:00:00+00:00,1
TB Simatupang,2026-08-05 11:00:00+00:00,2026-08-05 11:00:00+00:00,1
TB Simatupang,2026-08-05 14:00:00+00:00,2026-08-05 14:00:00+00:00,1
TB Simatupang,2026-08-05 17:00:00+00:00,2026-08-05 17:00:00+00:00,1
TB Simatupang,2026-08-05 20:00:00+00:00,2026-08-05 20:00:00+00:00,1
TB Simatupang,2026-08-05 22:00:00+00:00,2026-08-05 22:00:00+00:00,1
TB Simatupang,2026-08-06 01:00:00+00:00,2026-08-06 01:00:00+00:00,1
TB Simatupang,2026-08-06 04:00:00+00:00,2026-08-06 04:00:00+00:00,1
TB Simatupang,2026-08-06 06:00:00+00:00,2026-08-06 06:00:00+00:00,1
TB Simatupang,2026-08-06 09:00:00+00:00,2026-08-06 09:00:00+00:00,1
TB Simatupang,2026-08-06 12:00:00+00:00,2026-08-06 12:00:00+00:00,1
TB Simatupang,2026-08-06 15:00:00+00:00,2026-08-06 15:00:00+00:00,1
TB Simatupang,2026-08-06 17:00:00+00:00,2026-08-06 17:00:00+00:00,1
TB Simatupang,2026-08-06 20:00:00+00:00,2026-08-06 20:00:00+00:00,1
TB Simatupang,2026-08-06 23:00:00+00:00,2026-08-06 23:00:00+00:00,1
TB Simatupang,2026-08-07 01:00:00+00:00,2026-08-07 01:00:00+00:00,1
TB Simatupang,2026-08-07 04:00:00+00:00,2026-08-07 04:00:00+00:00,1
TB Simatupang,2026-08-07 07:00:00+00:00,2026-08-07 07:00:00+00:00,1
TB Simatupang,2026-08-07 10:00:00+00:00,2026-08-07 10:00:00+00:00,1
TB Simatupang,2026-08-07 12:00:00+00:00,2026-08-07 12:00:00+00:00,1
TB Simatupang,2026-08-07 15:00:00+00:00,2026-08-07 15:00:00+00:00,1
TB Simatupang,2026-08-07 18:00:00+00:00,2026-08-07 18:00:00+00:00,1
TB Simatupang,2026-08-07 21:00:00+00:00,2026-08-07 21:00:00+00:00,1
TB Simatupang,2026-08-07 23:00:00+00:00,2026-08-07 23:00:00+00:00,1
TB Simatupang,2026-08-08 02:00:00+00:00,2026-08-08 02:00:00+00:00,1
TB Simatupang,2026-08-08 05:00:00+00:00,2026-08-08 05:00:00+00:00,1
TB Simatupang,2026-08-08 07:00:00+00:00,2026-08-08 07:00:00+00:00,1
TB Simatupang,2026-08-08 10:00:00+00:00,2026-08-08 10:00:00+00:00,1
TB Simatupang,2026-08-08 13:00:00+00:00,2026-08-08 13:00:00+00:00,1
TB Simatupang,2026-08-08 16:00:00+00:00,2026-08-08 16:00:00+00:00,1
TB Simatupang,2026-08-08 18:00:00+00:00,2026-08-08 18:00:00+00:00,1
TB Simatupang,2026-08-08 21:00:00+00:00,2026-08-08 21:00:00+00:00,1
TB Simatupang,2026-08-09 00:00:00+00:00,2026-08-09 00:00:00+00:00,1
TB Simatupang,2026-08-09 03:00:00+00:00,2026-08-09 03:00:00+00:00,1
TB Simatupang,2026-08-09 05:00:00+00:00,2026-08-09 05:00:00+00:00,1
TB Simatupang,2026-08-09 08:00:00+00:00,2026-08-09 08:00:00+00:00,1
TB Simatupang,2026-08-09 11:00:00+00:00,2026-08-09 11:00:00+00:00,1
TB Simatupang,2026-08-09 13:00:00+00:00,2026-08-09 13:00:00+00:00,1
TB Simatupang,2026-08-09 16:00:00+00:00,2026-08-09 16:00:00+00:00,1
TB Simatupang,2026-08-09 19:00:00+00:00,2026-08-09 19:00:00+00:00,1
TB Simatupang,2026-08-09 22:00:00+00:00,2026-08-09 22:00:00+00:00,1
TB Simatupang,2026-08-10 00:00:00+00:00,2026-08-10 00:00:00+00:00,1
TB Simatupang,2026-08-10 03:00:00+00:00,2026-08-10 03:00:00+00:00,1
TB Simatupang,2026-08-10 06:00:00+00:00,2026-08-10 06:00:00+00:00,1
TB Simatupang,2026-08-10 09:00:00+00:00,2026-08-10 09:00:00+00:00,1
TB Simatupang,2026-08-10 11:00:00+00:00,2026-08-10 11:00:00+00:00,1
TB Simatupang,2026-08-10 14:00:00+00:00,2026-08-10 14:00:00+00:00,1
TB Simatupang,2026-08-10 17:00:00+00:00,2026-08-10 17:00:00+00:00,1
TB Simatupang,2026-08-10 19:00:00+00:00,2026-08-10 19:00:00+00:00,1
TB Simatupang,2026-08-10 22:00:00+00:00,2026-08-10 22:00:00+00:00,1
TB Simatupang,2026-08-11 01:00:00+00:00,2026-08-11 01:00:00+00:00,1
TB Simatupang,2026-08-11 04:00:00+00:00,2026-08-11 04:00:00+00:00,1
TB Simatupang,2026-08-11 06:00:00+00:00,2026-08-11 06:00:00+00:00,1
TB Simatupang,2026-08-11 09:00:00+00:00,2026-08-11 09:00:00+00:00,1
TB Simatupang,2026-08-11 11:00:00+00:00,2026-08-11 11:00:00+00:00,1
TB Simatupang,2026-08-11 14:00:00+00:00,2026-08-11 14:00:00+00:00,1
TB Simatupang,2026-08-11 16:00:00+00:00,2026-08-11 16:00:00+00:00,1
TB Simatupang,2026-08-11 19:00:00+00:00,2026-08-11 19:00:00+00:00,1
TB Simatupang,2026-08-11 22:00:00+00:00,2026-08-11 22:00:00+00:00,1
TB Simatupang,2026-08-12 00:00:00+00:00,2026-08-12 00:00:00+00:00,1
TB Simatupang,2026-08-12 03:00:00+00:00,2026-08-12 03:00:00+00:00,1
TB Simatupang,2026-08-12 05:00:00+00:00,2026-08-12 05:00:00+00:00,1
TB Simatupang,2026-08-12 08:00:00+00:00,2026-08-12 08:00:00+00:00,1
TB Simatupang,2026-08-12 10:00:00+00:00,2026-08-12 10:00:00+00:00,1
TB Simatupang,2026-08-12 13:00:00+00:00,2026-08-12 13:00:00+00:00,1
TB Simatupang,2026-08-12 16:00:00+00:00,2026-08-12 16:00:00+00:00,1
TB Simatupang,2026-08-12 18:00:00+00:00,2026-08-12 18:00:00+00:00,1
TB Simatupang,2026-08-12 21:00:00+00:00,2026-08-12 21:00:00+00:00,1
TB Simatupang,2026-08-12 23:00:00+00:00,2026-08-12 23:00:00+00:00,1
TB Simatupang,2026-08-13 02:00:00+00:00,2026-08-13 02:00:00+00:00,1
TB Simatupang,2026-08-13 05:00:00+00:00,2026-08-13 05:00:00+00:00,1
TB Simatupang,2026-08-13 07:00:00+00:00,2026-08-13 07:00:00+00:00,1
TB Simatupang,2026-08-13 10:00:00+00:00,2026-08-13 10:00:00+00:00,1
TB Simatupang,2026-08-13 12:00:00+00:00,2026-08-13 12:00:00+00:00,1
TB Simatupang,2026-08-13 15:00:00+00:00,2026-08-13 15:00:00+00:00,1
TB Simatupang,2026-08-13 18:00:00+00:00,2026-08-13 18:00:00+00:00,1
TB Simatupang,2026-08-13 20:00:00+00:00,2026-08-13 20:00:00+00:00,1
TB Simatupang,2026-08-13 23:00:00+00:00,2026-08-13 23:00:00+00:00,1
TB Simatupang,2026-08-14 01:00:00+00:00,2026-08-14 01:00:00+00:00,1
TB Simatupang,2026-08-14 04:00:00+00:00,2026-08-14 04:00:00+00:00,1
TB Simatupang,2026-08-14 07:00:00+00:00,2026-08-14 07:00:00+00:00,1
TB Simatupang,2026-08-14 09:00:00+00:00,2026-08-14 09:00:00+00:00,1
TB Simatupang,2026-08-14 12:00:00+00:00,2026-08-14 12:00:00+00:00,1
TB Simatupang,2026-08-14 15:00:00+00:00,2026-08-14 15:00:00+00:00,1
TB Simatupang,2026-08-14 17:00:00+00:00,2026-08-14 17:00:00+00:00,1
TB Simatupang,2026-08-14 20:00:00+00:00,2026-08-14 20:00:00+00:00,1
TB Simatupang,2026-08-14 22:00:00+00:00,2026-08-14 22:00:00+00:00,1
TB Simatupang,2026-08-15 01:00:00+00:00,2026-08-15 01:00:00+00:00,1
TB Simatupang,2026-08-15 04:00:00+00:00,2026-08-15 04:00:00+00:00,1
TB Simatupang,2026-08-15 06:00:00+00:00,2026-08-15 06:00:00+00:00,1
TB Simatupang,2026-08-15 09:00:00+00:00,2026-08-15 09:00:00+00:00,1
TB Simatupang,2026-08-15 11:00:00+00:00,2026-08-15 11:00:00+00:00,1
TB Simatupang,2026-08-15 14:00:00+00:00,2026-08-15 14:00:00+00:00,1
TB Simatupang,2026-08-15 17:00:00+00:00,2026-08-15 17:00:00+00:00,1
TB Simatupang,2026-08-15 19:00:00+00:00,2026-08-15 19:00:00+00:00,1
TB Simatupang,2026-08-15 22:00:00+00:00,2026-08-15 22:00:00+00:00,1
TB Simatupang,2026-08-16 00:00:00+00:00,2026-08-16 00:00:00+00:00,1
TB Simatupang,2026-08-16 03:00:00+00:00,2026-08-16 03:00:00+00:00,1
TB Simatupang,2026-08-16 05:00:00+00:00,2026-08-16 05:00:00+00:00,1
TB Simatupang,2026-08-16 08:00:00+00:00,2026-08-16 08:00:00+00:00,1
TB Simatupang,2026-08-16 11:00:00+00:00,2026-08-16 11:00:00+00:00,1
TB Simatupang,2026-08-16 13:00:00+00:00,2026-08-16 13:00:00+00:00,1
TB Simatupang,2026-08-16 16:00:00+00:00,2026-08-16 16:00:00+00:00,1
TB Simatupang,2026-08-16 18:00:00+00:00,2026-08-16 18:00:00+00:00,1
TB Simatupang,2026-08-16 21:00:00+00:00,2026-08-16 21:00:00+00:00,1
TB Simatupang,2026-08-17 00:00:00+00:00,2026-08-17 00:00:00+00:00,1
TB Simatupang,2026-08-17 02:00:00+00:00,2026-08-17 02:00:00+00:00,1
TB Simatupang,2026-08-17 05:00:00+00:00,2026-08-17 05:00:00+00:00,1
TB Simatupang,2026-08-17 07:00:00+00:00,2026-08-17 07:00:00+00:00,1
TB Simatupang,2026-08-17 10:00:00+00:00,2026-08-17 10:00:00+00:00,1
TB Simatupang,2026-08-17 12:00:00+00:00,2026-08-17 12:00:00+00:00,1
TB Simatupang,2026-08-17 15:00:00+00:00,2026-08-17 15:00:00+00:00,1
TB Simatupang,2026-08-17 18:00:00+00:00,2026-08-17 18:00:00+00:00,1
TB Simatupang,2026-08-17 20:00:00+00:00,2026-08-17 20:00:00+00:00,1
TB Simatupang,2026-08-17 23:00:00+00:00,2026-08-17 23:00:00+00:00,1
TB Simatupang,2026-08-18 01:00:00+00:00,2026-08-18 01:00:00+00:00,1
TB Simatupang,2026-08-18 03:00:00+00:00,2026-08-18 03:00:00+00:00,1
TB Simatupang,2026-08-18 06:00:00+00:00,2026-08-18 06:00:00+00:00,1
TB Simatupang,2026-08-18 08:00:00+00:00,2026-08-18 08:00:00+00:00,1
TB Simatupang,2026-08-18 11:00:00+00:00,2026-08-18 11:00:00+00:00,1
TB Simatupang,2026-08-18 13:00:00+00:00,2026-08-18 13:00:00+00:00,1
TB Simatupang,2026-08-18 16:00:00+00:00,2026-08-18 16:00:00+00:00,1
TB Simatupang,2026-08-18 18:00:00+00:00,2026-08-18 18:00:00+00:00,1
TB Simatupang,2026-08-18 21:00:00+00:00,2026-08-18 21:00:00+00:00,1
TB Simatupang,2026-08-18 23:00:00+00:00,2026-08-18 23:00:00+00:00,1
TB Simatupang,2026-08-19 02:00:00+00:00,2026-08-19 02:00:00+00:00,1
TB Simatupang,2026-08-19 04:00:00+00:00,2026-08-19 04:00:00+00:00,1
TB Simatupang,2026-08-19 07:00:00+00:00,2026-08-19 07:00:00+00:00,1
TB Simatupang,2026-08-19 09:00:00+00:00,2026-08-19 09:00:00+00:00,1
TB Simatupang,2026-08-19 12:00:00+00:00,2026-08-19 12:00:00+00:00,1
TB Simatupang,2026-08-19 14:00:00+00:00,2026-08-19 14:00:00+00:00,1
TB Simatupang,2026-08-19 17:00:00+00:00,2026-08-19 17:00:00+00:00,1
TB Simatupang,2026-08-19 19:00:00+00:00,2026-08-19 19:00:00+00:00,1
TB Simatupang,2026-08-19 22:00:00+00:00,2026-08-19 22:00:00+00:00,1
TB Simatupang,2026-08-20 00:00:00+00:00,2026-08-20 00:00:00+00:00,1
TB Simatupang,2026-08-20 03:00:00+00:00,2026-08-20 03:00:00+00:00,1
TB Simatupang,2026-08-20 05:00:00+00:00,2026-08-20 05:00:00+00:00,1
TB Simatupang,2026-08-20 08:00:00+00:00,2026-08-20 08:00:00+00:00,1
TB Simatupang,2026-08-20 10:00:00+00:00,2026-08-20 10:00:00+00:00,1
TB Simatupang,2026-08-20 13:00:00+00:00,2026-08-20 13:00:00+00:00,1
TB Simatupang,2026-08-20 15:00:00+00:00,2026-08-20 15:00:00+00:00,1
TB Simatupang,2026-08-20 18:00:00+00:00,2026-08-20 18:00:00+00:00,1
TB Simatupang,2026-08-20 20:00:00+00:00,2026-08-20 20:00:00+00:00,1
TB Simatupang,2026-08-20 23:00:00+00:00,2026-08-20 23:00:00+00:00,1
TB Simatupang,2026-08-21 01:00:00+00:00,2026-08-21 01:00:00+00:00,1
TB Simatupang,2026-08-21 04:00:00+00:00,2026-08-21 04:00:00+00:00,1
TB Simatupang,2026-08-21 06:00:00+00:00,2026-08-21 06:00:00+00:00,1
TB Simatupang,2026-08-21 09:00:00+00:00,2026-08-21 09:00:00+00:00,1
TB Simatupang,2026-08-21 11:00:00+00:00,2026-08-21 11:00:00+00:00,1
Jl. MH Thamrin,2026-07-23 10:00:00+00:00,2026-07-23 10:00:00+00:00,1
Jl. MH Thamrin,2026-07-23 15:00:00+00:00,2026-07-27 01:00:00+00:00,83
Jl. MH Thamrin,2026-07-27 05:00:00+00:00,2026-07-27 05:00:00+00:00,1
Jl. MH Thamrin,2026-07-27 17:00:00+00:00,2026-07-27 17:00:00+00:00,1
Jl. MH Thamrin,2026-07-27 20:00:00+00:00,2026-07-27 20:00:00+00:00,1
Jl. MH Thamrin,2026-07-27 23:00:00+00:00,2026-07-27 23:00:00+00:00,1
Jl. MH Thamrin,2026-07-28 01:00:00+00:00,2026-07-28 01:00:00+00:00,1
Jl. MH Thamrin,2026-07-28 04:00:00+00:00,2026-07-28 04:00:00+00:00,1
Jl. MH Thamrin,2026-07-28 07:00:00+00:00,2026-07-28 07:00:00+00:00,1
Jl. MH Thamrin,2026-07-28 10:00:00+00:00,2026-07-28 10:00:00+00:00,1
Jl. MH Thamrin,2026-07-28 13:00:00+00:00,2026-07-28 13:00:00+00:00,1
Jl. MH Thamrin,2026-07-28 15:00:00+00:00,2026-07-28 15:00:00+00:00,1
Jl. MH Thamrin,2026-07-28 18:00:00+00:00,2026-07-28 18:00:00+00:00,1
Jl. MH Thamrin,2026-07-28 21:00:00+00:00,2026-07-28 21:00:00+00:00,1
Jl. MH Thamrin,2026-07-29 00:00:00+00:00,2026-07-29 00:00:00+00:00,1
Jl. MH Thamrin,2026-07-29 02:00:00+00:00,2026-07-29 02:00:00+00:00,1
Jl. MH Thamrin,2026-07-29 05:00:00+00:00,2026-07-29 05:00:00+00:00,1
Jl. MH Thamrin,2026-07-29 08:00:00+00:00,2026-07-29 08:00:00+00:00,1
Jl. MH Thamrin,2026-07-29 10:00:00+00:00,2026-07-29 10:00:00+00:00,1
Jl. MH Thamrin,2026-07-29 13:00:00+00:00,2026-07-29 13:00:00+00:00,1
Jl. MH Thamrin,2026-07-29 16:00:00+00:00,2026-07-29 16:00:00+00:00,1
Jl. MH Thamrin,2026-07-29 19:00:00+00:00,2026-07-29 19:00:00+00:00,1
Jl. MH Thamrin,2026-07-29 21:00:00+00:00,2026-07-29 21:00:00+00:00,1
Jl. MH Thamrin,2026-07-30 00:00:00+00:00,2026-07-30 00:00:00+00:00,1
Jl. MH Thamrin,2026-07-30 03:00:00+00:00,2026-07-30 03:00:00+00:00,1
Jl. MH Thamrin,2026-07-30 06:00:00+00:00,2026-07-30 06:00:00+00:00,1
Jl. MH Thamrin,2026-07-30 09:00:00+00:00,2026-07-30 09:00:00+00:00,1
Jl. MH Thamrin,2026-07-30 12:00:00+00:00,2026-07-30 12:00:00+00:00,1
Jl. MH Thamrin,2026-07-30 14:00:00+00:00,2026-07-30 14:00:00+00:00,1
Jl. MH Thamrin,2026-07-30 17:00:00+00:00,2026-07-30 17:00:00+00:00,1
Jl. MH Thamrin,2026-07-30 20:00:00+00:00,2026-07-30 20:00:00+00:00,1
Jl. MH Thamrin,2026-07-30 22:00:00+00:00,2026-07-30 22:00:00+00:00,1
Jl. MH Thamrin,2026-07-31 01:00:00+00:00,2026-07-31 01:00:00+00:00,1
Jl. MH Thamrin,2026-07-31 04:00:00+00:00,2026-07-31 04:00:00+00:00,1
Jl. MH Thamrin,2026-07-31 07:00:00+00:00,2026-07-31 07:00:00+00:00,1
Jl. MH Thamrin,2026-07-31 09:00:00+00:00,2026-07-31 09:00:00+00:00,1
Jl. MH Thamrin,2026-07-31 12:00:00+00:00,2026-07-31 12:00:00+00:00,1
Jl. MH Thamrin,2026-07-31 15:00:00+00:00,2026-07-31 15:00:00+00:00,1
Jl. MH Thamrin,2026-07-31 17:00:00+00:00,2026-07-31 17:00:00+00:00,1
Jl. MH Thamrin,2026-07-31 20:00:00+00:00,2026-07-31 20:00:00+00:00,1
Jl. MH Thamrin,2026-07-31 23:00:00+00:00,2026-07-31 23:00:00+00:00,1
Jl. MH Thamrin,2026-08-01 02:00:00+00:00,2026-08-01 02:00:00+00:00,1
Jl. MH Thamrin,2026-08-01 04:00:00+00:00,2026-08-01 04:00:00+00:00,1
Jl. MH Thamrin,2026-08-01 07:00:00+00:00,2026-08-01 07:00:00+00:00,1
Jl. MH Thamrin,2026-08-01 10:00:00+00:00,2026-08-01 10:00:00+00:00,1
Jl. MH Thamrin,2026-08-01 13:00:00+00:00,2026-08-01 13:00:00+00:00,1
Jl. MH Thamrin,2026-08-01 15:00:00+00:00,2026-08-01 15:00:00+00:00,1
Jl. MH Thamrin,2026-08-01 18:00:00+00:00,2026-08-01 18:00:00+00:00,1
Jl. MH Thamrin,2026-08-01 21:00:00+00:00,2026-08-01 21:00:00+00:00,1
Jl. MH Thamrin,2026-08-01 23:00:00+00:00,2026-08-01 23:00:00+00:00,1
Jl. MH Thamrin,2026-08-02 02:00:00+00:00,2026-08-02 02:00:00+00:00,1
Jl. MH Thamrin,2026-08-02 05:00:00+00:00,2026-08-02 05:00:00+00:00,1
Jl. MH Thamrin,2026-08-02 08:00:00+00:00,2026-08-02 08:00:00+00:00,1
Jl. MH Thamrin,2026-08-02 10:00:00+00:00,2026-08-02 10:00:00+00:00,1
Jl. MH Thamrin,2026-08-02 13:00:00+00:00,2026-08-02 13:00:00+00:00,1
Jl. MH Thamrin,2026-08-02 16:00:00+00:00,2026-08-02 16:00:00+00:00,1
Jl. MH Thamrin,2026-08-02 18:00:00+00:00,2026-08-02 18:00:00+00:00,1
Jl. MH Thamrin,2026-08-02 21:00:00+00:00,2026-08-02 21:00:00+00:00,1
Jl. MH Thamrin,2026-08-03 00:00:00+00:00,2026-08-03 00:00:00+00:00,1
Jl. MH Thamrin,2026-08-03 03:00:00+00:00,2026-08-03 03:00:00+00:00,1
Jl. MH Thamrin,2026-08-03 05:00:00+00:00,2026-08-03 05:00:00+00:00,1
Jl. MH Thamrin,2026-08-03 08:00:00+00:00,2026-08-03 08:00:00+00:00,1
Jl. MH Thamrin,2026-08-03 11:00:00+00:00,2026-08-03 11:00:00+00:00,1
Jl. MH Thamrin,2026-08-03 13:00:00+00:00,2026-08-03 13:00:00+00:00,1
Jl. MH Thamrin,2026-08-03 16:00:00+00:00,2026-08-03 16:00:00+00:00,1
Jl. MH Thamrin,2026-08-03 19:00:00+00:00,2026-08-03 19:00:00+00:00,1
Jl. MH Thamrin,2026-08-03 22:00:00+00:00,2026-08-03 22:00:00+00:00,1
Jl. MH Thamrin,2026-08-04 00:00:00+00:00,2026-08-04 00:00:00+00:00,1
Jl. MH Thamrin,2026-08-04 03:00:00+00:00,2026-08-04 03:00:00+00:00,1
Jl. MH Thamrin,2026-08-04 06:00:00+00:00,2026-08-04 06:00:00+00:00,1
Jl. MH Thamrin,2026-08-04 08:00:00+00:00,2026-08-04 08:00:00+00:00,1
Jl. MH Thamrin,2026-08-04 11:00:00+00:00,2026-08-04 11:00:00+00:00,1
Jl. MH Thamrin,2026-08-04 14:00:00+00:00,2026-08-04 14:00:00+00:00,1
Jl. MH Thamrin,2026-08-04 16:00:00+00:00,2026-08-04 16:00:00+00:00,1
Jl. MH Thamrin,2026-08-04 19:00:00+00:00,2026-08-04 19:00:00+00:00,1
Jl. MH Thamrin,2026-08-04 22:00:00+00:00,2026-08-04 22:00:00+00:00,1
Jl. MH Thamrin,2026-08-05 01:00:00+00:00,2026-08-05 01:00:00+00:00,1
Jl. MH Thamrin,2026-08-05 03:00:00+00:00,2026-08-05 03:00:00+00:00,1
Jl. MH Thamrin,2026-08-05 06:00:00+00:00,2026-08-05 06:00:00+00:00,1
Jl. MH Thamrin,2026-08-05 09:00:00+00:00,2026-08-05 09:00:00+00:00,1
Jl. MH Thamrin,2026-08-05 11:00:00+00:00,2026-08-05 11:00:00+00:00,1
Jl. MH Thamrin,2026-08-05 14:00:00+00:00,2026-08-05 14:00:00+00:00,1
Jl. MH Thamrin,2026-08-05 17:00:00+00:00,2026-08-05 17:00:00+00:00,1
Jl. MH Thamrin,2026-08-05 20:00:00+00:00,2026-08-05 20:00:00+00:00,1
Jl. MH Thamrin,2026-08-05 22:00:00+00:00,2026-08-05 22:00:00+00:00,1
Jl. MH Thamrin,2026-08-06 01:00:00+00:00,2026-08-06 01:00:00+00:00,1
Jl. MH Thamrin,2026-08-06 04:00:00+00:00,2026-08-06 04:00:00+00:00,1
Jl. MH Thamrin,2026-08-06 06:00:00+00:00,2026-08-06 06:00:00+00:00,1
Jl. MH Thamrin,2026-08-06 09:00:00+00:00,2026-08-06 09:00:00+00:00,1
Jl. MH Thamrin,2026-08-06 12:00:00+00:00,2026-08-06 12:00:00+00:00,1
Jl. MH Thamrin,2026-08-06 15:00:00+00:00,2026-08-06 15:00:00+00:00,1
Jl. MH Thamrin,2026-08-06 17:00:00+00:00,2026-08-06 17:00:00+00:00,1
Jl. MH Thamrin,2026-08-06 20:00:00+00:00,2026-08-06 20:00:00+00:00,1
Jl. MH Thamrin,2026-08-06 23:00:00+00:00,2026-08-06 23:00:00+00:00,1
Jl. MH Thamrin,2026-08-07 01:00:00+00:00,2026-08-07 01:00:00+00:00,1
Jl. MH Thamrin,2026-08-07 04:00:00+00:00,2026-08-07 04:00:00+00:00,1
Jl. MH Thamrin,2026-08-07 07:00:00+00:00,2026-08-07 07:00:00+00:00,1
Jl. MH Thamrin,2026-08-07 10:00:00+00:00,2026-08-07 10:00:00+00:00,1
Jl. MH Thamrin,2026-08-07 12:00:00+00:00,2026-08-07 12:00:00+00:00,1
Jl. MH Thamrin,2026-08-07 15:00:00+00:00,2026-08-07 15:00:00+00:00,1
Jl. MH Thamrin,2026-08-07 18:00:00+00:00,2026-08-07 18:00:00+00:00,1
Jl. MH Thamrin,2026-08-07 21:00:00+00:00,2026-08-07 21:00:00+00:00,1
Jl. MH Thamrin,2026-08-07 23:00:00+00:00,2026-08-07 23:00:00+00:00,1
Jl. MH Thamrin,2026-08-08 02:00:00+00:00,2026-08-08 02:00:00+00:00,1
Jl. MH Thamrin,2026-08-08 05:00:00+00:00,2026-08-08 05:00:00+00:00,1
Jl. MH Thamrin,2026-08-08 07:00:00+00:00,2026-08-08 07:00:00+00:00,1
Jl. MH Thamrin,2026-08-08 10:00:00+00:00,2026-08-08 10:00:00+00:00,1
Jl. MH Thamrin,2026-08-08 13:00:00+00:00,2026-08-08 13:00:00+00:00,1
Jl. MH Thamrin,2026-08-08 16:00:00+00:00,2026-08-08 16:00:00+00:00,1
Jl. MH Thamrin,2026-08-08 18:00:00+00:00,2026-08-08 18:00:00+00:00,1
Jl. MH Thamrin,2026-08-08 21:00:00+00:00,2026-08-08 21:00:00+00:00,1
Jl. MH Thamrin,2026-08-09 00:00:00+00:00,2026-08-09 00:00:00+00:00,1
Jl. MH Thamrin,2026-08-09 03:00:00+00:00,2026-08-09 03:00:00+00:00,1
Jl. MH Thamrin,2026-08-09 05:00:00+00:00,2026-08-09 05:00:00+00:00,1
Jl. MH Thamrin,2026-08-09 08:00:00+00:00,2026-08-09 08:00:00+00:00,1
Jl. MH Thamrin,2026-08-09 11:00:00+00:00,2026-08-09 11:00:00+00:00,1
Jl. MH Thamrin,2026-08-09 13:00:00+00:00,2026-08-09 13:00:00+00:00,1
Jl. MH Thamrin,2026-08-09 16:00:00+00:00,2026-08-09 16:00:00+00:00,1
Jl. MH Thamrin,2026-08-09 19:00:00+00:00,2026-08-09 19:00:00+00:00,1
Jl. MH Thamrin,2026-08-09 22:00:00+00:00,2026-08-09 22:00:00+00:00,1
Jl. MH Thamrin,2026-08-10 00:00:00+00:00,2026-08-10 00:00:00+00:00,1
Jl. MH Thamrin,2026-08-10 03:00:00+00:00,2026-08-10 03:00:00+00:00,1
Jl. MH Thamrin,2026-08-10 06:00:00+00:00,2026-08-10 06:00:00+00:00,1
Jl. MH Thamrin,2026-08-10 09:00:00+00:00,2026-08-10 09:00:00+00:00,1
Jl. MH Thamrin,2026-08-10 11:00:00+00:00,2026-08-10 11:00:00+00:00,1
Jl. MH Thamrin,2026-08-10 14:00:00+00:00,2026-08-10 14:00:00+00:00,1
Jl. MH Thamrin,2026-08-10 17:00:00+00:00,2026-08-10 17:00:00+00:00,1
Jl. MH Thamrin,2026-08-10 19:00:00+00:00,2026-08-10 19:00:00+00:00,1
Jl. MH Thamrin,2026-08-10 22:00:00+00:00,2026-08-10 22:00:00+00:00,1
Jl. MH Thamrin,2026-08-11 01:00:00+00:00,2026-08-11 01:00:00+00:00,1
Jl. MH Thamrin,2026-08-11 04:00:00+00:00,2026-08-11 04:00:00+00:00,1
Jl. MH Thamrin,2026-08-11 06:00:00+00:00,2026-08-11 06:00:00+00:00,1
Jl. MH Thamrin,2026-08-11 09:00:00+00:00,2026-08-11 09:00:00+00:00,1
Jl. MH Thamrin,2026-08-11 11:00:00+00:00,2026-08-11 11:00:00+00:00,1
Jl. MH Thamrin,2026-08-11 14:00:00+00:00,2026-08-11 14:00:00+00:00,1
Jl. MH Thamrin,2026-08-11 16:00:00+00:00,2026-08-11 16:00:00+00:00,1
Jl. MH Thamrin,2026-08-11 19:00:00+00:00,2026-08-11 19:00:00+00:00,1
Jl. MH Thamrin,2026-08-11 22:00:00+00:00,2026-08-11 22:00:00+00:00,1
Jl. MH Thamrin,2026-08-12 00:00:00+00:00,2026-08-12 00:00:00+00:00,1
Jl. MH Thamrin,2026-08-12 03:00:00+00:00,2026-08-12 03:00:00+00:00,1
Jl. MH Thamrin,2026-08-12 05:00:00+00:00,2026-08-12 05:00:00+00:00,1
Jl. MH Thamrin,2026-08-12 08:00:00+00:00,2026-08-12 08:00:00+00:00,1
Jl. MH Thamrin,2026-08-12 10:00:00+00:00,2026-08-12 10:00:00+00:00,1
Jl. MH Thamrin,2026-08-12 13:00:00+00:00,2026-08-12 13:00:00+00:00,1
Jl. MH Thamrin,2026-08-12 16:00:00+00:00,2026-08-12 16:00:00+00:00,1
Jl. MH Thamrin,2026-08-12 18:00:00+00:00,2026-08-12 18:00:00+00:00,1
Jl. MH Thamrin,2026-08-12 21:00:00+00:00,2026-08-12 21:00:00+00:00,1
Jl. MH Thamrin,2026-08-12 23:00:00+00:00,2026-08-12 23:00:00+00:00,1
Jl. MH Thamrin,2026-08-13 02:00:00+00:00,2026-08-13 02:00:00+00:00,1
Jl. MH Thamrin,2026-08-13 05:00:00+00:00,2026-08-13 05:00:00+00:00,1
Jl. MH Thamrin,2026-08-13 07:00:00+00:00,2026-08-13 07:00:00+00:00,1
Jl. MH Thamrin,2026-08-13 10:00:00+00:00,2026-08-13 10:00:00+00:00,1
Jl. MH Thamrin,2026-08-13 12:00:00+00:00,2026-08-13 12:00:00+00:00,1
Jl. MH Thamrin,2026-08-13 15:00:00+00:00,2026-08-13 15:00:00+00:00,1
Jl. MH Thamrin,2026-08-13 18:00:00+00:00,2026-08-13 18:00:00+00:00,1
Jl. MH Thamrin,2026-08-13 20:00:00+00:00,2026-08-13 20:00:00+00:00,1
Jl. MH Thamrin,2026-08-13 23:00:00+00:00,2026-08-13 23:00:00+00:00,1
Jl. MH Thamrin,2026-08-14 01:00:00+00:00,2026-08-14 01:00:00+00:00,1
Jl. MH Thamrin,2026-08-14 04:00:00+00:00,2026-08-14 04:00:00+00:00,1
Jl. MH Thamrin,2026-08-14 07:00:00+00:00,2026-08-14 07:00:00+00:00,1
Jl. MH Thamrin,2026-08-14 09:00:00+00:00,2026-08-14 09:00:00+00:00,1
Jl. MH Thamrin,2026-08-14 12:00:00+00:00,2026-08-14 12:00:00+00:00,1
Jl. MH Thamrin,2026-08-14 15:00:00+00:00,2026-08-14 15:00:00+00:00,1
Jl. MH Thamrin,2026-08-14 17:00:00+00:00,2026-08-14 17:00:00+00:00,1
Jl. MH Thamrin,2026-08-14 20:00:00+00:00,2026-08-14 20:00:00+00:00,1
Jl. MH Thamrin,2026-08-14 22:00:00+00:00,2026-08-14 22:00:00+00:00,1
Jl. MH Thamrin,2026-08-15 01:00:00+00:00,2026-08-15 01:00:00+00:00,1
Jl. MH Thamrin,2026-08-15 04:00:00+00:00,2026-08-15 04:00:00+00:00,1
Jl. MH Thamrin,2026-08-15 06:00:00+00:00,2026-08-15 06:00:00+00:00,1
Jl. MH Thamrin,2026-08-15 09:00:00+00:00,2026-08-15 09:00:00+00:00,1
Jl. MH Thamrin,2026-08-15 11:00:00+00:00,2026-08-15 11:00:00+00:00,1
Jl. MH Thamrin,2026-08-15 14:00:00+00:00,2026-08-15 14:00:00+00:00,1
Jl. MH Thamrin,2026-08-15 17:00:00+00:00,2026-08-15 17:00:00+00:00,1
Jl. MH Thamrin,2026-08-15 19:00:00+00:00,2026-08-15 19:00:00+00:00,1
Jl. MH Thamrin,2026-08-15 22:00:00+00:00,2026-08-15 22:00:00+00:00,1
Jl. MH Thamrin,2026-08-16 00:00:00+00:00,2026-08-16 00:00:00+00:00,1
Jl. MH Thamrin,2026-08-16 03:00:00+00:00,2026-08-16 03:00:00+00:00,1
Jl. MH Thamrin,2026-08-16 05:00:00+00:00,2026-08-16 05:00:00+00:00,1
Jl. MH Thamrin,2026-08-16 08:00:00+00:00,2026-08-16 08:00:00+00:00,1
Jl. MH Thamrin,2026-08-16 11:00:00+00:00,2026-08-16 11:00:00+00:00,1
Jl. MH Thamrin,2026-08-16 13:00:00+00:00,2026-08-16 13:00:00+00:00,1
Jl. MH Thamrin,2026-08-16 16:00:00+00:00,2026-08-16 16:00:00+00:00,1
Jl. MH Thamrin,2026-08-16 18:00:00+00:00,2026-08-16 18:00:00+00:00,1
Jl. MH Thamrin,2026-08-16 21:00:00+00:00,2026-08-16 21:00:00+00:00,1
Jl. MH Thamrin,2026-08-17 00:00:00+00:00,2026-08-17 00:00:00+00:00,1
Jl. MH Thamrin,2026-08-17 02:00:00+00:00,2026-08-17 02:00:00+00:00,1
Jl. MH Thamrin,2026-08-17 05:00:00+00:00,2026-08-17 05:00:00+00:00,1
Jl. MH Thamrin,2026-08-17 07:00:00+00:00,2026-08-17 07:00:00+00:00,1
Jl. MH Thamrin,2026-08-17 10:00:00+00:00,2026-08-17 10:00:00+00:00,1
Jl. MH Thamrin,2026-08-17 12:00:00+00:00,2026-08-17 12:00:00+00:00,1
Jl. MH Thamrin,2026-08-17 15:00:00+00:00,2026-08-17 15:00:00+00:00,1
Jl. MH Thamrin,2026-08-17 18:00:00+00:00,2026-08-17 18:00:00+00:00,1
Jl. MH Thamrin,2026-08-17 20:00:00+00:00,2026-08-17 20:00:00+00:00,1
Jl. MH Thamrin,2026-08-17 23:00:00+00:00,2026-08-17 23:00:00+00:00,1
Jl. MH Thamrin,2026-08-18 01:00:00+00:00,2026-08-18 01:00:00+00:00,1
Jl. MH Thamrin,2026-08-18 03:00:00+00:00,2026-08-18 03:00:00+00:00,1
Jl. MH Thamrin,2026-08-18 06:00:00+00:00,2026-08-18 06:00:00+00:00,1
Jl. MH Thamrin,2026-08-18 08:00:00+00:00,2026-08-18 08:00:00+00:00,1
Jl. MH Thamrin,2026-08-18 11:00:00+00:00,2026-08-18 11:00:00+00:00,1
Jl. MH Thamrin,2026-08-18 13:00:00+00:00,2026-08-18 13:00:00+00:00,1
Jl. MH Thamrin,2026-08-18 16:00:00+00:00,2026-08-18 16:00:00+00:00,1
Jl. MH Thamrin,2026-08-18 18:00:00+00:00,2026-08-18 18:00:00+00:00,1
Jl. MH Thamrin,2026-08-18 21:00:00+00:00,2026-08-18 21:00:00+00:00,1
Jl. MH Thamrin,2026-08-18 23:00:00+00:00,2026-08-18 23:00:00+00:00,1
Jl. MH Thamrin,2026-08-19 02:00:00+00:00,2026-08-19 02:00:00+00:00,1
Jl. MH Thamrin,2026-08-19 04:00:00+00:00,2026-08-19 04:00:00+00:00,1
Jl. MH Thamrin,2026-08-19 07:00:00+00:00,2026-08-19 07:00:00+00:00,1
Jl. MH Thamrin,2026-08-19 09:00:00+00:00,2026-08-19 09:00:00+00:00,1
Jl. MH Thamrin,2026-08-19 12:00:00+00:00,2026-08-19 12:00:00+00:00,1
Jl. MH Thamrin,2026-08-19 14:00:00+00:00,2026-08-19 14:00:00+00:00,1
Jl. MH Thamrin,2026-08-19 17:00:00+00:00,2026-08-19 17:00:00+00:00,1
Jl. MH Thamrin,2026-08-19 19:00:00+00:00,2026-08-19 19:00:00+00:00,1
Jl. MH Thamrin,2026-08-19 22:00:00+00:00,2026-08-19 22:00:00+00:00,1
Jl. MH Thamrin,2026-08-20 00:00:00+00:00,2026-08-20 00:00:00+00:00,1
Jl. MH Thamrin,2026-08-20 03:00:00+00:00,2026-08-20 03:00:00+00:00,1
Jl. MH Thamrin,2026-08-20 05:00:00+00:00,2026-08-20 05:00:00+00:00,1
Jl. MH Thamrin,2026-08-20 08:00:00+00:00,2026-08-20 08:00:00+00:00,1
Jl. MH Thamrin,2026-08-20 10:00:00+00:00,2026-08-20 10:00:00+00:00,1
Jl. MH Thamrin,2026-08-20 13:00:00+00:00,2026-08-20 13:00:00+00:00,1
Jl. MH Thamrin,2026-08-20 15:00:00+00:00,2026-08-20 15:00:00+00:00,1
Jl. MH Thamrin,2026-08-20 18:00:00+00:00,2026-08-20 18:00:00+00:00,1
Jl. MH Thamrin,2026-08-20 20:00:00+00:00,2026-08-20 20:00:00+00:00,1
Jl. MH Thamrin,2026-08-20 23:00:00+00:00,2026-08-20 23:00:00+00:00,1
Jl. MH Thamrin,2026-08-21 01:00:00+00:00,2026-08-21 01:00:00+00:00,1
Jl. MH Thamrin,2026-08-21 04:00:00+00:00,2026-08-21 04:00:00+00:00,1
Jl. MH Thamrin,2026-08-21 06:00:00+00:00,2026-08-21 06:00:00+00:00,1
Jl. MH Thamrin,2026-08-21 09:00:00+00:00,2026-08-21 09:00:00+00:00,1
Jl. MH Thamrin,2026-08-21 11:00:00+00:00,2026-08-21 11:00:00+00:00,1
