horizon,target_time,corridor,y_true,adaptive_stgnn_pred
1,2026-08-18 02:00:00+00:00,tt_bekasi,15.999999,17.292103
1,2026-08-18 02:00:00+00:00,tt_bogor,36.0,34.796307
1,2026-08-18 02:00:00+00:00,tt_bsd,34.0,31.192888
1,2026-08-18 02:00:00+00:00,tt_cawang,21.0,26.48176
1,2026-08-18 02:00:00+00:00,tt_depok,31.0,27.957567
1,2026-08-18 02:00:00+00:00,tt_gatsu,33.0,41.098713
1,2026-08-18 02:00:00+00:00,tt_grogol,26.0,28.65926
1,2026-08-18 02:00:00+00:00,tt_kebonjeruk,26.0,28.506975
1,2026-08-18 02:00:00+00:00,tt_kelapagading,29.0,28.200794
1,2026-08-18 02:00:00+00:00,tt_kuningan,21.0,21.086573
1,2026-08-18 02:00:00+00:00,tt_sudirman,23.0,32.449463
1,2026-08-18 02:00:00+00:00,tt_tangerang,48.0,38.136124
1,2026-08-18 02:00:00+00:00,tt_tbsimatupang,15.999999,35.522358
1,2026-08-18 02:00:00+00:00,tt_thamrin,17.0,19.943737
1,2026-08-18 04:00:00+00:00,tt_bekasi,15.0,17.124382
1,2026-08-18 04:00:00+00:00,tt_bogor,33.0,35.899864
1,2026-08-18 04:00:00+00:00,tt_bsd,28.0,32.331474
1,2026-08-18 04:00:00+00:00,tt_cawang,22.0,24.705196
1,2026-08-18 04:00:00+00:00,tt_depok,31.0,29.504335
1,2026-08-18 04:00:00+00:00,tt_gatsu,32.0,33.345104
1,2026-08-18 04:00:00+00:00,tt_grogol,27.0,27.990215
1,2026-08-18 04:00:00+00:00,tt_kebonjeruk,25.0,26.567423
1,2026-08-18 04:00:00+00:00,tt_kelapagading,29.0,27.055733
1,2026-08-18 04:00:00+00:00,tt_kuningan,15.999999,20.85439
1,2026-08-18 04:00:00+00:00,tt_sudirman,24.0,26.026932
1,2026-08-18 04:00:00+00:00,tt_tangerang,36.0,43.38022
1,2026-08-18 04:00:00+00:00,tt_tbsimatupang,55.0,24.60708
1,2026-08-18 04:00:00+00:00,tt_thamrin,18.0,18.434109
1,2026-08-18 05:00:00+00:00,tt_bekasi,15.0,16.532763
1,2026-08-18 05:00:00+00:00,tt_bogor,38.0,33.783703
1,2026-08-18 05:00:00+00:00,tt_bsd,28.0,29.808477
1,2026-08-18 05:00:00+00:00,tt_cawang,28.0,24.359697
1,2026-08-18 05:00:00+00:00,tt_depok,26.0,29.49009
1,2026-08-18 05:00:00+00:00,tt_gatsu,45.0,32.22113
1,2026-08-18 05:00:00+00:00,tt_grogol,36.0,27.781132
1,2026-08-18 05:00:00+00:00,tt_kebonjeruk,22.0,25.977722
1,2026-08-18 05:00:00+00:00,tt_kelapagading,22.0,27.508333
1,2026-08-18 05:00:00+00:00,tt_kuningan,21.0,19.092634
1,2026-08-18 05:00:00+00:00,tt_sudirman,31.0,25.559803
1,2026-08-18 05:00:00+00:00,tt_tangerang,41.0,38.986565
1,2026-08-18 05:00:00+00:00,tt_tbsimatupang,51.0,43.14083
1,2026-08-18 05:00:00+00:00,tt_thamrin,20.0,18.578892
1,2026-08-18 07:00:00+00:00,tt_bekasi,15.0,16.52375
1,2026-08-18 07:00:00+00:00,tt_bogor,34.0,36.92345
1,2026-08-18 07:00:00+00:00,tt_bsd,30.0,28.950583
1,2026-08-18 07:00:00+00:00,tt_cawang,43.0,27.7201
1,2026-08-18 07:00:00+00:00,tt_depok,31.0,27.695467
1,2026-08-18 07:00:00+00:00,tt_gatsu,45.0,40.28553
1,2026-08-18 07:00:00+00:00,tt_grogol,32.0,34.194332
1,2026-08-18 07:00:00+00:00,tt_kebonjeruk,25.0,24.269188
1,2026-08-18 07:00:00+00:00,tt_kelapagading,22.0,24.897194
1,2026-08-18 07:00:00+00:00,tt_kuningan,15.0,20.936008
1,2026-08-18 07:00:00+00:00,tt_sudirman,28.0,29.462753
1,2026-08-18 07:00:00+00:00,tt_tangerang,38.0,39.8583
1,2026-08-18 07:00:00+00:00,tt_tbsimatupang,57.0,52.45044
1,2026-08-18 07:00:00+00:00,tt_thamrin,22.0,19.88319
1,2026-08-18 09:00:00+00:00,tt_bekasi,14.0,16.16412
1,2026-08-18 09:00:00+00:00,tt_bogor,35.0,34.2569
1,2026-08-18 09:00:00+00:00,tt_bsd,28.0,30.472338
1,2026-08-18 09:00:00+00:00,tt_cawang,29.0,37.424423
1,2026-08-18 09:00:00+00:00,tt_depok,24.0,30.594242
1,2026-08-18 09:00:00+00:00,tt_gatsu,45.0,43.167477
1,2026-08-18 09:00:00+00:00,tt_grogol,32.0,32.13616
1,2026-08-18 09:00:00+00:00,tt_kebonjeruk,23.0,26.136353
1,2026-08-18 09:00:00+00:00,tt_kelapagading,23.0,24.627342
1,2026-08-18 09:00:00+00:00,tt_kuningan,21.0,17.74586
1,2026-08-18 09:00:00+00:00,tt_sudirman,31.0,29.635323
1,2026-08-18 09:00:00+00:00,tt_tangerang,38.0,38.35044
1,2026-08-18 09:00:00+00:00,tt_tbsimatupang,43.0,55.813553
1,2026-08-18 09:00:00+00:00,tt_thamrin,22.0,21.299791
1,2026-08-18 10:00:00+00:00,tt_bekasi,14.0,15.921918
1,2026-08-18 10:00:00+00:00,tt_bogor,35.0,34.18106
1,2026-08-18 10:00:00+00:00,tt_bsd,34.0,29.077509
1,2026-08-18 10:00:00+00:00,tt_cawang,30.0,33.52864
1,2026-08-18 10:00:00+00:00,tt_depok,25.0,27.968649
1,2026-08-18 10:00:00+00:00,tt_gatsu,3.999998,42.3569
1,2026-08-18 10:00:00+00:00,tt_grogol,31.0,31.624619
1,2026-08-18 10:00:00+00:00,tt_kebonjeruk,21.0,25.11845
1,2026-08-18 10:00:00+00:00,tt_kelapagading,21.0,24.71217
1,2026-08-18 10:00:00+00:00,tt_kuningan,14.0,19.59533
1,2026-08-18 10:00:00+00:00,tt_sudirman,23.0,29.812094
1,2026-08-18 10:00:00+00:00,tt_tangerang,34.0,37.514694
1,2026-08-18 10:00:00+00:00,tt_tbsimatupang,44.0,48.26857
1,2026-08-18 10:00:00+00:00,tt_thamrin,22.0,21.453278
1,2026-08-18 12:00:00+00:00,tt_bekasi,14.0,15.4295025
1,2026-08-18 12:00:00+00:00,tt_bogor,35.0,33.561024
1,2026-08-18 12:00:00+00:00,tt_bsd,34.0,31.599903
1,2026-08-18 12:00:00+00:00,tt_cawang,34.0,28.748575
1,2026-08-18 12:00:00+00:00,tt_depok,26.0,24.809008
1,2026-08-18 12:00:00+00:00,tt_gatsu,45.0,21.970543
1,2026-08-18 12:00:00+00:00,tt_grogol,32.0,30.648191
1,2026-08-18 12:00:00+00:00,tt_kebonjeruk,25.0,22.332195
1,2026-08-18 12:00:00+00:00,tt_kelapagading,22.0,21.932364
1,2026-08-18 12:00:00+00:00,tt_kuningan,13.0,16.65998
1,2026-08-18 12:00:00+00:00,tt_sudirman,29.0,23.895279
1,2026-08-18 12:00:00+00:00,tt_tangerang,48.0,33.238373
1,2026-08-18 12:00:00+00:00,tt_tbsimatupang,72.0,42.68806
1,2026-08-18 12:00:00+00:00,tt_thamrin,17.0,21.5755
1,2026-08-18 14:00:00+00:00,tt_bekasi,15.999999,15.118917
1,2026-08-18 14:00:00+00:00,tt_bogor,45.0,35.20571
1,2026-08-18 14:00:00+00:00,tt_bsd,34.0,33.930164
1,2026-08-18 14:00:00+00:00,tt_cawang,32.0,33.101265
1,2026-08-18 14:00:00+00:00,tt_depok,26.0,27.571142
1,2026-08-18 14:00:00+00:00,tt_gatsu,45.0,41.353527
1,2026-08-18 14:00:00+00:00,tt_grogol,40.0,31.736616
1,2026-08-18 14:00:00+00:00,tt_kebonjeruk,31.0,25.152935
1,2026-08-18 14:00:00+00:00,tt_kelapagading,29.0,24.309887
1,2026-08-18 14:00:00+00:00,tt_kuningan,15.999999,15.727079
1,2026-08-18 14:00:00+00:00,tt_sudirman,30.0,28.255362
1,2026-08-18 14:00:00+00:00,tt_tangerang,48.0,43.61248
1,2026-08-18 14:00:00+00:00,tt_tbsimatupang,72.0,63.4338
1,2026-08-18 14:00:00+00:00,tt_thamrin,22.0,18.601688
1,2026-08-18 15:00:00+00:00,tt_bekasi,15.999999,16.21341
1,2026-08-18 15:00:00+00:00,tt_bogor,45.0,40.273613
1,2026-08-18 15:00:00+00:00,tt_bsd,34.0,34.514015
1,2026-08-18 15:00:00+00:00,tt_cawang,43.0,33.19709
1,2026-08-18 15:00:00+00:00,tt_depok,31.0,28.004986
1,2026-08-18 15:00:00+00:00,tt_gatsu,45.0,44.168175
1,2026-08-18 15:00:00+00:00,tt_grogol,40.0,35.862198
1,2026-08-18 15:00:00+00:00,tt_kebonjeruk,35.0,28.014149
1,2026-08-18 15:00:00+00:00,tt_kelapagading,29.0,27.44461
1,2026-08-18 15:00:00+00:00,tt_kuningan,21.0,16.806862
1,2026-08-18 15:00:00+00:00,tt_sudirman,39.0,29.553047
1,2026-08-18 15:00:00+00:00,tt_tangerang,48.0,46.1821
1,2026-08-18 15:00:00+00:00,tt_tbsimatupang,72.0,64.90165
1,2026-08-18 15:00:00+00:00,tt_thamrin,22.0,20.52232
1,2026-08-18 17:00:00+00:00,tt_bekasi,17.0,17.09576
1,2026-08-18 17:00:00+00:00,tt_bogor,45.0,44.27186
1,2026-08-18 17:00:00+00:00,tt_bsd,34.0,35.718475
1,2026-08-18 17:00:00+00:00,tt_cawang,43.0,40.70716
1,2026-08-18 17:00:00+00:00,tt_depok,31.0,31.440914
1,2026-08-18 17:00:00+00:00,tt_gatsu,45.0,45.9679
1,2026-08-18 17:00:00+00:00,tt_grogol,40.0,39.37606
1,2026-08-18 17:00:00+00:00,tt_kebonjeruk,35.0,33.952675
1,2026-08-18 17:00:00+00:00,tt_kelapagading,29.0,30.070738
1,2026-08-18 17:00:00+00:00,tt_kuningan,21.0,20.428364
1,2026-08-18 17:00:00+00:00,tt_sudirman,39.0,37.52181
1,2026-08-18 17:00:00+00:00,tt_tangerang,48.0,47.47867
1,2026-08-18 17:00:00+00:00,tt_tbsimatupang,72.0,64.773224
1,2026-08-18 17:00:00+00:00,tt_thamrin,22.0,21.752636
1,2026-08-18 19:00:00+00:00,tt_bekasi,17.0,17.813408
1,2026-08-18 19:00:00+00:00,tt_bogor,45.0,44.524975
1,2026-08-18 19:00:00+00:00,tt_bsd,34.0,35.663425
1,2026-08-18 19:00:00+00:00,tt_cawang,43.0,42.17212
1,2026-08-18 19:00:00+00:00,tt_depok,31.0,31.765959
1,2026-08-18 19:00:00+00:00,tt_gatsu,45.0,45.243813
1,2026-08-18 19:00:00+00:00,tt_grogol,40.0,39.732193
1,2026-08-18 19:00:00+00:00,tt_kebonjeruk,35.0,34.90909
1,2026-08-18 19:00:00+00:00,tt_kelapagading,29.0,30.048489
1,2026-08-18 19:00:00+00:00,tt_kuningan,21.0,21.133736
1,2026-08-18 19:00:00+00:00,tt_sudirman,39.0,38.92795
1,2026-08-18 19:00:00+00:00,tt_tangerang,48.0,47.13559
1,2026-08-18 19:00:00+00:00,tt_tbsimatupang,72.0,64.44517
1,2026-08-18 19:00:00+00:00,tt_thamrin,22.0,21.949139
1,2026-08-18 20:00:00+00:00,tt_bekasi,17.0,17.922323
1,2026-08-18 20:00:00+00:00,tt_bogor,45.0,44.463623
1,2026-08-18 20:00:00+00:00,tt_bsd,34.0,35.582577
1,2026-08-18 20:00:00+00:00,tt_cawang,43.0,42.133194
1,2026-08-18 20:00:00+00:00,tt_depok,31.0,31.695616
1,2026-08-18 20:00:00+00:00,tt_gatsu,45.0,44.961685
1,2026-08-18 20:00:00+00:00,tt_grogol,40.0,39.70595
1,2026-08-18 20:00:00+00:00,tt_kebonjeruk,35.0,34.920097
1,2026-08-18 20:00:00+00:00,tt_kelapagading,29.0,29.91804
1,2026-08-18 20:00:00+00:00,tt_kuningan,21.0,21.256725
1,2026-08-18 20:00:00+00:00,tt_sudirman,39.0,38.95454
1,2026-08-18 20:00:00+00:00,tt_tangerang,48.0,47.022087
1,2026-08-18 20:00:00+00:00,tt_tbsimatupang,72.0,64.307076
1,2026-08-18 20:00:00+00:00,tt_thamrin,22.0,21.955477
1,2026-08-18 22:00:00+00:00,tt_bekasi,17.0,18.055664
1,2026-08-18 22:00:00+00:00,tt_bogor,45.0,44.407215
1,2026-08-18 22:00:00+00:00,tt_bsd,34.0,35.462578
1,2026-08-18 22:00:00+00:00,tt_cawang,43.0,42.028477
1,2026-08-18 22:00:00+00:00,tt_depok,31.0,31.591814
1,2026-08-18 22:00:00+00:00,tt_gatsu,45.0,44.625835
1,2026-08-18 22:00:00+00:00,tt_grogol,40.0,39.673027
1,2026-08-18 22:00:00+00:00,tt_kebonjeruk,35.0,34.908005
1,2026-08-18 22:00:00+00:00,tt_kelapagading,29.0,29.766932
1,2026-08-18 22:00:00+00:00,tt_kuningan,21.0,21.417591
1,2026-08-18 22:00:00+00:00,tt_sudirman,39.0,38.884495
1,2026-08-18 22:00:00+00:00,tt_tangerang,48.0,46.924965
1,2026-08-18 22:00:00+00:00,tt_tbsimatupang,72.0,64.13091
1,2026-08-18 22:00:00+00:00,tt_thamrin,22.0,21.969864
1,2026-08-19 00:00:00+00:00,tt_bekasi,15.0,18.156546
1,2026-08-19 00:00:00+00:00,tt_bogor,35.0,44.41313
1,2026-08-19 00:00:00+00:00,tt_bsd,29.0,35.36683
1,2026-08-19 00:00:00+00:00,tt_cawang,20.0,42.042587
1,2026-08-19 00:00:00+00:00,tt_depok,31.0,31.551907
1,2026-08-19 00:00:00+00:00,tt_gatsu,45.0,44.525913
1,2026-08-19 00:00:00+00:00,tt_grogol,40.0,39.696762
1,2026-08-19 00:00:00+00:00,tt_kebonjeruk,27.0,34.94148
1,2026-08-19 00:00:00+00:00,tt_kelapagading,29.0,29.71036
1,2026-08-19 00:00:00+00:00,tt_kuningan,21.0,21.617847
1,2026-08-19 00:00:00+00:00,tt_sudirman,39.0,38.90271
1,2026-08-19 00:00:00+00:00,tt_tangerang,48.0,46.891933
1,2026-08-19 00:00:00+00:00,tt_tbsimatupang,39.0,64.06255
1,2026-08-19 00:00:00+00:00,tt_thamrin,19.0,22.028465
1,2026-08-19 01:00:00+00:00,tt_bekasi,15.999999,17.181076
1,2026-08-19 01:00:00+00:00,tt_bogor,37.0,39.753963
1,2026-08-19 01:00:00+00:00,tt_bsd,34.0,31.688593
1,2026-08-19 01:00:00+00:00,tt_cawang,13.0,33.098007
1,2026-08-19 01:00:00+00:00,tt_depok,27.0,30.692604
1,2026-08-19 01:00:00+00:00,tt_gatsu,13.0,42.93557
1,2026-08-19 01:00:00+00:00,tt_grogol,32.0,39.10413
1,2026-08-19 01:00:00+00:00,tt_kebonjeruk,25.0,30.710768
1,2026-08-19 01:00:00+00:00,tt_kelapagading,29.0,28.856848
1,2026-08-19 01:00:00+00:00,tt_kuningan,21.0,21.351315
1,2026-08-19 01:00:00+00:00,tt_sudirman,22.0,37.224514
1,2026-08-19 01:00:00+00:00,tt_tangerang,39.0,45.283752
1,2026-08-19 01:00:00+00:00,tt_tbsimatupang,18.0,47.47119
1,2026-08-19 01:00:00+00:00,tt_thamrin,22.0,20.651394
1,2026-08-19 03:00:00+00:00,tt_bekasi,15.999999,17.266327
1,2026-08-19 03:00:00+00:00,tt_bogor,37.0,36.411568
1,2026-08-19 03:00:00+00:00,tt_bsd,34.0,30.657064
1,2026-08-19 03:00:00+00:00,tt_cawang,20.0,22.183151
1,2026-08-19 03:00:00+00:00,tt_depok,31.0,26.207779
1,2026-08-19 03:00:00+00:00,tt_gatsu,45.0,23.924843
1,2026-08-19 03:00:00+00:00,tt_grogol,31.0,33.37353
1,2026-08-19 03:00:00+00:00,tt_kebonjeruk,23.0,25.531267
1,2026-08-19 03:00:00+00:00,tt_kelapagading,29.0,26.08358
1,2026-08-19 03:00:00+00:00,tt_kuningan,15.999999,20.947216
1,2026-08-19 03:00:00+00:00,tt_sudirman,24.0,25.33434
1,2026-08-19 03:00:00+00:00,tt_tangerang,40.0,37.83874
1,2026-08-19 03:00:00+00:00,tt_tbsimatupang,33.0,26.627209
1,2026-08-19 03:00:00+00:00,tt_thamrin,20.0,21.701027
1,2026-08-19 05:00:00+00:00,tt_bekasi,15.0,16.989653
1,2026-08-19 05:00:00+00:00,tt_bogor,32.0,36.237488
1,2026-08-19 05:00:00+00:00,tt_bsd,34.0,31.838573
1,2026-08-19 05:00:00+00:00,tt_cawang,17.0,24.317001
1,2026-08-19 05:00:00+00:00,tt_depok,31.0,29.702831
1,2026-08-19 05:00:00+00:00,tt_gatsu,45.0,39.276985
1,2026-08-19 05:00:00+00:00,tt_grogol,31.0,31.235125
1,2026-08-19 05:00:00+00:00,tt_kebonjeruk,24.0,24.869968
1,2026-08-19 05:00:00+00:00,tt_kelapagading,21.0,27.518053
1,2026-08-19 05:00:00+00:00,tt_kuningan,17.0,18.139997
1,2026-08-19 05:00:00+00:00,tt_sudirman,27.0,25.826996
1,2026-08-19 05:00:00+00:00,tt_tangerang,40.0,39.091217
1,2026-08-19 05:00:00+00:00,tt_tbsimatupang,43.0,34.16403
1,2026-08-19 05:00:00+00:00,tt_thamrin,17.0,20.617807
1,2026-08-19 06:00:00+00:00,tt_bekasi,18.0,16.438993
1,2026-08-19 06:00:00+00:00,tt_bogor,35.0,33.848957
1,2026-08-19 06:00:00+00:00,tt_bsd,34.0,31.96008
1,2026-08-19 06:00:00+00:00,tt_cawang,19.0,23.637997
1,2026-08-19 06:00:00+00:00,tt_depok,27.0,30.134102
1,2026-08-19 06:00:00+00:00,tt_gatsu,30.0,41.509365
1,2026-08-19 06:00:00+00:00,tt_grogol,27.0,30.826015
1,2026-08-19 06:00:00+00:00,tt_kebonjeruk,21.0,24.74475
1,2026-08-19 06:00:00+00:00,tt_kelapagading,21.0,25.302956
1,2026-08-19 06:00:00+00:00,tt_kuningan,21.0,18.193415
1,2026-08-19 06:00:00+00:00,tt_sudirman,18.0,26.504894
1,2026-08-19 06:00:00+00:00,tt_tangerang,38.0,38.867043
1,2026-08-19 06:00:00+00:00,tt_tbsimatupang,48.0,40.23097
1,2026-08-19 06:00:00+00:00,tt_thamrin,13.0,19.135674
1,2026-08-19 08:00:00+00:00,tt_bekasi,15.0,17.895212
1,2026-08-19 08:00:00+00:00,tt_bogor,34.0,33.870743
1,2026-08-19 08:00:00+00:00,tt_bsd,28.0,31.620186
1,2026-08-19 08:00:00+00:00,tt_cawang,32.0,22.311348
1,2026-08-19 08:00:00+00:00,tt_depok,25.0,27.365892
1,2026-08-19 08:00:00+00:00,tt_gatsu,26.0,32.550453
1,2026-08-19 08:00:00+00:00,tt_grogol,27.0,28.411407
1,2026-08-19 08:00:00+00:00,tt_kebonjeruk,18.0,22.525642
1,2026-08-19 08:00:00+00:00,tt_kelapagading,22.0,22.7327
1,2026-08-19 08:00:00+00:00,tt_kuningan,21.0,20.744873
1,2026-08-19 08:00:00+00:00,tt_sudirman,22.0,21.768795
1,2026-08-19 08:00:00+00:00,tt_tangerang,48.0,36.98402
1,2026-08-19 08:00:00+00:00,tt_tbsimatupang,32.0,47.753918
1,2026-08-19 08:00:00+00:00,tt_thamrin,8.0,15.981195
1,2026-08-19 10:00:00+00:00,tt_bekasi,13.0,16.326508
1,2026-08-19 10:00:00+00:00,tt_bogor,30.0,34.240807
1,2026-08-19 10:00:00+00:00,tt_bsd,34.0,29.72442
1,2026-08-19 10:00:00+00:00,tt_cawang,43.0,27.975122
1,2026-08-19 10:00:00+00:00,tt_depok,23.0,26.11594
1,2026-08-19 10:00:00+00:00,tt_gatsu,23.0,28.589457
1,2026-08-19 10:00:00+00:00,tt_grogol,30.0,27.829327
1,2026-08-19 10:00:00+00:00,tt_kebonjeruk,19.0,21.000721
1,2026-08-19 10:00:00+00:00,tt_kelapagading,22.0,22.462633
1,2026-08-19 10:00:00+00:00,tt_kuningan,15.999999,20.806494
1,2026-08-19 10:00:00+00:00,tt_sudirman,19.0,23.158249
1,2026-08-19 10:00:00+00:00,tt_tangerang,28.0,42.617447
1,2026-08-19 10:00:00+00:00,tt_tbsimatupang,34.0,34.979088
1,2026-08-19 10:00:00+00:00,tt_thamrin,17.0,12.551573
1,2026-08-19 11:00:00+00:00,tt_bekasi,18.0,15.360157
1,2026-08-19 11:00:00+00:00,tt_bogor,33.0,31.058521
1,2026-08-19 11:00:00+00:00,tt_bsd,27.0,31.62366
1,2026-08-19 11:00:00+00:00,tt_cawang,43.0,32.34402
1,2026-08-19 11:00:00+00:00,tt_depok,25.0,25.118433
1,2026-08-19 11:00:00+00:00,tt_gatsu,35.0,26.693054
1,2026-08-19 11:00:00+00:00,tt_grogol,32.0,28.681805
1,2026-08-19 11:00:00+00:00,tt_kebonjeruk,21.0,21.294361
1,2026-08-19 11:00:00+00:00,tt_kelapagading,20.0,22.33768
1,2026-08-19 11:00:00+00:00,tt_kuningan,15.999999,18.73984
1,2026-08-19 11:00:00+00:00,tt_sudirman,15.999999,22.576391
1,2026-08-19 11:00:00+00:00,tt_tangerang,26.0,35.82295
1,2026-08-19 11:00:00+00:00,tt_tbsimatupang,44.0,33.956436
1,2026-08-19 11:00:00+00:00,tt_thamrin,10.0,15.425957
1,2026-08-19 13:00:00+00:00,tt_bekasi,18.0,17.346573
1,2026-08-19 13:00:00+00:00,tt_bogor,45.0,30.715298
1,2026-08-19 13:00:00+00:00,tt_bsd,34.0,28.797682
1,2026-08-19 13:00:00+00:00,tt_cawang,43.0,36.019245
1,2026-08-19 13:00:00+00:00,tt_depok,25.0,25.935848
1,2026-08-19 13:00:00+00:00,tt_gatsu,45.0,31.445972
1,2026-08-19 13:00:00+00:00,tt_grogol,31.0,30.216879
1,2026-08-19 13:00:00+00:00,tt_kebonjeruk,27.0,22.177814
1,2026-08-19 13:00:00+00:00,tt_kelapagading,23.0,21.741215
1,2026-08-19 13:00:00+00:00,tt_kuningan,13.0,17.762901
1,2026-08-19 13:00:00+00:00,tt_sudirman,30.0,20.673073
1,2026-08-19 13:00:00+00:00,tt_tangerang,48.0,29.651781
1,2026-08-19 13:00:00+00:00,tt_tbsimatupang,72.0,41.99948
1,2026-08-19 13:00:00+00:00,tt_thamrin,20.0,13.168514
1,2026-08-19 15:00:00+00:00,tt_bekasi,15.999999,18.22741
1,2026-08-19 15:00:00+00:00,tt_bogor,38.0,42.38188
1,2026-08-19 15:00:00+00:00,tt_bsd,34.0,34.163197
1,2026-08-19 15:00:00+00:00,tt_cawang,32.0,40.55172
1,2026-08-19 15:00:00+00:00,tt_depok,31.0,27.480595
1,2026-08-19 15:00:00+00:00,tt_gatsu,45.0,42.095795
1,2026-08-19 15:00:00+00:00,tt_grogol,40.0,31.391043
1,2026-08-19 15:00:00+00:00,tt_kebonjeruk,31.0,26.461485
1,2026-08-19 15:00:00+00:00,tt_kelapagading,29.0,24.98059
1,2026-08-19 15:00:00+00:00,tt_kuningan,21.0,16.159645
1,2026-08-19 15:00:00+00:00,tt_sudirman,29.0,28.474703
1,2026-08-19 15:00:00+00:00,tt_tangerang,48.0,44.695427
1,2026-08-19 15:00:00+00:00,tt_tbsimatupang,72.0,63.329792
1,2026-08-19 15:00:00+00:00,tt_thamrin,21.0,18.53284
1,2026-08-19 16:00:00+00:00,tt_bekasi,18.0,17.71751
1,2026-08-19 16:00:00+00:00,tt_bogor,45.0,41.210545
1,2026-08-19 16:00:00+00:00,tt_bsd,34.0,34.792065
1,2026-08-19 16:00:00+00:00,tt_cawang,43.0,37.139328
1,2026-08-19 16:00:00+00:00,tt_depok,31.0,29.83734
1,2026-08-19 16:00:00+00:00,tt_gatsu,45.0,43.580616
1,2026-08-19 16:00:00+00:00,tt_grogol,40.0,35.39695
1,2026-08-19 16:00:00+00:00,tt_kebonjeruk,35.0,28.52395
1,2026-08-19 16:00:00+00:00,tt_kelapagading,29.0,27.63767
1,2026-08-19 16:00:00+00:00,tt_kuningan,21.0,19.182617
1,2026-08-19 16:00:00+00:00,tt_sudirman,39.0,28.861237
1,2026-08-19 16:00:00+00:00,tt_tangerang,48.0,46.380257
1,2026-08-19 16:00:00+00:00,tt_tbsimatupang,72.0,64.88938
1,2026-08-19 16:00:00+00:00,tt_thamrin,22.0,19.571163
1,2026-08-19 18:00:00+00:00,tt_bekasi,18.0,18.71292
1,2026-08-19 18:00:00+00:00,tt_bogor,45.0,44.29136
1,2026-08-19 18:00:00+00:00,tt_bsd,34.0,35.75309
1,2026-08-19 18:00:00+00:00,tt_cawang,43.0,41.501778
1,2026-08-19 18:00:00+00:00,tt_depok,31.0,31.62834
1,2026-08-19 18:00:00+00:00,tt_gatsu,45.0,44.927204
1,2026-08-19 18:00:00+00:00,tt_grogol,40.0,39.18123
1,2026-08-19 18:00:00+00:00,tt_kebonjeruk,35.0,33.781216
1,2026-08-19 18:00:00+00:00,tt_kelapagading,29.0,29.990627
1,2026-08-19 18:00:00+00:00,tt_kuningan,21.0,21.098816
1,2026-08-19 18:00:00+00:00,tt_sudirman,39.0,36.85266
1,2026-08-19 18:00:00+00:00,tt_tangerang,44.0,47.548107
1,2026-08-19 18:00:00+00:00,tt_tbsimatupang,72.0,64.74808
1,2026-08-19 18:00:00+00:00,tt_thamrin,22.0,21.118153
1,2026-08-19 20:00:00+00:00,tt_bekasi,18.0,18.912731
1,2026-08-19 20:00:00+00:00,tt_bogor,45.0,44.168743
1,2026-08-19 20:00:00+00:00,tt_bsd,34.0,35.32193
1,2026-08-19 20:00:00+00:00,tt_cawang,43.0,42.25435
1,2026-08-19 20:00:00+00:00,tt_depok,31.0,31.550144
1,2026-08-19 20:00:00+00:00,tt_gatsu,45.0,44.58511
1,2026-08-19 20:00:00+00:00,tt_grogol,40.0,39.57495
1,2026-08-19 20:00:00+00:00,tt_kebonjeruk,35.0,34.77385
1,2026-08-19 20:00:00+00:00,tt_kelapagading,29.0,29.982367
1,2026-08-19 20:00:00+00:00,tt_kuningan,21.0,21.374622
1,2026-08-19 20:00:00+00:00,tt_sudirman,39.0,38.599133
1,2026-08-19 20:00:00+00:00,tt_tangerang,48.0,44.664925
1,2026-08-19 20:00:00+00:00,tt_tbsimatupang,72.0,64.35871
1,2026-08-19 20:00:00+00:00,tt_thamrin,22.0,21.635513
1,2026-08-19 21:00:00+00:00,tt_bekasi,18.0,18.966
1,2026-08-19 21:00:00+00:00,tt_bogor,45.0,44.434586
1,2026-08-19 21:00:00+00:00,tt_bsd,34.0,35.41516
1,2026-08-19 21:00:00+00:00,tt_cawang,43.0,42.299274
1,2026-08-19 21:00:00+00:00,tt_depok,31.0,31.576578
1,2026-08-19 21:00:00+00:00,tt_gatsu,45.0,44.60609
1,2026-08-19 21:00:00+00:00,tt_grogol,40.0,39.647926
1,2026-08-19 21:00:00+00:00,tt_kebonjeruk,35.0,34.855362
1,2026-08-19 21:00:00+00:00,tt_kelapagading,29.0,29.87682
1,2026-08-19 21:00:00+00:00,tt_kuningan,21.0,21.424423
1,2026-08-19 21:00:00+00:00,tt_sudirman,39.0,38.73475
1,2026-08-19 21:00:00+00:00,tt_tangerang,48.0,45.825905
1,2026-08-19 21:00:00+00:00,tt_tbsimatupang,72.0,64.264175
1,2026-08-19 21:00:00+00:00,tt_thamrin,22.0,21.782309
1,2026-08-19 23:00:00+00:00,tt_bekasi,17.0,19.011728
1,2026-08-19 23:00:00+00:00,tt_bogor,35.0,44.55336
1,2026-08-19 23:00:00+00:00,tt_bsd,34.0,35.419144
1,2026-08-19 23:00:00+00:00,tt_cawang,26.0,42.20284
1,2026-08-19 23:00:00+00:00,tt_depok,31.0,31.575665
1,2026-08-19 23:00:00+00:00,tt_gatsu,45.0,44.583977
1,2026-08-19 23:00:00+00:00,tt_grogol,35.0,39.682938
1,2026-08-19 23:00:00+00:00,tt_kebonjeruk,30.0,34.906574
1,2026-08-19 23:00:00+00:00,tt_kelapagading,29.0,29.75813
1,2026-08-19 23:00:00+00:00,tt_kuningan,21.0,21.569698
1,2026-08-19 23:00:00+00:00,tt_sudirman,39.0,38.820614
1,2026-08-19 23:00:00+00:00,tt_tangerang,48.0,46.82972
1,2026-08-19 23:00:00+00:00,tt_tbsimatupang,72.0,64.111824
1,2026-08-19 23:00:00+00:00,tt_thamrin,20.0,21.992348
1,2026-08-20 01:00:00+00:00,tt_bekasi,18.0,18.143635
1,2026-08-20 01:00:00+00:00,tt_bogor,35.0,37.204426
1,2026-08-20 01:00:00+00:00,tt_bsd,29.0,33.6751
1,2026-08-20 01:00:00+00:00,tt_cawang,14.0,31.710476
1,2026-08-20 01:00:00+00:00,tt_depok,31.0,30.77717
1,2026-08-20 01:00:00+00:00,tt_gatsu,37.0,43.56789
1,2026-08-20 01:00:00+00:00,tt_grogol,30.0,35.71539
1,2026-08-20 01:00:00+00:00,tt_kebonjeruk,26.0,30.614462
1,2026-08-20 01:00:00+00:00,tt_kelapagading,29.0,29.32268
1,2026-08-20 01:00:00+00:00,tt_kuningan,21.0,21.645058
1,2026-08-20 01:00:00+00:00,tt_sudirman,27.0,37.159004
1,2026-08-20 01:00:00+00:00,tt_tangerang,36.0,45.14611
1,2026-08-20 01:00:00+00:00,tt_tbsimatupang,18.0,64.06215
1,2026-08-20 01:00:00+00:00,tt_thamrin,18.0,20.668194
1,2026-08-20 02:00:00+00:00,tt_bekasi,18.0,18.393976
1,2026-08-20 02:00:00+00:00,tt_bogor,40.0,35.060474
1,2026-08-20 02:00:00+00:00,tt_bsd,34.0,30.004822
1,2026-08-20 02:00:00+00:00,tt_cawang,18.0,25.286026
1,2026-08-20 02:00:00+00:00,tt_depok,31.0,29.737919
1,2026-08-20 02:00:00+00:00,tt_gatsu,45.0,37.780426
1,2026-08-20 02:00:00+00:00,tt_grogol,30.0,32.3106
1,2026-08-20 02:00:00+00:00,tt_kebonjeruk,26.0,27.803795
1,2026-08-20 02:00:00+00:00,tt_kelapagading,25.0,27.810434
1,2026-08-20 02:00:00+00:00,tt_kuningan,21.0,21.251715
1,2026-08-20 02:00:00+00:00,tt_sudirman,25.0,31.4029
1,2026-08-20 02:00:00+00:00,tt_tangerang,48.0,39.36299
1,2026-08-20 02:00:00+00:00,tt_tbsimatupang,21.0,37.953964
1,2026-08-20 02:00:00+00:00,tt_thamrin,18.0,19.66875
1,2026-08-20 04:00:00+00:00,tt_bekasi,15.0,18.683647
1,2026-08-20 04:00:00+00:00,tt_bogor,35.0,38.933876
1,2026-08-20 04:00:00+00:00,tt_bsd,34.0,31.911522
1,2026-08-20 04:00:00+00:00,tt_cawang,20.0,23.7865
1,2026-08-20 04:00:00+00:00,tt_depok,27.0,30.241068
1,2026-08-20 04:00:00+00:00,tt_gatsu,45.0,39.991653
1,2026-08-20 04:00:00+00:00,tt_grogol,25.0,30.743671
1,2026-08-20 04:00:00+00:00,tt_kebonjeruk,25.0,26.274569
1,2026-08-20 04:00:00+00:00,tt_kelapagading,22.0,25.338362
1,2026-08-20 04:00:00+00:00,tt_kuningan,21.0,21.043304
1,2026-08-20 04:00:00+00:00,tt_sudirman,26.0,26.910233
1,2026-08-20 04:00:00+00:00,tt_tangerang,48.0,44.43891
1,2026-08-20 04:00:00+00:00,tt_tbsimatupang,45.0,28.207397
1,2026-08-20 04:00:00+00:00,tt_thamrin,13.0,19.051147
1,2026-08-20 06:00:00+00:00,tt_bekasi,15.0,16.76749
1,2026-08-20 06:00:00+00:00,tt_bogor,39.0,35.89679
1,2026-08-20 06:00:00+00:00,tt_bsd,34.0,32.330513
1,2026-08-20 06:00:00+00:00,tt_cawang,28.0,24.181246
1,2026-08-20 06:00:00+00:00,tt_depok,29.0,28.288445
1,2026-08-20 06:00:00+00:00,tt_gatsu,28.0,41.464348
1,2026-08-20 06:00:00+00:00,tt_grogol,29.0,27.40914
1,2026-08-20 06:00:00+00:00,tt_kebonjeruk,25.0,25.45449
1,2026-08-20 06:00:00+00:00,tt_kelapagading,20.0,24.031149
1,2026-08-20 06:00:00+00:00,tt_kuningan,15.999999,21.145819
1,2026-08-20 06:00:00+00:00,tt_sudirman,21.0,26.589685
1,2026-08-20 06:00:00+00:00,tt_tangerang,38.0,44.914993
1,2026-08-20 06:00:00+00:00,tt_tbsimatupang,27.0,45.069595
1,2026-08-20 06:00:00+00:00,tt_thamrin,12.0,15.817042
1,2026-08-20 07:00:00+00:00,tt_bekasi,15.999999,16.394297
1,2026-08-20 07:00:00+00:00,tt_bogor,36.0,36.43456
1,2026-08-20 07:00:00+00:00,tt_bsd,34.0,32.612164
1,2026-08-20 07:00:00+00:00,tt_cawang,21.0,25.955383
1,2026-08-20 07:00:00+00:00,tt_depok,26.0,28.12724
1,2026-08-20 07:00:00+00:00,tt_gatsu,20.0,34.68477
1,2026-08-20 07:00:00+00:00,tt_grogol,29.0,28.504036
1,2026-08-20 07:00:00+00:00,tt_kebonjeruk,22.0,25.213352
1,2026-08-20 07:00:00+00:00,tt_kelapagading,20.0,22.521797
1,2026-08-20 07:00:00+00:00,tt_kuningan,21.0,19.015171
1,2026-08-20 07:00:00+00:00,tt_sudirman,20.0,24.617153
1,2026-08-20 07:00:00+00:00,tt_tangerang,37.0,41.02302
1,2026-08-20 07:00:00+00:00,tt_tbsimatupang,49.0,37.1411
1,2026-08-20 07:00:00+00:00,tt_thamrin,12.0,14.966061
1,2026-08-20 09:00:00+00:00,tt_bekasi,14.0,16.822182
1,2026-08-20 09:00:00+00:00,tt_bogor,34.0,35.06095
1,2026-08-20 09:00:00+00:00,tt_bsd,28.0,31.914806
1,2026-08-20 09:00:00+00:00,tt_cawang,30.0,23.032581
1,2026-08-20 09:00:00+00:00,tt_depok,26.0,26.00163
1,2026-08-20 09:00:00+00:00,tt_gatsu,32.0,25.790169
1,2026-08-20 09:00:00+00:00,tt_grogol,31.0,29.12381
1,2026-08-20 09:00:00+00:00,tt_kebonjeruk,21.0,22.955444
1,2026-08-20 09:00:00+00:00,tt_kelapagading,21.0,21.400307
1,2026-08-20 09:00:00+00:00,tt_kuningan,13.0,20.892838
1,2026-08-20 09:00:00+00:00,tt_sudirman,23.0,21.85888
1,2026-08-20 09:00:00+00:00,tt_tangerang,34.0,36.47503
1,2026-08-20 09:00:00+00:00,tt_tbsimatupang,47.0,47.665756
1,2026-08-20 09:00:00+00:00,tt_thamrin,18.0,14.252768
1,2026-08-20 11:00:00+00:00,tt_bekasi,18.0,15.558392
1,2026-08-20 11:00:00+00:00,tt_bogor,35.0,33.017326
1,2026-08-20 11:00:00+00:00,tt_bsd,34.0,29.068312
1,2026-08-20 11:00:00+00:00,tt_cawang,33.0,26.670986
1,2026-08-20 11:00:00+00:00,tt_depok,26.0,26.38056
1,2026-08-20 11:00:00+00:00,tt_gatsu,7.0,30.359215
1,2026-08-20 11:00:00+00:00,tt_grogol,29.0,29.764164
1,2026-08-20 11:00:00+00:00,tt_kebonjeruk,18.0,22.553892
1,2026-08-20 11:00:00+00:00,tt_kelapagading,21.0,22.20395
1,2026-08-20 11:00:00+00:00,tt_kuningan,15.999999,16.524242
1,2026-08-20 11:00:00+00:00,tt_sudirman,12.0,23.749718
1,2026-08-20 11:00:00+00:00,tt_tangerang,35.0,33.92772
1,2026-08-20 11:00:00+00:00,tt_tbsimatupang,24.0,47.26783
1,2026-08-20 11:00:00+00:00,tt_thamrin,10.0,17.343493
1,2026-08-20 12:00:00+00:00,tt_bekasi,14.0,16.840223
1,2026-08-20 12:00:00+00:00,tt_bogor,37.0,33.289043
1,2026-08-20 12:00:00+00:00,tt_bsd,34.0,31.092731
1,2026-08-20 12:00:00+00:00,tt_cawang,43.0,27.435951
1,2026-08-20 12:00:00+00:00,tt_depok,24.0,25.735283
1,2026-08-20 12:00:00+00:00,tt_gatsu,10.0,22.605457
1,2026-08-20 12:00:00+00:00,tt_grogol,32.0,29.362345
1,2026-08-20 12:00:00+00:00,tt_kebonjeruk,23.0,21.087328
1,2026-08-20 12:00:00+00:00,tt_kelapagading,21.0,20.97695
1,2026-08-20 12:00:00+00:00,tt_kuningan,13.0,16.995005
1,2026-08-20 12:00:00+00:00,tt_sudirman,22.0,19.621534
1,2026-08-20 12:00:00+00:00,tt_tangerang,48.0,33.6205
1,2026-08-20 12:00:00+00:00,tt_tbsimatupang,40.0,34.90139
1,2026-08-20 12:00:00+00:00,tt_thamrin,9.0,14.623217
1,2026-08-20 14:00:00+00:00,tt_bekasi,18.0,15.300743
1,2026-08-20 14:00:00+00:00,tt_bogor,38.0,36.587463
1,2026-08-20 14:00:00+00:00,tt_bsd,27.0,34.7491
1,2026-08-20 14:00:00+00:00,tt_cawang,32.0,35.6603
1,2026-08-20 14:00:00+00:00,tt_depok,31.0,25.091827
1,2026-08-20 14:00:00+00:00,tt_gatsu,45.0,19.542387
1,2026-08-20 14:00:00+00:00,tt_grogol,40.0,31.55141
1,2026-08-20 14:00:00+00:00,tt_kebonjeruk,28.0,23.244164
1,2026-08-20 14:00:00+00:00,tt_kelapagading,29.0,21.296154
1,2026-08-20 14:00:00+00:00,tt_kuningan,15.999999,15.520149
1,2026-08-20 14:00:00+00:00,tt_sudirman,39.0,22.362564
1,2026-08-20 14:00:00+00:00,tt_tangerang,48.0,42.791924
1,2026-08-20 14:00:00+00:00,tt_tbsimatupang,59.0,38.35994
1,2026-08-20 14:00:00+00:00,tt_thamrin,13.0,12.296185
1,2026-08-20 16:00:00+00:00,tt_bekasi,15.0,17.514153
1,2026-08-20 16:00:00+00:00,tt_bogor,45.0,38.38352
1,2026-08-20 16:00:00+00:00,tt_bsd,34.0,30.223965
1,2026-08-20 16:00:00+00:00,tt_cawang,43.0,34.36503
1,2026-08-20 16:00:00+00:00,tt_depok,31.0,30.481768
1,2026-08-20 16:00:00+00:00,tt_gatsu,45.0,40.783146
1,2026-08-20 16:00:00+00:00,tt_grogol,40.0,37.311455
1,2026-08-20 16:00:00+00:00,tt_kebonjeruk,35.0,27.573671
1,2026-08-20 16:00:00+00:00,tt_kelapagading,29.0,28.513592
1,2026-08-20 16:00:00+00:00,tt_kuningan,21.0,17.172874
1,2026-08-20 16:00:00+00:00,tt_sudirman,39.0,35.156258
1,2026-08-20 16:00:00+00:00,tt_tangerang,48.0,45.861687
1,2026-08-20 16:00:00+00:00,tt_tbsimatupang,72.0,55.64933
1,2026-08-20 16:00:00+00:00,tt_thamrin,22.0,14.053543
1,2026-08-20 17:00:00+00:00,tt_bekasi,18.0,17.118496
1,2026-08-20 17:00:00+00:00,tt_bogor,45.0,41.725376
1,2026-08-20 17:00:00+00:00,tt_bsd,34.0,33.283726
1,2026-08-20 17:00:00+00:00,tt_cawang,43.0,38.416134
1,2026-08-20 17:00:00+00:00,tt_depok,31.0,31.614906
1,2026-08-20 17:00:00+00:00,tt_gatsu,45.0,44.275055
1,2026-08-20 17:00:00+00:00,tt_grogol,40.0,38.937088
1,2026-08-20 17:00:00+00:00,tt_kebonjeruk,35.0,31.676535
1,2026-08-20 17:00:00+00:00,tt_kelapagading,29.0,29.851685
1,2026-08-20 17:00:00+00:00,tt_kuningan,21.0,19.42735
1,2026-08-20 17:00:00+00:00,tt_sudirman,39.0,37.88182
1,2026-08-20 17:00:00+00:00,tt_tangerang,48.0,47.08258
1,2026-08-20 17:00:00+00:00,tt_tbsimatupang,72.0,62.488396
1,2026-08-20 17:00:00+00:00,tt_thamrin,22.0,18.12436
1,2026-08-20 19:00:00+00:00,tt_bekasi,18.0,18.540941
1,2026-08-20 19:00:00+00:00,tt_bogor,45.0,44.31494
1,2026-08-20 19:00:00+00:00,tt_bsd,34.0,35.452522
1,2026-08-20 19:00:00+00:00,tt_cawang,43.0,41.84991
1,2026-08-20 19:00:00+00:00,tt_depok,31.0,31.931067
1,2026-08-20 19:00:00+00:00,tt_gatsu,45.0,45.108658
1,2026-08-20 19:00:00+00:00,tt_grogol,40.0,39.759212
1,2026-08-20 19:00:00+00:00,tt_kebonjeruk,35.0,34.497017
1,2026-08-20 19:00:00+00:00,tt_kelapagading,29.0,30.163101
1,2026-08-20 19:00:00+00:00,tt_kuningan,21.0,20.961584
1,2026-08-20 19:00:00+00:00,tt_sudirman,39.0,39.070507
1,2026-08-20 19:00:00+00:00,tt_tangerang,48.0,47.322926
1,2026-08-20 19:00:00+00:00,tt_tbsimatupang,72.0,64.86288
1,2026-08-20 19:00:00+00:00,tt_thamrin,22.0,20.867117
1,2026-08-20 21:00:00+00:00,tt_bekasi,18.0,18.826382
1,2026-08-20 21:00:00+00:00,tt_bogor,45.0,44.4579
1,2026-08-20 21:00:00+00:00,tt_bsd,34.0,35.530045
1,2026-08-20 21:00:00+00:00,tt_cawang,43.0,42.198517
1,2026-08-20 21:00:00+00:00,tt_depok,31.0,31.734655
1,2026-08-20 21:00:00+00:00,tt_gatsu,45.0,44.69871
1,2026-08-20 21:00:00+00:00,tt_grogol,40.0,39.734516
1,2026-08-20 21:00:00+00:00,tt_kebonjeruk,35.0,34.836437
1,2026-08-20 21:00:00+00:00,tt_kelapagading,29.0,29.902327
1,2026-08-20 21:00:00+00:00,tt_kuningan,21.0,21.281265
1,2026-08-20 21:00:00+00:00,tt_sudirman,39.0,38.976524
1,2026-08-20 21:00:00+00:00,tt_tangerang,48.0,47.063255
1,2026-08-20 21:00:00+00:00,tt_tbsimatupang,72.0,64.486206
1,2026-08-20 21:00:00+00:00,tt_thamrin,22.0,21.403057
1,2026-08-20 22:00:00+00:00,tt_bekasi,18.0,18.884476
1,2026-08-20 22:00:00+00:00,tt_bogor,45.0,44.4254
1,2026-08-20 22:00:00+00:00,tt_bsd,34.0,35.467865
1,2026-08-20 22:00:00+00:00,tt_cawang,43.0,42.160385
1,2026-08-20 22:00:00+00:00,tt_depok,31.0,31.666023
1,2026-08-20 22:00:00+00:00,tt_gatsu,45.0,44.583015
1,2026-08-20 22:00:00+00:00,tt_grogol,40.0,39.71141
1,2026-08-20 22:00:00+00:00,tt_kebonjeruk,35.0,34.860092
1,2026-08-20 22:00:00+00:00,tt_kelapagading,29.0,29.82363
1,2026-08-20 22:00:00+00:00,tt_kuningan,21.0,21.401321
1,2026-08-20 22:00:00+00:00,tt_sudirman,39.0,38.951385
1,2026-08-20 22:00:00+00:00,tt_tangerang,48.0,46.9956
1,2026-08-20 22:00:00+00:00,tt_tbsimatupang,72.0,64.33308
1,2026-08-20 22:00:00+00:00,tt_thamrin,22.0,21.538897
1,2026-08-21 00:00:00+00:00,tt_bekasi,18.0,18.968475
1,2026-08-21 00:00:00+00:00,tt_bogor,35.0,44.409737
1,2026-08-21 00:00:00+00:00,tt_bsd,29.0,35.35383
1,2026-08-21 00:00:00+00:00,tt_cawang,18.0,42.095184
1,2026-08-21 00:00:00+00:00,tt_depok,25.0,31.599134
1,2026-08-21 00:00:00+00:00,tt_gatsu,45.0,44.54855
1,2026-08-21 00:00:00+00:00,tt_grogol,34.0,39.71254
1,2026-08-21 00:00:00+00:00,tt_kebonjeruk,25.0,34.90788
1,2026-08-21 00:00:00+00:00,tt_kelapagading,26.0,29.750622
1,2026-08-21 00:00:00+00:00,tt_kuningan,21.0,21.60379
1,2026-08-21 00:00:00+00:00,tt_sudirman,31.0,38.9645
1,2026-08-21 00:00:00+00:00,tt_tangerang,37.0,46.931793
1,2026-08-21 00:00:00+00:00,tt_tbsimatupang,32.0,64.14449
1,2026-08-21 00:00:00+00:00,tt_thamrin,22.0,21.858212
1,2026-08-21 02:00:00+00:00,tt_bekasi,17.0,18.763962
1,2026-08-21 02:00:00+00:00,tt_bogor,37.0,35.99935
1,2026-08-21 02:00:00+00:00,tt_bsd,28.0,28.820171
1,2026-08-21 02:00:00+00:00,tt_cawang,19.0,27.06018
1,2026-08-21 02:00:00+00:00,tt_depok,26.0,26.68146
1,2026-08-21 02:00:00+00:00,tt_gatsu,45.0,40.59789
1,2026-08-21 02:00:00+00:00,tt_grogol,31.0,34.44762
1,2026-08-21 02:00:00+00:00,tt_kebonjeruk,26.0,27.064003
1,2026-08-21 02:00:00+00:00,tt_kelapagading,29.0,26.256348
1,2026-08-21 02:00:00+00:00,tt_kuningan,21.0,21.22292
1,2026-08-21 02:00:00+00:00,tt_sudirman,23.0,31.186415
1,2026-08-21 02:00:00+00:00,tt_tangerang,37.0,37.477646
1,2026-08-21 02:00:00+00:00,tt_tbsimatupang,37.0,36.126328
1,2026-08-21 02:00:00+00:00,tt_thamrin,22.0,21.967495
1,2026-08-21 03:00:00+00:00,tt_bekasi,15.0,18.395426
1,2026-08-21 03:00:00+00:00,tt_bogor,38.0,35.68304
1,2026-08-21 03:00:00+00:00,tt_bsd,34.0,27.734198
1,2026-08-21 03:00:00+00:00,tt_cawang,21.0,25.099848
1,2026-08-21 03:00:00+00:00,tt_depok,31.0,26.601336
1,2026-08-21 03:00:00+00:00,tt_gatsu,45.0,40.409313
1,2026-08-21 03:00:00+00:00,tt_grogol,27.0,32.218967
1,2026-08-21 03:00:00+00:00,tt_kebonjeruk,24.0,26.400002
1,2026-08-21 03:00:00+00:00,tt_kelapagading,23.0,26.911854
1,2026-08-21 03:00:00+00:00,tt_kuningan,15.999999,21.20182
1,2026-08-21 03:00:00+00:00,tt_sudirman,28.0,27.590591
1,2026-08-21 03:00:00+00:00,tt_tangerang,48.0,36.487995
1,2026-08-21 03:00:00+00:00,tt_tbsimatupang,48.0,36.756958
1,2026-08-21 03:00:00+00:00,tt_thamrin,15.999999,21.999039
1,2026-08-21 05:00:00+00:00,tt_bekasi,15.999999,16.674324
1,2026-08-21 05:00:00+00:00,tt_bogor,45.0,37.533997
1,2026-08-21 05:00:00+00:00,tt_bsd,34.0,31.724268
1,2026-08-21 05:00:00+00:00,tt_cawang,43.0,25.618149
1,2026-08-21 05:00:00+00:00,tt_depok,31.0,29.870554
1,2026-08-21 05:00:00+00:00,tt_gatsu,45.0,41.88161
1,2026-08-21 05:00:00+00:00,tt_grogol,32.0,29.062542
1,2026-08-21 05:00:00+00:00,tt_kebonjeruk,27.0,25.288046
1,2026-08-21 05:00:00+00:00,tt_kelapagading,23.0,24.933674
1,2026-08-21 05:00:00+00:00,tt_kuningan,21.0,18.264555
1,2026-08-21 05:00:00+00:00,tt_sudirman,34.0,27.686522
1,2026-08-21 05:00:00+00:00,tt_tangerang,48.0,44.029736
1,2026-08-21 05:00:00+00:00,tt_tbsimatupang,72.0,47.16036
1,2026-08-21 05:00:00+00:00,tt_thamrin,21.0,18.255787
1,2026-08-21 07:00:00+00:00,tt_bekasi,14.0,17.414167
1,2026-08-21 07:00:00+00:00,tt_bogor,35.0,43.306885
1,2026-08-21 07:00:00+00:00,tt_bsd,34.0,34.90705
1,2026-08-21 07:00:00+00:00,tt_cawang,28.0,38.906178
1,2026-08-21 07:00:00+00:00,tt_depok,25.0,31.372427
1,2026-08-21 07:00:00+00:00,tt_gatsu,36.0,44.314655
1,2026-08-21 07:00:00+00:00,tt_grogol,28.0,32.22801
1,2026-08-21 07:00:00+00:00,tt_kebonjeruk,21.0,27.867386
1,2026-08-21 07:00:00+00:00,tt_kelapagading,20.0,25.736757
1,2026-08-21 07:00:00+00:00,tt_kuningan,21.0,21.02413
1,2026-08-21 07:00:00+00:00,tt_sudirman,18.0,33.493305
1,2026-08-21 07:00:00+00:00,tt_tangerang,39.0,47.143665
1,2026-08-21 07:00:00+00:00,tt_tbsimatupang,52.0,64.31037
1,2026-08-21 07:00:00+00:00,tt_thamrin,18.0,20.694538
1,2026-08-21 08:00:00+00:00,tt_bekasi,15.999999,16.471416
1,2026-08-21 08:00:00+00:00,tt_bogor,34.0,38.55549
1,2026-08-21 08:00:00+00:00,tt_bsd,34.0,33.45089
1,2026-08-21 08:00:00+00:00,tt_cawang,31.0,33.61599
1,2026-08-21 08:00:00+00:00,tt_depok,25.0,28.162788
1,2026-08-21 08:00:00+00:00,tt_gatsu,35.0,38.27623
1,2026-08-21 08:00:00+00:00,tt_grogol,29.0,30.216139
1,2026-08-21 08:00:00+00:00,tt_kebonjeruk,24.0,24.86821
1,2026-08-21 08:00:00+00:00,tt_kelapagading,21.0,23.363537
1,2026-08-21 08:00:00+00:00,tt_kuningan,17.0,21.103828
1,2026-08-21 08:00:00+00:00,tt_sudirman,24.0,27.010887
1,2026-08-21 08:00:00+00:00,tt_tangerang,40.0,41.90648
1,2026-08-21 08:00:00+00:00,tt_tbsimatupang,38.0,56.45662
1,2026-08-21 08:00:00+00:00,tt_thamrin,10.0,19.583385
3,2026-08-18 04:00:00+00:00,tt_bekasi,15.0,17.353277
3,2026-08-18 04:00:00+00:00,tt_bogor,33.0,35.420708
3,2026-08-18 04:00:00+00:00,tt_bsd,28.0,30.831068
3,2026-08-18 04:00:00+00:00,tt_cawang,22.0,29.384647
3,2026-08-18 04:00:00+00:00,tt_depok,31.0,27.5928
3,2026-08-18 04:00:00+00:00,tt_gatsu,32.0,41.127083
3,2026-08-18 04:00:00+00:00,tt_grogol,27.0,30.581259
3,2026-08-18 04:00:00+00:00,tt_kebonjeruk,25.0,29.463406
3,2026-08-18 04:00:00+00:00,tt_kelapagading,29.0,27.29908
3,2026-08-18 04:00:00+00:00,tt_kuningan,15.999999,21.52219
3,2026-08-18 04:00:00+00:00,tt_sudirman,24.0,32.83323
3,2026-08-18 04:00:00+00:00,tt_tangerang,36.0,38.379272
3,2026-08-18 04:00:00+00:00,tt_tbsimatupang,55.0,39.77576
3,2026-08-18 04:00:00+00:00,tt_thamrin,18.0,20.474789
3,2026-08-18 05:00:00+00:00,tt_bekasi,15.0,17.289158
3,2026-08-18 05:00:00+00:00,tt_bogor,38.0,36.25386
3,2026-08-18 05:00:00+00:00,tt_bsd,28.0,32.102283
3,2026-08-18 05:00:00+00:00,tt_cawang,28.0,28.541557
3,2026-08-18 05:00:00+00:00,tt_depok,26.0,28.731628
3,2026-08-18 05:00:00+00:00,tt_gatsu,45.0,36.38211
3,2026-08-18 05:00:00+00:00,tt_grogol,36.0,30.524778
3,2026-08-18 05:00:00+00:00,tt_kebonjeruk,22.0,28.528063
3,2026-08-18 05:00:00+00:00,tt_kelapagading,22.0,26.730537
3,2026-08-18 05:00:00+00:00,tt_kuningan,21.0,21.361275
3,2026-08-18 05:00:00+00:00,tt_sudirman,31.0,29.80761
3,2026-08-18 05:00:00+00:00,tt_tangerang,41.0,42.13526
3,2026-08-18 05:00:00+00:00,tt_tbsimatupang,51.0,36.019775
3,2026-08-18 05:00:00+00:00,tt_thamrin,20.0,19.759865
3,2026-08-18 07:00:00+00:00,tt_bekasi,15.0,16.623241
3,2026-08-18 07:00:00+00:00,tt_bogor,34.0,34.481155
3,2026-08-18 07:00:00+00:00,tt_bsd,30.0,30.459784
3,2026-08-18 07:00:00+00:00,tt_cawang,43.0,27.40179
3,2026-08-18 07:00:00+00:00,tt_depok,31.0,29.42866
3,2026-08-18 07:00:00+00:00,tt_gatsu,45.0,34.142036
3,2026-08-18 07:00:00+00:00,tt_grogol,32.0,29.958271
3,2026-08-18 07:00:00+00:00,tt_kebonjeruk,25.0,27.689827
3,2026-08-18 07:00:00+00:00,tt_kelapagading,22.0,27.601639
3,2026-08-18 07:00:00+00:00,tt_kuningan,15.0,19.78294
3,2026-08-18 07:00:00+00:00,tt_sudirman,28.0,28.359438
3,2026-08-18 07:00:00+00:00,tt_tangerang,38.0,39.302628
3,2026-08-18 07:00:00+00:00,tt_tbsimatupang,57.0,49.816975
3,2026-08-18 07:00:00+00:00,tt_thamrin,22.0,19.423964
3,2026-08-18 09:00:00+00:00,tt_bekasi,14.0,16.64042
3,2026-08-18 09:00:00+00:00,tt_bogor,35.0,37.159676
3,2026-08-18 09:00:00+00:00,tt_bsd,28.0,30.059147
3,2026-08-18 09:00:00+00:00,tt_cawang,29.0,29.390759
3,2026-08-18 09:00:00+00:00,tt_depok,24.0,28.312273
3,2026-08-18 09:00:00+00:00,tt_gatsu,45.0,41.97028
3,2026-08-18 09:00:00+00:00,tt_grogol,32.0,35.128983
3,2026-08-18 09:00:00+00:00,tt_kebonjeruk,23.0,26.22773
3,2026-08-18 09:00:00+00:00,tt_kelapagading,23.0,26.020187
3,2026-08-18 09:00:00+00:00,tt_kuningan,21.0,21.518635
3,2026-08-18 09:00:00+00:00,tt_sudirman,31.0,31.253704
3,2026-08-18 09:00:00+00:00,tt_tangerang,38.0,40.265038
3,2026-08-18 09:00:00+00:00,tt_tbsimatupang,43.0,50.814026
3,2026-08-18 09:00:00+00:00,tt_thamrin,22.0,20.334751
3,2026-08-18 10:00:00+00:00,tt_bekasi,14.0,16.311024
3,2026-08-18 10:00:00+00:00,tt_bogor,35.0,35.40152
3,2026-08-18 10:00:00+00:00,tt_bsd,34.0,30.715668
3,2026-08-18 10:00:00+00:00,tt_cawang,30.0,36.00128
3,2026-08-18 10:00:00+00:00,tt_depok,25.0,29.888577
3,2026-08-18 10:00:00+00:00,tt_gatsu,3.999998,42.90946
3,2026-08-18 10:00:00+00:00,tt_grogol,31.0,33.242893
3,2026-08-18 10:00:00+00:00,tt_kebonjeruk,21.0,27.361553
3,2026-08-18 10:00:00+00:00,tt_kelapagading,21.0,26.052885
3,2026-08-18 10:00:00+00:00,tt_kuningan,14.0,19.419357
3,2026-08-18 10:00:00+00:00,tt_sudirman,23.0,31.012945
3,2026-08-18 10:00:00+00:00,tt_tangerang,34.0,39.03772
3,2026-08-18 10:00:00+00:00,tt_tbsimatupang,44.0,52.1904
3,2026-08-18 10:00:00+00:00,tt_thamrin,22.0,21.108414
3,2026-08-18 12:00:00+00:00,tt_bekasi,14.0,15.909873
3,2026-08-18 12:00:00+00:00,tt_bogor,35.0,34.65826
3,2026-08-18 12:00:00+00:00,tt_bsd,34.0,29.536337
3,2026-08-18 12:00:00+00:00,tt_cawang,34.0,33.662483
3,2026-08-18 12:00:00+00:00,tt_depok,26.0,28.267437
3,2026-08-18 12:00:00+00:00,tt_gatsu,45.0,42.52163
3,2026-08-18 12:00:00+00:00,tt_grogol,32.0,31.8903
3,2026-08-18 12:00:00+00:00,tt_kebonjeruk,25.0,26.30906
3,2026-08-18 12:00:00+00:00,tt_kelapagading,22.0,26.009502
3,2026-08-18 12:00:00+00:00,tt_kuningan,13.0,20.304863
3,2026-08-18 12:00:00+00:00,tt_sudirman,29.0,30.4564
3,2026-08-18 12:00:00+00:00,tt_tangerang,48.0,37.777416
3,2026-08-18 12:00:00+00:00,tt_tbsimatupang,72.0,45.43039
3,2026-08-18 12:00:00+00:00,tt_thamrin,17.0,21.372
3,2026-08-18 14:00:00+00:00,tt_bekasi,15.999999,15.34903
3,2026-08-18 14:00:00+00:00,tt_bogor,45.0,34.164837
3,2026-08-18 14:00:00+00:00,tt_bsd,34.0,32.310226
3,2026-08-18 14:00:00+00:00,tt_cawang,32.0,29.718557
3,2026-08-18 14:00:00+00:00,tt_depok,26.0,25.818296
3,2026-08-18 14:00:00+00:00,tt_gatsu,45.0,30.114256
3,2026-08-18 14:00:00+00:00,tt_grogol,40.0,30.88142
3,2026-08-18 14:00:00+00:00,tt_kebonjeruk,31.0,23.491695
3,2026-08-18 14:00:00+00:00,tt_kelapagading,29.0,23.25763
3,2026-08-18 14:00:00+00:00,tt_kuningan,15.999999,17.353243
3,2026-08-18 14:00:00+00:00,tt_sudirman,30.0,25.30478
3,2026-08-18 14:00:00+00:00,tt_tangerang,48.0,34.499268
3,2026-08-18 14:00:00+00:00,tt_tbsimatupang,72.0,42.79396
3,2026-08-18 14:00:00+00:00,tt_thamrin,22.0,21.541267
3,2026-08-18 15:00:00+00:00,tt_bekasi,15.999999,15.096626
3,2026-08-18 15:00:00+00:00,tt_bogor,45.0,34.786507
3,2026-08-18 15:00:00+00:00,tt_bsd,34.0,33.32019
3,2026-08-18 15:00:00+00:00,tt_cawang,43.0,33.046204
3,2026-08-18 15:00:00+00:00,tt_depok,31.0,27.832148
3,2026-08-18 15:00:00+00:00,tt_gatsu,45.0,42.109215
3,2026-08-18 15:00:00+00:00,tt_grogol,40.0,31.544289
3,2026-08-18 15:00:00+00:00,tt_kebonjeruk,35.0,25.442284
3,2026-08-18 15:00:00+00:00,tt_kelapagading,29.0,25.098188
3,2026-08-18 15:00:00+00:00,tt_kuningan,21.0,16.78305
3,2026-08-18 15:00:00+00:00,tt_sudirman,39.0,28.354458
3,2026-08-18 15:00:00+00:00,tt_tangerang,48.0,41.302086
3,2026-08-18 15:00:00+00:00,tt_tbsimatupang,72.0,55.964798
3,2026-08-18 15:00:00+00:00,tt_thamrin,22.0,19.75628
3,2026-08-18 17:00:00+00:00,tt_bekasi,17.0,16.104591
3,2026-08-18 17:00:00+00:00,tt_bogor,45.0,39.58309
3,2026-08-18 17:00:00+00:00,tt_bsd,34.0,33.55798
3,2026-08-18 17:00:00+00:00,tt_cawang,43.0,33.59764
3,2026-08-18 17:00:00+00:00,tt_depok,31.0,28.429888
3,2026-08-18 17:00:00+00:00,tt_gatsu,45.0,45.55862
3,2026-08-18 17:00:00+00:00,tt_grogol,40.0,35.84569
3,2026-08-18 17:00:00+00:00,tt_kebonjeruk,35.0,28.512691
3,2026-08-18 17:00:00+00:00,tt_kelapagading,29.0,27.853638
3,2026-08-18 17:00:00+00:00,tt_kuningan,21.0,17.346203
3,2026-08-18 17:00:00+00:00,tt_sudirman,39.0,30.092306
3,2026-08-18 17:00:00+00:00,tt_tangerang,48.0,44.89012
3,2026-08-18 17:00:00+00:00,tt_tbsimatupang,72.0,58.72062
3,2026-08-18 17:00:00+00:00,tt_thamrin,22.0,21.25533
3,2026-08-18 19:00:00+00:00,tt_bekasi,17.0,16.781935
3,2026-08-18 19:00:00+00:00,tt_bogor,45.0,41.73964
3,2026-08-18 19:00:00+00:00,tt_bsd,34.0,33.565643
3,2026-08-18 19:00:00+00:00,tt_cawang,43.0,40.00077
3,2026-08-18 19:00:00+00:00,tt_depok,31.0,30.121027
3,2026-08-18 19:00:00+00:00,tt_gatsu,45.0,44.51541
3,2026-08-18 19:00:00+00:00,tt_grogol,40.0,37.92865
3,2026-08-18 19:00:00+00:00,tt_kebonjeruk,35.0,33.188366
3,2026-08-18 19:00:00+00:00,tt_kelapagading,29.0,28.431322
3,2026-08-18 19:00:00+00:00,tt_kuningan,21.0,20.30518
3,2026-08-18 19:00:00+00:00,tt_sudirman,39.0,36.65299
3,2026-08-18 19:00:00+00:00,tt_tangerang,48.0,44.830856
3,2026-08-18 19:00:00+00:00,tt_tbsimatupang,72.0,58.01558
3,2026-08-18 19:00:00+00:00,tt_thamrin,22.0,22.15791
3,2026-08-18 20:00:00+00:00,tt_bekasi,17.0,17.208754
3,2026-08-18 20:00:00+00:00,tt_bogor,45.0,41.809616
3,2026-08-18 20:00:00+00:00,tt_bsd,34.0,33.369007
3,2026-08-18 20:00:00+00:00,tt_cawang,43.0,40.477005
3,2026-08-18 20:00:00+00:00,tt_depok,31.0,30.001104
3,2026-08-18 20:00:00+00:00,tt_gatsu,45.0,43.82422
3,2026-08-18 20:00:00+00:00,tt_grogol,40.0,37.98113
3,2026-08-18 20:00:00+00:00,tt_kebonjeruk,35.0,33.49889
3,2026-08-18 20:00:00+00:00,tt_kelapagading,29.0,28.14102
3,2026-08-18 20:00:00+00:00,tt_kuningan,21.0,20.530807
3,2026-08-18 20:00:00+00:00,tt_sudirman,39.0,37.04137
3,2026-08-18 20:00:00+00:00,tt_tangerang,48.0,44.609047
3,2026-08-18 20:00:00+00:00,tt_tbsimatupang,72.0,57.701492
3,2026-08-18 20:00:00+00:00,tt_thamrin,22.0,22.20699
3,2026-08-18 22:00:00+00:00,tt_bekasi,17.0,17.527346
3,2026-08-18 22:00:00+00:00,tt_bogor,45.0,41.80098
3,2026-08-18 22:00:00+00:00,tt_bsd,34.0,33.067337
3,2026-08-18 22:00:00+00:00,tt_cawang,43.0,40.43044
3,2026-08-18 22:00:00+00:00,tt_depok,31.0,29.648563
3,2026-08-18 22:00:00+00:00,tt_gatsu,45.0,42.893017
3,2026-08-18 22:00:00+00:00,tt_grogol,40.0,37.962093
3,2026-08-18 22:00:00+00:00,tt_kebonjeruk,35.0,33.58382
3,2026-08-18 22:00:00+00:00,tt_kelapagading,29.0,27.711718
3,2026-08-18 22:00:00+00:00,tt_kuningan,21.0,20.874065
3,2026-08-18 22:00:00+00:00,tt_sudirman,39.0,37.064423
3,2026-08-18 22:00:00+00:00,tt_tangerang,48.0,44.34014
3,2026-08-18 22:00:00+00:00,tt_tbsimatupang,72.0,57.185616
3,2026-08-18 22:00:00+00:00,tt_thamrin,22.0,22.193653
3,2026-08-19 00:00:00+00:00,tt_bekasi,15.0,17.813759
3,2026-08-19 00:00:00+00:00,tt_bogor,35.0,41.84741
3,2026-08-19 00:00:00+00:00,tt_bsd,29.0,32.88011
3,2026-08-19 00:00:00+00:00,tt_cawang,20.0,40.40255
3,2026-08-19 00:00:00+00:00,tt_depok,31.0,29.528318
3,2026-08-19 00:00:00+00:00,tt_gatsu,45.0,42.30314
3,2026-08-19 00:00:00+00:00,tt_grogol,40.0,38.028183
3,2026-08-19 00:00:00+00:00,tt_kebonjeruk,27.0,33.76041
3,2026-08-19 00:00:00+00:00,tt_kelapagading,29.0,27.576584
3,2026-08-19 00:00:00+00:00,tt_kuningan,21.0,21.313742
3,2026-08-19 00:00:00+00:00,tt_sudirman,39.0,37.119118
3,2026-08-19 00:00:00+00:00,tt_tangerang,48.0,44.227226
3,2026-08-19 00:00:00+00:00,tt_tbsimatupang,39.0,56.910442
3,2026-08-19 00:00:00+00:00,tt_thamrin,19.0,22.264824
3,2026-08-19 01:00:00+00:00,tt_bekasi,15.999999,17.95811
3,2026-08-19 01:00:00+00:00,tt_bogor,37.0,41.867607
3,2026-08-19 01:00:00+00:00,tt_bsd,34.0,32.764805
3,2026-08-19 01:00:00+00:00,tt_cawang,13.0,40.4642
3,2026-08-19 01:00:00+00:00,tt_depok,27.0,29.509987
3,2026-08-19 01:00:00+00:00,tt_gatsu,13.0,42.215565
3,2026-08-19 01:00:00+00:00,tt_grogol,32.0,38.078552
3,2026-08-19 01:00:00+00:00,tt_kebonjeruk,25.0,33.86518
3,2026-08-19 01:00:00+00:00,tt_kelapagading,29.0,27.554451
3,2026-08-19 01:00:00+00:00,tt_kuningan,21.0,21.620201
3,2026-08-19 01:00:00+00:00,tt_sudirman,22.0,37.19992
3,2026-08-19 01:00:00+00:00,tt_tangerang,39.0,44.18478
3,2026-08-19 01:00:00+00:00,tt_tbsimatupang,18.0,56.823906
3,2026-08-19 01:00:00+00:00,tt_thamrin,22.0,22.341599
3,2026-08-19 03:00:00+00:00,tt_bekasi,15.999999,17.186634
3,2026-08-19 03:00:00+00:00,tt_bogor,37.0,37.790886
3,2026-08-19 03:00:00+00:00,tt_bsd,34.0,30.03705
3,2026-08-19 03:00:00+00:00,tt_cawang,20.0,33.86872
3,2026-08-19 03:00:00+00:00,tt_depok,31.0,29.012194
3,2026-08-19 03:00:00+00:00,tt_gatsu,45.0,41.34668
3,2026-08-19 03:00:00+00:00,tt_grogol,31.0,37.90715
3,2026-08-19 03:00:00+00:00,tt_kebonjeruk,23.0,30.593864
3,2026-08-19 03:00:00+00:00,tt_kelapagading,29.0,27.176823
3,2026-08-19 03:00:00+00:00,tt_kuningan,15.999999,21.697117
3,2026-08-19 03:00:00+00:00,tt_sudirman,24.0,36.563725
3,2026-08-19 03:00:00+00:00,tt_tangerang,40.0,43.47795
3,2026-08-19 03:00:00+00:00,tt_tbsimatupang,33.0,44.360577
3,2026-08-19 03:00:00+00:00,tt_thamrin,20.0,21.224386
3,2026-08-19 05:00:00+00:00,tt_bekasi,15.0,17.396137
3,2026-08-19 05:00:00+00:00,tt_bogor,32.0,36.55451
3,2026-08-19 05:00:00+00:00,tt_bsd,34.0,30.710077
3,2026-08-19 05:00:00+00:00,tt_cawang,17.0,27.65988
3,2026-08-19 05:00:00+00:00,tt_depok,31.0,26.136227
3,2026-08-19 05:00:00+00:00,tt_gatsu,45.0,29.687185
3,2026-08-19 05:00:00+00:00,tt_grogol,31.0,33.326088
3,2026-08-19 05:00:00+00:00,tt_kebonjeruk,24.0,27.077759
3,2026-08-19 05:00:00+00:00,tt_kelapagading,21.0,25.385212
3,2026-08-19 05:00:00+00:00,tt_kuningan,17.0,21.399399
3,2026-08-19 05:00:00+00:00,tt_sudirman,27.0,28.079435
3,2026-08-19 05:00:00+00:00,tt_tangerang,40.0,38.81198
3,2026-08-19 05:00:00+00:00,tt_tbsimatupang,43.0,36.11101
3,2026-08-19 05:00:00+00:00,tt_thamrin,17.0,22.283955
3,2026-08-19 06:00:00+00:00,tt_bekasi,18.0,17.163357
3,2026-08-19 06:00:00+00:00,tt_bogor,35.0,36.515068
3,2026-08-19 06:00:00+00:00,tt_bsd,34.0,31.927616
3,2026-08-19 06:00:00+00:00,tt_cawang,19.0,28.998932
3,2026-08-19 06:00:00+00:00,tt_depok,27.0,28.697683
3,2026-08-19 06:00:00+00:00,tt_gatsu,30.0,40.13259
3,2026-08-19 06:00:00+00:00,tt_grogol,27.0,32.30315
3,2026-08-19 06:00:00+00:00,tt_kebonjeruk,21.0,27.075504
3,2026-08-19 06:00:00+00:00,tt_kelapagading,21.0,26.846733
3,2026-08-19 06:00:00+00:00,tt_kuningan,21.0,19.68703
3,2026-08-19 06:00:00+00:00,tt_sudirman,18.0,28.860924
3,2026-08-19 06:00:00+00:00,tt_tangerang,38.0,39.430187
3,2026-08-19 06:00:00+00:00,tt_tbsimatupang,48.0,39.563637
3,2026-08-19 06:00:00+00:00,tt_thamrin,13.0,21.532732
3,2026-08-19 08:00:00+00:00,tt_bekasi,15.0,16.478786
3,2026-08-19 08:00:00+00:00,tt_bogor,34.0,34.133762
3,2026-08-19 08:00:00+00:00,tt_bsd,28.0,32.830723
3,2026-08-19 08:00:00+00:00,tt_cawang,32.0,27.883865
3,2026-08-19 08:00:00+00:00,tt_depok,25.0,29.975647
3,2026-08-19 08:00:00+00:00,tt_gatsu,26.0,44.080452
3,2026-08-19 08:00:00+00:00,tt_grogol,27.0,31.549313
3,2026-08-19 08:00:00+00:00,tt_kebonjeruk,18.0,26.63942
3,2026-08-19 08:00:00+00:00,tt_kelapagading,22.0,26.043802
3,2026-08-19 08:00:00+00:00,tt_kuningan,21.0,19.084145
3,2026-08-19 08:00:00+00:00,tt_sudirman,22.0,29.118725
3,2026-08-19 08:00:00+00:00,tt_tangerang,48.0,39.251038
3,2026-08-19 08:00:00+00:00,tt_tbsimatupang,32.0,43.702724
3,2026-08-19 08:00:00+00:00,tt_thamrin,8.0,19.837236
3,2026-08-19 10:00:00+00:00,tt_bekasi,13.0,17.804216
3,2026-08-19 10:00:00+00:00,tt_bogor,30.0,34.73386
3,2026-08-19 10:00:00+00:00,tt_bsd,34.0,32.639023
3,2026-08-19 10:00:00+00:00,tt_cawang,43.0,25.342012
3,2026-08-19 10:00:00+00:00,tt_depok,23.0,27.885406
3,2026-08-19 10:00:00+00:00,tt_gatsu,23.0,35.3312
3,2026-08-19 10:00:00+00:00,tt_grogol,30.0,29.758688
3,2026-08-19 10:00:00+00:00,tt_kebonjeruk,19.0,24.329739
3,2026-08-19 10:00:00+00:00,tt_kelapagading,22.0,24.11089
3,2026-08-19 10:00:00+00:00,tt_kuningan,15.999999,21.217316
3,2026-08-19 10:00:00+00:00,tt_sudirman,19.0,24.75224
3,2026-08-19 10:00:00+00:00,tt_tangerang,28.0,37.807343
3,2026-08-19 10:00:00+00:00,tt_tbsimatupang,34.0,46.639503
3,2026-08-19 10:00:00+00:00,tt_thamrin,17.0,17.08581
3,2026-08-19 11:00:00+00:00,tt_bekasi,18.0,16.674828
3,2026-08-19 11:00:00+00:00,tt_bogor,33.0,34.621696
3,2026-08-19 11:00:00+00:00,tt_bsd,27.0,31.574871
3,2026-08-19 11:00:00+00:00,tt_cawang,43.0,28.25464
3,2026-08-19 11:00:00+00:00,tt_depok,25.0,27.394402
3,2026-08-19 11:00:00+00:00,tt_gatsu,35.0,33.48666
3,2026-08-19 11:00:00+00:00,tt_grogol,32.0,29.427917
3,2026-08-19 11:00:00+00:00,tt_kebonjeruk,21.0,23.405289
3,2026-08-19 11:00:00+00:00,tt_kelapagading,20.0,23.935242
3,2026-08-19 11:00:00+00:00,tt_kuningan,15.999999,21.001282
3,2026-08-19 11:00:00+00:00,tt_sudirman,15.999999,25.485374
3,2026-08-19 11:00:00+00:00,tt_tangerang,26.0,41.721016
3,2026-08-19 11:00:00+00:00,tt_tbsimatupang,44.0,39.390503
3,2026-08-19 11:00:00+00:00,tt_thamrin,10.0,14.871765
3,2026-08-19 13:00:00+00:00,tt_bekasi,18.0,15.397989
3,2026-08-19 13:00:00+00:00,tt_bogor,45.0,31.35597
3,2026-08-19 13:00:00+00:00,tt_bsd,34.0,32.927807
3,2026-08-19 13:00:00+00:00,tt_cawang,43.0,34.177876
3,2026-08-19 13:00:00+00:00,tt_depok,25.0,26.46046
3,2026-08-19 13:00:00+00:00,tt_gatsu,45.0,30.635826
3,2026-08-19 13:00:00+00:00,tt_grogol,31.0,29.754679
3,2026-08-19 13:00:00+00:00,tt_kebonjeruk,27.0,22.803743
3,2026-08-19 13:00:00+00:00,tt_kelapagading,23.0,23.630138
3,2026-08-19 13:00:00+00:00,tt_kuningan,13.0,18.959694
3,2026-08-19 13:00:00+00:00,tt_sudirman,30.0,24.464323
3,2026-08-19 13:00:00+00:00,tt_tangerang,48.0,36.726624
3,2026-08-19 13:00:00+00:00,tt_tbsimatupang,72.0,36.42291
3,2026-08-19 13:00:00+00:00,tt_thamrin,20.0,16.593155
3,2026-08-19 15:00:00+00:00,tt_bekasi,15.999999,17.287891
3,2026-08-19 15:00:00+00:00,tt_bogor,38.0,31.610626
3,2026-08-19 15:00:00+00:00,tt_bsd,34.0,30.237226
3,2026-08-19 15:00:00+00:00,tt_cawang,32.0,37.4327
3,2026-08-19 15:00:00+00:00,tt_depok,31.0,27.204468
3,2026-08-19 15:00:00+00:00,tt_gatsu,45.0,34.074047
3,2026-08-19 15:00:00+00:00,tt_grogol,40.0,30.72863
3,2026-08-19 15:00:00+00:00,tt_kebonjeruk,31.0,22.916784
3,2026-08-19 15:00:00+00:00,tt_kelapagading,29.0,22.984102
3,2026-08-19 15:00:00+00:00,tt_kuningan,21.0,18.312586
3,2026-08-19 15:00:00+00:00,tt_sudirman,29.0,21.913818
3,2026-08-19 15:00:00+00:00,tt_tangerang,48.0,32.657677
3,2026-08-19 15:00:00+00:00,tt_tbsimatupang,72.0,41.88456
3,2026-08-19 15:00:00+00:00,tt_thamrin,21.0,13.645571
3,2026-08-19 16:00:00+00:00,tt_bekasi,18.0,17.850224
3,2026-08-19 16:00:00+00:00,tt_bogor,45.0,39.147964
3,2026-08-19 16:00:00+00:00,tt_bsd,34.0,33.13483
3,2026-08-19 16:00:00+00:00,tt_cawang,43.0,39.884636
3,2026-08-19 16:00:00+00:00,tt_depok,31.0,28.012354
3,2026-08-19 16:00:00+00:00,tt_gatsu,45.0,40.45362
3,2026-08-19 16:00:00+00:00,tt_grogol,40.0,31.146
3,2026-08-19 16:00:00+00:00,tt_kebonjeruk,35.0,25.624662
3,2026-08-19 16:00:00+00:00,tt_kelapagading,29.0,25.13818
3,2026-08-19 16:00:00+00:00,tt_kuningan,21.0,17.345692
3,2026-08-19 16:00:00+00:00,tt_sudirman,39.0,26.736712
3,2026-08-19 16:00:00+00:00,tt_tangerang,48.0,41.956768
3,2026-08-19 16:00:00+00:00,tt_tbsimatupang,72.0,56.000137
3,2026-08-19 16:00:00+00:00,tt_thamrin,22.0,17.319168
3,2026-08-19 18:00:00+00:00,tt_bekasi,18.0,17.55965
3,2026-08-19 18:00:00+00:00,tt_bogor,45.0,39.526775
3,2026-08-19 18:00:00+00:00,tt_bsd,34.0,33.87011
3,2026-08-19 18:00:00+00:00,tt_cawang,43.0,36.79485
3,2026-08-19 18:00:00+00:00,tt_depok,31.0,29.528164
3,2026-08-19 18:00:00+00:00,tt_gatsu,45.0,42.703857
3,2026-08-19 18:00:00+00:00,tt_grogol,40.0,35.207817
3,2026-08-19 18:00:00+00:00,tt_kebonjeruk,35.0,28.17984
3,2026-08-19 18:00:00+00:00,tt_kelapagading,29.0,27.455961
3,2026-08-19 18:00:00+00:00,tt_kuningan,21.0,19.902721
3,2026-08-19 18:00:00+00:00,tt_sudirman,39.0,28.04798
3,2026-08-19 18:00:00+00:00,tt_tangerang,44.0,45.337143
3,2026-08-19 18:00:00+00:00,tt_tbsimatupang,72.0,59.17991
3,2026-08-19 18:00:00+00:00,tt_thamrin,22.0,18.954391
3,2026-08-19 20:00:00+00:00,tt_bekasi,18.0,18.572409
3,2026-08-19 20:00:00+00:00,tt_bogor,45.0,42.029152
3,2026-08-19 20:00:00+00:00,tt_bsd,34.0,33.5822
3,2026-08-19 20:00:00+00:00,tt_cawang,43.0,40.89685
3,2026-08-19 20:00:00+00:00,tt_depok,31.0,29.920284
3,2026-08-19 20:00:00+00:00,tt_gatsu,45.0,42.52368
3,2026-08-19 20:00:00+00:00,tt_grogol,40.0,37.61774
3,2026-08-19 20:00:00+00:00,tt_kebonjeruk,35.0,32.63826
3,2026-08-19 20:00:00+00:00,tt_kelapagading,29.0,28.108597
3,2026-08-19 20:00:00+00:00,tt_kuningan,21.0,21.071024
3,2026-08-19 20:00:00+00:00,tt_sudirman,39.0,35.27578
3,2026-08-19 20:00:00+00:00,tt_tangerang,48.0,45.144978
3,2026-08-19 20:00:00+00:00,tt_tbsimatupang,72.0,58.342113
3,2026-08-19 20:00:00+00:00,tt_thamrin,22.0,20.327053
3,2026-08-19 21:00:00+00:00,tt_bekasi,18.0,18.689907
3,2026-08-19 21:00:00+00:00,tt_bogor,45.0,41.94997
3,2026-08-19 21:00:00+00:00,tt_bsd,34.0,33.208313
3,2026-08-19 21:00:00+00:00,tt_cawang,43.0,41.094948
3,2026-08-19 21:00:00+00:00,tt_depok,31.0,29.719038
3,2026-08-19 21:00:00+00:00,tt_gatsu,45.0,42.334312
3,2026-08-19 21:00:00+00:00,tt_grogol,40.0,37.766853
3,2026-08-19 21:00:00+00:00,tt_kebonjeruk,35.0,33.102688
3,2026-08-19 21:00:00+00:00,tt_kelapagading,29.0,27.908781
3,2026-08-19 21:00:00+00:00,tt_kuningan,21.0,21.080767
3,2026-08-19 21:00:00+00:00,tt_sudirman,39.0,36.098038
3,2026-08-19 21:00:00+00:00,tt_tangerang,48.0,43.236744
3,2026-08-19 21:00:00+00:00,tt_tbsimatupang,72.0,57.945366
3,2026-08-19 21:00:00+00:00,tt_thamrin,22.0,20.787323
3,2026-08-19 23:00:00+00:00,tt_bekasi,17.0,18.936838
3,2026-08-19 23:00:00+00:00,tt_bogor,35.0,42.086884
3,2026-08-19 23:00:00+00:00,tt_bsd,34.0,32.950397
3,2026-08-19 23:00:00+00:00,tt_cawang,26.0,41.006653
3,2026-08-19 23:00:00+00:00,tt_depok,31.0,29.551243
3,2026-08-19 23:00:00+00:00,tt_gatsu,45.0,42.23649
3,2026-08-19 23:00:00+00:00,tt_grogol,35.0,37.9364
3,2026-08-19 23:00:00+00:00,tt_kebonjeruk,30.0,33.495956
3,2026-08-19 23:00:00+00:00,tt_kelapagading,29.0,27.627443
3,2026-08-19 23:00:00+00:00,tt_kuningan,21.0,21.222248
3,2026-08-19 23:00:00+00:00,tt_sudirman,39.0,36.63327
3,2026-08-19 23:00:00+00:00,tt_tangerang,48.0,43.706013
3,2026-08-19 23:00:00+00:00,tt_tbsimatupang,72.0,57.313457
3,2026-08-19 23:00:00+00:00,tt_thamrin,20.0,21.665337
3,2026-08-20 01:00:00+00:00,tt_bekasi,18.0,19.07946
3,2026-08-20 01:00:00+00:00,tt_bogor,35.0,42.068184
3,2026-08-20 01:00:00+00:00,tt_bsd,29.0,32.7878
3,2026-08-20 01:00:00+00:00,tt_cawang,14.0,40.810444
3,2026-08-20 01:00:00+00:00,tt_depok,31.0,29.52859
3,2026-08-20 01:00:00+00:00,tt_gatsu,37.0,42.140213
3,2026-08-20 01:00:00+00:00,tt_grogol,30.0,38.04787
3,2026-08-20 01:00:00+00:00,tt_kebonjeruk,26.0,33.772434
3,2026-08-20 01:00:00+00:00,tt_kelapagading,29.0,27.555664
3,2026-08-20 01:00:00+00:00,tt_kuningan,21.0,21.656967
3,2026-08-20 01:00:00+00:00,tt_sudirman,27.0,36.979942
3,2026-08-20 01:00:00+00:00,tt_tangerang,36.0,44.07358
3,2026-08-20 01:00:00+00:00,tt_tbsimatupang,18.0,56.883858
3,2026-08-20 01:00:00+00:00,tt_thamrin,18.0,22.272654
3,2026-08-20 02:00:00+00:00,tt_bekasi,18.0,18.487888
3,2026-08-20 02:00:00+00:00,tt_bogor,40.0,37.842148
3,2026-08-20 02:00:00+00:00,tt_bsd,34.0,32.264046
3,2026-08-20 02:00:00+00:00,tt_cawang,18.0,34.953884
3,2026-08-20 02:00:00+00:00,tt_depok,31.0,29.228539
3,2026-08-20 02:00:00+00:00,tt_gatsu,45.0,41.789505
3,2026-08-20 02:00:00+00:00,tt_grogol,30.0,35.836998
3,2026-08-20 02:00:00+00:00,tt_kebonjeruk,26.0,31.380165
3,2026-08-20 02:00:00+00:00,tt_kelapagading,25.0,27.43521
3,2026-08-20 02:00:00+00:00,tt_kuningan,21.0,21.82784
3,2026-08-20 02:00:00+00:00,tt_sudirman,25.0,36.591057
3,2026-08-20 02:00:00+00:00,tt_tangerang,48.0,43.56315
3,2026-08-20 02:00:00+00:00,tt_tbsimatupang,21.0,56.812172
3,2026-08-20 02:00:00+00:00,tt_thamrin,18.0,21.572762
3,2026-08-20 04:00:00+00:00,tt_bekasi,15.0,18.562473
3,2026-08-20 04:00:00+00:00,tt_bogor,35.0,35.266354
3,2026-08-20 04:00:00+00:00,tt_bsd,34.0,29.333235
3,2026-08-20 04:00:00+00:00,tt_cawang,20.0,28.774893
3,2026-08-20 04:00:00+00:00,tt_depok,27.0,28.720272
3,2026-08-20 04:00:00+00:00,tt_gatsu,45.0,37.528442
3,2026-08-20 04:00:00+00:00,tt_grogol,25.0,32.40887
3,2026-08-20 04:00:00+00:00,tt_kebonjeruk,25.0,28.558352
3,2026-08-20 04:00:00+00:00,tt_kelapagading,22.0,26.495872
3,2026-08-20 04:00:00+00:00,tt_kuningan,21.0,21.657272
3,2026-08-20 04:00:00+00:00,tt_sudirman,26.0,31.932472
3,2026-08-20 04:00:00+00:00,tt_tangerang,48.0,38.953392
3,2026-08-20 04:00:00+00:00,tt_tbsimatupang,45.0,40.530045
3,2026-08-20 04:00:00+00:00,tt_thamrin,13.0,20.39344
3,2026-08-20 06:00:00+00:00,tt_bekasi,15.0,18.819286
3,2026-08-20 06:00:00+00:00,tt_bogor,39.0,38.431602
3,2026-08-20 06:00:00+00:00,tt_bsd,34.0,32.246845
3,2026-08-20 06:00:00+00:00,tt_cawang,28.0,27.95716
3,2026-08-20 06:00:00+00:00,tt_depok,29.0,29.53962
3,2026-08-20 06:00:00+00:00,tt_gatsu,28.0,41.397232
3,2026-08-20 06:00:00+00:00,tt_grogol,29.0,31.35463
3,2026-08-20 06:00:00+00:00,tt_kebonjeruk,25.0,27.806126
3,2026-08-20 06:00:00+00:00,tt_kelapagading,20.0,25.408825
3,2026-08-20 06:00:00+00:00,tt_kuningan,15.999999,21.51801
3,2026-08-20 06:00:00+00:00,tt_sudirman,21.0,29.314451
3,2026-08-20 06:00:00+00:00,tt_tangerang,38.0,44.000412
3,2026-08-20 06:00:00+00:00,tt_tbsimatupang,27.0,37.97589
3,2026-08-20 06:00:00+00:00,tt_thamrin,12.0,19.865044
3,2026-08-20 07:00:00+00:00,tt_bekasi,15.999999,17.516876
3,2026-08-20 07:00:00+00:00,tt_bogor,36.0,36.394127
3,2026-08-20 07:00:00+00:00,tt_bsd,34.0,32.611923
3,2026-08-20 07:00:00+00:00,tt_cawang,21.0,27.84395
3,2026-08-20 07:00:00+00:00,tt_depok,26.0,28.634102
3,2026-08-20 07:00:00+00:00,tt_gatsu,20.0,42.112568
3,2026-08-20 07:00:00+00:00,tt_grogol,29.0,29.710278
3,2026-08-20 07:00:00+00:00,tt_kebonjeruk,22.0,27.316551
3,2026-08-20 07:00:00+00:00,tt_kelapagading,20.0,24.996069
3,2026-08-20 07:00:00+00:00,tt_kuningan,21.0,21.600899
3,2026-08-20 07:00:00+00:00,tt_sudirman,20.0,29.16815
3,2026-08-20 07:00:00+00:00,tt_tangerang,37.0,44.151836
3,2026-08-20 07:00:00+00:00,tt_tbsimatupang,49.0,46.209564
3,2026-08-20 07:00:00+00:00,tt_thamrin,12.0,17.734539
3,2026-08-20 09:00:00+00:00,tt_bekasi,14.0,16.6692
3,2026-08-20 09:00:00+00:00,tt_bogor,34.0,36.53212
3,2026-08-20 09:00:00+00:00,tt_bsd,28.0,33.207897
3,2026-08-20 09:00:00+00:00,tt_cawang,30.0,28.10707
3,2026-08-20 09:00:00+00:00,tt_depok,26.0,28.369421
3,2026-08-20 09:00:00+00:00,tt_gatsu,32.0,36.2084
3,2026-08-20 09:00:00+00:00,tt_grogol,31.0,29.850342
3,2026-08-20 09:00:00+00:00,tt_kebonjeruk,21.0,26.711468
3,2026-08-20 09:00:00+00:00,tt_kelapagading,21.0,23.58133
3,2026-08-20 09:00:00+00:00,tt_kuningan,13.0,19.653976
3,2026-08-20 09:00:00+00:00,tt_sudirman,23.0,27.171162
3,2026-08-20 09:00:00+00:00,tt_tangerang,34.0,40.58581
3,2026-08-20 09:00:00+00:00,tt_tbsimatupang,47.0,40.018387
3,2026-08-20 09:00:00+00:00,tt_thamrin,18.0,15.925554
3,2026-08-20 11:00:00+00:00,tt_bekasi,18.0,17.007694
3,2026-08-20 11:00:00+00:00,tt_bogor,35.0,35.396362
3,2026-08-20 11:00:00+00:00,tt_bsd,34.0,32.79895
3,2026-08-20 11:00:00+00:00,tt_cawang,33.0,24.579998
3,2026-08-20 11:00:00+00:00,tt_depok,26.0,26.837234
3,2026-08-20 11:00:00+00:00,tt_gatsu,7.0,30.670525
3,2026-08-20 11:00:00+00:00,tt_grogol,29.0,29.841497
3,2026-08-20 11:00:00+00:00,tt_kebonjeruk,18.0,24.496834
3,2026-08-20 11:00:00+00:00,tt_kelapagading,21.0,22.658672
3,2026-08-20 11:00:00+00:00,tt_kuningan,15.999999,21.483389
3,2026-08-20 11:00:00+00:00,tt_sudirman,12.0,24.44032
3,2026-08-20 11:00:00+00:00,tt_tangerang,35.0,37.960644
3,2026-08-20 11:00:00+00:00,tt_tbsimatupang,24.0,47.793907
3,2026-08-20 11:00:00+00:00,tt_thamrin,10.0,14.910513
3,2026-08-20 12:00:00+00:00,tt_bekasi,14.0,16.066446
3,2026-08-20 12:00:00+00:00,tt_bogor,37.0,34.17218
3,2026-08-20 12:00:00+00:00,tt_bsd,34.0,31.17207
3,2026-08-20 12:00:00+00:00,tt_cawang,43.0,26.397858
3,2026-08-20 12:00:00+00:00,tt_depok,24.0,27.277668
3,2026-08-20 12:00:00+00:00,tt_gatsu,10.0,33.145145
3,2026-08-20 12:00:00+00:00,tt_grogol,32.0,30.030958
3,2026-08-20 12:00:00+00:00,tt_kebonjeruk,23.0,24.278973
3,2026-08-20 12:00:00+00:00,tt_kelapagading,21.0,23.192665
3,2026-08-20 12:00:00+00:00,tt_kuningan,13.0,18.668667
3,2026-08-20 12:00:00+00:00,tt_sudirman,22.0,25.544638
3,2026-08-20 12:00:00+00:00,tt_tangerang,48.0,36.398067
3,2026-08-20 12:00:00+00:00,tt_tbsimatupang,40.0,46.625782
3,2026-08-20 12:00:00+00:00,tt_thamrin,9.0,16.881645
3,2026-08-20 14:00:00+00:00,tt_bekasi,18.0,16.873392
3,2026-08-20 14:00:00+00:00,tt_bogor,38.0,34.227257
3,2026-08-20 14:00:00+00:00,tt_bsd,27.0,32.640434
3,2026-08-20 14:00:00+00:00,tt_cawang,32.0,27.189873
3,2026-08-20 14:00:00+00:00,tt_depok,31.0,26.692638
3,2026-08-20 14:00:00+00:00,tt_gatsu,45.0,27.901335
3,2026-08-20 14:00:00+00:00,tt_grogol,40.0,29.662956
3,2026-08-20 14:00:00+00:00,tt_kebonjeruk,28.0,22.431576
3,2026-08-20 14:00:00+00:00,tt_kelapagading,29.0,21.728695
3,2026-08-20 14:00:00+00:00,tt_kuningan,15.999999,17.953789
3,2026-08-20 14:00:00+00:00,tt_sudirman,39.0,21.544395
3,2026-08-20 14:00:00+00:00,tt_tangerang,48.0,35.502785
3,2026-08-20 14:00:00+00:00,tt_tbsimatupang,59.0,36.548878
3,2026-08-20 14:00:00+00:00,tt_thamrin,13.0,14.536903
3,2026-08-20 16:00:00+00:00,tt_bekasi,15.0,15.209835
3,2026-08-20 16:00:00+00:00,tt_bogor,45.0,36.36296
3,2026-08-20 16:00:00+00:00,tt_bsd,34.0,34.45313
3,2026-08-20 16:00:00+00:00,tt_cawang,43.0,37.3619
3,2026-08-20 16:00:00+00:00,tt_depok,31.0,26.253078
3,2026-08-20 16:00:00+00:00,tt_gatsu,45.0,25.218693
3,2026-08-20 16:00:00+00:00,tt_grogol,40.0,31.277197
3,2026-08-20 16:00:00+00:00,tt_kebonjeruk,35.0,24.13565
3,2026-08-20 16:00:00+00:00,tt_kelapagading,29.0,21.981087
3,2026-08-20 16:00:00+00:00,tt_kuningan,21.0,16.295254
3,2026-08-20 16:00:00+00:00,tt_sudirman,39.0,23.5043
3,2026-08-20 16:00:00+00:00,tt_tangerang,48.0,43.717216
3,2026-08-20 16:00:00+00:00,tt_tbsimatupang,72.0,40.205444
3,2026-08-20 16:00:00+00:00,tt_thamrin,22.0,12.397846
3,2026-08-20 17:00:00+00:00,tt_bekasi,18.0,16.762028
3,2026-08-20 17:00:00+00:00,tt_bogor,45.0,36.954845
3,2026-08-20 17:00:00+00:00,tt_bsd,34.0,31.632282
3,2026-08-20 17:00:00+00:00,tt_cawang,43.0,35.293022
3,2026-08-20 17:00:00+00:00,tt_depok,31.0,29.399157
3,2026-08-20 17:00:00+00:00,tt_gatsu,45.0,38.835766
3,2026-08-20 17:00:00+00:00,tt_grogol,40.0,35.15522
3,2026-08-20 17:00:00+00:00,tt_kebonjeruk,35.0,26.806534
3,2026-08-20 17:00:00+00:00,tt_kelapagading,29.0,26.69475
3,2026-08-20 17:00:00+00:00,tt_kuningan,21.0,17.369514
3,2026-08-20 17:00:00+00:00,tt_sudirman,39.0,32.35872
3,2026-08-20 17:00:00+00:00,tt_tangerang,48.0,44.718063
3,2026-08-20 17:00:00+00:00,tt_tbsimatupang,72.0,50.04359
3,2026-08-20 17:00:00+00:00,tt_thamrin,22.0,13.714342
3,2026-08-20 19:00:00+00:00,tt_bekasi,18.0,16.935345
3,2026-08-20 19:00:00+00:00,tt_bogor,45.0,40.127995
3,2026-08-20 19:00:00+00:00,tt_bsd,34.0,32.708458
3,2026-08-20 19:00:00+00:00,tt_cawang,43.0,38.34777
3,2026-08-20 19:00:00+00:00,tt_depok,31.0,30.52316
3,2026-08-20 19:00:00+00:00,tt_gatsu,45.0,43.65707
3,2026-08-20 19:00:00+00:00,tt_grogol,40.0,37.713013
3,2026-08-20 19:00:00+00:00,tt_kebonjeruk,35.0,31.344254
3,2026-08-20 19:00:00+00:00,tt_kelapagading,29.0,28.347687
3,2026-08-20 19:00:00+00:00,tt_kuningan,21.0,19.504288
3,2026-08-20 19:00:00+00:00,tt_sudirman,39.0,36.802135
3,2026-08-20 19:00:00+00:00,tt_tangerang,48.0,45.1156
3,2026-08-20 19:00:00+00:00,tt_tbsimatupang,72.0,58.03643
3,2026-08-20 19:00:00+00:00,tt_thamrin,22.0,18.180893
3,2026-08-20 21:00:00+00:00,tt_bekasi,18.0,18.27191
3,2026-08-20 21:00:00+00:00,tt_bogor,45.0,41.562065
3,2026-08-20 21:00:00+00:00,tt_bsd,34.0,33.38401
3,2026-08-20 21:00:00+00:00,tt_cawang,43.0,40.4476
3,2026-08-20 21:00:00+00:00,tt_depok,31.0,30.087221
3,2026-08-20 21:00:00+00:00,tt_gatsu,45.0,42.67476
3,2026-08-20 21:00:00+00:00,tt_grogol,40.0,38.024586
3,2026-08-20 21:00:00+00:00,tt_kebonjeruk,35.0,33.095856
3,2026-08-20 21:00:00+00:00,tt_kelapagading,29.0,27.93928
3,2026-08-20 21:00:00+00:00,tt_kuningan,21.0,20.478573
3,2026-08-20 21:00:00+00:00,tt_sudirman,39.0,37.091557
3,2026-08-20 21:00:00+00:00,tt_tangerang,48.0,44.680283
3,2026-08-20 21:00:00+00:00,tt_tbsimatupang,72.0,58.334908
3,2026-08-20 21:00:00+00:00,tt_thamrin,22.0,20.188602
3,2026-08-20 22:00:00+00:00,tt_bekasi,18.0,18.43948
3,2026-08-20 22:00:00+00:00,tt_bogor,45.0,41.65159
3,2026-08-20 22:00:00+00:00,tt_bsd,34.0,33.158955
3,2026-08-20 22:00:00+00:00,tt_cawang,43.0,40.595116
3,2026-08-20 22:00:00+00:00,tt_depok,31.0,29.894556
3,2026-08-20 22:00:00+00:00,tt_gatsu,45.0,42.455544
3,2026-08-20 22:00:00+00:00,tt_grogol,40.0,38.040962
3,2026-08-20 22:00:00+00:00,tt_kebonjeruk,35.0,33.279213
3,2026-08-20 22:00:00+00:00,tt_kelapagading,29.0,27.769361
3,2026-08-20 22:00:00+00:00,tt_kuningan,21.0,20.618301
3,2026-08-20 22:00:00+00:00,tt_sudirman,39.0,37.12921
3,2026-08-20 22:00:00+00:00,tt_tangerang,48.0,44.51696
3,2026-08-20 22:00:00+00:00,tt_tbsimatupang,72.0,58.006657
3,2026-08-20 22:00:00+00:00,tt_thamrin,22.0,20.458889
3,2026-08-21 00:00:00+00:00,tt_bekasi,18.0,18.716469
3,2026-08-21 00:00:00+00:00,tt_bogor,35.0,41.720196
3,2026-08-21 00:00:00+00:00,tt_bsd,29.0,32.803596
3,2026-08-21 00:00:00+00:00,tt_cawang,18.0,40.62503
3,2026-08-21 00:00:00+00:00,tt_depok,25.0,29.685856
3,2026-08-21 00:00:00+00:00,tt_gatsu,45.0,42.211037
3,2026-08-21 00:00:00+00:00,tt_grogol,34.0,38.08809
3,2026-08-21 00:00:00+00:00,tt_kebonjeruk,25.0,33.562347
3,2026-08-21 00:00:00+00:00,tt_kelapagading,26.0,27.63517
3,2026-08-21 00:00:00+00:00,tt_kuningan,21.0,21.160187
3,2026-08-21 00:00:00+00:00,tt_sudirman,31.0,37.28069
3,2026-08-21 00:00:00+00:00,tt_tangerang,37.0,44.32528
3,2026-08-21 00:00:00+00:00,tt_tbsimatupang,32.0,57.40854
3,2026-08-21 00:00:00+00:00,tt_thamrin,22.0,20.990005
3,2026-08-21 02:00:00+00:00,tt_bekasi,17.0,18.961584
3,2026-08-21 02:00:00+00:00,tt_bogor,37.0,41.792965
3,2026-08-21 02:00:00+00:00,tt_bsd,28.0,32.609184
3,2026-08-21 02:00:00+00:00,tt_cawang,19.0,40.602783
3,2026-08-21 02:00:00+00:00,tt_depok,26.0,29.60245
3,2026-08-21 02:00:00+00:00,tt_gatsu,45.0,42.14402
3,2026-08-21 02:00:00+00:00,tt_grogol,31.0,38.151814
3,2026-08-21 02:00:00+00:00,tt_kebonjeruk,26.0,33.820004
3,2026-08-21 02:00:00+00:00,tt_kelapagading,29.0,27.589668
3,2026-08-21 02:00:00+00:00,tt_kuningan,21.0,21.751759
3,2026-08-21 02:00:00+00:00,tt_sudirman,23.0,37.40069
3,2026-08-21 02:00:00+00:00,tt_tangerang,37.0,44.227776
3,2026-08-21 02:00:00+00:00,tt_tbsimatupang,37.0,56.9632
3,2026-08-21 02:00:00+00:00,tt_thamrin,22.0,21.892696
3,2026-08-21 03:00:00+00:00,tt_bekasi,15.0,18.864094
3,2026-08-21 03:00:00+00:00,tt_bogor,38.0,37.355045
3,2026-08-21 03:00:00+00:00,tt_bsd,34.0,29.330578
3,2026-08-21 03:00:00+00:00,tt_cawang,21.0,33.253647
3,2026-08-21 03:00:00+00:00,tt_depok,31.0,27.32911
3,2026-08-21 03:00:00+00:00,tt_gatsu,45.0,40.92555
3,2026-08-21 03:00:00+00:00,tt_grogol,27.0,35.360046
3,2026-08-21 03:00:00+00:00,tt_kebonjeruk,24.0,29.636763
3,2026-08-21 03:00:00+00:00,tt_kelapagading,23.0,26.018883
3,2026-08-21 03:00:00+00:00,tt_kuningan,15.999999,21.576784
3,2026-08-21 03:00:00+00:00,tt_sudirman,28.0,33.093067
3,2026-08-21 03:00:00+00:00,tt_tangerang,48.0,39.25649
3,2026-08-21 03:00:00+00:00,tt_tbsimatupang,48.0,42.42769
3,2026-08-21 03:00:00+00:00,tt_thamrin,15.999999,22.179733
3,2026-08-21 05:00:00+00:00,tt_bekasi,15.999999,18.538399
3,2026-08-21 05:00:00+00:00,tt_bogor,45.0,36.3335
3,2026-08-21 05:00:00+00:00,tt_bsd,34.0,28.081219
3,2026-08-21 05:00:00+00:00,tt_cawang,43.0,29.590336
3,2026-08-21 05:00:00+00:00,tt_depok,31.0,27.009953
3,2026-08-21 05:00:00+00:00,tt_gatsu,45.0,41.379555
3,2026-08-21 05:00:00+00:00,tt_grogol,32.0,32.683514
3,2026-08-21 05:00:00+00:00,tt_kebonjeruk,27.0,27.948442
3,2026-08-21 05:00:00+00:00,tt_kelapagading,23.0,26.685503
3,2026-08-21 05:00:00+00:00,tt_kuningan,21.0,21.658516
3,2026-08-21 05:00:00+00:00,tt_sudirman,34.0,29.451141
3,2026-08-21 05:00:00+00:00,tt_tangerang,48.0,37.43236
3,2026-08-21 05:00:00+00:00,tt_tbsimatupang,72.0,41.051456
3,2026-08-21 05:00:00+00:00,tt_thamrin,21.0,22.49858
3,2026-08-21 07:00:00+00:00,tt_bekasi,14.0,16.999119
3,2026-08-21 07:00:00+00:00,tt_bogor,35.0,37.429173
3,2026-08-21 07:00:00+00:00,tt_bsd,34.0,32.450424
3,2026-08-21 07:00:00+00:00,tt_cawang,28.0,29.594957
3,2026-08-21 07:00:00+00:00,tt_depok,25.0,29.607805
3,2026-08-21 07:00:00+00:00,tt_gatsu,36.0,42.4189
3,2026-08-21 07:00:00+00:00,tt_grogol,28.0,30.530685
3,2026-08-21 07:00:00+00:00,tt_kebonjeruk,21.0,27.199749
3,2026-08-21 07:00:00+00:00,tt_kelapagading,20.0,25.603466
3,2026-08-21 07:00:00+00:00,tt_kuningan,21.0,19.124847
3,2026-08-21 07:00:00+00:00,tt_sudirman,18.0,29.73406
3,2026-08-21 07:00:00+00:00,tt_tangerang,39.0,43.855892
3,2026-08-21 07:00:00+00:00,tt_tbsimatupang,52.0,46.80148
3,2026-08-21 07:00:00+00:00,tt_thamrin,18.0,19.24467
3,2026-08-21 08:00:00+00:00,tt_bekasi,15.999999,17.616367
3,2026-08-21 08:00:00+00:00,tt_bogor,34.0,40.692963
3,2026-08-21 08:00:00+00:00,tt_bsd,34.0,33.70674
3,2026-08-21 08:00:00+00:00,tt_cawang,31.0,37.745937
3,2026-08-21 08:00:00+00:00,tt_depok,25.0,30.185179
3,2026-08-21 08:00:00+00:00,tt_gatsu,35.0,43.17276
3,2026-08-21 08:00:00+00:00,tt_grogol,29.0,32.139954
3,2026-08-21 08:00:00+00:00,tt_kebonjeruk,24.0,28.729801
3,2026-08-21 08:00:00+00:00,tt_kelapagading,21.0,26.25777
3,2026-08-21 08:00:00+00:00,tt_kuningan,17.0,21.07911
3,2026-08-21 08:00:00+00:00,tt_sudirman,24.0,33.19085
3,2026-08-21 08:00:00+00:00,tt_tangerang,40.0,44.8438
3,2026-08-21 08:00:00+00:00,tt_tbsimatupang,38.0,57.351246
3,2026-08-21 08:00:00+00:00,tt_thamrin,10.0,20.97476
3,2026-08-21 10:00:00+00:00,tt_bekasi,15.0,16.691376
3,2026-08-21 10:00:00+00:00,tt_bogor,32.0,37.512615
3,2026-08-21 10:00:00+00:00,tt_bsd,34.0,32.903774
3,2026-08-21 10:00:00+00:00,tt_cawang,22.0,34.491142
3,2026-08-21 10:00:00+00:00,tt_depok,24.0,27.813217
3,2026-08-21 10:00:00+00:00,tt_gatsu,34.0,38.339584
3,2026-08-21 10:00:00+00:00,tt_grogol,32.0,30.607359
3,2026-08-21 10:00:00+00:00,tt_kebonjeruk,20.0,26.160896
3,2026-08-21 10:00:00+00:00,tt_kelapagading,19.0,24.168869
3,2026-08-21 10:00:00+00:00,tt_kuningan,13.0,21.469128
3,2026-08-21 10:00:00+00:00,tt_sudirman,22.0,28.72281
3,2026-08-21 10:00:00+00:00,tt_tangerang,29.0,40.599678
3,2026-08-21 10:00:00+00:00,tt_tbsimatupang,27.0,51.01365
3,2026-08-21 10:00:00+00:00,tt_thamrin,19.0,20.199583
6,2026-08-18 07:00:00+00:00,tt_bekasi,15.0,18.607924
6,2026-08-18 07:00:00+00:00,tt_bogor,34.0,36.100113
6,2026-08-18 07:00:00+00:00,tt_bsd,30.0,30.949581
6,2026-08-18 07:00:00+00:00,tt_cawang,43.0,32.157883
6,2026-08-18 07:00:00+00:00,tt_depok,31.0,28.004847
6,2026-08-18 07:00:00+00:00,tt_gatsu,45.0,39.96941
6,2026-08-18 07:00:00+00:00,tt_grogol,32.0,32.873745
6,2026-08-18 07:00:00+00:00,tt_kebonjeruk,25.0,30.897766
6,2026-08-18 07:00:00+00:00,tt_kelapagading,22.0,27.24698
6,2026-08-18 07:00:00+00:00,tt_kuningan,15.0,22.577915
6,2026-08-18 07:00:00+00:00,tt_sudirman,28.0,33.499794
6,2026-08-18 07:00:00+00:00,tt_tangerang,38.0,38.33528
6,2026-08-18 07:00:00+00:00,tt_tbsimatupang,57.0,42.420982
6,2026-08-18 07:00:00+00:00,tt_thamrin,22.0,21.942562
6,2026-08-18 09:00:00+00:00,tt_bekasi,14.0,18.428139
6,2026-08-18 09:00:00+00:00,tt_bogor,35.0,36.34873
6,2026-08-18 09:00:00+00:00,tt_bsd,28.0,32.57448
6,2026-08-18 09:00:00+00:00,tt_cawang,29.0,30.10255
6,2026-08-18 09:00:00+00:00,tt_depok,24.0,29.1543
6,2026-08-18 09:00:00+00:00,tt_gatsu,45.0,36.016354
6,2026-08-18 09:00:00+00:00,tt_grogol,32.0,31.673233
6,2026-08-18 09:00:00+00:00,tt_kebonjeruk,23.0,29.553007
6,2026-08-18 09:00:00+00:00,tt_kelapagading,23.0,27.138958
6,2026-08-18 09:00:00+00:00,tt_kuningan,21.0,22.381668
6,2026-08-18 09:00:00+00:00,tt_sudirman,31.0,30.947344
6,2026-08-18 09:00:00+00:00,tt_tangerang,38.0,42.142662
6,2026-08-18 09:00:00+00:00,tt_tbsimatupang,43.0,39.24151
6,2026-08-18 09:00:00+00:00,tt_thamrin,22.0,21.054438
6,2026-08-18 10:00:00+00:00,tt_bekasi,14.0,18.015
6,2026-08-18 10:00:00+00:00,tt_bogor,35.0,35.12329
6,2026-08-18 10:00:00+00:00,tt_bsd,34.0,31.428202
6,2026-08-18 10:00:00+00:00,tt_cawang,30.0,29.14042
6,2026-08-18 10:00:00+00:00,tt_depok,25.0,29.378368
6,2026-08-18 10:00:00+00:00,tt_gatsu,3.999998,35.3915
6,2026-08-18 10:00:00+00:00,tt_grogol,31.0,31.102907
6,2026-08-18 10:00:00+00:00,tt_kebonjeruk,21.0,29.05728
6,2026-08-18 10:00:00+00:00,tt_kelapagading,21.0,27.772758
6,2026-08-18 10:00:00+00:00,tt_kuningan,14.0,21.53591
6,2026-08-18 10:00:00+00:00,tt_sudirman,23.0,30.440916
6,2026-08-18 10:00:00+00:00,tt_tangerang,34.0,39.68646
6,2026-08-18 10:00:00+00:00,tt_tbsimatupang,44.0,50.622364
6,2026-08-18 10:00:00+00:00,tt_thamrin,22.0,20.86341
6,2026-08-18 12:00:00+00:00,tt_bekasi,14.0,17.841633
6,2026-08-18 12:00:00+00:00,tt_bogor,35.0,36.744423
6,2026-08-18 12:00:00+00:00,tt_bsd,34.0,30.915987
6,2026-08-18 12:00:00+00:00,tt_cawang,34.0,29.639326
6,2026-08-18 12:00:00+00:00,tt_depok,26.0,28.943516
6,2026-08-18 12:00:00+00:00,tt_gatsu,45.0,41.077614
6,2026-08-18 12:00:00+00:00,tt_grogol,32.0,34.444893
6,2026-08-18 12:00:00+00:00,tt_kebonjeruk,25.0,27.76551
6,2026-08-18 12:00:00+00:00,tt_kelapagading,22.0,27.174551
6,2026-08-18 12:00:00+00:00,tt_kuningan,13.0,22.285753
6,2026-08-18 12:00:00+00:00,tt_sudirman,29.0,31.643396
6,2026-08-18 12:00:00+00:00,tt_tangerang,48.0,39.886204
6,2026-08-18 12:00:00+00:00,tt_tbsimatupang,72.0,50.403175
6,2026-08-18 12:00:00+00:00,tt_thamrin,17.0,21.139656
6,2026-08-18 14:00:00+00:00,tt_bekasi,15.999999,17.374903
6,2026-08-18 14:00:00+00:00,tt_bogor,45.0,34.86687
6,2026-08-18 14:00:00+00:00,tt_bsd,34.0,30.978245
6,2026-08-18 14:00:00+00:00,tt_cawang,32.0,36.75548
6,2026-08-18 14:00:00+00:00,tt_depok,26.0,30.199661
6,2026-08-18 14:00:00+00:00,tt_gatsu,45.0,42.04278
6,2026-08-18 14:00:00+00:00,tt_grogol,40.0,32.698227
6,2026-08-18 14:00:00+00:00,tt_kebonjeruk,31.0,28.104387
6,2026-08-18 14:00:00+00:00,tt_kelapagading,29.0,26.98312
6,2026-08-18 14:00:00+00:00,tt_kuningan,15.999999,20.419363
6,2026-08-18 14:00:00+00:00,tt_sudirman,30.0,30.988155
6,2026-08-18 14:00:00+00:00,tt_tangerang,48.0,38.314095
6,2026-08-18 14:00:00+00:00,tt_tbsimatupang,72.0,49.75224
6,2026-08-18 14:00:00+00:00,tt_thamrin,22.0,21.771387
6,2026-08-18 15:00:00+00:00,tt_bekasi,15.999999,17.176304
6,2026-08-18 15:00:00+00:00,tt_bogor,45.0,34.709667
6,2026-08-18 15:00:00+00:00,tt_bsd,34.0,30.232273
6,2026-08-18 15:00:00+00:00,tt_cawang,43.0,34.030674
6,2026-08-18 15:00:00+00:00,tt_depok,31.0,29.150185
6,2026-08-18 15:00:00+00:00,tt_gatsu,45.0,41.897633
6,2026-08-18 15:00:00+00:00,tt_grogol,40.0,32.29352
6,2026-08-18 15:00:00+00:00,tt_kebonjeruk,35.0,27.256857
6,2026-08-18 15:00:00+00:00,tt_kelapagading,29.0,26.831242
6,2026-08-18 15:00:00+00:00,tt_kuningan,21.0,21.164396
6,2026-08-18 15:00:00+00:00,tt_sudirman,39.0,30.72758
6,2026-08-18 15:00:00+00:00,tt_tangerang,48.0,37.730762
6,2026-08-18 15:00:00+00:00,tt_tbsimatupang,72.0,45.86869
6,2026-08-18 15:00:00+00:00,tt_thamrin,22.0,21.896465
6,2026-08-18 17:00:00+00:00,tt_bekasi,17.0,16.674143
6,2026-08-18 17:00:00+00:00,tt_bogor,45.0,34.19371
6,2026-08-18 17:00:00+00:00,tt_bsd,34.0,32.042
6,2026-08-18 17:00:00+00:00,tt_cawang,43.0,31.170162
6,2026-08-18 17:00:00+00:00,tt_depok,31.0,27.314756
6,2026-08-18 17:00:00+00:00,tt_gatsu,45.0,37.18772
6,2026-08-18 17:00:00+00:00,tt_grogol,40.0,31.2407
6,2026-08-18 17:00:00+00:00,tt_kebonjeruk,35.0,25.02528
6,2026-08-18 17:00:00+00:00,tt_kelapagading,29.0,24.919376
6,2026-08-18 17:00:00+00:00,tt_kuningan,21.0,19.247765
6,2026-08-18 17:00:00+00:00,tt_sudirman,39.0,27.379938
6,2026-08-18 17:00:00+00:00,tt_tangerang,48.0,35.316784
6,2026-08-18 17:00:00+00:00,tt_tbsimatupang,72.0,42.130527
6,2026-08-18 17:00:00+00:00,tt_thamrin,22.0,22.22562
6,2026-08-18 19:00:00+00:00,tt_bekasi,17.0,16.29268
6,2026-08-18 19:00:00+00:00,tt_bogor,45.0,34.56121
6,2026-08-18 19:00:00+00:00,tt_bsd,34.0,32.991516
6,2026-08-18 19:00:00+00:00,tt_cawang,43.0,34.09765
6,2026-08-18 19:00:00+00:00,tt_depok,31.0,28.615284
6,2026-08-18 19:00:00+00:00,tt_gatsu,45.0,45.290802
6,2026-08-18 19:00:00+00:00,tt_grogol,40.0,31.890793
6,2026-08-18 19:00:00+00:00,tt_kebonjeruk,35.0,26.347878
6,2026-08-18 19:00:00+00:00,tt_kelapagading,29.0,25.98818
6,2026-08-18 19:00:00+00:00,tt_kuningan,21.0,18.117605
6,2026-08-18 19:00:00+00:00,tt_sudirman,39.0,29.399189
6,2026-08-18 19:00:00+00:00,tt_tangerang,48.0,42.412292
6,2026-08-18 19:00:00+00:00,tt_tbsimatupang,72.0,54.29617
6,2026-08-18 19:00:00+00:00,tt_thamrin,22.0,20.982307
6,2026-08-18 20:00:00+00:00,tt_bekasi,17.0,16.893658
6,2026-08-18 20:00:00+00:00,tt_bogor,45.0,38.141872
6,2026-08-18 20:00:00+00:00,tt_bsd,34.0,33.057762
6,2026-08-18 20:00:00+00:00,tt_cawang,43.0,33.860188
6,2026-08-18 20:00:00+00:00,tt_depok,31.0,28.5333
6,2026-08-18 20:00:00+00:00,tt_gatsu,45.0,45.162094
6,2026-08-18 20:00:00+00:00,tt_grogol,40.0,34.93238
6,2026-08-18 20:00:00+00:00,tt_kebonjeruk,35.0,27.929989
6,2026-08-18 20:00:00+00:00,tt_kelapagading,29.0,27.268425
6,2026-08-18 20:00:00+00:00,tt_kuningan,21.0,18.38153
6,2026-08-18 20:00:00+00:00,tt_sudirman,39.0,29.940037
6,2026-08-18 20:00:00+00:00,tt_tangerang,48.0,43.193645
6,2026-08-18 20:00:00+00:00,tt_tbsimatupang,72.0,53.890984
6,2026-08-18 20:00:00+00:00,tt_thamrin,22.0,22.077068
6,2026-08-18 22:00:00+00:00,tt_bekasi,17.0,17.447367
6,2026-08-18 22:00:00+00:00,tt_bogor,45.0,39.914207
6,2026-08-18 22:00:00+00:00,tt_bsd,34.0,32.991116
6,2026-08-18 22:00:00+00:00,tt_cawang,43.0,38.69225
6,2026-08-18 22:00:00+00:00,tt_depok,31.0,29.581936
6,2026-08-18 22:00:00+00:00,tt_gatsu,45.0,43.85385
6,2026-08-18 22:00:00+00:00,tt_grogol,40.0,36.65178
6,2026-08-18 22:00:00+00:00,tt_kebonjeruk,35.0,31.84071
6,2026-08-18 22:00:00+00:00,tt_kelapagading,29.0,27.84822
6,2026-08-18 22:00:00+00:00,tt_kuningan,21.0,20.211864
6,2026-08-18 22:00:00+00:00,tt_sudirman,39.0,35.167618
6,2026-08-18 22:00:00+00:00,tt_tangerang,48.0,42.992004
6,2026-08-18 22:00:00+00:00,tt_tbsimatupang,72.0,51.94454
6,2026-08-18 22:00:00+00:00,tt_thamrin,22.0,22.756905
6,2026-08-19 00:00:00+00:00,tt_bekasi,15.0,18.017693
6,2026-08-19 00:00:00+00:00,tt_bogor,35.0,39.90275
6,2026-08-19 00:00:00+00:00,tt_bsd,29.0,32.515903
6,2026-08-19 00:00:00+00:00,tt_cawang,20.0,39.238056
6,2026-08-19 00:00:00+00:00,tt_depok,31.0,29.368813
6,2026-08-19 00:00:00+00:00,tt_gatsu,45.0,42.20269
6,2026-08-19 00:00:00+00:00,tt_grogol,40.0,36.7435
6,2026-08-19 00:00:00+00:00,tt_kebonjeruk,27.0,32.612476
6,2026-08-19 00:00:00+00:00,tt_kelapagading,29.0,27.572365
6,2026-08-19 00:00:00+00:00,tt_kuningan,21.0,20.882921
6,2026-08-19 00:00:00+00:00,tt_sudirman,39.0,35.73365
6,2026-08-19 00:00:00+00:00,tt_tangerang,48.0,42.400795
6,2026-08-19 00:00:00+00:00,tt_tbsimatupang,39.0,50.66604
6,2026-08-19 00:00:00+00:00,tt_thamrin,19.0,22.913355
6,2026-08-19 01:00:00+00:00,tt_bekasi,15.999999,18.219418
6,2026-08-19 01:00:00+00:00,tt_bogor,37.0,39.894966
6,2026-08-19 01:00:00+00:00,tt_bsd,34.0,32.348843
6,2026-08-19 01:00:00+00:00,tt_cawang,13.0,39.07554
6,2026-08-19 01:00:00+00:00,tt_depok,27.0,29.2454
6,2026-08-19 01:00:00+00:00,tt_gatsu,13.0,41.570847
6,2026-08-19 01:00:00+00:00,tt_grogol,32.0,36.78621
6,2026-08-19 01:00:00+00:00,tt_kebonjeruk,25.0,32.78298
6,2026-08-19 01:00:00+00:00,tt_kelapagading,29.0,27.457928
6,2026-08-19 01:00:00+00:00,tt_kuningan,21.0,21.239294
6,2026-08-19 01:00:00+00:00,tt_sudirman,22.0,35.844803
6,2026-08-19 01:00:00+00:00,tt_tangerang,39.0,42.22609
6,2026-08-19 01:00:00+00:00,tt_tbsimatupang,18.0,50.214867
6,2026-08-19 01:00:00+00:00,tt_thamrin,22.0,22.949722
6,2026-08-19 03:00:00+00:00,tt_bekasi,15.999999,18.635769
6,2026-08-19 03:00:00+00:00,tt_bogor,37.0,39.9209
6,2026-08-19 03:00:00+00:00,tt_bsd,34.0,32.07306
6,2026-08-19 03:00:00+00:00,tt_cawang,20.0,39.032116
6,2026-08-19 03:00:00+00:00,tt_depok,31.0,29.158035
6,2026-08-19 03:00:00+00:00,tt_gatsu,45.0,40.607723
6,2026-08-19 03:00:00+00:00,tt_grogol,31.0,36.88658
6,2026-08-19 03:00:00+00:00,tt_kebonjeruk,23.0,33.13794
6,2026-08-19 03:00:00+00:00,tt_kelapagading,29.0,27.352964
6,2026-08-19 03:00:00+00:00,tt_kuningan,15.999999,21.89819
6,2026-08-19 03:00:00+00:00,tt_sudirman,24.0,35.998432
6,2026-08-19 03:00:00+00:00,tt_tangerang,40.0,42.018585
6,2026-08-19 03:00:00+00:00,tt_tbsimatupang,33.0,49.700443
6,2026-08-19 03:00:00+00:00,tt_thamrin,20.0,23.076328
6,2026-08-19 05:00:00+00:00,tt_bekasi,15.0,18.994307
6,2026-08-19 05:00:00+00:00,tt_bogor,32.0,39.95926
6,2026-08-19 05:00:00+00:00,tt_bsd,34.0,31.772001
6,2026-08-19 05:00:00+00:00,tt_cawang,17.0,39.16504
6,2026-08-19 05:00:00+00:00,tt_depok,31.0,29.108936
6,2026-08-19 05:00:00+00:00,tt_gatsu,45.0,40.159378
6,2026-08-19 05:00:00+00:00,tt_grogol,31.0,37.01154
6,2026-08-19 05:00:00+00:00,tt_kebonjeruk,24.0,33.387215
6,2026-08-19 05:00:00+00:00,tt_kelapagading,21.0,27.26423
6,2026-08-19 05:00:00+00:00,tt_kuningan,17.0,22.641113
6,2026-08-19 05:00:00+00:00,tt_sudirman,27.0,36.176556
6,2026-08-19 05:00:00+00:00,tt_tangerang,40.0,41.888344
6,2026-08-19 05:00:00+00:00,tt_tbsimatupang,43.0,49.480614
6,2026-08-19 05:00:00+00:00,tt_thamrin,17.0,23.3101
6,2026-08-19 06:00:00+00:00,tt_bekasi,18.0,18.54898
6,2026-08-19 06:00:00+00:00,tt_bogor,35.0,37.45375
6,2026-08-19 06:00:00+00:00,tt_bsd,34.0,30.194803
6,2026-08-19 06:00:00+00:00,tt_cawang,19.0,36.462112
6,2026-08-19 06:00:00+00:00,tt_depok,27.0,28.788593
6,2026-08-19 06:00:00+00:00,tt_gatsu,30.0,39.855705
6,2026-08-19 06:00:00+00:00,tt_grogol,27.0,36.944553
6,2026-08-19 06:00:00+00:00,tt_kebonjeruk,21.0,31.685837
6,2026-08-19 06:00:00+00:00,tt_kelapagading,21.0,26.950682
6,2026-08-19 06:00:00+00:00,tt_kuningan,21.0,22.651867
6,2026-08-19 06:00:00+00:00,tt_sudirman,18.0,35.898106
6,2026-08-19 06:00:00+00:00,tt_tangerang,38.0,41.624733
6,2026-08-19 06:00:00+00:00,tt_tbsimatupang,48.0,44.521496
6,2026-08-19 06:00:00+00:00,tt_thamrin,13.0,22.694977
6,2026-08-19 08:00:00+00:00,tt_bekasi,15.0,18.536268
6,2026-08-19 08:00:00+00:00,tt_bogor,34.0,36.34478
6,2026-08-19 08:00:00+00:00,tt_bsd,28.0,30.749126
6,2026-08-19 08:00:00+00:00,tt_cawang,32.0,32.059586
6,2026-08-19 08:00:00+00:00,tt_depok,25.0,27.135609
6,2026-08-19 08:00:00+00:00,tt_gatsu,26.0,34.761505
6,2026-08-19 08:00:00+00:00,tt_grogol,27.0,33.998154
6,2026-08-19 08:00:00+00:00,tt_kebonjeruk,18.0,29.08131
6,2026-08-19 08:00:00+00:00,tt_kelapagading,22.0,25.968624
6,2026-08-19 08:00:00+00:00,tt_kuningan,21.0,22.469398
6,2026-08-19 08:00:00+00:00,tt_sudirman,22.0,31.307426
6,2026-08-19 08:00:00+00:00,tt_tangerang,48.0,38.777447
6,2026-08-19 08:00:00+00:00,tt_tbsimatupang,32.0,41.052277
6,2026-08-19 08:00:00+00:00,tt_thamrin,8.0,23.142208
6,2026-08-19 10:00:00+00:00,tt_bekasi,13.0,18.230606
6,2026-08-19 10:00:00+00:00,tt_bogor,30.0,36.21227
6,2026-08-19 10:00:00+00:00,tt_bsd,34.0,32.481953
6,2026-08-19 10:00:00+00:00,tt_cawang,43.0,30.976452
6,2026-08-19 10:00:00+00:00,tt_depok,23.0,29.469355
6,2026-08-19 10:00:00+00:00,tt_gatsu,23.0,43.04823
6,2026-08-19 10:00:00+00:00,tt_grogol,30.0,32.56254
6,2026-08-19 10:00:00+00:00,tt_kebonjeruk,19.0,28.473156
6,2026-08-19 10:00:00+00:00,tt_kelapagading,22.0,27.736176
6,2026-08-19 10:00:00+00:00,tt_kuningan,15.999999,20.89304
6,2026-08-19 10:00:00+00:00,tt_sudirman,19.0,30.74045
6,2026-08-19 10:00:00+00:00,tt_tangerang,28.0,39.100746
6,2026-08-19 10:00:00+00:00,tt_tbsimatupang,34.0,41.484722
6,2026-08-19 10:00:00+00:00,tt_thamrin,17.0,22.452099
6,2026-08-19 11:00:00+00:00,tt_bekasi,18.0,17.845123
6,2026-08-19 11:00:00+00:00,tt_bogor,33.0,34.76602
6,2026-08-19 11:00:00+00:00,tt_bsd,27.0,32.8728
6,2026-08-19 11:00:00+00:00,tt_cawang,43.0,29.870329
6,2026-08-19 11:00:00+00:00,tt_depok,25.0,29.790852
6,2026-08-19 11:00:00+00:00,tt_gatsu,35.0,43.54463
6,2026-08-19 11:00:00+00:00,tt_grogol,32.0,32.17129
6,2026-08-19 11:00:00+00:00,tt_kebonjeruk,21.0,27.980234
6,2026-08-19 11:00:00+00:00,tt_kelapagading,20.0,27.176994
6,2026-08-19 11:00:00+00:00,tt_kuningan,15.999999,20.66429
6,2026-08-19 11:00:00+00:00,tt_sudirman,15.999999,30.430347
6,2026-08-19 11:00:00+00:00,tt_tangerang,26.0,38.91181
6,2026-08-19 11:00:00+00:00,tt_tbsimatupang,44.0,43.9001
6,2026-08-19 11:00:00+00:00,tt_thamrin,10.0,21.590464
6,2026-08-19 13:00:00+00:00,tt_bekasi,18.0,18.544966
6,2026-08-19 13:00:00+00:00,tt_bogor,45.0,34.836655
6,2026-08-19 13:00:00+00:00,tt_bsd,34.0,33.114964
6,2026-08-19 13:00:00+00:00,tt_cawang,43.0,27.163548
6,2026-08-19 13:00:00+00:00,tt_depok,25.0,28.738207
6,2026-08-19 13:00:00+00:00,tt_gatsu,45.0,38.011436
6,2026-08-19 13:00:00+00:00,tt_grogol,31.0,30.808285
6,2026-08-19 13:00:00+00:00,tt_kebonjeruk,27.0,26.067387
6,2026-08-19 13:00:00+00:00,tt_kelapagading,23.0,25.79233
6,2026-08-19 13:00:00+00:00,tt_kuningan,13.0,21.717453
6,2026-08-19 13:00:00+00:00,tt_sudirman,30.0,27.397661
6,2026-08-19 13:00:00+00:00,tt_tangerang,48.0,37.831467
6,2026-08-19 13:00:00+00:00,tt_tbsimatupang,72.0,45.836082
6,2026-08-19 13:00:00+00:00,tt_thamrin,20.0,19.4505
6,2026-08-19 15:00:00+00:00,tt_bekasi,15.999999,17.676384
6,2026-08-19 15:00:00+00:00,tt_bogor,38.0,34.34106
6,2026-08-19 15:00:00+00:00,tt_bsd,34.0,32.080303
6,2026-08-19 15:00:00+00:00,tt_cawang,32.0,28.758686
6,2026-08-19 15:00:00+00:00,tt_depok,31.0,28.274471
6,2026-08-19 15:00:00+00:00,tt_gatsu,45.0,35.13664
6,2026-08-19 15:00:00+00:00,tt_grogol,40.0,30.046808
6,2026-08-19 15:00:00+00:00,tt_kebonjeruk,31.0,24.44069
6,2026-08-19 15:00:00+00:00,tt_kelapagading,29.0,25.194635
6,2026-08-19 15:00:00+00:00,tt_kuningan,21.0,21.594952
6,2026-08-19 15:00:00+00:00,tt_sudirman,29.0,26.671608
6,2026-08-19 15:00:00+00:00,tt_tangerang,48.0,42.035194
6,2026-08-19 15:00:00+00:00,tt_tbsimatupang,72.0,39.547165
6,2026-08-19 15:00:00+00:00,tt_thamrin,21.0,16.703033
6,2026-08-19 16:00:00+00:00,tt_bekasi,18.0,17.120144
6,2026-08-19 16:00:00+00:00,tt_bogor,45.0,32.458244
6,2026-08-19 16:00:00+00:00,tt_bsd,34.0,33.137585
6,2026-08-19 16:00:00+00:00,tt_cawang,43.0,32.61521
6,2026-08-19 16:00:00+00:00,tt_depok,31.0,27.739933
6,2026-08-19 16:00:00+00:00,tt_gatsu,45.0,33.52212
6,2026-08-19 16:00:00+00:00,tt_grogol,40.0,30.12455
6,2026-08-19 16:00:00+00:00,tt_kebonjeruk,35.0,24.016033
6,2026-08-19 16:00:00+00:00,tt_kelapagading,29.0,24.916012
6,2026-08-19 16:00:00+00:00,tt_kuningan,21.0,20.592472
6,2026-08-19 16:00:00+00:00,tt_sudirman,39.0,25.787823
6,2026-08-19 16:00:00+00:00,tt_tangerang,48.0,38.65492
6,2026-08-19 16:00:00+00:00,tt_tbsimatupang,72.0,37.965706
6,2026-08-19 16:00:00+00:00,tt_thamrin,22.0,17.756695
6,2026-08-19 18:00:00+00:00,tt_bekasi,18.0,18.082458
6,2026-08-19 18:00:00+00:00,tt_bogor,45.0,32.269096
6,2026-08-19 18:00:00+00:00,tt_bsd,34.0,31.385752
6,2026-08-19 18:00:00+00:00,tt_cawang,43.0,36.202267
6,2026-08-19 18:00:00+00:00,tt_depok,31.0,27.899479
6,2026-08-19 18:00:00+00:00,tt_gatsu,45.0,34.526424
6,2026-08-19 18:00:00+00:00,tt_grogol,40.0,30.677217
6,2026-08-19 18:00:00+00:00,tt_kebonjeruk,35.0,23.53854
6,2026-08-19 18:00:00+00:00,tt_kelapagading,29.0,24.241693
6,2026-08-19 18:00:00+00:00,tt_kuningan,21.0,19.863846
6,2026-08-19 18:00:00+00:00,tt_sudirman,39.0,23.213009
6,2026-08-19 18:00:00+00:00,tt_tangerang,44.0,34.93624
6,2026-08-19 18:00:00+00:00,tt_tbsimatupang,72.0,40.779385
6,2026-08-19 18:00:00+00:00,tt_thamrin,22.0,15.592129
6,2026-08-19 20:00:00+00:00,tt_bekasi,18.0,18.731714
6,2026-08-19 20:00:00+00:00,tt_bogor,45.0,40.334282
6,2026-08-19 20:00:00+00:00,tt_bsd,34.0,33.492676
6,2026-08-19 20:00:00+00:00,tt_cawang,43.0,39.6719
6,2026-08-19 20:00:00+00:00,tt_depok,31.0,28.144234
6,2026-08-19 20:00:00+00:00,tt_gatsu,45.0,41.032898
6,2026-08-19 20:00:00+00:00,tt_grogol,40.0,31.06202
6,2026-08-19 20:00:00+00:00,tt_kebonjeruk,35.0,25.92129
6,2026-08-19 20:00:00+00:00,tt_kelapagading,29.0,25.568443
6,2026-08-19 20:00:00+00:00,tt_kuningan,21.0,18.71067
6,2026-08-19 20:00:00+00:00,tt_sudirman,39.0,27.032692
6,2026-08-19 20:00:00+00:00,tt_tangerang,48.0,43.658386
6,2026-08-19 20:00:00+00:00,tt_tbsimatupang,72.0,54.849182
6,2026-08-19 20:00:00+00:00,tt_thamrin,22.0,18.156113
6,2026-08-19 21:00:00+00:00,tt_bekasi,18.0,18.582098
6,2026-08-19 21:00:00+00:00,tt_bogor,45.0,38.825153
6,2026-08-19 21:00:00+00:00,tt_bsd,34.0,33.353935
6,2026-08-19 21:00:00+00:00,tt_cawang,43.0,37.50622
6,2026-08-19 21:00:00+00:00,tt_depok,31.0,29.067081
6,2026-08-19 21:00:00+00:00,tt_gatsu,45.0,41.32637
6,2026-08-19 21:00:00+00:00,tt_grogol,40.0,34.15409
6,2026-08-19 21:00:00+00:00,tt_kebonjeruk,35.0,27.234608
6,2026-08-19 21:00:00+00:00,tt_kelapagading,29.0,26.64162
6,2026-08-19 21:00:00+00:00,tt_kuningan,21.0,20.284887
6,2026-08-19 21:00:00+00:00,tt_sudirman,39.0,27.20511
6,2026-08-19 21:00:00+00:00,tt_tangerang,48.0,43.86894
6,2026-08-19 21:00:00+00:00,tt_tbsimatupang,72.0,54.502785
6,2026-08-19 21:00:00+00:00,tt_thamrin,22.0,18.745953
6,2026-08-19 23:00:00+00:00,tt_bekasi,17.0,19.256804
6,2026-08-19 23:00:00+00:00,tt_bogor,35.0,40.3761
6,2026-08-19 23:00:00+00:00,tt_bsd,34.0,32.949707
6,2026-08-19 23:00:00+00:00,tt_cawang,26.0,40.029938
6,2026-08-19 23:00:00+00:00,tt_depok,31.0,29.362389
6,2026-08-19 23:00:00+00:00,tt_gatsu,45.0,40.893646
6,2026-08-19 23:00:00+00:00,tt_grogol,35.0,36.203247
6,2026-08-19 23:00:00+00:00,tt_kebonjeruk,30.0,31.18054
6,2026-08-19 23:00:00+00:00,tt_kelapagading,29.0,27.456917
6,2026-08-19 23:00:00+00:00,tt_kuningan,21.0,21.192274
6,2026-08-19 23:00:00+00:00,tt_sudirman,39.0,33.305145
6,2026-08-19 23:00:00+00:00,tt_tangerang,48.0,43.409565
6,2026-08-19 23:00:00+00:00,tt_tbsimatupang,72.0,52.37833
6,2026-08-19 23:00:00+00:00,tt_thamrin,20.0,20.313412
6,2026-08-20 01:00:00+00:00,tt_bekasi,18.0,19.593384
6,2026-08-20 01:00:00+00:00,tt_bogor,35.0,40.244568
6,2026-08-20 01:00:00+00:00,tt_bsd,29.0,32.24025
6,2026-08-20 01:00:00+00:00,tt_cawang,14.0,40.066483
6,2026-08-20 01:00:00+00:00,tt_depok,31.0,29.1534
6,2026-08-20 01:00:00+00:00,tt_gatsu,37.0,40.57279
6,2026-08-20 01:00:00+00:00,tt_grogol,30.0,36.60466
6,2026-08-20 01:00:00+00:00,tt_kebonjeruk,26.0,32.32149
6,2026-08-20 01:00:00+00:00,tt_kelapagading,29.0,27.393684
6,2026-08-20 01:00:00+00:00,tt_kuningan,21.0,21.498848
6,2026-08-20 01:00:00+00:00,tt_sudirman,27.0,34.846474
6,2026-08-20 01:00:00+00:00,tt_tangerang,36.0,41.17285
6,2026-08-20 01:00:00+00:00,tt_tbsimatupang,18.0,50.804226
6,2026-08-20 01:00:00+00:00,tt_thamrin,18.0,21.723797
6,2026-08-20 02:00:00+00:00,tt_bekasi,18.0,19.775902
6,2026-08-20 02:00:00+00:00,tt_bogor,40.0,40.302486
6,2026-08-20 02:00:00+00:00,tt_bsd,34.0,32.18367
6,2026-08-20 02:00:00+00:00,tt_cawang,18.0,39.935764
6,2026-08-20 02:00:00+00:00,tt_depok,31.0,29.161943
6,2026-08-20 02:00:00+00:00,tt_gatsu,45.0,40.514584
6,2026-08-20 02:00:00+00:00,tt_grogol,30.0,36.744617
6,2026-08-20 02:00:00+00:00,tt_kebonjeruk,26.0,32.67418
6,2026-08-20 02:00:00+00:00,tt_kelapagading,25.0,27.352987
6,2026-08-20 02:00:00+00:00,tt_kuningan,21.0,21.711605
6,2026-08-20 02:00:00+00:00,tt_sudirman,25.0,35.22116
6,2026-08-20 02:00:00+00:00,tt_tangerang,48.0,41.66677
6,2026-08-20 02:00:00+00:00,tt_tbsimatupang,21.0,50.307995
6,2026-08-20 02:00:00+00:00,tt_thamrin,18.0,22.271255
6,2026-08-20 04:00:00+00:00,tt_bekasi,15.0,19.974575
6,2026-08-20 04:00:00+00:00,tt_bogor,35.0,40.238445
6,2026-08-20 04:00:00+00:00,tt_bsd,34.0,31.93976
6,2026-08-20 04:00:00+00:00,tt_cawang,20.0,39.626045
6,2026-08-20 04:00:00+00:00,tt_depok,27.0,29.16668
6,2026-08-20 04:00:00+00:00,tt_gatsu,45.0,40.341064
6,2026-08-20 04:00:00+00:00,tt_grogol,25.0,36.912117
6,2026-08-20 04:00:00+00:00,tt_kebonjeruk,25.0,33.153503
6,2026-08-20 04:00:00+00:00,tt_kelapagading,22.0,27.325897
6,2026-08-20 04:00:00+00:00,tt_kuningan,21.0,22.318897
6,2026-08-20 04:00:00+00:00,tt_sudirman,26.0,35.794735
6,2026-08-20 04:00:00+00:00,tt_tangerang,48.0,41.826595
6,2026-08-20 04:00:00+00:00,tt_tbsimatupang,45.0,49.651047
6,2026-08-20 04:00:00+00:00,tt_thamrin,13.0,23.071535
6,2026-08-20 06:00:00+00:00,tt_bekasi,15.0,19.491829
6,2026-08-20 06:00:00+00:00,tt_bogor,39.0,36.29979
6,2026-08-20 06:00:00+00:00,tt_bsd,34.0,31.544909
6,2026-08-20 06:00:00+00:00,tt_cawang,28.0,34.35001
6,2026-08-20 06:00:00+00:00,tt_depok,29.0,28.941996
6,2026-08-20 06:00:00+00:00,tt_gatsu,28.0,40.105347
6,2026-08-20 06:00:00+00:00,tt_grogol,29.0,34.816895
6,2026-08-20 06:00:00+00:00,tt_kebonjeruk,25.0,31.181997
6,2026-08-20 06:00:00+00:00,tt_kelapagading,20.0,27.153437
6,2026-08-20 06:00:00+00:00,tt_kuningan,15.999999,22.841545
6,2026-08-20 06:00:00+00:00,tt_sudirman,21.0,35.938972
6,2026-08-20 06:00:00+00:00,tt_tangerang,38.0,41.72085
6,2026-08-20 06:00:00+00:00,tt_tbsimatupang,27.0,49.479965
6,2026-08-20 06:00:00+00:00,tt_thamrin,12.0,22.546764
6,2026-08-20 07:00:00+00:00,tt_bekasi,15.999999,19.596039
6,2026-08-20 07:00:00+00:00,tt_bogor,36.0,35.45403
6,2026-08-20 07:00:00+00:00,tt_bsd,34.0,30.022633
6,2026-08-20 07:00:00+00:00,tt_cawang,21.0,32.363117
6,2026-08-20 07:00:00+00:00,tt_depok,26.0,28.69417
6,2026-08-20 07:00:00+00:00,tt_gatsu,20.0,37.90475
6,2026-08-20 07:00:00+00:00,tt_grogol,29.0,33.267677
6,2026-08-20 07:00:00+00:00,tt_kebonjeruk,22.0,30.011316
6,2026-08-20 07:00:00+00:00,tt_kelapagading,20.0,26.636295
6,2026-08-20 07:00:00+00:00,tt_kuningan,21.0,22.699211
6,2026-08-20 07:00:00+00:00,tt_sudirman,20.0,33.595398
6,2026-08-20 07:00:00+00:00,tt_tangerang,37.0,39.080273
6,2026-08-20 07:00:00+00:00,tt_tbsimatupang,49.0,47.243397
6,2026-08-20 07:00:00+00:00,tt_thamrin,12.0,21.994623
6,2026-08-20 09:00:00+00:00,tt_bekasi,14.0,19.747509
6,2026-08-20 09:00:00+00:00,tt_bogor,34.0,37.57279
6,2026-08-20 09:00:00+00:00,tt_bsd,28.0,31.980938
6,2026-08-20 09:00:00+00:00,tt_cawang,30.0,30.321115
6,2026-08-20 09:00:00+00:00,tt_depok,26.0,29.410517
6,2026-08-20 09:00:00+00:00,tt_gatsu,32.0,40.48806
6,2026-08-20 09:00:00+00:00,tt_grogol,31.0,32.052597
6,2026-08-20 09:00:00+00:00,tt_kebonjeruk,21.0,29.123285
6,2026-08-20 09:00:00+00:00,tt_kelapagading,21.0,26.119448
6,2026-08-20 09:00:00+00:00,tt_kuningan,13.0,22.543152
6,2026-08-20 09:00:00+00:00,tt_sudirman,23.0,31.362982
6,2026-08-20 09:00:00+00:00,tt_tangerang,34.0,42.38375
6,2026-08-20 09:00:00+00:00,tt_tbsimatupang,47.0,42.179047
6,2026-08-20 09:00:00+00:00,tt_thamrin,18.0,21.320827
6,2026-08-20 11:00:00+00:00,tt_bekasi,18.0,18.599436
6,2026-08-20 11:00:00+00:00,tt_bogor,35.0,35.454834
6,2026-08-20 11:00:00+00:00,tt_bsd,34.0,32.792866
6,2026-08-20 11:00:00+00:00,tt_cawang,33.0,28.795755
6,2026-08-20 11:00:00+00:00,tt_depok,26.0,28.80683
6,2026-08-20 11:00:00+00:00,tt_gatsu,7.0,41.634052
6,2026-08-20 11:00:00+00:00,tt_grogol,29.0,30.350353
6,2026-08-20 11:00:00+00:00,tt_kebonjeruk,18.0,28.301126
6,2026-08-20 11:00:00+00:00,tt_kelapagading,21.0,25.903618
6,2026-08-20 11:00:00+00:00,tt_kuningan,15.999999,22.567532
6,2026-08-20 11:00:00+00:00,tt_sudirman,12.0,30.436071
6,2026-08-20 11:00:00+00:00,tt_tangerang,35.0,42.831585
6,2026-08-20 11:00:00+00:00,tt_tbsimatupang,24.0,47.475883
6,2026-08-20 11:00:00+00:00,tt_thamrin,10.0,19.063913
6,2026-08-20 12:00:00+00:00,tt_bekasi,14.0,18.230307
6,2026-08-20 12:00:00+00:00,tt_bogor,37.0,36.072895
6,2026-08-20 12:00:00+00:00,tt_bsd,34.0,33.154976
6,2026-08-20 12:00:00+00:00,tt_cawang,43.0,28.674078
6,2026-08-20 12:00:00+00:00,tt_depok,24.0,28.766872
6,2026-08-20 12:00:00+00:00,tt_gatsu,10.0,38.528496
6,2026-08-20 12:00:00+00:00,tt_grogol,32.0,30.465462
6,2026-08-20 12:00:00+00:00,tt_kebonjeruk,23.0,27.899033
6,2026-08-20 12:00:00+00:00,tt_kelapagading,21.0,25.061443
6,2026-08-20 12:00:00+00:00,tt_kuningan,13.0,21.492504
6,2026-08-20 12:00:00+00:00,tt_sudirman,22.0,29.237038
6,2026-08-20 12:00:00+00:00,tt_tangerang,48.0,40.583126
6,2026-08-20 12:00:00+00:00,tt_tbsimatupang,40.0,43.988937
6,2026-08-20 12:00:00+00:00,tt_thamrin,9.0,18.161963
6,2026-08-20 14:00:00+00:00,tt_bekasi,18.0,18.163109
6,2026-08-20 14:00:00+00:00,tt_bogor,38.0,35.242855
6,2026-08-20 14:00:00+00:00,tt_bsd,27.0,33.188152
6,2026-08-20 14:00:00+00:00,tt_cawang,32.0,25.974379
6,2026-08-20 14:00:00+00:00,tt_depok,31.0,27.856861
6,2026-08-20 14:00:00+00:00,tt_gatsu,45.0,34.52093
6,2026-08-20 14:00:00+00:00,tt_grogol,40.0,30.101732
6,2026-08-20 14:00:00+00:00,tt_kebonjeruk,28.0,26.148973
6,2026-08-20 14:00:00+00:00,tt_kelapagading,29.0,24.102953
6,2026-08-20 14:00:00+00:00,tt_kuningan,15.999999,22.270573
6,2026-08-20 14:00:00+00:00,tt_sudirman,39.0,26.741112
6,2026-08-20 14:00:00+00:00,tt_tangerang,48.0,38.451336
6,2026-08-20 14:00:00+00:00,tt_tbsimatupang,59.0,47.342648
6,2026-08-20 14:00:00+00:00,tt_thamrin,13.0,16.760223
6,2026-08-20 16:00:00+00:00,tt_bekasi,15.0,17.199192
6,2026-08-20 16:00:00+00:00,tt_bogor,45.0,33.997448
6,2026-08-20 16:00:00+00:00,tt_bsd,34.0,31.758411
6,2026-08-20 16:00:00+00:00,tt_cawang,43.0,26.40365
6,2026-08-20 16:00:00+00:00,tt_depok,31.0,28.171078
6,2026-08-20 16:00:00+00:00,tt_gatsu,45.0,34.88303
6,2026-08-20 16:00:00+00:00,tt_grogol,40.0,30.044973
6,2026-08-20 16:00:00+00:00,tt_kebonjeruk,35.0,25.201305
6,2026-08-20 16:00:00+00:00,tt_kelapagading,29.0,24.198055
6,2026-08-20 16:00:00+00:00,tt_kuningan,21.0,19.820364
6,2026-08-20 16:00:00+00:00,tt_sudirman,39.0,26.499666
6,2026-08-20 16:00:00+00:00,tt_tangerang,48.0,36.507477
6,2026-08-20 16:00:00+00:00,tt_tbsimatupang,72.0,45.10049
6,2026-08-20 16:00:00+00:00,tt_thamrin,22.0,17.806877
6,2026-08-20 17:00:00+00:00,tt_bekasi,18.0,17.743856
6,2026-08-20 17:00:00+00:00,tt_bogor,45.0,34.362965
6,2026-08-20 17:00:00+00:00,tt_bsd,34.0,32.954945
6,2026-08-20 17:00:00+00:00,tt_cawang,43.0,27.234854
6,2026-08-20 17:00:00+00:00,tt_depok,31.0,27.664955
6,2026-08-20 17:00:00+00:00,tt_gatsu,45.0,32.7155
6,2026-08-20 17:00:00+00:00,tt_grogol,40.0,29.866375
6,2026-08-20 17:00:00+00:00,tt_kebonjeruk,35.0,24.137705
6,2026-08-20 17:00:00+00:00,tt_kelapagading,29.0,23.153378
6,2026-08-20 17:00:00+00:00,tt_kuningan,21.0,19.657536
6,2026-08-20 17:00:00+00:00,tt_sudirman,39.0,24.163599
6,2026-08-20 17:00:00+00:00,tt_tangerang,48.0,36.189934
6,2026-08-20 17:00:00+00:00,tt_tbsimatupang,72.0,41.051464
6,2026-08-20 17:00:00+00:00,tt_thamrin,22.0,16.398815
6,2026-08-20 19:00:00+00:00,tt_bekasi,18.0,16.708536
6,2026-08-20 19:00:00+00:00,tt_bogor,45.0,35.878666
6,2026-08-20 19:00:00+00:00,tt_bsd,34.0,34.143116
6,2026-08-20 19:00:00+00:00,tt_cawang,43.0,35.798626
6,2026-08-20 19:00:00+00:00,tt_depok,31.0,27.218117
6,2026-08-20 19:00:00+00:00,tt_gatsu,45.0,29.164358
6,2026-08-20 19:00:00+00:00,tt_grogol,40.0,31.073881
6,2026-08-20 19:00:00+00:00,tt_kebonjeruk,35.0,24.688335
6,2026-08-20 19:00:00+00:00,tt_kelapagading,29.0,22.958206
6,2026-08-20 19:00:00+00:00,tt_kuningan,21.0,18.134907
6,2026-08-20 19:00:00+00:00,tt_sudirman,39.0,24.205412
6,2026-08-20 19:00:00+00:00,tt_tangerang,48.0,42.42887
6,2026-08-20 19:00:00+00:00,tt_tbsimatupang,72.0,40.31856
6,2026-08-20 19:00:00+00:00,tt_thamrin,22.0,14.654991
6,2026-08-20 21:00:00+00:00,tt_bekasi,18.0,17.909407
6,2026-08-20 21:00:00+00:00,tt_bogor,45.0,36.167206
6,2026-08-20 21:00:00+00:00,tt_bsd,34.0,31.172085
6,2026-08-20 21:00:00+00:00,tt_cawang,43.0,34.39262
6,2026-08-20 21:00:00+00:00,tt_depok,31.0,29.73459
6,2026-08-20 21:00:00+00:00,tt_gatsu,45.0,41.438168
6,2026-08-20 21:00:00+00:00,tt_grogol,40.0,35.460495
6,2026-08-20 21:00:00+00:00,tt_kebonjeruk,35.0,26.995638
6,2026-08-20 21:00:00+00:00,tt_kelapagading,29.0,26.911263
6,2026-08-20 21:00:00+00:00,tt_kuningan,21.0,18.38137
6,2026-08-20 21:00:00+00:00,tt_sudirman,39.0,33.49724
6,2026-08-20 21:00:00+00:00,tt_tangerang,48.0,43.374554
6,2026-08-20 21:00:00+00:00,tt_tbsimatupang,72.0,49.64965
6,2026-08-20 21:00:00+00:00,tt_thamrin,22.0,15.251896
6,2026-08-20 22:00:00+00:00,tt_bekasi,18.0,17.868969
6,2026-08-20 22:00:00+00:00,tt_bogor,45.0,38.447216
6,2026-08-20 22:00:00+00:00,tt_bsd,34.0,32.53575
6,2026-08-20 22:00:00+00:00,tt_cawang,43.0,37.433514
6,2026-08-20 22:00:00+00:00,tt_depok,31.0,30.049397
6,2026-08-20 22:00:00+00:00,tt_gatsu,45.0,41.88958
6,2026-08-20 22:00:00+00:00,tt_grogol,40.0,36.35053
6,2026-08-20 22:00:00+00:00,tt_kebonjeruk,35.0,29.90989
6,2026-08-20 22:00:00+00:00,tt_kelapagading,29.0,27.491833
6,2026-08-20 22:00:00+00:00,tt_kuningan,21.0,19.502254
6,2026-08-20 22:00:00+00:00,tt_sudirman,39.0,34.954453
6,2026-08-20 22:00:00+00:00,tt_tangerang,48.0,43.40935
6,2026-08-20 22:00:00+00:00,tt_tbsimatupang,72.0,53.321465
6,2026-08-20 22:00:00+00:00,tt_thamrin,22.0,17.80072
6,2026-08-21 00:00:00+00:00,tt_bekasi,18.0,18.812508
6,2026-08-21 00:00:00+00:00,tt_bogor,35.0,39.62168
6,2026-08-21 00:00:00+00:00,tt_bsd,29.0,32.632053
6,2026-08-21 00:00:00+00:00,tt_cawang,18.0,39.154327
6,2026-08-21 00:00:00+00:00,tt_depok,25.0,29.747223
6,2026-08-21 00:00:00+00:00,tt_gatsu,45.0,41.03164
6,2026-08-21 00:00:00+00:00,tt_grogol,34.0,36.828846
6,2026-08-21 00:00:00+00:00,tt_kebonjeruk,25.0,31.805494
6,2026-08-21 00:00:00+00:00,tt_kelapagading,26.0,27.543232
6,2026-08-21 00:00:00+00:00,tt_kuningan,21.0,20.484632
6,2026-08-21 00:00:00+00:00,tt_sudirman,31.0,35.78478
6,2026-08-21 00:00:00+00:00,tt_tangerang,37.0,42.78381
6,2026-08-21 00:00:00+00:00,tt_tbsimatupang,32.0,52.742172
6,2026-08-21 00:00:00+00:00,tt_thamrin,22.0,19.857914
6,2026-08-21 02:00:00+00:00,tt_bekasi,17.0,19.288197
6,2026-08-21 02:00:00+00:00,tt_bogor,37.0,39.718105
6,2026-08-21 02:00:00+00:00,tt_bsd,28.0,32.0678
6,2026-08-21 02:00:00+00:00,tt_cawang,19.0,39.37307
6,2026-08-21 02:00:00+00:00,tt_depok,26.0,29.464233
6,2026-08-21 02:00:00+00:00,tt_gatsu,45.0,40.637825
6,2026-08-21 02:00:00+00:00,tt_grogol,31.0,36.948685
6,2026-08-21 02:00:00+00:00,tt_kebonjeruk,26.0,32.542213
6,2026-08-21 02:00:00+00:00,tt_kelapagading,29.0,27.446104
6,2026-08-21 02:00:00+00:00,tt_kuningan,21.0,21.190525
6,2026-08-21 02:00:00+00:00,tt_sudirman,23.0,36.12071
6,2026-08-21 02:00:00+00:00,tt_tangerang,37.0,42.3263
6,2026-08-21 02:00:00+00:00,tt_tbsimatupang,37.0,51.152687
6,2026-08-21 02:00:00+00:00,tt_thamrin,22.0,20.857798
6,2026-08-21 03:00:00+00:00,tt_bekasi,15.0,19.48851
6,2026-08-21 03:00:00+00:00,tt_bogor,38.0,39.743595
6,2026-08-21 03:00:00+00:00,tt_bsd,34.0,31.928679
6,2026-08-21 03:00:00+00:00,tt_cawang,21.0,39.368702
6,2026-08-21 03:00:00+00:00,tt_depok,31.0,29.379107
6,2026-08-21 03:00:00+00:00,tt_gatsu,45.0,40.458454
6,2026-08-21 03:00:00+00:00,tt_grogol,27.0,36.97867
6,2026-08-21 03:00:00+00:00,tt_kebonjeruk,24.0,32.822506
6,2026-08-21 03:00:00+00:00,tt_kelapagading,23.0,27.427994
6,2026-08-21 03:00:00+00:00,tt_kuningan,15.999999,21.651018
6,2026-08-21 03:00:00+00:00,tt_sudirman,28.0,36.25206
6,2026-08-21 03:00:00+00:00,tt_tangerang,48.0,42.1916
6,2026-08-21 03:00:00+00:00,tt_tbsimatupang,48.0,50.584652
6,2026-08-21 03:00:00+00:00,tt_thamrin,15.999999,21.371525
6,2026-08-21 05:00:00+00:00,tt_bekasi,15.999999,19.826595
6,2026-08-21 05:00:00+00:00,tt_bogor,45.0,39.81612
6,2026-08-21 05:00:00+00:00,tt_bsd,34.0,31.682594
6,2026-08-21 05:00:00+00:00,tt_cawang,43.0,39.31269
6,2026-08-21 05:00:00+00:00,tt_depok,31.0,29.273228
6,2026-08-21 05:00:00+00:00,tt_gatsu,45.0,40.345276
6,2026-08-21 05:00:00+00:00,tt_grogol,32.0,37.05841
6,2026-08-21 05:00:00+00:00,tt_kebonjeruk,27.0,33.229668
6,2026-08-21 05:00:00+00:00,tt_kelapagading,23.0,27.379326
6,2026-08-21 05:00:00+00:00,tt_kuningan,21.0,22.441322
6,2026-08-21 05:00:00+00:00,tt_sudirman,34.0,36.410206
6,2026-08-21 05:00:00+00:00,tt_tangerang,48.0,42.016502
6,2026-08-21 05:00:00+00:00,tt_tbsimatupang,72.0,49.772385
6,2026-08-21 05:00:00+00:00,tt_thamrin,21.0,22.589262
6,2026-08-21 07:00:00+00:00,tt_bekasi,14.0,19.83171
6,2026-08-21 07:00:00+00:00,tt_bogor,35.0,36.177784
6,2026-08-21 07:00:00+00:00,tt_bsd,34.0,29.137058
6,2026-08-21 07:00:00+00:00,tt_cawang,28.0,34.342514
6,2026-08-21 07:00:00+00:00,tt_depok,25.0,27.52433
6,2026-08-21 07:00:00+00:00,tt_gatsu,36.0,39.925358
6,2026-08-21 07:00:00+00:00,tt_grogol,28.0,34.64544
6,2026-08-21 07:00:00+00:00,tt_kebonjeruk,21.0,30.053202
6,2026-08-21 07:00:00+00:00,tt_kelapagading,20.0,26.221434
6,2026-08-21 07:00:00+00:00,tt_kuningan,21.0,22.56409
6,2026-08-21 07:00:00+00:00,tt_sudirman,18.0,32.84145
6,2026-08-21 07:00:00+00:00,tt_tangerang,39.0,38.00391
6,2026-08-21 07:00:00+00:00,tt_tbsimatupang,52.0,42.389698
6,2026-08-21 07:00:00+00:00,tt_thamrin,18.0,23.258764
6,2026-08-21 08:00:00+00:00,tt_bekasi,15.999999,19.678171
6,2026-08-21 08:00:00+00:00,tt_bogor,34.0,36.262047
6,2026-08-21 08:00:00+00:00,tt_bsd,34.0,28.903774
6,2026-08-21 08:00:00+00:00,tt_cawang,31.0,32.795296
6,2026-08-21 08:00:00+00:00,tt_depok,25.0,27.586287
6,2026-08-21 08:00:00+00:00,tt_gatsu,35.0,40.409668
6,2026-08-21 08:00:00+00:00,tt_grogol,29.0,33.44291
6,2026-08-21 08:00:00+00:00,tt_kebonjeruk,24.0,29.555708
6,2026-08-21 08:00:00+00:00,tt_kelapagading,21.0,26.794926
6,2026-08-21 08:00:00+00:00,tt_kuningan,17.0,22.640348
6,2026-08-21 08:00:00+00:00,tt_sudirman,24.0,31.544254
6,2026-08-21 08:00:00+00:00,tt_tangerang,40.0,37.510796
6,2026-08-21 08:00:00+00:00,tt_tbsimatupang,38.0,42.119465
6,2026-08-21 08:00:00+00:00,tt_thamrin,10.0,23.420921
6,2026-08-21 10:00:00+00:00,tt_bekasi,15.0,18.628605
6,2026-08-21 10:00:00+00:00,tt_bogor,32.0,36.953903
6,2026-08-21 10:00:00+00:00,tt_bsd,34.0,32.02281
6,2026-08-21 10:00:00+00:00,tt_cawang,22.0,31.412483
6,2026-08-21 10:00:00+00:00,tt_depok,24.0,29.279476
6,2026-08-21 10:00:00+00:00,tt_gatsu,34.0,41.492622
6,2026-08-21 10:00:00+00:00,tt_grogol,32.0,31.739006
6,2026-08-21 10:00:00+00:00,tt_kebonjeruk,20.0,28.622618
6,2026-08-21 10:00:00+00:00,tt_kelapagading,19.0,26.403402
6,2026-08-21 10:00:00+00:00,tt_kuningan,13.0,21.01609
6,2026-08-21 10:00:00+00:00,tt_sudirman,22.0,30.954762
6,2026-08-21 10:00:00+00:00,tt_tangerang,29.0,42.311314
6,2026-08-21 10:00:00+00:00,tt_tbsimatupang,27.0,45.72817
6,2026-08-21 10:00:00+00:00,tt_thamrin,19.0,21.365763
6,2026-08-21 12:00:00+00:00,tt_bekasi,13.0,18.805397
6,2026-08-21 12:00:00+00:00,tt_bogor,32.0,40.202877
6,2026-08-21 12:00:00+00:00,tt_bsd,34.0,33.35863
6,2026-08-21 12:00:00+00:00,tt_cawang,34.0,39.111053
6,2026-08-21 12:00:00+00:00,tt_depok,26.0,29.902695
6,2026-08-21 12:00:00+00:00,tt_gatsu,15.0,42.027058
6,2026-08-21 12:00:00+00:00,tt_grogol,32.0,32.58495
6,2026-08-21 12:00:00+00:00,tt_kebonjeruk,19.0,29.350578
6,2026-08-21 12:00:00+00:00,tt_kelapagading,18.0,26.824057
6,2026-08-21 12:00:00+00:00,tt_kuningan,13.0,22.230335
6,2026-08-21 12:00:00+00:00,tt_sudirman,18.0,33.72108
6,2026-08-21 12:00:00+00:00,tt_tangerang,32.0,43.11807
6,2026-08-21 12:00:00+00:00,tt_tbsimatupang,27.0,54.779655
6,2026-08-21 12:00:00+00:00,tt_thamrin,9.0,22.268297
6,2026-08-21 13:00:00+00:00,tt_bekasi,18.0,18.148396
6,2026-08-21 13:00:00+00:00,tt_bogor,45.0,37.655697
6,2026-08-21 13:00:00+00:00,tt_bsd,34.0,32.784843
6,2026-08-21 13:00:00+00:00,tt_cawang,32.0,35.86779
6,2026-08-21 13:00:00+00:00,tt_depok,25.0,28.65992
6,2026-08-21 13:00:00+00:00,tt_gatsu,45.0,39.41382
6,2026-08-21 13:00:00+00:00,tt_grogol,40.0,31.328035
6,2026-08-21 13:00:00+00:00,tt_kebonjeruk,25.0,27.775154
6,2026-08-21 13:00:00+00:00,tt_kelapagading,21.0,25.569838
6,2026-08-21 13:00:00+00:00,tt_kuningan,21.0,22.140055
6,2026-08-21 13:00:00+00:00,tt_sudirman,31.0,31.40566
6,2026-08-21 13:00:00+00:00,tt_tangerang,48.0,40.593792
6,2026-08-21 13:00:00+00:00,tt_tbsimatupang,72.0,50.22518
6,2026-08-21 13:00:00+00:00,tt_thamrin,15.999999,21.527428
