horizon,target_time,corridor,y_true,adaptive_stgnn_pred
1,2026-08-18 02:00:00+00:00,tt_bekasi,15.999999,14.119413
1,2026-08-18 02:00:00+00:00,tt_bogor,36.0,32.695316
1,2026-08-18 02:00:00+00:00,tt_bsd,34.0,32.728687
1,2026-08-18 02:00:00+00:00,tt_cawang,21.0,24.939949
1,2026-08-18 02:00:00+00:00,tt_depok,31.0,26.26558
1,2026-08-18 02:00:00+00:00,tt_gatsu,33.0,42.6132
1,2026-08-18 02:00:00+00:00,tt_grogol,26.0,27.249493
1,2026-08-18 02:00:00+00:00,tt_kebonjeruk,26.0,26.554047
1,2026-08-18 02:00:00+00:00,tt_kelapagading,29.0,27.46361
1,2026-08-18 02:00:00+00:00,tt_kuningan,21.0,18.261295
1,2026-08-18 02:00:00+00:00,tt_sudirman,23.0,32.627254
1,2026-08-18 02:00:00+00:00,tt_tangerang,48.0,36.523495
1,2026-08-18 02:00:00+00:00,tt_tbsimatupang,15.999999,35.997246
1,2026-08-18 02:00:00+00:00,tt_thamrin,17.0,18.24751
1,2026-08-18 04:00:00+00:00,tt_bekasi,15.0,14.254847
1,2026-08-18 04:00:00+00:00,tt_bogor,33.0,34.080544
1,2026-08-18 04:00:00+00:00,tt_bsd,28.0,32.757473
1,2026-08-18 04:00:00+00:00,tt_cawang,22.0,25.755598
1,2026-08-18 04:00:00+00:00,tt_depok,31.0,29.897793
1,2026-08-18 04:00:00+00:00,tt_gatsu,32.0,32.95912
1,2026-08-18 04:00:00+00:00,tt_grogol,27.0,28.259008
1,2026-08-18 04:00:00+00:00,tt_kebonjeruk,25.0,25.777216
1,2026-08-18 04:00:00+00:00,tt_kelapagading,29.0,28.107166
1,2026-08-18 04:00:00+00:00,tt_kuningan,15.999999,18.527016
1,2026-08-18 04:00:00+00:00,tt_sudirman,24.0,25.523546
1,2026-08-18 04:00:00+00:00,tt_tangerang,36.0,44.63291
1,2026-08-18 04:00:00+00:00,tt_tbsimatupang,55.0,31.672432
1,2026-08-18 04:00:00+00:00,tt_thamrin,18.0,16.27716
1,2026-08-18 05:00:00+00:00,tt_bekasi,15.0,14.369087
1,2026-08-18 05:00:00+00:00,tt_bogor,38.0,33.614388
1,2026-08-18 05:00:00+00:00,tt_bsd,28.0,29.841154
1,2026-08-18 05:00:00+00:00,tt_cawang,28.0,26.483496
1,2026-08-18 05:00:00+00:00,tt_depok,26.0,30.4283
1,2026-08-18 05:00:00+00:00,tt_gatsu,45.0,32.171406
1,2026-08-18 05:00:00+00:00,tt_grogol,36.0,29.335573
1,2026-08-18 05:00:00+00:00,tt_kebonjeruk,22.0,25.469913
1,2026-08-18 05:00:00+00:00,tt_kelapagading,22.0,28.461409
1,2026-08-18 05:00:00+00:00,tt_kuningan,21.0,16.907713
1,2026-08-18 05:00:00+00:00,tt_sudirman,31.0,25.53939
1,2026-08-18 05:00:00+00:00,tt_tangerang,41.0,37.971867
1,2026-08-18 05:00:00+00:00,tt_tbsimatupang,51.0,53.213093
1,2026-08-18 05:00:00+00:00,tt_thamrin,20.0,16.598522
1,2026-08-18 07:00:00+00:00,tt_bekasi,15.0,15.12229
1,2026-08-18 07:00:00+00:00,tt_bogor,34.0,36.82953
1,2026-08-18 07:00:00+00:00,tt_bsd,30.0,29.185099
1,2026-08-18 07:00:00+00:00,tt_cawang,43.0,31.658636
1,2026-08-18 07:00:00+00:00,tt_depok,31.0,26.54739
1,2026-08-18 07:00:00+00:00,tt_gatsu,45.0,42.845413
1,2026-08-18 07:00:00+00:00,tt_grogol,32.0,36.438023
1,2026-08-18 07:00:00+00:00,tt_kebonjeruk,25.0,23.52848
1,2026-08-18 07:00:00+00:00,tt_kelapagading,22.0,23.783348
1,2026-08-18 07:00:00+00:00,tt_kuningan,15.0,20.092442
1,2026-08-18 07:00:00+00:00,tt_sudirman,28.0,31.828108
1,2026-08-18 07:00:00+00:00,tt_tangerang,38.0,39.046165
1,2026-08-18 07:00:00+00:00,tt_tbsimatupang,57.0,54.08293
1,2026-08-18 07:00:00+00:00,tt_thamrin,22.0,19.161648
1,2026-08-18 09:00:00+00:00,tt_bekasi,14.0,15.99398
1,2026-08-18 09:00:00+00:00,tt_bogor,35.0,33.418064
1,2026-08-18 09:00:00+00:00,tt_bsd,28.0,31.521372
1,2026-08-18 09:00:00+00:00,tt_cawang,29.0,43.168354
1,2026-08-18 09:00:00+00:00,tt_depok,24.0,30.171036
1,2026-08-18 09:00:00+00:00,tt_gatsu,45.0,43.72014
1,2026-08-18 09:00:00+00:00,tt_grogol,32.0,34.34066
1,2026-08-18 09:00:00+00:00,tt_kebonjeruk,23.0,26.30905
1,2026-08-18 09:00:00+00:00,tt_kelapagading,23.0,23.533237
1,2026-08-18 09:00:00+00:00,tt_kuningan,21.0,16.73993
1,2026-08-18 09:00:00+00:00,tt_sudirman,31.0,29.796278
1,2026-08-18 09:00:00+00:00,tt_tangerang,38.0,36.696083
1,2026-08-18 09:00:00+00:00,tt_tbsimatupang,43.0,56.74169
1,2026-08-18 09:00:00+00:00,tt_thamrin,22.0,21.567135
1,2026-08-18 10:00:00+00:00,tt_bekasi,14.0,15.596661
1,2026-08-18 10:00:00+00:00,tt_bogor,35.0,33.137955
1,2026-08-18 10:00:00+00:00,tt_bsd,34.0,30.670893
1,2026-08-18 10:00:00+00:00,tt_cawang,30.0,36.025032
1,2026-08-18 10:00:00+00:00,tt_depok,25.0,26.319893
1,2026-08-18 10:00:00+00:00,tt_gatsu,3.999998,43.28644
1,2026-08-18 10:00:00+00:00,tt_grogol,31.0,33.92153
1,2026-08-18 10:00:00+00:00,tt_kebonjeruk,21.0,25.4351
1,2026-08-18 10:00:00+00:00,tt_kelapagading,21.0,23.919655
1,2026-08-18 10:00:00+00:00,tt_kuningan,14.0,19.509912
1,2026-08-18 10:00:00+00:00,tt_sudirman,23.0,31.43858
1,2026-08-18 10:00:00+00:00,tt_tangerang,34.0,36.498802
1,2026-08-18 10:00:00+00:00,tt_tbsimatupang,44.0,46.831825
1,2026-08-18 10:00:00+00:00,tt_thamrin,22.0,21.731104
1,2026-08-18 12:00:00+00:00,tt_bekasi,14.0,16.459179
1,2026-08-18 12:00:00+00:00,tt_bogor,35.0,32.849426
1,2026-08-18 12:00:00+00:00,tt_bsd,34.0,34.447166
1,2026-08-18 12:00:00+00:00,tt_cawang,34.0,33.51527
1,2026-08-18 12:00:00+00:00,tt_depok,26.0,25.905987
1,2026-08-18 12:00:00+00:00,tt_gatsu,45.0,22.42216
1,2026-08-18 12:00:00+00:00,tt_grogol,32.0,33.148537
1,2026-08-18 12:00:00+00:00,tt_kebonjeruk,25.0,24.253841
1,2026-08-18 12:00:00+00:00,tt_kelapagading,22.0,22.893833
1,2026-08-18 12:00:00+00:00,tt_kuningan,13.0,16.6125
1,2026-08-18 12:00:00+00:00,tt_sudirman,29.0,25.888092
1,2026-08-18 12:00:00+00:00,tt_tangerang,48.0,33.517834
1,2026-08-18 12:00:00+00:00,tt_tbsimatupang,72.0,43.43472
1,2026-08-18 12:00:00+00:00,tt_thamrin,17.0,22.491098
1,2026-08-18 14:00:00+00:00,tt_bekasi,15.999999,16.421272
1,2026-08-18 14:00:00+00:00,tt_bogor,45.0,33.69172
1,2026-08-18 14:00:00+00:00,tt_bsd,34.0,34.445145
1,2026-08-18 14:00:00+00:00,tt_cawang,32.0,35.625767
1,2026-08-18 14:00:00+00:00,tt_depok,26.0,27.562128
1,2026-08-18 14:00:00+00:00,tt_gatsu,45.0,48.440315
1,2026-08-18 14:00:00+00:00,tt_grogol,40.0,33.99408
1,2026-08-18 14:00:00+00:00,tt_kebonjeruk,31.0,27.895536
1,2026-08-18 14:00:00+00:00,tt_kelapagading,29.0,23.534039
1,2026-08-18 14:00:00+00:00,tt_kuningan,15.999999,16.625732
1,2026-08-18 14:00:00+00:00,tt_sudirman,30.0,30.060427
1,2026-08-18 14:00:00+00:00,tt_tangerang,48.0,45.515324
1,2026-08-18 14:00:00+00:00,tt_tbsimatupang,72.0,66.825294
1,2026-08-18 14:00:00+00:00,tt_thamrin,22.0,19.628826
1,2026-08-18 15:00:00+00:00,tt_bekasi,15.999999,17.231543
1,2026-08-18 15:00:00+00:00,tt_bogor,45.0,39.901924
1,2026-08-18 15:00:00+00:00,tt_bsd,34.0,34.226658
1,2026-08-18 15:00:00+00:00,tt_cawang,43.0,34.784008
1,2026-08-18 15:00:00+00:00,tt_depok,31.0,27.440577
1,2026-08-18 15:00:00+00:00,tt_gatsu,45.0,49.15623
1,2026-08-18 15:00:00+00:00,tt_grogol,40.0,37.896507
1,2026-08-18 15:00:00+00:00,tt_kebonjeruk,35.0,31.845112
1,2026-08-18 15:00:00+00:00,tt_kelapagading,29.0,27.493666
1,2026-08-18 15:00:00+00:00,tt_kuningan,21.0,17.683502
1,2026-08-18 15:00:00+00:00,tt_sudirman,39.0,31.052809
1,2026-08-18 15:00:00+00:00,tt_tangerang,48.0,46.683685
1,2026-08-18 15:00:00+00:00,tt_tbsimatupang,72.0,67.19119
1,2026-08-18 15:00:00+00:00,tt_thamrin,22.0,21.961336
1,2026-08-18 17:00:00+00:00,tt_bekasi,17.0,17.107056
1,2026-08-18 17:00:00+00:00,tt_bogor,45.0,43.65722
1,2026-08-18 17:00:00+00:00,tt_bsd,34.0,33.714516
1,2026-08-18 17:00:00+00:00,tt_cawang,43.0,41.915096
1,2026-08-18 17:00:00+00:00,tt_depok,31.0,30.880207
1,2026-08-18 17:00:00+00:00,tt_gatsu,45.0,47.904675
1,2026-08-18 17:00:00+00:00,tt_grogol,40.0,39.51528
1,2026-08-18 17:00:00+00:00,tt_kebonjeruk,35.0,35.357536
1,2026-08-18 17:00:00+00:00,tt_kelapagading,29.0,29.05991
1,2026-08-18 17:00:00+00:00,tt_kuningan,21.0,20.85194
1,2026-08-18 17:00:00+00:00,tt_sudirman,39.0,37.71492
1,2026-08-18 17:00:00+00:00,tt_tangerang,48.0,46.339043
1,2026-08-18 17:00:00+00:00,tt_tbsimatupang,72.0,65.725075
1,2026-08-18 17:00:00+00:00,tt_thamrin,22.0,22.688988
1,2026-08-18 19:00:00+00:00,tt_bekasi,17.0,17.18663
1,2026-08-18 19:00:00+00:00,tt_bogor,45.0,43.118
1,2026-08-18 19:00:00+00:00,tt_bsd,34.0,33.30054
1,2026-08-18 19:00:00+00:00,tt_cawang,43.0,41.89468
1,2026-08-18 19:00:00+00:00,tt_depok,31.0,30.600424
1,2026-08-18 19:00:00+00:00,tt_gatsu,45.0,46.149506
1,2026-08-18 19:00:00+00:00,tt_grogol,40.0,38.817696
1,2026-08-18 19:00:00+00:00,tt_kebonjeruk,35.0,34.391243
1,2026-08-18 19:00:00+00:00,tt_kelapagading,29.0,28.54536
1,2026-08-18 19:00:00+00:00,tt_kuningan,21.0,21.312489
1,2026-08-18 19:00:00+00:00,tt_sudirman,39.0,37.893326
1,2026-08-18 19:00:00+00:00,tt_tangerang,48.0,45.501373
1,2026-08-18 19:00:00+00:00,tt_tbsimatupang,72.0,64.53159
1,2026-08-18 19:00:00+00:00,tt_thamrin,22.0,22.081837
1,2026-08-18 20:00:00+00:00,tt_bekasi,17.0,17.126032
1,2026-08-18 20:00:00+00:00,tt_bogor,45.0,42.83073
1,2026-08-18 20:00:00+00:00,tt_bsd,34.0,33.149506
1,2026-08-18 20:00:00+00:00,tt_cawang,43.0,41.494392
1,2026-08-18 20:00:00+00:00,tt_depok,31.0,30.377039
1,2026-08-18 20:00:00+00:00,tt_gatsu,45.0,45.411163
1,2026-08-18 20:00:00+00:00,tt_grogol,40.0,38.496136
1,2026-08-18 20:00:00+00:00,tt_kebonjeruk,35.0,33.90539
1,2026-08-18 20:00:00+00:00,tt_kelapagading,29.0,28.285994
1,2026-08-18 20:00:00+00:00,tt_kuningan,21.0,21.097076
1,2026-08-18 20:00:00+00:00,tt_sudirman,39.0,37.555122
1,2026-08-18 20:00:00+00:00,tt_tangerang,48.0,45.267616
1,2026-08-18 20:00:00+00:00,tt_tbsimatupang,72.0,64.132095
1,2026-08-18 20:00:00+00:00,tt_thamrin,22.0,21.87106
1,2026-08-18 22:00:00+00:00,tt_bekasi,17.0,16.738302
1,2026-08-18 22:00:00+00:00,tt_bogor,45.0,42.54448
1,2026-08-18 22:00:00+00:00,tt_bsd,34.0,32.91235
1,2026-08-18 22:00:00+00:00,tt_cawang,43.0,40.91712
1,2026-08-18 22:00:00+00:00,tt_depok,31.0,30.012806
1,2026-08-18 22:00:00+00:00,tt_gatsu,45.0,44.15758
1,2026-08-18 22:00:00+00:00,tt_grogol,40.0,38.08135
1,2026-08-18 22:00:00+00:00,tt_kebonjeruk,35.0,33.23382
1,2026-08-18 22:00:00+00:00,tt_kelapagading,29.0,27.908117
1,2026-08-18 22:00:00+00:00,tt_kuningan,21.0,20.819096
1,2026-08-18 22:00:00+00:00,tt_sudirman,39.0,37.04975
1,2026-08-18 22:00:00+00:00,tt_tangerang,48.0,45.06444
1,2026-08-18 22:00:00+00:00,tt_tbsimatupang,72.0,63.64708
1,2026-08-18 22:00:00+00:00,tt_thamrin,22.0,21.422697
1,2026-08-19 00:00:00+00:00,tt_bekasi,15.0,16.025352
1,2026-08-19 00:00:00+00:00,tt_bogor,35.0,42.490036
1,2026-08-19 00:00:00+00:00,tt_bsd,29.0,32.809586
1,2026-08-19 00:00:00+00:00,tt_cawang,20.0,40.649677
1,2026-08-19 00:00:00+00:00,tt_depok,31.0,29.42074
1,2026-08-19 00:00:00+00:00,tt_gatsu,45.0,42.484287
1,2026-08-19 00:00:00+00:00,tt_grogol,40.0,37.80568
1,2026-08-19 00:00:00+00:00,tt_kebonjeruk,27.0,32.56563
1,2026-08-19 00:00:00+00:00,tt_kelapagading,29.0,27.5275
1,2026-08-19 00:00:00+00:00,tt_kuningan,21.0,19.835835
1,2026-08-19 00:00:00+00:00,tt_sudirman,39.0,36.74156
1,2026-08-19 00:00:00+00:00,tt_tangerang,48.0,45.007214
1,2026-08-19 00:00:00+00:00,tt_tbsimatupang,39.0,63.364105
1,2026-08-19 00:00:00+00:00,tt_thamrin,19.0,20.845182
1,2026-08-19 01:00:00+00:00,tt_bekasi,15.999999,14.008854
1,2026-08-19 01:00:00+00:00,tt_bogor,37.0,35.102585
1,2026-08-19 01:00:00+00:00,tt_bsd,34.0,30.42881
1,2026-08-19 01:00:00+00:00,tt_cawang,13.0,29.065533
1,2026-08-19 01:00:00+00:00,tt_depok,27.0,29.389168
1,2026-08-19 01:00:00+00:00,tt_gatsu,13.0,42.378014
1,2026-08-19 01:00:00+00:00,tt_grogol,32.0,37.453354
1,2026-08-19 01:00:00+00:00,tt_kebonjeruk,25.0,28.10234
1,2026-08-19 01:00:00+00:00,tt_kelapagading,29.0,26.979504
1,2026-08-19 01:00:00+00:00,tt_kuningan,21.0,18.810251
1,2026-08-19 01:00:00+00:00,tt_sudirman,22.0,36.6399
1,2026-08-19 01:00:00+00:00,tt_tangerang,39.0,44.968643
1,2026-08-19 01:00:00+00:00,tt_tbsimatupang,18.0,41.179867
1,2026-08-19 01:00:00+00:00,tt_thamrin,22.0,18.603434
1,2026-08-19 03:00:00+00:00,tt_bekasi,15.999999,13.650442
1,2026-08-19 03:00:00+00:00,tt_bogor,37.0,34.348637
1,2026-08-19 03:00:00+00:00,tt_bsd,34.0,32.843777
1,2026-08-19 03:00:00+00:00,tt_cawang,20.0,22.87348
1,2026-08-19 03:00:00+00:00,tt_depok,31.0,26.620667
1,2026-08-19 03:00:00+00:00,tt_gatsu,45.0,24.333399
1,2026-08-19 03:00:00+00:00,tt_grogol,31.0,32.77443
1,2026-08-19 03:00:00+00:00,tt_kebonjeruk,23.0,25.017866
1,2026-08-19 03:00:00+00:00,tt_kelapagading,29.0,27.429417
1,2026-08-19 03:00:00+00:00,tt_kuningan,15.999999,18.222305
1,2026-08-19 03:00:00+00:00,tt_sudirman,24.0,25.21233
1,2026-08-19 03:00:00+00:00,tt_tangerang,40.0,37.15383
1,2026-08-19 03:00:00+00:00,tt_tbsimatupang,33.0,31.911337
1,2026-08-19 03:00:00+00:00,tt_thamrin,20.0,18.821344
1,2026-08-19 05:00:00+00:00,tt_bekasi,15.0,14.649467
1,2026-08-19 05:00:00+00:00,tt_bogor,32.0,35.566383
1,2026-08-19 05:00:00+00:00,tt_bsd,34.0,33.05236
1,2026-08-19 05:00:00+00:00,tt_cawang,17.0,26.089607
1,2026-08-19 05:00:00+00:00,tt_depok,31.0,30.593271
1,2026-08-19 05:00:00+00:00,tt_gatsu,45.0,46.96037
1,2026-08-19 05:00:00+00:00,tt_grogol,31.0,32.655807
1,2026-08-19 05:00:00+00:00,tt_kebonjeruk,24.0,24.104748
1,2026-08-19 05:00:00+00:00,tt_kelapagading,21.0,28.509985
1,2026-08-19 05:00:00+00:00,tt_kuningan,17.0,16.154
1,2026-08-19 05:00:00+00:00,tt_sudirman,27.0,25.531982
1,2026-08-19 05:00:00+00:00,tt_tangerang,40.0,37.86568
1,2026-08-19 05:00:00+00:00,tt_tbsimatupang,43.0,39.967285
1,2026-08-19 05:00:00+00:00,tt_thamrin,17.0,18.577929
1,2026-08-19 06:00:00+00:00,tt_bekasi,18.0,14.462046
1,2026-08-19 06:00:00+00:00,tt_bogor,35.0,33.374954
1,2026-08-19 06:00:00+00:00,tt_bsd,34.0,33.091015
1,2026-08-19 06:00:00+00:00,tt_cawang,19.0,24.608784
1,2026-08-19 06:00:00+00:00,tt_depok,27.0,30.70963
1,2026-08-19 06:00:00+00:00,tt_gatsu,30.0,47.763367
1,2026-08-19 06:00:00+00:00,tt_grogol,27.0,33.01561
1,2026-08-19 06:00:00+00:00,tt_kebonjeruk,21.0,24.915169
1,2026-08-19 06:00:00+00:00,tt_kelapagading,21.0,24.231459
1,2026-08-19 06:00:00+00:00,tt_kuningan,21.0,16.696507
1,2026-08-19 06:00:00+00:00,tt_sudirman,18.0,27.365664
1,2026-08-19 06:00:00+00:00,tt_tangerang,38.0,38.002068
1,2026-08-19 06:00:00+00:00,tt_tbsimatupang,48.0,45.338875
1,2026-08-19 06:00:00+00:00,tt_thamrin,13.0,17.24023
1,2026-08-19 08:00:00+00:00,tt_bekasi,15.0,17.06385
1,2026-08-19 08:00:00+00:00,tt_bogor,34.0,33.97916
1,2026-08-19 08:00:00+00:00,tt_bsd,28.0,33.089947
1,2026-08-19 08:00:00+00:00,tt_cawang,32.0,25.44679
1,2026-08-19 08:00:00+00:00,tt_depok,25.0,27.49
1,2026-08-19 08:00:00+00:00,tt_gatsu,26.0,36.082706
1,2026-08-19 08:00:00+00:00,tt_grogol,27.0,30.980751
1,2026-08-19 08:00:00+00:00,tt_kebonjeruk,18.0,23.42831
1,2026-08-19 08:00:00+00:00,tt_kelapagading,22.0,22.449005
1,2026-08-19 08:00:00+00:00,tt_kuningan,21.0,20.15756
1,2026-08-19 08:00:00+00:00,tt_sudirman,22.0,22.039343
1,2026-08-19 08:00:00+00:00,tt_tangerang,48.0,36.61148
1,2026-08-19 08:00:00+00:00,tt_tbsimatupang,32.0,49.71395
1,2026-08-19 08:00:00+00:00,tt_thamrin,8.0,14.486559
1,2026-08-19 10:00:00+00:00,tt_bekasi,13.0,16.522945
1,2026-08-19 10:00:00+00:00,tt_bogor,30.0,32.799503
1,2026-08-19 10:00:00+00:00,tt_bsd,34.0,29.54378
1,2026-08-19 10:00:00+00:00,tt_cawang,43.0,36.013874
1,2026-08-19 10:00:00+00:00,tt_depok,23.0,26.380945
1,2026-08-19 10:00:00+00:00,tt_gatsu,23.0,32.71679
1,2026-08-19 10:00:00+00:00,tt_grogol,30.0,31.695187
1,2026-08-19 10:00:00+00:00,tt_kebonjeruk,19.0,21.944586
1,2026-08-19 10:00:00+00:00,tt_kelapagading,22.0,23.817362
1,2026-08-19 10:00:00+00:00,tt_kuningan,15.999999,20.83933
1,2026-08-19 10:00:00+00:00,tt_sudirman,19.0,24.314537
1,2026-08-19 10:00:00+00:00,tt_tangerang,28.0,45.25889
1,2026-08-19 10:00:00+00:00,tt_tbsimatupang,34.0,36.91496
1,2026-08-19 10:00:00+00:00,tt_thamrin,17.0,12.635317
1,2026-08-19 11:00:00+00:00,tt_bekasi,18.0,16.469864
1,2026-08-19 11:00:00+00:00,tt_bogor,33.0,30.951822
1,2026-08-19 11:00:00+00:00,tt_bsd,27.0,32.70183
1,2026-08-19 11:00:00+00:00,tt_cawang,43.0,42.221786
1,2026-08-19 11:00:00+00:00,tt_depok,25.0,25.556286
1,2026-08-19 11:00:00+00:00,tt_gatsu,35.0,30.97106
1,2026-08-19 11:00:00+00:00,tt_grogol,32.0,33.669434
1,2026-08-19 11:00:00+00:00,tt_kebonjeruk,21.0,22.824406
1,2026-08-19 11:00:00+00:00,tt_kelapagading,20.0,23.95448
1,2026-08-19 11:00:00+00:00,tt_kuningan,15.999999,18.928116
1,2026-08-19 11:00:00+00:00,tt_sudirman,15.999999,22.631622
1,2026-08-19 11:00:00+00:00,tt_tangerang,26.0,34.93893
1,2026-08-19 11:00:00+00:00,tt_tbsimatupang,44.0,35.8547
1,2026-08-19 11:00:00+00:00,tt_thamrin,10.0,16.774586
1,2026-08-19 13:00:00+00:00,tt_bekasi,18.0,20.025019
1,2026-08-19 13:00:00+00:00,tt_bogor,45.0,31.955147
1,2026-08-19 13:00:00+00:00,tt_bsd,34.0,29.523531
1,2026-08-19 13:00:00+00:00,tt_cawang,43.0,43.712376
1,2026-08-19 13:00:00+00:00,tt_depok,25.0,27.350088
1,2026-08-19 13:00:00+00:00,tt_gatsu,45.0,37.227043
1,2026-08-19 13:00:00+00:00,tt_grogol,31.0,36.34149
1,2026-08-19 13:00:00+00:00,tt_kebonjeruk,27.0,25.172401
1,2026-08-19 13:00:00+00:00,tt_kelapagading,23.0,22.846504
1,2026-08-19 13:00:00+00:00,tt_kuningan,13.0,19.264881
1,2026-08-19 13:00:00+00:00,tt_sudirman,30.0,19.53671
1,2026-08-19 13:00:00+00:00,tt_tangerang,48.0,30.234491
1,2026-08-19 13:00:00+00:00,tt_tbsimatupang,72.0,42.49794
1,2026-08-19 13:00:00+00:00,tt_thamrin,20.0,15.007778
1,2026-08-19 15:00:00+00:00,tt_bekasi,15.999999,20.353241
1,2026-08-19 15:00:00+00:00,tt_bogor,38.0,43.563866
1,2026-08-19 15:00:00+00:00,tt_bsd,34.0,34.235806
1,2026-08-19 15:00:00+00:00,tt_cawang,32.0,42.67094
1,2026-08-19 15:00:00+00:00,tt_depok,31.0,27.006382
1,2026-08-19 15:00:00+00:00,tt_gatsu,45.0,44.931667
1,2026-08-19 15:00:00+00:00,tt_grogol,40.0,35.244305
1,2026-08-19 15:00:00+00:00,tt_kebonjeruk,31.0,29.953253
1,2026-08-19 15:00:00+00:00,tt_kelapagading,29.0,25.241209
1,2026-08-19 15:00:00+00:00,tt_kuningan,21.0,17.494816
1,2026-08-19 15:00:00+00:00,tt_sudirman,29.0,31.447483
1,2026-08-19 15:00:00+00:00,tt_tangerang,48.0,47.633728
1,2026-08-19 15:00:00+00:00,tt_tbsimatupang,72.0,68.55228
1,2026-08-19 15:00:00+00:00,tt_thamrin,21.0,20.942118
1,2026-08-19 16:00:00+00:00,tt_bekasi,18.0,18.978573
1,2026-08-19 16:00:00+00:00,tt_bogor,45.0,39.77359
1,2026-08-19 16:00:00+00:00,tt_bsd,34.0,34.416943
1,2026-08-19 16:00:00+00:00,tt_cawang,43.0,36.456924
1,2026-08-19 16:00:00+00:00,tt_depok,31.0,30.487448
1,2026-08-19 16:00:00+00:00,tt_gatsu,45.0,45.342552
1,2026-08-19 16:00:00+00:00,tt_grogol,40.0,38.864956
1,2026-08-19 16:00:00+00:00,tt_kebonjeruk,35.0,32.560024
1,2026-08-19 16:00:00+00:00,tt_kelapagading,29.0,28.321949
1,2026-08-19 16:00:00+00:00,tt_kuningan,21.0,21.04444
1,2026-08-19 16:00:00+00:00,tt_sudirman,39.0,31.640158
1,2026-08-19 16:00:00+00:00,tt_tangerang,48.0,48.657524
1,2026-08-19 16:00:00+00:00,tt_tbsimatupang,72.0,68.604866
1,2026-08-19 16:00:00+00:00,tt_thamrin,22.0,22.027035
1,2026-08-19 18:00:00+00:00,tt_bekasi,18.0,19.296429
1,2026-08-19 18:00:00+00:00,tt_bogor,45.0,43.32023
1,2026-08-19 18:00:00+00:00,tt_bsd,34.0,33.908287
1,2026-08-19 18:00:00+00:00,tt_cawang,43.0,41.497696
1,2026-08-19 18:00:00+00:00,tt_depok,31.0,31.486982
1,2026-08-19 18:00:00+00:00,tt_gatsu,45.0,44.088196
1,2026-08-19 18:00:00+00:00,tt_grogol,40.0,40.164
1,2026-08-19 18:00:00+00:00,tt_kebonjeruk,35.0,35.432495
1,2026-08-19 18:00:00+00:00,tt_kelapagading,29.0,29.629854
1,2026-08-19 18:00:00+00:00,tt_kuningan,21.0,21.824684
1,2026-08-19 18:00:00+00:00,tt_sudirman,39.0,38.562077
1,2026-08-19 18:00:00+00:00,tt_tangerang,44.0,47.790764
1,2026-08-19 18:00:00+00:00,tt_tbsimatupang,72.0,66.76552
1,2026-08-19 18:00:00+00:00,tt_thamrin,22.0,23.663803
1,2026-08-19 20:00:00+00:00,tt_bekasi,18.0,18.637367
1,2026-08-19 20:00:00+00:00,tt_bogor,45.0,43.100067
1,2026-08-19 20:00:00+00:00,tt_bsd,34.0,33.41916
1,2026-08-19 20:00:00+00:00,tt_cawang,43.0,41.280987
1,2026-08-19 20:00:00+00:00,tt_depok,31.0,30.67382
1,2026-08-19 20:00:00+00:00,tt_gatsu,45.0,43.16293
1,2026-08-19 20:00:00+00:00,tt_grogol,40.0,39.07924
1,2026-08-19 20:00:00+00:00,tt_kebonjeruk,35.0,34.510685
1,2026-08-19 20:00:00+00:00,tt_kelapagading,29.0,28.674828
1,2026-08-19 20:00:00+00:00,tt_kuningan,21.0,21.483593
1,2026-08-19 20:00:00+00:00,tt_sudirman,39.0,38.242767
1,2026-08-19 20:00:00+00:00,tt_tangerang,48.0,43.17041
1,2026-08-19 20:00:00+00:00,tt_tbsimatupang,72.0,65.133255
1,2026-08-19 20:00:00+00:00,tt_thamrin,22.0,22.992058
1,2026-08-19 21:00:00+00:00,tt_bekasi,18.0,18.178959
1,2026-08-19 21:00:00+00:00,tt_bogor,45.0,42.86348
1,2026-08-19 21:00:00+00:00,tt_bsd,34.0,33.21148
1,2026-08-19 21:00:00+00:00,tt_cawang,43.0,41.072033
1,2026-08-19 21:00:00+00:00,tt_depok,31.0,30.27727
1,2026-08-19 21:00:00+00:00,tt_gatsu,45.0,42.8797
1,2026-08-19 21:00:00+00:00,tt_grogol,40.0,38.72206
1,2026-08-19 21:00:00+00:00,tt_kebonjeruk,35.0,33.930393
1,2026-08-19 21:00:00+00:00,tt_kelapagading,29.0,28.4359
1,2026-08-19 21:00:00+00:00,tt_kuningan,21.0,21.094074
1,2026-08-19 21:00:00+00:00,tt_sudirman,39.0,37.94796
1,2026-08-19 21:00:00+00:00,tt_tangerang,48.0,45.115665
1,2026-08-19 21:00:00+00:00,tt_tbsimatupang,72.0,64.505165
1,2026-08-19 21:00:00+00:00,tt_thamrin,22.0,22.583641
1,2026-08-19 23:00:00+00:00,tt_bekasi,17.0,17.148159
1,2026-08-19 23:00:00+00:00,tt_bogor,35.0,42.56867
1,2026-08-19 23:00:00+00:00,tt_bsd,34.0,32.946518
1,2026-08-19 23:00:00+00:00,tt_cawang,26.0,40.767338
1,2026-08-19 23:00:00+00:00,tt_depok,31.0,29.69123
1,2026-08-19 23:00:00+00:00,tt_gatsu,45.0,42.481327
1,2026-08-19 23:00:00+00:00,tt_grogol,35.0,38.161674
1,2026-08-19 23:00:00+00:00,tt_kebonjeruk,30.0,33.025326
1,2026-08-19 23:00:00+00:00,tt_kelapagading,29.0,27.995153
1,2026-08-19 23:00:00+00:00,tt_kuningan,21.0,20.337595
1,2026-08-19 23:00:00+00:00,tt_sudirman,39.0,37.39372
1,2026-08-19 23:00:00+00:00,tt_tangerang,48.0,45.54741
1,2026-08-19 23:00:00+00:00,tt_tbsimatupang,72.0,63.63906
1,2026-08-19 23:00:00+00:00,tt_thamrin,20.0,21.801075
1,2026-08-20 01:00:00+00:00,tt_bekasi,18.0,15.357645
1,2026-08-20 01:00:00+00:00,tt_bogor,35.0,34.448547
1,2026-08-20 01:00:00+00:00,tt_bsd,29.0,32.725323
1,2026-08-20 01:00:00+00:00,tt_cawang,14.0,29.470379
1,2026-08-20 01:00:00+00:00,tt_depok,31.0,29.41562
1,2026-08-20 01:00:00+00:00,tt_gatsu,37.0,42.40867
1,2026-08-20 01:00:00+00:00,tt_grogol,30.0,33.714115
1,2026-08-20 01:00:00+00:00,tt_kebonjeruk,26.0,29.20658
1,2026-08-20 01:00:00+00:00,tt_kelapagading,29.0,27.159916
1,2026-08-20 01:00:00+00:00,tt_kuningan,21.0,19.535322
1,2026-08-20 01:00:00+00:00,tt_sudirman,27.0,36.548897
1,2026-08-20 01:00:00+00:00,tt_tangerang,36.0,45.04899
1,2026-08-20 01:00:00+00:00,tt_tbsimatupang,18.0,62.937477
1,2026-08-20 01:00:00+00:00,tt_thamrin,18.0,18.689602
1,2026-08-20 02:00:00+00:00,tt_bekasi,18.0,14.946775
1,2026-08-20 02:00:00+00:00,tt_bogor,40.0,32.802452
1,2026-08-20 02:00:00+00:00,tt_bsd,34.0,30.36858
1,2026-08-20 02:00:00+00:00,tt_cawang,18.0,23.898987
1,2026-08-20 02:00:00+00:00,tt_depok,31.0,29.462872
1,2026-08-20 02:00:00+00:00,tt_gatsu,45.0,37.01084
1,2026-08-20 02:00:00+00:00,tt_grogol,30.0,31.060566
1,2026-08-20 02:00:00+00:00,tt_kebonjeruk,26.0,26.470547
1,2026-08-20 02:00:00+00:00,tt_kelapagading,25.0,27.106611
1,2026-08-20 02:00:00+00:00,tt_kuningan,21.0,18.27065
1,2026-08-20 02:00:00+00:00,tt_sudirman,25.0,30.06644
1,2026-08-20 02:00:00+00:00,tt_tangerang,48.0,37.21157
1,2026-08-20 02:00:00+00:00,tt_tbsimatupang,21.0,33.523483
1,2026-08-20 02:00:00+00:00,tt_thamrin,18.0,16.836082
1,2026-08-20 04:00:00+00:00,tt_bekasi,15.0,15.732792
1,2026-08-20 04:00:00+00:00,tt_bogor,35.0,37.14508
1,2026-08-20 04:00:00+00:00,tt_bsd,34.0,32.789715
1,2026-08-20 04:00:00+00:00,tt_cawang,20.0,24.34156
1,2026-08-20 04:00:00+00:00,tt_depok,27.0,29.620789
1,2026-08-20 04:00:00+00:00,tt_gatsu,45.0,42.213737
1,2026-08-20 04:00:00+00:00,tt_grogol,25.0,31.095465
1,2026-08-20 04:00:00+00:00,tt_kebonjeruk,25.0,25.74651
1,2026-08-20 04:00:00+00:00,tt_kelapagading,22.0,24.312855
1,2026-08-20 04:00:00+00:00,tt_kuningan,21.0,18.653717
1,2026-08-20 04:00:00+00:00,tt_sudirman,26.0,26.299274
1,2026-08-20 04:00:00+00:00,tt_tangerang,48.0,44.363297
1,2026-08-20 04:00:00+00:00,tt_tbsimatupang,45.0,34.792862
1,2026-08-20 04:00:00+00:00,tt_thamrin,13.0,16.443333
1,2026-08-20 06:00:00+00:00,tt_bekasi,15.0,14.731714
1,2026-08-20 06:00:00+00:00,tt_bogor,39.0,34.34566
1,2026-08-20 06:00:00+00:00,tt_bsd,34.0,33.110764
1,2026-08-20 06:00:00+00:00,tt_cawang,28.0,25.712605
1,2026-08-20 06:00:00+00:00,tt_depok,29.0,26.353346
1,2026-08-20 06:00:00+00:00,tt_gatsu,28.0,42.629826
1,2026-08-20 06:00:00+00:00,tt_grogol,29.0,28.18768
1,2026-08-20 06:00:00+00:00,tt_kebonjeruk,25.0,25.433334
1,2026-08-20 06:00:00+00:00,tt_kelapagading,20.0,22.183922
1,2026-08-20 06:00:00+00:00,tt_kuningan,15.999999,19.689148
1,2026-08-20 06:00:00+00:00,tt_sudirman,21.0,27.034496
1,2026-08-20 06:00:00+00:00,tt_tangerang,38.0,44.92234
1,2026-08-20 06:00:00+00:00,tt_tbsimatupang,27.0,48.91825
1,2026-08-20 06:00:00+00:00,tt_thamrin,12.0,13.698141
1,2026-08-20 07:00:00+00:00,tt_bekasi,15.999999,14.943029
1,2026-08-20 07:00:00+00:00,tt_bogor,36.0,35.893124
1,2026-08-20 07:00:00+00:00,tt_bsd,34.0,33.217087
1,2026-08-20 07:00:00+00:00,tt_cawang,21.0,30.826197
1,2026-08-20 07:00:00+00:00,tt_depok,26.0,27.576187
1,2026-08-20 07:00:00+00:00,tt_gatsu,20.0,32.925938
1,2026-08-20 07:00:00+00:00,tt_grogol,29.0,30.769787
1,2026-08-20 07:00:00+00:00,tt_kebonjeruk,22.0,25.64953
1,2026-08-20 07:00:00+00:00,tt_kelapagading,20.0,21.014015
1,2026-08-20 07:00:00+00:00,tt_kuningan,21.0,16.909569
1,2026-08-20 07:00:00+00:00,tt_sudirman,20.0,24.476582
1,2026-08-20 07:00:00+00:00,tt_tangerang,37.0,38.734608
1,2026-08-20 07:00:00+00:00,tt_tbsimatupang,49.0,38.92798
1,2026-08-20 07:00:00+00:00,tt_thamrin,12.0,13.312374
1,2026-08-20 09:00:00+00:00,tt_bekasi,14.0,16.389654
1,2026-08-20 09:00:00+00:00,tt_bogor,34.0,34.682713
1,2026-08-20 09:00:00+00:00,tt_bsd,28.0,33.271206
1,2026-08-20 09:00:00+00:00,tt_cawang,30.0,27.427696
1,2026-08-20 09:00:00+00:00,tt_depok,26.0,26.5906
1,2026-08-20 09:00:00+00:00,tt_gatsu,32.0,26.098593
1,2026-08-20 09:00:00+00:00,tt_grogol,31.0,32.89533
1,2026-08-20 09:00:00+00:00,tt_kebonjeruk,21.0,24.099922
1,2026-08-20 09:00:00+00:00,tt_kelapagading,21.0,20.79633
1,2026-08-20 09:00:00+00:00,tt_kuningan,13.0,20.14717
1,2026-08-20 09:00:00+00:00,tt_sudirman,23.0,22.994938
1,2026-08-20 09:00:00+00:00,tt_tangerang,34.0,35.99677
1,2026-08-20 09:00:00+00:00,tt_tbsimatupang,47.0,50.720676
1,2026-08-20 09:00:00+00:00,tt_thamrin,18.0,13.362694
1,2026-08-20 11:00:00+00:00,tt_bekasi,18.0,16.560532
1,2026-08-20 11:00:00+00:00,tt_bogor,35.0,32.495075
1,2026-08-20 11:00:00+00:00,tt_bsd,34.0,29.771776
1,2026-08-20 11:00:00+00:00,tt_cawang,33.0,33.521736
1,2026-08-20 11:00:00+00:00,tt_depok,26.0,27.237938
1,2026-08-20 11:00:00+00:00,tt_gatsu,7.0,34.66104
1,2026-08-20 11:00:00+00:00,tt_grogol,29.0,35.04277
1,2026-08-20 11:00:00+00:00,tt_kebonjeruk,18.0,24.018095
1,2026-08-20 11:00:00+00:00,tt_kelapagading,21.0,22.188486
1,2026-08-20 11:00:00+00:00,tt_kuningan,15.999999,16.039013
1,2026-08-20 11:00:00+00:00,tt_sudirman,12.0,25.201515
1,2026-08-20 11:00:00+00:00,tt_tangerang,35.0,34.394245
1,2026-08-20 11:00:00+00:00,tt_tbsimatupang,24.0,47.355896
1,2026-08-20 11:00:00+00:00,tt_thamrin,10.0,18.517439
1,2026-08-20 12:00:00+00:00,tt_bekasi,14.0,18.561346
1,2026-08-20 12:00:00+00:00,tt_bogor,37.0,32.616776
1,2026-08-20 12:00:00+00:00,tt_bsd,34.0,32.889053
1,2026-08-20 12:00:00+00:00,tt_cawang,43.0,35.773685
1,2026-08-20 12:00:00+00:00,tt_depok,24.0,27.41423
1,2026-08-20 12:00:00+00:00,tt_gatsu,10.0,24.169567
1,2026-08-20 12:00:00+00:00,tt_grogol,32.0,34.085735
1,2026-08-20 12:00:00+00:00,tt_kebonjeruk,23.0,22.550037
1,2026-08-20 12:00:00+00:00,tt_kelapagading,21.0,22.372425
1,2026-08-20 12:00:00+00:00,tt_kuningan,13.0,16.86557
1,2026-08-20 12:00:00+00:00,tt_sudirman,22.0,20.0438
1,2026-08-20 12:00:00+00:00,tt_tangerang,48.0,34.810238
1,2026-08-20 12:00:00+00:00,tt_tbsimatupang,40.0,34.36221
1,2026-08-20 12:00:00+00:00,tt_thamrin,9.0,15.594517
1,2026-08-20 14:00:00+00:00,tt_bekasi,18.0,17.374676
1,2026-08-20 14:00:00+00:00,tt_bogor,38.0,34.803658
1,2026-08-20 14:00:00+00:00,tt_bsd,27.0,34.260506
1,2026-08-20 14:00:00+00:00,tt_cawang,32.0,43.127975
1,2026-08-20 14:00:00+00:00,tt_depok,31.0,27.136127
1,2026-08-20 14:00:00+00:00,tt_gatsu,45.0,22.53621
1,2026-08-20 14:00:00+00:00,tt_grogol,40.0,36.012203
1,2026-08-20 14:00:00+00:00,tt_kebonjeruk,28.0,26.579897
1,2026-08-20 14:00:00+00:00,tt_kelapagading,29.0,22.906239
1,2026-08-20 14:00:00+00:00,tt_kuningan,15.999999,16.14345
1,2026-08-20 14:00:00+00:00,tt_sudirman,39.0,24.246462
1,2026-08-20 14:00:00+00:00,tt_tangerang,48.0,46.052017
1,2026-08-20 14:00:00+00:00,tt_tbsimatupang,59.0,39.667713
1,2026-08-20 14:00:00+00:00,tt_thamrin,13.0,14.569094
1,2026-08-20 16:00:00+00:00,tt_bekasi,15.0,19.593525
1,2026-08-20 16:00:00+00:00,tt_bogor,45.0,36.268032
1,2026-08-20 16:00:00+00:00,tt_bsd,34.0,29.699879
1,2026-08-20 16:00:00+00:00,tt_cawang,43.0,35.62927
1,2026-08-20 16:00:00+00:00,tt_depok,31.0,33.21788
1,2026-08-20 16:00:00+00:00,tt_gatsu,45.0,48.716568
1,2026-08-20 16:00:00+00:00,tt_grogol,40.0,40.65612
1,2026-08-20 16:00:00+00:00,tt_kebonjeruk,35.0,31.144678
1,2026-08-20 16:00:00+00:00,tt_kelapagading,29.0,29.19848
1,2026-08-20 16:00:00+00:00,tt_kuningan,21.0,18.524769
1,2026-08-20 16:00:00+00:00,tt_sudirman,39.0,39.14886
1,2026-08-20 16:00:00+00:00,tt_tangerang,48.0,47.23517
1,2026-08-20 16:00:00+00:00,tt_tbsimatupang,72.0,57.448677
1,2026-08-20 16:00:00+00:00,tt_thamrin,22.0,16.916391
1,2026-08-20 17:00:00+00:00,tt_bekasi,18.0,18.645771
1,2026-08-20 17:00:00+00:00,tt_bogor,45.0,41.34822
1,2026-08-20 17:00:00+00:00,tt_bsd,34.0,32.999187
1,2026-08-20 17:00:00+00:00,tt_cawang,43.0,40.557434
1,2026-08-20 17:00:00+00:00,tt_depok,31.0,33.04673
1,2026-08-20 17:00:00+00:00,tt_gatsu,45.0,49.663055
1,2026-08-20 17:00:00+00:00,tt_grogol,40.0,40.704063
1,2026-08-20 17:00:00+00:00,tt_kebonjeruk,35.0,34.942535
1,2026-08-20 17:00:00+00:00,tt_kelapagading,29.0,29.788254
1,2026-08-20 17:00:00+00:00,tt_kuningan,21.0,21.848839
1,2026-08-20 17:00:00+00:00,tt_sudirman,39.0,40.056255
1,2026-08-20 17:00:00+00:00,tt_tangerang,48.0,46.711178
1,2026-08-20 17:00:00+00:00,tt_tbsimatupang,72.0,66.295074
1,2026-08-20 17:00:00+00:00,tt_thamrin,22.0,21.426277
1,2026-08-20 19:00:00+00:00,tt_bekasi,18.0,19.203772
1,2026-08-20 19:00:00+00:00,tt_bogor,45.0,43.739212
1,2026-08-20 19:00:00+00:00,tt_bsd,34.0,34.11973
1,2026-08-20 19:00:00+00:00,tt_cawang,43.0,42.218178
1,2026-08-20 19:00:00+00:00,tt_depok,31.0,31.833796
1,2026-08-20 19:00:00+00:00,tt_gatsu,45.0,47.655285
1,2026-08-20 19:00:00+00:00,tt_grogol,40.0,39.61479
1,2026-08-20 19:00:00+00:00,tt_kebonjeruk,35.0,35.52629
1,2026-08-20 19:00:00+00:00,tt_kelapagading,29.0,29.232618
1,2026-08-20 19:00:00+00:00,tt_kuningan,21.0,22.376694
1,2026-08-20 19:00:00+00:00,tt_sudirman,39.0,39.043392
1,2026-08-20 19:00:00+00:00,tt_tangerang,48.0,45.68287
1,2026-08-20 19:00:00+00:00,tt_tbsimatupang,72.0,67.28311
1,2026-08-20 19:00:00+00:00,tt_thamrin,22.0,22.942354
1,2026-08-20 21:00:00+00:00,tt_bekasi,18.0,18.608719
1,2026-08-20 21:00:00+00:00,tt_bogor,45.0,43.110355
1,2026-08-20 21:00:00+00:00,tt_bsd,34.0,33.67242
1,2026-08-20 21:00:00+00:00,tt_cawang,43.0,41.45222
1,2026-08-20 21:00:00+00:00,tt_depok,31.0,30.722368
1,2026-08-20 21:00:00+00:00,tt_gatsu,45.0,45.602787
1,2026-08-20 21:00:00+00:00,tt_grogol,40.0,38.640003
1,2026-08-20 21:00:00+00:00,tt_kebonjeruk,35.0,34.28219
1,2026-08-20 21:00:00+00:00,tt_kelapagading,29.0,28.389914
1,2026-08-20 21:00:00+00:00,tt_kuningan,21.0,22.240887
1,2026-08-20 21:00:00+00:00,tt_sudirman,39.0,37.915615
1,2026-08-20 21:00:00+00:00,tt_tangerang,48.0,45.202496
1,2026-08-20 21:00:00+00:00,tt_tbsimatupang,72.0,65.58632
1,2026-08-20 21:00:00+00:00,tt_thamrin,22.0,21.885921
1,2026-08-20 22:00:00+00:00,tt_bekasi,18.0,18.181976
1,2026-08-20 22:00:00+00:00,tt_bogor,45.0,42.833485
1,2026-08-20 22:00:00+00:00,tt_bsd,34.0,33.386097
1,2026-08-20 22:00:00+00:00,tt_cawang,43.0,41.160954
1,2026-08-20 22:00:00+00:00,tt_depok,31.0,30.422535
1,2026-08-20 22:00:00+00:00,tt_gatsu,45.0,44.89262
1,2026-08-20 22:00:00+00:00,tt_grogol,40.0,38.348354
1,2026-08-20 22:00:00+00:00,tt_kebonjeruk,35.0,33.781822
1,2026-08-20 22:00:00+00:00,tt_kelapagading,29.0,28.108057
1,2026-08-20 22:00:00+00:00,tt_kuningan,21.0,21.836372
1,2026-08-20 22:00:00+00:00,tt_sudirman,39.0,37.60884
1,2026-08-20 22:00:00+00:00,tt_tangerang,48.0,45.097527
1,2026-08-20 22:00:00+00:00,tt_tbsimatupang,72.0,64.93437
1,2026-08-20 22:00:00+00:00,tt_thamrin,22.0,21.704544
1,2026-08-21 00:00:00+00:00,tt_bekasi,18.0,17.348812
1,2026-08-21 00:00:00+00:00,tt_bogor,35.0,42.53794
1,2026-08-21 00:00:00+00:00,tt_bsd,29.0,33.025146
1,2026-08-21 00:00:00+00:00,tt_cawang,18.0,40.789757
1,2026-08-21 00:00:00+00:00,tt_depok,25.0,29.867079
1,2026-08-21 00:00:00+00:00,tt_gatsu,45.0,43.73832
1,2026-08-21 00:00:00+00:00,tt_grogol,34.0,37.913055
1,2026-08-21 00:00:00+00:00,tt_kebonjeruk,25.0,32.930206
1,2026-08-21 00:00:00+00:00,tt_kelapagading,26.0,27.634323
1,2026-08-21 00:00:00+00:00,tt_kuningan,21.0,20.903746
1,2026-08-21 00:00:00+00:00,tt_sudirman,31.0,37.009636
1,2026-08-21 00:00:00+00:00,tt_tangerang,37.0,45.011505
1,2026-08-21 00:00:00+00:00,tt_tbsimatupang,32.0,63.80278
1,2026-08-21 00:00:00+00:00,tt_thamrin,22.0,21.27724
1,2026-08-21 02:00:00+00:00,tt_bekasi,17.0,15.55406
1,2026-08-21 02:00:00+00:00,tt_bogor,37.0,33.204597
1,2026-08-21 02:00:00+00:00,tt_bsd,28.0,29.922415
1,2026-08-21 02:00:00+00:00,tt_cawang,19.0,25.745203
1,2026-08-21 02:00:00+00:00,tt_depok,26.0,24.656326
1,2026-08-21 02:00:00+00:00,tt_gatsu,45.0,42.166832
1,2026-08-21 02:00:00+00:00,tt_grogol,31.0,33.35854
1,2026-08-21 02:00:00+00:00,tt_kebonjeruk,26.0,25.314236
1,2026-08-21 02:00:00+00:00,tt_kelapagading,29.0,24.405186
1,2026-08-21 02:00:00+00:00,tt_kuningan,21.0,18.793776
1,2026-08-21 02:00:00+00:00,tt_sudirman,23.0,30.956032
1,2026-08-21 02:00:00+00:00,tt_tangerang,37.0,35.867165
1,2026-08-21 02:00:00+00:00,tt_tbsimatupang,37.0,36.07318
1,2026-08-21 02:00:00+00:00,tt_thamrin,22.0,19.591314
1,2026-08-21 03:00:00+00:00,tt_bekasi,15.0,15.254696
1,2026-08-21 03:00:00+00:00,tt_bogor,38.0,34.303196
1,2026-08-21 03:00:00+00:00,tt_bsd,34.0,29.24909
1,2026-08-21 03:00:00+00:00,tt_cawang,21.0,25.53733
1,2026-08-21 03:00:00+00:00,tt_depok,31.0,24.970833
1,2026-08-21 03:00:00+00:00,tt_gatsu,45.0,42.257893
1,2026-08-21 03:00:00+00:00,tt_grogol,27.0,32.016983
1,2026-08-21 03:00:00+00:00,tt_kebonjeruk,24.0,25.548176
1,2026-08-21 03:00:00+00:00,tt_kelapagading,23.0,26.665943
1,2026-08-21 03:00:00+00:00,tt_kuningan,15.999999,18.962599
1,2026-08-21 03:00:00+00:00,tt_sudirman,28.0,26.3728
1,2026-08-21 03:00:00+00:00,tt_tangerang,48.0,35.478127
1,2026-08-21 03:00:00+00:00,tt_tbsimatupang,48.0,39.160397
1,2026-08-21 03:00:00+00:00,tt_thamrin,15.999999,19.580727
1,2026-08-21 05:00:00+00:00,tt_bekasi,15.999999,14.308712
1,2026-08-21 05:00:00+00:00,tt_bogor,45.0,36.18601
1,2026-08-21 05:00:00+00:00,tt_bsd,34.0,33.412487
1,2026-08-21 05:00:00+00:00,tt_cawang,43.0,26.676111
1,2026-08-21 05:00:00+00:00,tt_depok,31.0,29.732046
1,2026-08-21 05:00:00+00:00,tt_gatsu,45.0,42.42378
1,2026-08-21 05:00:00+00:00,tt_grogol,32.0,29.347416
1,2026-08-21 05:00:00+00:00,tt_kebonjeruk,27.0,24.50361
1,2026-08-21 05:00:00+00:00,tt_kelapagading,23.0,23.367332
1,2026-08-21 05:00:00+00:00,tt_kuningan,21.0,15.879923
1,2026-08-21 05:00:00+00:00,tt_sudirman,34.0,28.452
1,2026-08-21 05:00:00+00:00,tt_tangerang,48.0,44.970154
1,2026-08-21 05:00:00+00:00,tt_tbsimatupang,72.0,48.174355
1,2026-08-21 05:00:00+00:00,tt_thamrin,21.0,16.080517
1,2026-08-21 07:00:00+00:00,tt_bekasi,14.0,16.062807
1,2026-08-21 07:00:00+00:00,tt_bogor,35.0,43.915947
1,2026-08-21 07:00:00+00:00,tt_bsd,34.0,33.632275
1,2026-08-21 07:00:00+00:00,tt_cawang,28.0,44.06272
1,2026-08-21 07:00:00+00:00,tt_depok,25.0,29.999386
1,2026-08-21 07:00:00+00:00,tt_gatsu,36.0,42.57582
1,2026-08-21 07:00:00+00:00,tt_grogol,28.0,33.10214
1,2026-08-21 07:00:00+00:00,tt_kebonjeruk,21.0,27.47828
1,2026-08-21 07:00:00+00:00,tt_kelapagading,20.0,23.653599
1,2026-08-21 07:00:00+00:00,tt_kuningan,21.0,19.920563
1,2026-08-21 07:00:00+00:00,tt_sudirman,18.0,33.28815
1,2026-08-21 07:00:00+00:00,tt_tangerang,39.0,46.023357
1,2026-08-21 07:00:00+00:00,tt_tbsimatupang,52.0,67.538345
1,2026-08-21 07:00:00+00:00,tt_thamrin,18.0,20.173088
1,2026-08-21 08:00:00+00:00,tt_bekasi,15.999999,14.559065
1,2026-08-21 08:00:00+00:00,tt_bogor,34.0,36.89331
1,2026-08-21 08:00:00+00:00,tt_bsd,34.0,33.57591
1,2026-08-21 08:00:00+00:00,tt_cawang,31.0,36.802856
1,2026-08-21 08:00:00+00:00,tt_depok,25.0,26.205845
1,2026-08-21 08:00:00+00:00,tt_gatsu,35.0,36.52282
1,2026-08-21 08:00:00+00:00,tt_grogol,29.0,30.951887
1,2026-08-21 08:00:00+00:00,tt_kebonjeruk,24.0,24.205673
1,2026-08-21 08:00:00+00:00,tt_kelapagading,21.0,21.28657
1,2026-08-21 08:00:00+00:00,tt_kuningan,17.0,19.567533
1,2026-08-21 08:00:00+00:00,tt_sudirman,24.0,25.483803
1,2026-08-21 08:00:00+00:00,tt_tangerang,40.0,39.635418
1,2026-08-21 08:00:00+00:00,tt_tbsimatupang,38.0,54.160774
1,2026-08-21 08:00:00+00:00,tt_thamrin,10.0,18.19025
3,2026-08-18 04:00:00+00:00,tt_bekasi,15.0,13.711935
3,2026-08-18 04:00:00+00:00,tt_bogor,33.0,33.247177
3,2026-08-18 04:00:00+00:00,tt_bsd,28.0,31.863987
3,2026-08-18 04:00:00+00:00,tt_cawang,22.0,28.8601
3,2026-08-18 04:00:00+00:00,tt_depok,31.0,26.039446
3,2026-08-18 04:00:00+00:00,tt_gatsu,32.0,40.87628
3,2026-08-18 04:00:00+00:00,tt_grogol,27.0,29.766975
3,2026-08-18 04:00:00+00:00,tt_kebonjeruk,25.0,26.614334
3,2026-08-18 04:00:00+00:00,tt_kelapagading,29.0,26.545918
3,2026-08-18 04:00:00+00:00,tt_kuningan,15.999999,17.206657
3,2026-08-18 04:00:00+00:00,tt_sudirman,24.0,32.134228
3,2026-08-18 04:00:00+00:00,tt_tangerang,36.0,36.64831
3,2026-08-18 04:00:00+00:00,tt_tbsimatupang,55.0,42.15193
3,2026-08-18 04:00:00+00:00,tt_thamrin,18.0,18.562052
3,2026-08-18 05:00:00+00:00,tt_bekasi,15.0,13.729813
3,2026-08-18 05:00:00+00:00,tt_bogor,38.0,33.500267
3,2026-08-18 05:00:00+00:00,tt_bsd,28.0,31.881191
3,2026-08-18 05:00:00+00:00,tt_cawang,28.0,29.266209
3,2026-08-18 05:00:00+00:00,tt_depok,26.0,27.927795
3,2026-08-18 05:00:00+00:00,tt_gatsu,45.0,35.151875
3,2026-08-18 05:00:00+00:00,tt_grogol,36.0,30.03945
3,2026-08-18 05:00:00+00:00,tt_kebonjeruk,22.0,26.026396
3,2026-08-18 05:00:00+00:00,tt_kelapagading,22.0,26.924385
3,2026-08-18 05:00:00+00:00,tt_kuningan,21.0,17.290718
3,2026-08-18 05:00:00+00:00,tt_sudirman,31.0,28.844769
3,2026-08-18 05:00:00+00:00,tt_tangerang,41.0,41.32267
3,2026-08-18 05:00:00+00:00,tt_tbsimatupang,51.0,42.4167
3,2026-08-18 05:00:00+00:00,tt_thamrin,20.0,17.485737
3,2026-08-18 07:00:00+00:00,tt_bekasi,15.0,14.204683
3,2026-08-18 07:00:00+00:00,tt_bogor,34.0,33.55018
3,2026-08-18 07:00:00+00:00,tt_bsd,30.0,30.092566
3,2026-08-18 07:00:00+00:00,tt_cawang,43.0,29.850466
3,2026-08-18 07:00:00+00:00,tt_depok,31.0,29.384462
3,2026-08-18 07:00:00+00:00,tt_gatsu,45.0,32.70683
3,2026-08-18 07:00:00+00:00,tt_grogol,32.0,31.155077
3,2026-08-18 07:00:00+00:00,tt_kebonjeruk,25.0,26.09117
3,2026-08-18 07:00:00+00:00,tt_kelapagading,22.0,27.912949
3,2026-08-18 07:00:00+00:00,tt_kuningan,15.0,16.839954
3,2026-08-18 07:00:00+00:00,tt_sudirman,28.0,27.320137
3,2026-08-18 07:00:00+00:00,tt_tangerang,38.0,37.61038
3,2026-08-18 07:00:00+00:00,tt_tbsimatupang,57.0,57.516876
3,2026-08-18 07:00:00+00:00,tt_thamrin,22.0,16.48762
3,2026-08-18 09:00:00+00:00,tt_bekasi,14.0,15.450632
3,2026-08-18 09:00:00+00:00,tt_bogor,35.0,36.304478
3,2026-08-18 09:00:00+00:00,tt_bsd,28.0,29.992147
3,2026-08-18 09:00:00+00:00,tt_cawang,29.0,33.538322
3,2026-08-18 09:00:00+00:00,tt_depok,24.0,26.82137
3,2026-08-18 09:00:00+00:00,tt_gatsu,45.0,41.60803
3,2026-08-18 09:00:00+00:00,tt_grogol,32.0,36.134422
3,2026-08-18 09:00:00+00:00,tt_kebonjeruk,23.0,25.000946
3,2026-08-18 09:00:00+00:00,tt_kelapagading,23.0,24.961054
3,2026-08-18 09:00:00+00:00,tt_kuningan,21.0,19.789436
3,2026-08-18 09:00:00+00:00,tt_sudirman,31.0,31.79412
3,2026-08-18 09:00:00+00:00,tt_tangerang,38.0,38.42592
3,2026-08-18 09:00:00+00:00,tt_tbsimatupang,43.0,54.198597
3,2026-08-18 09:00:00+00:00,tt_thamrin,22.0,19.026821
3,2026-08-18 10:00:00+00:00,tt_bekasi,14.0,16.2227
3,2026-08-18 10:00:00+00:00,tt_bogor,35.0,34.25489
3,2026-08-18 10:00:00+00:00,tt_bsd,34.0,31.274193
3,2026-08-18 10:00:00+00:00,tt_cawang,30.0,40.741184
3,2026-08-18 10:00:00+00:00,tt_depok,25.0,28.727398
3,2026-08-18 10:00:00+00:00,tt_gatsu,3.999998,42.114647
3,2026-08-18 10:00:00+00:00,tt_grogol,31.0,35.063377
3,2026-08-18 10:00:00+00:00,tt_kebonjeruk,21.0,26.607264
3,2026-08-18 10:00:00+00:00,tt_kelapagading,21.0,24.822153
3,2026-08-18 10:00:00+00:00,tt_kuningan,14.0,18.118046
3,2026-08-18 10:00:00+00:00,tt_sudirman,23.0,30.779566
3,2026-08-18 10:00:00+00:00,tt_tangerang,34.0,36.88297
3,2026-08-18 10:00:00+00:00,tt_tbsimatupang,44.0,55.491905
3,2026-08-18 10:00:00+00:00,tt_thamrin,22.0,20.630333
3,2026-08-18 12:00:00+00:00,tt_bekasi,14.0,16.982779
3,2026-08-18 12:00:00+00:00,tt_bogor,35.0,32.64807
3,2026-08-18 12:00:00+00:00,tt_bsd,34.0,31.548714
3,2026-08-18 12:00:00+00:00,tt_cawang,34.0,36.99054
3,2026-08-18 12:00:00+00:00,tt_depok,26.0,26.726307
3,2026-08-18 12:00:00+00:00,tt_gatsu,45.0,41.5631
3,2026-08-18 12:00:00+00:00,tt_grogol,32.0,34.10556
3,2026-08-18 12:00:00+00:00,tt_kebonjeruk,25.0,26.884575
3,2026-08-18 12:00:00+00:00,tt_kelapagading,22.0,25.1385
3,2026-08-18 12:00:00+00:00,tt_kuningan,13.0,20.12796
3,2026-08-18 12:00:00+00:00,tt_sudirman,29.0,31.612116
3,2026-08-18 12:00:00+00:00,tt_tangerang,48.0,36.000694
3,2026-08-18 12:00:00+00:00,tt_tbsimatupang,72.0,47.00664
3,2026-08-18 12:00:00+00:00,tt_thamrin,17.0,22.031776
3,2026-08-18 14:00:00+00:00,tt_bekasi,15.999999,18.588415
3,2026-08-18 14:00:00+00:00,tt_bogor,45.0,31.99827
3,2026-08-18 14:00:00+00:00,tt_bsd,34.0,34.09732
3,2026-08-18 14:00:00+00:00,tt_cawang,32.0,35.202797
3,2026-08-18 14:00:00+00:00,tt_depok,26.0,27.286118
3,2026-08-18 14:00:00+00:00,tt_gatsu,45.0,31.897139
3,2026-08-18 14:00:00+00:00,tt_grogol,40.0,33.7857
3,2026-08-18 14:00:00+00:00,tt_kebonjeruk,31.0,26.91327
3,2026-08-18 14:00:00+00:00,tt_kelapagading,29.0,24.58973
3,2026-08-18 14:00:00+00:00,tt_kuningan,15.999999,18.792864
3,2026-08-18 14:00:00+00:00,tt_sudirman,30.0,27.81677
3,2026-08-18 14:00:00+00:00,tt_tangerang,48.0,33.10283
3,2026-08-18 14:00:00+00:00,tt_tbsimatupang,72.0,43.285458
3,2026-08-18 14:00:00+00:00,tt_thamrin,22.0,23.436337
3,2026-08-18 15:00:00+00:00,tt_bekasi,15.999999,18.563751
3,2026-08-18 15:00:00+00:00,tt_bogor,45.0,32.64283
3,2026-08-18 15:00:00+00:00,tt_bsd,34.0,34.130924
3,2026-08-18 15:00:00+00:00,tt_cawang,43.0,35.998653
3,2026-08-18 15:00:00+00:00,tt_depok,31.0,28.228313
3,2026-08-18 15:00:00+00:00,tt_gatsu,45.0,47.493965
3,2026-08-18 15:00:00+00:00,tt_grogol,40.0,34.216698
3,2026-08-18 15:00:00+00:00,tt_kebonjeruk,35.0,29.030312
3,2026-08-18 15:00:00+00:00,tt_kelapagading,29.0,24.924797
3,2026-08-18 15:00:00+00:00,tt_kuningan,21.0,18.987448
3,2026-08-18 15:00:00+00:00,tt_sudirman,39.0,30.020363
3,2026-08-18 15:00:00+00:00,tt_tangerang,48.0,40.87161
3,2026-08-18 15:00:00+00:00,tt_tbsimatupang,72.0,58.85792
3,2026-08-18 15:00:00+00:00,tt_thamrin,22.0,21.963633
3,2026-08-18 17:00:00+00:00,tt_bekasi,17.0,18.590694
3,2026-08-18 17:00:00+00:00,tt_bogor,45.0,38.605064
3,2026-08-18 17:00:00+00:00,tt_bsd,34.0,33.863514
3,2026-08-18 17:00:00+00:00,tt_cawang,43.0,35.250034
3,2026-08-18 17:00:00+00:00,tt_depok,31.0,28.07418
3,2026-08-18 17:00:00+00:00,tt_gatsu,45.0,49.560772
3,2026-08-18 17:00:00+00:00,tt_grogol,40.0,37.545334
3,2026-08-18 17:00:00+00:00,tt_kebonjeruk,35.0,32.39542
3,2026-08-18 17:00:00+00:00,tt_kelapagading,29.0,27.433193
3,2026-08-18 17:00:00+00:00,tt_kuningan,21.0,19.297935
3,2026-08-18 17:00:00+00:00,tt_sudirman,39.0,30.974936
3,2026-08-18 17:00:00+00:00,tt_tangerang,48.0,44.406227
3,2026-08-18 17:00:00+00:00,tt_tbsimatupang,72.0,61.282455
3,2026-08-18 17:00:00+00:00,tt_thamrin,22.0,22.916983
3,2026-08-18 19:00:00+00:00,tt_bekasi,17.0,17.817572
3,2026-08-18 19:00:00+00:00,tt_bogor,45.0,41.41403
3,2026-08-18 19:00:00+00:00,tt_bsd,34.0,33.341686
3,2026-08-18 19:00:00+00:00,tt_cawang,43.0,41.00638
3,2026-08-18 19:00:00+00:00,tt_depok,31.0,30.205528
3,2026-08-18 19:00:00+00:00,tt_gatsu,45.0,47.740677
3,2026-08-18 19:00:00+00:00,tt_grogol,40.0,38.640324
3,2026-08-18 19:00:00+00:00,tt_kebonjeruk,35.0,35.195587
3,2026-08-18 19:00:00+00:00,tt_kelapagading,29.0,28.039953
3,2026-08-18 19:00:00+00:00,tt_kuningan,21.0,21.084133
3,2026-08-18 19:00:00+00:00,tt_sudirman,39.0,36.816402
3,2026-08-18 19:00:00+00:00,tt_tangerang,48.0,43.98466
3,2026-08-18 19:00:00+00:00,tt_tbsimatupang,72.0,59.039
3,2026-08-18 19:00:00+00:00,tt_thamrin,22.0,22.817253
3,2026-08-18 20:00:00+00:00,tt_bekasi,17.0,17.78026
3,2026-08-18 20:00:00+00:00,tt_bogor,45.0,41.25686
3,2026-08-18 20:00:00+00:00,tt_bsd,34.0,33.05376
3,2026-08-18 20:00:00+00:00,tt_cawang,43.0,41.015495
3,2026-08-18 20:00:00+00:00,tt_depok,31.0,30.071003
3,2026-08-18 20:00:00+00:00,tt_gatsu,45.0,46.65371
3,2026-08-18 20:00:00+00:00,tt_grogol,40.0,38.308006
3,2026-08-18 20:00:00+00:00,tt_kebonjeruk,35.0,34.71826
3,2026-08-18 20:00:00+00:00,tt_kelapagading,29.0,27.807514
3,2026-08-18 20:00:00+00:00,tt_kuningan,21.0,21.295801
3,2026-08-18 20:00:00+00:00,tt_sudirman,39.0,37.04596
3,2026-08-18 20:00:00+00:00,tt_tangerang,48.0,43.58932
3,2026-08-18 20:00:00+00:00,tt_tbsimatupang,72.0,58.119434
3,2026-08-18 20:00:00+00:00,tt_thamrin,22.0,22.44347
3,2026-08-18 22:00:00+00:00,tt_bekasi,17.0,17.270838
3,2026-08-18 22:00:00+00:00,tt_bogor,45.0,40.77765
3,2026-08-18 22:00:00+00:00,tt_bsd,34.0,32.562996
3,2026-08-18 22:00:00+00:00,tt_cawang,43.0,40.21965
3,2026-08-18 22:00:00+00:00,tt_depok,31.0,29.53662
3,2026-08-18 22:00:00+00:00,tt_gatsu,45.0,44.7014
3,2026-08-18 22:00:00+00:00,tt_grogol,40.0,37.594215
3,2026-08-18 22:00:00+00:00,tt_kebonjeruk,35.0,33.496666
3,2026-08-18 22:00:00+00:00,tt_kelapagading,29.0,27.179108
3,2026-08-18 22:00:00+00:00,tt_kuningan,21.0,21.093987
3,2026-08-18 22:00:00+00:00,tt_sudirman,39.0,36.515408
3,2026-08-18 22:00:00+00:00,tt_tangerang,48.0,43.08004
3,2026-08-18 22:00:00+00:00,tt_tbsimatupang,72.0,56.76584
3,2026-08-18 22:00:00+00:00,tt_thamrin,22.0,21.619827
3,2026-08-19 00:00:00+00:00,tt_bekasi,15.0,16.561966
3,2026-08-19 00:00:00+00:00,tt_bogor,35.0,40.582615
3,2026-08-19 00:00:00+00:00,tt_bsd,29.0,32.18304
3,2026-08-19 00:00:00+00:00,tt_cawang,20.0,39.625034
3,2026-08-19 00:00:00+00:00,tt_depok,31.0,29.110943
3,2026-08-19 00:00:00+00:00,tt_gatsu,45.0,43.06351
3,2026-08-19 00:00:00+00:00,tt_grogol,40.0,37.124596
3,2026-08-19 00:00:00+00:00,tt_kebonjeruk,27.0,32.671738
3,2026-08-19 00:00:00+00:00,tt_kelapagading,29.0,26.686352
3,2026-08-19 00:00:00+00:00,tt_kuningan,21.0,20.617096
3,2026-08-19 00:00:00+00:00,tt_sudirman,39.0,36.017338
3,2026-08-19 00:00:00+00:00,tt_tangerang,48.0,42.898487
3,2026-08-19 00:00:00+00:00,tt_tbsimatupang,39.0,55.99746
3,2026-08-19 00:00:00+00:00,tt_thamrin,19.0,20.902231
3,2026-08-19 01:00:00+00:00,tt_bekasi,15.999999,15.959771
3,2026-08-19 01:00:00+00:00,tt_bogor,37.0,40.553192
3,2026-08-19 01:00:00+00:00,tt_bsd,34.0,32.0931
3,2026-08-19 01:00:00+00:00,tt_cawang,13.0,39.448616
3,2026-08-19 01:00:00+00:00,tt_depok,27.0,28.600819
3,2026-08-19 01:00:00+00:00,tt_gatsu,13.0,42.07802
3,2026-08-19 01:00:00+00:00,tt_grogol,32.0,36.909958
3,2026-08-19 01:00:00+00:00,tt_kebonjeruk,25.0,32.145435
3,2026-08-19 01:00:00+00:00,tt_kelapagading,29.0,26.379412
3,2026-08-19 01:00:00+00:00,tt_kuningan,21.0,19.814419
3,2026-08-19 01:00:00+00:00,tt_sudirman,22.0,35.819294
3,2026-08-19 01:00:00+00:00,tt_tangerang,39.0,42.850967
3,2026-08-19 01:00:00+00:00,tt_tbsimatupang,18.0,55.71347
3,2026-08-19 01:00:00+00:00,tt_thamrin,22.0,20.374184
3,2026-08-19 03:00:00+00:00,tt_bekasi,15.999999,13.498957
3,2026-08-19 03:00:00+00:00,tt_bogor,37.0,35.02533
3,2026-08-19 03:00:00+00:00,tt_bsd,34.0,30.459745
3,2026-08-19 03:00:00+00:00,tt_cawang,20.0,32.577526
3,2026-08-19 03:00:00+00:00,tt_depok,31.0,28.095388
3,2026-08-19 03:00:00+00:00,tt_gatsu,45.0,40.657524
3,2026-08-19 03:00:00+00:00,tt_grogol,31.0,36.338146
3,2026-08-19 03:00:00+00:00,tt_kebonjeruk,23.0,28.118654
3,2026-08-19 03:00:00+00:00,tt_kelapagading,29.0,25.58164
3,2026-08-19 03:00:00+00:00,tt_kuningan,15.999999,17.987919
3,2026-08-19 03:00:00+00:00,tt_sudirman,24.0,35.514774
3,2026-08-19 03:00:00+00:00,tt_tangerang,40.0,42.798447
3,2026-08-19 03:00:00+00:00,tt_tbsimatupang,33.0,41.558678
3,2026-08-19 03:00:00+00:00,tt_thamrin,20.0,17.954376
3,2026-08-19 05:00:00+00:00,tt_bekasi,15.0,13.059816
3,2026-08-19 05:00:00+00:00,tt_bogor,32.0,34.207027
3,2026-08-19 05:00:00+00:00,tt_bsd,34.0,32.12251
3,2026-08-19 05:00:00+00:00,tt_cawang,17.0,28.927141
3,2026-08-19 05:00:00+00:00,tt_depok,31.0,26.897427
3,2026-08-19 05:00:00+00:00,tt_gatsu,45.0,31.982586
3,2026-08-19 05:00:00+00:00,tt_grogol,31.0,32.77864
3,2026-08-19 05:00:00+00:00,tt_kebonjeruk,24.0,25.884262
3,2026-08-19 05:00:00+00:00,tt_kelapagading,21.0,26.481205
3,2026-08-19 05:00:00+00:00,tt_kuningan,17.0,17.503891
3,2026-08-19 05:00:00+00:00,tt_sudirman,27.0,27.670528
3,2026-08-19 05:00:00+00:00,tt_tangerang,40.0,37.057587
3,2026-08-19 05:00:00+00:00,tt_tbsimatupang,43.0,43.805206
3,2026-08-19 05:00:00+00:00,tt_thamrin,17.0,17.833168
3,2026-08-19 06:00:00+00:00,tt_bekasi,18.0,13.7589855
3,2026-08-19 06:00:00+00:00,tt_bogor,35.0,34.907314
3,2026-08-19 06:00:00+00:00,tt_bsd,34.0,32.22422
3,2026-08-19 06:00:00+00:00,tt_cawang,19.0,30.62632
3,2026-08-19 06:00:00+00:00,tt_depok,27.0,29.035358
3,2026-08-19 06:00:00+00:00,tt_gatsu,30.0,45.2222
3,2026-08-19 06:00:00+00:00,tt_grogol,27.0,32.786602
3,2026-08-19 06:00:00+00:00,tt_kebonjeruk,21.0,25.30518
3,2026-08-19 06:00:00+00:00,tt_kelapagading,21.0,27.217163
3,2026-08-19 06:00:00+00:00,tt_kuningan,21.0,16.507565
3,2026-08-19 06:00:00+00:00,tt_sudirman,18.0,27.42162
3,2026-08-19 06:00:00+00:00,tt_tangerang,38.0,37.33785
3,2026-08-19 06:00:00+00:00,tt_tbsimatupang,48.0,47.649506
3,2026-08-19 06:00:00+00:00,tt_thamrin,13.0,17.806103
3,2026-08-19 08:00:00+00:00,tt_bekasi,15.0,14.453018
3,2026-08-19 08:00:00+00:00,tt_bogor,34.0,33.287273
3,2026-08-19 08:00:00+00:00,tt_bsd,28.0,32.233295
3,2026-08-19 08:00:00+00:00,tt_cawang,32.0,29.614044
3,2026-08-19 08:00:00+00:00,tt_depok,25.0,29.718313
3,2026-08-19 08:00:00+00:00,tt_gatsu,26.0,47.615562
3,2026-08-19 08:00:00+00:00,tt_grogol,27.0,33.641453
3,2026-08-19 08:00:00+00:00,tt_kebonjeruk,18.0,26.032495
3,2026-08-19 08:00:00+00:00,tt_kelapagading,22.0,25.20988
3,2026-08-19 08:00:00+00:00,tt_kuningan,21.0,16.910452
3,2026-08-19 08:00:00+00:00,tt_sudirman,22.0,28.500294
3,2026-08-19 08:00:00+00:00,tt_tangerang,48.0,37.466927
3,2026-08-19 08:00:00+00:00,tt_tbsimatupang,32.0,49.170376
3,2026-08-19 08:00:00+00:00,tt_thamrin,8.0,17.300442
3,2026-08-19 10:00:00+00:00,tt_bekasi,13.0,17.32972
3,2026-08-19 10:00:00+00:00,tt_bogor,30.0,33.740738
3,2026-08-19 10:00:00+00:00,tt_bsd,34.0,32.2988
3,2026-08-19 10:00:00+00:00,tt_cawang,43.0,30.099907
3,2026-08-19 10:00:00+00:00,tt_depok,23.0,27.94208
3,2026-08-19 10:00:00+00:00,tt_gatsu,23.0,39.119267
3,2026-08-19 10:00:00+00:00,tt_grogol,30.0,33.25068
3,2026-08-19 10:00:00+00:00,tt_kebonjeruk,19.0,25.476393
3,2026-08-19 10:00:00+00:00,tt_kelapagading,22.0,24.114487
3,2026-08-19 10:00:00+00:00,tt_kuningan,15.999999,20.214394
3,2026-08-19 10:00:00+00:00,tt_sudirman,19.0,24.863918
3,2026-08-19 10:00:00+00:00,tt_tangerang,28.0,35.977665
3,2026-08-19 10:00:00+00:00,tt_tbsimatupang,34.0,49.881546
3,2026-08-19 10:00:00+00:00,tt_thamrin,17.0,15.721527
3,2026-08-19 11:00:00+00:00,tt_bekasi,18.0,17.266481
3,2026-08-19 11:00:00+00:00,tt_bogor,33.0,32.665607
3,2026-08-19 11:00:00+00:00,tt_bsd,27.0,30.642107
3,2026-08-19 11:00:00+00:00,tt_cawang,43.0,36.154846
3,2026-08-19 11:00:00+00:00,tt_depok,25.0,27.421354
3,2026-08-19 11:00:00+00:00,tt_gatsu,35.0,37.495922
3,2026-08-19 11:00:00+00:00,tt_grogol,32.0,33.818264
3,2026-08-19 11:00:00+00:00,tt_kebonjeruk,21.0,24.77507
3,2026-08-19 11:00:00+00:00,tt_kelapagading,20.0,24.95921
3,2026-08-19 11:00:00+00:00,tt_kuningan,15.999999,20.70217
3,2026-08-19 11:00:00+00:00,tt_sudirman,15.999999,26.118305
3,2026-08-19 11:00:00+00:00,tt_tangerang,26.0,41.50154
3,2026-08-19 11:00:00+00:00,tt_tbsimatupang,44.0,42.12755
3,2026-08-19 11:00:00+00:00,tt_thamrin,10.0,14.93021
3,2026-08-19 13:00:00+00:00,tt_bekasi,18.0,18.550278
3,2026-08-19 13:00:00+00:00,tt_bogor,45.0,30.796635
3,2026-08-19 13:00:00+00:00,tt_bsd,34.0,32.579933
3,2026-08-19 13:00:00+00:00,tt_cawang,43.0,42.15837
3,2026-08-19 13:00:00+00:00,tt_depok,25.0,27.373302
3,2026-08-19 13:00:00+00:00,tt_gatsu,45.0,35.874638
3,2026-08-19 13:00:00+00:00,tt_grogol,31.0,35.734695
3,2026-08-19 13:00:00+00:00,tt_kebonjeruk,27.0,26.050365
3,2026-08-19 13:00:00+00:00,tt_kelapagading,23.0,25.66732
3,2026-08-19 13:00:00+00:00,tt_kuningan,13.0,20.69075
3,2026-08-19 13:00:00+00:00,tt_sudirman,30.0,25.061573
3,2026-08-19 13:00:00+00:00,tt_tangerang,48.0,36.21294
3,2026-08-19 13:00:00+00:00,tt_tbsimatupang,72.0,37.794765
3,2026-08-19 13:00:00+00:00,tt_thamrin,20.0,18.848526
3,2026-08-19 15:00:00+00:00,tt_bekasi,15.999999,22.055653
3,2026-08-19 15:00:00+00:00,tt_bogor,38.0,31.361181
3,2026-08-19 15:00:00+00:00,tt_bsd,34.0,30.778843
3,2026-08-19 15:00:00+00:00,tt_cawang,32.0,42.728615
3,2026-08-19 15:00:00+00:00,tt_depok,31.0,28.931364
3,2026-08-19 15:00:00+00:00,tt_gatsu,45.0,38.807106
3,2026-08-19 15:00:00+00:00,tt_grogol,40.0,37.57338
3,2026-08-19 15:00:00+00:00,tt_kebonjeruk,31.0,28.187115
3,2026-08-19 15:00:00+00:00,tt_kelapagading,29.0,25.247595
3,2026-08-19 15:00:00+00:00,tt_kuningan,21.0,21.758236
3,2026-08-19 15:00:00+00:00,tt_sudirman,29.0,22.425941
3,2026-08-19 15:00:00+00:00,tt_tangerang,48.0,33.338722
3,2026-08-19 15:00:00+00:00,tt_tbsimatupang,72.0,41.62241
3,2026-08-19 15:00:00+00:00,tt_thamrin,21.0,18.175495
3,2026-08-19 16:00:00+00:00,tt_bekasi,18.0,22.322056
3,2026-08-19 16:00:00+00:00,tt_bogor,45.0,39.02005
3,2026-08-19 16:00:00+00:00,tt_bsd,34.0,33.32406
3,2026-08-19 16:00:00+00:00,tt_cawang,43.0,42.401024
3,2026-08-19 16:00:00+00:00,tt_depok,31.0,28.710403
3,2026-08-19 16:00:00+00:00,tt_gatsu,45.0,43.391426
3,2026-08-19 16:00:00+00:00,tt_grogol,40.0,37.099876
3,2026-08-19 16:00:00+00:00,tt_kebonjeruk,35.0,30.897762
3,2026-08-19 16:00:00+00:00,tt_kelapagading,29.0,26.671556
3,2026-08-19 16:00:00+00:00,tt_kuningan,21.0,20.81174
3,2026-08-19 16:00:00+00:00,tt_sudirman,39.0,29.70175
3,2026-08-19 16:00:00+00:00,tt_tangerang,48.0,43.893005
3,2026-08-19 16:00:00+00:00,tt_tbsimatupang,72.0,59.960304
3,2026-08-19 16:00:00+00:00,tt_thamrin,22.0,21.774677
3,2026-08-19 18:00:00+00:00,tt_bekasi,18.0,20.57868
3,2026-08-19 18:00:00+00:00,tt_bogor,45.0,38.424465
3,2026-08-19 18:00:00+00:00,tt_bsd,34.0,34.064598
3,2026-08-19 18:00:00+00:00,tt_cawang,43.0,36.946938
3,2026-08-19 18:00:00+00:00,tt_depok,31.0,30.576647
3,2026-08-19 18:00:00+00:00,tt_gatsu,45.0,43.809643
3,2026-08-19 18:00:00+00:00,tt_grogol,40.0,39.07708
3,2026-08-19 18:00:00+00:00,tt_kebonjeruk,35.0,33.05565
3,2026-08-19 18:00:00+00:00,tt_kelapagading,29.0,28.52286
3,2026-08-19 18:00:00+00:00,tt_kuningan,21.0,22.581821
3,2026-08-19 18:00:00+00:00,tt_sudirman,39.0,31.709608
3,2026-08-19 18:00:00+00:00,tt_tangerang,44.0,47.09024
3,2026-08-19 18:00:00+00:00,tt_tbsimatupang,72.0,62.75609
3,2026-08-19 18:00:00+00:00,tt_thamrin,22.0,23.220625
3,2026-08-19 20:00:00+00:00,tt_bekasi,18.0,20.12828
3,2026-08-19 20:00:00+00:00,tt_bogor,45.0,41.348793
3,2026-08-19 20:00:00+00:00,tt_bsd,34.0,33.525494
3,2026-08-19 20:00:00+00:00,tt_cawang,43.0,40.724167
3,2026-08-19 20:00:00+00:00,tt_depok,31.0,31.02956
3,2026-08-19 20:00:00+00:00,tt_gatsu,45.0,42.363403
3,2026-08-19 20:00:00+00:00,tt_grogol,40.0,39.68211
3,2026-08-19 20:00:00+00:00,tt_kebonjeruk,35.0,35.404827
3,2026-08-19 20:00:00+00:00,tt_kelapagading,29.0,29.01739
3,2026-08-19 20:00:00+00:00,tt_kuningan,21.0,22.35671
3,2026-08-19 20:00:00+00:00,tt_sudirman,39.0,37.94758
3,2026-08-19 20:00:00+00:00,tt_tangerang,48.0,45.932602
3,2026-08-19 20:00:00+00:00,tt_tbsimatupang,72.0,60.199455
3,2026-08-19 20:00:00+00:00,tt_thamrin,22.0,24.464695
3,2026-08-19 21:00:00+00:00,tt_bekasi,18.0,19.54429
3,2026-08-19 21:00:00+00:00,tt_bogor,45.0,41.29037
3,2026-08-19 21:00:00+00:00,tt_bsd,34.0,33.224392
3,2026-08-19 21:00:00+00:00,tt_cawang,43.0,40.517838
3,2026-08-19 21:00:00+00:00,tt_depok,31.0,30.487177
3,2026-08-19 21:00:00+00:00,tt_gatsu,45.0,41.87226
3,2026-08-19 21:00:00+00:00,tt_grogol,40.0,39.006542
3,2026-08-19 21:00:00+00:00,tt_kebonjeruk,35.0,34.897034
3,2026-08-19 21:00:00+00:00,tt_kelapagading,29.0,28.393261
3,2026-08-19 21:00:00+00:00,tt_kuningan,21.0,22.03424
3,2026-08-19 21:00:00+00:00,tt_sudirman,39.0,37.847515
3,2026-08-19 21:00:00+00:00,tt_tangerang,48.0,43.215836
3,2026-08-19 21:00:00+00:00,tt_tbsimatupang,72.0,58.97221
3,2026-08-19 21:00:00+00:00,tt_thamrin,22.0,23.901941
3,2026-08-19 23:00:00+00:00,tt_bekasi,17.0,18.266296
3,2026-08-19 23:00:00+00:00,tt_bogor,35.0,40.88675
3,2026-08-19 23:00:00+00:00,tt_bsd,34.0,32.668644
3,2026-08-19 23:00:00+00:00,tt_cawang,26.0,39.786507
3,2026-08-19 23:00:00+00:00,tt_depok,31.0,29.45292
3,2026-08-19 23:00:00+00:00,tt_gatsu,45.0,41.21455
3,2026-08-19 23:00:00+00:00,tt_grogol,35.0,37.945854
3,2026-08-19 23:00:00+00:00,tt_kebonjeruk,30.0,33.583267
3,2026-08-19 23:00:00+00:00,tt_kelapagading,29.0,27.450691
3,2026-08-19 23:00:00+00:00,tt_kuningan,21.0,21.077194
3,2026-08-19 23:00:00+00:00,tt_sudirman,39.0,37.096943
3,2026-08-19 23:00:00+00:00,tt_tangerang,48.0,43.5316
3,2026-08-19 23:00:00+00:00,tt_tbsimatupang,72.0,57.13424
3,2026-08-19 23:00:00+00:00,tt_thamrin,20.0,22.770267
3,2026-08-20 01:00:00+00:00,tt_bekasi,18.0,16.52303
3,2026-08-20 01:00:00+00:00,tt_bogor,35.0,40.619385
3,2026-08-20 01:00:00+00:00,tt_bsd,29.0,32.262806
3,2026-08-20 01:00:00+00:00,tt_cawang,14.0,39.44991
3,2026-08-20 01:00:00+00:00,tt_depok,31.0,28.599281
3,2026-08-20 01:00:00+00:00,tt_gatsu,37.0,40.73388
3,2026-08-20 01:00:00+00:00,tt_grogol,30.0,37.23034
3,2026-08-20 01:00:00+00:00,tt_kebonjeruk,26.0,32.349644
3,2026-08-20 01:00:00+00:00,tt_kelapagading,29.0,26.826315
3,2026-08-20 01:00:00+00:00,tt_kuningan,21.0,19.8069
3,2026-08-20 01:00:00+00:00,tt_sudirman,27.0,36.52074
3,2026-08-20 01:00:00+00:00,tt_tangerang,36.0,43.46999
3,2026-08-20 01:00:00+00:00,tt_tbsimatupang,18.0,55.96483
3,2026-08-20 01:00:00+00:00,tt_thamrin,18.0,21.50731
3,2026-08-20 02:00:00+00:00,tt_bekasi,18.0,15.208609
3,2026-08-20 02:00:00+00:00,tt_bogor,40.0,35.813244
3,2026-08-20 02:00:00+00:00,tt_bsd,34.0,32.051914
3,2026-08-20 02:00:00+00:00,tt_cawang,18.0,33.589813
3,2026-08-20 02:00:00+00:00,tt_depok,31.0,28.35005
3,2026-08-20 02:00:00+00:00,tt_gatsu,45.0,40.676487
3,2026-08-20 02:00:00+00:00,tt_grogol,30.0,34.371586
3,2026-08-20 02:00:00+00:00,tt_kebonjeruk,26.0,29.728275
3,2026-08-20 02:00:00+00:00,tt_kelapagading,25.0,26.191357
3,2026-08-20 02:00:00+00:00,tt_kuningan,21.0,19.138025
3,2026-08-20 02:00:00+00:00,tt_sudirman,25.0,35.943466
3,2026-08-20 02:00:00+00:00,tt_tangerang,48.0,43.12541
3,2026-08-20 02:00:00+00:00,tt_tbsimatupang,21.0,55.42889
3,2026-08-20 02:00:00+00:00,tt_thamrin,18.0,19.582607
3,2026-08-20 04:00:00+00:00,tt_bekasi,15.0,14.262865
3,2026-08-20 04:00:00+00:00,tt_bogor,35.0,32.82608
3,2026-08-20 04:00:00+00:00,tt_bsd,34.0,30.336977
3,2026-08-20 04:00:00+00:00,tt_cawang,20.0,28.868088
3,2026-08-20 04:00:00+00:00,tt_depok,27.0,28.233603
3,2026-08-20 04:00:00+00:00,tt_gatsu,45.0,36.571377
3,2026-08-20 04:00:00+00:00,tt_grogol,25.0,31.436161
3,2026-08-20 04:00:00+00:00,tt_kebonjeruk,25.0,26.630602
3,2026-08-20 04:00:00+00:00,tt_kelapagading,22.0,26.10191
3,2026-08-20 04:00:00+00:00,tt_kuningan,21.0,17.514036
3,2026-08-20 04:00:00+00:00,tt_sudirman,26.0,30.794554
3,2026-08-20 04:00:00+00:00,tt_tangerang,48.0,37.088425
3,2026-08-20 04:00:00+00:00,tt_tbsimatupang,45.0,41.598564
3,2026-08-20 04:00:00+00:00,tt_thamrin,13.0,16.505623
3,2026-08-20 06:00:00+00:00,tt_bekasi,15.0,15.040625
3,2026-08-20 06:00:00+00:00,tt_bogor,39.0,36.381527
3,2026-08-20 06:00:00+00:00,tt_bsd,34.0,32.030643
3,2026-08-20 06:00:00+00:00,tt_cawang,28.0,28.981426
3,2026-08-20 06:00:00+00:00,tt_depok,29.0,28.333395
3,2026-08-20 06:00:00+00:00,tt_gatsu,28.0,40.727783
3,2026-08-20 06:00:00+00:00,tt_grogol,29.0,31.751604
3,2026-08-20 06:00:00+00:00,tt_kebonjeruk,25.0,26.05585
3,2026-08-20 06:00:00+00:00,tt_kelapagading,20.0,24.205742
3,2026-08-20 06:00:00+00:00,tt_kuningan,15.999999,17.757633
3,2026-08-20 06:00:00+00:00,tt_sudirman,21.0,27.740417
3,2026-08-20 06:00:00+00:00,tt_tangerang,38.0,42.711224
3,2026-08-20 06:00:00+00:00,tt_tbsimatupang,27.0,46.53727
3,2026-08-20 06:00:00+00:00,tt_thamrin,12.0,16.016651
3,2026-08-20 07:00:00+00:00,tt_bekasi,15.999999,14.621296
3,2026-08-20 07:00:00+00:00,tt_bogor,36.0,34.83465
3,2026-08-20 07:00:00+00:00,tt_bsd,34.0,32.162453
3,2026-08-20 07:00:00+00:00,tt_cawang,21.0,29.703749
3,2026-08-20 07:00:00+00:00,tt_depok,26.0,26.706497
3,2026-08-20 07:00:00+00:00,tt_gatsu,20.0,40.91013
3,2026-08-20 07:00:00+00:00,tt_grogol,29.0,30.396097
3,2026-08-20 07:00:00+00:00,tt_kebonjeruk,22.0,25.884117
3,2026-08-20 07:00:00+00:00,tt_kelapagading,20.0,23.092566
3,2026-08-20 07:00:00+00:00,tt_kuningan,21.0,18.528618
3,2026-08-20 07:00:00+00:00,tt_sudirman,20.0,27.913136
3,2026-08-20 07:00:00+00:00,tt_tangerang,37.0,42.89666
3,2026-08-20 07:00:00+00:00,tt_tbsimatupang,49.0,53.347366
3,2026-08-20 07:00:00+00:00,tt_thamrin,12.0,14.514399
3,2026-08-20 09:00:00+00:00,tt_bekasi,14.0,15.332371
3,2026-08-20 09:00:00+00:00,tt_bogor,34.0,35.2161
3,2026-08-20 09:00:00+00:00,tt_bsd,28.0,32.345806
3,2026-08-20 09:00:00+00:00,tt_cawang,30.0,33.889374
3,2026-08-20 09:00:00+00:00,tt_depok,26.0,27.274239
3,2026-08-20 09:00:00+00:00,tt_gatsu,32.0,34.45275
3,2026-08-20 09:00:00+00:00,tt_grogol,31.0,32.482315
3,2026-08-20 09:00:00+00:00,tt_kebonjeruk,21.0,26.441837
3,2026-08-20 09:00:00+00:00,tt_kelapagading,21.0,22.05508
3,2026-08-20 09:00:00+00:00,tt_kuningan,13.0,17.188179
3,2026-08-20 09:00:00+00:00,tt_sudirman,23.0,26.47345
3,2026-08-20 09:00:00+00:00,tt_tangerang,34.0,38.11755
3,2026-08-20 09:00:00+00:00,tt_tbsimatupang,47.0,45.395954
3,2026-08-20 09:00:00+00:00,tt_thamrin,18.0,14.098587
3,2026-08-20 11:00:00+00:00,tt_bekasi,18.0,17.323227
3,2026-08-20 11:00:00+00:00,tt_bogor,35.0,34.09285
3,2026-08-20 11:00:00+00:00,tt_bsd,34.0,32.48164
3,2026-08-20 11:00:00+00:00,tt_cawang,33.0,31.18599
3,2026-08-20 11:00:00+00:00,tt_depok,26.0,27.275496
3,2026-08-20 11:00:00+00:00,tt_gatsu,7.0,31.062279
3,2026-08-20 11:00:00+00:00,tt_grogol,29.0,34.582527
3,2026-08-20 11:00:00+00:00,tt_kebonjeruk,18.0,25.949577
3,2026-08-20 11:00:00+00:00,tt_kelapagading,21.0,22.124456
3,2026-08-20 11:00:00+00:00,tt_kuningan,15.999999,20.222178
3,2026-08-20 11:00:00+00:00,tt_sudirman,12.0,25.482647
3,2026-08-20 11:00:00+00:00,tt_tangerang,35.0,36.01892
3,2026-08-20 11:00:00+00:00,tt_tbsimatupang,24.0,51.258667
3,2026-08-20 11:00:00+00:00,tt_thamrin,10.0,14.7689705
3,2026-08-20 12:00:00+00:00,tt_bekasi,14.0,17.669773
3,2026-08-20 12:00:00+00:00,tt_bogor,37.0,32.565285
3,2026-08-20 12:00:00+00:00,tt_bsd,34.0,30.894976
3,2026-08-20 12:00:00+00:00,tt_cawang,43.0,34.57059
3,2026-08-20 12:00:00+00:00,tt_depok,24.0,27.69713
3,2026-08-20 12:00:00+00:00,tt_gatsu,10.0,35.55711
3,2026-08-20 12:00:00+00:00,tt_grogol,32.0,35.868195
3,2026-08-20 12:00:00+00:00,tt_kebonjeruk,23.0,26.013233
3,2026-08-20 12:00:00+00:00,tt_kelapagading,21.0,22.981293
3,2026-08-20 12:00:00+00:00,tt_kuningan,13.0,18.174759
3,2026-08-20 12:00:00+00:00,tt_sudirman,22.0,26.742325
3,2026-08-20 12:00:00+00:00,tt_tangerang,48.0,34.928577
3,2026-08-20 12:00:00+00:00,tt_tbsimatupang,40.0,48.648502
3,2026-08-20 12:00:00+00:00,tt_thamrin,9.0,18.110538
3,2026-08-20 14:00:00+00:00,tt_bekasi,18.0,20.451109
3,2026-08-20 14:00:00+00:00,tt_bogor,38.0,31.649254
3,2026-08-20 14:00:00+00:00,tt_bsd,27.0,32.907127
3,2026-08-20 14:00:00+00:00,tt_cawang,32.0,36.328896
3,2026-08-20 14:00:00+00:00,tt_depok,31.0,28.620798
3,2026-08-20 14:00:00+00:00,tt_gatsu,45.0,30.314621
3,2026-08-20 14:00:00+00:00,tt_grogol,40.0,35.977306
3,2026-08-20 14:00:00+00:00,tt_kebonjeruk,28.0,25.709047
3,2026-08-20 14:00:00+00:00,tt_kelapagading,29.0,23.916943
3,2026-08-20 14:00:00+00:00,tt_kuningan,15.999999,18.901829
3,2026-08-20 14:00:00+00:00,tt_sudirman,39.0,23.510252
3,2026-08-20 14:00:00+00:00,tt_tangerang,48.0,34.667873
3,2026-08-20 14:00:00+00:00,tt_tbsimatupang,59.0,38.697086
3,2026-08-20 14:00:00+00:00,tt_thamrin,13.0,18.113956
3,2026-08-20 16:00:00+00:00,tt_bekasi,15.0,19.62881
3,2026-08-20 16:00:00+00:00,tt_bogor,45.0,33.826847
3,2026-08-20 16:00:00+00:00,tt_bsd,34.0,33.687862
3,2026-08-20 16:00:00+00:00,tt_cawang,43.0,42.325264
3,2026-08-20 16:00:00+00:00,tt_depok,31.0,29.28706
3,2026-08-20 16:00:00+00:00,tt_gatsu,45.0,29.625093
3,2026-08-20 16:00:00+00:00,tt_grogol,40.0,37.138016
3,2026-08-20 16:00:00+00:00,tt_kebonjeruk,35.0,29.107727
3,2026-08-20 16:00:00+00:00,tt_kelapagading,29.0,24.245045
3,2026-08-20 16:00:00+00:00,tt_kuningan,21.0,18.70938
3,2026-08-20 16:00:00+00:00,tt_sudirman,39.0,26.248848
3,2026-08-20 16:00:00+00:00,tt_tangerang,48.0,44.4289
3,2026-08-20 16:00:00+00:00,tt_tbsimatupang,72.0,40.49359
3,2026-08-20 16:00:00+00:00,tt_thamrin,22.0,17.70935
3,2026-08-20 17:00:00+00:00,tt_bekasi,18.0,20.889149
3,2026-08-20 17:00:00+00:00,tt_bogor,45.0,34.89434
3,2026-08-20 17:00:00+00:00,tt_bsd,34.0,31.582895
3,2026-08-20 17:00:00+00:00,tt_cawang,43.0,38.00691
3,2026-08-20 17:00:00+00:00,tt_depok,31.0,32.818268
3,2026-08-20 17:00:00+00:00,tt_gatsu,45.0,46.39541
3,2026-08-20 17:00:00+00:00,tt_grogol,40.0,40.120773
3,2026-08-20 17:00:00+00:00,tt_kebonjeruk,35.0,31.777475
3,2026-08-20 17:00:00+00:00,tt_kelapagading,29.0,27.820082
3,2026-08-20 17:00:00+00:00,tt_kuningan,21.0,20.346699
3,2026-08-20 17:00:00+00:00,tt_sudirman,39.0,35.954113
3,2026-08-20 17:00:00+00:00,tt_tangerang,48.0,45.295326
3,2026-08-20 17:00:00+00:00,tt_tbsimatupang,72.0,51.733414
3,2026-08-20 17:00:00+00:00,tt_thamrin,22.0,19.19823
3,2026-08-20 19:00:00+00:00,tt_bekasi,18.0,20.24392
3,2026-08-20 19:00:00+00:00,tt_bogor,45.0,39.84476
3,2026-08-20 19:00:00+00:00,tt_bsd,34.0,33.335922
3,2026-08-20 19:00:00+00:00,tt_cawang,43.0,40.381447
3,2026-08-20 19:00:00+00:00,tt_depok,31.0,33.0832
3,2026-08-20 19:00:00+00:00,tt_gatsu,45.0,49.338455
3,2026-08-20 19:00:00+00:00,tt_grogol,40.0,40.310284
3,2026-08-20 19:00:00+00:00,tt_kebonjeruk,35.0,35.438885
3,2026-08-20 19:00:00+00:00,tt_kelapagading,29.0,29.23594
3,2026-08-20 19:00:00+00:00,tt_kuningan,21.0,23.251684
3,2026-08-20 19:00:00+00:00,tt_sudirman,39.0,39.394444
3,2026-08-20 19:00:00+00:00,tt_tangerang,48.0,44.44036
3,2026-08-20 19:00:00+00:00,tt_tbsimatupang,72.0,61.628708
3,2026-08-20 19:00:00+00:00,tt_thamrin,22.0,23.106922
3,2026-08-20 21:00:00+00:00,tt_bekasi,18.0,20.058762
3,2026-08-20 21:00:00+00:00,tt_bogor,45.0,41.542496
3,2026-08-20 21:00:00+00:00,tt_bsd,34.0,33.818516
3,2026-08-20 21:00:00+00:00,tt_cawang,43.0,41.20623
3,2026-08-20 21:00:00+00:00,tt_depok,31.0,31.698288
3,2026-08-20 21:00:00+00:00,tt_gatsu,45.0,46.993923
3,2026-08-20 21:00:00+00:00,tt_grogol,40.0,39.03626
3,2026-08-20 21:00:00+00:00,tt_kebonjeruk,35.0,35.519165
3,2026-08-20 21:00:00+00:00,tt_kelapagading,29.0,28.537443
3,2026-08-20 21:00:00+00:00,tt_kuningan,21.0,23.138388
3,2026-08-20 21:00:00+00:00,tt_sudirman,39.0,38.362835
3,2026-08-20 21:00:00+00:00,tt_tangerang,48.0,43.4942
3,2026-08-20 21:00:00+00:00,tt_tbsimatupang,72.0,61.08619
3,2026-08-20 21:00:00+00:00,tt_thamrin,22.0,23.596981
3,2026-08-20 22:00:00+00:00,tt_bekasi,18.0,19.53896
3,2026-08-20 22:00:00+00:00,tt_bogor,45.0,41.30898
3,2026-08-20 22:00:00+00:00,tt_bsd,34.0,33.54603
3,2026-08-20 22:00:00+00:00,tt_cawang,43.0,40.741158
3,2026-08-20 22:00:00+00:00,tt_depok,31.0,30.907358
3,2026-08-20 22:00:00+00:00,tt_gatsu,45.0,45.820694
3,2026-08-20 22:00:00+00:00,tt_grogol,40.0,38.407333
3,2026-08-20 22:00:00+00:00,tt_kebonjeruk,35.0,34.760654
3,2026-08-20 22:00:00+00:00,tt_kelapagading,29.0,27.958511
3,2026-08-20 22:00:00+00:00,tt_kuningan,21.0,22.921368
3,2026-08-20 22:00:00+00:00,tt_sudirman,39.0,37.73422
3,2026-08-20 22:00:00+00:00,tt_tangerang,48.0,43.22486
3,2026-08-20 22:00:00+00:00,tt_tbsimatupang,72.0,59.851532
3,2026-08-20 22:00:00+00:00,tt_thamrin,22.0,22.826405
3,2026-08-21 00:00:00+00:00,tt_bekasi,18.0,18.296593
3,2026-08-21 00:00:00+00:00,tt_bogor,35.0,40.823128
3,2026-08-21 00:00:00+00:00,tt_bsd,29.0,32.86448
3,2026-08-21 00:00:00+00:00,tt_cawang,18.0,39.917557
3,2026-08-21 00:00:00+00:00,tt_depok,25.0,29.804167
3,2026-08-21 00:00:00+00:00,tt_gatsu,45.0,43.916603
3,2026-08-21 00:00:00+00:00,tt_grogol,34.0,37.514324
3,2026-08-21 00:00:00+00:00,tt_kebonjeruk,25.0,33.426933
3,2026-08-21 00:00:00+00:00,tt_kelapagading,26.0,27.012676
3,2026-08-21 00:00:00+00:00,tt_kuningan,21.0,22.26677
3,2026-08-21 00:00:00+00:00,tt_sudirman,31.0,36.8674
3,2026-08-21 00:00:00+00:00,tt_tangerang,37.0,42.941418
3,2026-08-21 00:00:00+00:00,tt_tbsimatupang,32.0,57.795464
3,2026-08-21 00:00:00+00:00,tt_thamrin,22.0,21.372578
3,2026-08-21 02:00:00+00:00,tt_bekasi,17.0,16.868849
3,2026-08-21 02:00:00+00:00,tt_bogor,37.0,40.582817
3,2026-08-21 02:00:00+00:00,tt_bsd,28.0,32.370388
3,2026-08-21 02:00:00+00:00,tt_cawang,19.0,39.5013
3,2026-08-21 02:00:00+00:00,tt_depok,26.0,28.926289
3,2026-08-21 02:00:00+00:00,tt_gatsu,45.0,42.47771
3,2026-08-21 02:00:00+00:00,tt_grogol,31.0,36.899498
3,2026-08-21 02:00:00+00:00,tt_kebonjeruk,26.0,32.221348
3,2026-08-21 02:00:00+00:00,tt_kelapagading,29.0,26.249907
3,2026-08-21 02:00:00+00:00,tt_kuningan,21.0,20.742779
3,2026-08-21 02:00:00+00:00,tt_sudirman,23.0,36.049667
3,2026-08-21 02:00:00+00:00,tt_tangerang,37.0,42.84095
3,2026-08-21 02:00:00+00:00,tt_tbsimatupang,37.0,56.26712
3,2026-08-21 02:00:00+00:00,tt_thamrin,22.0,20.641283
3,2026-08-21 03:00:00+00:00,tt_bekasi,15.0,15.483154
3,2026-08-21 03:00:00+00:00,tt_bogor,38.0,34.801193
3,2026-08-21 03:00:00+00:00,tt_bsd,34.0,30.738907
3,2026-08-21 03:00:00+00:00,tt_cawang,21.0,32.5829
3,2026-08-21 03:00:00+00:00,tt_depok,31.0,26.201933
3,2026-08-21 03:00:00+00:00,tt_gatsu,45.0,41.470226
3,2026-08-21 03:00:00+00:00,tt_grogol,27.0,33.678883
3,2026-08-21 03:00:00+00:00,tt_kebonjeruk,24.0,27.952658
3,2026-08-21 03:00:00+00:00,tt_kelapagading,23.0,24.453999
3,2026-08-21 03:00:00+00:00,tt_kuningan,15.999999,19.142612
3,2026-08-21 03:00:00+00:00,tt_sudirman,28.0,32.23162
3,2026-08-21 03:00:00+00:00,tt_tangerang,48.0,37.493504
3,2026-08-21 03:00:00+00:00,tt_tbsimatupang,48.0,40.63837
3,2026-08-21 03:00:00+00:00,tt_thamrin,15.999999,19.426064
3,2026-08-21 05:00:00+00:00,tt_bekasi,15.999999,14.713112
3,2026-08-21 05:00:00+00:00,tt_bogor,45.0,34.339714
3,2026-08-21 05:00:00+00:00,tt_bsd,34.0,29.872887
3,2026-08-21 05:00:00+00:00,tt_cawang,43.0,30.405
3,2026-08-21 05:00:00+00:00,tt_depok,31.0,24.971611
3,2026-08-21 05:00:00+00:00,tt_gatsu,45.0,40.569565
3,2026-08-21 05:00:00+00:00,tt_grogol,32.0,32.089066
3,2026-08-21 05:00:00+00:00,tt_kebonjeruk,27.0,26.069962
3,2026-08-21 05:00:00+00:00,tt_kelapagading,23.0,25.872099
3,2026-08-21 05:00:00+00:00,tt_kuningan,21.0,18.191076
3,2026-08-21 05:00:00+00:00,tt_sudirman,34.0,27.786938
3,2026-08-21 05:00:00+00:00,tt_tangerang,48.0,35.772926
3,2026-08-21 05:00:00+00:00,tt_tbsimatupang,72.0,44.13511
3,2026-08-21 05:00:00+00:00,tt_thamrin,21.0,18.86106
3,2026-08-21 07:00:00+00:00,tt_bekasi,14.0,14.072611
3,2026-08-21 07:00:00+00:00,tt_bogor,35.0,35.748764
3,2026-08-21 07:00:00+00:00,tt_bsd,34.0,32.72003
3,2026-08-21 07:00:00+00:00,tt_cawang,28.0,31.040106
3,2026-08-21 07:00:00+00:00,tt_depok,25.0,28.436157
3,2026-08-21 07:00:00+00:00,tt_gatsu,36.0,40.712193
3,2026-08-21 07:00:00+00:00,tt_grogol,28.0,30.834675
3,2026-08-21 07:00:00+00:00,tt_kebonjeruk,21.0,25.32294
3,2026-08-21 07:00:00+00:00,tt_kelapagading,20.0,23.714264
3,2026-08-21 07:00:00+00:00,tt_kuningan,21.0,15.712107
3,2026-08-21 07:00:00+00:00,tt_sudirman,18.0,29.140041
3,2026-08-21 07:00:00+00:00,tt_tangerang,39.0,43.403065
3,2026-08-21 07:00:00+00:00,tt_tbsimatupang,52.0,48.319023
3,2026-08-21 07:00:00+00:00,tt_thamrin,18.0,16.21899
3,2026-08-21 08:00:00+00:00,tt_bekasi,15.999999,15.420563
3,2026-08-21 08:00:00+00:00,tt_bogor,34.0,40.65268
3,2026-08-21 08:00:00+00:00,tt_bsd,34.0,32.942207
3,2026-08-21 08:00:00+00:00,tt_cawang,31.0,41.853027
3,2026-08-21 08:00:00+00:00,tt_depok,25.0,28.713993
3,2026-08-21 08:00:00+00:00,tt_gatsu,35.0,40.824936
3,2026-08-21 08:00:00+00:00,tt_grogol,29.0,32.84686
3,2026-08-21 08:00:00+00:00,tt_kebonjeruk,24.0,26.985033
3,2026-08-21 08:00:00+00:00,tt_kelapagading,21.0,23.979362
3,2026-08-21 08:00:00+00:00,tt_kuningan,17.0,18.300444
3,2026-08-21 08:00:00+00:00,tt_sudirman,24.0,31.954117
3,2026-08-21 08:00:00+00:00,tt_tangerang,40.0,44.000587
3,2026-08-21 08:00:00+00:00,tt_tbsimatupang,38.0,60.844788
3,2026-08-21 08:00:00+00:00,tt_thamrin,10.0,18.823349
3,2026-08-21 10:00:00+00:00,tt_bekasi,15.0,14.934027
3,2026-08-21 10:00:00+00:00,tt_bogor,32.0,36.40313
3,2026-08-21 10:00:00+00:00,tt_bsd,34.0,32.870243
3,2026-08-21 10:00:00+00:00,tt_cawang,22.0,38.927788
3,2026-08-21 10:00:00+00:00,tt_depok,24.0,26.268707
3,2026-08-21 10:00:00+00:00,tt_gatsu,34.0,36.192753
3,2026-08-21 10:00:00+00:00,tt_grogol,32.0,32.0844
3,2026-08-21 10:00:00+00:00,tt_kebonjeruk,20.0,25.701183
3,2026-08-21 10:00:00+00:00,tt_kelapagading,19.0,22.254665
3,2026-08-21 10:00:00+00:00,tt_kuningan,13.0,19.060421
3,2026-08-21 10:00:00+00:00,tt_sudirman,22.0,27.901955
3,2026-08-21 10:00:00+00:00,tt_tangerang,29.0,38.855263
3,2026-08-21 10:00:00+00:00,tt_tbsimatupang,27.0,51.83594
3,2026-08-21 10:00:00+00:00,tt_thamrin,19.0,18.499233
6,2026-08-18 07:00:00+00:00,tt_bekasi,15.0,12.222216
6,2026-08-18 07:00:00+00:00,tt_bogor,34.0,36.515625
6,2026-08-18 07:00:00+00:00,tt_bsd,30.0,31.963469
6,2026-08-18 07:00:00+00:00,tt_cawang,43.0,34.788425
6,2026-08-18 07:00:00+00:00,tt_depok,31.0,26.358994
6,2026-08-18 07:00:00+00:00,tt_gatsu,45.0,38.44115
6,2026-08-18 07:00:00+00:00,tt_grogol,32.0,33.082657
6,2026-08-18 07:00:00+00:00,tt_kebonjeruk,25.0,26.839924
6,2026-08-18 07:00:00+00:00,tt_kelapagading,22.0,25.409859
6,2026-08-18 07:00:00+00:00,tt_kuningan,15.0,14.595926
6,2026-08-18 07:00:00+00:00,tt_sudirman,28.0,33.092224
6,2026-08-18 07:00:00+00:00,tt_tangerang,38.0,38.142574
6,2026-08-18 07:00:00+00:00,tt_tbsimatupang,57.0,49.863396
6,2026-08-18 07:00:00+00:00,tt_thamrin,22.0,18.491398
6,2026-08-18 09:00:00+00:00,tt_bekasi,14.0,12.832872
6,2026-08-18 09:00:00+00:00,tt_bogor,35.0,36.162716
6,2026-08-18 09:00:00+00:00,tt_bsd,28.0,32.00483
6,2026-08-18 09:00:00+00:00,tt_cawang,29.0,34.5284
6,2026-08-18 09:00:00+00:00,tt_depok,24.0,28.065891
6,2026-08-18 09:00:00+00:00,tt_gatsu,45.0,35.849194
6,2026-08-18 09:00:00+00:00,tt_grogol,32.0,32.90643
6,2026-08-18 09:00:00+00:00,tt_kebonjeruk,23.0,26.788612
6,2026-08-18 09:00:00+00:00,tt_kelapagading,23.0,26.359182
6,2026-08-18 09:00:00+00:00,tt_kuningan,21.0,16.104881
6,2026-08-18 09:00:00+00:00,tt_sudirman,31.0,30.531733
6,2026-08-18 09:00:00+00:00,tt_tangerang,38.0,40.018787
6,2026-08-18 09:00:00+00:00,tt_tbsimatupang,43.0,51.426514
6,2026-08-18 09:00:00+00:00,tt_thamrin,22.0,15.991846
6,2026-08-18 10:00:00+00:00,tt_bekasi,14.0,13.695101
6,2026-08-18 10:00:00+00:00,tt_bogor,35.0,35.166557
6,2026-08-18 10:00:00+00:00,tt_bsd,34.0,31.230639
6,2026-08-18 10:00:00+00:00,tt_cawang,30.0,34.77231
6,2026-08-18 10:00:00+00:00,tt_depok,25.0,28.707775
6,2026-08-18 10:00:00+00:00,tt_gatsu,3.999998,35.097168
6,2026-08-18 10:00:00+00:00,tt_grogol,31.0,33.531517
6,2026-08-18 10:00:00+00:00,tt_kebonjeruk,21.0,27.025795
6,2026-08-18 10:00:00+00:00,tt_kelapagading,21.0,27.150957
6,2026-08-18 10:00:00+00:00,tt_kuningan,14.0,16.440529
6,2026-08-18 10:00:00+00:00,tt_sudirman,23.0,30.347647
6,2026-08-18 10:00:00+00:00,tt_tangerang,34.0,38.454247
6,2026-08-18 10:00:00+00:00,tt_tbsimatupang,44.0,55.147835
6,2026-08-18 10:00:00+00:00,tt_thamrin,22.0,16.01986
6,2026-08-18 12:00:00+00:00,tt_bekasi,14.0,15.595184
6,2026-08-18 12:00:00+00:00,tt_bogor,35.0,35.232216
6,2026-08-18 12:00:00+00:00,tt_bsd,34.0,31.385479
6,2026-08-18 12:00:00+00:00,tt_cawang,34.0,36.49511
6,2026-08-18 12:00:00+00:00,tt_depok,26.0,27.820211
6,2026-08-18 12:00:00+00:00,tt_gatsu,45.0,38.304405
6,2026-08-18 12:00:00+00:00,tt_grogol,32.0,37.013367
6,2026-08-18 12:00:00+00:00,tt_kebonjeruk,25.0,27.254852
6,2026-08-18 12:00:00+00:00,tt_kelapagading,22.0,26.76326
6,2026-08-18 12:00:00+00:00,tt_kuningan,13.0,18.875784
6,2026-08-18 12:00:00+00:00,tt_sudirman,29.0,32.683723
6,2026-08-18 12:00:00+00:00,tt_tangerang,48.0,37.54752
6,2026-08-18 12:00:00+00:00,tt_tbsimatupang,72.0,54.330467
6,2026-08-18 12:00:00+00:00,tt_thamrin,17.0,18.306578
6,2026-08-18 14:00:00+00:00,tt_bekasi,15.999999,17.618618
6,2026-08-18 14:00:00+00:00,tt_bogor,45.0,32.953026
6,2026-08-18 14:00:00+00:00,tt_bsd,34.0,32.949913
6,2026-08-18 14:00:00+00:00,tt_cawang,32.0,40.403435
6,2026-08-18 14:00:00+00:00,tt_depok,26.0,29.073723
6,2026-08-18 14:00:00+00:00,tt_gatsu,45.0,38.928574
6,2026-08-18 14:00:00+00:00,tt_grogol,40.0,36.27282
6,2026-08-18 14:00:00+00:00,tt_kebonjeruk,31.0,28.999165
6,2026-08-18 14:00:00+00:00,tt_kelapagading,29.0,26.778364
6,2026-08-18 14:00:00+00:00,tt_kuningan,15.999999,18.937704
6,2026-08-18 14:00:00+00:00,tt_sudirman,30.0,32.140522
6,2026-08-18 14:00:00+00:00,tt_tangerang,48.0,36.246147
6,2026-08-18 14:00:00+00:00,tt_tbsimatupang,72.0,53.742245
6,2026-08-18 14:00:00+00:00,tt_thamrin,22.0,20.864603
6,2026-08-18 15:00:00+00:00,tt_bekasi,15.999999,18.545732
6,2026-08-18 15:00:00+00:00,tt_bogor,45.0,32.23463
6,2026-08-18 15:00:00+00:00,tt_bsd,34.0,33.186577
6,2026-08-18 15:00:00+00:00,tt_cawang,43.0,38.295753
6,2026-08-18 15:00:00+00:00,tt_depok,31.0,27.915941
6,2026-08-18 15:00:00+00:00,tt_gatsu,45.0,39.073627
6,2026-08-18 15:00:00+00:00,tt_grogol,40.0,36.014034
6,2026-08-18 15:00:00+00:00,tt_kebonjeruk,35.0,29.212854
6,2026-08-18 15:00:00+00:00,tt_kelapagading,29.0,26.992775
6,2026-08-18 15:00:00+00:00,tt_kuningan,21.0,20.44776
6,2026-08-18 15:00:00+00:00,tt_sudirman,39.0,32.66731
6,2026-08-18 15:00:00+00:00,tt_tangerang,48.0,35.64566
6,2026-08-18 15:00:00+00:00,tt_tbsimatupang,72.0,50.4604
6,2026-08-18 15:00:00+00:00,tt_thamrin,22.0,21.902746
6,2026-08-18 17:00:00+00:00,tt_bekasi,17.0,21.398706
6,2026-08-18 17:00:00+00:00,tt_bogor,45.0,30.874926
6,2026-08-18 17:00:00+00:00,tt_bsd,34.0,35.190105
6,2026-08-18 17:00:00+00:00,tt_cawang,43.0,37.77919
6,2026-08-18 17:00:00+00:00,tt_depok,31.0,28.585913
6,2026-08-18 17:00:00+00:00,tt_gatsu,45.0,41.806644
6,2026-08-18 17:00:00+00:00,tt_grogol,40.0,35.63087
6,2026-08-18 17:00:00+00:00,tt_kebonjeruk,35.0,30.385502
6,2026-08-18 17:00:00+00:00,tt_kelapagading,29.0,27.178686
6,2026-08-18 17:00:00+00:00,tt_kuningan,21.0,22.098148
6,2026-08-18 17:00:00+00:00,tt_sudirman,39.0,31.101818
6,2026-08-18 17:00:00+00:00,tt_tangerang,48.0,34.375595
6,2026-08-18 17:00:00+00:00,tt_tbsimatupang,72.0,44.54749
6,2026-08-18 17:00:00+00:00,tt_thamrin,22.0,24.592737
6,2026-08-18 19:00:00+00:00,tt_bekasi,17.0,20.432861
6,2026-08-18 19:00:00+00:00,tt_bogor,45.0,30.589434
6,2026-08-18 19:00:00+00:00,tt_bsd,34.0,35.39751
6,2026-08-18 19:00:00+00:00,tt_cawang,43.0,38.372154
6,2026-08-18 19:00:00+00:00,tt_depok,31.0,29.748144
6,2026-08-18 19:00:00+00:00,tt_gatsu,45.0,49.348087
6,2026-08-18 19:00:00+00:00,tt_grogol,40.0,36.139267
6,2026-08-18 19:00:00+00:00,tt_kebonjeruk,35.0,32.27252
6,2026-08-18 19:00:00+00:00,tt_kelapagading,29.0,26.245584
6,2026-08-18 19:00:00+00:00,tt_kuningan,21.0,21.816875
6,2026-08-18 19:00:00+00:00,tt_sudirman,39.0,31.7914
6,2026-08-18 19:00:00+00:00,tt_tangerang,48.0,39.240257
6,2026-08-18 19:00:00+00:00,tt_tbsimatupang,72.0,53.02028
6,2026-08-18 19:00:00+00:00,tt_thamrin,22.0,23.5416
6,2026-08-18 20:00:00+00:00,tt_bekasi,17.0,19.88868
6,2026-08-18 20:00:00+00:00,tt_bogor,45.0,33.316467
6,2026-08-18 20:00:00+00:00,tt_bsd,34.0,35.185936
6,2026-08-18 20:00:00+00:00,tt_cawang,43.0,37.69705
6,2026-08-18 20:00:00+00:00,tt_depok,31.0,29.520164
6,2026-08-18 20:00:00+00:00,tt_gatsu,45.0,49.592773
6,2026-08-18 20:00:00+00:00,tt_grogol,40.0,37.08853
6,2026-08-18 20:00:00+00:00,tt_kebonjeruk,35.0,33.684166
6,2026-08-18 20:00:00+00:00,tt_kelapagading,29.0,27.388643
6,2026-08-18 20:00:00+00:00,tt_kuningan,21.0,21.132029
6,2026-08-18 20:00:00+00:00,tt_sudirman,39.0,31.995771
6,2026-08-18 20:00:00+00:00,tt_tangerang,48.0,39.766872
6,2026-08-18 20:00:00+00:00,tt_tbsimatupang,72.0,52.573868
6,2026-08-18 20:00:00+00:00,tt_thamrin,22.0,23.89709
6,2026-08-18 22:00:00+00:00,tt_bekasi,17.0,17.878878
6,2026-08-18 22:00:00+00:00,tt_bogor,45.0,36.308628
6,2026-08-18 22:00:00+00:00,tt_bsd,34.0,34.468357
6,2026-08-18 22:00:00+00:00,tt_cawang,43.0,38.944626
6,2026-08-18 22:00:00+00:00,tt_depok,31.0,30.148123
6,2026-08-18 22:00:00+00:00,tt_gatsu,45.0,48.3821
6,2026-08-18 22:00:00+00:00,tt_grogol,40.0,36.81757
6,2026-08-18 22:00:00+00:00,tt_kebonjeruk,35.0,34.396557
6,2026-08-18 22:00:00+00:00,tt_kelapagading,29.0,27.074825
6,2026-08-18 22:00:00+00:00,tt_kuningan,21.0,20.2239
6,2026-08-18 22:00:00+00:00,tt_sudirman,39.0,34.13352
6,2026-08-18 22:00:00+00:00,tt_tangerang,48.0,40.214607
6,2026-08-18 22:00:00+00:00,tt_tbsimatupang,72.0,51.016182
6,2026-08-18 22:00:00+00:00,tt_thamrin,22.0,22.409473
6,2026-08-19 00:00:00+00:00,tt_bekasi,15.0,16.60082
6,2026-08-19 00:00:00+00:00,tt_bogor,35.0,37.263382
6,2026-08-19 00:00:00+00:00,tt_bsd,29.0,33.57961
6,2026-08-19 00:00:00+00:00,tt_cawang,20.0,38.489758
6,2026-08-19 00:00:00+00:00,tt_depok,31.0,29.659323
6,2026-08-19 00:00:00+00:00,tt_gatsu,45.0,46.39997
6,2026-08-19 00:00:00+00:00,tt_grogol,40.0,36.2195
6,2026-08-19 00:00:00+00:00,tt_kebonjeruk,27.0,32.983776
6,2026-08-19 00:00:00+00:00,tt_kelapagading,29.0,26.578892
6,2026-08-19 00:00:00+00:00,tt_kuningan,21.0,20.639744
6,2026-08-19 00:00:00+00:00,tt_sudirman,39.0,34.383625
6,2026-08-19 00:00:00+00:00,tt_tangerang,48.0,40.364452
6,2026-08-19 00:00:00+00:00,tt_tbsimatupang,39.0,50.297955
6,2026-08-19 00:00:00+00:00,tt_thamrin,19.0,20.949078
6,2026-08-19 01:00:00+00:00,tt_bekasi,15.999999,16.313276
6,2026-08-19 01:00:00+00:00,tt_bogor,37.0,37.626213
6,2026-08-19 01:00:00+00:00,tt_bsd,34.0,33.195625
6,2026-08-19 01:00:00+00:00,tt_cawang,13.0,38.09008
6,2026-08-19 01:00:00+00:00,tt_depok,27.0,29.495268
6,2026-08-19 01:00:00+00:00,tt_gatsu,13.0,45.291584
6,2026-08-19 01:00:00+00:00,tt_grogol,32.0,35.890884
6,2026-08-19 01:00:00+00:00,tt_kebonjeruk,25.0,32.393166
6,2026-08-19 01:00:00+00:00,tt_kelapagading,29.0,26.315437
6,2026-08-19 01:00:00+00:00,tt_kuningan,21.0,20.101372
6,2026-08-19 01:00:00+00:00,tt_sudirman,22.0,34.222893
6,2026-08-19 01:00:00+00:00,tt_tangerang,39.0,40.42086
6,2026-08-19 01:00:00+00:00,tt_tbsimatupang,18.0,49.8425
6,2026-08-19 01:00:00+00:00,tt_thamrin,22.0,20.50233
6,2026-08-19 03:00:00+00:00,tt_bekasi,15.999999,15.145357
6,2026-08-19 03:00:00+00:00,tt_bogor,37.0,38.09713
6,2026-08-19 03:00:00+00:00,tt_bsd,34.0,32.514057
6,2026-08-19 03:00:00+00:00,tt_cawang,20.0,37.454937
6,2026-08-19 03:00:00+00:00,tt_depok,31.0,29.01195
6,2026-08-19 03:00:00+00:00,tt_gatsu,45.0,42.953995
6,2026-08-19 03:00:00+00:00,tt_grogol,31.0,35.27763
6,2026-08-19 03:00:00+00:00,tt_kebonjeruk,23.0,31.319286
6,2026-08-19 03:00:00+00:00,tt_kelapagading,29.0,25.700516
6,2026-08-19 03:00:00+00:00,tt_kuningan,15.999999,19.43435
6,2026-08-19 03:00:00+00:00,tt_sudirman,24.0,33.833626
6,2026-08-19 03:00:00+00:00,tt_tangerang,40.0,40.530136
6,2026-08-19 03:00:00+00:00,tt_tbsimatupang,33.0,49.483353
6,2026-08-19 03:00:00+00:00,tt_thamrin,20.0,19.362526
6,2026-08-19 05:00:00+00:00,tt_bekasi,15.0,13.004799
6,2026-08-19 05:00:00+00:00,tt_bogor,32.0,38.384766
6,2026-08-19 05:00:00+00:00,tt_bsd,34.0,32.19921
6,2026-08-19 05:00:00+00:00,tt_cawang,17.0,37.03804
6,2026-08-19 05:00:00+00:00,tt_depok,31.0,27.37047
6,2026-08-19 05:00:00+00:00,tt_gatsu,45.0,38.61083
6,2026-08-19 05:00:00+00:00,tt_grogol,31.0,34.58042
6,2026-08-19 05:00:00+00:00,tt_kebonjeruk,24.0,29.54122
6,2026-08-19 05:00:00+00:00,tt_kelapagading,21.0,24.666769
6,2026-08-19 05:00:00+00:00,tt_kuningan,17.0,16.62934
6,2026-08-19 05:00:00+00:00,tt_sudirman,27.0,33.279255
6,2026-08-19 05:00:00+00:00,tt_tangerang,40.0,40.560726
6,2026-08-19 05:00:00+00:00,tt_tbsimatupang,43.0,49.72465
6,2026-08-19 05:00:00+00:00,tt_thamrin,17.0,17.695133
6,2026-08-19 06:00:00+00:00,tt_bekasi,18.0,11.554806
6,2026-08-19 06:00:00+00:00,tt_bogor,35.0,37.14211
6,2026-08-19 06:00:00+00:00,tt_bsd,34.0,31.394505
6,2026-08-19 06:00:00+00:00,tt_cawang,19.0,36.30893
6,2026-08-19 06:00:00+00:00,tt_depok,27.0,27.298344
6,2026-08-19 06:00:00+00:00,tt_gatsu,30.0,38.59793
6,2026-08-19 06:00:00+00:00,tt_grogol,27.0,34.485374
6,2026-08-19 06:00:00+00:00,tt_kebonjeruk,21.0,27.984478
6,2026-08-19 06:00:00+00:00,tt_kelapagading,21.0,24.204004
6,2026-08-19 06:00:00+00:00,tt_kuningan,21.0,15.640486
6,2026-08-19 06:00:00+00:00,tt_sudirman,18.0,33.1795
6,2026-08-19 06:00:00+00:00,tt_tangerang,38.0,40.556126
6,2026-08-19 06:00:00+00:00,tt_tbsimatupang,48.0,48.15567
6,2026-08-19 06:00:00+00:00,tt_thamrin,13.0,16.031767
6,2026-08-19 08:00:00+00:00,tt_bekasi,15.0,11.45923
6,2026-08-19 08:00:00+00:00,tt_bogor,34.0,36.32831
6,2026-08-19 08:00:00+00:00,tt_bsd,28.0,32.270447
6,2026-08-19 08:00:00+00:00,tt_cawang,32.0,36.401543
6,2026-08-19 08:00:00+00:00,tt_depok,25.0,26.857435
6,2026-08-19 08:00:00+00:00,tt_gatsu,26.0,39.763275
6,2026-08-19 08:00:00+00:00,tt_grogol,27.0,33.869495
6,2026-08-19 08:00:00+00:00,tt_kebonjeruk,18.0,26.709108
6,2026-08-19 08:00:00+00:00,tt_kelapagading,22.0,24.938133
6,2026-08-19 08:00:00+00:00,tt_kuningan,21.0,15.36216
6,2026-08-19 08:00:00+00:00,tt_sudirman,22.0,30.738497
6,2026-08-19 08:00:00+00:00,tt_tangerang,48.0,38.31126
6,2026-08-19 08:00:00+00:00,tt_tbsimatupang,32.0,51.59482
6,2026-08-19 08:00:00+00:00,tt_thamrin,8.0,15.529926
6,2026-08-19 10:00:00+00:00,tt_bekasi,13.0,13.353592
6,2026-08-19 10:00:00+00:00,tt_bogor,30.0,35.532192
6,2026-08-19 10:00:00+00:00,tt_bsd,34.0,32.48602
6,2026-08-19 10:00:00+00:00,tt_cawang,43.0,36.841312
6,2026-08-19 10:00:00+00:00,tt_depok,23.0,29.190329
6,2026-08-19 10:00:00+00:00,tt_gatsu,23.0,46.61248
6,2026-08-19 10:00:00+00:00,tt_grogol,30.0,34.60043
6,2026-08-19 10:00:00+00:00,tt_kebonjeruk,19.0,27.165668
6,2026-08-19 10:00:00+00:00,tt_kelapagading,22.0,27.036476
6,2026-08-19 10:00:00+00:00,tt_kuningan,15.999999,16.341856
6,2026-08-19 10:00:00+00:00,tt_sudirman,19.0,29.928417
6,2026-08-19 10:00:00+00:00,tt_tangerang,28.0,37.296886
6,2026-08-19 10:00:00+00:00,tt_tbsimatupang,34.0,51.571777
6,2026-08-19 10:00:00+00:00,tt_thamrin,17.0,16.907139
6,2026-08-19 11:00:00+00:00,tt_bekasi,18.0,14.126112
6,2026-08-19 11:00:00+00:00,tt_bogor,33.0,34.582905
6,2026-08-19 11:00:00+00:00,tt_bsd,27.0,32.641743
6,2026-08-19 11:00:00+00:00,tt_cawang,43.0,36.542854
6,2026-08-19 11:00:00+00:00,tt_depok,25.0,29.414679
6,2026-08-19 11:00:00+00:00,tt_gatsu,35.0,46.894085
6,2026-08-19 11:00:00+00:00,tt_grogol,32.0,35.24134
6,2026-08-19 11:00:00+00:00,tt_kebonjeruk,21.0,27.772423
6,2026-08-19 11:00:00+00:00,tt_kelapagading,20.0,26.640005
6,2026-08-19 11:00:00+00:00,tt_kuningan,15.999999,17.066206
6,2026-08-19 11:00:00+00:00,tt_sudirman,15.999999,30.332561
6,2026-08-19 11:00:00+00:00,tt_tangerang,26.0,37.040424
6,2026-08-19 11:00:00+00:00,tt_tbsimatupang,44.0,51.325474
6,2026-08-19 11:00:00+00:00,tt_thamrin,10.0,17.089634
6,2026-08-19 13:00:00+00:00,tt_bekasi,18.0,17.221003
6,2026-08-19 13:00:00+00:00,tt_bogor,45.0,33.56973
6,2026-08-19 13:00:00+00:00,tt_bsd,34.0,32.781784
6,2026-08-19 13:00:00+00:00,tt_cawang,43.0,36.599155
6,2026-08-19 13:00:00+00:00,tt_depok,25.0,28.891386
6,2026-08-19 13:00:00+00:00,tt_gatsu,45.0,43.963463
6,2026-08-19 13:00:00+00:00,tt_grogol,31.0,36.25418
6,2026-08-19 13:00:00+00:00,tt_kebonjeruk,27.0,28.429255
6,2026-08-19 13:00:00+00:00,tt_kelapagading,23.0,26.751255
6,2026-08-19 13:00:00+00:00,tt_kuningan,13.0,19.749008
6,2026-08-19 13:00:00+00:00,tt_sudirman,30.0,29.26882
6,2026-08-19 13:00:00+00:00,tt_tangerang,48.0,36.588272
6,2026-08-19 13:00:00+00:00,tt_tbsimatupang,72.0,50.261364
6,2026-08-19 13:00:00+00:00,tt_thamrin,20.0,17.812576
6,2026-08-19 15:00:00+00:00,tt_bekasi,15.999999,19.853676
6,2026-08-19 15:00:00+00:00,tt_bogor,38.0,32.65853
6,2026-08-19 15:00:00+00:00,tt_bsd,34.0,32.044342
6,2026-08-19 15:00:00+00:00,tt_cawang,32.0,40.036057
6,2026-08-19 15:00:00+00:00,tt_depok,31.0,29.480042
6,2026-08-19 15:00:00+00:00,tt_gatsu,45.0,42.691994
6,2026-08-19 15:00:00+00:00,tt_grogol,40.0,37.712723
6,2026-08-19 15:00:00+00:00,tt_kebonjeruk,31.0,29.58654
6,2026-08-19 15:00:00+00:00,tt_kelapagading,29.0,27.890713
6,2026-08-19 15:00:00+00:00,tt_kuningan,21.0,22.158543
6,2026-08-19 15:00:00+00:00,tt_sudirman,29.0,29.607582
6,2026-08-19 15:00:00+00:00,tt_tangerang,48.0,39.313057
6,2026-08-19 15:00:00+00:00,tt_tbsimatupang,72.0,45.369453
6,2026-08-19 15:00:00+00:00,tt_thamrin,21.0,19.27665
6,2026-08-19 16:00:00+00:00,tt_bekasi,18.0,21.532383
6,2026-08-19 16:00:00+00:00,tt_bogor,45.0,31.656769
6,2026-08-19 16:00:00+00:00,tt_bsd,34.0,33.44622
6,2026-08-19 16:00:00+00:00,tt_cawang,43.0,41.323303
6,2026-08-19 16:00:00+00:00,tt_depok,31.0,29.886324
6,2026-08-19 16:00:00+00:00,tt_gatsu,45.0,42.11497
6,2026-08-19 16:00:00+00:00,tt_grogol,40.0,38.741604
6,2026-08-19 16:00:00+00:00,tt_kebonjeruk,35.0,30.59393
6,2026-08-19 16:00:00+00:00,tt_kelapagading,29.0,28.355057
6,2026-08-19 16:00:00+00:00,tt_kuningan,21.0,23.168146
6,2026-08-19 16:00:00+00:00,tt_sudirman,39.0,28.903408
6,2026-08-19 16:00:00+00:00,tt_tangerang,48.0,37.598198
6,2026-08-19 16:00:00+00:00,tt_tbsimatupang,72.0,42.202568
6,2026-08-19 16:00:00+00:00,tt_thamrin,22.0,21.531769
6,2026-08-19 18:00:00+00:00,tt_bekasi,18.0,24.51492
6,2026-08-19 18:00:00+00:00,tt_bogor,45.0,31.349487
6,2026-08-19 18:00:00+00:00,tt_bsd,34.0,32.962856
6,2026-08-19 18:00:00+00:00,tt_cawang,43.0,41.29321
6,2026-08-19 18:00:00+00:00,tt_depok,31.0,31.426548
6,2026-08-19 18:00:00+00:00,tt_gatsu,45.0,41.796116
6,2026-08-19 18:00:00+00:00,tt_grogol,40.0,40.613274
6,2026-08-19 18:00:00+00:00,tt_kebonjeruk,35.0,32.473812
6,2026-08-19 18:00:00+00:00,tt_kelapagading,29.0,28.967882
6,2026-08-19 18:00:00+00:00,tt_kuningan,21.0,25.369385
6,2026-08-19 18:00:00+00:00,tt_sudirman,39.0,26.905483
6,2026-08-19 18:00:00+00:00,tt_tangerang,44.0,36.92088
6,2026-08-19 18:00:00+00:00,tt_tbsimatupang,72.0,39.48074
6,2026-08-19 18:00:00+00:00,tt_thamrin,22.0,22.866247
6,2026-08-19 20:00:00+00:00,tt_bekasi,18.0,23.29665
6,2026-08-19 20:00:00+00:00,tt_bogor,45.0,36.507504
6,2026-08-19 20:00:00+00:00,tt_bsd,34.0,35.01683
6,2026-08-19 20:00:00+00:00,tt_cawang,43.0,40.160683
6,2026-08-19 20:00:00+00:00,tt_depok,31.0,30.067434
6,2026-08-19 20:00:00+00:00,tt_gatsu,45.0,40.98563
6,2026-08-19 20:00:00+00:00,tt_grogol,40.0,39.340893
6,2026-08-19 20:00:00+00:00,tt_kebonjeruk,35.0,33.712055
6,2026-08-19 20:00:00+00:00,tt_kelapagading,29.0,28.328033
6,2026-08-19 20:00:00+00:00,tt_kuningan,21.0,23.371506
6,2026-08-19 20:00:00+00:00,tt_sudirman,39.0,32.3152
6,2026-08-19 20:00:00+00:00,tt_tangerang,48.0,43.54722
6,2026-08-19 20:00:00+00:00,tt_tbsimatupang,72.0,51.724457
6,2026-08-19 20:00:00+00:00,tt_thamrin,22.0,23.726143
6,2026-08-19 21:00:00+00:00,tt_bekasi,18.0,22.283962
6,2026-08-19 21:00:00+00:00,tt_bogor,45.0,35.696575
6,2026-08-19 21:00:00+00:00,tt_bsd,34.0,35.055954
6,2026-08-19 21:00:00+00:00,tt_cawang,43.0,38.83721
6,2026-08-19 21:00:00+00:00,tt_depok,31.0,31.312096
6,2026-08-19 21:00:00+00:00,tt_gatsu,45.0,40.823204
6,2026-08-19 21:00:00+00:00,tt_grogol,40.0,39.927227
6,2026-08-19 21:00:00+00:00,tt_kebonjeruk,35.0,34.505737
6,2026-08-19 21:00:00+00:00,tt_kelapagading,29.0,28.931128
6,2026-08-19 21:00:00+00:00,tt_kuningan,21.0,23.906754
6,2026-08-19 21:00:00+00:00,tt_sudirman,39.0,32.604427
6,2026-08-19 21:00:00+00:00,tt_tangerang,48.0,44.066174
6,2026-08-19 21:00:00+00:00,tt_tbsimatupang,72.0,52.218575
6,2026-08-19 21:00:00+00:00,tt_thamrin,22.0,24.026958
6,2026-08-19 23:00:00+00:00,tt_bekasi,17.0,20.468369
6,2026-08-19 23:00:00+00:00,tt_bogor,35.0,37.50276
6,2026-08-19 23:00:00+00:00,tt_bsd,34.0,34.48317
6,2026-08-19 23:00:00+00:00,tt_cawang,26.0,39.16413
6,2026-08-19 23:00:00+00:00,tt_depok,31.0,31.55005
6,2026-08-19 23:00:00+00:00,tt_gatsu,45.0,39.68229
6,2026-08-19 23:00:00+00:00,tt_grogol,35.0,38.91329
6,2026-08-19 23:00:00+00:00,tt_kebonjeruk,30.0,34.936264
6,2026-08-19 23:00:00+00:00,tt_kelapagading,29.0,28.790136
6,2026-08-19 23:00:00+00:00,tt_kuningan,21.0,22.135628
6,2026-08-19 23:00:00+00:00,tt_sudirman,39.0,35.62727
6,2026-08-19 23:00:00+00:00,tt_tangerang,48.0,43.76559
6,2026-08-19 23:00:00+00:00,tt_tbsimatupang,72.0,51.34994
6,2026-08-19 23:00:00+00:00,tt_thamrin,20.0,24.898489
6,2026-08-20 01:00:00+00:00,tt_bekasi,18.0,18.599142
6,2026-08-20 01:00:00+00:00,tt_bogor,35.0,38.216614
6,2026-08-20 01:00:00+00:00,tt_bsd,29.0,33.781147
6,2026-08-20 01:00:00+00:00,tt_cawang,14.0,37.938686
6,2026-08-20 01:00:00+00:00,tt_depok,31.0,30.22807
6,2026-08-20 01:00:00+00:00,tt_gatsu,37.0,39.37315
6,2026-08-20 01:00:00+00:00,tt_grogol,30.0,37.258408
6,2026-08-20 01:00:00+00:00,tt_kebonjeruk,26.0,33.592033
6,2026-08-20 01:00:00+00:00,tt_kelapagading,29.0,27.275736
6,2026-08-20 01:00:00+00:00,tt_kuningan,21.0,21.130402
6,2026-08-20 01:00:00+00:00,tt_sudirman,27.0,35.2941
6,2026-08-20 01:00:00+00:00,tt_tangerang,36.0,41.89741
6,2026-08-20 01:00:00+00:00,tt_tbsimatupang,18.0,50.095375
6,2026-08-20 01:00:00+00:00,tt_thamrin,18.0,23.433475
6,2026-08-20 02:00:00+00:00,tt_bekasi,18.0,17.357395
6,2026-08-20 02:00:00+00:00,tt_bogor,40.0,38.304
6,2026-08-20 02:00:00+00:00,tt_bsd,34.0,33.32391
6,2026-08-20 02:00:00+00:00,tt_cawang,18.0,37.63954
6,2026-08-20 02:00:00+00:00,tt_depok,31.0,29.461636
6,2026-08-20 02:00:00+00:00,tt_gatsu,45.0,39.155403
6,2026-08-20 02:00:00+00:00,tt_grogol,30.0,36.591827
6,2026-08-20 02:00:00+00:00,tt_kebonjeruk,26.0,32.6279
6,2026-08-20 02:00:00+00:00,tt_kelapagading,25.0,26.844385
6,2026-08-20 02:00:00+00:00,tt_kuningan,21.0,20.137798
6,2026-08-20 02:00:00+00:00,tt_sudirman,25.0,35.16298
6,2026-08-20 02:00:00+00:00,tt_tangerang,48.0,41.737915
6,2026-08-20 02:00:00+00:00,tt_tbsimatupang,21.0,49.840054
6,2026-08-20 02:00:00+00:00,tt_thamrin,18.0,22.402058
6,2026-08-20 04:00:00+00:00,tt_bekasi,15.0,14.421068
6,2026-08-20 04:00:00+00:00,tt_bogor,35.0,38.327847
6,2026-08-20 04:00:00+00:00,tt_bsd,34.0,32.63826
6,2026-08-20 04:00:00+00:00,tt_cawang,20.0,37.228535
6,2026-08-20 04:00:00+00:00,tt_depok,27.0,28.119081
6,2026-08-20 04:00:00+00:00,tt_gatsu,45.0,38.47625
6,2026-08-20 04:00:00+00:00,tt_grogol,25.0,35.45269
6,2026-08-20 04:00:00+00:00,tt_kebonjeruk,25.0,30.73917
6,2026-08-20 04:00:00+00:00,tt_kelapagading,22.0,25.941982
6,2026-08-20 04:00:00+00:00,tt_kuningan,21.0,18.080719
6,2026-08-20 04:00:00+00:00,tt_sudirman,26.0,34.726593
6,2026-08-20 04:00:00+00:00,tt_tangerang,48.0,41.18078
6,2026-08-20 04:00:00+00:00,tt_tbsimatupang,45.0,49.512077
6,2026-08-20 04:00:00+00:00,tt_thamrin,13.0,20.377861
6,2026-08-20 06:00:00+00:00,tt_bekasi,15.0,12.137077
6,2026-08-20 06:00:00+00:00,tt_bogor,39.0,35.73384
6,2026-08-20 06:00:00+00:00,tt_bsd,34.0,31.982195
6,2026-08-20 06:00:00+00:00,tt_cawang,28.0,35.38777
6,2026-08-20 06:00:00+00:00,tt_depok,29.0,27.38369
6,2026-08-20 06:00:00+00:00,tt_gatsu,28.0,38.58685
6,2026-08-20 06:00:00+00:00,tt_grogol,29.0,33.238766
6,2026-08-20 06:00:00+00:00,tt_kebonjeruk,25.0,28.388971
6,2026-08-20 06:00:00+00:00,tt_kelapagading,20.0,24.505379
6,2026-08-20 06:00:00+00:00,tt_kuningan,15.999999,16.233017
6,2026-08-20 06:00:00+00:00,tt_sudirman,21.0,33.1628
6,2026-08-20 06:00:00+00:00,tt_tangerang,38.0,40.43462
6,2026-08-20 06:00:00+00:00,tt_tbsimatupang,27.0,49.800182
6,2026-08-20 06:00:00+00:00,tt_thamrin,12.0,16.219624
6,2026-08-20 07:00:00+00:00,tt_bekasi,15.999999,12.078613
6,2026-08-20 07:00:00+00:00,tt_bogor,36.0,35.264156
6,2026-08-20 07:00:00+00:00,tt_bsd,34.0,31.212938
6,2026-08-20 07:00:00+00:00,tt_cawang,21.0,35.31297
6,2026-08-20 07:00:00+00:00,tt_depok,26.0,27.435543
6,2026-08-20 07:00:00+00:00,tt_gatsu,20.0,37.06941
6,2026-08-20 07:00:00+00:00,tt_grogol,29.0,32.466206
6,2026-08-20 07:00:00+00:00,tt_kebonjeruk,22.0,27.310774
6,2026-08-20 07:00:00+00:00,tt_kelapagading,20.0,24.604261
6,2026-08-20 07:00:00+00:00,tt_kuningan,21.0,15.265051
6,2026-08-20 07:00:00+00:00,tt_sudirman,20.0,31.743374
6,2026-08-20 07:00:00+00:00,tt_tangerang,37.0,38.872032
6,2026-08-20 07:00:00+00:00,tt_tbsimatupang,49.0,53.651093
6,2026-08-20 07:00:00+00:00,tt_thamrin,12.0,15.176704
6,2026-08-20 09:00:00+00:00,tt_bekasi,14.0,13.358395
6,2026-08-20 09:00:00+00:00,tt_bogor,34.0,35.754974
6,2026-08-20 09:00:00+00:00,tt_bsd,28.0,32.175
6,2026-08-20 09:00:00+00:00,tt_cawang,30.0,35.298283
6,2026-08-20 09:00:00+00:00,tt_depok,26.0,27.610926
6,2026-08-20 09:00:00+00:00,tt_gatsu,32.0,38.132294
6,2026-08-20 09:00:00+00:00,tt_grogol,31.0,32.87809
6,2026-08-20 09:00:00+00:00,tt_kebonjeruk,21.0,26.80622
6,2026-08-20 09:00:00+00:00,tt_kelapagading,21.0,24.169004
6,2026-08-20 09:00:00+00:00,tt_kuningan,13.0,15.742529
6,2026-08-20 09:00:00+00:00,tt_sudirman,23.0,30.176674
6,2026-08-20 09:00:00+00:00,tt_tangerang,34.0,40.053406
6,2026-08-20 09:00:00+00:00,tt_tbsimatupang,47.0,53.92189
6,2026-08-20 09:00:00+00:00,tt_thamrin,18.0,14.898146
6,2026-08-20 11:00:00+00:00,tt_bekasi,18.0,14.758772
6,2026-08-20 11:00:00+00:00,tt_bogor,35.0,34.013134
6,2026-08-20 11:00:00+00:00,tt_bsd,34.0,32.596664
6,2026-08-20 11:00:00+00:00,tt_cawang,33.0,35.83923
6,2026-08-20 11:00:00+00:00,tt_depok,26.0,26.538073
6,2026-08-20 11:00:00+00:00,tt_gatsu,7.0,38.411743
6,2026-08-20 11:00:00+00:00,tt_grogol,29.0,33.224197
6,2026-08-20 11:00:00+00:00,tt_kebonjeruk,18.0,27.186947
6,2026-08-20 11:00:00+00:00,tt_kelapagading,21.0,23.819511
6,2026-08-20 11:00:00+00:00,tt_kuningan,15.999999,17.480598
6,2026-08-20 11:00:00+00:00,tt_sudirman,12.0,30.156141
6,2026-08-20 11:00:00+00:00,tt_tangerang,35.0,40.18374
6,2026-08-20 11:00:00+00:00,tt_tbsimatupang,24.0,53.832962
6,2026-08-20 11:00:00+00:00,tt_thamrin,10.0,15.081263
6,2026-08-20 12:00:00+00:00,tt_bekasi,14.0,15.734209
6,2026-08-20 12:00:00+00:00,tt_bogor,37.0,34.300537
6,2026-08-20 12:00:00+00:00,tt_bsd,34.0,32.82285
6,2026-08-20 12:00:00+00:00,tt_cawang,43.0,37.581917
6,2026-08-20 12:00:00+00:00,tt_depok,24.0,27.077662
6,2026-08-20 12:00:00+00:00,tt_gatsu,10.0,37.040512
6,2026-08-20 12:00:00+00:00,tt_grogol,32.0,34.551743
6,2026-08-20 12:00:00+00:00,tt_kebonjeruk,23.0,27.62182
6,2026-08-20 12:00:00+00:00,tt_kelapagading,21.0,23.592743
6,2026-08-20 12:00:00+00:00,tt_kuningan,13.0,17.136774
6,2026-08-20 12:00:00+00:00,tt_sudirman,22.0,29.701513
6,2026-08-20 12:00:00+00:00,tt_tangerang,48.0,39.05571
6,2026-08-20 12:00:00+00:00,tt_tbsimatupang,40.0,52.25736
6,2026-08-20 12:00:00+00:00,tt_thamrin,9.0,15.511446
6,2026-08-20 14:00:00+00:00,tt_bekasi,18.0,18.375195
6,2026-08-20 14:00:00+00:00,tt_bogor,38.0,32.820507
6,2026-08-20 14:00:00+00:00,tt_bsd,27.0,33.093834
6,2026-08-20 14:00:00+00:00,tt_cawang,32.0,36.5333
6,2026-08-20 14:00:00+00:00,tt_depok,31.0,27.925468
6,2026-08-20 14:00:00+00:00,tt_gatsu,45.0,36.885597
6,2026-08-20 14:00:00+00:00,tt_grogol,40.0,36.846825
6,2026-08-20 14:00:00+00:00,tt_kebonjeruk,28.0,28.416332
6,2026-08-20 14:00:00+00:00,tt_kelapagading,29.0,24.114117
6,2026-08-20 14:00:00+00:00,tt_kuningan,15.999999,19.952913
6,2026-08-20 14:00:00+00:00,tt_sudirman,39.0,29.421764
6,2026-08-20 14:00:00+00:00,tt_tangerang,48.0,38.055878
6,2026-08-20 14:00:00+00:00,tt_tbsimatupang,59.0,51.864265
6,2026-08-20 14:00:00+00:00,tt_thamrin,13.0,17.055996
6,2026-08-20 16:00:00+00:00,tt_bekasi,15.0,21.435545
6,2026-08-20 16:00:00+00:00,tt_bogor,45.0,31.284382
6,2026-08-20 16:00:00+00:00,tt_bsd,34.0,32.521217
6,2026-08-20 16:00:00+00:00,tt_cawang,43.0,36.758884
6,2026-08-20 16:00:00+00:00,tt_depok,31.0,29.272264
6,2026-08-20 16:00:00+00:00,tt_gatsu,45.0,39.066864
6,2026-08-20 16:00:00+00:00,tt_grogol,40.0,38.581078
6,2026-08-20 16:00:00+00:00,tt_kebonjeruk,35.0,29.784828
6,2026-08-20 16:00:00+00:00,tt_kelapagading,29.0,25.706753
6,2026-08-20 16:00:00+00:00,tt_kuningan,21.0,20.87806
6,2026-08-20 16:00:00+00:00,tt_sudirman,39.0,29.905918
6,2026-08-20 16:00:00+00:00,tt_tangerang,48.0,36.905712
6,2026-08-20 16:00:00+00:00,tt_tbsimatupang,72.0,48.214725
6,2026-08-20 16:00:00+00:00,tt_thamrin,22.0,21.518597
6,2026-08-20 17:00:00+00:00,tt_bekasi,18.0,22.75724
6,2026-08-20 17:00:00+00:00,tt_bogor,45.0,31.55666
6,2026-08-20 17:00:00+00:00,tt_bsd,34.0,33.859543
6,2026-08-20 17:00:00+00:00,tt_cawang,43.0,38.23454
6,2026-08-20 17:00:00+00:00,tt_depok,31.0,29.984499
6,2026-08-20 17:00:00+00:00,tt_gatsu,45.0,39.101753
6,2026-08-20 17:00:00+00:00,tt_grogol,40.0,39.16071
6,2026-08-20 17:00:00+00:00,tt_kebonjeruk,35.0,30.093523
6,2026-08-20 17:00:00+00:00,tt_kelapagading,29.0,26.219078
6,2026-08-20 17:00:00+00:00,tt_kuningan,21.0,21.978016
6,2026-08-20 17:00:00+00:00,tt_sudirman,39.0,28.902094
6,2026-08-20 17:00:00+00:00,tt_tangerang,48.0,36.966854
6,2026-08-20 17:00:00+00:00,tt_tbsimatupang,72.0,45.141174
6,2026-08-20 17:00:00+00:00,tt_thamrin,22.0,21.837114
6,2026-08-20 19:00:00+00:00,tt_bekasi,18.0,22.635445
6,2026-08-20 19:00:00+00:00,tt_bogor,45.0,31.9203
6,2026-08-20 19:00:00+00:00,tt_bsd,34.0,34.690002
6,2026-08-20 19:00:00+00:00,tt_cawang,43.0,41.207302
6,2026-08-20 19:00:00+00:00,tt_depok,31.0,31.794025
6,2026-08-20 19:00:00+00:00,tt_gatsu,45.0,39.3483
6,2026-08-20 19:00:00+00:00,tt_grogol,40.0,40.09937
6,2026-08-20 19:00:00+00:00,tt_kebonjeruk,35.0,32.408577
6,2026-08-20 19:00:00+00:00,tt_kelapagading,29.0,26.066986
6,2026-08-20 19:00:00+00:00,tt_kuningan,21.0,22.745878
6,2026-08-20 19:00:00+00:00,tt_sudirman,39.0,29.190746
6,2026-08-20 19:00:00+00:00,tt_tangerang,48.0,40.824368
6,2026-08-20 19:00:00+00:00,tt_tbsimatupang,72.0,41.055
6,2026-08-20 19:00:00+00:00,tt_thamrin,22.0,22.45014
6,2026-08-20 21:00:00+00:00,tt_bekasi,18.0,22.750374
6,2026-08-20 21:00:00+00:00,tt_bogor,45.0,32.247677
6,2026-08-20 21:00:00+00:00,tt_bsd,34.0,33.64185
6,2026-08-20 21:00:00+00:00,tt_cawang,43.0,39.04544
6,2026-08-20 21:00:00+00:00,tt_depok,31.0,34.73722
6,2026-08-20 21:00:00+00:00,tt_gatsu,45.0,48.501232
6,2026-08-20 21:00:00+00:00,tt_grogol,40.0,40.48282
6,2026-08-20 21:00:00+00:00,tt_kebonjeruk,35.0,34.5229
6,2026-08-20 21:00:00+00:00,tt_kelapagading,29.0,28.832737
6,2026-08-20 21:00:00+00:00,tt_kuningan,21.0,22.942965
6,2026-08-20 21:00:00+00:00,tt_sudirman,39.0,36.393837
6,2026-08-20 21:00:00+00:00,tt_tangerang,48.0,41.203415
6,2026-08-20 21:00:00+00:00,tt_tbsimatupang,72.0,47.596256
6,2026-08-20 21:00:00+00:00,tt_thamrin,22.0,22.98259
6,2026-08-20 22:00:00+00:00,tt_bekasi,18.0,21.982292
6,2026-08-20 22:00:00+00:00,tt_bogor,45.0,34.6619
6,2026-08-20 22:00:00+00:00,tt_bsd,34.0,34.682205
6,2026-08-20 22:00:00+00:00,tt_cawang,43.0,39.685425
6,2026-08-20 22:00:00+00:00,tt_depok,31.0,34.49908
6,2026-08-20 22:00:00+00:00,tt_gatsu,45.0,48.376858
6,2026-08-20 22:00:00+00:00,tt_grogol,40.0,39.79855
6,2026-08-20 22:00:00+00:00,tt_kebonjeruk,35.0,35.585365
6,2026-08-20 22:00:00+00:00,tt_kelapagading,29.0,29.096924
6,2026-08-20 22:00:00+00:00,tt_kuningan,21.0,24.40687
6,2026-08-20 22:00:00+00:00,tt_sudirman,39.0,36.905582
6,2026-08-20 22:00:00+00:00,tt_tangerang,48.0,41.005863
6,2026-08-20 22:00:00+00:00,tt_tbsimatupang,72.0,51.407967
6,2026-08-20 22:00:00+00:00,tt_thamrin,22.0,24.060064
6,2026-08-21 00:00:00+00:00,tt_bekasi,18.0,20.336535
6,2026-08-21 00:00:00+00:00,tt_bogor,35.0,36.93538
6,2026-08-21 00:00:00+00:00,tt_bsd,29.0,34.769196
6,2026-08-21 00:00:00+00:00,tt_cawang,18.0,39.403694
6,2026-08-21 00:00:00+00:00,tt_depok,25.0,33.06058
6,2026-08-21 00:00:00+00:00,tt_gatsu,45.0,46.70921
6,2026-08-21 00:00:00+00:00,tt_grogol,34.0,38.230934
6,2026-08-21 00:00:00+00:00,tt_kebonjeruk,25.0,35.143238
6,2026-08-21 00:00:00+00:00,tt_kelapagading,26.0,28.379465
6,2026-08-21 00:00:00+00:00,tt_kuningan,21.0,23.314243
6,2026-08-21 00:00:00+00:00,tt_sudirman,31.0,36.64207
6,2026-08-21 00:00:00+00:00,tt_tangerang,37.0,40.727932
6,2026-08-21 00:00:00+00:00,tt_tbsimatupang,32.0,52.21488
6,2026-08-21 00:00:00+00:00,tt_thamrin,22.0,23.419134
6,2026-08-21 02:00:00+00:00,tt_bekasi,17.0,18.554012
6,2026-08-21 02:00:00+00:00,tt_bogor,37.0,37.756107
6,2026-08-21 02:00:00+00:00,tt_bsd,28.0,34.094242
6,2026-08-21 02:00:00+00:00,tt_cawang,19.0,38.2561
6,2026-08-21 02:00:00+00:00,tt_depok,26.0,30.951403
6,2026-08-21 02:00:00+00:00,tt_gatsu,45.0,44.68585
6,2026-08-21 02:00:00+00:00,tt_grogol,31.0,36.61183
6,2026-08-21 02:00:00+00:00,tt_kebonjeruk,26.0,33.34292
6,2026-08-21 02:00:00+00:00,tt_kelapagading,29.0,26.869267
6,2026-08-21 02:00:00+00:00,tt_kuningan,21.0,23.10761
6,2026-08-21 02:00:00+00:00,tt_sudirman,23.0,35.71694
6,2026-08-21 02:00:00+00:00,tt_tangerang,37.0,40.63497
6,2026-08-21 02:00:00+00:00,tt_tbsimatupang,37.0,50.94204
6,2026-08-21 02:00:00+00:00,tt_thamrin,22.0,20.390312
6,2026-08-21 03:00:00+00:00,tt_bekasi,15.0,17.388618
6,2026-08-21 03:00:00+00:00,tt_bogor,38.0,37.9812
6,2026-08-21 03:00:00+00:00,tt_bsd,34.0,33.54606
6,2026-08-21 03:00:00+00:00,tt_cawang,21.0,37.916748
6,2026-08-21 03:00:00+00:00,tt_depok,31.0,30.304253
6,2026-08-21 03:00:00+00:00,tt_gatsu,45.0,43.872242
6,2026-08-21 03:00:00+00:00,tt_grogol,27.0,36.035072
6,2026-08-21 03:00:00+00:00,tt_kebonjeruk,24.0,32.502117
6,2026-08-21 03:00:00+00:00,tt_kelapagading,23.0,26.256031
6,2026-08-21 03:00:00+00:00,tt_kuningan,15.999999,22.143627
6,2026-08-21 03:00:00+00:00,tt_sudirman,28.0,35.410374
6,2026-08-21 03:00:00+00:00,tt_tangerang,48.0,40.609688
6,2026-08-21 03:00:00+00:00,tt_tbsimatupang,48.0,50.406784
6,2026-08-21 03:00:00+00:00,tt_thamrin,15.999999,19.958055
6,2026-08-21 05:00:00+00:00,tt_bekasi,15.999999,15.004688
6,2026-08-21 05:00:00+00:00,tt_bogor,45.0,38.1954
6,2026-08-21 05:00:00+00:00,tt_bsd,34.0,32.78788
6,2026-08-21 05:00:00+00:00,tt_cawang,43.0,37.365753
6,2026-08-21 05:00:00+00:00,tt_depok,31.0,28.800323
6,2026-08-21 05:00:00+00:00,tt_gatsu,45.0,41.96689
6,2026-08-21 05:00:00+00:00,tt_grogol,32.0,34.91134
6,2026-08-21 05:00:00+00:00,tt_kebonjeruk,27.0,30.562157
6,2026-08-21 05:00:00+00:00,tt_kelapagading,23.0,24.980446
6,2026-08-21 05:00:00+00:00,tt_kuningan,21.0,19.692104
6,2026-08-21 05:00:00+00:00,tt_sudirman,34.0,34.135277
6,2026-08-21 05:00:00+00:00,tt_tangerang,48.0,40.56626
6,2026-08-21 05:00:00+00:00,tt_tbsimatupang,72.0,49.414696
6,2026-08-21 05:00:00+00:00,tt_thamrin,21.0,18.857155
6,2026-08-21 07:00:00+00:00,tt_bekasi,14.0,12.988546
6,2026-08-21 07:00:00+00:00,tt_bogor,35.0,36.14092
6,2026-08-21 07:00:00+00:00,tt_bsd,34.0,31.54206
6,2026-08-21 07:00:00+00:00,tt_cawang,28.0,36.50044
6,2026-08-21 07:00:00+00:00,tt_depok,25.0,25.420113
6,2026-08-21 07:00:00+00:00,tt_gatsu,36.0,38.512245
6,2026-08-21 07:00:00+00:00,tt_grogol,28.0,33.728893
6,2026-08-21 07:00:00+00:00,tt_kebonjeruk,21.0,27.180883
6,2026-08-21 07:00:00+00:00,tt_kelapagading,20.0,23.173336
6,2026-08-21 07:00:00+00:00,tt_kuningan,21.0,16.274157
6,2026-08-21 07:00:00+00:00,tt_sudirman,18.0,31.5293
6,2026-08-21 07:00:00+00:00,tt_tangerang,39.0,38.01054
6,2026-08-21 07:00:00+00:00,tt_tbsimatupang,52.0,49.212032
6,2026-08-21 07:00:00+00:00,tt_thamrin,18.0,16.918446
6,2026-08-21 08:00:00+00:00,tt_bekasi,15.999999,13.146814
6,2026-08-21 08:00:00+00:00,tt_bogor,34.0,35.58171
6,2026-08-21 08:00:00+00:00,tt_bsd,34.0,31.27791
6,2026-08-21 08:00:00+00:00,tt_cawang,31.0,36.335068
6,2026-08-21 08:00:00+00:00,tt_depok,25.0,25.285524
6,2026-08-21 08:00:00+00:00,tt_gatsu,35.0,38.473003
6,2026-08-21 08:00:00+00:00,tt_grogol,29.0,33.41478
6,2026-08-21 08:00:00+00:00,tt_kebonjeruk,24.0,26.95185
6,2026-08-21 08:00:00+00:00,tt_kelapagading,21.0,24.455723
6,2026-08-21 08:00:00+00:00,tt_kuningan,17.0,16.304998
6,2026-08-21 08:00:00+00:00,tt_sudirman,24.0,30.44943
6,2026-08-21 08:00:00+00:00,tt_tangerang,40.0,37.351868
6,2026-08-21 08:00:00+00:00,tt_tbsimatupang,38.0,48.55031
6,2026-08-21 08:00:00+00:00,tt_thamrin,10.0,17.125557
6,2026-08-21 10:00:00+00:00,tt_bekasi,15.0,13.419649
6,2026-08-21 10:00:00+00:00,tt_bogor,32.0,34.96225
6,2026-08-21 10:00:00+00:00,tt_bsd,34.0,33.118225
6,2026-08-21 10:00:00+00:00,tt_cawang,22.0,36.63214
6,2026-08-21 10:00:00+00:00,tt_depok,24.0,27.42617
6,2026-08-21 10:00:00+00:00,tt_gatsu,34.0,38.489616
6,2026-08-21 10:00:00+00:00,tt_grogol,32.0,33.2805
6,2026-08-21 10:00:00+00:00,tt_kebonjeruk,20.0,26.646477
6,2026-08-21 10:00:00+00:00,tt_kelapagading,19.0,24.243143
6,2026-08-21 10:00:00+00:00,tt_kuningan,13.0,15.062071
6,2026-08-21 10:00:00+00:00,tt_sudirman,22.0,30.63667
6,2026-08-21 10:00:00+00:00,tt_tangerang,29.0,39.968857
6,2026-08-21 10:00:00+00:00,tt_tbsimatupang,27.0,48.255684
6,2026-08-21 10:00:00+00:00,tt_thamrin,19.0,16.225304
6,2026-08-21 12:00:00+00:00,tt_bekasi,13.0,15.078737
6,2026-08-21 12:00:00+00:00,tt_bogor,32.0,37.91891
6,2026-08-21 12:00:00+00:00,tt_bsd,34.0,33.494804
6,2026-08-21 12:00:00+00:00,tt_cawang,34.0,43.415443
6,2026-08-21 12:00:00+00:00,tt_depok,26.0,27.81216
6,2026-08-21 12:00:00+00:00,tt_gatsu,15.0,38.55221
6,2026-08-21 12:00:00+00:00,tt_grogol,32.0,34.575356
6,2026-08-21 12:00:00+00:00,tt_kebonjeruk,19.0,28.39061
6,2026-08-21 12:00:00+00:00,tt_kelapagading,18.0,24.363033
6,2026-08-21 12:00:00+00:00,tt_kuningan,13.0,17.362297
6,2026-08-21 12:00:00+00:00,tt_sudirman,18.0,32.553413
6,2026-08-21 12:00:00+00:00,tt_tangerang,32.0,40.52098
6,2026-08-21 12:00:00+00:00,tt_tbsimatupang,27.0,54.76586
6,2026-08-21 12:00:00+00:00,tt_thamrin,9.0,18.718853
6,2026-08-21 13:00:00+00:00,tt_bekasi,18.0,14.847464
6,2026-08-21 13:00:00+00:00,tt_bogor,45.0,36.127407
6,2026-08-21 13:00:00+00:00,tt_bsd,34.0,33.602253
6,2026-08-21 13:00:00+00:00,tt_cawang,32.0,41.92744
6,2026-08-21 13:00:00+00:00,tt_depok,25.0,26.819227
6,2026-08-21 13:00:00+00:00,tt_gatsu,45.0,37.228535
6,2026-08-21 13:00:00+00:00,tt_grogol,40.0,34.29837
6,2026-08-21 13:00:00+00:00,tt_kebonjeruk,25.0,28.02645
6,2026-08-21 13:00:00+00:00,tt_kelapagading,21.0,23.545376
6,2026-08-21 13:00:00+00:00,tt_kuningan,21.0,17.360867
6,2026-08-21 13:00:00+00:00,tt_sudirman,31.0,31.444986
6,2026-08-21 13:00:00+00:00,tt_tangerang,48.0,39.34165
6,2026-08-21 13:00:00+00:00,tt_tbsimatupang,72.0,51.196915
6,2026-08-21 13:00:00+00:00,tt_thamrin,15.999999,18.375761
