horizon,target_time,corridor,y_true,adaptive_stgnn_pred
1,2026-08-18 02:00:00+00:00,tt_bekasi,15.999999,17.074583
1,2026-08-18 02:00:00+00:00,tt_bogor,36.0,30.768373
1,2026-08-18 02:00:00+00:00,tt_bsd,34.0,29.83953
1,2026-08-18 02:00:00+00:00,tt_cawang,21.0,25.813437
1,2026-08-18 02:00:00+00:00,tt_depok,31.0,24.923122
1,2026-08-18 02:00:00+00:00,tt_gatsu,33.0,37.901245
1,2026-08-18 02:00:00+00:00,tt_grogol,26.0,27.67007
1,2026-08-18 02:00:00+00:00,tt_kebonjeruk,26.0,24.477459
1,2026-08-18 02:00:00+00:00,tt_kelapagading,29.0,24.307775
1,2026-08-18 02:00:00+00:00,tt_kuningan,21.0,19.884708
1,2026-08-18 02:00:00+00:00,tt_sudirman,23.0,25.205029
1,2026-08-18 02:00:00+00:00,tt_tangerang,48.0,32.516724
1,2026-08-18 02:00:00+00:00,tt_tbsimatupang,15.999999,27.963747
1,2026-08-18 02:00:00+00:00,tt_thamrin,17.0,20.64436
1,2026-08-18 04:00:00+00:00,tt_bekasi,15.0,17.041283
1,2026-08-18 04:00:00+00:00,tt_bogor,33.0,36.14652
1,2026-08-18 04:00:00+00:00,tt_bsd,28.0,31.342842
1,2026-08-18 04:00:00+00:00,tt_cawang,22.0,29.22769
1,2026-08-18 04:00:00+00:00,tt_depok,31.0,25.41387
1,2026-08-18 04:00:00+00:00,tt_gatsu,32.0,31.68053
1,2026-08-18 04:00:00+00:00,tt_grogol,27.0,32.960022
1,2026-08-18 04:00:00+00:00,tt_kebonjeruk,25.0,25.552982
1,2026-08-18 04:00:00+00:00,tt_kelapagading,29.0,24.053154
1,2026-08-18 04:00:00+00:00,tt_kuningan,15.999999,19.83577
1,2026-08-18 04:00:00+00:00,tt_sudirman,24.0,27.189577
1,2026-08-18 04:00:00+00:00,tt_tangerang,36.0,42.382423
1,2026-08-18 04:00:00+00:00,tt_tbsimatupang,55.0,35.707966
1,2026-08-18 04:00:00+00:00,tt_thamrin,18.0,20.777527
1,2026-08-18 05:00:00+00:00,tt_bekasi,15.0,16.559996
1,2026-08-18 05:00:00+00:00,tt_bogor,38.0,33.568645
1,2026-08-18 05:00:00+00:00,tt_bsd,28.0,26.566362
1,2026-08-18 05:00:00+00:00,tt_cawang,28.0,29.237492
1,2026-08-18 05:00:00+00:00,tt_depok,26.0,26.038877
1,2026-08-18 05:00:00+00:00,tt_gatsu,45.0,33.079327
1,2026-08-18 05:00:00+00:00,tt_grogol,36.0,31.484192
1,2026-08-18 05:00:00+00:00,tt_kebonjeruk,22.0,26.080448
1,2026-08-18 05:00:00+00:00,tt_kelapagading,22.0,23.972229
1,2026-08-18 05:00:00+00:00,tt_kuningan,21.0,18.186703
1,2026-08-18 05:00:00+00:00,tt_sudirman,31.0,28.171633
1,2026-08-18 05:00:00+00:00,tt_tangerang,41.0,38.05181
1,2026-08-18 05:00:00+00:00,tt_tbsimatupang,51.0,52.69224
1,2026-08-18 05:00:00+00:00,tt_thamrin,20.0,20.218773
1,2026-08-18 07:00:00+00:00,tt_bekasi,15.0,16.651083
1,2026-08-18 07:00:00+00:00,tt_bogor,34.0,37.96462
1,2026-08-18 07:00:00+00:00,tt_bsd,30.0,27.94583
1,2026-08-18 07:00:00+00:00,tt_cawang,43.0,31.169294
1,2026-08-18 07:00:00+00:00,tt_depok,31.0,26.465431
1,2026-08-18 07:00:00+00:00,tt_gatsu,45.0,44.06707
1,2026-08-18 07:00:00+00:00,tt_grogol,32.0,36.359356
1,2026-08-18 07:00:00+00:00,tt_kebonjeruk,25.0,27.255611
1,2026-08-18 07:00:00+00:00,tt_kelapagading,22.0,24.636549
1,2026-08-18 07:00:00+00:00,tt_kuningan,15.0,20.017551
1,2026-08-18 07:00:00+00:00,tt_sudirman,28.0,29.633049
1,2026-08-18 07:00:00+00:00,tt_tangerang,38.0,42.38707
1,2026-08-18 07:00:00+00:00,tt_tbsimatupang,57.0,51.82652
1,2026-08-18 07:00:00+00:00,tt_thamrin,22.0,20.86108
1,2026-08-18 09:00:00+00:00,tt_bekasi,14.0,16.318226
1,2026-08-18 09:00:00+00:00,tt_bogor,35.0,35.501427
1,2026-08-18 09:00:00+00:00,tt_bsd,28.0,29.756104
1,2026-08-18 09:00:00+00:00,tt_cawang,29.0,33.522846
1,2026-08-18 09:00:00+00:00,tt_depok,24.0,27.522095
1,2026-08-18 09:00:00+00:00,tt_gatsu,45.0,41.024826
1,2026-08-18 09:00:00+00:00,tt_grogol,32.0,34.40342
1,2026-08-18 09:00:00+00:00,tt_kebonjeruk,23.0,27.57209
1,2026-08-18 09:00:00+00:00,tt_kelapagading,23.0,24.594624
1,2026-08-18 09:00:00+00:00,tt_kuningan,21.0,17.525826
1,2026-08-18 09:00:00+00:00,tt_sudirman,31.0,30.190002
1,2026-08-18 09:00:00+00:00,tt_tangerang,38.0,40.362907
1,2026-08-18 09:00:00+00:00,tt_tbsimatupang,43.0,56.30365
1,2026-08-18 09:00:00+00:00,tt_thamrin,22.0,19.945343
1,2026-08-18 10:00:00+00:00,tt_bekasi,14.0,15.493498
1,2026-08-18 10:00:00+00:00,tt_bogor,35.0,35.17619
1,2026-08-18 10:00:00+00:00,tt_bsd,34.0,27.687847
1,2026-08-18 10:00:00+00:00,tt_cawang,30.0,29.917248
1,2026-08-18 10:00:00+00:00,tt_depok,25.0,25.814058
1,2026-08-18 10:00:00+00:00,tt_gatsu,3.999998,40.845673
1,2026-08-18 10:00:00+00:00,tt_grogol,31.0,33.577812
1,2026-08-18 10:00:00+00:00,tt_kebonjeruk,21.0,26.511337
1,2026-08-18 10:00:00+00:00,tt_kelapagading,21.0,23.654058
1,2026-08-18 10:00:00+00:00,tt_kuningan,14.0,19.250637
1,2026-08-18 10:00:00+00:00,tt_sudirman,23.0,28.733082
1,2026-08-18 10:00:00+00:00,tt_tangerang,34.0,39.348583
1,2026-08-18 10:00:00+00:00,tt_tbsimatupang,44.0,48.49765
1,2026-08-18 10:00:00+00:00,tt_thamrin,22.0,19.859343
1,2026-08-18 12:00:00+00:00,tt_bekasi,14.0,14.289307
1,2026-08-18 12:00:00+00:00,tt_bogor,35.0,30.688522
1,2026-08-18 12:00:00+00:00,tt_bsd,34.0,31.666395
1,2026-08-18 12:00:00+00:00,tt_cawang,34.0,25.996267
1,2026-08-18 12:00:00+00:00,tt_depok,26.0,22.97115
1,2026-08-18 12:00:00+00:00,tt_gatsu,45.0,23.84098
1,2026-08-18 12:00:00+00:00,tt_grogol,32.0,27.22132
1,2026-08-18 12:00:00+00:00,tt_kebonjeruk,25.0,22.680231
1,2026-08-18 12:00:00+00:00,tt_kelapagading,22.0,20.965351
1,2026-08-18 12:00:00+00:00,tt_kuningan,13.0,15.348579
1,2026-08-18 12:00:00+00:00,tt_sudirman,29.0,23.77774
1,2026-08-18 12:00:00+00:00,tt_tangerang,48.0,29.399206
1,2026-08-18 12:00:00+00:00,tt_tbsimatupang,72.0,42.985794
1,2026-08-18 12:00:00+00:00,tt_thamrin,17.0,17.39429
1,2026-08-18 14:00:00+00:00,tt_bekasi,15.999999,15.274527
1,2026-08-18 14:00:00+00:00,tt_bogor,45.0,33.600292
1,2026-08-18 14:00:00+00:00,tt_bsd,34.0,33.006752
1,2026-08-18 14:00:00+00:00,tt_cawang,32.0,32.196487
1,2026-08-18 14:00:00+00:00,tt_depok,26.0,26.70018
1,2026-08-18 14:00:00+00:00,tt_gatsu,45.0,46.421318
1,2026-08-18 14:00:00+00:00,tt_grogol,40.0,36.00027
1,2026-08-18 14:00:00+00:00,tt_kebonjeruk,31.0,27.373077
1,2026-08-18 14:00:00+00:00,tt_kelapagading,29.0,24.176723
1,2026-08-18 14:00:00+00:00,tt_kuningan,15.999999,15.792224
1,2026-08-18 14:00:00+00:00,tt_sudirman,30.0,30.090212
1,2026-08-18 14:00:00+00:00,tt_tangerang,48.0,48.304634
1,2026-08-18 14:00:00+00:00,tt_tbsimatupang,72.0,69.78125
1,2026-08-18 14:00:00+00:00,tt_thamrin,22.0,18.055565
1,2026-08-18 15:00:00+00:00,tt_bekasi,15.999999,17.060562
1,2026-08-18 15:00:00+00:00,tt_bogor,45.0,43.71849
1,2026-08-18 15:00:00+00:00,tt_bsd,34.0,35.119503
1,2026-08-18 15:00:00+00:00,tt_cawang,43.0,36.156075
1,2026-08-18 15:00:00+00:00,tt_depok,31.0,29.686586
1,2026-08-18 15:00:00+00:00,tt_gatsu,45.0,45.409817
1,2026-08-18 15:00:00+00:00,tt_grogol,40.0,40.538277
1,2026-08-18 15:00:00+00:00,tt_kebonjeruk,35.0,31.178356
1,2026-08-18 15:00:00+00:00,tt_kelapagading,29.0,26.69085
1,2026-08-18 15:00:00+00:00,tt_kuningan,21.0,18.026133
1,2026-08-18 15:00:00+00:00,tt_sudirman,39.0,33.89448
1,2026-08-18 15:00:00+00:00,tt_tangerang,48.0,48.575905
1,2026-08-18 15:00:00+00:00,tt_tbsimatupang,72.0,70.663284
1,2026-08-18 15:00:00+00:00,tt_thamrin,22.0,20.43415
1,2026-08-18 17:00:00+00:00,tt_bekasi,17.0,17.480303
1,2026-08-18 17:00:00+00:00,tt_bogor,45.0,43.136963
1,2026-08-18 17:00:00+00:00,tt_bsd,34.0,35.488266
1,2026-08-18 17:00:00+00:00,tt_cawang,43.0,39.52485
1,2026-08-18 17:00:00+00:00,tt_depok,31.0,33.78972
1,2026-08-18 17:00:00+00:00,tt_gatsu,45.0,45.441128
1,2026-08-18 17:00:00+00:00,tt_grogol,40.0,40.71746
1,2026-08-18 17:00:00+00:00,tt_kebonjeruk,35.0,35.050842
1,2026-08-18 17:00:00+00:00,tt_kelapagading,29.0,29.901937
1,2026-08-18 17:00:00+00:00,tt_kuningan,21.0,19.925114
1,2026-08-18 17:00:00+00:00,tt_sudirman,39.0,37.452255
1,2026-08-18 17:00:00+00:00,tt_tangerang,48.0,48.744904
1,2026-08-18 17:00:00+00:00,tt_tbsimatupang,72.0,69.000824
1,2026-08-18 17:00:00+00:00,tt_thamrin,22.0,21.864002
1,2026-08-18 19:00:00+00:00,tt_bekasi,17.0,17.958084
1,2026-08-18 19:00:00+00:00,tt_bogor,45.0,42.63285
1,2026-08-18 19:00:00+00:00,tt_bsd,34.0,35.083546
1,2026-08-18 19:00:00+00:00,tt_cawang,43.0,38.5633
1,2026-08-18 19:00:00+00:00,tt_depok,31.0,32.930862
1,2026-08-18 19:00:00+00:00,tt_gatsu,45.0,45.60304
1,2026-08-18 19:00:00+00:00,tt_grogol,40.0,40.480846
1,2026-08-18 19:00:00+00:00,tt_kebonjeruk,35.0,34.207497
1,2026-08-18 19:00:00+00:00,tt_kelapagading,29.0,29.582233
1,2026-08-18 19:00:00+00:00,tt_kuningan,21.0,19.716854
1,2026-08-18 19:00:00+00:00,tt_sudirman,39.0,36.543884
1,2026-08-18 19:00:00+00:00,tt_tangerang,48.0,48.30435
1,2026-08-18 19:00:00+00:00,tt_tbsimatupang,72.0,67.364655
1,2026-08-18 19:00:00+00:00,tt_thamrin,22.0,21.934372
1,2026-08-18 20:00:00+00:00,tt_bekasi,17.0,18.042274
1,2026-08-18 20:00:00+00:00,tt_bogor,45.0,42.72335
1,2026-08-18 20:00:00+00:00,tt_bsd,34.0,35.020504
1,2026-08-18 20:00:00+00:00,tt_cawang,43.0,38.73522
1,2026-08-18 20:00:00+00:00,tt_depok,31.0,32.971653
1,2026-08-18 20:00:00+00:00,tt_gatsu,45.0,45.96656
1,2026-08-18 20:00:00+00:00,tt_grogol,40.0,40.614616
1,2026-08-18 20:00:00+00:00,tt_kebonjeruk,35.0,34.24822
1,2026-08-18 20:00:00+00:00,tt_kelapagading,29.0,29.644562
1,2026-08-18 20:00:00+00:00,tt_kuningan,21.0,19.952719
1,2026-08-18 20:00:00+00:00,tt_sudirman,39.0,36.613274
1,2026-08-18 20:00:00+00:00,tt_tangerang,48.0,48.32553
1,2026-08-18 20:00:00+00:00,tt_tbsimatupang,72.0,66.24237
1,2026-08-18 20:00:00+00:00,tt_thamrin,22.0,22.139652
1,2026-08-18 22:00:00+00:00,tt_bekasi,17.0,18.434362
1,2026-08-18 22:00:00+00:00,tt_bogor,45.0,42.556282
1,2026-08-18 22:00:00+00:00,tt_bsd,34.0,34.604877
1,2026-08-18 22:00:00+00:00,tt_cawang,43.0,38.538334
1,2026-08-18 22:00:00+00:00,tt_depok,31.0,33.073578
1,2026-08-18 22:00:00+00:00,tt_gatsu,45.0,44.452103
1,2026-08-18 22:00:00+00:00,tt_grogol,40.0,40.411026
1,2026-08-18 22:00:00+00:00,tt_kebonjeruk,35.0,34.292633
1,2026-08-18 22:00:00+00:00,tt_kelapagading,29.0,29.95373
1,2026-08-18 22:00:00+00:00,tt_kuningan,21.0,20.374756
1,2026-08-18 22:00:00+00:00,tt_sudirman,39.0,36.530945
1,2026-08-18 22:00:00+00:00,tt_tangerang,48.0,47.458157
1,2026-08-18 22:00:00+00:00,tt_tbsimatupang,72.0,62.513763
1,2026-08-18 22:00:00+00:00,tt_thamrin,22.0,22.651619
1,2026-08-19 00:00:00+00:00,tt_bekasi,15.0,19.068213
1,2026-08-19 00:00:00+00:00,tt_bogor,35.0,42.567257
1,2026-08-19 00:00:00+00:00,tt_bsd,29.0,34.649612
1,2026-08-19 00:00:00+00:00,tt_cawang,20.0,38.19569
1,2026-08-19 00:00:00+00:00,tt_depok,31.0,33.374836
1,2026-08-19 00:00:00+00:00,tt_gatsu,45.0,42.816536
1,2026-08-19 00:00:00+00:00,tt_grogol,40.0,39.914238
1,2026-08-19 00:00:00+00:00,tt_kebonjeruk,27.0,34.54945
1,2026-08-19 00:00:00+00:00,tt_kelapagading,29.0,30.623465
1,2026-08-19 00:00:00+00:00,tt_kuningan,21.0,21.335697
1,2026-08-19 00:00:00+00:00,tt_sudirman,39.0,36.49034
1,2026-08-19 00:00:00+00:00,tt_tangerang,48.0,47.29686
1,2026-08-19 00:00:00+00:00,tt_tbsimatupang,39.0,63.338745
1,2026-08-19 00:00:00+00:00,tt_thamrin,19.0,23.629942
1,2026-08-19 01:00:00+00:00,tt_bekasi,15.999999,17.211681
1,2026-08-19 01:00:00+00:00,tt_bogor,37.0,30.51085
1,2026-08-19 01:00:00+00:00,tt_bsd,34.0,26.400976
1,2026-08-19 01:00:00+00:00,tt_cawang,13.0,26.839567
1,2026-08-19 01:00:00+00:00,tt_depok,27.0,26.89952
1,2026-08-19 01:00:00+00:00,tt_gatsu,13.0,38.80273
1,2026-08-19 01:00:00+00:00,tt_grogol,32.0,34.046665
1,2026-08-19 01:00:00+00:00,tt_kebonjeruk,25.0,26.491486
1,2026-08-19 01:00:00+00:00,tt_kelapagading,29.0,25.7118
1,2026-08-19 01:00:00+00:00,tt_kuningan,21.0,20.37825
1,2026-08-19 01:00:00+00:00,tt_sudirman,22.0,27.944803
1,2026-08-19 01:00:00+00:00,tt_tangerang,39.0,41.557922
1,2026-08-19 01:00:00+00:00,tt_tbsimatupang,18.0,33.048187
1,2026-08-19 01:00:00+00:00,tt_thamrin,22.0,21.906116
1,2026-08-19 03:00:00+00:00,tt_bekasi,15.999999,17.016466
1,2026-08-19 03:00:00+00:00,tt_bogor,37.0,34.887703
1,2026-08-19 03:00:00+00:00,tt_bsd,34.0,31.644955
1,2026-08-19 03:00:00+00:00,tt_cawang,20.0,27.72441
1,2026-08-19 03:00:00+00:00,tt_depok,31.0,23.96087
1,2026-08-19 03:00:00+00:00,tt_gatsu,45.0,24.703388
1,2026-08-19 03:00:00+00:00,tt_grogol,31.0,29.619827
1,2026-08-19 03:00:00+00:00,tt_kebonjeruk,23.0,24.15413
1,2026-08-19 03:00:00+00:00,tt_kelapagading,29.0,22.956867
1,2026-08-19 03:00:00+00:00,tt_kuningan,15.999999,20.193298
1,2026-08-19 03:00:00+00:00,tt_sudirman,24.0,25.44764
1,2026-08-19 03:00:00+00:00,tt_tangerang,40.0,33.656624
1,2026-08-19 03:00:00+00:00,tt_tbsimatupang,33.0,31.891878
1,2026-08-19 03:00:00+00:00,tt_thamrin,20.0,21.452091
1,2026-08-19 05:00:00+00:00,tt_bekasi,15.0,17.192696
1,2026-08-19 05:00:00+00:00,tt_bogor,32.0,37.11522
1,2026-08-19 05:00:00+00:00,tt_bsd,34.0,32.681793
1,2026-08-19 05:00:00+00:00,tt_cawang,17.0,30.695301
1,2026-08-19 05:00:00+00:00,tt_depok,31.0,26.694908
1,2026-08-19 05:00:00+00:00,tt_gatsu,45.0,44.374443
1,2026-08-19 05:00:00+00:00,tt_grogol,31.0,34.087185
1,2026-08-19 05:00:00+00:00,tt_kebonjeruk,24.0,26.705278
1,2026-08-19 05:00:00+00:00,tt_kelapagading,21.0,24.498276
1,2026-08-19 05:00:00+00:00,tt_kuningan,17.0,18.554302
1,2026-08-19 05:00:00+00:00,tt_sudirman,27.0,28.694557
1,2026-08-19 05:00:00+00:00,tt_tangerang,40.0,39.865147
1,2026-08-19 05:00:00+00:00,tt_tbsimatupang,43.0,41.555946
1,2026-08-19 05:00:00+00:00,tt_thamrin,17.0,20.89288
1,2026-08-19 06:00:00+00:00,tt_bekasi,18.0,16.152607
1,2026-08-19 06:00:00+00:00,tt_bogor,35.0,33.11106
1,2026-08-19 06:00:00+00:00,tt_bsd,34.0,31.61106
1,2026-08-19 06:00:00+00:00,tt_cawang,19.0,29.358856
1,2026-08-19 06:00:00+00:00,tt_depok,27.0,25.650093
1,2026-08-19 06:00:00+00:00,tt_gatsu,30.0,41.7827
1,2026-08-19 06:00:00+00:00,tt_grogol,27.0,33.006683
1,2026-08-19 06:00:00+00:00,tt_kebonjeruk,21.0,25.727493
1,2026-08-19 06:00:00+00:00,tt_kelapagading,21.0,23.3643
1,2026-08-19 06:00:00+00:00,tt_kuningan,21.0,18.16542
1,2026-08-19 06:00:00+00:00,tt_sudirman,18.0,27.844484
1,2026-08-19 06:00:00+00:00,tt_tangerang,38.0,39.70169
1,2026-08-19 06:00:00+00:00,tt_tbsimatupang,48.0,46.057167
1,2026-08-19 06:00:00+00:00,tt_thamrin,13.0,19.764969
1,2026-08-19 08:00:00+00:00,tt_bekasi,15.0,16.597786
1,2026-08-19 08:00:00+00:00,tt_bogor,34.0,34.46067
1,2026-08-19 08:00:00+00:00,tt_bsd,28.0,31.542816
1,2026-08-19 08:00:00+00:00,tt_cawang,32.0,28.513134
1,2026-08-19 08:00:00+00:00,tt_depok,25.0,23.856636
1,2026-08-19 08:00:00+00:00,tt_gatsu,26.0,31.746662
1,2026-08-19 08:00:00+00:00,tt_grogol,27.0,30.35221
1,2026-08-19 08:00:00+00:00,tt_kebonjeruk,18.0,24.468525
1,2026-08-19 08:00:00+00:00,tt_kelapagading,22.0,22.236843
1,2026-08-19 08:00:00+00:00,tt_kuningan,21.0,18.228928
1,2026-08-19 08:00:00+00:00,tt_sudirman,22.0,26.06442
1,2026-08-19 08:00:00+00:00,tt_tangerang,48.0,36.803055
1,2026-08-19 08:00:00+00:00,tt_tbsimatupang,32.0,48.99014
1,2026-08-19 08:00:00+00:00,tt_thamrin,8.0,18.54009
1,2026-08-19 10:00:00+00:00,tt_bekasi,13.0,14.457218
1,2026-08-19 10:00:00+00:00,tt_bogor,30.0,33.711044
1,2026-08-19 10:00:00+00:00,tt_bsd,34.0,27.530037
1,2026-08-19 10:00:00+00:00,tt_cawang,43.0,29.204432
1,2026-08-19 10:00:00+00:00,tt_depok,23.0,23.22161
1,2026-08-19 10:00:00+00:00,tt_gatsu,23.0,32.54951
1,2026-08-19 10:00:00+00:00,tt_grogol,30.0,31.447866
1,2026-08-19 10:00:00+00:00,tt_kebonjeruk,19.0,24.170105
1,2026-08-19 10:00:00+00:00,tt_kelapagading,22.0,21.094025
1,2026-08-19 10:00:00+00:00,tt_kuningan,15.999999,16.702171
1,2026-08-19 10:00:00+00:00,tt_sudirman,19.0,26.056665
1,2026-08-19 10:00:00+00:00,tt_tangerang,28.0,42.134544
1,2026-08-19 10:00:00+00:00,tt_tbsimatupang,34.0,42.000954
1,2026-08-19 10:00:00+00:00,tt_thamrin,17.0,16.319073
1,2026-08-19 11:00:00+00:00,tt_bekasi,18.0,13.8603
1,2026-08-19 11:00:00+00:00,tt_bogor,33.0,32.810287
1,2026-08-19 11:00:00+00:00,tt_bsd,27.0,32.64945
1,2026-08-19 11:00:00+00:00,tt_cawang,43.0,29.843374
1,2026-08-19 11:00:00+00:00,tt_depok,25.0,22.9771
1,2026-08-19 11:00:00+00:00,tt_gatsu,35.0,32.24501
1,2026-08-19 11:00:00+00:00,tt_grogol,32.0,30.610268
1,2026-08-19 11:00:00+00:00,tt_kebonjeruk,21.0,23.597244
1,2026-08-19 11:00:00+00:00,tt_kelapagading,20.0,20.611412
1,2026-08-19 11:00:00+00:00,tt_kuningan,15.999999,15.519234
1,2026-08-19 11:00:00+00:00,tt_sudirman,15.999999,25.504204
1,2026-08-19 11:00:00+00:00,tt_tangerang,26.0,33.74944
1,2026-08-19 11:00:00+00:00,tt_tbsimatupang,44.0,41.608578
1,2026-08-19 11:00:00+00:00,tt_thamrin,10.0,16.73541
1,2026-08-19 13:00:00+00:00,tt_bekasi,18.0,15.487576
1,2026-08-19 13:00:00+00:00,tt_bogor,45.0,29.115498
1,2026-08-19 13:00:00+00:00,tt_bsd,34.0,25.537588
1,2026-08-19 13:00:00+00:00,tt_cawang,43.0,26.223993
1,2026-08-19 13:00:00+00:00,tt_depok,25.0,21.625652
1,2026-08-19 13:00:00+00:00,tt_gatsu,45.0,32.74363
1,2026-08-19 13:00:00+00:00,tt_grogol,31.0,26.863874
1,2026-08-19 13:00:00+00:00,tt_kebonjeruk,27.0,22.248547
1,2026-08-19 13:00:00+00:00,tt_kelapagading,23.0,20.1194
1,2026-08-19 13:00:00+00:00,tt_kuningan,13.0,14.731781
1,2026-08-19 13:00:00+00:00,tt_sudirman,30.0,23.1195
1,2026-08-19 13:00:00+00:00,tt_tangerang,48.0,27.255331
1,2026-08-19 13:00:00+00:00,tt_tbsimatupang,72.0,42.173965
1,2026-08-19 13:00:00+00:00,tt_thamrin,20.0,15.203045
1,2026-08-19 15:00:00+00:00,tt_bekasi,15.999999,17.167505
1,2026-08-19 15:00:00+00:00,tt_bogor,38.0,44.976746
1,2026-08-19 15:00:00+00:00,tt_bsd,34.0,36.19946
1,2026-08-19 15:00:00+00:00,tt_cawang,32.0,37.26371
1,2026-08-19 15:00:00+00:00,tt_depok,31.0,27.131306
1,2026-08-19 15:00:00+00:00,tt_gatsu,45.0,44.286484
1,2026-08-19 15:00:00+00:00,tt_grogol,40.0,37.722473
1,2026-08-19 15:00:00+00:00,tt_kebonjeruk,31.0,29.211205
1,2026-08-19 15:00:00+00:00,tt_kelapagading,29.0,24.501522
1,2026-08-19 15:00:00+00:00,tt_kuningan,21.0,15.966758
1,2026-08-19 15:00:00+00:00,tt_sudirman,29.0,32.26916
1,2026-08-19 15:00:00+00:00,tt_tangerang,48.0,49.965126
1,2026-08-19 15:00:00+00:00,tt_tbsimatupang,72.0,71.22597
1,2026-08-19 15:00:00+00:00,tt_thamrin,21.0,18.46874
1,2026-08-19 16:00:00+00:00,tt_bekasi,18.0,16.807793
1,2026-08-19 16:00:00+00:00,tt_bogor,45.0,37.500874
1,2026-08-19 16:00:00+00:00,tt_bsd,34.0,34.42945
1,2026-08-19 16:00:00+00:00,tt_cawang,43.0,34.134342
1,2026-08-19 16:00:00+00:00,tt_depok,31.0,29.289885
1,2026-08-19 16:00:00+00:00,tt_gatsu,45.0,43.602818
1,2026-08-19 16:00:00+00:00,tt_grogol,40.0,39.53607
1,2026-08-19 16:00:00+00:00,tt_kebonjeruk,35.0,30.112823
1,2026-08-19 16:00:00+00:00,tt_kelapagading,29.0,25.952421
1,2026-08-19 16:00:00+00:00,tt_kuningan,21.0,19.124083
1,2026-08-19 16:00:00+00:00,tt_sudirman,39.0,32.7713
1,2026-08-19 16:00:00+00:00,tt_tangerang,48.0,49.278008
1,2026-08-19 16:00:00+00:00,tt_tbsimatupang,72.0,70.37343
1,2026-08-19 16:00:00+00:00,tt_thamrin,22.0,19.847366
1,2026-08-19 18:00:00+00:00,tt_bekasi,18.0,18.36153
1,2026-08-19 18:00:00+00:00,tt_bogor,45.0,45.52055
1,2026-08-19 18:00:00+00:00,tt_bsd,34.0,36.20247
1,2026-08-19 18:00:00+00:00,tt_cawang,43.0,39.96561
1,2026-08-19 18:00:00+00:00,tt_depok,31.0,32.5496
1,2026-08-19 18:00:00+00:00,tt_gatsu,45.0,43.51152
1,2026-08-19 18:00:00+00:00,tt_grogol,40.0,41.17446
1,2026-08-19 18:00:00+00:00,tt_kebonjeruk,35.0,34.288353
1,2026-08-19 18:00:00+00:00,tt_kelapagading,29.0,29.266607
1,2026-08-19 18:00:00+00:00,tt_kuningan,21.0,19.447308
1,2026-08-19 18:00:00+00:00,tt_sudirman,39.0,36.71351
1,2026-08-19 18:00:00+00:00,tt_tangerang,44.0,49.615738
1,2026-08-19 18:00:00+00:00,tt_tbsimatupang,72.0,69.61188
1,2026-08-19 18:00:00+00:00,tt_thamrin,22.0,20.864788
1,2026-08-19 20:00:00+00:00,tt_bekasi,18.0,18.447605
1,2026-08-19 20:00:00+00:00,tt_bogor,45.0,44.31804
1,2026-08-19 20:00:00+00:00,tt_bsd,34.0,35.906506
1,2026-08-19 20:00:00+00:00,tt_cawang,43.0,38.85967
1,2026-08-19 20:00:00+00:00,tt_depok,31.0,31.830015
1,2026-08-19 20:00:00+00:00,tt_gatsu,45.0,43.003017
1,2026-08-19 20:00:00+00:00,tt_grogol,40.0,39.754997
1,2026-08-19 20:00:00+00:00,tt_kebonjeruk,35.0,33.318905
1,2026-08-19 20:00:00+00:00,tt_kelapagading,29.0,28.800327
1,2026-08-19 20:00:00+00:00,tt_kuningan,21.0,19.568653
1,2026-08-19 20:00:00+00:00,tt_sudirman,39.0,35.66716
1,2026-08-19 20:00:00+00:00,tt_tangerang,48.0,46.881218
1,2026-08-19 20:00:00+00:00,tt_tbsimatupang,72.0,64.70084
1,2026-08-19 20:00:00+00:00,tt_thamrin,22.0,21.198734
1,2026-08-19 21:00:00+00:00,tt_bekasi,18.0,18.834427
1,2026-08-19 21:00:00+00:00,tt_bogor,45.0,44.423397
1,2026-08-19 21:00:00+00:00,tt_bsd,34.0,35.93887
1,2026-08-19 21:00:00+00:00,tt_cawang,43.0,39.33999
1,2026-08-19 21:00:00+00:00,tt_depok,31.0,32.598934
1,2026-08-19 21:00:00+00:00,tt_gatsu,45.0,43.354828
1,2026-08-19 21:00:00+00:00,tt_grogol,40.0,41.01129
1,2026-08-19 21:00:00+00:00,tt_kebonjeruk,35.0,34.081844
1,2026-08-19 21:00:00+00:00,tt_kelapagading,29.0,29.609615
1,2026-08-19 21:00:00+00:00,tt_kuningan,21.0,19.92207
1,2026-08-19 21:00:00+00:00,tt_sudirman,39.0,36.45874
1,2026-08-19 21:00:00+00:00,tt_tangerang,48.0,50.065617
1,2026-08-19 21:00:00+00:00,tt_tbsimatupang,72.0,64.06286
1,2026-08-19 21:00:00+00:00,tt_thamrin,22.0,21.775192
1,2026-08-19 23:00:00+00:00,tt_bekasi,17.0,19.57808
1,2026-08-19 23:00:00+00:00,tt_bogor,35.0,44.372025
1,2026-08-19 23:00:00+00:00,tt_bsd,34.0,35.585987
1,2026-08-19 23:00:00+00:00,tt_cawang,26.0,39.33612
1,2026-08-19 23:00:00+00:00,tt_depok,31.0,33.180866
1,2026-08-19 23:00:00+00:00,tt_gatsu,45.0,43.3382
1,2026-08-19 23:00:00+00:00,tt_grogol,35.0,40.67683
1,2026-08-19 23:00:00+00:00,tt_kebonjeruk,30.0,34.498833
1,2026-08-19 23:00:00+00:00,tt_kelapagading,29.0,30.474867
1,2026-08-19 23:00:00+00:00,tt_kuningan,21.0,20.688763
1,2026-08-19 23:00:00+00:00,tt_sudirman,39.0,36.73217
1,2026-08-19 23:00:00+00:00,tt_tangerang,48.0,48.755604
1,2026-08-19 23:00:00+00:00,tt_tbsimatupang,72.0,62.623863
1,2026-08-19 23:00:00+00:00,tt_thamrin,20.0,22.886505
1,2026-08-20 01:00:00+00:00,tt_bekasi,18.0,19.006514
1,2026-08-20 01:00:00+00:00,tt_bogor,35.0,34.770264
1,2026-08-20 01:00:00+00:00,tt_bsd,29.0,32.130398
1,2026-08-20 01:00:00+00:00,tt_cawang,14.0,31.660717
1,2026-08-20 01:00:00+00:00,tt_depok,31.0,29.834057
1,2026-08-20 01:00:00+00:00,tt_gatsu,37.0,41.186623
1,2026-08-20 01:00:00+00:00,tt_grogol,30.0,35.3406
1,2026-08-20 01:00:00+00:00,tt_kebonjeruk,26.0,29.839846
1,2026-08-20 01:00:00+00:00,tt_kelapagading,29.0,27.80188
1,2026-08-20 01:00:00+00:00,tt_kuningan,21.0,20.922932
1,2026-08-20 01:00:00+00:00,tt_sudirman,27.0,32.19462
1,2026-08-20 01:00:00+00:00,tt_tangerang,36.0,45.47039
1,2026-08-20 01:00:00+00:00,tt_tbsimatupang,18.0,62.112328
1,2026-08-20 01:00:00+00:00,tt_thamrin,18.0,22.812027
1,2026-08-20 02:00:00+00:00,tt_bekasi,18.0,18.005695
1,2026-08-20 02:00:00+00:00,tt_bogor,40.0,33.078453
1,2026-08-20 02:00:00+00:00,tt_bsd,34.0,26.06451
1,2026-08-20 02:00:00+00:00,tt_cawang,18.0,26.150433
1,2026-08-20 02:00:00+00:00,tt_depok,31.0,24.55154
1,2026-08-20 02:00:00+00:00,tt_gatsu,45.0,30.936731
1,2026-08-20 02:00:00+00:00,tt_grogol,30.0,27.332815
1,2026-08-20 02:00:00+00:00,tt_kebonjeruk,26.0,24.03965
1,2026-08-20 02:00:00+00:00,tt_kelapagading,25.0,24.082865
1,2026-08-20 02:00:00+00:00,tt_kuningan,21.0,19.792099
1,2026-08-20 02:00:00+00:00,tt_sudirman,25.0,24.494938
1,2026-08-20 02:00:00+00:00,tt_tangerang,48.0,31.015484
1,2026-08-20 02:00:00+00:00,tt_tbsimatupang,21.0,25.554071
1,2026-08-20 02:00:00+00:00,tt_thamrin,18.0,21.075035
1,2026-08-20 04:00:00+00:00,tt_bekasi,15.0,18.442097
1,2026-08-20 04:00:00+00:00,tt_bogor,35.0,39.361843
1,2026-08-20 04:00:00+00:00,tt_bsd,34.0,33.21446
1,2026-08-20 04:00:00+00:00,tt_cawang,20.0,29.998377
1,2026-08-20 04:00:00+00:00,tt_depok,27.0,26.225473
1,2026-08-20 04:00:00+00:00,tt_gatsu,45.0,41.43079
1,2026-08-20 04:00:00+00:00,tt_grogol,25.0,34.833477
1,2026-08-20 04:00:00+00:00,tt_kebonjeruk,25.0,26.586143
1,2026-08-20 04:00:00+00:00,tt_kelapagading,22.0,24.940298
1,2026-08-20 04:00:00+00:00,tt_kuningan,21.0,20.347843
1,2026-08-20 04:00:00+00:00,tt_sudirman,26.0,28.169859
1,2026-08-20 04:00:00+00:00,tt_tangerang,48.0,43.19672
1,2026-08-20 04:00:00+00:00,tt_tbsimatupang,45.0,32.843124
1,2026-08-20 04:00:00+00:00,tt_thamrin,13.0,21.629333
1,2026-08-20 06:00:00+00:00,tt_bekasi,15.0,16.499235
1,2026-08-20 06:00:00+00:00,tt_bogor,39.0,34.137566
1,2026-08-20 06:00:00+00:00,tt_bsd,34.0,31.519493
1,2026-08-20 06:00:00+00:00,tt_cawang,28.0,29.218061
1,2026-08-20 06:00:00+00:00,tt_depok,29.0,25.234016
1,2026-08-20 06:00:00+00:00,tt_gatsu,28.0,40.22499
1,2026-08-20 06:00:00+00:00,tt_grogol,29.0,31.981531
1,2026-08-20 06:00:00+00:00,tt_kebonjeruk,25.0,26.051403
1,2026-08-20 06:00:00+00:00,tt_kelapagading,20.0,23.915066
1,2026-08-20 06:00:00+00:00,tt_kuningan,15.999999,19.19138
1,2026-08-20 06:00:00+00:00,tt_sudirman,21.0,27.941015
1,2026-08-20 06:00:00+00:00,tt_tangerang,38.0,43.164734
1,2026-08-20 06:00:00+00:00,tt_tbsimatupang,27.0,48.480255
1,2026-08-20 06:00:00+00:00,tt_thamrin,12.0,19.61212
1,2026-08-20 07:00:00+00:00,tt_bekasi,15.999999,15.675867
1,2026-08-20 07:00:00+00:00,tt_bogor,36.0,37.161144
1,2026-08-20 07:00:00+00:00,tt_bsd,34.0,32.01965
1,2026-08-20 07:00:00+00:00,tt_cawang,21.0,28.818743
1,2026-08-20 07:00:00+00:00,tt_depok,26.0,23.752628
1,2026-08-20 07:00:00+00:00,tt_gatsu,20.0,30.50928
1,2026-08-20 07:00:00+00:00,tt_grogol,29.0,30.72692
1,2026-08-20 07:00:00+00:00,tt_kebonjeruk,22.0,24.157543
1,2026-08-20 07:00:00+00:00,tt_kelapagading,20.0,22.162868
1,2026-08-20 07:00:00+00:00,tt_kuningan,21.0,16.605946
1,2026-08-20 07:00:00+00:00,tt_sudirman,20.0,25.833668
1,2026-08-20 07:00:00+00:00,tt_tangerang,37.0,35.825203
1,2026-08-20 07:00:00+00:00,tt_tbsimatupang,49.0,39.344463
1,2026-08-20 07:00:00+00:00,tt_thamrin,12.0,17.77856
1,2026-08-20 09:00:00+00:00,tt_bekasi,14.0,15.751503
1,2026-08-20 09:00:00+00:00,tt_bogor,34.0,35.289837
1,2026-08-20 09:00:00+00:00,tt_bsd,28.0,31.66892
1,2026-08-20 09:00:00+00:00,tt_cawang,30.0,28.537733
1,2026-08-20 09:00:00+00:00,tt_depok,26.0,23.592264
1,2026-08-20 09:00:00+00:00,tt_gatsu,32.0,29.59801
1,2026-08-20 09:00:00+00:00,tt_grogol,31.0,30.96439
1,2026-08-20 09:00:00+00:00,tt_kebonjeruk,21.0,24.446806
1,2026-08-20 09:00:00+00:00,tt_kelapagading,21.0,22.217773
1,2026-08-20 09:00:00+00:00,tt_kuningan,13.0,18.011501
1,2026-08-20 09:00:00+00:00,tt_sudirman,23.0,26.140064
1,2026-08-20 09:00:00+00:00,tt_tangerang,34.0,37.767147
1,2026-08-20 09:00:00+00:00,tt_tbsimatupang,47.0,49.382584
1,2026-08-20 09:00:00+00:00,tt_thamrin,18.0,17.740429
1,2026-08-20 11:00:00+00:00,tt_bekasi,18.0,14.542585
1,2026-08-20 11:00:00+00:00,tt_bogor,35.0,30.073368
1,2026-08-20 11:00:00+00:00,tt_bsd,34.0,26.761711
1,2026-08-20 11:00:00+00:00,tt_cawang,33.0,26.628788
1,2026-08-20 11:00:00+00:00,tt_depok,26.0,23.302744
1,2026-08-20 11:00:00+00:00,tt_gatsu,7.0,33.521008
1,2026-08-20 11:00:00+00:00,tt_grogol,29.0,29.779427
1,2026-08-20 11:00:00+00:00,tt_kebonjeruk,18.0,23.394249
1,2026-08-20 11:00:00+00:00,tt_kelapagading,21.0,21.444012
1,2026-08-20 11:00:00+00:00,tt_kuningan,15.999999,14.998808
1,2026-08-20 11:00:00+00:00,tt_sudirman,12.0,25.433563
1,2026-08-20 11:00:00+00:00,tt_tangerang,35.0,36.878452
1,2026-08-20 11:00:00+00:00,tt_tbsimatupang,24.0,48.27291
1,2026-08-20 11:00:00+00:00,tt_thamrin,10.0,16.767384
1,2026-08-20 12:00:00+00:00,tt_bekasi,14.0,14.987164
1,2026-08-20 12:00:00+00:00,tt_bogor,37.0,31.056313
1,2026-08-20 12:00:00+00:00,tt_bsd,34.0,31.624634
1,2026-08-20 12:00:00+00:00,tt_cawang,43.0,25.515974
1,2026-08-20 12:00:00+00:00,tt_depok,24.0,20.68344
1,2026-08-20 12:00:00+00:00,tt_gatsu,10.0,25.30496
1,2026-08-20 12:00:00+00:00,tt_grogol,32.0,28.532446
1,2026-08-20 12:00:00+00:00,tt_kebonjeruk,23.0,21.093819
1,2026-08-20 12:00:00+00:00,tt_kelapagading,21.0,19.160011
1,2026-08-20 12:00:00+00:00,tt_kuningan,13.0,14.557386
1,2026-08-20 12:00:00+00:00,tt_sudirman,22.0,22.584969
1,2026-08-20 12:00:00+00:00,tt_tangerang,48.0,35.15481
1,2026-08-20 12:00:00+00:00,tt_tbsimatupang,40.0,40.096558
1,2026-08-20 12:00:00+00:00,tt_thamrin,9.0,14.611721
1,2026-08-20 14:00:00+00:00,tt_bekasi,18.0,13.585794
1,2026-08-20 14:00:00+00:00,tt_bogor,38.0,34.67111
1,2026-08-20 14:00:00+00:00,tt_bsd,27.0,32.232777
1,2026-08-20 14:00:00+00:00,tt_cawang,32.0,28.21062
1,2026-08-20 14:00:00+00:00,tt_depok,31.0,21.78281
1,2026-08-20 14:00:00+00:00,tt_gatsu,45.0,21.825882
1,2026-08-20 14:00:00+00:00,tt_grogol,40.0,31.09681
1,2026-08-20 14:00:00+00:00,tt_kebonjeruk,28.0,22.644608
1,2026-08-20 14:00:00+00:00,tt_kelapagading,29.0,19.951944
1,2026-08-20 14:00:00+00:00,tt_kuningan,15.999999,13.542461
1,2026-08-20 14:00:00+00:00,tt_sudirman,39.0,23.932251
1,2026-08-20 14:00:00+00:00,tt_tangerang,48.0,42.885452
1,2026-08-20 14:00:00+00:00,tt_tbsimatupang,59.0,42.165447
1,2026-08-20 14:00:00+00:00,tt_thamrin,13.0,14.321495
1,2026-08-20 16:00:00+00:00,tt_bekasi,15.0,16.872631
1,2026-08-20 16:00:00+00:00,tt_bogor,45.0,34.587906
1,2026-08-20 16:00:00+00:00,tt_bsd,34.0,26.376982
1,2026-08-20 16:00:00+00:00,tt_cawang,43.0,31.744469
1,2026-08-20 16:00:00+00:00,tt_depok,31.0,26.86868
1,2026-08-20 16:00:00+00:00,tt_gatsu,45.0,45.3738
1,2026-08-20 16:00:00+00:00,tt_grogol,40.0,37.720177
1,2026-08-20 16:00:00+00:00,tt_kebonjeruk,35.0,27.879929
1,2026-08-20 16:00:00+00:00,tt_kelapagading,29.0,23.998571
1,2026-08-20 16:00:00+00:00,tt_kuningan,21.0,16.168236
1,2026-08-20 16:00:00+00:00,tt_sudirman,39.0,31.19732
1,2026-08-20 16:00:00+00:00,tt_tangerang,48.0,47.28184
1,2026-08-20 16:00:00+00:00,tt_tbsimatupang,72.0,59.811836
1,2026-08-20 16:00:00+00:00,tt_thamrin,22.0,17.444157
1,2026-08-20 17:00:00+00:00,tt_bekasi,18.0,16.708744
1,2026-08-20 17:00:00+00:00,tt_bogor,45.0,44.604305
1,2026-08-20 17:00:00+00:00,tt_bsd,34.0,36.820072
1,2026-08-20 17:00:00+00:00,tt_cawang,43.0,40.069817
1,2026-08-20 17:00:00+00:00,tt_depok,31.0,32.41974
1,2026-08-20 17:00:00+00:00,tt_gatsu,45.0,45.303497
1,2026-08-20 17:00:00+00:00,tt_grogol,40.0,41.383255
1,2026-08-20 17:00:00+00:00,tt_kebonjeruk,35.0,34.02521
1,2026-08-20 17:00:00+00:00,tt_kelapagading,29.0,28.321302
1,2026-08-20 17:00:00+00:00,tt_kuningan,21.0,19.281204
1,2026-08-20 17:00:00+00:00,tt_sudirman,39.0,36.883743
1,2026-08-20 17:00:00+00:00,tt_tangerang,48.0,49.29233
1,2026-08-20 17:00:00+00:00,tt_tbsimatupang,72.0,70.259926
1,2026-08-20 17:00:00+00:00,tt_thamrin,22.0,20.529417
1,2026-08-20 19:00:00+00:00,tt_bekasi,18.0,18.133635
1,2026-08-20 19:00:00+00:00,tt_bogor,45.0,42.804466
1,2026-08-20 19:00:00+00:00,tt_bsd,34.0,36.45052
1,2026-08-20 19:00:00+00:00,tt_cawang,43.0,38.849762
1,2026-08-20 19:00:00+00:00,tt_depok,31.0,32.179348
1,2026-08-20 19:00:00+00:00,tt_gatsu,45.0,43.754494
1,2026-08-20 19:00:00+00:00,tt_grogol,40.0,40.45256
1,2026-08-20 19:00:00+00:00,tt_kebonjeruk,35.0,33.747498
1,2026-08-20 19:00:00+00:00,tt_kelapagading,29.0,28.742268
1,2026-08-20 19:00:00+00:00,tt_kuningan,21.0,19.02565
1,2026-08-20 19:00:00+00:00,tt_sudirman,39.0,36.101086
1,2026-08-20 19:00:00+00:00,tt_tangerang,48.0,47.344383
1,2026-08-20 19:00:00+00:00,tt_tbsimatupang,72.0,69.58991
1,2026-08-20 19:00:00+00:00,tt_thamrin,22.0,20.619343
1,2026-08-20 21:00:00+00:00,tt_bekasi,18.0,18.359856
1,2026-08-20 21:00:00+00:00,tt_bogor,45.0,42.662296
1,2026-08-20 21:00:00+00:00,tt_bsd,34.0,36.028038
1,2026-08-20 21:00:00+00:00,tt_cawang,43.0,38.864212
1,2026-08-20 21:00:00+00:00,tt_depok,31.0,32.411068
1,2026-08-20 21:00:00+00:00,tt_gatsu,45.0,43.98073
1,2026-08-20 21:00:00+00:00,tt_grogol,40.0,40.376602
1,2026-08-20 21:00:00+00:00,tt_kebonjeruk,35.0,33.876846
1,2026-08-20 21:00:00+00:00,tt_kelapagading,29.0,29.031136
1,2026-08-20 21:00:00+00:00,tt_kuningan,21.0,19.313147
1,2026-08-20 21:00:00+00:00,tt_sudirman,39.0,36.25037
1,2026-08-20 21:00:00+00:00,tt_tangerang,48.0,47.067825
1,2026-08-20 21:00:00+00:00,tt_tbsimatupang,72.0,67.092445
1,2026-08-20 21:00:00+00:00,tt_thamrin,22.0,21.103378
1,2026-08-20 22:00:00+00:00,tt_bekasi,18.0,18.647354
1,2026-08-20 22:00:00+00:00,tt_bogor,45.0,42.643005
1,2026-08-20 22:00:00+00:00,tt_bsd,34.0,36.140305
1,2026-08-20 22:00:00+00:00,tt_cawang,43.0,38.973938
1,2026-08-20 22:00:00+00:00,tt_depok,31.0,32.65582
1,2026-08-20 22:00:00+00:00,tt_gatsu,45.0,43.992424
1,2026-08-20 22:00:00+00:00,tt_grogol,40.0,40.348083
1,2026-08-20 22:00:00+00:00,tt_kebonjeruk,35.0,34.125553
1,2026-08-20 22:00:00+00:00,tt_kelapagading,29.0,29.395016
1,2026-08-20 22:00:00+00:00,tt_kuningan,21.0,19.687689
1,2026-08-20 22:00:00+00:00,tt_sudirman,39.0,36.4125
1,2026-08-20 22:00:00+00:00,tt_tangerang,48.0,46.96634
1,2026-08-20 22:00:00+00:00,tt_tbsimatupang,72.0,65.79878
1,2026-08-20 22:00:00+00:00,tt_thamrin,22.0,21.498161
1,2026-08-21 00:00:00+00:00,tt_bekasi,18.0,19.323727
1,2026-08-21 00:00:00+00:00,tt_bogor,35.0,42.514904
1,2026-08-21 00:00:00+00:00,tt_bsd,29.0,36.137547
1,2026-08-21 00:00:00+00:00,tt_cawang,18.0,38.904037
1,2026-08-21 00:00:00+00:00,tt_depok,25.0,33.29015
1,2026-08-21 00:00:00+00:00,tt_gatsu,45.0,44.561256
1,2026-08-21 00:00:00+00:00,tt_grogol,34.0,40.034676
1,2026-08-21 00:00:00+00:00,tt_kebonjeruk,25.0,34.66344
1,2026-08-21 00:00:00+00:00,tt_kelapagading,26.0,30.32813
1,2026-08-21 00:00:00+00:00,tt_kuningan,21.0,20.655748
1,2026-08-21 00:00:00+00:00,tt_sudirman,31.0,36.791283
1,2026-08-21 00:00:00+00:00,tt_tangerang,37.0,46.46764
1,2026-08-21 00:00:00+00:00,tt_tbsimatupang,32.0,62.380646
1,2026-08-21 00:00:00+00:00,tt_thamrin,22.0,22.669367
1,2026-08-21 02:00:00+00:00,tt_bekasi,17.0,18.271832
1,2026-08-21 02:00:00+00:00,tt_bogor,37.0,29.63552
1,2026-08-21 02:00:00+00:00,tt_bsd,28.0,27.176945
1,2026-08-21 02:00:00+00:00,tt_cawang,19.0,25.855553
1,2026-08-21 02:00:00+00:00,tt_depok,26.0,24.9241
1,2026-08-21 02:00:00+00:00,tt_gatsu,45.0,37.385593
1,2026-08-21 02:00:00+00:00,tt_grogol,31.0,29.001495
1,2026-08-21 02:00:00+00:00,tt_kebonjeruk,26.0,24.947212
1,2026-08-21 02:00:00+00:00,tt_kelapagading,29.0,24.277178
1,2026-08-21 02:00:00+00:00,tt_kuningan,21.0,20.111526
1,2026-08-21 02:00:00+00:00,tt_sudirman,23.0,25.418978
1,2026-08-21 02:00:00+00:00,tt_tangerang,37.0,32.734467
1,2026-08-21 02:00:00+00:00,tt_tbsimatupang,37.0,26.521358
1,2026-08-21 02:00:00+00:00,tt_thamrin,22.0,21.563456
1,2026-08-21 03:00:00+00:00,tt_bekasi,15.0,18.213345
1,2026-08-21 03:00:00+00:00,tt_bogor,38.0,34.19669
1,2026-08-21 03:00:00+00:00,tt_bsd,34.0,27.977163
1,2026-08-21 03:00:00+00:00,tt_cawang,21.0,28.626383
1,2026-08-21 03:00:00+00:00,tt_depok,31.0,26.143139
1,2026-08-21 03:00:00+00:00,tt_gatsu,45.0,38.840195
1,2026-08-21 03:00:00+00:00,tt_grogol,27.0,30.782333
1,2026-08-21 03:00:00+00:00,tt_kebonjeruk,24.0,26.487995
1,2026-08-21 03:00:00+00:00,tt_kelapagading,23.0,25.06642
1,2026-08-21 03:00:00+00:00,tt_kuningan,15.999999,20.641075
1,2026-08-21 03:00:00+00:00,tt_sudirman,28.0,27.493883
1,2026-08-21 03:00:00+00:00,tt_tangerang,48.0,36.322964
1,2026-08-21 03:00:00+00:00,tt_tbsimatupang,48.0,35.745132
1,2026-08-21 03:00:00+00:00,tt_thamrin,15.999999,22.13633
1,2026-08-21 05:00:00+00:00,tt_bekasi,15.999999,16.984104
1,2026-08-21 05:00:00+00:00,tt_bogor,45.0,38.338924
1,2026-08-21 05:00:00+00:00,tt_bsd,34.0,33.850544
1,2026-08-21 05:00:00+00:00,tt_cawang,43.0,31.433231
1,2026-08-21 05:00:00+00:00,tt_depok,31.0,26.844273
1,2026-08-21 05:00:00+00:00,tt_gatsu,45.0,40.2457
1,2026-08-21 05:00:00+00:00,tt_grogol,32.0,34.827106
1,2026-08-21 05:00:00+00:00,tt_kebonjeruk,27.0,27.28599
1,2026-08-21 05:00:00+00:00,tt_kelapagading,23.0,24.44394
1,2026-08-21 05:00:00+00:00,tt_kuningan,21.0,18.197353
1,2026-08-21 05:00:00+00:00,tt_sudirman,34.0,29.671993
1,2026-08-21 05:00:00+00:00,tt_tangerang,48.0,45.631344
1,2026-08-21 05:00:00+00:00,tt_tbsimatupang,72.0,50.25055
1,2026-08-21 05:00:00+00:00,tt_thamrin,21.0,20.243187
1,2026-08-21 07:00:00+00:00,tt_bekasi,14.0,18.520102
1,2026-08-21 07:00:00+00:00,tt_bogor,35.0,45.873398
1,2026-08-21 07:00:00+00:00,tt_bsd,34.0,35.83959
1,2026-08-21 07:00:00+00:00,tt_cawang,28.0,40.47999
1,2026-08-21 07:00:00+00:00,tt_depok,25.0,32.000214
1,2026-08-21 07:00:00+00:00,tt_gatsu,36.0,43.518303
1,2026-08-21 07:00:00+00:00,tt_grogol,28.0,40.1285
1,2026-08-21 07:00:00+00:00,tt_kebonjeruk,21.0,33.590942
1,2026-08-21 07:00:00+00:00,tt_kelapagading,20.0,28.145405
1,2026-08-21 07:00:00+00:00,tt_kuningan,21.0,21.259432
1,2026-08-21 07:00:00+00:00,tt_sudirman,18.0,36.857723
1,2026-08-21 07:00:00+00:00,tt_tangerang,39.0,48.797997
1,2026-08-21 07:00:00+00:00,tt_tbsimatupang,52.0,69.86628
1,2026-08-21 07:00:00+00:00,tt_thamrin,18.0,22.864391
1,2026-08-21 08:00:00+00:00,tt_bekasi,15.999999,15.649418
1,2026-08-21 08:00:00+00:00,tt_bogor,34.0,35.29035
1,2026-08-21 08:00:00+00:00,tt_bsd,34.0,32.004585
1,2026-08-21 08:00:00+00:00,tt_cawang,31.0,30.74399
1,2026-08-21 08:00:00+00:00,tt_depok,25.0,25.012257
1,2026-08-21 08:00:00+00:00,tt_gatsu,35.0,32.63253
1,2026-08-21 08:00:00+00:00,tt_grogol,29.0,31.8682
1,2026-08-21 08:00:00+00:00,tt_kebonjeruk,24.0,25.993202
1,2026-08-21 08:00:00+00:00,tt_kelapagading,21.0,23.206009
1,2026-08-21 08:00:00+00:00,tt_kuningan,17.0,18.826628
1,2026-08-21 08:00:00+00:00,tt_sudirman,24.0,28.067932
1,2026-08-21 08:00:00+00:00,tt_tangerang,40.0,38.711452
1,2026-08-21 08:00:00+00:00,tt_tbsimatupang,38.0,53.723
1,2026-08-21 08:00:00+00:00,tt_thamrin,10.0,19.554424
3,2026-08-18 04:00:00+00:00,tt_bekasi,15.0,18.0634
3,2026-08-18 04:00:00+00:00,tt_bogor,33.0,32.972157
3,2026-08-18 04:00:00+00:00,tt_bsd,28.0,29.456507
3,2026-08-18 04:00:00+00:00,tt_cawang,22.0,26.717068
3,2026-08-18 04:00:00+00:00,tt_depok,31.0,25.9292
3,2026-08-18 04:00:00+00:00,tt_gatsu,32.0,37.8667
3,2026-08-18 04:00:00+00:00,tt_grogol,27.0,29.512905
3,2026-08-18 04:00:00+00:00,tt_kebonjeruk,25.0,25.277145
3,2026-08-18 04:00:00+00:00,tt_kelapagading,29.0,25.423985
3,2026-08-18 04:00:00+00:00,tt_kuningan,15.999999,20.578293
3,2026-08-18 04:00:00+00:00,tt_sudirman,24.0,25.964525
3,2026-08-18 04:00:00+00:00,tt_tangerang,36.0,36.085045
3,2026-08-18 04:00:00+00:00,tt_tbsimatupang,55.0,35.54172
3,2026-08-18 04:00:00+00:00,tt_thamrin,18.0,21.484379
3,2026-08-18 05:00:00+00:00,tt_bekasi,15.0,18.047432
3,2026-08-18 05:00:00+00:00,tt_bogor,38.0,36.184868
3,2026-08-18 05:00:00+00:00,tt_bsd,28.0,30.50762
3,2026-08-18 05:00:00+00:00,tt_cawang,28.0,28.46753
3,2026-08-18 05:00:00+00:00,tt_depok,26.0,26.058416
3,2026-08-18 05:00:00+00:00,tt_gatsu,45.0,32.77272
3,2026-08-18 05:00:00+00:00,tt_grogol,36.0,32.651157
3,2026-08-18 05:00:00+00:00,tt_kebonjeruk,22.0,25.72559
3,2026-08-18 05:00:00+00:00,tt_kelapagading,22.0,25.082066
3,2026-08-18 05:00:00+00:00,tt_kuningan,21.0,20.532347
3,2026-08-18 05:00:00+00:00,tt_sudirman,31.0,26.938242
3,2026-08-18 05:00:00+00:00,tt_tangerang,41.0,42.010197
3,2026-08-18 05:00:00+00:00,tt_tbsimatupang,51.0,41.07627
3,2026-08-18 05:00:00+00:00,tt_thamrin,20.0,21.567696
3,2026-08-18 07:00:00+00:00,tt_bekasi,15.0,17.567905
3,2026-08-18 07:00:00+00:00,tt_bogor,34.0,34.872753
3,2026-08-18 07:00:00+00:00,tt_bsd,30.0,26.740585
3,2026-08-18 07:00:00+00:00,tt_cawang,43.0,29.82085
3,2026-08-18 07:00:00+00:00,tt_depok,31.0,26.120518
3,2026-08-18 07:00:00+00:00,tt_gatsu,45.0,35.706944
3,2026-08-18 07:00:00+00:00,tt_grogol,32.0,32.533466
3,2026-08-18 07:00:00+00:00,tt_kebonjeruk,25.0,26.294466
3,2026-08-18 07:00:00+00:00,tt_kelapagading,22.0,24.289072
3,2026-08-18 07:00:00+00:00,tt_kuningan,15.0,19.204575
3,2026-08-18 07:00:00+00:00,tt_sudirman,28.0,28.49212
3,2026-08-18 07:00:00+00:00,tt_tangerang,38.0,39.679375
3,2026-08-18 07:00:00+00:00,tt_tbsimatupang,57.0,53.390686
3,2026-08-18 07:00:00+00:00,tt_thamrin,22.0,21.087559
3,2026-08-18 09:00:00+00:00,tt_bekasi,14.0,17.490803
3,2026-08-18 09:00:00+00:00,tt_bogor,35.0,38.692207
3,2026-08-18 09:00:00+00:00,tt_bsd,28.0,28.164114
3,2026-08-18 09:00:00+00:00,tt_cawang,29.0,31.410858
3,2026-08-18 09:00:00+00:00,tt_depok,24.0,26.424652
3,2026-08-18 09:00:00+00:00,tt_gatsu,45.0,43.71694
3,2026-08-18 09:00:00+00:00,tt_grogol,32.0,36.826515
3,2026-08-18 09:00:00+00:00,tt_kebonjeruk,23.0,27.134644
3,2026-08-18 09:00:00+00:00,tt_kelapagading,23.0,24.622799
3,2026-08-18 09:00:00+00:00,tt_kuningan,21.0,20.383814
3,2026-08-18 09:00:00+00:00,tt_sudirman,31.0,29.633957
3,2026-08-18 09:00:00+00:00,tt_tangerang,38.0,43.584957
3,2026-08-18 09:00:00+00:00,tt_tbsimatupang,43.0,53.60595
3,2026-08-18 09:00:00+00:00,tt_thamrin,22.0,21.211891
3,2026-08-18 10:00:00+00:00,tt_bekasi,14.0,17.332241
3,2026-08-18 10:00:00+00:00,tt_bogor,35.0,37.37399
3,2026-08-18 10:00:00+00:00,tt_bsd,34.0,29.708754
3,2026-08-18 10:00:00+00:00,tt_cawang,30.0,33.9668
3,2026-08-18 10:00:00+00:00,tt_depok,25.0,27.437721
3,2026-08-18 10:00:00+00:00,tt_gatsu,3.999998,43.299385
3,2026-08-18 10:00:00+00:00,tt_grogol,31.0,35.938408
3,2026-08-18 10:00:00+00:00,tt_kebonjeruk,21.0,27.618477
3,2026-08-18 10:00:00+00:00,tt_kelapagading,21.0,24.722368
3,2026-08-18 10:00:00+00:00,tt_kuningan,14.0,18.51334
3,2026-08-18 10:00:00+00:00,tt_sudirman,23.0,30.490297
3,2026-08-18 10:00:00+00:00,tt_tangerang,34.0,42.68311
3,2026-08-18 10:00:00+00:00,tt_tbsimatupang,44.0,57.76322
3,2026-08-18 10:00:00+00:00,tt_thamrin,22.0,20.63223
3,2026-08-18 12:00:00+00:00,tt_bekasi,14.0,16.389717
3,2026-08-18 12:00:00+00:00,tt_bogor,35.0,38.00543
3,2026-08-18 12:00:00+00:00,tt_bsd,34.0,28.117193
3,2026-08-18 12:00:00+00:00,tt_cawang,34.0,31.452362
3,2026-08-18 12:00:00+00:00,tt_depok,26.0,26.349789
3,2026-08-18 12:00:00+00:00,tt_gatsu,45.0,42.42062
3,2026-08-18 12:00:00+00:00,tt_grogol,32.0,36.125862
3,2026-08-18 12:00:00+00:00,tt_kebonjeruk,25.0,27.114214
3,2026-08-18 12:00:00+00:00,tt_kelapagading,22.0,23.915646
3,2026-08-18 12:00:00+00:00,tt_kuningan,13.0,19.789904
3,2026-08-18 12:00:00+00:00,tt_sudirman,29.0,29.86684
3,2026-08-18 12:00:00+00:00,tt_tangerang,48.0,43.124626
3,2026-08-18 12:00:00+00:00,tt_tbsimatupang,72.0,56.283638
3,2026-08-18 12:00:00+00:00,tt_thamrin,17.0,20.188196
3,2026-08-18 14:00:00+00:00,tt_bekasi,15.999999,15.57653
3,2026-08-18 14:00:00+00:00,tt_bogor,45.0,30.726404
3,2026-08-18 14:00:00+00:00,tt_bsd,34.0,31.686743
3,2026-08-18 14:00:00+00:00,tt_cawang,32.0,26.893242
3,2026-08-18 14:00:00+00:00,tt_depok,26.0,23.960024
3,2026-08-18 14:00:00+00:00,tt_gatsu,45.0,33.76866
3,2026-08-18 14:00:00+00:00,tt_grogol,40.0,27.957985
3,2026-08-18 14:00:00+00:00,tt_kebonjeruk,31.0,23.735302
3,2026-08-18 14:00:00+00:00,tt_kelapagading,29.0,21.912258
3,2026-08-18 14:00:00+00:00,tt_kuningan,15.999999,16.644934
3,2026-08-18 14:00:00+00:00,tt_sudirman,30.0,24.963972
3,2026-08-18 14:00:00+00:00,tt_tangerang,48.0,29.80275
3,2026-08-18 14:00:00+00:00,tt_tbsimatupang,72.0,48.17543
3,2026-08-18 14:00:00+00:00,tt_thamrin,22.0,18.282856
3,2026-08-18 15:00:00+00:00,tt_bekasi,15.999999,16.430046
3,2026-08-18 15:00:00+00:00,tt_bogor,45.0,33.385204
3,2026-08-18 15:00:00+00:00,tt_bsd,34.0,33.129852
3,2026-08-18 15:00:00+00:00,tt_cawang,43.0,32.41591
3,2026-08-18 15:00:00+00:00,tt_depok,31.0,26.838434
3,2026-08-18 15:00:00+00:00,tt_gatsu,45.0,48.64296
3,2026-08-18 15:00:00+00:00,tt_grogol,40.0,36.038033
3,2026-08-18 15:00:00+00:00,tt_kebonjeruk,35.0,27.46628
3,2026-08-18 15:00:00+00:00,tt_kelapagading,29.0,24.457363
3,2026-08-18 15:00:00+00:00,tt_kuningan,21.0,17.089838
3,2026-08-18 15:00:00+00:00,tt_sudirman,39.0,30.335331
3,2026-08-18 15:00:00+00:00,tt_tangerang,48.0,47.738884
3,2026-08-18 15:00:00+00:00,tt_tbsimatupang,72.0,65.76043
3,2026-08-18 15:00:00+00:00,tt_thamrin,22.0,18.839432
3,2026-08-18 17:00:00+00:00,tt_bekasi,17.0,17.635246
3,2026-08-18 17:00:00+00:00,tt_bogor,45.0,43.193092
3,2026-08-18 17:00:00+00:00,tt_bsd,34.0,35.05506
3,2026-08-18 17:00:00+00:00,tt_cawang,43.0,36.062553
3,2026-08-18 17:00:00+00:00,tt_depok,31.0,29.613014
3,2026-08-18 17:00:00+00:00,tt_gatsu,45.0,45.472984
3,2026-08-18 17:00:00+00:00,tt_grogol,40.0,40.05078
3,2026-08-18 17:00:00+00:00,tt_kebonjeruk,35.0,31.153728
3,2026-08-18 17:00:00+00:00,tt_kelapagading,29.0,26.280708
3,2026-08-18 17:00:00+00:00,tt_kuningan,21.0,18.630526
3,2026-08-18 17:00:00+00:00,tt_sudirman,39.0,33.871143
3,2026-08-18 17:00:00+00:00,tt_tangerang,48.0,47.928635
3,2026-08-18 17:00:00+00:00,tt_tbsimatupang,72.0,69.67813
3,2026-08-18 17:00:00+00:00,tt_thamrin,22.0,20.600117
3,2026-08-18 19:00:00+00:00,tt_bekasi,17.0,17.645935
3,2026-08-18 19:00:00+00:00,tt_bogor,45.0,41.276985
3,2026-08-18 19:00:00+00:00,tt_bsd,34.0,34.795696
3,2026-08-18 19:00:00+00:00,tt_cawang,43.0,38.604645
3,2026-08-18 19:00:00+00:00,tt_depok,31.0,33.421032
3,2026-08-18 19:00:00+00:00,tt_gatsu,45.0,46.108376
3,2026-08-18 19:00:00+00:00,tt_grogol,40.0,39.37044
3,2026-08-18 19:00:00+00:00,tt_kebonjeruk,35.0,34.570232
3,2026-08-18 19:00:00+00:00,tt_kelapagading,29.0,29.557804
3,2026-08-18 19:00:00+00:00,tt_kuningan,21.0,19.582458
3,2026-08-18 19:00:00+00:00,tt_sudirman,39.0,36.818703
3,2026-08-18 19:00:00+00:00,tt_tangerang,48.0,47.4187
3,2026-08-18 19:00:00+00:00,tt_tbsimatupang,72.0,64.49302
3,2026-08-18 19:00:00+00:00,tt_thamrin,22.0,21.401169
3,2026-08-18 20:00:00+00:00,tt_bekasi,17.0,18.007538
3,2026-08-18 20:00:00+00:00,tt_bogor,45.0,40.548256
3,2026-08-18 20:00:00+00:00,tt_bsd,34.0,34.35734
3,2026-08-18 20:00:00+00:00,tt_cawang,43.0,37.662563
3,2026-08-18 20:00:00+00:00,tt_depok,31.0,32.828278
3,2026-08-18 20:00:00+00:00,tt_gatsu,45.0,46.292206
3,2026-08-18 20:00:00+00:00,tt_grogol,40.0,38.94147
3,2026-08-18 20:00:00+00:00,tt_kebonjeruk,35.0,33.92212
3,2026-08-18 20:00:00+00:00,tt_kelapagading,29.0,29.427832
3,2026-08-18 20:00:00+00:00,tt_kuningan,21.0,19.366005
3,2026-08-18 20:00:00+00:00,tt_sudirman,39.0,36.014397
3,2026-08-18 20:00:00+00:00,tt_tangerang,48.0,46.945118
3,2026-08-18 20:00:00+00:00,tt_tbsimatupang,72.0,61.92119
3,2026-08-18 20:00:00+00:00,tt_thamrin,22.0,21.421946
3,2026-08-18 22:00:00+00:00,tt_bekasi,17.0,18.184216
3,2026-08-18 22:00:00+00:00,tt_bogor,45.0,39.624535
3,2026-08-18 22:00:00+00:00,tt_bsd,34.0,33.785496
3,2026-08-18 22:00:00+00:00,tt_cawang,43.0,37.158634
3,2026-08-18 22:00:00+00:00,tt_depok,31.0,32.47353
3,2026-08-18 22:00:00+00:00,tt_gatsu,45.0,47.601707
3,2026-08-18 22:00:00+00:00,tt_grogol,40.0,38.581875
3,2026-08-18 22:00:00+00:00,tt_kebonjeruk,35.0,33.42977
3,2026-08-18 22:00:00+00:00,tt_kelapagading,29.0,29.429737
3,2026-08-18 22:00:00+00:00,tt_kuningan,21.0,19.774624
3,2026-08-18 22:00:00+00:00,tt_sudirman,39.0,35.412437
3,2026-08-18 22:00:00+00:00,tt_tangerang,48.0,46.022545
3,2026-08-18 22:00:00+00:00,tt_tbsimatupang,72.0,59.024994
3,2026-08-18 22:00:00+00:00,tt_thamrin,22.0,21.869759
3,2026-08-19 00:00:00+00:00,tt_bekasi,15.0,18.627321
3,2026-08-19 00:00:00+00:00,tt_bogor,35.0,38.965343
3,2026-08-19 00:00:00+00:00,tt_bsd,29.0,32.91702
3,2026-08-19 00:00:00+00:00,tt_cawang,20.0,36.327435
3,2026-08-19 00:00:00+00:00,tt_depok,31.0,32.293217
3,2026-08-19 00:00:00+00:00,tt_gatsu,45.0,43.432976
3,2026-08-19 00:00:00+00:00,tt_grogol,40.0,37.822067
3,2026-08-19 00:00:00+00:00,tt_kebonjeruk,27.0,33.116165
3,2026-08-19 00:00:00+00:00,tt_kelapagading,29.0,29.680319
3,2026-08-19 00:00:00+00:00,tt_kuningan,21.0,20.242298
3,2026-08-19 00:00:00+00:00,tt_sudirman,39.0,34.82565
3,2026-08-19 00:00:00+00:00,tt_tangerang,48.0,43.67582
3,2026-08-19 00:00:00+00:00,tt_tbsimatupang,39.0,51.30693
3,2026-08-19 00:00:00+00:00,tt_thamrin,19.0,22.45914
3,2026-08-19 01:00:00+00:00,tt_bekasi,15.999999,18.974453
3,2026-08-19 01:00:00+00:00,tt_bogor,37.0,38.825764
3,2026-08-19 01:00:00+00:00,tt_bsd,34.0,32.8456
3,2026-08-19 01:00:00+00:00,tt_cawang,13.0,36.040596
3,2026-08-19 01:00:00+00:00,tt_depok,27.0,32.534515
3,2026-08-19 01:00:00+00:00,tt_gatsu,13.0,43.629387
3,2026-08-19 01:00:00+00:00,tt_grogol,32.0,37.400215
3,2026-08-19 01:00:00+00:00,tt_kebonjeruk,25.0,33.353043
3,2026-08-19 01:00:00+00:00,tt_kelapagading,29.0,30.179861
3,2026-08-19 01:00:00+00:00,tt_kuningan,21.0,20.75684
3,2026-08-19 01:00:00+00:00,tt_sudirman,22.0,34.87191
3,2026-08-19 01:00:00+00:00,tt_tangerang,39.0,43.301014
3,2026-08-19 01:00:00+00:00,tt_tbsimatupang,18.0,50.87809
3,2026-08-19 01:00:00+00:00,tt_thamrin,22.0,23.021343
3,2026-08-19 03:00:00+00:00,tt_bekasi,15.999999,17.926495
3,2026-08-19 03:00:00+00:00,tt_bogor,37.0,29.27015
3,2026-08-19 03:00:00+00:00,tt_bsd,34.0,25.458736
3,2026-08-19 03:00:00+00:00,tt_cawang,20.0,25.776798
3,2026-08-19 03:00:00+00:00,tt_depok,31.0,26.513947
3,2026-08-19 03:00:00+00:00,tt_gatsu,45.0,36.1035
3,2026-08-19 03:00:00+00:00,tt_grogol,31.0,31.670153
3,2026-08-19 03:00:00+00:00,tt_kebonjeruk,23.0,25.965992
3,2026-08-19 03:00:00+00:00,tt_kelapagading,29.0,26.032242
3,2026-08-19 03:00:00+00:00,tt_kuningan,15.999999,20.783142
3,2026-08-19 03:00:00+00:00,tt_sudirman,24.0,26.913448
3,2026-08-19 03:00:00+00:00,tt_tangerang,40.0,38.378227
3,2026-08-19 03:00:00+00:00,tt_tbsimatupang,33.0,30.174566
3,2026-08-19 03:00:00+00:00,tt_thamrin,20.0,22.478432
3,2026-08-19 05:00:00+00:00,tt_bekasi,15.0,18.141363
3,2026-08-19 05:00:00+00:00,tt_bogor,32.0,36.764145
3,2026-08-19 05:00:00+00:00,tt_bsd,34.0,31.702524
3,2026-08-19 05:00:00+00:00,tt_cawang,17.0,30.020449
3,2026-08-19 05:00:00+00:00,tt_depok,31.0,25.14518
3,2026-08-19 05:00:00+00:00,tt_gatsu,45.0,31.53682
3,2026-08-19 05:00:00+00:00,tt_grogol,31.0,31.328022
3,2026-08-19 05:00:00+00:00,tt_kebonjeruk,24.0,25.626564
3,2026-08-19 05:00:00+00:00,tt_kelapagading,21.0,24.136925
3,2026-08-19 05:00:00+00:00,tt_kuningan,17.0,21.024406
3,2026-08-19 05:00:00+00:00,tt_sudirman,27.0,27.348553
3,2026-08-19 05:00:00+00:00,tt_tangerang,40.0,37.232475
3,2026-08-19 05:00:00+00:00,tt_tbsimatupang,43.0,40.794086
3,2026-08-19 05:00:00+00:00,tt_thamrin,17.0,22.460503
3,2026-08-19 06:00:00+00:00,tt_bekasi,18.0,18.34383
3,2026-08-19 06:00:00+00:00,tt_bogor,35.0,37.995865
3,2026-08-19 06:00:00+00:00,tt_bsd,34.0,32.70175
3,2026-08-19 06:00:00+00:00,tt_cawang,19.0,31.501122
3,2026-08-19 06:00:00+00:00,tt_depok,27.0,27.0028
3,2026-08-19 06:00:00+00:00,tt_gatsu,30.0,45.096237
3,2026-08-19 06:00:00+00:00,tt_grogol,27.0,34.35028
3,2026-08-19 06:00:00+00:00,tt_kebonjeruk,21.0,27.234278
3,2026-08-19 06:00:00+00:00,tt_kelapagading,21.0,25.136845
3,2026-08-19 06:00:00+00:00,tt_kuningan,21.0,19.816319
3,2026-08-19 06:00:00+00:00,tt_sudirman,18.0,29.250885
3,2026-08-19 06:00:00+00:00,tt_tangerang,38.0,40.757195
3,2026-08-19 06:00:00+00:00,tt_tbsimatupang,48.0,45.084694
3,2026-08-19 06:00:00+00:00,tt_thamrin,13.0,22.074516
3,2026-08-19 08:00:00+00:00,tt_bekasi,15.0,17.12878
3,2026-08-19 08:00:00+00:00,tt_bogor,34.0,34.50224
3,2026-08-19 08:00:00+00:00,tt_bsd,28.0,31.666698
3,2026-08-19 08:00:00+00:00,tt_cawang,32.0,29.858274
3,2026-08-19 08:00:00+00:00,tt_depok,25.0,25.646484
3,2026-08-19 08:00:00+00:00,tt_gatsu,26.0,41.688034
3,2026-08-19 08:00:00+00:00,tt_grogol,27.0,33.443626
3,2026-08-19 08:00:00+00:00,tt_kebonjeruk,18.0,25.798735
3,2026-08-19 08:00:00+00:00,tt_kelapagading,22.0,23.586536
3,2026-08-19 08:00:00+00:00,tt_kuningan,21.0,19.188622
3,2026-08-19 08:00:00+00:00,tt_sudirman,22.0,27.900393
3,2026-08-19 08:00:00+00:00,tt_tangerang,48.0,40.37892
3,2026-08-19 08:00:00+00:00,tt_tbsimatupang,32.0,48.428467
3,2026-08-19 08:00:00+00:00,tt_thamrin,8.0,20.615932
3,2026-08-19 10:00:00+00:00,tt_bekasi,13.0,17.399498
3,2026-08-19 10:00:00+00:00,tt_bogor,30.0,36.331642
3,2026-08-19 10:00:00+00:00,tt_bsd,34.0,31.965292
3,2026-08-19 10:00:00+00:00,tt_cawang,43.0,29.66099
3,2026-08-19 10:00:00+00:00,tt_depok,23.0,24.573002
3,2026-08-19 10:00:00+00:00,tt_gatsu,23.0,36.93725
3,2026-08-19 10:00:00+00:00,tt_grogol,30.0,31.831688
3,2026-08-19 10:00:00+00:00,tt_kebonjeruk,19.0,25.087036
3,2026-08-19 10:00:00+00:00,tt_kelapagading,22.0,22.797949
3,2026-08-19 10:00:00+00:00,tt_kuningan,15.999999,18.917282
3,2026-08-19 10:00:00+00:00,tt_sudirman,19.0,26.949774
3,2026-08-19 10:00:00+00:00,tt_tangerang,28.0,39.21712
3,2026-08-19 10:00:00+00:00,tt_tbsimatupang,34.0,52.13973
3,2026-08-19 10:00:00+00:00,tt_thamrin,17.0,19.506428
3,2026-08-19 11:00:00+00:00,tt_bekasi,18.0,15.756757
3,2026-08-19 11:00:00+00:00,tt_bogor,33.0,35.70853
3,2026-08-19 11:00:00+00:00,tt_bsd,27.0,28.57374
3,2026-08-19 11:00:00+00:00,tt_cawang,43.0,30.06214
3,2026-08-19 11:00:00+00:00,tt_depok,25.0,24.101837
3,2026-08-19 11:00:00+00:00,tt_gatsu,35.0,37.387184
3,2026-08-19 11:00:00+00:00,tt_grogol,32.0,32.44786
3,2026-08-19 11:00:00+00:00,tt_kebonjeruk,21.0,24.852776
3,2026-08-19 11:00:00+00:00,tt_kelapagading,20.0,22.022316
3,2026-08-19 11:00:00+00:00,tt_kuningan,15.999999,17.84962
3,2026-08-19 11:00:00+00:00,tt_sudirman,15.999999,26.86504
3,2026-08-19 11:00:00+00:00,tt_tangerang,26.0,42.945705
3,2026-08-19 11:00:00+00:00,tt_tbsimatupang,44.0,50.49106
3,2026-08-19 11:00:00+00:00,tt_thamrin,10.0,17.9407
3,2026-08-19 13:00:00+00:00,tt_bekasi,18.0,15.259392
3,2026-08-19 13:00:00+00:00,tt_bogor,45.0,35.61016
3,2026-08-19 13:00:00+00:00,tt_bsd,34.0,33.422867
3,2026-08-19 13:00:00+00:00,tt_cawang,43.0,31.164845
3,2026-08-19 13:00:00+00:00,tt_depok,25.0,23.787247
3,2026-08-19 13:00:00+00:00,tt_gatsu,45.0,37.772163
3,2026-08-19 13:00:00+00:00,tt_grogol,31.0,32.60413
3,2026-08-19 13:00:00+00:00,tt_kebonjeruk,27.0,24.474285
3,2026-08-19 13:00:00+00:00,tt_kelapagading,23.0,21.308582
3,2026-08-19 13:00:00+00:00,tt_kuningan,13.0,16.593014
3,2026-08-19 13:00:00+00:00,tt_sudirman,30.0,26.717499
3,2026-08-19 13:00:00+00:00,tt_tangerang,48.0,38.69695
3,2026-08-19 13:00:00+00:00,tt_tbsimatupang,72.0,51.722794
3,2026-08-19 13:00:00+00:00,tt_thamrin,20.0,17.785519
3,2026-08-19 15:00:00+00:00,tt_bekasi,15.999999,16.308472
3,2026-08-19 15:00:00+00:00,tt_bogor,38.0,29.104511
3,2026-08-19 15:00:00+00:00,tt_bsd,34.0,26.027855
3,2026-08-19 15:00:00+00:00,tt_cawang,32.0,26.26154
3,2026-08-19 15:00:00+00:00,tt_depok,31.0,22.009495
3,2026-08-19 15:00:00+00:00,tt_gatsu,45.0,33.280106
3,2026-08-19 15:00:00+00:00,tt_grogol,40.0,27.209127
3,2026-08-19 15:00:00+00:00,tt_kebonjeruk,31.0,22.467037
3,2026-08-19 15:00:00+00:00,tt_kelapagading,29.0,20.550184
3,2026-08-19 15:00:00+00:00,tt_kuningan,21.0,16.001163
3,2026-08-19 15:00:00+00:00,tt_sudirman,29.0,23.37584
3,2026-08-19 15:00:00+00:00,tt_tangerang,48.0,28.87395
3,2026-08-19 15:00:00+00:00,tt_tbsimatupang,72.0,41.68286
3,2026-08-19 15:00:00+00:00,tt_thamrin,21.0,16.332806
3,2026-08-19 16:00:00+00:00,tt_bekasi,18.0,17.744547
3,2026-08-19 16:00:00+00:00,tt_bogor,45.0,45.102898
3,2026-08-19 16:00:00+00:00,tt_bsd,34.0,36.055084
3,2026-08-19 16:00:00+00:00,tt_cawang,43.0,37.35067
3,2026-08-19 16:00:00+00:00,tt_depok,31.0,27.010437
3,2026-08-19 16:00:00+00:00,tt_gatsu,45.0,44.745407
3,2026-08-19 16:00:00+00:00,tt_grogol,40.0,37.988983
3,2026-08-19 16:00:00+00:00,tt_kebonjeruk,35.0,29.198933
3,2026-08-19 16:00:00+00:00,tt_kelapagading,29.0,24.344923
3,2026-08-19 16:00:00+00:00,tt_kuningan,21.0,17.105644
3,2026-08-19 16:00:00+00:00,tt_sudirman,39.0,32.460373
3,2026-08-19 16:00:00+00:00,tt_tangerang,48.0,50.81111
3,2026-08-19 16:00:00+00:00,tt_tbsimatupang,72.0,68.66492
3,2026-08-19 16:00:00+00:00,tt_thamrin,22.0,19.202477
3,2026-08-19 18:00:00+00:00,tt_bekasi,18.0,17.110912
3,2026-08-19 18:00:00+00:00,tt_bogor,45.0,38.43902
3,2026-08-19 18:00:00+00:00,tt_bsd,34.0,34.404987
3,2026-08-19 18:00:00+00:00,tt_cawang,43.0,34.140797
3,2026-08-19 18:00:00+00:00,tt_depok,31.0,28.972023
3,2026-08-19 18:00:00+00:00,tt_gatsu,45.0,44.191914
3,2026-08-19 18:00:00+00:00,tt_grogol,40.0,39.233986
3,2026-08-19 18:00:00+00:00,tt_kebonjeruk,35.0,29.771973
3,2026-08-19 18:00:00+00:00,tt_kelapagading,29.0,25.305155
3,2026-08-19 18:00:00+00:00,tt_kuningan,21.0,19.31661
3,2026-08-19 18:00:00+00:00,tt_sudirman,39.0,32.407543
3,2026-08-19 18:00:00+00:00,tt_tangerang,44.0,49.638912
3,2026-08-19 18:00:00+00:00,tt_tbsimatupang,72.0,68.70456
3,2026-08-19 18:00:00+00:00,tt_thamrin,22.0,19.623608
3,2026-08-19 20:00:00+00:00,tt_bekasi,18.0,18.346027
3,2026-08-19 20:00:00+00:00,tt_bogor,45.0,44.909576
3,2026-08-19 20:00:00+00:00,tt_bsd,34.0,36.110546
3,2026-08-19 20:00:00+00:00,tt_cawang,43.0,39.18323
3,2026-08-19 20:00:00+00:00,tt_depok,31.0,31.741827
3,2026-08-19 20:00:00+00:00,tt_gatsu,45.0,41.959282
3,2026-08-19 20:00:00+00:00,tt_grogol,40.0,40.124947
3,2026-08-19 20:00:00+00:00,tt_kebonjeruk,35.0,33.36568
3,2026-08-19 20:00:00+00:00,tt_kelapagading,29.0,28.65031
3,2026-08-19 20:00:00+00:00,tt_kuningan,21.0,19.077084
3,2026-08-19 20:00:00+00:00,tt_sudirman,39.0,35.598213
3,2026-08-19 20:00:00+00:00,tt_tangerang,48.0,49.633953
3,2026-08-19 20:00:00+00:00,tt_tbsimatupang,72.0,65.92178
3,2026-08-19 20:00:00+00:00,tt_thamrin,22.0,20.261398
3,2026-08-19 21:00:00+00:00,tt_bekasi,18.0,18.28965
3,2026-08-19 21:00:00+00:00,tt_bogor,45.0,43.939396
3,2026-08-19 21:00:00+00:00,tt_bsd,34.0,35.885452
3,2026-08-19 21:00:00+00:00,tt_cawang,43.0,38.1139
3,2026-08-19 21:00:00+00:00,tt_depok,31.0,30.912971
3,2026-08-19 21:00:00+00:00,tt_gatsu,45.0,41.127625
3,2026-08-19 21:00:00+00:00,tt_grogol,40.0,38.579754
3,2026-08-19 21:00:00+00:00,tt_kebonjeruk,35.0,32.2986
3,2026-08-19 21:00:00+00:00,tt_kelapagading,29.0,28.107725
3,2026-08-19 21:00:00+00:00,tt_kuningan,21.0,19.08157
3,2026-08-19 21:00:00+00:00,tt_sudirman,39.0,34.404636
3,2026-08-19 21:00:00+00:00,tt_tangerang,48.0,47.330967
3,2026-08-19 21:00:00+00:00,tt_tbsimatupang,72.0,62.735443
3,2026-08-19 21:00:00+00:00,tt_thamrin,22.0,20.348991
3,2026-08-19 23:00:00+00:00,tt_bekasi,17.0,18.923668
3,2026-08-19 23:00:00+00:00,tt_bogor,35.0,43.434406
3,2026-08-19 23:00:00+00:00,tt_bsd,34.0,35.38391
3,2026-08-19 23:00:00+00:00,tt_cawang,26.0,38.154003
3,2026-08-19 23:00:00+00:00,tt_depok,31.0,31.770239
3,2026-08-19 23:00:00+00:00,tt_gatsu,45.0,41.006134
3,2026-08-19 23:00:00+00:00,tt_grogol,35.0,39.197342
3,2026-08-19 23:00:00+00:00,tt_kebonjeruk,30.0,32.956734
3,2026-08-19 23:00:00+00:00,tt_kelapagading,29.0,29.275082
3,2026-08-19 23:00:00+00:00,tt_kuningan,21.0,19.726765
3,2026-08-19 23:00:00+00:00,tt_sudirman,39.0,34.945885
3,2026-08-19 23:00:00+00:00,tt_tangerang,48.0,50.405167
3,2026-08-19 23:00:00+00:00,tt_tbsimatupang,72.0,54.164925
3,2026-08-19 23:00:00+00:00,tt_thamrin,20.0,21.408974
3,2026-08-20 01:00:00+00:00,tt_bekasi,18.0,19.741331
3,2026-08-20 01:00:00+00:00,tt_bogor,35.0,42.85098
3,2026-08-20 01:00:00+00:00,tt_bsd,29.0,34.553997
3,2026-08-20 01:00:00+00:00,tt_cawang,14.0,37.720993
3,2026-08-20 01:00:00+00:00,tt_depok,31.0,32.35154
3,2026-08-20 01:00:00+00:00,tt_gatsu,37.0,40.709198
3,2026-08-20 01:00:00+00:00,tt_grogol,30.0,38.319466
3,2026-08-20 01:00:00+00:00,tt_kebonjeruk,26.0,33.280384
3,2026-08-20 01:00:00+00:00,tt_kelapagading,29.0,30.279282
3,2026-08-20 01:00:00+00:00,tt_kuningan,21.0,20.581577
3,2026-08-20 01:00:00+00:00,tt_sudirman,27.0,35.054783
3,2026-08-20 01:00:00+00:00,tt_tangerang,36.0,46.652763
3,2026-08-20 01:00:00+00:00,tt_tbsimatupang,18.0,51.517662
3,2026-08-20 01:00:00+00:00,tt_thamrin,18.0,22.698463
3,2026-08-20 02:00:00+00:00,tt_bekasi,18.0,19.19524
3,2026-08-20 02:00:00+00:00,tt_bogor,40.0,35.358833
3,2026-08-20 02:00:00+00:00,tt_bsd,34.0,31.691792
3,2026-08-20 02:00:00+00:00,tt_cawang,18.0,31.285095
3,2026-08-20 02:00:00+00:00,tt_depok,31.0,29.386839
3,2026-08-20 02:00:00+00:00,tt_gatsu,45.0,38.595634
3,2026-08-20 02:00:00+00:00,tt_grogol,30.0,33.615982
3,2026-08-20 02:00:00+00:00,tt_kebonjeruk,26.0,29.220413
3,2026-08-20 02:00:00+00:00,tt_kelapagading,25.0,27.633562
3,2026-08-20 02:00:00+00:00,tt_kuningan,21.0,20.537254
3,2026-08-20 02:00:00+00:00,tt_sudirman,25.0,31.157381
3,2026-08-20 02:00:00+00:00,tt_tangerang,48.0,44.139423
3,2026-08-20 02:00:00+00:00,tt_tbsimatupang,21.0,49.597557
3,2026-08-20 02:00:00+00:00,tt_thamrin,18.0,22.45628
3,2026-08-20 04:00:00+00:00,tt_bekasi,15.0,18.79507
3,2026-08-20 04:00:00+00:00,tt_bogor,35.0,34.91885
3,2026-08-20 04:00:00+00:00,tt_bsd,34.0,25.721634
3,2026-08-20 04:00:00+00:00,tt_cawang,20.0,27.07186
3,2026-08-20 04:00:00+00:00,tt_depok,27.0,25.109581
3,2026-08-20 04:00:00+00:00,tt_gatsu,45.0,30.69955
3,2026-08-20 04:00:00+00:00,tt_grogol,25.0,26.925177
3,2026-08-20 04:00:00+00:00,tt_kebonjeruk,25.0,24.586428
3,2026-08-20 04:00:00+00:00,tt_kelapagading,22.0,25.138775
3,2026-08-20 04:00:00+00:00,tt_kuningan,21.0,20.48273
3,2026-08-20 04:00:00+00:00,tt_sudirman,26.0,24.635193
3,2026-08-20 04:00:00+00:00,tt_tangerang,48.0,31.96974
3,2026-08-20 04:00:00+00:00,tt_tbsimatupang,45.0,28.373142
3,2026-08-20 04:00:00+00:00,tt_thamrin,13.0,21.990772
3,2026-08-20 06:00:00+00:00,tt_bekasi,15.0,19.184282
3,2026-08-20 06:00:00+00:00,tt_bogor,39.0,39.198803
3,2026-08-20 06:00:00+00:00,tt_bsd,34.0,32.866753
3,2026-08-20 06:00:00+00:00,tt_cawang,28.0,30.518225
3,2026-08-20 06:00:00+00:00,tt_depok,29.0,26.45325
3,2026-08-20 06:00:00+00:00,tt_gatsu,28.0,41.2491
3,2026-08-20 06:00:00+00:00,tt_grogol,29.0,35.390537
3,2026-08-20 06:00:00+00:00,tt_kebonjeruk,25.0,26.887486
3,2026-08-20 06:00:00+00:00,tt_kelapagading,20.0,25.370121
3,2026-08-20 06:00:00+00:00,tt_kuningan,15.999999,21.023842
3,2026-08-20 06:00:00+00:00,tt_sudirman,21.0,28.677073
3,2026-08-20 06:00:00+00:00,tt_tangerang,38.0,44.40886
3,2026-08-20 06:00:00+00:00,tt_tbsimatupang,27.0,42.67438
3,2026-08-20 06:00:00+00:00,tt_thamrin,12.0,22.408611
3,2026-08-20 07:00:00+00:00,tt_bekasi,15.999999,17.706917
3,2026-08-20 07:00:00+00:00,tt_bogor,36.0,35.83834
3,2026-08-20 07:00:00+00:00,tt_bsd,34.0,31.622713
3,2026-08-20 07:00:00+00:00,tt_cawang,21.0,29.97597
3,2026-08-20 07:00:00+00:00,tt_depok,26.0,25.710375
3,2026-08-20 07:00:00+00:00,tt_gatsu,20.0,40.55467
3,2026-08-20 07:00:00+00:00,tt_grogol,29.0,33.401867
3,2026-08-20 07:00:00+00:00,tt_kebonjeruk,22.0,26.506134
3,2026-08-20 07:00:00+00:00,tt_kelapagading,20.0,24.59479
3,2026-08-20 07:00:00+00:00,tt_kuningan,21.0,20.191517
3,2026-08-20 07:00:00+00:00,tt_sudirman,20.0,28.496004
3,2026-08-20 07:00:00+00:00,tt_tangerang,37.0,44.565254
3,2026-08-20 07:00:00+00:00,tt_tbsimatupang,49.0,49.387794
3,2026-08-20 07:00:00+00:00,tt_thamrin,12.0,20.964397
3,2026-08-20 09:00:00+00:00,tt_bekasi,14.0,16.938255
3,2026-08-20 09:00:00+00:00,tt_bogor,34.0,38.692
3,2026-08-20 09:00:00+00:00,tt_bsd,28.0,32.172
3,2026-08-20 09:00:00+00:00,tt_cawang,30.0,29.45882
3,2026-08-20 09:00:00+00:00,tt_depok,26.0,24.326075
3,2026-08-20 09:00:00+00:00,tt_gatsu,32.0,33.781082
3,2026-08-20 09:00:00+00:00,tt_grogol,31.0,31.813112
3,2026-08-20 09:00:00+00:00,tt_kebonjeruk,21.0,24.768702
3,2026-08-20 09:00:00+00:00,tt_kelapagading,21.0,22.94867
3,2026-08-20 09:00:00+00:00,tt_kuningan,13.0,17.8558
3,2026-08-20 09:00:00+00:00,tt_sudirman,23.0,26.597279
3,2026-08-20 09:00:00+00:00,tt_tangerang,34.0,38.492897
3,2026-08-20 09:00:00+00:00,tt_tbsimatupang,47.0,45.190685
3,2026-08-20 09:00:00+00:00,tt_thamrin,18.0,19.043104
3,2026-08-20 11:00:00+00:00,tt_bekasi,18.0,16.816347
3,2026-08-20 11:00:00+00:00,tt_bogor,35.0,37.779213
3,2026-08-20 11:00:00+00:00,tt_bsd,34.0,32.063896
3,2026-08-20 11:00:00+00:00,tt_cawang,33.0,29.842545
3,2026-08-20 11:00:00+00:00,tt_depok,26.0,24.311195
3,2026-08-20 11:00:00+00:00,tt_gatsu,7.0,35.006878
3,2026-08-20 11:00:00+00:00,tt_grogol,29.0,32.585426
3,2026-08-20 11:00:00+00:00,tt_kebonjeruk,18.0,25.197514
3,2026-08-20 11:00:00+00:00,tt_kelapagading,21.0,22.924458
3,2026-08-20 11:00:00+00:00,tt_kuningan,15.999999,18.792763
3,2026-08-20 11:00:00+00:00,tt_sudirman,12.0,27.155045
3,2026-08-20 11:00:00+00:00,tt_tangerang,35.0,42.086445
3,2026-08-20 11:00:00+00:00,tt_tbsimatupang,24.0,54.14405
3,2026-08-20 11:00:00+00:00,tt_thamrin,10.0,18.7164
3,2026-08-20 12:00:00+00:00,tt_bekasi,14.0,15.952246
3,2026-08-20 12:00:00+00:00,tt_bogor,37.0,36.74157
3,2026-08-20 12:00:00+00:00,tt_bsd,34.0,28.445988
3,2026-08-20 12:00:00+00:00,tt_cawang,43.0,30.065779
3,2026-08-20 12:00:00+00:00,tt_depok,24.0,24.516764
3,2026-08-20 12:00:00+00:00,tt_gatsu,10.0,36.483204
3,2026-08-20 12:00:00+00:00,tt_grogol,32.0,32.657017
3,2026-08-20 12:00:00+00:00,tt_kebonjeruk,23.0,25.083885
3,2026-08-20 12:00:00+00:00,tt_kelapagading,21.0,22.590073
3,2026-08-20 12:00:00+00:00,tt_kuningan,13.0,16.503479
3,2026-08-20 12:00:00+00:00,tt_sudirman,22.0,27.38175
3,2026-08-20 12:00:00+00:00,tt_tangerang,48.0,41.612717
3,2026-08-20 12:00:00+00:00,tt_tbsimatupang,40.0,54.951797
3,2026-08-20 12:00:00+00:00,tt_thamrin,9.0,18.136086
3,2026-08-20 14:00:00+00:00,tt_bekasi,18.0,16.103252
3,2026-08-20 14:00:00+00:00,tt_bogor,38.0,31.553308
3,2026-08-20 14:00:00+00:00,tt_bsd,27.0,32.148075
3,2026-08-20 14:00:00+00:00,tt_cawang,32.0,26.193623
3,2026-08-20 14:00:00+00:00,tt_depok,31.0,21.567245
3,2026-08-20 14:00:00+00:00,tt_gatsu,45.0,30.54582
3,2026-08-20 14:00:00+00:00,tt_grogol,40.0,29.795544
3,2026-08-20 14:00:00+00:00,tt_kebonjeruk,28.0,21.997429
3,2026-08-20 14:00:00+00:00,tt_kelapagading,29.0,20.035282
3,2026-08-20 14:00:00+00:00,tt_kuningan,15.999999,15.993732
3,2026-08-20 14:00:00+00:00,tt_sudirman,39.0,23.837526
3,2026-08-20 14:00:00+00:00,tt_tangerang,48.0,39.99964
3,2026-08-20 14:00:00+00:00,tt_tbsimatupang,59.0,50.91087
3,2026-08-20 14:00:00+00:00,tt_thamrin,13.0,15.819468
3,2026-08-20 16:00:00+00:00,tt_bekasi,15.0,14.943409
3,2026-08-20 16:00:00+00:00,tt_bogor,45.0,34.419598
3,2026-08-20 16:00:00+00:00,tt_bsd,34.0,31.849262
3,2026-08-20 16:00:00+00:00,tt_cawang,43.0,28.070606
3,2026-08-20 16:00:00+00:00,tt_depok,31.0,22.195923
3,2026-08-20 16:00:00+00:00,tt_gatsu,45.0,24.172892
3,2026-08-20 16:00:00+00:00,tt_grogol,40.0,31.062849
3,2026-08-20 16:00:00+00:00,tt_kebonjeruk,35.0,22.88325
3,2026-08-20 16:00:00+00:00,tt_kelapagading,29.0,20.4583
3,2026-08-20 16:00:00+00:00,tt_kuningan,21.0,15.104296
3,2026-08-20 16:00:00+00:00,tt_sudirman,39.0,24.158531
3,2026-08-20 16:00:00+00:00,tt_tangerang,48.0,42.473427
3,2026-08-20 16:00:00+00:00,tt_tbsimatupang,72.0,46.575695
3,2026-08-20 16:00:00+00:00,tt_thamrin,22.0,15.719578
3,2026-08-20 17:00:00+00:00,tt_bekasi,18.0,17.812883
3,2026-08-20 17:00:00+00:00,tt_bogor,45.0,35.27425
3,2026-08-20 17:00:00+00:00,tt_bsd,34.0,26.852432
3,2026-08-20 17:00:00+00:00,tt_cawang,43.0,31.803385
3,2026-08-20 17:00:00+00:00,tt_depok,31.0,26.880213
3,2026-08-20 17:00:00+00:00,tt_gatsu,45.0,47.942047
3,2026-08-20 17:00:00+00:00,tt_grogol,40.0,37.897556
3,2026-08-20 17:00:00+00:00,tt_kebonjeruk,35.0,27.8847
3,2026-08-20 17:00:00+00:00,tt_kelapagading,29.0,24.01611
3,2026-08-20 17:00:00+00:00,tt_kuningan,21.0,17.468609
3,2026-08-20 17:00:00+00:00,tt_sudirman,39.0,31.494087
3,2026-08-20 17:00:00+00:00,tt_tangerang,48.0,46.947876
3,2026-08-20 17:00:00+00:00,tt_tbsimatupang,72.0,57.74881
3,2026-08-20 17:00:00+00:00,tt_thamrin,22.0,18.473007
3,2026-08-20 19:00:00+00:00,tt_bekasi,18.0,16.974136
3,2026-08-20 19:00:00+00:00,tt_bogor,45.0,43.76574
3,2026-08-20 19:00:00+00:00,tt_bsd,34.0,37.501907
3,2026-08-20 19:00:00+00:00,tt_cawang,43.0,40.048862
3,2026-08-20 19:00:00+00:00,tt_depok,31.0,32.174103
3,2026-08-20 19:00:00+00:00,tt_gatsu,45.0,46.146194
3,2026-08-20 19:00:00+00:00,tt_grogol,40.0,40.710285
3,2026-08-20 19:00:00+00:00,tt_kebonjeruk,35.0,33.80519
3,2026-08-20 19:00:00+00:00,tt_kelapagading,29.0,27.941902
3,2026-08-20 19:00:00+00:00,tt_kuningan,21.0,19.301281
3,2026-08-20 19:00:00+00:00,tt_sudirman,39.0,36.562496
3,2026-08-20 19:00:00+00:00,tt_tangerang,48.0,48.805313
3,2026-08-20 19:00:00+00:00,tt_tbsimatupang,72.0,68.95547
3,2026-08-20 19:00:00+00:00,tt_thamrin,22.0,20.283867
3,2026-08-20 21:00:00+00:00,tt_bekasi,18.0,18.095749
3,2026-08-20 21:00:00+00:00,tt_bogor,45.0,40.713486
3,2026-08-20 21:00:00+00:00,tt_bsd,34.0,36.3441
3,2026-08-20 21:00:00+00:00,tt_cawang,43.0,38.008198
3,2026-08-20 21:00:00+00:00,tt_depok,31.0,31.429039
3,2026-08-20 21:00:00+00:00,tt_gatsu,45.0,43.123814
3,2026-08-20 21:00:00+00:00,tt_grogol,40.0,38.95595
3,2026-08-20 21:00:00+00:00,tt_kebonjeruk,35.0,32.861305
3,2026-08-20 21:00:00+00:00,tt_kelapagading,29.0,28.082201
3,2026-08-20 21:00:00+00:00,tt_kuningan,21.0,18.63155
3,2026-08-20 21:00:00+00:00,tt_sudirman,39.0,35.031685
3,2026-08-20 21:00:00+00:00,tt_tangerang,48.0,44.020702
3,2026-08-20 21:00:00+00:00,tt_tbsimatupang,72.0,65.426834
3,2026-08-20 21:00:00+00:00,tt_thamrin,22.0,19.988008
3,2026-08-20 22:00:00+00:00,tt_bekasi,18.0,18.149014
3,2026-08-20 22:00:00+00:00,tt_bogor,45.0,40.17622
3,2026-08-20 22:00:00+00:00,tt_bsd,34.0,36.15064
3,2026-08-20 22:00:00+00:00,tt_cawang,43.0,37.64879
3,2026-08-20 22:00:00+00:00,tt_depok,31.0,31.401041
3,2026-08-20 22:00:00+00:00,tt_gatsu,45.0,43.065796
3,2026-08-20 22:00:00+00:00,tt_grogol,40.0,38.493507
3,2026-08-20 22:00:00+00:00,tt_kebonjeruk,35.0,32.68622
3,2026-08-20 22:00:00+00:00,tt_kelapagading,29.0,28.171606
3,2026-08-20 22:00:00+00:00,tt_kuningan,21.0,18.75312
3,2026-08-20 22:00:00+00:00,tt_sudirman,39.0,34.794254
3,2026-08-20 22:00:00+00:00,tt_tangerang,48.0,43.51857
3,2026-08-20 22:00:00+00:00,tt_tbsimatupang,72.0,62.94861
3,2026-08-20 22:00:00+00:00,tt_thamrin,22.0,20.231178
3,2026-08-21 00:00:00+00:00,tt_bekasi,18.0,18.711239
3,2026-08-21 00:00:00+00:00,tt_bogor,35.0,39.308014
3,2026-08-21 00:00:00+00:00,tt_bsd,29.0,35.875294
3,2026-08-21 00:00:00+00:00,tt_cawang,18.0,37.34259
3,2026-08-21 00:00:00+00:00,tt_depok,25.0,31.74901
3,2026-08-21 00:00:00+00:00,tt_gatsu,45.0,42.559532
3,2026-08-21 00:00:00+00:00,tt_grogol,34.0,37.819466
3,2026-08-21 00:00:00+00:00,tt_kebonjeruk,25.0,32.928352
3,2026-08-21 00:00:00+00:00,tt_kelapagading,26.0,28.894014
3,2026-08-21 00:00:00+00:00,tt_kuningan,21.0,19.455666
3,2026-08-21 00:00:00+00:00,tt_sudirman,31.0,34.742596
3,2026-08-21 00:00:00+00:00,tt_tangerang,37.0,42.57611
3,2026-08-21 00:00:00+00:00,tt_tbsimatupang,32.0,57.753796
3,2026-08-21 00:00:00+00:00,tt_thamrin,22.0,21.080023
3,2026-08-21 02:00:00+00:00,tt_bekasi,17.0,19.459625
3,2026-08-21 02:00:00+00:00,tt_bogor,37.0,38.810654
3,2026-08-21 02:00:00+00:00,tt_bsd,28.0,35.560963
3,2026-08-21 02:00:00+00:00,tt_cawang,19.0,36.870926
3,2026-08-21 02:00:00+00:00,tt_depok,26.0,32.48612
3,2026-08-21 02:00:00+00:00,tt_gatsu,45.0,43.56691
3,2026-08-21 02:00:00+00:00,tt_grogol,31.0,36.98137
3,2026-08-21 02:00:00+00:00,tt_kebonjeruk,26.0,33.516144
3,2026-08-21 02:00:00+00:00,tt_kelapagading,29.0,30.045406
3,2026-08-21 02:00:00+00:00,tt_kuningan,21.0,20.545424
3,2026-08-21 02:00:00+00:00,tt_sudirman,23.0,35.106586
3,2026-08-21 02:00:00+00:00,tt_tangerang,37.0,41.322884
3,2026-08-21 02:00:00+00:00,tt_tbsimatupang,37.0,50.887543
3,2026-08-21 02:00:00+00:00,tt_thamrin,22.0,22.440914
3,2026-08-21 03:00:00+00:00,tt_bekasi,15.0,18.507776
3,2026-08-21 03:00:00+00:00,tt_bogor,38.0,27.931505
3,2026-08-21 03:00:00+00:00,tt_bsd,34.0,28.566109
3,2026-08-21 03:00:00+00:00,tt_cawang,21.0,26.275589
3,2026-08-21 03:00:00+00:00,tt_depok,31.0,25.63903
3,2026-08-21 03:00:00+00:00,tt_gatsu,45.0,39.342213
3,2026-08-21 03:00:00+00:00,tt_grogol,27.0,27.186302
3,2026-08-21 03:00:00+00:00,tt_kebonjeruk,24.0,25.575768
3,2026-08-21 03:00:00+00:00,tt_kelapagading,23.0,25.023905
3,2026-08-21 03:00:00+00:00,tt_kuningan,15.999999,19.902918
3,2026-08-21 03:00:00+00:00,tt_sudirman,28.0,25.863667
3,2026-08-21 03:00:00+00:00,tt_tangerang,48.0,29.146086
3,2026-08-21 03:00:00+00:00,tt_tbsimatupang,48.0,23.85112
3,2026-08-21 03:00:00+00:00,tt_thamrin,15.999999,21.391083
3,2026-08-21 05:00:00+00:00,tt_bekasi,15.999999,19.025494
3,2026-08-21 05:00:00+00:00,tt_bogor,45.0,35.215794
3,2026-08-21 05:00:00+00:00,tt_bsd,34.0,28.84712
3,2026-08-21 05:00:00+00:00,tt_cawang,43.0,29.983519
3,2026-08-21 05:00:00+00:00,tt_depok,31.0,26.864794
3,2026-08-21 05:00:00+00:00,tt_gatsu,45.0,37.514427
3,2026-08-21 05:00:00+00:00,tt_grogol,32.0,31.604765
3,2026-08-21 05:00:00+00:00,tt_kebonjeruk,27.0,27.282122
3,2026-08-21 05:00:00+00:00,tt_kelapagading,23.0,25.796278
3,2026-08-21 05:00:00+00:00,tt_kuningan,21.0,21.23936
3,2026-08-21 05:00:00+00:00,tt_sudirman,34.0,28.353918
3,2026-08-21 05:00:00+00:00,tt_tangerang,48.0,38.454132
3,2026-08-21 05:00:00+00:00,tt_tbsimatupang,72.0,41.06894
3,2026-08-21 05:00:00+00:00,tt_thamrin,21.0,22.84245
3,2026-08-21 07:00:00+00:00,tt_bekasi,14.0,18.11259
3,2026-08-21 07:00:00+00:00,tt_bogor,35.0,38.561817
3,2026-08-21 07:00:00+00:00,tt_bsd,34.0,33.46367
3,2026-08-21 07:00:00+00:00,tt_cawang,28.0,31.704481
3,2026-08-21 07:00:00+00:00,tt_depok,25.0,26.77932
3,2026-08-21 07:00:00+00:00,tt_gatsu,36.0,39.28218
3,2026-08-21 07:00:00+00:00,tt_grogol,28.0,35.26405
3,2026-08-21 07:00:00+00:00,tt_kebonjeruk,21.0,27.34068
3,2026-08-21 07:00:00+00:00,tt_kelapagading,20.0,24.675465
3,2026-08-21 07:00:00+00:00,tt_kuningan,21.0,19.4491
3,2026-08-21 07:00:00+00:00,tt_sudirman,18.0,29.765392
3,2026-08-21 07:00:00+00:00,tt_tangerang,39.0,44.847015
3,2026-08-21 07:00:00+00:00,tt_tbsimatupang,52.0,50.025543
3,2026-08-21 07:00:00+00:00,tt_thamrin,18.0,21.319887
3,2026-08-21 08:00:00+00:00,tt_bekasi,15.999999,19.484888
3,2026-08-21 08:00:00+00:00,tt_bogor,34.0,45.191574
3,2026-08-21 08:00:00+00:00,tt_bsd,34.0,35.81565
3,2026-08-21 08:00:00+00:00,tt_cawang,31.0,40.149666
3,2026-08-21 08:00:00+00:00,tt_depok,25.0,31.890472
3,2026-08-21 08:00:00+00:00,tt_gatsu,35.0,42.33104
3,2026-08-21 08:00:00+00:00,tt_grogol,29.0,40.056305
3,2026-08-21 08:00:00+00:00,tt_kebonjeruk,24.0,33.50555
3,2026-08-21 08:00:00+00:00,tt_kelapagading,21.0,27.94376
3,2026-08-21 08:00:00+00:00,tt_kuningan,17.0,22.043451
3,2026-08-21 08:00:00+00:00,tt_sudirman,24.0,36.68814
3,2026-08-21 08:00:00+00:00,tt_tangerang,40.0,48.104584
3,2026-08-21 08:00:00+00:00,tt_tbsimatupang,38.0,63.550392
3,2026-08-21 08:00:00+00:00,tt_thamrin,10.0,23.513844
3,2026-08-21 10:00:00+00:00,tt_bekasi,15.0,16.578592
3,2026-08-21 10:00:00+00:00,tt_bogor,32.0,38.001858
3,2026-08-21 10:00:00+00:00,tt_bsd,34.0,32.483944
3,2026-08-21 10:00:00+00:00,tt_cawang,22.0,33.15291
3,2026-08-21 10:00:00+00:00,tt_depok,24.0,26.06067
3,2026-08-21 10:00:00+00:00,tt_gatsu,34.0,33.95272
3,2026-08-21 10:00:00+00:00,tt_grogol,32.0,33.851067
3,2026-08-21 10:00:00+00:00,tt_kebonjeruk,20.0,27.237669
3,2026-08-21 10:00:00+00:00,tt_kelapagading,19.0,23.809996
3,2026-08-21 10:00:00+00:00,tt_kuningan,13.0,19.246393
3,2026-08-21 10:00:00+00:00,tt_sudirman,22.0,29.990744
3,2026-08-21 10:00:00+00:00,tt_tangerang,29.0,41.809677
3,2026-08-21 10:00:00+00:00,tt_tbsimatupang,27.0,58.58333
3,2026-08-21 10:00:00+00:00,tt_thamrin,19.0,20.121181
6,2026-08-18 07:00:00+00:00,tt_bekasi,15.0,18.742378
6,2026-08-18 07:00:00+00:00,tt_bogor,34.0,34.91769
6,2026-08-18 07:00:00+00:00,tt_bsd,30.0,27.66108
6,2026-08-18 07:00:00+00:00,tt_cawang,43.0,27.20743
6,2026-08-18 07:00:00+00:00,tt_depok,31.0,26.63225
6,2026-08-18 07:00:00+00:00,tt_gatsu,45.0,37.662823
6,2026-08-18 07:00:00+00:00,tt_grogol,32.0,31.504147
6,2026-08-18 07:00:00+00:00,tt_kebonjeruk,25.0,25.555779
6,2026-08-18 07:00:00+00:00,tt_kelapagading,22.0,26.532091
6,2026-08-18 07:00:00+00:00,tt_kuningan,15.0,21.676033
6,2026-08-18 07:00:00+00:00,tt_sudirman,28.0,26.320044
6,2026-08-18 07:00:00+00:00,tt_tangerang,38.0,39.944637
6,2026-08-18 07:00:00+00:00,tt_tbsimatupang,57.0,51.77376
6,2026-08-18 07:00:00+00:00,tt_thamrin,22.0,22.809242
6,2026-08-18 09:00:00+00:00,tt_bekasi,14.0,18.859825
6,2026-08-18 09:00:00+00:00,tt_bogor,35.0,37.27751
6,2026-08-18 09:00:00+00:00,tt_bsd,28.0,29.367113
6,2026-08-18 09:00:00+00:00,tt_cawang,29.0,30.606827
6,2026-08-18 09:00:00+00:00,tt_depok,24.0,26.163385
6,2026-08-18 09:00:00+00:00,tt_gatsu,45.0,37.424957
6,2026-08-18 09:00:00+00:00,tt_grogol,32.0,34.42563
6,2026-08-18 09:00:00+00:00,tt_kebonjeruk,23.0,26.402054
6,2026-08-18 09:00:00+00:00,tt_kelapagading,23.0,25.545612
6,2026-08-18 09:00:00+00:00,tt_kuningan,21.0,21.886349
6,2026-08-18 09:00:00+00:00,tt_sudirman,31.0,28.225828
6,2026-08-18 09:00:00+00:00,tt_tangerang,38.0,43.127434
6,2026-08-18 09:00:00+00:00,tt_tbsimatupang,43.0,50.489708
6,2026-08-18 09:00:00+00:00,tt_thamrin,22.0,23.337559
6,2026-08-18 10:00:00+00:00,tt_bekasi,14.0,18.48471
6,2026-08-18 10:00:00+00:00,tt_bogor,35.0,37.482082
6,2026-08-18 10:00:00+00:00,tt_bsd,34.0,27.616497
6,2026-08-18 10:00:00+00:00,tt_cawang,30.0,31.766876
6,2026-08-18 10:00:00+00:00,tt_depok,25.0,27.161392
6,2026-08-18 10:00:00+00:00,tt_gatsu,3.999998,37.945328
6,2026-08-18 10:00:00+00:00,tt_grogol,31.0,35.201363
6,2026-08-18 10:00:00+00:00,tt_kebonjeruk,21.0,27.433178
6,2026-08-18 10:00:00+00:00,tt_kelapagading,21.0,25.528255
6,2026-08-18 10:00:00+00:00,tt_kuningan,14.0,20.898998
6,2026-08-18 10:00:00+00:00,tt_sudirman,23.0,29.847193
6,2026-08-18 10:00:00+00:00,tt_tangerang,34.0,43.596863
6,2026-08-18 10:00:00+00:00,tt_tbsimatupang,44.0,57.11184
6,2026-08-18 10:00:00+00:00,tt_thamrin,22.0,22.864891
6,2026-08-18 12:00:00+00:00,tt_bekasi,14.0,18.159199
6,2026-08-18 12:00:00+00:00,tt_bogor,35.0,41.18826
6,2026-08-18 12:00:00+00:00,tt_bsd,34.0,28.938469
6,2026-08-18 12:00:00+00:00,tt_cawang,34.0,34.38401
6,2026-08-18 12:00:00+00:00,tt_depok,26.0,28.364016
6,2026-08-18 12:00:00+00:00,tt_gatsu,45.0,45.91231
6,2026-08-18 12:00:00+00:00,tt_grogol,32.0,39.514988
6,2026-08-18 12:00:00+00:00,tt_kebonjeruk,25.0,29.224754
6,2026-08-18 12:00:00+00:00,tt_kelapagading,22.0,26.26239
6,2026-08-18 12:00:00+00:00,tt_kuningan,13.0,21.41453
6,2026-08-18 12:00:00+00:00,tt_sudirman,29.0,32.177124
6,2026-08-18 12:00:00+00:00,tt_tangerang,48.0,46.713364
6,2026-08-18 12:00:00+00:00,tt_tbsimatupang,72.0,62.35333
6,2026-08-18 12:00:00+00:00,tt_thamrin,17.0,22.613129
6,2026-08-18 14:00:00+00:00,tt_bekasi,15.999999,17.529045
6,2026-08-18 14:00:00+00:00,tt_bogor,45.0,42.191288
6,2026-08-18 14:00:00+00:00,tt_bsd,34.0,31.028362
6,2026-08-18 14:00:00+00:00,tt_cawang,32.0,37.24372
6,2026-08-18 14:00:00+00:00,tt_depok,26.0,29.534338
6,2026-08-18 14:00:00+00:00,tt_gatsu,45.0,42.43666
6,2026-08-18 14:00:00+00:00,tt_grogol,40.0,40.347656
6,2026-08-18 14:00:00+00:00,tt_kebonjeruk,31.0,30.12549
6,2026-08-18 14:00:00+00:00,tt_kelapagading,29.0,26.368769
6,2026-08-18 14:00:00+00:00,tt_kuningan,15.999999,19.466251
6,2026-08-18 14:00:00+00:00,tt_sudirman,30.0,33.616802
6,2026-08-18 14:00:00+00:00,tt_tangerang,48.0,48.060978
6,2026-08-18 14:00:00+00:00,tt_tbsimatupang,72.0,66.16394
6,2026-08-18 14:00:00+00:00,tt_thamrin,22.0,21.415981
6,2026-08-18 15:00:00+00:00,tt_bekasi,15.999999,16.840445
6,2026-08-18 15:00:00+00:00,tt_bogor,45.0,43.11796
6,2026-08-18 15:00:00+00:00,tt_bsd,34.0,30.691175
6,2026-08-18 15:00:00+00:00,tt_cawang,43.0,36.18693
6,2026-08-18 15:00:00+00:00,tt_depok,31.0,29.21885
6,2026-08-18 15:00:00+00:00,tt_gatsu,45.0,45.219376
6,2026-08-18 15:00:00+00:00,tt_grogol,40.0,41.38028
6,2026-08-18 15:00:00+00:00,tt_kebonjeruk,35.0,30.198612
6,2026-08-18 15:00:00+00:00,tt_kelapagading,29.0,25.85598
6,2026-08-18 15:00:00+00:00,tt_kuningan,21.0,20.108406
6,2026-08-18 15:00:00+00:00,tt_sudirman,39.0,34.030663
6,2026-08-18 15:00:00+00:00,tt_tangerang,48.0,49.412132
6,2026-08-18 15:00:00+00:00,tt_tbsimatupang,72.0,67.83156
6,2026-08-18 15:00:00+00:00,tt_thamrin,22.0,20.992882
6,2026-08-18 17:00:00+00:00,tt_bekasi,17.0,15.837828
6,2026-08-18 17:00:00+00:00,tt_bogor,45.0,29.759922
6,2026-08-18 17:00:00+00:00,tt_bsd,34.0,31.840801
6,2026-08-18 17:00:00+00:00,tt_cawang,43.0,28.409369
6,2026-08-18 17:00:00+00:00,tt_depok,31.0,25.80987
6,2026-08-18 17:00:00+00:00,tt_gatsu,45.0,39.577644
6,2026-08-18 17:00:00+00:00,tt_grogol,40.0,29.110983
6,2026-08-18 17:00:00+00:00,tt_kebonjeruk,35.0,25.603718
6,2026-08-18 17:00:00+00:00,tt_kelapagading,29.0,23.465076
6,2026-08-18 17:00:00+00:00,tt_kuningan,21.0,17.45228
6,2026-08-18 17:00:00+00:00,tt_sudirman,39.0,26.918016
6,2026-08-18 17:00:00+00:00,tt_tangerang,48.0,29.46055
6,2026-08-18 17:00:00+00:00,tt_tbsimatupang,72.0,51.66712
6,2026-08-18 17:00:00+00:00,tt_thamrin,22.0,18.953972
6,2026-08-18 19:00:00+00:00,tt_bekasi,17.0,16.308243
6,2026-08-18 19:00:00+00:00,tt_bogor,45.0,31.974764
6,2026-08-18 19:00:00+00:00,tt_bsd,34.0,32.855587
6,2026-08-18 19:00:00+00:00,tt_cawang,43.0,32.382343
6,2026-08-18 19:00:00+00:00,tt_depok,31.0,27.998074
6,2026-08-18 19:00:00+00:00,tt_gatsu,45.0,47.06908
6,2026-08-18 19:00:00+00:00,tt_grogol,40.0,35.444305
6,2026-08-18 19:00:00+00:00,tt_kebonjeruk,35.0,28.343582
6,2026-08-18 19:00:00+00:00,tt_kelapagading,29.0,25.283958
6,2026-08-18 19:00:00+00:00,tt_kuningan,21.0,17.405516
6,2026-08-18 19:00:00+00:00,tt_sudirman,39.0,30.62974
6,2026-08-18 19:00:00+00:00,tt_tangerang,48.0,46.5827
6,2026-08-18 19:00:00+00:00,tt_tbsimatupang,72.0,63.42636
6,2026-08-18 19:00:00+00:00,tt_thamrin,22.0,19.239391
6,2026-08-18 20:00:00+00:00,tt_bekasi,17.0,17.298428
6,2026-08-18 20:00:00+00:00,tt_bogor,45.0,39.6171
6,2026-08-18 20:00:00+00:00,tt_bsd,34.0,33.999916
6,2026-08-18 20:00:00+00:00,tt_cawang,43.0,35.380703
6,2026-08-18 20:00:00+00:00,tt_depok,31.0,30.249695
6,2026-08-18 20:00:00+00:00,tt_gatsu,45.0,47.829437
6,2026-08-18 20:00:00+00:00,tt_grogol,40.0,38.476192
6,2026-08-18 20:00:00+00:00,tt_kebonjeruk,35.0,31.438011
6,2026-08-18 20:00:00+00:00,tt_kelapagading,29.0,26.987885
6,2026-08-18 20:00:00+00:00,tt_kuningan,21.0,18.580482
6,2026-08-18 20:00:00+00:00,tt_sudirman,39.0,33.84493
6,2026-08-18 20:00:00+00:00,tt_tangerang,48.0,46.422844
6,2026-08-18 20:00:00+00:00,tt_tbsimatupang,72.0,61.172775
6,2026-08-18 20:00:00+00:00,tt_thamrin,22.0,20.649239
6,2026-08-18 22:00:00+00:00,tt_bekasi,17.0,17.438698
6,2026-08-18 22:00:00+00:00,tt_bogor,45.0,37.80683
6,2026-08-18 22:00:00+00:00,tt_bsd,34.0,32.957626
6,2026-08-18 22:00:00+00:00,tt_cawang,43.0,36.861973
6,2026-08-18 22:00:00+00:00,tt_depok,31.0,33.14897
6,2026-08-18 22:00:00+00:00,tt_gatsu,45.0,47.364845
6,2026-08-18 22:00:00+00:00,tt_grogol,40.0,36.769756
6,2026-08-18 22:00:00+00:00,tt_kebonjeruk,35.0,33.958023
6,2026-08-18 22:00:00+00:00,tt_kelapagading,29.0,29.341934
6,2026-08-18 22:00:00+00:00,tt_kuningan,21.0,19.578667
6,2026-08-18 22:00:00+00:00,tt_sudirman,39.0,35.720127
6,2026-08-18 22:00:00+00:00,tt_tangerang,48.0,44.394333
6,2026-08-18 22:00:00+00:00,tt_tbsimatupang,72.0,50.724068
6,2026-08-18 22:00:00+00:00,tt_thamrin,22.0,21.718239
6,2026-08-19 00:00:00+00:00,tt_bekasi,15.0,17.709736
6,2026-08-19 00:00:00+00:00,tt_bogor,35.0,35.19761
6,2026-08-19 00:00:00+00:00,tt_bsd,29.0,31.459948
6,2026-08-19 00:00:00+00:00,tt_cawang,20.0,34.24392
6,2026-08-19 00:00:00+00:00,tt_depok,31.0,31.175129
6,2026-08-19 00:00:00+00:00,tt_gatsu,45.0,47.860878
6,2026-08-19 00:00:00+00:00,tt_grogol,40.0,35.218937
6,2026-08-19 00:00:00+00:00,tt_kebonjeruk,27.0,31.658358
6,2026-08-19 00:00:00+00:00,tt_kelapagading,29.0,28.257923
6,2026-08-19 00:00:00+00:00,tt_kuningan,21.0,19.229153
6,2026-08-19 00:00:00+00:00,tt_sudirman,39.0,33.17142
6,2026-08-19 00:00:00+00:00,tt_tangerang,48.0,42.52485
6,2026-08-19 00:00:00+00:00,tt_tbsimatupang,39.0,47.876312
6,2026-08-19 00:00:00+00:00,tt_thamrin,19.0,21.77165
6,2026-08-19 01:00:00+00:00,tt_bekasi,15.999999,17.817638
6,2026-08-19 01:00:00+00:00,tt_bogor,37.0,34.809105
6,2026-08-19 01:00:00+00:00,tt_bsd,34.0,30.878048
6,2026-08-19 01:00:00+00:00,tt_cawang,13.0,33.777336
6,2026-08-19 01:00:00+00:00,tt_depok,27.0,30.432034
6,2026-08-19 01:00:00+00:00,tt_gatsu,13.0,49.074203
6,2026-08-19 01:00:00+00:00,tt_grogol,32.0,34.941505
6,2026-08-19 01:00:00+00:00,tt_kebonjeruk,25.0,30.860634
6,2026-08-19 01:00:00+00:00,tt_kelapagading,29.0,27.85368
6,2026-08-19 01:00:00+00:00,tt_kuningan,21.0,19.497997
6,2026-08-19 01:00:00+00:00,tt_sudirman,22.0,32.35979
6,2026-08-19 01:00:00+00:00,tt_tangerang,39.0,42.420105
6,2026-08-19 01:00:00+00:00,tt_tbsimatupang,18.0,45.996056
6,2026-08-19 01:00:00+00:00,tt_thamrin,22.0,21.990932
6,2026-08-19 03:00:00+00:00,tt_bekasi,15.999999,18.43922
6,2026-08-19 03:00:00+00:00,tt_bogor,37.0,34.229412
6,2026-08-19 03:00:00+00:00,tt_bsd,34.0,29.442171
6,2026-08-19 03:00:00+00:00,tt_cawang,20.0,32.487976
6,2026-08-19 03:00:00+00:00,tt_depok,31.0,29.84881
6,2026-08-19 03:00:00+00:00,tt_gatsu,45.0,41.767754
6,2026-08-19 03:00:00+00:00,tt_grogol,31.0,33.91975
6,2026-08-19 03:00:00+00:00,tt_kebonjeruk,23.0,30.156015
6,2026-08-19 03:00:00+00:00,tt_kelapagading,29.0,27.915438
6,2026-08-19 03:00:00+00:00,tt_kuningan,15.999999,20.096174
6,2026-08-19 03:00:00+00:00,tt_sudirman,24.0,31.350424
6,2026-08-19 03:00:00+00:00,tt_tangerang,40.0,39.361473
6,2026-08-19 03:00:00+00:00,tt_tbsimatupang,33.0,39.16076
6,2026-08-19 03:00:00+00:00,tt_thamrin,20.0,22.779049
6,2026-08-19 05:00:00+00:00,tt_bekasi,15.0,19.568142
6,2026-08-19 05:00:00+00:00,tt_bogor,32.0,34.335426
6,2026-08-19 05:00:00+00:00,tt_bsd,34.0,29.536152
6,2026-08-19 05:00:00+00:00,tt_cawang,17.0,31.382301
6,2026-08-19 05:00:00+00:00,tt_depok,31.0,30.460238
6,2026-08-19 05:00:00+00:00,tt_gatsu,45.0,35.61114
6,2026-08-19 05:00:00+00:00,tt_grogol,31.0,32.323097
6,2026-08-19 05:00:00+00:00,tt_kebonjeruk,24.0,30.701015
6,2026-08-19 05:00:00+00:00,tt_kelapagading,21.0,29.332098
6,2026-08-19 05:00:00+00:00,tt_kuningan,17.0,21.86958
6,2026-08-19 05:00:00+00:00,tt_sudirman,27.0,31.116709
6,2026-08-19 05:00:00+00:00,tt_tangerang,40.0,38.920723
6,2026-08-19 05:00:00+00:00,tt_tbsimatupang,43.0,43.13652
6,2026-08-19 05:00:00+00:00,tt_thamrin,17.0,24.655098
6,2026-08-19 06:00:00+00:00,tt_bekasi,18.0,18.89537
6,2026-08-19 06:00:00+00:00,tt_bogor,35.0,31.263798
6,2026-08-19 06:00:00+00:00,tt_bsd,34.0,25.757446
6,2026-08-19 06:00:00+00:00,tt_cawang,19.0,27.267103
6,2026-08-19 06:00:00+00:00,tt_depok,27.0,26.94112
6,2026-08-19 06:00:00+00:00,tt_gatsu,30.0,33.993183
6,2026-08-19 06:00:00+00:00,tt_grogol,27.0,29.920681
6,2026-08-19 06:00:00+00:00,tt_kebonjeruk,21.0,26.61721
6,2026-08-19 06:00:00+00:00,tt_kelapagading,21.0,26.922232
6,2026-08-19 06:00:00+00:00,tt_kuningan,21.0,22.052643
6,2026-08-19 06:00:00+00:00,tt_sudirman,18.0,27.099243
6,2026-08-19 06:00:00+00:00,tt_tangerang,38.0,37.062614
6,2026-08-19 06:00:00+00:00,tt_tbsimatupang,48.0,41.68683
6,2026-08-19 06:00:00+00:00,tt_thamrin,13.0,24.44629
6,2026-08-19 08:00:00+00:00,tt_bekasi,15.0,18.944553
6,2026-08-19 08:00:00+00:00,tt_bogor,34.0,36.79155
6,2026-08-19 08:00:00+00:00,tt_bsd,28.0,30.345774
6,2026-08-19 08:00:00+00:00,tt_cawang,32.0,30.667458
6,2026-08-19 08:00:00+00:00,tt_depok,25.0,25.316887
6,2026-08-19 08:00:00+00:00,tt_gatsu,26.0,34.75751
6,2026-08-19 08:00:00+00:00,tt_grogol,27.0,32.37788
6,2026-08-19 08:00:00+00:00,tt_kebonjeruk,18.0,25.701323
6,2026-08-19 08:00:00+00:00,tt_kelapagading,22.0,24.673096
6,2026-08-19 08:00:00+00:00,tt_kuningan,21.0,22.399239
6,2026-08-19 08:00:00+00:00,tt_sudirman,22.0,27.565613
6,2026-08-19 08:00:00+00:00,tt_tangerang,48.0,39.848873
6,2026-08-19 08:00:00+00:00,tt_tbsimatupang,32.0,48.09749
6,2026-08-19 08:00:00+00:00,tt_thamrin,8.0,24.23455
6,2026-08-19 10:00:00+00:00,tt_bekasi,13.0,18.853458
6,2026-08-19 10:00:00+00:00,tt_bogor,30.0,38.284836
6,2026-08-19 10:00:00+00:00,tt_bsd,34.0,31.951345
6,2026-08-19 10:00:00+00:00,tt_cawang,43.0,32.19198
6,2026-08-19 10:00:00+00:00,tt_depok,23.0,27.300598
6,2026-08-19 10:00:00+00:00,tt_gatsu,23.0,43.729256
6,2026-08-19 10:00:00+00:00,tt_grogol,30.0,34.508755
6,2026-08-19 10:00:00+00:00,tt_kebonjeruk,19.0,27.465282
6,2026-08-19 10:00:00+00:00,tt_kelapagading,22.0,25.597404
6,2026-08-19 10:00:00+00:00,tt_kuningan,15.999999,21.04345
6,2026-08-19 10:00:00+00:00,tt_sudirman,19.0,29.43446
6,2026-08-19 10:00:00+00:00,tt_tangerang,28.0,41.000885
6,2026-08-19 10:00:00+00:00,tt_tbsimatupang,34.0,48.78259
6,2026-08-19 10:00:00+00:00,tt_thamrin,17.0,23.36216
6,2026-08-19 11:00:00+00:00,tt_bekasi,18.0,18.114437
6,2026-08-19 11:00:00+00:00,tt_bogor,33.0,37.972805
6,2026-08-19 11:00:00+00:00,tt_bsd,27.0,31.71083
6,2026-08-19 11:00:00+00:00,tt_cawang,43.0,32.733234
6,2026-08-19 11:00:00+00:00,tt_depok,25.0,27.387909
6,2026-08-19 11:00:00+00:00,tt_gatsu,35.0,44.550934
6,2026-08-19 11:00:00+00:00,tt_grogol,32.0,34.996433
6,2026-08-19 11:00:00+00:00,tt_kebonjeruk,21.0,27.645613
6,2026-08-19 11:00:00+00:00,tt_kelapagading,20.0,25.261238
6,2026-08-19 11:00:00+00:00,tt_kuningan,15.999999,20.53405
6,2026-08-19 11:00:00+00:00,tt_sudirman,15.999999,29.953121
6,2026-08-19 11:00:00+00:00,tt_tangerang,26.0,41.968117
6,2026-08-19 11:00:00+00:00,tt_tbsimatupang,44.0,53.03477
6,2026-08-19 11:00:00+00:00,tt_thamrin,10.0,22.46907
6,2026-08-19 13:00:00+00:00,tt_bekasi,18.0,17.944164
6,2026-08-19 13:00:00+00:00,tt_bogor,45.0,39.483055
6,2026-08-19 13:00:00+00:00,tt_bsd,34.0,32.05836
6,2026-08-19 13:00:00+00:00,tt_cawang,43.0,33.64463
6,2026-08-19 13:00:00+00:00,tt_depok,25.0,26.835234
6,2026-08-19 13:00:00+00:00,tt_gatsu,45.0,44.655525
6,2026-08-19 13:00:00+00:00,tt_grogol,31.0,35.438522
6,2026-08-19 13:00:00+00:00,tt_kebonjeruk,27.0,27.54998
6,2026-08-19 13:00:00+00:00,tt_kelapagading,23.0,24.538883
6,2026-08-19 13:00:00+00:00,tt_kuningan,13.0,19.972488
6,2026-08-19 13:00:00+00:00,tt_sudirman,30.0,30.061169
6,2026-08-19 13:00:00+00:00,tt_tangerang,48.0,43.146626
6,2026-08-19 13:00:00+00:00,tt_tbsimatupang,72.0,60.903934
6,2026-08-19 13:00:00+00:00,tt_thamrin,20.0,20.929077
6,2026-08-19 15:00:00+00:00,tt_bekasi,15.999999,16.299599
6,2026-08-19 15:00:00+00:00,tt_bogor,38.0,41.648933
6,2026-08-19 15:00:00+00:00,tt_bsd,34.0,31.224142
6,2026-08-19 15:00:00+00:00,tt_cawang,32.0,35.799686
6,2026-08-19 15:00:00+00:00,tt_depok,31.0,26.58623
6,2026-08-19 15:00:00+00:00,tt_gatsu,45.0,44.408264
6,2026-08-19 15:00:00+00:00,tt_grogol,40.0,37.4612
6,2026-08-19 15:00:00+00:00,tt_kebonjeruk,31.0,27.850899
6,2026-08-19 15:00:00+00:00,tt_kelapagading,29.0,23.532116
6,2026-08-19 15:00:00+00:00,tt_kuningan,21.0,18.417507
6,2026-08-19 15:00:00+00:00,tt_sudirman,29.0,30.91109
6,2026-08-19 15:00:00+00:00,tt_tangerang,48.0,47.405926
6,2026-08-19 15:00:00+00:00,tt_tbsimatupang,72.0,67.414894
6,2026-08-19 15:00:00+00:00,tt_thamrin,21.0,18.733953
6,2026-08-19 16:00:00+00:00,tt_bekasi,18.0,15.749689
6,2026-08-19 16:00:00+00:00,tt_bogor,45.0,41.682236
6,2026-08-19 16:00:00+00:00,tt_bsd,34.0,33.706364
6,2026-08-19 16:00:00+00:00,tt_cawang,43.0,36.21475
6,2026-08-19 16:00:00+00:00,tt_depok,31.0,26.197155
6,2026-08-19 16:00:00+00:00,tt_gatsu,45.0,45.53987
6,2026-08-19 16:00:00+00:00,tt_grogol,40.0,38.073833
6,2026-08-19 16:00:00+00:00,tt_kebonjeruk,35.0,27.329782
6,2026-08-19 16:00:00+00:00,tt_kelapagading,29.0,22.9366
6,2026-08-19 16:00:00+00:00,tt_kuningan,21.0,17.404602
6,2026-08-19 16:00:00+00:00,tt_sudirman,39.0,30.530804
6,2026-08-19 16:00:00+00:00,tt_tangerang,48.0,48.520977
6,2026-08-19 16:00:00+00:00,tt_tbsimatupang,72.0,66.65005
6,2026-08-19 16:00:00+00:00,tt_thamrin,22.0,18.471024
6,2026-08-19 18:00:00+00:00,tt_bekasi,18.0,16.408146
6,2026-08-19 18:00:00+00:00,tt_bogor,45.0,29.773468
6,2026-08-19 18:00:00+00:00,tt_bsd,34.0,27.714958
6,2026-08-19 18:00:00+00:00,tt_cawang,43.0,28.16858
6,2026-08-19 18:00:00+00:00,tt_depok,31.0,23.521376
6,2026-08-19 18:00:00+00:00,tt_gatsu,45.0,36.971207
6,2026-08-19 18:00:00+00:00,tt_grogol,40.0,29.206966
6,2026-08-19 18:00:00+00:00,tt_kebonjeruk,35.0,23.845306
6,2026-08-19 18:00:00+00:00,tt_kelapagading,29.0,21.643219
6,2026-08-19 18:00:00+00:00,tt_kuningan,21.0,16.455051
6,2026-08-19 18:00:00+00:00,tt_sudirman,39.0,25.036118
6,2026-08-19 18:00:00+00:00,tt_tangerang,44.0,29.534075
6,2026-08-19 18:00:00+00:00,tt_tbsimatupang,72.0,42.092358
6,2026-08-19 18:00:00+00:00,tt_thamrin,22.0,16.977737
6,2026-08-19 20:00:00+00:00,tt_bekasi,18.0,17.215437
6,2026-08-19 20:00:00+00:00,tt_bogor,45.0,44.00459
6,2026-08-19 20:00:00+00:00,tt_bsd,34.0,35.889576
6,2026-08-19 20:00:00+00:00,tt_cawang,43.0,36.994766
6,2026-08-19 20:00:00+00:00,tt_depok,31.0,27.072155
6,2026-08-19 20:00:00+00:00,tt_gatsu,45.0,45.551773
6,2026-08-19 20:00:00+00:00,tt_grogol,40.0,37.539764
6,2026-08-19 20:00:00+00:00,tt_kebonjeruk,35.0,28.618538
6,2026-08-19 20:00:00+00:00,tt_kelapagading,29.0,24.417637
6,2026-08-19 20:00:00+00:00,tt_kuningan,21.0,16.868975
6,2026-08-19 20:00:00+00:00,tt_sudirman,39.0,31.801775
6,2026-08-19 20:00:00+00:00,tt_tangerang,48.0,50.260994
6,2026-08-19 20:00:00+00:00,tt_tbsimatupang,72.0,60.87664
6,2026-08-19 20:00:00+00:00,tt_thamrin,22.0,18.529469
6,2026-08-19 21:00:00+00:00,tt_bekasi,18.0,16.915916
6,2026-08-19 21:00:00+00:00,tt_bogor,45.0,40.973217
6,2026-08-19 21:00:00+00:00,tt_bsd,34.0,35.028893
6,2026-08-19 21:00:00+00:00,tt_cawang,43.0,34.78751
6,2026-08-19 21:00:00+00:00,tt_depok,31.0,28.488316
6,2026-08-19 21:00:00+00:00,tt_gatsu,45.0,45.86814
6,2026-08-19 21:00:00+00:00,tt_grogol,40.0,38.51305
6,2026-08-19 21:00:00+00:00,tt_kebonjeruk,35.0,29.030819
6,2026-08-19 21:00:00+00:00,tt_kelapagading,29.0,25.255121
6,2026-08-19 21:00:00+00:00,tt_kuningan,21.0,18.676155
6,2026-08-19 21:00:00+00:00,tt_sudirman,39.0,31.708393
6,2026-08-19 21:00:00+00:00,tt_tangerang,48.0,50.047737
6,2026-08-19 21:00:00+00:00,tt_tbsimatupang,72.0,57.431854
6,2026-08-19 21:00:00+00:00,tt_thamrin,22.0,19.1452
6,2026-08-19 23:00:00+00:00,tt_bekasi,17.0,17.848295
6,2026-08-19 23:00:00+00:00,tt_bogor,35.0,42.71518
6,2026-08-19 23:00:00+00:00,tt_bsd,34.0,35.334633
6,2026-08-19 23:00:00+00:00,tt_cawang,26.0,37.012543
6,2026-08-19 23:00:00+00:00,tt_depok,31.0,29.602892
6,2026-08-19 23:00:00+00:00,tt_gatsu,45.0,38.48937
6,2026-08-19 23:00:00+00:00,tt_grogol,35.0,37.787983
6,2026-08-19 23:00:00+00:00,tt_kebonjeruk,30.0,30.844782
6,2026-08-19 23:00:00+00:00,tt_kelapagading,29.0,27.080606
6,2026-08-19 23:00:00+00:00,tt_kuningan,21.0,18.713375
6,2026-08-19 23:00:00+00:00,tt_sudirman,39.0,32.725315
6,2026-08-19 23:00:00+00:00,tt_tangerang,48.0,48.043102
6,2026-08-19 23:00:00+00:00,tt_tbsimatupang,72.0,52.43145
6,2026-08-19 23:00:00+00:00,tt_thamrin,20.0,19.588888
6,2026-08-20 01:00:00+00:00,tt_bekasi,18.0,18.098925
6,2026-08-20 01:00:00+00:00,tt_bogor,35.0,41.738914
6,2026-08-20 01:00:00+00:00,tt_bsd,29.0,34.167816
6,2026-08-20 01:00:00+00:00,tt_cawang,14.0,35.594753
6,2026-08-20 01:00:00+00:00,tt_depok,31.0,28.30347
6,2026-08-20 01:00:00+00:00,tt_gatsu,37.0,37.151657
6,2026-08-20 01:00:00+00:00,tt_grogol,30.0,35.4828
6,2026-08-20 01:00:00+00:00,tt_kebonjeruk,26.0,29.263271
6,2026-08-20 01:00:00+00:00,tt_kelapagading,29.0,26.406012
6,2026-08-20 01:00:00+00:00,tt_kuningan,21.0,18.842316
6,2026-08-20 01:00:00+00:00,tt_sudirman,27.0,30.964678
6,2026-08-20 01:00:00+00:00,tt_tangerang,36.0,48.05249
6,2026-08-20 01:00:00+00:00,tt_tbsimatupang,18.0,42.28061
6,2026-08-20 01:00:00+00:00,tt_thamrin,18.0,20.191677
6,2026-08-20 02:00:00+00:00,tt_bekasi,18.0,18.672709
6,2026-08-20 02:00:00+00:00,tt_bogor,40.0,41.337467
6,2026-08-20 02:00:00+00:00,tt_bsd,34.0,33.69358
6,2026-08-20 02:00:00+00:00,tt_cawang,18.0,35.472473
6,2026-08-20 02:00:00+00:00,tt_depok,31.0,28.846169
6,2026-08-20 02:00:00+00:00,tt_gatsu,45.0,37.35934
6,2026-08-20 02:00:00+00:00,tt_grogol,30.0,35.554695
6,2026-08-20 02:00:00+00:00,tt_kebonjeruk,26.0,29.65252
6,2026-08-20 02:00:00+00:00,tt_kelapagading,25.0,27.188507
6,2026-08-20 02:00:00+00:00,tt_kuningan,21.0,19.282684
6,2026-08-20 02:00:00+00:00,tt_sudirman,25.0,31.26396
6,2026-08-20 02:00:00+00:00,tt_tangerang,48.0,48.6303
6,2026-08-20 02:00:00+00:00,tt_tbsimatupang,21.0,41.096813
6,2026-08-20 02:00:00+00:00,tt_thamrin,18.0,21.04977
6,2026-08-20 04:00:00+00:00,tt_bekasi,15.0,19.98745
6,2026-08-20 04:00:00+00:00,tt_bogor,35.0,40.491615
6,2026-08-20 04:00:00+00:00,tt_bsd,34.0,32.246872
6,2026-08-20 04:00:00+00:00,tt_cawang,20.0,34.92165
6,2026-08-20 04:00:00+00:00,tt_depok,27.0,29.900833
6,2026-08-20 04:00:00+00:00,tt_gatsu,45.0,37.27866
6,2026-08-20 04:00:00+00:00,tt_grogol,25.0,34.84542
6,2026-08-20 04:00:00+00:00,tt_kebonjeruk,25.0,30.37589
6,2026-08-20 04:00:00+00:00,tt_kelapagading,22.0,28.766312
6,2026-08-20 04:00:00+00:00,tt_kuningan,21.0,20.609497
6,2026-08-20 04:00:00+00:00,tt_sudirman,26.0,31.771486
6,2026-08-20 04:00:00+00:00,tt_tangerang,48.0,43.95643
6,2026-08-20 04:00:00+00:00,tt_tbsimatupang,45.0,39.414093
6,2026-08-20 04:00:00+00:00,tt_thamrin,13.0,23.086233
6,2026-08-20 06:00:00+00:00,tt_bekasi,15.0,20.271597
6,2026-08-20 06:00:00+00:00,tt_bogor,39.0,37.9209
6,2026-08-20 06:00:00+00:00,tt_bsd,34.0,28.761885
6,2026-08-20 06:00:00+00:00,tt_cawang,28.0,30.120426
6,2026-08-20 06:00:00+00:00,tt_depok,29.0,28.36869
6,2026-08-20 06:00:00+00:00,tt_gatsu,28.0,35.790092
6,2026-08-20 06:00:00+00:00,tt_grogol,29.0,30.681997
6,2026-08-20 06:00:00+00:00,tt_kebonjeruk,25.0,27.57054
6,2026-08-20 06:00:00+00:00,tt_kelapagading,20.0,28.421772
6,2026-08-20 06:00:00+00:00,tt_kuningan,15.999999,22.059147
6,2026-08-20 06:00:00+00:00,tt_sudirman,21.0,28.377731
6,2026-08-20 06:00:00+00:00,tt_tangerang,38.0,39.513447
6,2026-08-20 06:00:00+00:00,tt_tbsimatupang,27.0,42.913822
6,2026-08-20 06:00:00+00:00,tt_thamrin,12.0,24.653275
6,2026-08-20 07:00:00+00:00,tt_bekasi,15.999999,19.826431
6,2026-08-20 07:00:00+00:00,tt_bogor,36.0,36.081337
6,2026-08-20 07:00:00+00:00,tt_bsd,34.0,25.886433
6,2026-08-20 07:00:00+00:00,tt_cawang,21.0,27.702288
6,2026-08-20 07:00:00+00:00,tt_depok,26.0,25.613361
6,2026-08-20 07:00:00+00:00,tt_gatsu,20.0,33.037006
6,2026-08-20 07:00:00+00:00,tt_grogol,29.0,27.856699
6,2026-08-20 07:00:00+00:00,tt_kebonjeruk,22.0,24.889086
6,2026-08-20 07:00:00+00:00,tt_kelapagading,20.0,26.74236
6,2026-08-20 07:00:00+00:00,tt_kuningan,21.0,21.982944
6,2026-08-20 07:00:00+00:00,tt_sudirman,20.0,25.089241
6,2026-08-20 07:00:00+00:00,tt_tangerang,37.0,37.98881
6,2026-08-20 07:00:00+00:00,tt_tbsimatupang,49.0,46.106033
6,2026-08-20 07:00:00+00:00,tt_thamrin,12.0,24.115849
6,2026-08-20 09:00:00+00:00,tt_bekasi,14.0,20.08241
6,2026-08-20 09:00:00+00:00,tt_bogor,34.0,39.226387
6,2026-08-20 09:00:00+00:00,tt_bsd,28.0,31.482761
6,2026-08-20 09:00:00+00:00,tt_cawang,30.0,31.017897
6,2026-08-20 09:00:00+00:00,tt_depok,26.0,26.660942
6,2026-08-20 09:00:00+00:00,tt_gatsu,32.0,40.28439
6,2026-08-20 09:00:00+00:00,tt_grogol,31.0,34.97094
6,2026-08-20 09:00:00+00:00,tt_kebonjeruk,21.0,27.040058
6,2026-08-20 09:00:00+00:00,tt_kelapagading,21.0,26.241959
6,2026-08-20 09:00:00+00:00,tt_kuningan,13.0,22.332691
6,2026-08-20 09:00:00+00:00,tt_sudirman,23.0,28.851873
6,2026-08-20 09:00:00+00:00,tt_tangerang,34.0,45.04886
6,2026-08-20 09:00:00+00:00,tt_tbsimatupang,47.0,50.529022
6,2026-08-20 09:00:00+00:00,tt_thamrin,18.0,24.122662
6,2026-08-20 11:00:00+00:00,tt_bekasi,18.0,18.672977
6,2026-08-20 11:00:00+00:00,tt_bogor,35.0,39.072594
6,2026-08-20 11:00:00+00:00,tt_bsd,34.0,31.363169
6,2026-08-20 11:00:00+00:00,tt_cawang,33.0,31.993479
6,2026-08-20 11:00:00+00:00,tt_depok,26.0,26.862314
6,2026-08-20 11:00:00+00:00,tt_gatsu,7.0,41.019073
6,2026-08-20 11:00:00+00:00,tt_grogol,29.0,34.33815
6,2026-08-20 11:00:00+00:00,tt_kebonjeruk,18.0,27.63472
6,2026-08-20 11:00:00+00:00,tt_kelapagading,21.0,25.996328
6,2026-08-20 11:00:00+00:00,tt_kuningan,15.999999,21.28828
6,2026-08-20 11:00:00+00:00,tt_sudirman,12.0,29.758835
6,2026-08-20 11:00:00+00:00,tt_tangerang,35.0,44.629036
6,2026-08-20 11:00:00+00:00,tt_tbsimatupang,24.0,54.91635
6,2026-08-20 11:00:00+00:00,tt_thamrin,10.0,22.382936
6,2026-08-20 12:00:00+00:00,tt_bekasi,14.0,17.997044
6,2026-08-20 12:00:00+00:00,tt_bogor,37.0,40.668816
6,2026-08-20 12:00:00+00:00,tt_bsd,34.0,31.847565
6,2026-08-20 12:00:00+00:00,tt_cawang,43.0,32.551773
6,2026-08-20 12:00:00+00:00,tt_depok,24.0,26.426804
6,2026-08-20 12:00:00+00:00,tt_gatsu,10.0,40.06249
6,2026-08-20 12:00:00+00:00,tt_grogol,32.0,34.49913
6,2026-08-20 12:00:00+00:00,tt_kebonjeruk,23.0,27.165033
6,2026-08-20 12:00:00+00:00,tt_kelapagading,21.0,25.183033
6,2026-08-20 12:00:00+00:00,tt_kuningan,13.0,19.670471
6,2026-08-20 12:00:00+00:00,tt_sudirman,22.0,29.502726
6,2026-08-20 12:00:00+00:00,tt_tangerang,48.0,44.456154
6,2026-08-20 12:00:00+00:00,tt_tbsimatupang,40.0,58.96488
6,2026-08-20 12:00:00+00:00,tt_thamrin,9.0,20.998516
6,2026-08-20 14:00:00+00:00,tt_bekasi,18.0,17.503214
6,2026-08-20 14:00:00+00:00,tt_bogor,38.0,42.043133
6,2026-08-20 14:00:00+00:00,tt_bsd,27.0,32.128098
6,2026-08-20 14:00:00+00:00,tt_cawang,32.0,34.091152
6,2026-08-20 14:00:00+00:00,tt_depok,31.0,26.486824
6,2026-08-20 14:00:00+00:00,tt_gatsu,45.0,38.864845
6,2026-08-20 14:00:00+00:00,tt_grogol,40.0,36.507534
6,2026-08-20 14:00:00+00:00,tt_kebonjeruk,28.0,27.655739
6,2026-08-20 14:00:00+00:00,tt_kelapagading,29.0,24.842766
6,2026-08-20 14:00:00+00:00,tt_kuningan,15.999999,19.701584
6,2026-08-20 14:00:00+00:00,tt_sudirman,39.0,30.30544
6,2026-08-20 14:00:00+00:00,tt_tangerang,48.0,47.066223
6,2026-08-20 14:00:00+00:00,tt_tbsimatupang,59.0,64.49528
6,2026-08-20 14:00:00+00:00,tt_thamrin,13.0,19.928015
6,2026-08-20 16:00:00+00:00,tt_bekasi,15.0,16.291481
6,2026-08-20 16:00:00+00:00,tt_bogor,45.0,31.325819
6,2026-08-20 16:00:00+00:00,tt_bsd,34.0,29.168148
6,2026-08-20 16:00:00+00:00,tt_cawang,43.0,29.552258
6,2026-08-20 16:00:00+00:00,tt_depok,31.0,25.55201
6,2026-08-20 16:00:00+00:00,tt_gatsu,45.0,38.548546
6,2026-08-20 16:00:00+00:00,tt_grogol,40.0,34.204597
6,2026-08-20 16:00:00+00:00,tt_kebonjeruk,35.0,25.832466
6,2026-08-20 16:00:00+00:00,tt_kelapagading,29.0,23.733612
6,2026-08-20 16:00:00+00:00,tt_kuningan,21.0,17.35497
6,2026-08-20 16:00:00+00:00,tt_sudirman,39.0,28.7017
6,2026-08-20 16:00:00+00:00,tt_tangerang,48.0,47.50719
6,2026-08-20 16:00:00+00:00,tt_tbsimatupang,72.0,67.54774
6,2026-08-20 16:00:00+00:00,tt_thamrin,22.0,18.458332
6,2026-08-20 17:00:00+00:00,tt_bekasi,18.0,16.343987
6,2026-08-20 17:00:00+00:00,tt_bogor,45.0,31.913425
6,2026-08-20 17:00:00+00:00,tt_bsd,34.0,31.849846
6,2026-08-20 17:00:00+00:00,tt_cawang,43.0,29.14451
6,2026-08-20 17:00:00+00:00,tt_depok,31.0,24.080788
6,2026-08-20 17:00:00+00:00,tt_gatsu,45.0,37.72257
6,2026-08-20 17:00:00+00:00,tt_grogol,40.0,33.81043
6,2026-08-20 17:00:00+00:00,tt_kebonjeruk,35.0,24.530361
6,2026-08-20 17:00:00+00:00,tt_kelapagading,29.0,22.003975
6,2026-08-20 17:00:00+00:00,tt_kuningan,21.0,16.804852
6,2026-08-20 17:00:00+00:00,tt_sudirman,39.0,27.340986
6,2026-08-20 17:00:00+00:00,tt_tangerang,48.0,47.761597
6,2026-08-20 17:00:00+00:00,tt_tbsimatupang,72.0,68.86523
6,2026-08-20 17:00:00+00:00,tt_thamrin,22.0,16.917915
6,2026-08-20 19:00:00+00:00,tt_bekasi,18.0,15.26062
6,2026-08-20 19:00:00+00:00,tt_bogor,45.0,34.143093
6,2026-08-20 19:00:00+00:00,tt_bsd,34.0,31.380068
6,2026-08-20 19:00:00+00:00,tt_cawang,43.0,29.792274
6,2026-08-20 19:00:00+00:00,tt_depok,31.0,23.629528
6,2026-08-20 19:00:00+00:00,tt_gatsu,45.0,26.725637
6,2026-08-20 19:00:00+00:00,tt_grogol,40.0,31.644165
6,2026-08-20 19:00:00+00:00,tt_kebonjeruk,35.0,24.375666
6,2026-08-20 19:00:00+00:00,tt_kelapagading,29.0,21.536419
6,2026-08-20 19:00:00+00:00,tt_kuningan,21.0,15.788854
6,2026-08-20 19:00:00+00:00,tt_sudirman,39.0,25.89267
6,2026-08-20 19:00:00+00:00,tt_tangerang,48.0,43.09412
6,2026-08-20 19:00:00+00:00,tt_tbsimatupang,72.0,52.349438
6,2026-08-20 19:00:00+00:00,tt_thamrin,22.0,16.241657
6,2026-08-20 21:00:00+00:00,tt_bekasi,18.0,16.859707
6,2026-08-20 21:00:00+00:00,tt_bogor,45.0,32.18669
6,2026-08-20 21:00:00+00:00,tt_bsd,34.0,28.405512
6,2026-08-20 21:00:00+00:00,tt_cawang,43.0,32.070656
6,2026-08-20 21:00:00+00:00,tt_depok,31.0,26.517483
6,2026-08-20 21:00:00+00:00,tt_gatsu,45.0,48.72601
6,2026-08-20 21:00:00+00:00,tt_grogol,40.0,36.489677
6,2026-08-20 21:00:00+00:00,tt_kebonjeruk,35.0,27.436977
6,2026-08-20 21:00:00+00:00,tt_kelapagading,29.0,23.720877
6,2026-08-20 21:00:00+00:00,tt_kuningan,21.0,16.808178
6,2026-08-20 21:00:00+00:00,tt_sudirman,39.0,30.64218
6,2026-08-20 21:00:00+00:00,tt_tangerang,48.0,46.89808
6,2026-08-20 21:00:00+00:00,tt_tbsimatupang,72.0,59.774963
6,2026-08-20 21:00:00+00:00,tt_thamrin,22.0,17.61797
6,2026-08-20 22:00:00+00:00,tt_bekasi,18.0,16.640463
6,2026-08-20 22:00:00+00:00,tt_bogor,45.0,39.34673
6,2026-08-20 22:00:00+00:00,tt_bsd,34.0,36.26334
6,2026-08-20 22:00:00+00:00,tt_cawang,43.0,38.051407
6,2026-08-20 22:00:00+00:00,tt_depok,31.0,30.851538
6,2026-08-20 22:00:00+00:00,tt_gatsu,45.0,48.571903
6,2026-08-20 22:00:00+00:00,tt_grogol,40.0,38.235664
6,2026-08-20 22:00:00+00:00,tt_kebonjeruk,35.0,32.185844
6,2026-08-20 22:00:00+00:00,tt_kelapagading,29.0,26.720451
6,2026-08-20 22:00:00+00:00,tt_kuningan,21.0,18.44814
6,2026-08-20 22:00:00+00:00,tt_sudirman,39.0,34.5571
6,2026-08-20 22:00:00+00:00,tt_tangerang,48.0,46.848473
6,2026-08-20 22:00:00+00:00,tt_tbsimatupang,72.0,61.69085
6,2026-08-20 22:00:00+00:00,tt_thamrin,22.0,19.338158
6,2026-08-21 00:00:00+00:00,tt_bekasi,18.0,17.499752
6,2026-08-21 00:00:00+00:00,tt_bogor,35.0,36.903698
6,2026-08-21 00:00:00+00:00,tt_bsd,29.0,36.57367
6,2026-08-21 00:00:00+00:00,tt_cawang,18.0,35.947327
6,2026-08-21 00:00:00+00:00,tt_depok,25.0,29.443373
6,2026-08-21 00:00:00+00:00,tt_gatsu,45.0,41.030983
6,2026-08-21 00:00:00+00:00,tt_grogol,34.0,35.811382
6,2026-08-21 00:00:00+00:00,tt_kebonjeruk,25.0,30.598806
6,2026-08-21 00:00:00+00:00,tt_kelapagading,26.0,26.236433
6,2026-08-21 00:00:00+00:00,tt_kuningan,21.0,17.978863
6,2026-08-21 00:00:00+00:00,tt_sudirman,31.0,32.312565
6,2026-08-21 00:00:00+00:00,tt_tangerang,37.0,39.05129
6,2026-08-21 00:00:00+00:00,tt_tbsimatupang,32.0,51.764114
6,2026-08-21 00:00:00+00:00,tt_thamrin,22.0,19.27747
6,2026-08-21 02:00:00+00:00,tt_bekasi,17.0,17.890686
6,2026-08-21 02:00:00+00:00,tt_bogor,37.0,34.965557
6,2026-08-21 02:00:00+00:00,tt_bsd,28.0,35.141266
6,2026-08-21 02:00:00+00:00,tt_cawang,19.0,34.373787
6,2026-08-21 02:00:00+00:00,tt_depok,26.0,28.799055
6,2026-08-21 02:00:00+00:00,tt_gatsu,45.0,40.3769
6,2026-08-21 02:00:00+00:00,tt_grogol,31.0,34.180466
6,2026-08-21 02:00:00+00:00,tt_kebonjeruk,26.0,29.637852
6,2026-08-21 02:00:00+00:00,tt_kelapagading,29.0,26.090862
6,2026-08-21 02:00:00+00:00,tt_kuningan,21.0,18.235981
6,2026-08-21 02:00:00+00:00,tt_sudirman,23.0,31.148972
6,2026-08-21 02:00:00+00:00,tt_tangerang,37.0,37.883
6,2026-08-21 02:00:00+00:00,tt_tbsimatupang,37.0,46.403915
6,2026-08-21 02:00:00+00:00,tt_thamrin,22.0,19.905518
6,2026-08-21 03:00:00+00:00,tt_bekasi,15.0,18.339634
6,2026-08-21 03:00:00+00:00,tt_bogor,38.0,34.39318
6,2026-08-21 03:00:00+00:00,tt_bsd,34.0,34.60711
6,2026-08-21 03:00:00+00:00,tt_cawang,21.0,33.965565
6,2026-08-21 03:00:00+00:00,tt_depok,31.0,28.839237
6,2026-08-21 03:00:00+00:00,tt_gatsu,45.0,40.04539
6,2026-08-21 03:00:00+00:00,tt_grogol,27.0,33.689518
6,2026-08-21 03:00:00+00:00,tt_kebonjeruk,24.0,29.671474
6,2026-08-21 03:00:00+00:00,tt_kelapagading,23.0,26.47884
6,2026-08-21 03:00:00+00:00,tt_kuningan,15.999999,18.813187
6,2026-08-21 03:00:00+00:00,tt_sudirman,28.0,31.018747
6,2026-08-21 03:00:00+00:00,tt_tangerang,48.0,37.50084
6,2026-08-21 03:00:00+00:00,tt_tbsimatupang,48.0,44.395164
6,2026-08-21 03:00:00+00:00,tt_thamrin,15.999999,20.50365
6,2026-08-21 05:00:00+00:00,tt_bekasi,15.999999,19.51007
6,2026-08-21 05:00:00+00:00,tt_bogor,45.0,34.05409
6,2026-08-21 05:00:00+00:00,tt_bsd,34.0,33.979927
6,2026-08-21 05:00:00+00:00,tt_cawang,43.0,33.425655
6,2026-08-21 05:00:00+00:00,tt_depok,31.0,30.114687
6,2026-08-21 05:00:00+00:00,tt_gatsu,45.0,41.989735
6,2026-08-21 05:00:00+00:00,tt_grogol,32.0,32.59588
6,2026-08-21 05:00:00+00:00,tt_kebonjeruk,27.0,30.765224
6,2026-08-21 05:00:00+00:00,tt_kelapagading,23.0,28.306404
6,2026-08-21 05:00:00+00:00,tt_kuningan,21.0,20.533955
6,2026-08-21 05:00:00+00:00,tt_sudirman,34.0,31.844337
6,2026-08-21 05:00:00+00:00,tt_tangerang,48.0,35.993702
6,2026-08-21 05:00:00+00:00,tt_tbsimatupang,72.0,38.15345
6,2026-08-21 05:00:00+00:00,tt_thamrin,21.0,22.644386
6,2026-08-21 07:00:00+00:00,tt_bekasi,14.0,19.801407
6,2026-08-21 07:00:00+00:00,tt_bogor,35.0,31.864838
6,2026-08-21 07:00:00+00:00,tt_bsd,34.0,29.580877
6,2026-08-21 07:00:00+00:00,tt_cawang,28.0,29.04226
6,2026-08-21 07:00:00+00:00,tt_depok,25.0,26.96394
6,2026-08-21 07:00:00+00:00,tt_gatsu,36.0,34.390903
6,2026-08-21 07:00:00+00:00,tt_grogol,28.0,30.278927
6,2026-08-21 07:00:00+00:00,tt_kebonjeruk,21.0,26.942038
6,2026-08-21 07:00:00+00:00,tt_kelapagading,20.0,26.439568
6,2026-08-21 07:00:00+00:00,tt_kuningan,21.0,21.728018
6,2026-08-21 07:00:00+00:00,tt_sudirman,18.0,27.199924
6,2026-08-21 07:00:00+00:00,tt_tangerang,39.0,38.584766
6,2026-08-21 07:00:00+00:00,tt_tbsimatupang,52.0,47.077534
6,2026-08-21 07:00:00+00:00,tt_thamrin,18.0,23.80894
6,2026-08-21 08:00:00+00:00,tt_bekasi,15.999999,19.864473
6,2026-08-21 08:00:00+00:00,tt_bogor,34.0,33.79429
6,2026-08-21 08:00:00+00:00,tt_bsd,34.0,29.380686
6,2026-08-21 08:00:00+00:00,tt_cawang,31.0,29.951178
6,2026-08-21 08:00:00+00:00,tt_depok,25.0,26.991798
6,2026-08-21 08:00:00+00:00,tt_gatsu,35.0,35.018913
6,2026-08-21 08:00:00+00:00,tt_grogol,29.0,31.056833
6,2026-08-21 08:00:00+00:00,tt_kebonjeruk,24.0,27.239182
6,2026-08-21 08:00:00+00:00,tt_kelapagading,21.0,26.329597
6,2026-08-21 08:00:00+00:00,tt_kuningan,17.0,22.397652
6,2026-08-21 08:00:00+00:00,tt_sudirman,24.0,28.180174
6,2026-08-21 08:00:00+00:00,tt_tangerang,40.0,38.565643
6,2026-08-21 08:00:00+00:00,tt_tbsimatupang,38.0,46.782444
6,2026-08-21 08:00:00+00:00,tt_thamrin,10.0,24.419098
6,2026-08-21 10:00:00+00:00,tt_bekasi,15.0,19.159264
6,2026-08-21 10:00:00+00:00,tt_bogor,32.0,39.560246
6,2026-08-21 10:00:00+00:00,tt_bsd,34.0,33.40238
6,2026-08-21 10:00:00+00:00,tt_cawang,22.0,33.44913
6,2026-08-21 10:00:00+00:00,tt_depok,24.0,27.940855
6,2026-08-21 10:00:00+00:00,tt_gatsu,34.0,38.19393
6,2026-08-21 10:00:00+00:00,tt_grogol,32.0,35.989426
6,2026-08-21 10:00:00+00:00,tt_kebonjeruk,20.0,28.621813
6,2026-08-21 10:00:00+00:00,tt_kelapagading,19.0,25.909517
6,2026-08-21 10:00:00+00:00,tt_kuningan,13.0,20.966278
6,2026-08-21 10:00:00+00:00,tt_sudirman,22.0,31.26417
6,2026-08-21 10:00:00+00:00,tt_tangerang,29.0,45.764565
6,2026-08-21 10:00:00+00:00,tt_tbsimatupang,27.0,56.48809
6,2026-08-21 10:00:00+00:00,tt_thamrin,19.0,23.19342
6,2026-08-21 12:00:00+00:00,tt_bekasi,13.0,19.683584
6,2026-08-21 12:00:00+00:00,tt_bogor,32.0,45.967667
6,2026-08-21 12:00:00+00:00,tt_bsd,34.0,35.686924
6,2026-08-21 12:00:00+00:00,tt_cawang,34.0,42.07776
6,2026-08-21 12:00:00+00:00,tt_depok,26.0,32.3314
6,2026-08-21 12:00:00+00:00,tt_gatsu,15.0,40.518555
6,2026-08-21 12:00:00+00:00,tt_grogol,32.0,41.20757
6,2026-08-21 12:00:00+00:00,tt_kebonjeruk,19.0,34.12865
6,2026-08-21 12:00:00+00:00,tt_kelapagading,18.0,28.741175
6,2026-08-21 12:00:00+00:00,tt_kuningan,13.0,22.330065
6,2026-08-21 12:00:00+00:00,tt_sudirman,18.0,37.99041
6,2026-08-21 12:00:00+00:00,tt_tangerang,32.0,49.044384
6,2026-08-21 12:00:00+00:00,tt_tbsimatupang,27.0,66.548325
6,2026-08-21 12:00:00+00:00,tt_thamrin,9.0,24.22839
6,2026-08-21 13:00:00+00:00,tt_bekasi,18.0,17.91618
6,2026-08-21 13:00:00+00:00,tt_bogor,45.0,44.92532
6,2026-08-21 13:00:00+00:00,tt_bsd,34.0,33.932354
6,2026-08-21 13:00:00+00:00,tt_cawang,32.0,40.55896
6,2026-08-21 13:00:00+00:00,tt_depok,25.0,29.545212
6,2026-08-21 13:00:00+00:00,tt_gatsu,45.0,38.444275
6,2026-08-21 13:00:00+00:00,tt_grogol,40.0,39.80294
6,2026-08-21 13:00:00+00:00,tt_kebonjeruk,25.0,31.42911
6,2026-08-21 13:00:00+00:00,tt_kelapagading,21.0,26.704197
6,2026-08-21 13:00:00+00:00,tt_kuningan,21.0,20.820404
6,2026-08-21 13:00:00+00:00,tt_sudirman,31.0,35.759003
6,2026-08-21 13:00:00+00:00,tt_tangerang,48.0,48.643803
6,2026-08-21 13:00:00+00:00,tt_tbsimatupang,72.0,67.7498
6,2026-08-21 13:00:00+00:00,tt_thamrin,15.999999,22.297153
