horizon,target_time,corridor,y_true,adaptive_stgnn_pred
1,2026-08-18 02:00:00+00:00,tt_bekasi,15.999999,15.673414
1,2026-08-18 02:00:00+00:00,tt_bogor,36.0,36.982864
1,2026-08-18 02:00:00+00:00,tt_bsd,34.0,33.139168
1,2026-08-18 02:00:00+00:00,tt_cawang,21.0,25.74777
1,2026-08-18 02:00:00+00:00,tt_depok,31.0,26.922144
1,2026-08-18 02:00:00+00:00,tt_gatsu,33.0,43.83456
1,2026-08-18 02:00:00+00:00,tt_grogol,26.0,30.04609
1,2026-08-18 02:00:00+00:00,tt_kebonjeruk,26.0,28.16656
1,2026-08-18 02:00:00+00:00,tt_kelapagading,29.0,26.15504
1,2026-08-18 02:00:00+00:00,tt_kuningan,21.0,18.543951
1,2026-08-18 02:00:00+00:00,tt_sudirman,23.0,33.810276
1,2026-08-18 02:00:00+00:00,tt_tangerang,48.0,40.576714
1,2026-08-18 02:00:00+00:00,tt_tbsimatupang,15.999999,42.40235
1,2026-08-18 02:00:00+00:00,tt_thamrin,17.0,17.764584
1,2026-08-18 04:00:00+00:00,tt_bekasi,15.0,16.826279
1,2026-08-18 04:00:00+00:00,tt_bogor,33.0,36.583282
1,2026-08-18 04:00:00+00:00,tt_bsd,28.0,33.960327
1,2026-08-18 04:00:00+00:00,tt_cawang,22.0,25.098873
1,2026-08-18 04:00:00+00:00,tt_depok,31.0,29.909422
1,2026-08-18 04:00:00+00:00,tt_gatsu,32.0,37.80073
1,2026-08-18 04:00:00+00:00,tt_grogol,27.0,29.21728
1,2026-08-18 04:00:00+00:00,tt_kebonjeruk,25.0,26.998997
1,2026-08-18 04:00:00+00:00,tt_kelapagading,29.0,27.128942
1,2026-08-18 04:00:00+00:00,tt_kuningan,15.999999,20.009659
1,2026-08-18 04:00:00+00:00,tt_sudirman,24.0,28.056042
1,2026-08-18 04:00:00+00:00,tt_tangerang,36.0,45.20086
1,2026-08-18 04:00:00+00:00,tt_tbsimatupang,55.0,31.267612
1,2026-08-18 04:00:00+00:00,tt_thamrin,18.0,17.222546
1,2026-08-18 05:00:00+00:00,tt_bekasi,15.0,17.249983
1,2026-08-18 05:00:00+00:00,tt_bogor,38.0,35.5687
1,2026-08-18 05:00:00+00:00,tt_bsd,28.0,31.968412
1,2026-08-18 05:00:00+00:00,tt_cawang,28.0,25.252361
1,2026-08-18 05:00:00+00:00,tt_depok,26.0,30.600758
1,2026-08-18 05:00:00+00:00,tt_gatsu,45.0,36.354736
1,2026-08-18 05:00:00+00:00,tt_grogol,36.0,29.385733
1,2026-08-18 05:00:00+00:00,tt_kebonjeruk,22.0,26.586403
1,2026-08-18 05:00:00+00:00,tt_kelapagading,22.0,27.77041
1,2026-08-18 05:00:00+00:00,tt_kuningan,21.0,19.104345
1,2026-08-18 05:00:00+00:00,tt_sudirman,31.0,27.462635
1,2026-08-18 05:00:00+00:00,tt_tangerang,41.0,41.417355
1,2026-08-18 05:00:00+00:00,tt_tbsimatupang,51.0,44.00653
1,2026-08-18 05:00:00+00:00,tt_thamrin,20.0,17.850967
1,2026-08-18 07:00:00+00:00,tt_bekasi,15.0,17.877373
1,2026-08-18 07:00:00+00:00,tt_bogor,34.0,37.210487
1,2026-08-18 07:00:00+00:00,tt_bsd,30.0,30.21649
1,2026-08-18 07:00:00+00:00,tt_cawang,43.0,27.690426
1,2026-08-18 07:00:00+00:00,tt_depok,31.0,28.33253
1,2026-08-18 07:00:00+00:00,tt_gatsu,45.0,42.662872
1,2026-08-18 07:00:00+00:00,tt_grogol,32.0,34.458813
1,2026-08-18 07:00:00+00:00,tt_kebonjeruk,25.0,24.884533
1,2026-08-18 07:00:00+00:00,tt_kelapagading,22.0,24.683613
1,2026-08-18 07:00:00+00:00,tt_kuningan,15.0,21.073805
1,2026-08-18 07:00:00+00:00,tt_sudirman,28.0,30.349117
1,2026-08-18 07:00:00+00:00,tt_tangerang,38.0,41.15324
1,2026-08-18 07:00:00+00:00,tt_tbsimatupang,57.0,49.5664
1,2026-08-18 07:00:00+00:00,tt_thamrin,22.0,19.632896
1,2026-08-18 09:00:00+00:00,tt_bekasi,14.0,18.095415
1,2026-08-18 09:00:00+00:00,tt_bogor,35.0,34.83061
1,2026-08-18 09:00:00+00:00,tt_bsd,28.0,30.56749
1,2026-08-18 09:00:00+00:00,tt_cawang,29.0,37.57159
1,2026-08-18 09:00:00+00:00,tt_depok,24.0,29.961704
1,2026-08-18 09:00:00+00:00,tt_gatsu,45.0,44.224648
1,2026-08-18 09:00:00+00:00,tt_grogol,32.0,33.060383
1,2026-08-18 09:00:00+00:00,tt_kebonjeruk,23.0,26.030205
1,2026-08-18 09:00:00+00:00,tt_kelapagading,23.0,23.7229
1,2026-08-18 09:00:00+00:00,tt_kuningan,21.0,18.666885
1,2026-08-18 09:00:00+00:00,tt_sudirman,31.0,28.987057
1,2026-08-18 09:00:00+00:00,tt_tangerang,38.0,39.223503
1,2026-08-18 09:00:00+00:00,tt_tbsimatupang,43.0,53.519276
1,2026-08-18 09:00:00+00:00,tt_thamrin,22.0,21.348217
1,2026-08-18 10:00:00+00:00,tt_bekasi,14.0,17.870922
1,2026-08-18 10:00:00+00:00,tt_bogor,35.0,34.755196
1,2026-08-18 10:00:00+00:00,tt_bsd,34.0,29.886276
1,2026-08-18 10:00:00+00:00,tt_cawang,30.0,33.91722
1,2026-08-18 10:00:00+00:00,tt_depok,25.0,27.935059
1,2026-08-18 10:00:00+00:00,tt_gatsu,3.999998,44.451656
1,2026-08-18 10:00:00+00:00,tt_grogol,31.0,32.75861
1,2026-08-18 10:00:00+00:00,tt_kebonjeruk,21.0,25.593597
1,2026-08-18 10:00:00+00:00,tt_kelapagading,21.0,23.843445
1,2026-08-18 10:00:00+00:00,tt_kuningan,14.0,20.236734
1,2026-08-18 10:00:00+00:00,tt_sudirman,23.0,29.847763
1,2026-08-18 10:00:00+00:00,tt_tangerang,34.0,38.818306
1,2026-08-18 10:00:00+00:00,tt_tbsimatupang,44.0,48.50556
1,2026-08-18 10:00:00+00:00,tt_thamrin,22.0,21.754555
1,2026-08-18 12:00:00+00:00,tt_bekasi,14.0,18.451927
1,2026-08-18 12:00:00+00:00,tt_bogor,35.0,35.024017
1,2026-08-18 12:00:00+00:00,tt_bsd,34.0,33.465866
1,2026-08-18 12:00:00+00:00,tt_cawang,34.0,32.19621
1,2026-08-18 12:00:00+00:00,tt_depok,26.0,27.264044
1,2026-08-18 12:00:00+00:00,tt_gatsu,45.0,26.118864
1,2026-08-18 12:00:00+00:00,tt_grogol,32.0,31.923744
1,2026-08-18 12:00:00+00:00,tt_kebonjeruk,25.0,24.554726
1,2026-08-18 12:00:00+00:00,tt_kelapagading,22.0,23.746471
1,2026-08-18 12:00:00+00:00,tt_kuningan,13.0,18.794724
1,2026-08-18 12:00:00+00:00,tt_sudirman,29.0,26.721094
1,2026-08-18 12:00:00+00:00,tt_tangerang,48.0,36.250816
1,2026-08-18 12:00:00+00:00,tt_tbsimatupang,72.0,45.346775
1,2026-08-18 12:00:00+00:00,tt_thamrin,17.0,22.97199
1,2026-08-18 14:00:00+00:00,tt_bekasi,15.999999,17.999372
1,2026-08-18 14:00:00+00:00,tt_bogor,45.0,34.605774
1,2026-08-18 14:00:00+00:00,tt_bsd,34.0,34.17333
1,2026-08-18 14:00:00+00:00,tt_cawang,32.0,33.304913
1,2026-08-18 14:00:00+00:00,tt_depok,26.0,27.360485
1,2026-08-18 14:00:00+00:00,tt_gatsu,45.0,42.21732
1,2026-08-18 14:00:00+00:00,tt_grogol,40.0,32.20191
1,2026-08-18 14:00:00+00:00,tt_kebonjeruk,31.0,26.133007
1,2026-08-18 14:00:00+00:00,tt_kelapagading,29.0,24.087742
1,2026-08-18 14:00:00+00:00,tt_kuningan,15.999999,17.488499
1,2026-08-18 14:00:00+00:00,tt_sudirman,30.0,28.566723
1,2026-08-18 14:00:00+00:00,tt_tangerang,48.0,44.115242
1,2026-08-18 14:00:00+00:00,tt_tbsimatupang,72.0,60.664406
1,2026-08-18 14:00:00+00:00,tt_thamrin,22.0,20.63869
1,2026-08-18 15:00:00+00:00,tt_bekasi,15.999999,18.003273
1,2026-08-18 15:00:00+00:00,tt_bogor,45.0,38.41831
1,2026-08-18 15:00:00+00:00,tt_bsd,34.0,33.970234
1,2026-08-18 15:00:00+00:00,tt_cawang,43.0,32.2817
1,2026-08-18 15:00:00+00:00,tt_depok,31.0,27.184986
1,2026-08-18 15:00:00+00:00,tt_gatsu,45.0,43.989
1,2026-08-18 15:00:00+00:00,tt_grogol,40.0,35.018772
1,2026-08-18 15:00:00+00:00,tt_kebonjeruk,35.0,28.163567
1,2026-08-18 15:00:00+00:00,tt_kelapagading,29.0,26.109407
1,2026-08-18 15:00:00+00:00,tt_kuningan,21.0,17.829914
1,2026-08-18 15:00:00+00:00,tt_sudirman,39.0,28.703949
1,2026-08-18 15:00:00+00:00,tt_tangerang,48.0,45.49458
1,2026-08-18 15:00:00+00:00,tt_tbsimatupang,72.0,62.29445
1,2026-08-18 15:00:00+00:00,tt_thamrin,22.0,21.403439
1,2026-08-18 17:00:00+00:00,tt_bekasi,17.0,17.217045
1,2026-08-18 17:00:00+00:00,tt_bogor,45.0,41.550602
1,2026-08-18 17:00:00+00:00,tt_bsd,34.0,33.259304
1,2026-08-18 17:00:00+00:00,tt_cawang,43.0,38.061752
1,2026-08-18 17:00:00+00:00,tt_depok,31.0,28.957342
1,2026-08-18 17:00:00+00:00,tt_gatsu,45.0,44.31186
1,2026-08-18 17:00:00+00:00,tt_grogol,40.0,37.134346
1,2026-08-18 17:00:00+00:00,tt_kebonjeruk,35.0,31.179176
1,2026-08-18 17:00:00+00:00,tt_kelapagading,29.0,26.69885
1,2026-08-18 17:00:00+00:00,tt_kuningan,21.0,19.594429
1,2026-08-18 17:00:00+00:00,tt_sudirman,39.0,33.987686
1,2026-08-18 17:00:00+00:00,tt_tangerang,48.0,46.149147
1,2026-08-18 17:00:00+00:00,tt_tbsimatupang,72.0,62.91442
1,2026-08-18 17:00:00+00:00,tt_thamrin,22.0,21.084951
1,2026-08-18 19:00:00+00:00,tt_bekasi,17.0,16.85149
1,2026-08-18 19:00:00+00:00,tt_bogor,45.0,42.313625
1,2026-08-18 19:00:00+00:00,tt_bsd,34.0,32.792755
1,2026-08-18 19:00:00+00:00,tt_cawang,43.0,39.88558
1,2026-08-18 19:00:00+00:00,tt_depok,31.0,28.8717
1,2026-08-18 19:00:00+00:00,tt_gatsu,45.0,43.9638
1,2026-08-18 19:00:00+00:00,tt_grogol,40.0,37.583736
1,2026-08-18 19:00:00+00:00,tt_kebonjeruk,35.0,31.746307
1,2026-08-18 19:00:00+00:00,tt_kelapagading,29.0,26.34665
1,2026-08-18 19:00:00+00:00,tt_kuningan,21.0,19.29755
1,2026-08-18 19:00:00+00:00,tt_sudirman,39.0,35.616817
1,2026-08-18 19:00:00+00:00,tt_tangerang,48.0,46.21578
1,2026-08-18 19:00:00+00:00,tt_tbsimatupang,72.0,62.894016
1,2026-08-18 19:00:00+00:00,tt_thamrin,22.0,20.314121
1,2026-08-18 20:00:00+00:00,tt_bekasi,17.0,16.625935
1,2026-08-18 20:00:00+00:00,tt_bogor,45.0,42.471333
1,2026-08-18 20:00:00+00:00,tt_bsd,34.0,32.642944
1,2026-08-18 20:00:00+00:00,tt_cawang,43.0,40.127335
1,2026-08-18 20:00:00+00:00,tt_depok,31.0,28.7281
1,2026-08-18 20:00:00+00:00,tt_gatsu,45.0,43.823906
1,2026-08-18 20:00:00+00:00,tt_grogol,40.0,37.65352
1,2026-08-18 20:00:00+00:00,tt_kebonjeruk,35.0,31.768295
1,2026-08-18 20:00:00+00:00,tt_kelapagading,29.0,26.123865
1,2026-08-18 20:00:00+00:00,tt_kuningan,21.0,19.047716
1,2026-08-18 20:00:00+00:00,tt_sudirman,39.0,35.939404
1,2026-08-18 20:00:00+00:00,tt_tangerang,48.0,46.232285
1,2026-08-18 20:00:00+00:00,tt_tbsimatupang,72.0,62.84559
1,2026-08-18 20:00:00+00:00,tt_thamrin,22.0,19.932178
1,2026-08-18 22:00:00+00:00,tt_bekasi,17.0,16.058304
1,2026-08-18 22:00:00+00:00,tt_bogor,45.0,42.627037
1,2026-08-18 22:00:00+00:00,tt_bsd,34.0,32.418655
1,2026-08-18 22:00:00+00:00,tt_cawang,43.0,40.390156
1,2026-08-18 22:00:00+00:00,tt_depok,31.0,28.392487
1,2026-08-18 22:00:00+00:00,tt_gatsu,45.0,43.612263
1,2026-08-18 22:00:00+00:00,tt_grogol,40.0,37.699883
1,2026-08-18 22:00:00+00:00,tt_kebonjeruk,35.0,31.696789
1,2026-08-18 22:00:00+00:00,tt_kelapagading,29.0,25.720648
1,2026-08-18 22:00:00+00:00,tt_kuningan,21.0,18.44361
1,2026-08-18 22:00:00+00:00,tt_sudirman,39.0,36.22556
1,2026-08-18 22:00:00+00:00,tt_tangerang,48.0,46.258347
1,2026-08-18 22:00:00+00:00,tt_tbsimatupang,72.0,62.76567
1,2026-08-18 22:00:00+00:00,tt_thamrin,22.0,19.280231
1,2026-08-19 00:00:00+00:00,tt_bekasi,15.0,15.305384
1,2026-08-19 00:00:00+00:00,tt_bogor,35.0,42.679104
1,2026-08-19 00:00:00+00:00,tt_bsd,29.0,32.208874
1,2026-08-19 00:00:00+00:00,tt_cawang,20.0,40.48981
1,2026-08-19 00:00:00+00:00,tt_depok,31.0,28.083345
1,2026-08-19 00:00:00+00:00,tt_gatsu,45.0,43.593266
1,2026-08-19 00:00:00+00:00,tt_grogol,40.0,37.707546
1,2026-08-19 00:00:00+00:00,tt_kebonjeruk,27.0,31.575573
1,2026-08-19 00:00:00+00:00,tt_kelapagading,29.0,25.21204
1,2026-08-19 00:00:00+00:00,tt_kuningan,21.0,17.709019
1,2026-08-19 00:00:00+00:00,tt_sudirman,39.0,36.292484
1,2026-08-19 00:00:00+00:00,tt_tangerang,48.0,46.28791
1,2026-08-19 00:00:00+00:00,tt_tbsimatupang,39.0,62.708263
1,2026-08-19 00:00:00+00:00,tt_thamrin,19.0,18.533077
1,2026-08-19 01:00:00+00:00,tt_bekasi,15.999999,14.749861
1,2026-08-19 01:00:00+00:00,tt_bogor,37.0,39.019264
1,2026-08-19 01:00:00+00:00,tt_bsd,34.0,30.541183
1,2026-08-19 01:00:00+00:00,tt_cawang,13.0,32.697674
1,2026-08-19 01:00:00+00:00,tt_depok,27.0,28.415127
1,2026-08-19 01:00:00+00:00,tt_gatsu,13.0,43.745445
1,2026-08-19 01:00:00+00:00,tt_grogol,32.0,37.923447
1,2026-08-19 01:00:00+00:00,tt_kebonjeruk,25.0,28.997004
1,2026-08-19 01:00:00+00:00,tt_kelapagading,29.0,25.336052
1,2026-08-19 01:00:00+00:00,tt_kuningan,21.0,17.74766
1,2026-08-19 01:00:00+00:00,tt_sudirman,22.0,36.914722
1,2026-08-19 01:00:00+00:00,tt_tangerang,39.0,46.430725
1,2026-08-19 01:00:00+00:00,tt_tbsimatupang,18.0,51.01387
1,2026-08-19 01:00:00+00:00,tt_thamrin,22.0,17.550188
1,2026-08-19 03:00:00+00:00,tt_bekasi,15.999999,16.03477
1,2026-08-19 03:00:00+00:00,tt_bogor,37.0,37.59893
1,2026-08-19 03:00:00+00:00,tt_bsd,34.0,33.016205
1,2026-08-19 03:00:00+00:00,tt_cawang,20.0,24.812832
1,2026-08-19 03:00:00+00:00,tt_depok,31.0,27.312925
1,2026-08-19 03:00:00+00:00,tt_gatsu,45.0,29.148956
1,2026-08-19 03:00:00+00:00,tt_grogol,31.0,33.81035
1,2026-08-19 03:00:00+00:00,tt_kebonjeruk,23.0,26.20767
1,2026-08-19 03:00:00+00:00,tt_kelapagading,29.0,26.557463
1,2026-08-19 03:00:00+00:00,tt_kuningan,15.999999,19.030437
1,2026-08-19 03:00:00+00:00,tt_sudirman,24.0,28.937786
1,2026-08-19 03:00:00+00:00,tt_tangerang,40.0,41.300392
1,2026-08-19 03:00:00+00:00,tt_tbsimatupang,33.0,35.37692
1,2026-08-19 03:00:00+00:00,tt_thamrin,20.0,19.306248
1,2026-08-19 05:00:00+00:00,tt_bekasi,15.0,17.687183
1,2026-08-19 05:00:00+00:00,tt_bogor,32.0,37.660255
1,2026-08-19 05:00:00+00:00,tt_bsd,34.0,34.153873
1,2026-08-19 05:00:00+00:00,tt_cawang,17.0,25.759571
1,2026-08-19 05:00:00+00:00,tt_depok,31.0,30.299606
1,2026-08-19 05:00:00+00:00,tt_gatsu,45.0,42.570625
1,2026-08-19 05:00:00+00:00,tt_grogol,31.0,32.057335
1,2026-08-19 05:00:00+00:00,tt_kebonjeruk,24.0,24.837982
1,2026-08-19 05:00:00+00:00,tt_kelapagading,21.0,27.757708
1,2026-08-19 05:00:00+00:00,tt_kuningan,17.0,18.298481
1,2026-08-19 05:00:00+00:00,tt_sudirman,27.0,27.538414
1,2026-08-19 05:00:00+00:00,tt_tangerang,40.0,40.525047
1,2026-08-19 05:00:00+00:00,tt_tbsimatupang,43.0,37.972485
1,2026-08-19 05:00:00+00:00,tt_thamrin,17.0,19.872787
1,2026-08-19 06:00:00+00:00,tt_bekasi,18.0,17.931948
1,2026-08-19 06:00:00+00:00,tt_bogor,35.0,35.767483
1,2026-08-19 06:00:00+00:00,tt_bsd,34.0,34.389275
1,2026-08-19 06:00:00+00:00,tt_cawang,19.0,24.472816
1,2026-08-19 06:00:00+00:00,tt_depok,27.0,30.988413
1,2026-08-19 06:00:00+00:00,tt_gatsu,30.0,44.23872
1,2026-08-19 06:00:00+00:00,tt_grogol,27.0,31.730473
1,2026-08-19 06:00:00+00:00,tt_kebonjeruk,21.0,25.08414
1,2026-08-19 06:00:00+00:00,tt_kelapagading,21.0,25.437645
1,2026-08-19 06:00:00+00:00,tt_kuningan,21.0,18.79981
1,2026-08-19 06:00:00+00:00,tt_sudirman,18.0,28.171978
1,2026-08-19 06:00:00+00:00,tt_tangerang,38.0,40.365047
1,2026-08-19 06:00:00+00:00,tt_tbsimatupang,48.0,41.30706
1,2026-08-19 06:00:00+00:00,tt_thamrin,13.0,19.233839
1,2026-08-19 08:00:00+00:00,tt_bekasi,15.0,20.022491
1,2026-08-19 08:00:00+00:00,tt_bogor,34.0,35.80013
1,2026-08-19 08:00:00+00:00,tt_bsd,28.0,34.774734
1,2026-08-19 08:00:00+00:00,tt_cawang,32.0,23.982334
1,2026-08-19 08:00:00+00:00,tt_depok,25.0,29.347952
1,2026-08-19 08:00:00+00:00,tt_gatsu,26.0,36.76165
1,2026-08-19 08:00:00+00:00,tt_grogol,27.0,29.60125
1,2026-08-19 08:00:00+00:00,tt_kebonjeruk,18.0,24.168316
1,2026-08-19 08:00:00+00:00,tt_kelapagading,22.0,24.262539
1,2026-08-19 08:00:00+00:00,tt_kuningan,21.0,21.69307
1,2026-08-19 08:00:00+00:00,tt_sudirman,22.0,24.332283
1,2026-08-19 08:00:00+00:00,tt_tangerang,48.0,39.085617
1,2026-08-19 08:00:00+00:00,tt_tbsimatupang,32.0,46.635895
1,2026-08-19 08:00:00+00:00,tt_thamrin,8.0,17.575863
1,2026-08-19 10:00:00+00:00,tt_bekasi,13.0,19.918018
1,2026-08-19 10:00:00+00:00,tt_bogor,30.0,35.414635
1,2026-08-19 10:00:00+00:00,tt_bsd,34.0,31.639925
1,2026-08-19 10:00:00+00:00,tt_cawang,43.0,30.919737
1,2026-08-19 10:00:00+00:00,tt_depok,23.0,28.089434
1,2026-08-19 10:00:00+00:00,tt_gatsu,23.0,32.53384
1,2026-08-19 10:00:00+00:00,tt_grogol,30.0,29.4182
1,2026-08-19 10:00:00+00:00,tt_kebonjeruk,19.0,22.94595
1,2026-08-19 10:00:00+00:00,tt_kelapagading,22.0,25.229458
1,2026-08-19 10:00:00+00:00,tt_kuningan,15.999999,22.874256
1,2026-08-19 10:00:00+00:00,tt_sudirman,19.0,25.606482
1,2026-08-19 10:00:00+00:00,tt_tangerang,28.0,44.95956
1,2026-08-19 10:00:00+00:00,tt_tbsimatupang,34.0,38.65309
1,2026-08-19 10:00:00+00:00,tt_thamrin,17.0,15.912162
1,2026-08-19 11:00:00+00:00,tt_bekasi,18.0,19.646744
1,2026-08-19 11:00:00+00:00,tt_bogor,33.0,33.767776
1,2026-08-19 11:00:00+00:00,tt_bsd,27.0,33.593323
1,2026-08-19 11:00:00+00:00,tt_cawang,43.0,36.321796
1,2026-08-19 11:00:00+00:00,tt_depok,25.0,27.29445
1,2026-08-19 11:00:00+00:00,tt_gatsu,35.0,30.6193
1,2026-08-19 11:00:00+00:00,tt_grogol,32.0,30.561651
1,2026-08-19 11:00:00+00:00,tt_kebonjeruk,21.0,23.26014
1,2026-08-19 11:00:00+00:00,tt_kelapagading,20.0,25.655018
1,2026-08-19 11:00:00+00:00,tt_kuningan,15.999999,21.68401
1,2026-08-19 11:00:00+00:00,tt_sudirman,15.999999,24.955248
1,2026-08-19 11:00:00+00:00,tt_tangerang,26.0,38.69143
1,2026-08-19 11:00:00+00:00,tt_tbsimatupang,44.0,37.762337
1,2026-08-19 11:00:00+00:00,tt_thamrin,10.0,18.793701
1,2026-08-19 13:00:00+00:00,tt_bekasi,18.0,21.756363
1,2026-08-19 13:00:00+00:00,tt_bogor,45.0,34.447807
1,2026-08-19 13:00:00+00:00,tt_bsd,34.0,30.990776
1,2026-08-19 13:00:00+00:00,tt_cawang,43.0,41.11929
1,2026-08-19 13:00:00+00:00,tt_depok,25.0,27.543959
1,2026-08-19 13:00:00+00:00,tt_gatsu,45.0,35.26384
1,2026-08-19 13:00:00+00:00,tt_grogol,31.0,32.430187
1,2026-08-19 13:00:00+00:00,tt_kebonjeruk,27.0,24.78157
1,2026-08-19 13:00:00+00:00,tt_kelapagading,23.0,25.368868
1,2026-08-19 13:00:00+00:00,tt_kuningan,13.0,20.790314
1,2026-08-19 13:00:00+00:00,tt_sudirman,30.0,23.076534
1,2026-08-19 13:00:00+00:00,tt_tangerang,48.0,32.954517
1,2026-08-19 13:00:00+00:00,tt_tbsimatupang,72.0,42.60237
1,2026-08-19 13:00:00+00:00,tt_thamrin,20.0,18.23011
1,2026-08-19 15:00:00+00:00,tt_bekasi,15.999999,20.750065
1,2026-08-19 15:00:00+00:00,tt_bogor,38.0,41.425407
1,2026-08-19 15:00:00+00:00,tt_bsd,34.0,33.481834
1,2026-08-19 15:00:00+00:00,tt_cawang,32.0,41.69799
1,2026-08-19 15:00:00+00:00,tt_depok,31.0,26.972925
1,2026-08-19 15:00:00+00:00,tt_gatsu,45.0,42.213055
1,2026-08-19 15:00:00+00:00,tt_grogol,40.0,31.863605
1,2026-08-19 15:00:00+00:00,tt_kebonjeruk,31.0,27.65121
1,2026-08-19 15:00:00+00:00,tt_kelapagading,29.0,25.560585
1,2026-08-19 15:00:00+00:00,tt_kuningan,21.0,17.985645
1,2026-08-19 15:00:00+00:00,tt_sudirman,29.0,28.605114
1,2026-08-19 15:00:00+00:00,tt_tangerang,48.0,44.202377
1,2026-08-19 15:00:00+00:00,tt_tbsimatupang,72.0,60.105255
1,2026-08-19 15:00:00+00:00,tt_thamrin,21.0,21.576439
1,2026-08-19 16:00:00+00:00,tt_bekasi,18.0,19.514454
1,2026-08-19 16:00:00+00:00,tt_bogor,45.0,39.55943
1,2026-08-19 16:00:00+00:00,tt_bsd,34.0,33.68688
1,2026-08-19 16:00:00+00:00,tt_cawang,43.0,37.047672
1,2026-08-19 16:00:00+00:00,tt_depok,31.0,28.586237
1,2026-08-19 16:00:00+00:00,tt_gatsu,45.0,43.277237
1,2026-08-19 16:00:00+00:00,tt_grogol,40.0,34.921967
1,2026-08-19 16:00:00+00:00,tt_kebonjeruk,35.0,29.024786
1,2026-08-19 16:00:00+00:00,tt_kelapagading,29.0,27.187233
1,2026-08-19 16:00:00+00:00,tt_kuningan,21.0,19.67585
1,2026-08-19 16:00:00+00:00,tt_sudirman,39.0,28.586231
1,2026-08-19 16:00:00+00:00,tt_tangerang,48.0,45.84919
1,2026-08-19 16:00:00+00:00,tt_tbsimatupang,72.0,62.124027
1,2026-08-19 16:00:00+00:00,tt_thamrin,22.0,21.943998
1,2026-08-19 18:00:00+00:00,tt_bekasi,18.0,18.751053
1,2026-08-19 18:00:00+00:00,tt_bogor,45.0,41.989407
1,2026-08-19 18:00:00+00:00,tt_bsd,34.0,33.16044
1,2026-08-19 18:00:00+00:00,tt_cawang,43.0,39.77601
1,2026-08-19 18:00:00+00:00,tt_depok,31.0,29.134596
1,2026-08-19 18:00:00+00:00,tt_gatsu,45.0,43.536404
1,2026-08-19 18:00:00+00:00,tt_grogol,40.0,37.22148
1,2026-08-19 18:00:00+00:00,tt_kebonjeruk,35.0,31.525274
1,2026-08-19 18:00:00+00:00,tt_kelapagading,29.0,27.435299
1,2026-08-19 18:00:00+00:00,tt_kuningan,21.0,20.004192
1,2026-08-19 18:00:00+00:00,tt_sudirman,39.0,34.07462
1,2026-08-19 18:00:00+00:00,tt_tangerang,44.0,46.46688
1,2026-08-19 18:00:00+00:00,tt_tbsimatupang,72.0,62.942013
1,2026-08-19 18:00:00+00:00,tt_thamrin,22.0,21.741524
1,2026-08-19 20:00:00+00:00,tt_bekasi,18.0,17.73073
1,2026-08-19 20:00:00+00:00,tt_bogor,45.0,42.623283
1,2026-08-19 20:00:00+00:00,tt_bsd,34.0,32.660133
1,2026-08-19 20:00:00+00:00,tt_cawang,43.0,40.527508
1,2026-08-19 20:00:00+00:00,tt_depok,31.0,28.777775
1,2026-08-19 20:00:00+00:00,tt_gatsu,45.0,43.547756
1,2026-08-19 20:00:00+00:00,tt_grogol,40.0,37.64941
1,2026-08-19 20:00:00+00:00,tt_kebonjeruk,35.0,31.937704
1,2026-08-19 20:00:00+00:00,tt_kelapagading,29.0,26.665443
1,2026-08-19 20:00:00+00:00,tt_kuningan,21.0,19.23161
1,2026-08-19 20:00:00+00:00,tt_sudirman,39.0,35.741756
1,2026-08-19 20:00:00+00:00,tt_tangerang,48.0,43.90197
1,2026-08-19 20:00:00+00:00,tt_tbsimatupang,72.0,62.901234
1,2026-08-19 20:00:00+00:00,tt_thamrin,22.0,20.672703
1,2026-08-19 21:00:00+00:00,tt_bekasi,18.0,17.206753
1,2026-08-19 21:00:00+00:00,tt_bogor,45.0,42.697224
1,2026-08-19 21:00:00+00:00,tt_bsd,34.0,32.480213
1,2026-08-19 21:00:00+00:00,tt_cawang,43.0,40.61655
1,2026-08-19 21:00:00+00:00,tt_depok,31.0,28.572502
1,2026-08-19 21:00:00+00:00,tt_gatsu,45.0,43.541775
1,2026-08-19 21:00:00+00:00,tt_grogol,40.0,37.68009
1,2026-08-19 21:00:00+00:00,tt_kebonjeruk,35.0,31.88334
1,2026-08-19 21:00:00+00:00,tt_kelapagading,29.0,26.275036
1,2026-08-19 21:00:00+00:00,tt_kuningan,21.0,18.84069
1,2026-08-19 21:00:00+00:00,tt_sudirman,39.0,35.970795
1,2026-08-19 21:00:00+00:00,tt_tangerang,48.0,45.00193
1,2026-08-19 21:00:00+00:00,tt_tbsimatupang,72.0,62.852654
1,2026-08-19 21:00:00+00:00,tt_thamrin,22.0,20.148685
1,2026-08-19 23:00:00+00:00,tt_bekasi,17.0,16.34309
1,2026-08-19 23:00:00+00:00,tt_bogor,35.0,42.736633
1,2026-08-19 23:00:00+00:00,tt_bsd,34.0,32.21161
1,2026-08-19 23:00:00+00:00,tt_cawang,26.0,40.62332
1,2026-08-19 23:00:00+00:00,tt_depok,31.0,28.22887
1,2026-08-19 23:00:00+00:00,tt_gatsu,45.0,43.54873
1,2026-08-19 23:00:00+00:00,tt_grogol,35.0,37.683353
1,2026-08-19 23:00:00+00:00,tt_kebonjeruk,30.0,31.706167
1,2026-08-19 23:00:00+00:00,tt_kelapagading,29.0,25.637146
1,2026-08-19 23:00:00+00:00,tt_kuningan,21.0,18.10746
1,2026-08-19 23:00:00+00:00,tt_sudirman,39.0,36.152744
1,2026-08-19 23:00:00+00:00,tt_tangerang,48.0,45.919483
1,2026-08-19 23:00:00+00:00,tt_tbsimatupang,72.0,62.744965
1,2026-08-19 23:00:00+00:00,tt_thamrin,20.0,19.228184
1,2026-08-20 01:00:00+00:00,tt_bekasi,18.0,15.424473
1,2026-08-20 01:00:00+00:00,tt_bogor,35.0,36.16029
1,2026-08-20 01:00:00+00:00,tt_bsd,29.0,32.31547
1,2026-08-20 01:00:00+00:00,tt_cawang,14.0,30.344152
1,2026-08-20 01:00:00+00:00,tt_depok,31.0,28.279928
1,2026-08-20 01:00:00+00:00,tt_gatsu,37.0,43.93598
1,2026-08-20 01:00:00+00:00,tt_grogol,30.0,35.01172
1,2026-08-20 01:00:00+00:00,tt_kebonjeruk,26.0,29.103539
1,2026-08-20 01:00:00+00:00,tt_kelapagading,29.0,25.39936
1,2026-08-20 01:00:00+00:00,tt_kuningan,21.0,17.914333
1,2026-08-20 01:00:00+00:00,tt_sudirman,27.0,36.702187
1,2026-08-20 01:00:00+00:00,tt_tangerang,36.0,46.362427
1,2026-08-20 01:00:00+00:00,tt_tbsimatupang,18.0,62.771248
1,2026-08-20 01:00:00+00:00,tt_thamrin,18.0,17.563759
1,2026-08-20 02:00:00+00:00,tt_bekasi,18.0,15.919099
1,2026-08-20 02:00:00+00:00,tt_bogor,40.0,35.48884
1,2026-08-20 02:00:00+00:00,tt_bsd,34.0,30.78475
1,2026-08-20 02:00:00+00:00,tt_cawang,18.0,24.953506
1,2026-08-20 02:00:00+00:00,tt_depok,31.0,28.82608
1,2026-08-20 02:00:00+00:00,tt_gatsu,45.0,40.914577
1,2026-08-20 02:00:00+00:00,tt_grogol,30.0,32.751354
1,2026-08-20 02:00:00+00:00,tt_kebonjeruk,26.0,27.436325
1,2026-08-20 02:00:00+00:00,tt_kelapagading,25.0,25.87234
1,2026-08-20 02:00:00+00:00,tt_kuningan,21.0,18.283915
1,2026-08-20 02:00:00+00:00,tt_sudirman,25.0,32.83431
1,2026-08-20 02:00:00+00:00,tt_tangerang,48.0,41.84305
1,2026-08-20 02:00:00+00:00,tt_tbsimatupang,21.0,45.501217
1,2026-08-20 02:00:00+00:00,tt_thamrin,18.0,16.901684
1,2026-08-20 04:00:00+00:00,tt_bekasi,15.0,17.577454
1,2026-08-20 04:00:00+00:00,tt_bogor,35.0,38.42629
1,2026-08-20 04:00:00+00:00,tt_bsd,34.0,33.16954
1,2026-08-20 04:00:00+00:00,tt_cawang,20.0,23.047867
1,2026-08-20 04:00:00+00:00,tt_depok,27.0,30.145103
1,2026-08-20 04:00:00+00:00,tt_gatsu,45.0,43.841034
1,2026-08-20 04:00:00+00:00,tt_grogol,25.0,31.018261
1,2026-08-20 04:00:00+00:00,tt_kebonjeruk,25.0,26.318287
1,2026-08-20 04:00:00+00:00,tt_kelapagading,22.0,24.620272
1,2026-08-20 04:00:00+00:00,tt_kuningan,21.0,19.602589
1,2026-08-20 04:00:00+00:00,tt_sudirman,26.0,28.804417
1,2026-08-20 04:00:00+00:00,tt_tangerang,48.0,45.588573
1,2026-08-20 04:00:00+00:00,tt_tbsimatupang,45.0,35.749176
1,2026-08-20 04:00:00+00:00,tt_thamrin,13.0,17.228693
1,2026-08-20 06:00:00+00:00,tt_bekasi,15.0,17.471779
1,2026-08-20 06:00:00+00:00,tt_bogor,39.0,36.337746
1,2026-08-20 06:00:00+00:00,tt_bsd,34.0,34.09664
1,2026-08-20 06:00:00+00:00,tt_cawang,28.0,23.104998
1,2026-08-20 06:00:00+00:00,tt_depok,29.0,28.669071
1,2026-08-20 06:00:00+00:00,tt_gatsu,28.0,44.84235
1,2026-08-20 06:00:00+00:00,tt_grogol,29.0,28.310886
1,2026-08-20 06:00:00+00:00,tt_kebonjeruk,25.0,25.826658
1,2026-08-20 06:00:00+00:00,tt_kelapagading,20.0,23.237057
1,2026-08-20 06:00:00+00:00,tt_kuningan,15.999999,20.753006
1,2026-08-20 06:00:00+00:00,tt_sudirman,21.0,28.067287
1,2026-08-20 06:00:00+00:00,tt_tangerang,38.0,46.666214
1,2026-08-20 06:00:00+00:00,tt_tbsimatupang,27.0,44.636845
1,2026-08-20 06:00:00+00:00,tt_thamrin,12.0,15.739096
1,2026-08-20 07:00:00+00:00,tt_bekasi,15.999999,17.75407
1,2026-08-20 07:00:00+00:00,tt_bogor,36.0,37.399265
1,2026-08-20 07:00:00+00:00,tt_bsd,34.0,34.391865
1,2026-08-20 07:00:00+00:00,tt_cawang,21.0,25.828417
1,2026-08-20 07:00:00+00:00,tt_depok,26.0,29.363585
1,2026-08-20 07:00:00+00:00,tt_gatsu,20.0,38.869205
1,2026-08-20 07:00:00+00:00,tt_grogol,29.0,29.350002
1,2026-08-20 07:00:00+00:00,tt_kebonjeruk,22.0,25.877481
1,2026-08-20 07:00:00+00:00,tt_kelapagading,20.0,22.629429
1,2026-08-20 07:00:00+00:00,tt_kuningan,21.0,19.643305
1,2026-08-20 07:00:00+00:00,tt_sudirman,20.0,26.376307
1,2026-08-20 07:00:00+00:00,tt_tangerang,37.0,42.945297
1,2026-08-20 07:00:00+00:00,tt_tbsimatupang,49.0,39.046215
1,2026-08-20 07:00:00+00:00,tt_thamrin,12.0,15.490391
1,2026-08-20 09:00:00+00:00,tt_bekasi,14.0,19.169716
1,2026-08-20 09:00:00+00:00,tt_bogor,34.0,36.831448
1,2026-08-20 09:00:00+00:00,tt_bsd,28.0,34.942646
1,2026-08-20 09:00:00+00:00,tt_cawang,30.0,24.41763
1,2026-08-20 09:00:00+00:00,tt_depok,26.0,28.440422
1,2026-08-20 09:00:00+00:00,tt_gatsu,32.0,30.72215
1,2026-08-20 09:00:00+00:00,tt_grogol,31.0,30.186789
1,2026-08-20 09:00:00+00:00,tt_kebonjeruk,21.0,24.751556
1,2026-08-20 09:00:00+00:00,tt_kelapagading,21.0,23.111341
1,2026-08-20 09:00:00+00:00,tt_kuningan,13.0,21.858944
1,2026-08-20 09:00:00+00:00,tt_sudirman,23.0,24.947374
1,2026-08-20 09:00:00+00:00,tt_tangerang,34.0,39.48086
1,2026-08-20 09:00:00+00:00,tt_tbsimatupang,47.0,46.932236
1,2026-08-20 09:00:00+00:00,tt_thamrin,18.0,16.234402
1,2026-08-20 11:00:00+00:00,tt_bekasi,18.0,19.194939
1,2026-08-20 11:00:00+00:00,tt_bogor,35.0,35.63361
1,2026-08-20 11:00:00+00:00,tt_bsd,34.0,31.833088
1,2026-08-20 11:00:00+00:00,tt_cawang,33.0,28.936825
1,2026-08-20 11:00:00+00:00,tt_depok,26.0,28.394978
1,2026-08-20 11:00:00+00:00,tt_gatsu,7.0,34.43836
1,2026-08-20 11:00:00+00:00,tt_grogol,29.0,31.502325
1,2026-08-20 11:00:00+00:00,tt_kebonjeruk,18.0,24.370625
1,2026-08-20 11:00:00+00:00,tt_kelapagading,21.0,24.416409
1,2026-08-20 11:00:00+00:00,tt_kuningan,15.999999,19.253502
1,2026-08-20 11:00:00+00:00,tt_sudirman,12.0,26.173357
1,2026-08-20 11:00:00+00:00,tt_tangerang,35.0,36.828083
1,2026-08-20 11:00:00+00:00,tt_tbsimatupang,24.0,47.21652
1,2026-08-20 11:00:00+00:00,tt_thamrin,10.0,20.054428
1,2026-08-20 12:00:00+00:00,tt_bekasi,14.0,20.726559
1,2026-08-20 12:00:00+00:00,tt_bogor,37.0,35.837246
1,2026-08-20 12:00:00+00:00,tt_bsd,34.0,33.65449
1,2026-08-20 12:00:00+00:00,tt_cawang,43.0,31.326298
1,2026-08-20 12:00:00+00:00,tt_depok,24.0,28.466269
1,2026-08-20 12:00:00+00:00,tt_gatsu,10.0,27.149925
1,2026-08-20 12:00:00+00:00,tt_grogol,32.0,31.023634
1,2026-08-20 12:00:00+00:00,tt_kebonjeruk,23.0,23.54571
1,2026-08-20 12:00:00+00:00,tt_kelapagading,21.0,24.68813
1,2026-08-20 12:00:00+00:00,tt_kuningan,13.0,19.902729
1,2026-08-20 12:00:00+00:00,tt_sudirman,22.0,23.02127
1,2026-08-20 12:00:00+00:00,tt_tangerang,48.0,36.63759
1,2026-08-20 12:00:00+00:00,tt_tbsimatupang,40.0,39.130848
1,2026-08-20 12:00:00+00:00,tt_thamrin,9.0,18.612064
1,2026-08-20 14:00:00+00:00,tt_bekasi,18.0,20.0736
1,2026-08-20 14:00:00+00:00,tt_bogor,38.0,37.28527
1,2026-08-20 14:00:00+00:00,tt_bsd,27.0,35.218758
1,2026-08-20 14:00:00+00:00,tt_cawang,32.0,39.83499
1,2026-08-20 14:00:00+00:00,tt_depok,31.0,27.392616
1,2026-08-20 14:00:00+00:00,tt_gatsu,45.0,22.62339
1,2026-08-20 14:00:00+00:00,tt_grogol,40.0,32.3471
1,2026-08-20 14:00:00+00:00,tt_kebonjeruk,28.0,25.312872
1,2026-08-20 14:00:00+00:00,tt_kelapagading,29.0,25.559944
1,2026-08-20 14:00:00+00:00,tt_kuningan,15.999999,18.863266
1,2026-08-20 14:00:00+00:00,tt_sudirman,39.0,25.64881
1,2026-08-20 14:00:00+00:00,tt_tangerang,48.0,44.522236
1,2026-08-20 14:00:00+00:00,tt_tbsimatupang,59.0,41.262184
1,2026-08-20 14:00:00+00:00,tt_thamrin,13.0,17.630447
1,2026-08-20 16:00:00+00:00,tt_bekasi,15.0,21.00461
1,2026-08-20 16:00:00+00:00,tt_bogor,45.0,37.545063
1,2026-08-20 16:00:00+00:00,tt_bsd,34.0,30.871538
1,2026-08-20 16:00:00+00:00,tt_cawang,43.0,34.4976
1,2026-08-20 16:00:00+00:00,tt_depok,31.0,30.12831
1,2026-08-20 16:00:00+00:00,tt_gatsu,45.0,40.270996
1,2026-08-20 16:00:00+00:00,tt_grogol,40.0,36.93289
1,2026-08-20 16:00:00+00:00,tt_kebonjeruk,35.0,27.595825
1,2026-08-20 16:00:00+00:00,tt_kelapagading,29.0,29.028917
1,2026-08-20 16:00:00+00:00,tt_kuningan,21.0,19.29771
1,2026-08-20 16:00:00+00:00,tt_sudirman,39.0,35.962852
1,2026-08-20 16:00:00+00:00,tt_tangerang,48.0,46.43197
1,2026-08-20 16:00:00+00:00,tt_tbsimatupang,72.0,53.11781
1,2026-08-20 16:00:00+00:00,tt_thamrin,22.0,18.36504
1,2026-08-20 17:00:00+00:00,tt_bekasi,18.0,19.772854
1,2026-08-20 17:00:00+00:00,tt_bogor,45.0,40.073414
1,2026-08-20 17:00:00+00:00,tt_bsd,34.0,32.31425
1,2026-08-20 17:00:00+00:00,tt_cawang,43.0,37.434288
1,2026-08-20 17:00:00+00:00,tt_depok,31.0,30.146729
1,2026-08-20 17:00:00+00:00,tt_gatsu,45.0,42.450043
1,2026-08-20 17:00:00+00:00,tt_grogol,40.0,37.522568
1,2026-08-20 17:00:00+00:00,tt_kebonjeruk,35.0,29.945377
1,2026-08-20 17:00:00+00:00,tt_kelapagading,29.0,28.876518
1,2026-08-20 17:00:00+00:00,tt_kuningan,21.0,20.54039
1,2026-08-20 17:00:00+00:00,tt_sudirman,39.0,37.05733
1,2026-08-20 17:00:00+00:00,tt_tangerang,48.0,46.47562
1,2026-08-20 17:00:00+00:00,tt_tbsimatupang,72.0,59.335327
1,2026-08-20 17:00:00+00:00,tt_thamrin,22.0,20.809637
1,2026-08-20 19:00:00+00:00,tt_bekasi,18.0,19.16329
1,2026-08-20 19:00:00+00:00,tt_bogor,45.0,42.07752
1,2026-08-20 19:00:00+00:00,tt_bsd,34.0,32.84309
1,2026-08-20 19:00:00+00:00,tt_cawang,43.0,39.87664
1,2026-08-20 19:00:00+00:00,tt_depok,31.0,29.497017
1,2026-08-20 19:00:00+00:00,tt_gatsu,45.0,43.402313
1,2026-08-20 19:00:00+00:00,tt_grogol,40.0,37.813942
1,2026-08-20 19:00:00+00:00,tt_kebonjeruk,35.0,31.547882
1,2026-08-20 19:00:00+00:00,tt_kelapagading,29.0,27.764946
1,2026-08-20 19:00:00+00:00,tt_kuningan,21.0,20.362011
1,2026-08-20 19:00:00+00:00,tt_sudirman,39.0,37.249138
1,2026-08-20 19:00:00+00:00,tt_tangerang,48.0,46.36194
1,2026-08-20 19:00:00+00:00,tt_tbsimatupang,72.0,62.550453
1,2026-08-20 19:00:00+00:00,tt_thamrin,22.0,21.356636
1,2026-08-20 21:00:00+00:00,tt_bekasi,18.0,18.065481
1,2026-08-20 21:00:00+00:00,tt_bogor,45.0,42.530304
1,2026-08-20 21:00:00+00:00,tt_bsd,34.0,32.582836
1,2026-08-20 21:00:00+00:00,tt_cawang,43.0,40.45983
1,2026-08-20 21:00:00+00:00,tt_depok,31.0,28.861517
1,2026-08-20 21:00:00+00:00,tt_gatsu,45.0,43.538765
1,2026-08-20 21:00:00+00:00,tt_grogol,40.0,37.796967
1,2026-08-20 21:00:00+00:00,tt_kebonjeruk,35.0,31.721378
1,2026-08-20 21:00:00+00:00,tt_kelapagading,29.0,26.647652
1,2026-08-20 21:00:00+00:00,tt_kuningan,21.0,19.401184
1,2026-08-20 21:00:00+00:00,tt_sudirman,39.0,36.983044
1,2026-08-20 21:00:00+00:00,tt_tangerang,48.0,46.320957
1,2026-08-20 21:00:00+00:00,tt_tbsimatupang,72.0,62.857826
1,2026-08-20 21:00:00+00:00,tt_thamrin,22.0,20.433071
1,2026-08-20 22:00:00+00:00,tt_bekasi,18.0,17.56839
1,2026-08-20 22:00:00+00:00,tt_bogor,45.0,42.6073
1,2026-08-20 22:00:00+00:00,tt_bsd,34.0,32.44573
1,2026-08-20 22:00:00+00:00,tt_cawang,43.0,40.543854
1,2026-08-20 22:00:00+00:00,tt_depok,31.0,28.610147
1,2026-08-20 22:00:00+00:00,tt_gatsu,45.0,43.53203
1,2026-08-20 22:00:00+00:00,tt_grogol,40.0,37.781292
1,2026-08-20 22:00:00+00:00,tt_kebonjeruk,35.0,31.685696
1,2026-08-20 22:00:00+00:00,tt_kelapagading,29.0,26.250603
1,2026-08-20 22:00:00+00:00,tt_kuningan,21.0,18.949776
1,2026-08-20 22:00:00+00:00,tt_sudirman,39.0,36.873722
1,2026-08-20 22:00:00+00:00,tt_tangerang,48.0,46.3183
1,2026-08-20 22:00:00+00:00,tt_tbsimatupang,72.0,62.842583
1,2026-08-20 22:00:00+00:00,tt_thamrin,22.0,19.990324
1,2026-08-21 00:00:00+00:00,tt_bekasi,18.0,16.610662
1,2026-08-21 00:00:00+00:00,tt_bogor,35.0,42.664574
1,2026-08-21 00:00:00+00:00,tt_bsd,29.0,32.192352
1,2026-08-21 00:00:00+00:00,tt_cawang,18.0,40.585224
1,2026-08-21 00:00:00+00:00,tt_depok,25.0,28.224285
1,2026-08-21 00:00:00+00:00,tt_gatsu,45.0,43.535564
1,2026-08-21 00:00:00+00:00,tt_grogol,34.0,37.746994
1,2026-08-21 00:00:00+00:00,tt_kebonjeruk,25.0,31.567244
1,2026-08-21 00:00:00+00:00,tt_kelapagading,26.0,25.588724
1,2026-08-21 00:00:00+00:00,tt_kuningan,21.0,18.122053
1,2026-08-21 00:00:00+00:00,tt_sudirman,31.0,36.675385
1,2026-08-21 00:00:00+00:00,tt_tangerang,37.0,46.31534
1,2026-08-21 00:00:00+00:00,tt_tbsimatupang,32.0,62.759712
1,2026-08-21 00:00:00+00:00,tt_thamrin,22.0,19.110931
1,2026-08-21 02:00:00+00:00,tt_bekasi,17.0,16.700478
1,2026-08-21 02:00:00+00:00,tt_bogor,37.0,37.45792
1,2026-08-21 02:00:00+00:00,tt_bsd,28.0,29.844769
1,2026-08-21 02:00:00+00:00,tt_cawang,19.0,28.146015
1,2026-08-21 02:00:00+00:00,tt_depok,26.0,25.79918
1,2026-08-21 02:00:00+00:00,tt_gatsu,45.0,44.104206
1,2026-08-21 02:00:00+00:00,tt_grogol,31.0,34.83279
1,2026-08-21 02:00:00+00:00,tt_kebonjeruk,26.0,26.956572
1,2026-08-21 02:00:00+00:00,tt_kelapagading,29.0,24.241535
1,2026-08-21 02:00:00+00:00,tt_kuningan,21.0,18.518337
1,2026-08-21 02:00:00+00:00,tt_sudirman,23.0,32.67446
1,2026-08-21 02:00:00+00:00,tt_tangerang,37.0,40.038284
1,2026-08-21 02:00:00+00:00,tt_tbsimatupang,37.0,42.8026
1,2026-08-21 02:00:00+00:00,tt_thamrin,22.0,19.061829
1,2026-08-21 03:00:00+00:00,tt_bekasi,15.0,16.957212
1,2026-08-21 03:00:00+00:00,tt_bogor,38.0,37.348175
1,2026-08-21 03:00:00+00:00,tt_bsd,34.0,29.277893
1,2026-08-21 03:00:00+00:00,tt_cawang,21.0,26.375406
1,2026-08-21 03:00:00+00:00,tt_depok,31.0,26.13779
1,2026-08-21 03:00:00+00:00,tt_gatsu,45.0,44.429
1,2026-08-21 03:00:00+00:00,tt_grogol,27.0,33.107067
1,2026-08-21 03:00:00+00:00,tt_kebonjeruk,24.0,26.620174
1,2026-08-21 03:00:00+00:00,tt_kelapagading,23.0,25.422964
1,2026-08-21 03:00:00+00:00,tt_kuningan,15.999999,19.166069
1,2026-08-21 03:00:00+00:00,tt_sudirman,28.0,29.145908
1,2026-08-21 03:00:00+00:00,tt_tangerang,48.0,38.92087
1,2026-08-21 03:00:00+00:00,tt_tbsimatupang,48.0,41.41902
1,2026-08-21 03:00:00+00:00,tt_thamrin,15.999999,19.508625
1,2026-08-21 05:00:00+00:00,tt_bekasi,15.999999,16.765144
1,2026-08-21 05:00:00+00:00,tt_bogor,45.0,37.872993
1,2026-08-21 05:00:00+00:00,tt_bsd,34.0,32.76365
1,2026-08-21 05:00:00+00:00,tt_cawang,43.0,25.301792
1,2026-08-21 05:00:00+00:00,tt_depok,31.0,29.747562
1,2026-08-21 05:00:00+00:00,tt_gatsu,45.0,44.806267
1,2026-08-21 05:00:00+00:00,tt_grogol,32.0,29.833378
1,2026-08-21 05:00:00+00:00,tt_kebonjeruk,27.0,25.568115
1,2026-08-21 05:00:00+00:00,tt_kelapagading,23.0,23.616718
1,2026-08-21 05:00:00+00:00,tt_kuningan,21.0,17.784441
1,2026-08-21 05:00:00+00:00,tt_sudirman,34.0,28.694832
1,2026-08-21 05:00:00+00:00,tt_tangerang,48.0,44.786304
1,2026-08-21 05:00:00+00:00,tt_tbsimatupang,72.0,46.55806
1,2026-08-21 05:00:00+00:00,tt_thamrin,21.0,17.393581
1,2026-08-21 07:00:00+00:00,tt_bekasi,14.0,17.125092
1,2026-08-21 07:00:00+00:00,tt_bogor,35.0,41.837196
1,2026-08-21 07:00:00+00:00,tt_bsd,34.0,33.2969
1,2026-08-21 07:00:00+00:00,tt_cawang,28.0,37.17007
1,2026-08-21 07:00:00+00:00,tt_depok,25.0,29.879906
1,2026-08-21 07:00:00+00:00,tt_gatsu,36.0,44.664986
1,2026-08-21 07:00:00+00:00,tt_grogol,28.0,31.702705
1,2026-08-21 07:00:00+00:00,tt_kebonjeruk,21.0,26.708447
1,2026-08-21 07:00:00+00:00,tt_kelapagading,20.0,22.901447
1,2026-08-21 07:00:00+00:00,tt_kuningan,21.0,19.602665
1,2026-08-21 07:00:00+00:00,tt_sudirman,18.0,31.19884
1,2026-08-21 07:00:00+00:00,tt_tangerang,39.0,46.33393
1,2026-08-21 07:00:00+00:00,tt_tbsimatupang,52.0,60.812347
1,2026-08-21 07:00:00+00:00,tt_thamrin,18.0,19.275743
1,2026-08-21 08:00:00+00:00,tt_bekasi,15.999999,16.545238
1,2026-08-21 08:00:00+00:00,tt_bogor,34.0,38.9122
1,2026-08-21 08:00:00+00:00,tt_bsd,34.0,33.61505
1,2026-08-21 08:00:00+00:00,tt_cawang,31.0,33.482098
1,2026-08-21 08:00:00+00:00,tt_depok,25.0,27.904892
1,2026-08-21 08:00:00+00:00,tt_gatsu,35.0,41.068306
1,2026-08-21 08:00:00+00:00,tt_grogol,29.0,30.561853
1,2026-08-21 08:00:00+00:00,tt_kebonjeruk,24.0,24.985415
1,2026-08-21 08:00:00+00:00,tt_kelapagading,21.0,21.88507
1,2026-08-21 08:00:00+00:00,tt_kuningan,17.0,19.859718
1,2026-08-21 08:00:00+00:00,tt_sudirman,24.0,26.526966
1,2026-08-21 08:00:00+00:00,tt_tangerang,40.0,43.01516
1,2026-08-21 08:00:00+00:00,tt_tbsimatupang,38.0,55.360596
1,2026-08-21 08:00:00+00:00,tt_thamrin,10.0,18.736084
3,2026-08-18 04:00:00+00:00,tt_bekasi,15.0,16.384825
3,2026-08-18 04:00:00+00:00,tt_bogor,33.0,37.626312
3,2026-08-18 04:00:00+00:00,tt_bsd,28.0,33.578712
3,2026-08-18 04:00:00+00:00,tt_cawang,22.0,26.624535
3,2026-08-18 04:00:00+00:00,tt_depok,31.0,27.323408
3,2026-08-18 04:00:00+00:00,tt_gatsu,32.0,43.504143
3,2026-08-18 04:00:00+00:00,tt_grogol,27.0,30.39495
3,2026-08-18 04:00:00+00:00,tt_kebonjeruk,25.0,28.70989
3,2026-08-18 04:00:00+00:00,tt_kelapagading,29.0,27.055685
3,2026-08-18 04:00:00+00:00,tt_kuningan,15.999999,19.173082
3,2026-08-18 04:00:00+00:00,tt_sudirman,24.0,34.38582
3,2026-08-18 04:00:00+00:00,tt_tangerang,36.0,40.984257
3,2026-08-18 04:00:00+00:00,tt_tbsimatupang,55.0,41.615856
3,2026-08-18 04:00:00+00:00,tt_thamrin,18.0,18.805336
3,2026-08-18 05:00:00+00:00,tt_bekasi,15.0,16.38704
3,2026-08-18 05:00:00+00:00,tt_bogor,38.0,37.197414
3,2026-08-18 05:00:00+00:00,tt_bsd,28.0,33.80304
3,2026-08-18 05:00:00+00:00,tt_cawang,28.0,25.687607
3,2026-08-18 05:00:00+00:00,tt_depok,26.0,28.955006
3,2026-08-18 05:00:00+00:00,tt_gatsu,45.0,39.943523
3,2026-08-18 05:00:00+00:00,tt_grogol,36.0,29.93297
3,2026-08-18 05:00:00+00:00,tt_kebonjeruk,22.0,27.980318
3,2026-08-18 05:00:00+00:00,tt_kelapagading,22.0,27.18358
3,2026-08-18 05:00:00+00:00,tt_kuningan,21.0,19.682426
3,2026-08-18 05:00:00+00:00,tt_sudirman,31.0,30.650597
3,2026-08-18 05:00:00+00:00,tt_tangerang,41.0,43.011623
3,2026-08-18 05:00:00+00:00,tt_tbsimatupang,51.0,34.993576
3,2026-08-18 05:00:00+00:00,tt_thamrin,20.0,17.868252
3,2026-08-18 07:00:00+00:00,tt_bekasi,15.0,17.363407
3,2026-08-18 07:00:00+00:00,tt_bogor,34.0,36.194298
3,2026-08-18 07:00:00+00:00,tt_bsd,30.0,32.41635
3,2026-08-18 07:00:00+00:00,tt_cawang,43.0,25.79684
3,2026-08-18 07:00:00+00:00,tt_depok,31.0,30.973019
3,2026-08-18 07:00:00+00:00,tt_gatsu,45.0,36.905674
3,2026-08-18 07:00:00+00:00,tt_grogol,32.0,29.839514
3,2026-08-18 07:00:00+00:00,tt_kebonjeruk,25.0,27.12877
3,2026-08-18 07:00:00+00:00,tt_kelapagading,22.0,28.10736
3,2026-08-18 07:00:00+00:00,tt_kuningan,15.0,19.458511
3,2026-08-18 07:00:00+00:00,tt_sudirman,28.0,28.148838
3,2026-08-18 07:00:00+00:00,tt_tangerang,38.0,41.50405
3,2026-08-18 07:00:00+00:00,tt_tbsimatupang,57.0,42.815018
3,2026-08-18 07:00:00+00:00,tt_thamrin,22.0,18.36547
3,2026-08-18 09:00:00+00:00,tt_bekasi,14.0,18.356636
3,2026-08-18 09:00:00+00:00,tt_bogor,35.0,37.46452
3,2026-08-18 09:00:00+00:00,tt_bsd,28.0,30.84832
3,2026-08-18 09:00:00+00:00,tt_cawang,29.0,28.531923
3,2026-08-18 09:00:00+00:00,tt_depok,24.0,28.940022
3,2026-08-18 09:00:00+00:00,tt_gatsu,45.0,42.318584
3,2026-08-18 09:00:00+00:00,tt_grogol,32.0,34.800743
3,2026-08-18 09:00:00+00:00,tt_kebonjeruk,23.0,25.4807
3,2026-08-18 09:00:00+00:00,tt_kelapagading,23.0,25.48198
3,2026-08-18 09:00:00+00:00,tt_kuningan,21.0,21.804188
3,2026-08-18 09:00:00+00:00,tt_sudirman,31.0,31.044455
3,2026-08-18 09:00:00+00:00,tt_tangerang,38.0,41.238155
3,2026-08-18 09:00:00+00:00,tt_tbsimatupang,43.0,48.261642
3,2026-08-18 09:00:00+00:00,tt_thamrin,22.0,20.430943
3,2026-08-18 10:00:00+00:00,tt_bekasi,14.0,18.799232
3,2026-08-18 10:00:00+00:00,tt_bogor,35.0,36.42016
3,2026-08-18 10:00:00+00:00,tt_bsd,34.0,31.199064
3,2026-08-18 10:00:00+00:00,tt_cawang,30.0,33.212852
3,2026-08-18 10:00:00+00:00,tt_depok,25.0,30.33989
3,2026-08-18 10:00:00+00:00,tt_gatsu,3.999998,43.272972
3,2026-08-18 10:00:00+00:00,tt_grogol,31.0,34.17588
3,2026-08-18 10:00:00+00:00,tt_kebonjeruk,21.0,26.209229
3,2026-08-18 10:00:00+00:00,tt_kelapagading,21.0,24.977617
3,2026-08-18 10:00:00+00:00,tt_kuningan,14.0,20.45309
3,2026-08-18 10:00:00+00:00,tt_sudirman,23.0,30.306236
3,2026-08-18 10:00:00+00:00,tt_tangerang,34.0,40.26475
3,2026-08-18 10:00:00+00:00,tt_tbsimatupang,44.0,50.629356
3,2026-08-18 10:00:00+00:00,tt_thamrin,22.0,21.5308
3,2026-08-18 12:00:00+00:00,tt_bekasi,14.0,18.582111
3,2026-08-18 12:00:00+00:00,tt_bogor,35.0,35.409237
3,2026-08-18 12:00:00+00:00,tt_bsd,34.0,30.496418
3,2026-08-18 12:00:00+00:00,tt_cawang,34.0,33.88255
3,2026-08-18 12:00:00+00:00,tt_depok,26.0,28.638533
3,2026-08-18 12:00:00+00:00,tt_gatsu,45.0,44.217476
3,2026-08-18 12:00:00+00:00,tt_grogol,32.0,33.362675
3,2026-08-18 12:00:00+00:00,tt_kebonjeruk,25.0,26.08577
3,2026-08-18 12:00:00+00:00,tt_kelapagading,22.0,24.721178
3,2026-08-18 12:00:00+00:00,tt_kuningan,13.0,21.113861
3,2026-08-18 12:00:00+00:00,tt_sudirman,29.0,30.479778
3,2026-08-18 12:00:00+00:00,tt_tangerang,48.0,39.240566
3,2026-08-18 12:00:00+00:00,tt_tbsimatupang,72.0,47.821274
3,2026-08-18 12:00:00+00:00,tt_thamrin,17.0,22.555328
3,2026-08-18 14:00:00+00:00,tt_bekasi,15.999999,18.685446
3,2026-08-18 14:00:00+00:00,tt_bogor,45.0,35.345757
3,2026-08-18 14:00:00+00:00,tt_bsd,34.0,33.50437
3,2026-08-18 14:00:00+00:00,tt_cawang,32.0,32.178326
3,2026-08-18 14:00:00+00:00,tt_depok,26.0,27.621016
3,2026-08-18 14:00:00+00:00,tt_gatsu,45.0,26.958424
3,2026-08-18 14:00:00+00:00,tt_grogol,40.0,32.430637
3,2026-08-18 14:00:00+00:00,tt_kebonjeruk,31.0,24.842388
3,2026-08-18 14:00:00+00:00,tt_kelapagading,29.0,23.668758
3,2026-08-18 14:00:00+00:00,tt_kuningan,15.999999,19.08593
3,2026-08-18 14:00:00+00:00,tt_sudirman,30.0,26.926956
3,2026-08-18 14:00:00+00:00,tt_tangerang,48.0,36.804153
3,2026-08-18 14:00:00+00:00,tt_tbsimatupang,72.0,44.940063
3,2026-08-18 14:00:00+00:00,tt_thamrin,22.0,23.124453
3,2026-08-18 15:00:00+00:00,tt_bekasi,15.999999,19.203377
3,2026-08-18 15:00:00+00:00,tt_bogor,45.0,35.431496
3,2026-08-18 15:00:00+00:00,tt_bsd,34.0,34.43459
3,2026-08-18 15:00:00+00:00,tt_cawang,43.0,33.663567
3,2026-08-18 15:00:00+00:00,tt_depok,31.0,27.970472
3,2026-08-18 15:00:00+00:00,tt_gatsu,45.0,37.19227
3,2026-08-18 15:00:00+00:00,tt_grogol,40.0,32.734825
3,2026-08-18 15:00:00+00:00,tt_kebonjeruk,35.0,26.179537
3,2026-08-18 15:00:00+00:00,tt_kelapagading,29.0,24.624956
3,2026-08-18 15:00:00+00:00,tt_kuningan,21.0,18.844234
3,2026-08-18 15:00:00+00:00,tt_sudirman,39.0,28.78266
3,2026-08-18 15:00:00+00:00,tt_tangerang,48.0,40.434425
3,2026-08-18 15:00:00+00:00,tt_tbsimatupang,72.0,53.314552
3,2026-08-18 15:00:00+00:00,tt_thamrin,22.0,22.267305
3,2026-08-18 17:00:00+00:00,tt_bekasi,17.0,19.290047
3,2026-08-18 17:00:00+00:00,tt_bogor,45.0,37.631783
3,2026-08-18 17:00:00+00:00,tt_bsd,34.0,34.612854
3,2026-08-18 17:00:00+00:00,tt_cawang,43.0,33.20036
3,2026-08-18 17:00:00+00:00,tt_depok,31.0,27.904926
3,2026-08-18 17:00:00+00:00,tt_gatsu,45.0,42.92461
3,2026-08-18 17:00:00+00:00,tt_grogol,40.0,34.815712
3,2026-08-18 17:00:00+00:00,tt_kebonjeruk,35.0,29.028055
3,2026-08-18 17:00:00+00:00,tt_kelapagading,29.0,27.118473
3,2026-08-18 17:00:00+00:00,tt_kuningan,21.0,19.037712
3,2026-08-18 17:00:00+00:00,tt_sudirman,39.0,29.771513
3,2026-08-18 17:00:00+00:00,tt_tangerang,48.0,44.20245
3,2026-08-18 17:00:00+00:00,tt_tbsimatupang,72.0,59.007904
3,2026-08-18 17:00:00+00:00,tt_thamrin,22.0,22.757925
3,2026-08-18 19:00:00+00:00,tt_bekasi,17.0,18.83849
3,2026-08-18 19:00:00+00:00,tt_bogor,45.0,40.322166
3,2026-08-18 19:00:00+00:00,tt_bsd,34.0,34.003994
3,2026-08-18 19:00:00+00:00,tt_cawang,43.0,37.04773
3,2026-08-18 19:00:00+00:00,tt_depok,31.0,30.030201
3,2026-08-18 19:00:00+00:00,tt_gatsu,45.0,43.33587
3,2026-08-18 19:00:00+00:00,tt_grogol,40.0,36.632103
3,2026-08-18 19:00:00+00:00,tt_kebonjeruk,35.0,31.510582
3,2026-08-18 19:00:00+00:00,tt_kelapagading,29.0,27.96822
3,2026-08-18 19:00:00+00:00,tt_kuningan,21.0,21.287315
3,2026-08-18 19:00:00+00:00,tt_sudirman,39.0,33.581665
3,2026-08-18 19:00:00+00:00,tt_tangerang,48.0,44.941593
3,2026-08-18 19:00:00+00:00,tt_tbsimatupang,72.0,59.545235
3,2026-08-18 19:00:00+00:00,tt_thamrin,22.0,22.766441
3,2026-08-18 20:00:00+00:00,tt_bekasi,17.0,18.805805
3,2026-08-18 20:00:00+00:00,tt_bogor,45.0,40.925995
3,2026-08-18 20:00:00+00:00,tt_bsd,34.0,33.746635
3,2026-08-18 20:00:00+00:00,tt_cawang,43.0,38.21058
3,2026-08-18 20:00:00+00:00,tt_depok,31.0,30.131235
3,2026-08-18 20:00:00+00:00,tt_gatsu,45.0,43.236954
3,2026-08-18 20:00:00+00:00,tt_grogol,40.0,36.994022
3,2026-08-18 20:00:00+00:00,tt_kebonjeruk,35.0,31.893064
3,2026-08-18 20:00:00+00:00,tt_kelapagading,29.0,27.897007
3,2026-08-18 20:00:00+00:00,tt_kuningan,21.0,21.282337
3,2026-08-18 20:00:00+00:00,tt_sudirman,39.0,34.579617
3,2026-08-18 20:00:00+00:00,tt_tangerang,48.0,45.04846
3,2026-08-18 20:00:00+00:00,tt_tbsimatupang,72.0,59.532112
3,2026-08-18 20:00:00+00:00,tt_thamrin,22.0,22.433006
3,2026-08-18 22:00:00+00:00,tt_bekasi,17.0,18.365267
3,2026-08-18 22:00:00+00:00,tt_bogor,45.0,41.49846
3,2026-08-18 22:00:00+00:00,tt_bsd,34.0,33.385014
3,2026-08-18 22:00:00+00:00,tt_cawang,43.0,39.2605
3,2026-08-18 22:00:00+00:00,tt_depok,31.0,29.915308
3,2026-08-18 22:00:00+00:00,tt_gatsu,45.0,43.02185
3,2026-08-18 22:00:00+00:00,tt_grogol,40.0,37.306362
3,2026-08-18 22:00:00+00:00,tt_kebonjeruk,35.0,32.098957
3,2026-08-18 22:00:00+00:00,tt_kelapagading,29.0,27.505472
3,2026-08-18 22:00:00+00:00,tt_kuningan,21.0,20.836521
3,2026-08-18 22:00:00+00:00,tt_sudirman,39.0,35.600647
3,2026-08-18 22:00:00+00:00,tt_tangerang,48.0,45.135136
3,2026-08-18 22:00:00+00:00,tt_tbsimatupang,72.0,59.429993
3,2026-08-18 22:00:00+00:00,tt_thamrin,22.0,21.676262
3,2026-08-19 00:00:00+00:00,tt_bekasi,15.0,17.817347
3,2026-08-19 00:00:00+00:00,tt_bogor,35.0,41.725636
3,2026-08-19 00:00:00+00:00,tt_bsd,29.0,33.152077
3,2026-08-19 00:00:00+00:00,tt_cawang,20.0,39.652954
3,2026-08-19 00:00:00+00:00,tt_depok,31.0,29.601364
3,2026-08-19 00:00:00+00:00,tt_gatsu,45.0,42.846706
3,2026-08-19 00:00:00+00:00,tt_grogol,40.0,37.41137
3,2026-08-19 00:00:00+00:00,tt_kebonjeruk,27.0,32.07439
3,2026-08-19 00:00:00+00:00,tt_kelapagading,29.0,27.118687
3,2026-08-19 00:00:00+00:00,tt_kuningan,21.0,20.262413
3,2026-08-19 00:00:00+00:00,tt_sudirman,39.0,36.003136
3,2026-08-19 00:00:00+00:00,tt_tangerang,48.0,45.17724
3,2026-08-19 00:00:00+00:00,tt_tbsimatupang,39.0,59.331802
3,2026-08-19 00:00:00+00:00,tt_thamrin,19.0,21.033134
3,2026-08-19 01:00:00+00:00,tt_bekasi,15.999999,17.436409
3,2026-08-19 01:00:00+00:00,tt_bogor,37.0,41.766678
3,2026-08-19 01:00:00+00:00,tt_bsd,34.0,33.028595
3,2026-08-19 01:00:00+00:00,tt_cawang,13.0,39.742195
3,2026-08-19 01:00:00+00:00,tt_depok,27.0,29.436724
3,2026-08-19 01:00:00+00:00,tt_gatsu,13.0,42.879333
3,2026-08-19 01:00:00+00:00,tt_grogol,32.0,37.428818
3,2026-08-19 01:00:00+00:00,tt_kebonjeruk,25.0,32.025555
3,2026-08-19 01:00:00+00:00,tt_kelapagading,29.0,26.844757
3,2026-08-19 01:00:00+00:00,tt_kuningan,21.0,19.890533
3,2026-08-19 01:00:00+00:00,tt_sudirman,22.0,36.07608
3,2026-08-19 01:00:00+00:00,tt_tangerang,39.0,45.196625
3,2026-08-19 01:00:00+00:00,tt_tbsimatupang,18.0,59.29905
3,2026-08-19 01:00:00+00:00,tt_thamrin,22.0,20.638393
3,2026-08-19 03:00:00+00:00,tt_bekasi,15.999999,15.933368
3,2026-08-19 03:00:00+00:00,tt_bogor,37.0,39.32113
3,2026-08-19 03:00:00+00:00,tt_bsd,34.0,31.185026
3,2026-08-19 03:00:00+00:00,tt_cawang,20.0,33.168232
3,2026-08-19 03:00:00+00:00,tt_depok,31.0,29.257435
3,2026-08-19 03:00:00+00:00,tt_gatsu,45.0,43.426815
3,2026-08-19 03:00:00+00:00,tt_grogol,31.0,37.692818
3,2026-08-19 03:00:00+00:00,tt_kebonjeruk,23.0,29.81632
3,2026-08-19 03:00:00+00:00,tt_kelapagading,29.0,26.552454
3,2026-08-19 03:00:00+00:00,tt_kuningan,15.999999,19.02892
3,2026-08-19 03:00:00+00:00,tt_sudirman,24.0,36.913723
3,2026-08-19 03:00:00+00:00,tt_tangerang,40.0,45.464172
3,2026-08-19 03:00:00+00:00,tt_tbsimatupang,33.0,49.262245
3,2026-08-19 03:00:00+00:00,tt_thamrin,20.0,19.037445
3,2026-08-19 05:00:00+00:00,tt_bekasi,15.0,15.900611
3,2026-08-19 05:00:00+00:00,tt_bogor,32.0,37.973614
3,2026-08-19 05:00:00+00:00,tt_bsd,34.0,33.029972
3,2026-08-19 05:00:00+00:00,tt_cawang,17.0,24.809864
3,2026-08-19 05:00:00+00:00,tt_depok,31.0,27.512829
3,2026-08-19 05:00:00+00:00,tt_gatsu,45.0,29.46332
3,2026-08-19 05:00:00+00:00,tt_grogol,31.0,34.54922
3,2026-08-19 05:00:00+00:00,tt_kebonjeruk,24.0,26.910837
3,2026-08-19 05:00:00+00:00,tt_kelapagading,21.0,26.690735
3,2026-08-19 05:00:00+00:00,tt_kuningan,17.0,19.123466
3,2026-08-19 05:00:00+00:00,tt_sudirman,27.0,29.33034
3,2026-08-19 05:00:00+00:00,tt_tangerang,40.0,41.61702
3,2026-08-19 05:00:00+00:00,tt_tbsimatupang,43.0,35.072437
3,2026-08-19 05:00:00+00:00,tt_thamrin,17.0,19.647604
3,2026-08-19 06:00:00+00:00,tt_bekasi,18.0,16.9665
3,2026-08-19 06:00:00+00:00,tt_bogor,35.0,38.047165
3,2026-08-19 06:00:00+00:00,tt_bsd,34.0,34.012493
3,2026-08-19 06:00:00+00:00,tt_cawang,19.0,26.1497
3,2026-08-19 06:00:00+00:00,tt_depok,27.0,29.350624
3,2026-08-19 06:00:00+00:00,tt_gatsu,30.0,37.99607
3,2026-08-19 06:00:00+00:00,tt_grogol,27.0,33.42233
3,2026-08-19 06:00:00+00:00,tt_kebonjeruk,21.0,25.821253
3,2026-08-19 06:00:00+00:00,tt_kelapagading,21.0,27.736946
3,2026-08-19 06:00:00+00:00,tt_kuningan,21.0,18.539766
3,2026-08-19 06:00:00+00:00,tt_sudirman,18.0,28.82087
3,2026-08-19 06:00:00+00:00,tt_tangerang,38.0,41.174286
3,2026-08-19 06:00:00+00:00,tt_tbsimatupang,48.0,37.808666
3,2026-08-19 06:00:00+00:00,tt_thamrin,13.0,20.037964
3,2026-08-19 08:00:00+00:00,tt_bekasi,15.0,18.12696
3,2026-08-19 08:00:00+00:00,tt_bogor,34.0,36.35266
3,2026-08-19 08:00:00+00:00,tt_bsd,28.0,34.777206
3,2026-08-19 08:00:00+00:00,tt_cawang,32.0,25.173471
3,2026-08-19 08:00:00+00:00,tt_depok,25.0,31.282673
3,2026-08-19 08:00:00+00:00,tt_gatsu,26.0,43.459934
3,2026-08-19 08:00:00+00:00,tt_grogol,27.0,32.45343
3,2026-08-19 08:00:00+00:00,tt_kebonjeruk,18.0,25.587215
3,2026-08-19 08:00:00+00:00,tt_kelapagading,22.0,26.084997
3,2026-08-19 08:00:00+00:00,tt_kuningan,21.0,19.07125
3,2026-08-19 08:00:00+00:00,tt_sudirman,22.0,28.82579
3,2026-08-19 08:00:00+00:00,tt_tangerang,48.0,40.686764
3,2026-08-19 08:00:00+00:00,tt_tbsimatupang,32.0,40.980423
3,2026-08-19 08:00:00+00:00,tt_thamrin,8.0,19.787632
3,2026-08-19 10:00:00+00:00,tt_bekasi,13.0,20.279217
3,2026-08-19 10:00:00+00:00,tt_bogor,30.0,36.27337
3,2026-08-19 10:00:00+00:00,tt_bsd,34.0,35.10448
3,2026-08-19 10:00:00+00:00,tt_cawang,43.0,24.579388
3,2026-08-19 10:00:00+00:00,tt_depok,23.0,29.780647
3,2026-08-19 10:00:00+00:00,tt_gatsu,23.0,36.91324
3,2026-08-19 10:00:00+00:00,tt_grogol,30.0,30.018078
3,2026-08-19 10:00:00+00:00,tt_kebonjeruk,19.0,24.404161
3,2026-08-19 10:00:00+00:00,tt_kelapagading,22.0,24.383379
3,2026-08-19 10:00:00+00:00,tt_kuningan,15.999999,22.035278
3,2026-08-19 10:00:00+00:00,tt_sudirman,19.0,24.75335
3,2026-08-19 10:00:00+00:00,tt_tangerang,28.0,39.438595
3,2026-08-19 10:00:00+00:00,tt_tbsimatupang,34.0,45.683323
3,2026-08-19 10:00:00+00:00,tt_thamrin,17.0,17.835014
3,2026-08-19 11:00:00+00:00,tt_bekasi,18.0,19.82582
3,2026-08-19 11:00:00+00:00,tt_bogor,33.0,35.99861
3,2026-08-19 11:00:00+00:00,tt_bsd,27.0,32.99896
3,2026-08-19 11:00:00+00:00,tt_cawang,43.0,28.737173
3,2026-08-19 11:00:00+00:00,tt_depok,25.0,28.931398
3,2026-08-19 11:00:00+00:00,tt_gatsu,35.0,34.358395
3,2026-08-19 11:00:00+00:00,tt_grogol,32.0,29.693356
3,2026-08-19 11:00:00+00:00,tt_kebonjeruk,21.0,23.409737
3,2026-08-19 11:00:00+00:00,tt_kelapagading,20.0,24.805332
3,2026-08-19 11:00:00+00:00,tt_kuningan,15.999999,22.815102
3,2026-08-19 11:00:00+00:00,tt_sudirman,15.999999,25.266201
3,2026-08-19 11:00:00+00:00,tt_tangerang,26.0,42.29247
3,2026-08-19 11:00:00+00:00,tt_tbsimatupang,44.0,41.20524
3,2026-08-19 11:00:00+00:00,tt_thamrin,10.0,16.415472
3,2026-08-19 13:00:00+00:00,tt_bekasi,18.0,19.78037
3,2026-08-19 13:00:00+00:00,tt_bogor,45.0,34.185104
3,2026-08-19 13:00:00+00:00,tt_bsd,34.0,33.78199
3,2026-08-19 13:00:00+00:00,tt_cawang,43.0,35.38494
3,2026-08-19 13:00:00+00:00,tt_depok,25.0,27.73024
3,2026-08-19 13:00:00+00:00,tt_gatsu,45.0,31.208565
3,2026-08-19 13:00:00+00:00,tt_grogol,31.0,30.80271
3,2026-08-19 13:00:00+00:00,tt_kebonjeruk,27.0,23.247486
3,2026-08-19 13:00:00+00:00,tt_kelapagading,23.0,25.601748
3,2026-08-19 13:00:00+00:00,tt_kuningan,13.0,22.084938
3,2026-08-19 13:00:00+00:00,tt_sudirman,30.0,24.843744
3,2026-08-19 13:00:00+00:00,tt_tangerang,48.0,38.635925
3,2026-08-19 13:00:00+00:00,tt_tbsimatupang,72.0,38.007927
3,2026-08-19 13:00:00+00:00,tt_thamrin,20.0,18.783413
3,2026-08-19 15:00:00+00:00,tt_bekasi,15.999999,22.173265
3,2026-08-19 15:00:00+00:00,tt_bogor,38.0,34.78389
3,2026-08-19 15:00:00+00:00,tt_bsd,34.0,31.415201
3,2026-08-19 15:00:00+00:00,tt_cawang,32.0,40.48363
3,2026-08-19 15:00:00+00:00,tt_depok,31.0,28.085676
3,2026-08-19 15:00:00+00:00,tt_gatsu,45.0,35.510868
3,2026-08-19 15:00:00+00:00,tt_grogol,40.0,32.842796
3,2026-08-19 15:00:00+00:00,tt_kebonjeruk,31.0,24.813955
3,2026-08-19 15:00:00+00:00,tt_kelapagading,29.0,25.272556
3,2026-08-19 15:00:00+00:00,tt_kuningan,21.0,21.40799
3,2026-08-19 15:00:00+00:00,tt_sudirman,29.0,22.892498
3,2026-08-19 15:00:00+00:00,tt_tangerang,48.0,33.312218
3,2026-08-19 15:00:00+00:00,tt_tbsimatupang,72.0,42.191353
3,2026-08-19 15:00:00+00:00,tt_thamrin,21.0,18.12449
3,2026-08-19 16:00:00+00:00,tt_bekasi,18.0,22.531147
3,2026-08-19 16:00:00+00:00,tt_bogor,45.0,38.161526
3,2026-08-19 16:00:00+00:00,tt_bsd,34.0,33.47847
3,2026-08-19 16:00:00+00:00,tt_cawang,43.0,40.876766
3,2026-08-19 16:00:00+00:00,tt_depok,31.0,28.01701
3,2026-08-19 16:00:00+00:00,tt_gatsu,45.0,39.00783
3,2026-08-19 16:00:00+00:00,tt_grogol,40.0,32.66219
3,2026-08-19 16:00:00+00:00,tt_kebonjeruk,35.0,27.36281
3,2026-08-19 16:00:00+00:00,tt_kelapagading,29.0,26.574543
3,2026-08-19 16:00:00+00:00,tt_kuningan,21.0,20.354298
3,2026-08-19 16:00:00+00:00,tt_sudirman,39.0,27.944832
3,2026-08-19 16:00:00+00:00,tt_tangerang,48.0,39.48343
3,2026-08-19 16:00:00+00:00,tt_tbsimatupang,72.0,51.497414
3,2026-08-19 16:00:00+00:00,tt_thamrin,22.0,21.644821
3,2026-08-19 18:00:00+00:00,tt_bekasi,18.0,20.914108
3,2026-08-19 18:00:00+00:00,tt_bogor,45.0,39.224514
3,2026-08-19 18:00:00+00:00,tt_bsd,34.0,34.361927
3,2026-08-19 18:00:00+00:00,tt_cawang,43.0,37.53423
3,2026-08-19 18:00:00+00:00,tt_depok,31.0,29.576351
3,2026-08-19 18:00:00+00:00,tt_gatsu,45.0,42.258186
3,2026-08-19 18:00:00+00:00,tt_grogol,40.0,34.695053
3,2026-08-19 18:00:00+00:00,tt_kebonjeruk,35.0,29.923952
3,2026-08-19 18:00:00+00:00,tt_kelapagading,29.0,28.279293
3,2026-08-19 18:00:00+00:00,tt_kuningan,21.0,21.222403
3,2026-08-19 18:00:00+00:00,tt_sudirman,39.0,29.721388
3,2026-08-19 18:00:00+00:00,tt_tangerang,44.0,44.441338
3,2026-08-19 18:00:00+00:00,tt_tbsimatupang,72.0,58.756157
3,2026-08-19 18:00:00+00:00,tt_thamrin,22.0,23.141064
3,2026-08-19 20:00:00+00:00,tt_bekasi,18.0,20.46688
3,2026-08-19 20:00:00+00:00,tt_bogor,45.0,40.95526
3,2026-08-19 20:00:00+00:00,tt_bsd,34.0,33.870876
3,2026-08-19 20:00:00+00:00,tt_cawang,43.0,39.124973
3,2026-08-19 20:00:00+00:00,tt_depok,31.0,30.25232
3,2026-08-19 20:00:00+00:00,tt_gatsu,45.0,42.610573
3,2026-08-19 20:00:00+00:00,tt_grogol,40.0,36.701283
3,2026-08-19 20:00:00+00:00,tt_kebonjeruk,35.0,31.871418
3,2026-08-19 20:00:00+00:00,tt_kelapagading,29.0,28.75469
3,2026-08-19 20:00:00+00:00,tt_kuningan,21.0,21.762003
3,2026-08-19 20:00:00+00:00,tt_sudirman,39.0,33.601643
3,2026-08-19 20:00:00+00:00,tt_tangerang,48.0,45.194656
3,2026-08-19 20:00:00+00:00,tt_tbsimatupang,72.0,59.510834
3,2026-08-19 20:00:00+00:00,tt_thamrin,22.0,23.333282
3,2026-08-19 21:00:00+00:00,tt_bekasi,18.0,19.98032
3,2026-08-19 21:00:00+00:00,tt_bogor,45.0,41.3985
3,2026-08-19 21:00:00+00:00,tt_bsd,34.0,33.605145
3,2026-08-19 21:00:00+00:00,tt_cawang,43.0,39.548668
3,2026-08-19 21:00:00+00:00,tt_depok,31.0,30.141842
3,2026-08-19 21:00:00+00:00,tt_gatsu,45.0,42.70496
3,2026-08-19 21:00:00+00:00,tt_grogol,40.0,37.06252
3,2026-08-19 21:00:00+00:00,tt_kebonjeruk,35.0,32.15435
3,2026-08-19 21:00:00+00:00,tt_kelapagading,29.0,28.415253
3,2026-08-19 21:00:00+00:00,tt_kuningan,21.0,21.421728
3,2026-08-19 21:00:00+00:00,tt_sudirman,39.0,34.648476
3,2026-08-19 21:00:00+00:00,tt_tangerang,48.0,44.016243
3,2026-08-19 21:00:00+00:00,tt_tbsimatupang,72.0,59.50529
3,2026-08-19 21:00:00+00:00,tt_thamrin,22.0,22.862719
3,2026-08-19 23:00:00+00:00,tt_bekasi,17.0,18.97968
3,2026-08-19 23:00:00+00:00,tt_bogor,35.0,41.75879
3,2026-08-19 23:00:00+00:00,tt_bsd,34.0,33.198856
3,2026-08-19 23:00:00+00:00,tt_cawang,26.0,39.897617
3,2026-08-19 23:00:00+00:00,tt_depok,31.0,29.765295
3,2026-08-19 23:00:00+00:00,tt_gatsu,45.0,42.778526
3,2026-08-19 23:00:00+00:00,tt_grogol,35.0,37.327385
3,2026-08-19 23:00:00+00:00,tt_kebonjeruk,30.0,32.22284
3,2026-08-19 23:00:00+00:00,tt_kelapagading,29.0,27.653597
3,2026-08-19 23:00:00+00:00,tt_kuningan,21.0,20.640041
3,2026-08-19 23:00:00+00:00,tt_sudirman,39.0,35.609005
3,2026-08-19 23:00:00+00:00,tt_tangerang,48.0,43.990536
3,2026-08-19 23:00:00+00:00,tt_tbsimatupang,72.0,59.401604
3,2026-08-19 23:00:00+00:00,tt_thamrin,20.0,21.859135
3,2026-08-20 01:00:00+00:00,tt_bekasi,18.0,18.1344
3,2026-08-20 01:00:00+00:00,tt_bogor,35.0,41.845634
3,2026-08-20 01:00:00+00:00,tt_bsd,29.0,32.927704
3,2026-08-20 01:00:00+00:00,tt_cawang,14.0,39.93658
3,2026-08-20 01:00:00+00:00,tt_depok,31.0,29.438517
3,2026-08-20 01:00:00+00:00,tt_gatsu,37.0,42.818176
3,2026-08-20 01:00:00+00:00,tt_grogol,30.0,37.392014
3,2026-08-20 01:00:00+00:00,tt_kebonjeruk,26.0,32.088017
3,2026-08-20 01:00:00+00:00,tt_kelapagading,29.0,27.030527
3,2026-08-20 01:00:00+00:00,tt_kuningan,21.0,19.93821
3,2026-08-20 01:00:00+00:00,tt_sudirman,27.0,35.918938
3,2026-08-20 01:00:00+00:00,tt_tangerang,36.0,44.77073
3,2026-08-20 01:00:00+00:00,tt_tbsimatupang,18.0,59.313305
3,2026-08-20 01:00:00+00:00,tt_thamrin,18.0,20.967545
3,2026-08-20 02:00:00+00:00,tt_bekasi,18.0,17.42135
3,2026-08-20 02:00:00+00:00,tt_bogor,40.0,38.72126
3,2026-08-20 02:00:00+00:00,tt_bsd,34.0,33.007843
3,2026-08-20 02:00:00+00:00,tt_cawang,18.0,34.907215
3,2026-08-20 02:00:00+00:00,tt_depok,31.0,29.341614
3,2026-08-20 02:00:00+00:00,tt_gatsu,45.0,43.14955
3,2026-08-20 02:00:00+00:00,tt_grogol,30.0,36.383602
3,2026-08-20 02:00:00+00:00,tt_kebonjeruk,26.0,30.885942
3,2026-08-20 02:00:00+00:00,tt_kelapagading,25.0,26.871624
3,2026-08-20 02:00:00+00:00,tt_kuningan,21.0,19.502316
3,2026-08-20 02:00:00+00:00,tt_sudirman,25.0,36.315052
3,2026-08-20 02:00:00+00:00,tt_tangerang,48.0,45.09874
3,2026-08-20 02:00:00+00:00,tt_tbsimatupang,21.0,59.398403
3,2026-08-20 02:00:00+00:00,tt_thamrin,18.0,19.941853
3,2026-08-20 04:00:00+00:00,tt_bekasi,15.0,16.667385
3,2026-08-20 04:00:00+00:00,tt_bogor,35.0,36.031887
3,2026-08-20 04:00:00+00:00,tt_bsd,34.0,31.241585
3,2026-08-20 04:00:00+00:00,tt_cawang,20.0,25.989044
3,2026-08-20 04:00:00+00:00,tt_depok,27.0,29.36108
3,2026-08-20 04:00:00+00:00,tt_gatsu,45.0,40.91637
3,2026-08-20 04:00:00+00:00,tt_grogol,25.0,33.515438
3,2026-08-20 04:00:00+00:00,tt_kebonjeruk,25.0,28.277905
3,2026-08-20 04:00:00+00:00,tt_kelapagading,22.0,26.62745
3,2026-08-20 04:00:00+00:00,tt_kuningan,21.0,19.014986
3,2026-08-20 04:00:00+00:00,tt_sudirman,26.0,33.168186
3,2026-08-20 04:00:00+00:00,tt_tangerang,48.0,41.85388
3,2026-08-20 04:00:00+00:00,tt_tbsimatupang,45.0,43.844612
3,2026-08-20 04:00:00+00:00,tt_thamrin,13.0,17.970657
3,2026-08-20 06:00:00+00:00,tt_bekasi,15.0,17.750122
3,2026-08-20 06:00:00+00:00,tt_bogor,39.0,38.49009
3,2026-08-20 06:00:00+00:00,tt_bsd,34.0,33.418568
3,2026-08-20 06:00:00+00:00,tt_cawang,28.0,23.713009
3,2026-08-20 06:00:00+00:00,tt_depok,29.0,30.455854
3,2026-08-20 06:00:00+00:00,tt_gatsu,28.0,43.425327
3,2026-08-20 06:00:00+00:00,tt_grogol,29.0,31.758877
3,2026-08-20 06:00:00+00:00,tt_kebonjeruk,25.0,27.116465
3,2026-08-20 06:00:00+00:00,tt_kelapagading,20.0,25.318481
3,2026-08-20 06:00:00+00:00,tt_kuningan,15.999999,20.047298
3,2026-08-20 06:00:00+00:00,tt_sudirman,21.0,29.587093
3,2026-08-20 06:00:00+00:00,tt_tangerang,38.0,44.80448
3,2026-08-20 06:00:00+00:00,tt_tbsimatupang,27.0,35.528717
3,2026-08-20 06:00:00+00:00,tt_thamrin,12.0,17.872005
3,2026-08-20 07:00:00+00:00,tt_bekasi,15.999999,17.685495
3,2026-08-20 07:00:00+00:00,tt_bogor,36.0,37.547604
3,2026-08-20 07:00:00+00:00,tt_bsd,34.0,34.073364
3,2026-08-20 07:00:00+00:00,tt_cawang,21.0,24.01333
3,2026-08-20 07:00:00+00:00,tt_depok,26.0,29.525337
3,2026-08-20 07:00:00+00:00,tt_gatsu,20.0,44.15376
3,2026-08-20 07:00:00+00:00,tt_grogol,29.0,29.685545
3,2026-08-20 07:00:00+00:00,tt_kebonjeruk,22.0,26.55849
3,2026-08-20 07:00:00+00:00,tt_kelapagading,20.0,24.284468
3,2026-08-20 07:00:00+00:00,tt_kuningan,21.0,20.7527
3,2026-08-20 07:00:00+00:00,tt_sudirman,20.0,29.12312
3,2026-08-20 07:00:00+00:00,tt_tangerang,37.0,45.502926
3,2026-08-20 07:00:00+00:00,tt_tbsimatupang,49.0,41.674797
3,2026-08-20 07:00:00+00:00,tt_thamrin,12.0,16.759197
3,2026-08-20 09:00:00+00:00,tt_bekasi,14.0,17.91008
3,2026-08-20 09:00:00+00:00,tt_bogor,34.0,37.55558
3,2026-08-20 09:00:00+00:00,tt_bsd,28.0,34.633305
3,2026-08-20 09:00:00+00:00,tt_cawang,30.0,26.11985
3,2026-08-20 09:00:00+00:00,tt_depok,26.0,29.70987
3,2026-08-20 09:00:00+00:00,tt_gatsu,32.0,39.00649
3,2026-08-20 09:00:00+00:00,tt_grogol,31.0,29.782684
3,2026-08-20 09:00:00+00:00,tt_kebonjeruk,21.0,26.409168
3,2026-08-20 09:00:00+00:00,tt_kelapagading,21.0,22.906834
3,2026-08-20 09:00:00+00:00,tt_kuningan,13.0,20.039803
3,2026-08-20 09:00:00+00:00,tt_sudirman,23.0,26.80666
3,2026-08-20 09:00:00+00:00,tt_tangerang,34.0,42.957947
3,2026-08-20 09:00:00+00:00,tt_tbsimatupang,47.0,38.95255
3,2026-08-20 09:00:00+00:00,tt_thamrin,18.0,15.793174
3,2026-08-20 11:00:00+00:00,tt_bekasi,18.0,19.355602
3,2026-08-20 11:00:00+00:00,tt_bogor,35.0,37.180195
3,2026-08-20 11:00:00+00:00,tt_bsd,34.0,35.19443
3,2026-08-20 11:00:00+00:00,tt_cawang,33.0,24.61666
3,2026-08-20 11:00:00+00:00,tt_depok,26.0,28.868546
3,2026-08-20 11:00:00+00:00,tt_gatsu,7.0,31.355682
3,2026-08-20 11:00:00+00:00,tt_grogol,29.0,30.550415
3,2026-08-20 11:00:00+00:00,tt_kebonjeruk,18.0,25.092632
3,2026-08-20 11:00:00+00:00,tt_kelapagading,21.0,22.903587
3,2026-08-20 11:00:00+00:00,tt_kuningan,15.999999,22.218643
3,2026-08-20 11:00:00+00:00,tt_sudirman,12.0,25.135021
3,2026-08-20 11:00:00+00:00,tt_tangerang,35.0,39.95452
3,2026-08-20 11:00:00+00:00,tt_tbsimatupang,24.0,45.895847
3,2026-08-20 11:00:00+00:00,tt_thamrin,10.0,16.293802
3,2026-08-20 12:00:00+00:00,tt_bekasi,14.0,19.29948
3,2026-08-20 12:00:00+00:00,tt_bogor,37.0,36.536938
3,2026-08-20 12:00:00+00:00,tt_bsd,34.0,33.28338
3,2026-08-20 12:00:00+00:00,tt_cawang,43.0,27.54095
3,2026-08-20 12:00:00+00:00,tt_depok,24.0,28.786522
3,2026-08-20 12:00:00+00:00,tt_gatsu,10.0,33.924004
3,2026-08-20 12:00:00+00:00,tt_grogol,32.0,31.47792
3,2026-08-20 12:00:00+00:00,tt_kebonjeruk,23.0,24.691792
3,2026-08-20 12:00:00+00:00,tt_kelapagading,21.0,23.844429
3,2026-08-20 12:00:00+00:00,tt_kuningan,13.0,20.3661
3,2026-08-20 12:00:00+00:00,tt_sudirman,22.0,25.988773
3,2026-08-20 12:00:00+00:00,tt_tangerang,48.0,38.347454
3,2026-08-20 12:00:00+00:00,tt_tbsimatupang,40.0,46.440636
3,2026-08-20 12:00:00+00:00,tt_thamrin,9.0,18.792866
3,2026-08-20 14:00:00+00:00,tt_bekasi,18.0,20.726997
3,2026-08-20 14:00:00+00:00,tt_bogor,38.0,36.045452
3,2026-08-20 14:00:00+00:00,tt_bsd,27.0,33.75445
3,2026-08-20 14:00:00+00:00,tt_cawang,32.0,30.996994
3,2026-08-20 14:00:00+00:00,tt_depok,31.0,28.781063
3,2026-08-20 14:00:00+00:00,tt_gatsu,45.0,27.745707
3,2026-08-20 14:00:00+00:00,tt_grogol,40.0,31.366909
3,2026-08-20 14:00:00+00:00,tt_kebonjeruk,28.0,23.655056
3,2026-08-20 14:00:00+00:00,tt_kelapagading,29.0,24.400589
3,2026-08-20 14:00:00+00:00,tt_kuningan,15.999999,20.13148
3,2026-08-20 14:00:00+00:00,tt_sudirman,39.0,22.928612
3,2026-08-20 14:00:00+00:00,tt_tangerang,48.0,37.069798
3,2026-08-20 14:00:00+00:00,tt_tbsimatupang,59.0,39.026463
3,2026-08-20 14:00:00+00:00,tt_thamrin,13.0,18.330126
3,2026-08-20 16:00:00+00:00,tt_bekasi,15.0,20.245022
3,2026-08-20 16:00:00+00:00,tt_bogor,45.0,37.49941
3,2026-08-20 16:00:00+00:00,tt_bsd,34.0,35.364166
3,2026-08-20 16:00:00+00:00,tt_cawang,43.0,38.887672
3,2026-08-20 16:00:00+00:00,tt_depok,31.0,27.846264
3,2026-08-20 16:00:00+00:00,tt_gatsu,45.0,23.241058
3,2026-08-20 16:00:00+00:00,tt_grogol,40.0,32.842007
3,2026-08-20 16:00:00+00:00,tt_kebonjeruk,35.0,25.756283
3,2026-08-20 16:00:00+00:00,tt_kelapagading,29.0,25.304276
3,2026-08-20 16:00:00+00:00,tt_kuningan,21.0,19.388039
3,2026-08-20 16:00:00+00:00,tt_sudirman,39.0,25.463102
3,2026-08-20 16:00:00+00:00,tt_tangerang,48.0,43.571136
3,2026-08-20 16:00:00+00:00,tt_tbsimatupang,72.0,41.174168
3,2026-08-20 16:00:00+00:00,tt_thamrin,22.0,17.471249
3,2026-08-20 17:00:00+00:00,tt_bekasi,18.0,21.642124
3,2026-08-20 17:00:00+00:00,tt_bogor,45.0,37.755306
3,2026-08-20 17:00:00+00:00,tt_bsd,34.0,33.238182
3,2026-08-20 17:00:00+00:00,tt_cawang,43.0,36.982403
3,2026-08-20 17:00:00+00:00,tt_depok,31.0,30.076807
3,2026-08-20 17:00:00+00:00,tt_gatsu,45.0,33.847782
3,2026-08-20 17:00:00+00:00,tt_grogol,40.0,35.071228
3,2026-08-20 17:00:00+00:00,tt_kebonjeruk,35.0,27.813927
3,2026-08-20 17:00:00+00:00,tt_kelapagading,29.0,28.72681
3,2026-08-20 17:00:00+00:00,tt_kuningan,21.0,20.268932
3,2026-08-20 17:00:00+00:00,tt_sudirman,39.0,32.116592
3,2026-08-20 17:00:00+00:00,tt_tangerang,48.0,44.720196
3,2026-08-20 17:00:00+00:00,tt_tbsimatupang,72.0,47.475372
3,2026-08-20 17:00:00+00:00,tt_thamrin,22.0,19.185398
3,2026-08-20 19:00:00+00:00,tt_bekasi,18.0,21.097212
3,2026-08-20 19:00:00+00:00,tt_bogor,45.0,39.22876
3,2026-08-20 19:00:00+00:00,tt_bsd,34.0,33.15517
3,2026-08-20 19:00:00+00:00,tt_cawang,43.0,37.045662
3,2026-08-20 19:00:00+00:00,tt_depok,31.0,31.144152
3,2026-08-20 19:00:00+00:00,tt_gatsu,45.0,40.881413
3,2026-08-20 19:00:00+00:00,tt_grogol,40.0,37.021774
3,2026-08-20 19:00:00+00:00,tt_kebonjeruk,35.0,30.449286
3,2026-08-20 19:00:00+00:00,tt_kelapagading,29.0,30.015995
3,2026-08-20 19:00:00+00:00,tt_kuningan,21.0,22.061684
3,2026-08-20 19:00:00+00:00,tt_sudirman,39.0,36.488037
3,2026-08-20 19:00:00+00:00,tt_tangerang,48.0,45.32027
3,2026-08-20 19:00:00+00:00,tt_tbsimatupang,72.0,56.18846
3,2026-08-20 19:00:00+00:00,tt_thamrin,22.0,22.35254
3,2026-08-20 21:00:00+00:00,tt_bekasi,18.0,20.872492
3,2026-08-20 21:00:00+00:00,tt_bogor,45.0,40.971046
3,2026-08-20 21:00:00+00:00,tt_bsd,34.0,33.572372
3,2026-08-20 21:00:00+00:00,tt_cawang,43.0,38.981163
3,2026-08-20 21:00:00+00:00,tt_depok,31.0,30.665157
3,2026-08-20 21:00:00+00:00,tt_gatsu,45.0,42.185165
3,2026-08-20 21:00:00+00:00,tt_grogol,40.0,37.427067
3,2026-08-20 21:00:00+00:00,tt_kebonjeruk,35.0,31.827229
3,2026-08-20 21:00:00+00:00,tt_kelapagading,29.0,29.137358
3,2026-08-20 21:00:00+00:00,tt_kuningan,21.0,22.105827
3,2026-08-20 21:00:00+00:00,tt_sudirman,39.0,36.888153
3,2026-08-20 21:00:00+00:00,tt_tangerang,48.0,45.263733
3,2026-08-20 21:00:00+00:00,tt_tbsimatupang,72.0,59.19361
3,2026-08-20 21:00:00+00:00,tt_thamrin,22.0,23.005653
3,2026-08-20 22:00:00+00:00,tt_bekasi,18.0,20.360573
3,2026-08-20 22:00:00+00:00,tt_bogor,45.0,41.344456
3,2026-08-20 22:00:00+00:00,tt_bsd,34.0,33.448376
3,2026-08-20 22:00:00+00:00,tt_cawang,43.0,39.423946
3,2026-08-20 22:00:00+00:00,tt_depok,31.0,30.354275
3,2026-08-20 22:00:00+00:00,tt_gatsu,45.0,42.468113
3,2026-08-20 22:00:00+00:00,tt_grogol,40.0,37.477146
3,2026-08-20 22:00:00+00:00,tt_kebonjeruk,35.0,31.991365
3,2026-08-20 22:00:00+00:00,tt_kelapagading,29.0,28.562502
3,2026-08-20 22:00:00+00:00,tt_kuningan,21.0,21.659395
3,2026-08-20 22:00:00+00:00,tt_sudirman,39.0,36.840866
3,2026-08-20 22:00:00+00:00,tt_tangerang,48.0,45.252857
3,2026-08-20 22:00:00+00:00,tt_tbsimatupang,72.0,59.421455
3,2026-08-20 22:00:00+00:00,tt_thamrin,22.0,22.59834
3,2026-08-21 00:00:00+00:00,tt_bekasi,18.0,19.338356
3,2026-08-21 00:00:00+00:00,tt_bogor,35.0,41.671
3,2026-08-21 00:00:00+00:00,tt_bsd,29.0,33.15147
3,2026-08-21 00:00:00+00:00,tt_cawang,18.0,39.804737
3,2026-08-21 00:00:00+00:00,tt_depok,25.0,29.825508
3,2026-08-21 00:00:00+00:00,tt_gatsu,45.0,42.684494
3,2026-08-21 00:00:00+00:00,tt_grogol,34.0,37.49797
3,2026-08-21 00:00:00+00:00,tt_kebonjeruk,25.0,32.033604
3,2026-08-21 00:00:00+00:00,tt_kelapagading,26.0,27.656868
3,2026-08-21 00:00:00+00:00,tt_kuningan,21.0,20.754288
3,2026-08-21 00:00:00+00:00,tt_sudirman,31.0,36.690235
3,2026-08-21 00:00:00+00:00,tt_tangerang,37.0,45.24498
3,2026-08-21 00:00:00+00:00,tt_tbsimatupang,32.0,59.413807
3,2026-08-21 00:00:00+00:00,tt_thamrin,22.0,21.684132
3,2026-08-21 02:00:00+00:00,tt_bekasi,17.0,18.391056
3,2026-08-21 02:00:00+00:00,tt_bogor,37.0,41.772343
3,2026-08-21 02:00:00+00:00,tt_bsd,28.0,32.900608
3,2026-08-21 02:00:00+00:00,tt_cawang,19.0,39.8988
3,2026-08-21 02:00:00+00:00,tt_depok,26.0,29.444233
3,2026-08-21 02:00:00+00:00,tt_gatsu,45.0,42.769543
3,2026-08-21 02:00:00+00:00,tt_grogol,31.0,37.482796
3,2026-08-21 02:00:00+00:00,tt_kebonjeruk,26.0,31.955538
3,2026-08-21 02:00:00+00:00,tt_kelapagading,29.0,26.994068
3,2026-08-21 02:00:00+00:00,tt_kuningan,21.0,19.957096
3,2026-08-21 02:00:00+00:00,tt_sudirman,23.0,36.52697
3,2026-08-21 02:00:00+00:00,tt_tangerang,37.0,45.243153
3,2026-08-21 02:00:00+00:00,tt_tbsimatupang,37.0,59.344116
3,2026-08-21 02:00:00+00:00,tt_thamrin,22.0,20.838919
3,2026-08-21 03:00:00+00:00,tt_bekasi,15.0,17.518658
3,2026-08-21 03:00:00+00:00,tt_bogor,38.0,39.336693
3,2026-08-21 03:00:00+00:00,tt_bsd,34.0,31.137016
3,2026-08-21 03:00:00+00:00,tt_cawang,21.0,32.585304
3,2026-08-21 03:00:00+00:00,tt_depok,31.0,27.12914
3,2026-08-21 03:00:00+00:00,tt_gatsu,45.0,43.305336
3,2026-08-21 03:00:00+00:00,tt_grogol,27.0,36.287254
3,2026-08-21 03:00:00+00:00,tt_kebonjeruk,24.0,29.092615
3,2026-08-21 03:00:00+00:00,tt_kelapagading,23.0,25.666512
3,2026-08-21 03:00:00+00:00,tt_kuningan,15.999999,19.170963
3,2026-08-21 03:00:00+00:00,tt_sudirman,28.0,34.47727
3,2026-08-21 03:00:00+00:00,tt_tangerang,48.0,42.17357
3,2026-08-21 03:00:00+00:00,tt_tbsimatupang,48.0,46.85814
3,2026-08-21 03:00:00+00:00,tt_thamrin,15.999999,20.199364
3,2026-08-21 05:00:00+00:00,tt_bekasi,15.999999,17.358913
3,2026-08-21 05:00:00+00:00,tt_bogor,45.0,37.82149
3,2026-08-21 05:00:00+00:00,tt_bsd,34.0,29.748516
3,2026-08-21 05:00:00+00:00,tt_cawang,43.0,27.167986
3,2026-08-21 05:00:00+00:00,tt_depok,31.0,26.410074
3,2026-08-21 05:00:00+00:00,tt_gatsu,45.0,44.18135
3,2026-08-21 05:00:00+00:00,tt_grogol,32.0,33.881657
3,2026-08-21 05:00:00+00:00,tt_kebonjeruk,27.0,27.266468
3,2026-08-21 05:00:00+00:00,tt_kelapagading,23.0,26.083641
3,2026-08-21 05:00:00+00:00,tt_kuningan,21.0,19.631586
3,2026-08-21 05:00:00+00:00,tt_sudirman,34.0,30.04895
3,2026-08-21 05:00:00+00:00,tt_tangerang,48.0,39.45363
3,2026-08-21 05:00:00+00:00,tt_tbsimatupang,72.0,41.274063
3,2026-08-21 05:00:00+00:00,tt_thamrin,21.0,20.324892
3,2026-08-21 07:00:00+00:00,tt_bekasi,14.0,17.302029
3,2026-08-21 07:00:00+00:00,tt_bogor,35.0,38.247417
3,2026-08-21 07:00:00+00:00,tt_bsd,34.0,33.122726
3,2026-08-21 07:00:00+00:00,tt_cawang,28.0,26.346909
3,2026-08-21 07:00:00+00:00,tt_depok,25.0,30.081003
3,2026-08-21 07:00:00+00:00,tt_gatsu,36.0,44.65873
3,2026-08-21 07:00:00+00:00,tt_grogol,28.0,30.424341
3,2026-08-21 07:00:00+00:00,tt_kebonjeruk,21.0,26.147715
3,2026-08-21 07:00:00+00:00,tt_kelapagading,20.0,24.358047
3,2026-08-21 07:00:00+00:00,tt_kuningan,21.0,18.396294
3,2026-08-21 07:00:00+00:00,tt_sudirman,18.0,29.594673
3,2026-08-21 07:00:00+00:00,tt_tangerang,39.0,43.851284
3,2026-08-21 07:00:00+00:00,tt_tbsimatupang,52.0,45.963448
3,2026-08-21 07:00:00+00:00,tt_thamrin,18.0,18.227386
3,2026-08-21 08:00:00+00:00,tt_bekasi,15.999999,18.220716
3,2026-08-21 08:00:00+00:00,tt_bogor,34.0,39.783142
3,2026-08-21 08:00:00+00:00,tt_bsd,34.0,33.790314
3,2026-08-21 08:00:00+00:00,tt_cawang,31.0,32.522327
3,2026-08-21 08:00:00+00:00,tt_depok,25.0,30.844913
3,2026-08-21 08:00:00+00:00,tt_gatsu,35.0,44.37304
3,2026-08-21 08:00:00+00:00,tt_grogol,29.0,31.866528
3,2026-08-21 08:00:00+00:00,tt_kebonjeruk,24.0,27.150017
3,2026-08-21 08:00:00+00:00,tt_kelapagading,21.0,24.330807
3,2026-08-21 08:00:00+00:00,tt_kuningan,17.0,20.46708
3,2026-08-21 08:00:00+00:00,tt_sudirman,24.0,31.223534
3,2026-08-21 08:00:00+00:00,tt_tangerang,40.0,44.734055
3,2026-08-21 08:00:00+00:00,tt_tbsimatupang,38.0,53.585426
3,2026-08-21 08:00:00+00:00,tt_thamrin,10.0,19.92948
3,2026-08-21 10:00:00+00:00,tt_bekasi,15.0,17.516846
3,2026-08-21 10:00:00+00:00,tt_bogor,32.0,38.93866
3,2026-08-21 10:00:00+00:00,tt_bsd,34.0,34.004234
3,2026-08-21 10:00:00+00:00,tt_cawang,22.0,33.38608
3,2026-08-21 10:00:00+00:00,tt_depok,24.0,28.721483
3,2026-08-21 10:00:00+00:00,tt_gatsu,34.0,41.27299
3,2026-08-21 10:00:00+00:00,tt_grogol,32.0,31.095663
3,2026-08-21 10:00:00+00:00,tt_kebonjeruk,20.0,25.525599
3,2026-08-21 10:00:00+00:00,tt_kelapagading,19.0,22.617283
3,2026-08-21 10:00:00+00:00,tt_kuningan,13.0,20.995861
3,2026-08-21 10:00:00+00:00,tt_sudirman,22.0,27.180033
3,2026-08-21 10:00:00+00:00,tt_tangerang,29.0,42.882843
3,2026-08-21 10:00:00+00:00,tt_tbsimatupang,27.0,53.52707
3,2026-08-21 10:00:00+00:00,tt_thamrin,19.0,19.603642
6,2026-08-18 07:00:00+00:00,tt_bekasi,15.0,15.736851
6,2026-08-18 07:00:00+00:00,tt_bogor,34.0,37.60429
6,2026-08-18 07:00:00+00:00,tt_bsd,30.0,32.76962
6,2026-08-18 07:00:00+00:00,tt_cawang,43.0,29.835117
6,2026-08-18 07:00:00+00:00,tt_depok,31.0,27.495985
6,2026-08-18 07:00:00+00:00,tt_gatsu,45.0,42.103607
6,2026-08-18 07:00:00+00:00,tt_grogol,32.0,33.125664
6,2026-08-18 07:00:00+00:00,tt_kebonjeruk,25.0,28.607784
6,2026-08-18 07:00:00+00:00,tt_kelapagading,22.0,24.960941
6,2026-08-18 07:00:00+00:00,tt_kuningan,15.0,17.482136
6,2026-08-18 07:00:00+00:00,tt_sudirman,28.0,33.340237
6,2026-08-18 07:00:00+00:00,tt_tangerang,38.0,40.599545
6,2026-08-18 07:00:00+00:00,tt_tbsimatupang,57.0,47.58799
6,2026-08-18 07:00:00+00:00,tt_thamrin,22.0,16.8922
6,2026-08-18 09:00:00+00:00,tt_bekasi,14.0,18.080236
6,2026-08-18 09:00:00+00:00,tt_bogor,35.0,37.63759
6,2026-08-18 09:00:00+00:00,tt_bsd,28.0,34.336876
6,2026-08-18 09:00:00+00:00,tt_cawang,29.0,29.682507
6,2026-08-18 09:00:00+00:00,tt_depok,24.0,30.50168
6,2026-08-18 09:00:00+00:00,tt_gatsu,45.0,40.195942
6,2026-08-18 09:00:00+00:00,tt_grogol,32.0,32.93413
6,2026-08-18 09:00:00+00:00,tt_kebonjeruk,23.0,28.60552
6,2026-08-18 09:00:00+00:00,tt_kelapagading,23.0,26.753578
6,2026-08-18 09:00:00+00:00,tt_kuningan,21.0,20.251743
6,2026-08-18 09:00:00+00:00,tt_sudirman,31.0,31.64068
6,2026-08-18 09:00:00+00:00,tt_tangerang,38.0,42.447685
6,2026-08-18 09:00:00+00:00,tt_tbsimatupang,43.0,42.827408
6,2026-08-18 09:00:00+00:00,tt_thamrin,22.0,17.726925
6,2026-08-18 10:00:00+00:00,tt_bekasi,14.0,19.190548
6,2026-08-18 10:00:00+00:00,tt_bogor,35.0,36.93708
6,2026-08-18 10:00:00+00:00,tt_bsd,34.0,33.741817
6,2026-08-18 10:00:00+00:00,tt_cawang,30.0,29.456161
6,2026-08-18 10:00:00+00:00,tt_depok,25.0,31.267204
6,2026-08-18 10:00:00+00:00,tt_gatsu,3.999998,39.180035
6,2026-08-18 10:00:00+00:00,tt_grogol,31.0,32.930325
6,2026-08-18 10:00:00+00:00,tt_kebonjeruk,21.0,28.65533
6,2026-08-18 10:00:00+00:00,tt_kelapagading,21.0,27.89643
6,2026-08-18 10:00:00+00:00,tt_kuningan,14.0,20.61754
6,2026-08-18 10:00:00+00:00,tt_sudirman,23.0,31.263758
6,2026-08-18 10:00:00+00:00,tt_tangerang,34.0,41.315865
6,2026-08-18 10:00:00+00:00,tt_tbsimatupang,44.0,45.631294
6,2026-08-18 10:00:00+00:00,tt_thamrin,22.0,18.669682
6,2026-08-18 12:00:00+00:00,tt_bekasi,14.0,20.582237
6,2026-08-18 12:00:00+00:00,tt_bogor,35.0,36.8386
6,2026-08-18 12:00:00+00:00,tt_bsd,34.0,32.798794
6,2026-08-18 12:00:00+00:00,tt_cawang,34.0,29.448278
6,2026-08-18 12:00:00+00:00,tt_depok,26.0,30.656332
6,2026-08-18 12:00:00+00:00,tt_gatsu,45.0,41.65355
6,2026-08-18 12:00:00+00:00,tt_grogol,32.0,34.666508
6,2026-08-18 12:00:00+00:00,tt_kebonjeruk,25.0,28.009153
6,2026-08-18 12:00:00+00:00,tt_kelapagading,22.0,26.985142
6,2026-08-18 12:00:00+00:00,tt_kuningan,13.0,22.47881
6,2026-08-18 12:00:00+00:00,tt_sudirman,29.0,31.765104
6,2026-08-18 12:00:00+00:00,tt_tangerang,48.0,40.591515
6,2026-08-18 12:00:00+00:00,tt_tbsimatupang,72.0,47.524048
6,2026-08-18 12:00:00+00:00,tt_thamrin,17.0,20.444551
6,2026-08-18 14:00:00+00:00,tt_bekasi,15.999999,21.03166
6,2026-08-18 14:00:00+00:00,tt_bogor,45.0,35.01707
6,2026-08-18 14:00:00+00:00,tt_bsd,34.0,32.34588
6,2026-08-18 14:00:00+00:00,tt_cawang,32.0,34.57093
6,2026-08-18 14:00:00+00:00,tt_depok,26.0,30.844833
6,2026-08-18 14:00:00+00:00,tt_gatsu,45.0,42.316826
6,2026-08-18 14:00:00+00:00,tt_grogol,40.0,33.74329
6,2026-08-18 14:00:00+00:00,tt_kebonjeruk,31.0,28.503365
6,2026-08-18 14:00:00+00:00,tt_kelapagading,29.0,26.1509
6,2026-08-18 14:00:00+00:00,tt_kuningan,15.999999,21.429594
6,2026-08-18 14:00:00+00:00,tt_sudirman,30.0,30.571472
6,2026-08-18 14:00:00+00:00,tt_tangerang,48.0,39.42088
6,2026-08-18 14:00:00+00:00,tt_tbsimatupang,72.0,48.87239
6,2026-08-18 14:00:00+00:00,tt_thamrin,22.0,22.043264
6,2026-08-18 15:00:00+00:00,tt_bekasi,15.999999,21.16497
6,2026-08-18 15:00:00+00:00,tt_bogor,45.0,34.732136
6,2026-08-18 15:00:00+00:00,tt_bsd,34.0,31.979853
6,2026-08-18 15:00:00+00:00,tt_cawang,43.0,33.536446
6,2026-08-18 15:00:00+00:00,tt_depok,31.0,30.087873
6,2026-08-18 15:00:00+00:00,tt_gatsu,45.0,42.91578
6,2026-08-18 15:00:00+00:00,tt_grogol,40.0,33.472946
6,2026-08-18 15:00:00+00:00,tt_kebonjeruk,35.0,28.401167
6,2026-08-18 15:00:00+00:00,tt_kelapagading,29.0,26.01577
6,2026-08-18 15:00:00+00:00,tt_kuningan,21.0,22.322647
6,2026-08-18 15:00:00+00:00,tt_sudirman,39.0,30.790472
6,2026-08-18 15:00:00+00:00,tt_tangerang,48.0,38.99634
6,2026-08-18 15:00:00+00:00,tt_tbsimatupang,72.0,47.535374
6,2026-08-18 15:00:00+00:00,tt_thamrin,22.0,22.594723
6,2026-08-18 17:00:00+00:00,tt_bekasi,17.0,22.599298
6,2026-08-18 17:00:00+00:00,tt_bogor,45.0,35.552822
6,2026-08-18 17:00:00+00:00,tt_bsd,34.0,34.438732
6,2026-08-18 17:00:00+00:00,tt_cawang,43.0,34.046318
6,2026-08-18 17:00:00+00:00,tt_depok,31.0,30.234295
6,2026-08-18 17:00:00+00:00,tt_gatsu,45.0,38.82342
6,2026-08-18 17:00:00+00:00,tt_grogol,40.0,33.034355
6,2026-08-18 17:00:00+00:00,tt_kebonjeruk,35.0,28.329239
6,2026-08-18 17:00:00+00:00,tt_kelapagading,29.0,26.927841
6,2026-08-18 17:00:00+00:00,tt_kuningan,21.0,22.653572
6,2026-08-18 17:00:00+00:00,tt_sudirman,39.0,29.91854
6,2026-08-18 17:00:00+00:00,tt_tangerang,48.0,37.73357
6,2026-08-18 17:00:00+00:00,tt_tbsimatupang,72.0,45.862213
6,2026-08-18 17:00:00+00:00,tt_thamrin,22.0,24.907307
6,2026-08-18 19:00:00+00:00,tt_bekasi,17.0,21.522694
6,2026-08-18 19:00:00+00:00,tt_bogor,45.0,34.41392
6,2026-08-18 19:00:00+00:00,tt_bsd,34.0,34.519733
6,2026-08-18 19:00:00+00:00,tt_cawang,43.0,33.684525
6,2026-08-18 19:00:00+00:00,tt_depok,31.0,29.822008
6,2026-08-18 19:00:00+00:00,tt_gatsu,45.0,42.146046
6,2026-08-18 19:00:00+00:00,tt_grogol,40.0,32.93943
6,2026-08-18 19:00:00+00:00,tt_kebonjeruk,35.0,28.741718
6,2026-08-18 19:00:00+00:00,tt_kelapagading,29.0,26.910181
6,2026-08-18 19:00:00+00:00,tt_kuningan,21.0,21.194607
6,2026-08-18 19:00:00+00:00,tt_sudirman,39.0,30.006605
6,2026-08-18 19:00:00+00:00,tt_tangerang,48.0,41.0776
6,2026-08-18 19:00:00+00:00,tt_tbsimatupang,72.0,51.62774
6,2026-08-18 19:00:00+00:00,tt_thamrin,22.0,23.661232
6,2026-08-18 20:00:00+00:00,tt_bekasi,17.0,20.687092
6,2026-08-18 20:00:00+00:00,tt_bogor,45.0,35.839497
6,2026-08-18 20:00:00+00:00,tt_bsd,34.0,34.10084
6,2026-08-18 20:00:00+00:00,tt_cawang,43.0,32.445843
6,2026-08-18 20:00:00+00:00,tt_depok,31.0,29.403122
6,2026-08-18 20:00:00+00:00,tt_gatsu,45.0,42.610413
6,2026-08-18 20:00:00+00:00,tt_grogol,40.0,33.786766
6,2026-08-18 20:00:00+00:00,tt_kebonjeruk,35.0,29.158419
6,2026-08-18 20:00:00+00:00,tt_kelapagading,29.0,27.298573
6,2026-08-18 20:00:00+00:00,tt_kuningan,21.0,20.666992
6,2026-08-18 20:00:00+00:00,tt_sudirman,39.0,29.30219
6,2026-08-18 20:00:00+00:00,tt_tangerang,48.0,41.714317
6,2026-08-18 20:00:00+00:00,tt_tbsimatupang,72.0,52.59836
6,2026-08-18 20:00:00+00:00,tt_thamrin,22.0,23.233397
6,2026-08-18 22:00:00+00:00,tt_bekasi,17.0,18.644712
6,2026-08-18 22:00:00+00:00,tt_bogor,45.0,37.129192
6,2026-08-18 22:00:00+00:00,tt_bsd,34.0,32.91817
6,2026-08-18 22:00:00+00:00,tt_cawang,43.0,34.345108
6,2026-08-18 22:00:00+00:00,tt_depok,31.0,29.009085
6,2026-08-18 22:00:00+00:00,tt_gatsu,45.0,41.935013
6,2026-08-18 22:00:00+00:00,tt_grogol,40.0,34.31283
6,2026-08-18 22:00:00+00:00,tt_kebonjeruk,35.0,29.616388
6,2026-08-18 22:00:00+00:00,tt_kelapagading,29.0,26.31999
6,2026-08-18 22:00:00+00:00,tt_kuningan,21.0,19.929234
6,2026-08-18 22:00:00+00:00,tt_sudirman,39.0,31.163477
6,2026-08-18 22:00:00+00:00,tt_tangerang,48.0,42.04
6,2026-08-18 22:00:00+00:00,tt_tbsimatupang,72.0,52.881104
6,2026-08-18 22:00:00+00:00,tt_thamrin,22.0,21.374094
6,2026-08-19 00:00:00+00:00,tt_bekasi,15.0,17.24696
6,2026-08-19 00:00:00+00:00,tt_bogor,35.0,37.838932
6,2026-08-19 00:00:00+00:00,tt_bsd,29.0,32.093742
6,2026-08-19 00:00:00+00:00,tt_cawang,20.0,35.63411
6,2026-08-19 00:00:00+00:00,tt_depok,31.0,28.14042
6,2026-08-19 00:00:00+00:00,tt_gatsu,45.0,41.136803
6,2026-08-19 00:00:00+00:00,tt_grogol,40.0,34.492023
6,2026-08-19 00:00:00+00:00,tt_kebonjeruk,27.0,29.493975
6,2026-08-19 00:00:00+00:00,tt_kelapagading,29.0,25.340858
6,2026-08-19 00:00:00+00:00,tt_kuningan,21.0,18.607704
6,2026-08-19 00:00:00+00:00,tt_sudirman,39.0,32.23445
6,2026-08-19 00:00:00+00:00,tt_tangerang,48.0,42.17694
6,2026-08-19 00:00:00+00:00,tt_tbsimatupang,39.0,52.900932
6,2026-08-19 00:00:00+00:00,tt_thamrin,19.0,19.680601
6,2026-08-19 01:00:00+00:00,tt_bekasi,15.999999,16.723686
6,2026-08-19 01:00:00+00:00,tt_bogor,37.0,38.116722
6,2026-08-19 01:00:00+00:00,tt_bsd,34.0,31.81657
6,2026-08-19 01:00:00+00:00,tt_cawang,13.0,35.88683
6,2026-08-19 01:00:00+00:00,tt_depok,27.0,27.80185
6,2026-08-19 01:00:00+00:00,tt_gatsu,13.0,40.860092
6,2026-08-19 01:00:00+00:00,tt_grogol,32.0,34.578392
6,2026-08-19 01:00:00+00:00,tt_kebonjeruk,25.0,29.387003
6,2026-08-19 01:00:00+00:00,tt_kelapagading,29.0,24.910486
6,2026-08-19 01:00:00+00:00,tt_kuningan,21.0,18.06256
6,2026-08-19 01:00:00+00:00,tt_sudirman,22.0,32.60993
6,2026-08-19 01:00:00+00:00,tt_tangerang,39.0,42.235737
6,2026-08-19 01:00:00+00:00,tt_tbsimatupang,18.0,52.875107
6,2026-08-19 01:00:00+00:00,tt_thamrin,22.0,18.93288
6,2026-08-19 03:00:00+00:00,tt_bekasi,15.999999,15.596874
6,2026-08-19 03:00:00+00:00,tt_bogor,37.0,38.459446
6,2026-08-19 03:00:00+00:00,tt_bsd,34.0,31.40051
6,2026-08-19 03:00:00+00:00,tt_cawang,20.0,36.36714
6,2026-08-19 03:00:00+00:00,tt_depok,31.0,27.172733
6,2026-08-19 03:00:00+00:00,tt_gatsu,45.0,40.46536
6,2026-08-19 03:00:00+00:00,tt_grogol,31.0,34.68607
6,2026-08-19 03:00:00+00:00,tt_kebonjeruk,23.0,29.192043
6,2026-08-19 03:00:00+00:00,tt_kelapagading,29.0,24.179691
6,2026-08-19 03:00:00+00:00,tt_kuningan,15.999999,16.910204
6,2026-08-19 03:00:00+00:00,tt_sudirman,24.0,33.077347
6,2026-08-19 03:00:00+00:00,tt_tangerang,40.0,42.31715
6,2026-08-19 03:00:00+00:00,tt_tbsimatupang,33.0,52.854378
6,2026-08-19 03:00:00+00:00,tt_thamrin,20.0,17.69931
6,2026-08-19 05:00:00+00:00,tt_bekasi,15.0,14.187332
6,2026-08-19 05:00:00+00:00,tt_bogor,32.0,38.59196
6,2026-08-19 05:00:00+00:00,tt_bsd,34.0,31.015709
6,2026-08-19 05:00:00+00:00,tt_cawang,17.0,36.611168
6,2026-08-19 05:00:00+00:00,tt_depok,31.0,26.62597
6,2026-08-19 05:00:00+00:00,tt_gatsu,45.0,40.438065
6,2026-08-19 05:00:00+00:00,tt_grogol,31.0,34.729343
6,2026-08-19 05:00:00+00:00,tt_kebonjeruk,24.0,28.980696
6,2026-08-19 05:00:00+00:00,tt_kelapagading,21.0,23.264477
6,2026-08-19 05:00:00+00:00,tt_kuningan,17.0,15.569893
6,2026-08-19 05:00:00+00:00,tt_sudirman,27.0,33.238373
6,2026-08-19 05:00:00+00:00,tt_tangerang,40.0,42.385445
6,2026-08-19 05:00:00+00:00,tt_tbsimatupang,43.0,52.861015
6,2026-08-19 05:00:00+00:00,tt_thamrin,17.0,16.322098
6,2026-08-19 06:00:00+00:00,tt_bekasi,18.0,14.100588
6,2026-08-19 06:00:00+00:00,tt_bogor,35.0,37.70623
6,2026-08-19 06:00:00+00:00,tt_bsd,34.0,30.515484
6,2026-08-19 06:00:00+00:00,tt_cawang,19.0,34.953537
6,2026-08-19 06:00:00+00:00,tt_depok,27.0,27.159142
6,2026-08-19 06:00:00+00:00,tt_gatsu,30.0,41.48973
6,2026-08-19 06:00:00+00:00,tt_grogol,27.0,35.045357
6,2026-08-19 06:00:00+00:00,tt_kebonjeruk,21.0,28.087727
6,2026-08-19 06:00:00+00:00,tt_kelapagading,21.0,23.433603
6,2026-08-19 06:00:00+00:00,tt_kuningan,21.0,15.785786
6,2026-08-19 06:00:00+00:00,tt_sudirman,18.0,34.400467
6,2026-08-19 06:00:00+00:00,tt_tangerang,38.0,42.79021
6,2026-08-19 06:00:00+00:00,tt_tbsimatupang,48.0,50.640625
6,2026-08-19 06:00:00+00:00,tt_thamrin,13.0,15.778368
6,2026-08-19 08:00:00+00:00,tt_bekasi,15.0,16.678192
6,2026-08-19 08:00:00+00:00,tt_bogor,34.0,38.296494
6,2026-08-19 08:00:00+00:00,tt_bsd,28.0,33.175694
6,2026-08-19 08:00:00+00:00,tt_cawang,32.0,32.66932
6,2026-08-19 08:00:00+00:00,tt_depok,25.0,28.172302
6,2026-08-19 08:00:00+00:00,tt_gatsu,26.0,38.266693
6,2026-08-19 08:00:00+00:00,tt_grogol,27.0,33.96491
6,2026-08-19 08:00:00+00:00,tt_kebonjeruk,18.0,27.32803
6,2026-08-19 08:00:00+00:00,tt_kelapagading,22.0,25.88261
6,2026-08-19 08:00:00+00:00,tt_kuningan,21.0,18.470959
6,2026-08-19 08:00:00+00:00,tt_sudirman,22.0,32.71042
6,2026-08-19 08:00:00+00:00,tt_tangerang,48.0,41.342342
6,2026-08-19 08:00:00+00:00,tt_tbsimatupang,32.0,46.59104
6,2026-08-19 08:00:00+00:00,tt_thamrin,8.0,18.467945
6,2026-08-19 10:00:00+00:00,tt_bekasi,13.0,19.597282
6,2026-08-19 10:00:00+00:00,tt_bogor,30.0,38.309475
6,2026-08-19 10:00:00+00:00,tt_bsd,34.0,34.65993
6,2026-08-19 10:00:00+00:00,tt_cawang,43.0,31.96124
6,2026-08-19 10:00:00+00:00,tt_depok,23.0,31.116934
6,2026-08-19 10:00:00+00:00,tt_gatsu,23.0,42.840378
6,2026-08-19 10:00:00+00:00,tt_grogol,30.0,33.157097
6,2026-08-19 10:00:00+00:00,tt_kebonjeruk,19.0,27.15664
6,2026-08-19 10:00:00+00:00,tt_kelapagading,22.0,27.949448
6,2026-08-19 10:00:00+00:00,tt_kuningan,15.999999,20.139969
6,2026-08-19 10:00:00+00:00,tt_sudirman,19.0,31.458405
6,2026-08-19 10:00:00+00:00,tt_tangerang,28.0,40.49632
6,2026-08-19 10:00:00+00:00,tt_tbsimatupang,34.0,43.466675
6,2026-08-19 10:00:00+00:00,tt_thamrin,17.0,20.411934
6,2026-08-19 11:00:00+00:00,tt_bekasi,18.0,20.428707
6,2026-08-19 11:00:00+00:00,tt_bogor,33.0,37.238724
6,2026-08-19 11:00:00+00:00,tt_bsd,27.0,35.06332
6,2026-08-19 11:00:00+00:00,tt_cawang,43.0,30.803625
6,2026-08-19 11:00:00+00:00,tt_depok,25.0,31.92658
6,2026-08-19 11:00:00+00:00,tt_gatsu,35.0,43.869423
6,2026-08-19 11:00:00+00:00,tt_grogol,32.0,32.90216
6,2026-08-19 11:00:00+00:00,tt_kebonjeruk,21.0,27.449774
6,2026-08-19 11:00:00+00:00,tt_kelapagading,20.0,27.346918
6,2026-08-19 11:00:00+00:00,tt_kuningan,15.999999,21.102262
6,2026-08-19 11:00:00+00:00,tt_sudirman,15.999999,31.406725
6,2026-08-19 11:00:00+00:00,tt_tangerang,26.0,40.271835
6,2026-08-19 11:00:00+00:00,tt_tbsimatupang,44.0,43.664555
6,2026-08-19 11:00:00+00:00,tt_thamrin,10.0,20.648151
6,2026-08-19 13:00:00+00:00,tt_bekasi,18.0,22.776947
6,2026-08-19 13:00:00+00:00,tt_bogor,45.0,37.170074
6,2026-08-19 13:00:00+00:00,tt_bsd,34.0,35.77963
6,2026-08-19 13:00:00+00:00,tt_cawang,43.0,29.322077
6,2026-08-19 13:00:00+00:00,tt_depok,25.0,31.859451
6,2026-08-19 13:00:00+00:00,tt_gatsu,45.0,40.834038
6,2026-08-19 13:00:00+00:00,tt_grogol,31.0,32.29789
6,2026-08-19 13:00:00+00:00,tt_kebonjeruk,27.0,27.632431
6,2026-08-19 13:00:00+00:00,tt_kelapagading,23.0,27.759117
6,2026-08-19 13:00:00+00:00,tt_kuningan,13.0,23.855404
6,2026-08-19 13:00:00+00:00,tt_sudirman,30.0,29.654427
6,2026-08-19 13:00:00+00:00,tt_tangerang,48.0,39.59639
6,2026-08-19 13:00:00+00:00,tt_tbsimatupang,72.0,45.51597
6,2026-08-19 13:00:00+00:00,tt_thamrin,20.0,21.097195
6,2026-08-19 15:00:00+00:00,tt_bekasi,15.999999,24.235699
6,2026-08-19 15:00:00+00:00,tt_bogor,38.0,36.84335
6,2026-08-19 15:00:00+00:00,tt_bsd,34.0,34.70393
6,2026-08-19 15:00:00+00:00,tt_cawang,32.0,32.498905
6,2026-08-19 15:00:00+00:00,tt_depok,31.0,31.571693
6,2026-08-19 15:00:00+00:00,tt_gatsu,45.0,38.140156
6,2026-08-19 15:00:00+00:00,tt_grogol,40.0,32.537354
6,2026-08-19 15:00:00+00:00,tt_kebonjeruk,31.0,27.634233
6,2026-08-19 15:00:00+00:00,tt_kelapagading,29.0,29.220432
6,2026-08-19 15:00:00+00:00,tt_kuningan,21.0,25.491005
6,2026-08-19 15:00:00+00:00,tt_sudirman,29.0,30.17892
6,2026-08-19 15:00:00+00:00,tt_tangerang,48.0,42.33606
6,2026-08-19 15:00:00+00:00,tt_tbsimatupang,72.0,42.03798
6,2026-08-19 15:00:00+00:00,tt_thamrin,21.0,21.564266
6,2026-08-19 16:00:00+00:00,tt_bekasi,18.0,24.805178
6,2026-08-19 16:00:00+00:00,tt_bogor,45.0,36.036263
6,2026-08-19 16:00:00+00:00,tt_bsd,34.0,35.726074
6,2026-08-19 16:00:00+00:00,tt_cawang,43.0,35.71189
6,2026-08-19 16:00:00+00:00,tt_depok,31.0,31.320244
6,2026-08-19 16:00:00+00:00,tt_gatsu,45.0,36.808018
6,2026-08-19 16:00:00+00:00,tt_grogol,40.0,33.09052
6,2026-08-19 16:00:00+00:00,tt_kebonjeruk,35.0,28.020452
6,2026-08-19 16:00:00+00:00,tt_kelapagading,29.0,29.9026
6,2026-08-19 16:00:00+00:00,tt_kuningan,21.0,25.512924
6,2026-08-19 16:00:00+00:00,tt_sudirman,39.0,30.048735
6,2026-08-19 16:00:00+00:00,tt_tangerang,48.0,40.803276
6,2026-08-19 16:00:00+00:00,tt_tbsimatupang,72.0,40.83246
6,2026-08-19 16:00:00+00:00,tt_thamrin,22.0,23.592525
6,2026-08-19 18:00:00+00:00,tt_bekasi,18.0,26.174974
6,2026-08-19 18:00:00+00:00,tt_bogor,45.0,36.245068
6,2026-08-19 18:00:00+00:00,tt_bsd,34.0,34.62362
6,2026-08-19 18:00:00+00:00,tt_cawang,43.0,39.18374
6,2026-08-19 18:00:00+00:00,tt_depok,31.0,31.066473
6,2026-08-19 18:00:00+00:00,tt_gatsu,45.0,37.62092
6,2026-08-19 18:00:00+00:00,tt_grogol,40.0,33.70866
6,2026-08-19 18:00:00+00:00,tt_kebonjeruk,35.0,29.293726
6,2026-08-19 18:00:00+00:00,tt_kelapagading,29.0,30.60375
6,2026-08-19 18:00:00+00:00,tt_kuningan,21.0,25.270376
6,2026-08-19 18:00:00+00:00,tt_sudirman,39.0,29.205374
6,2026-08-19 18:00:00+00:00,tt_tangerang,44.0,38.148304
6,2026-08-19 18:00:00+00:00,tt_tbsimatupang,72.0,42.31907
6,2026-08-19 18:00:00+00:00,tt_thamrin,22.0,24.520979
6,2026-08-19 20:00:00+00:00,tt_bekasi,18.0,23.701347
6,2026-08-19 20:00:00+00:00,tt_bogor,45.0,38.634373
6,2026-08-19 20:00:00+00:00,tt_bsd,34.0,34.37779
6,2026-08-19 20:00:00+00:00,tt_cawang,43.0,38.983913
6,2026-08-19 20:00:00+00:00,tt_depok,31.0,29.807934
6,2026-08-19 20:00:00+00:00,tt_gatsu,45.0,39.950565
6,2026-08-19 20:00:00+00:00,tt_grogol,40.0,33.10747
6,2026-08-19 20:00:00+00:00,tt_kebonjeruk,35.0,30.068403
6,2026-08-19 20:00:00+00:00,tt_kelapagading,29.0,29.017164
6,2026-08-19 20:00:00+00:00,tt_kuningan,21.0,22.026434
6,2026-08-19 20:00:00+00:00,tt_sudirman,39.0,30.234571
6,2026-08-19 20:00:00+00:00,tt_tangerang,48.0,41.855286
6,2026-08-19 20:00:00+00:00,tt_tbsimatupang,72.0,50.323257
6,2026-08-19 20:00:00+00:00,tt_thamrin,22.0,24.55181
6,2026-08-19 21:00:00+00:00,tt_bekasi,18.0,22.309227
6,2026-08-19 21:00:00+00:00,tt_bogor,45.0,37.76624
6,2026-08-19 21:00:00+00:00,tt_bsd,34.0,34.053257
6,2026-08-19 21:00:00+00:00,tt_cawang,43.0,36.80236
6,2026-08-19 21:00:00+00:00,tt_depok,31.0,29.900702
6,2026-08-19 21:00:00+00:00,tt_gatsu,45.0,40.546883
6,2026-08-19 21:00:00+00:00,tt_grogol,40.0,33.95398
6,2026-08-19 21:00:00+00:00,tt_kebonjeruk,35.0,30.093401
6,2026-08-19 21:00:00+00:00,tt_kelapagading,29.0,28.993595
6,2026-08-19 21:00:00+00:00,tt_kuningan,21.0,21.92512
6,2026-08-19 21:00:00+00:00,tt_sudirman,39.0,29.593616
6,2026-08-19 21:00:00+00:00,tt_tangerang,48.0,42.632057
6,2026-08-19 21:00:00+00:00,tt_tbsimatupang,72.0,51.997658
6,2026-08-19 21:00:00+00:00,tt_thamrin,22.0,24.133545
6,2026-08-19 23:00:00+00:00,tt_bekasi,17.0,20.123558
6,2026-08-19 23:00:00+00:00,tt_bogor,35.0,38.1272
6,2026-08-19 23:00:00+00:00,tt_bsd,34.0,32.804108
6,2026-08-19 23:00:00+00:00,tt_cawang,26.0,36.70573
6,2026-08-19 23:00:00+00:00,tt_depok,31.0,28.911789
6,2026-08-19 23:00:00+00:00,tt_gatsu,45.0,40.238815
6,2026-08-19 23:00:00+00:00,tt_grogol,35.0,34.51101
6,2026-08-19 23:00:00+00:00,tt_kebonjeruk,30.0,30.128002
6,2026-08-19 23:00:00+00:00,tt_kelapagading,29.0,27.613731
6,2026-08-19 23:00:00+00:00,tt_kuningan,21.0,20.296188
6,2026-08-19 23:00:00+00:00,tt_sudirman,39.0,31.395
6,2026-08-19 23:00:00+00:00,tt_tangerang,48.0,42.691177
6,2026-08-19 23:00:00+00:00,tt_tbsimatupang,72.0,52.72985
6,2026-08-19 23:00:00+00:00,tt_thamrin,20.0,22.466036
6,2026-08-20 01:00:00+00:00,tt_bekasi,18.0,18.028831
6,2026-08-20 01:00:00+00:00,tt_bogor,35.0,38.507286
6,2026-08-20 01:00:00+00:00,tt_bsd,29.0,31.841822
6,2026-08-20 01:00:00+00:00,tt_cawang,14.0,36.866558
6,2026-08-20 01:00:00+00:00,tt_depok,31.0,27.913696
6,2026-08-20 01:00:00+00:00,tt_gatsu,37.0,40.277477
6,2026-08-20 01:00:00+00:00,tt_grogol,30.0,34.611023
6,2026-08-20 01:00:00+00:00,tt_kebonjeruk,26.0,29.801414
6,2026-08-20 01:00:00+00:00,tt_kelapagading,29.0,25.90277
6,2026-08-20 01:00:00+00:00,tt_kuningan,21.0,18.442904
6,2026-08-20 01:00:00+00:00,tt_sudirman,27.0,32.436264
6,2026-08-20 01:00:00+00:00,tt_tangerang,36.0,41.36487
6,2026-08-20 01:00:00+00:00,tt_tbsimatupang,18.0,52.842033
6,2026-08-20 01:00:00+00:00,tt_thamrin,18.0,20.29023
6,2026-08-20 02:00:00+00:00,tt_bekasi,18.0,17.01426
6,2026-08-20 02:00:00+00:00,tt_bogor,40.0,38.578278
6,2026-08-20 02:00:00+00:00,tt_bsd,34.0,31.51137
6,2026-08-20 02:00:00+00:00,tt_cawang,18.0,36.889153
6,2026-08-20 02:00:00+00:00,tt_depok,31.0,27.508192
6,2026-08-20 02:00:00+00:00,tt_gatsu,45.0,40.29615
6,2026-08-20 02:00:00+00:00,tt_grogol,30.0,34.624638
6,2026-08-20 02:00:00+00:00,tt_kebonjeruk,26.0,29.585238
6,2026-08-20 02:00:00+00:00,tt_kelapagading,25.0,25.17617
6,2026-08-20 02:00:00+00:00,tt_kuningan,21.0,17.666431
6,2026-08-20 02:00:00+00:00,tt_sudirman,25.0,32.65839
6,2026-08-20 02:00:00+00:00,tt_tangerang,48.0,41.457825
6,2026-08-20 02:00:00+00:00,tt_tbsimatupang,21.0,52.847843
6,2026-08-20 02:00:00+00:00,tt_thamrin,18.0,19.300144
6,2026-08-20 04:00:00+00:00,tt_bekasi,15.0,15.380497
6,2026-08-20 04:00:00+00:00,tt_bogor,35.0,38.670303
6,2026-08-20 04:00:00+00:00,tt_bsd,34.0,31.024303
6,2026-08-20 04:00:00+00:00,tt_cawang,20.0,36.855423
6,2026-08-20 04:00:00+00:00,tt_depok,27.0,26.883419
6,2026-08-20 04:00:00+00:00,tt_gatsu,45.0,40.343796
6,2026-08-20 04:00:00+00:00,tt_grogol,25.0,34.656727
6,2026-08-20 04:00:00+00:00,tt_kebonjeruk,25.0,29.214197
6,2026-08-20 04:00:00+00:00,tt_kelapagading,22.0,24.02142
6,2026-08-20 04:00:00+00:00,tt_kuningan,21.0,16.296135
6,2026-08-20 04:00:00+00:00,tt_sudirman,26.0,32.953556
6,2026-08-20 04:00:00+00:00,tt_tangerang,48.0,41.849777
6,2026-08-20 04:00:00+00:00,tt_tbsimatupang,45.0,52.828598
6,2026-08-20 04:00:00+00:00,tt_thamrin,13.0,17.59143
6,2026-08-20 06:00:00+00:00,tt_bekasi,15.0,14.310965
6,2026-08-20 06:00:00+00:00,tt_bogor,39.0,35.52913
6,2026-08-20 06:00:00+00:00,tt_bsd,34.0,31.146467
6,2026-08-20 06:00:00+00:00,tt_cawang,28.0,31.96372
6,2026-08-20 06:00:00+00:00,tt_depok,29.0,27.125845
6,2026-08-20 06:00:00+00:00,tt_gatsu,28.0,41.290237
6,2026-08-20 06:00:00+00:00,tt_grogol,29.0,33.90864
6,2026-08-20 06:00:00+00:00,tt_kebonjeruk,25.0,28.189613
6,2026-08-20 06:00:00+00:00,tt_kelapagading,20.0,23.5461
6,2026-08-20 06:00:00+00:00,tt_kuningan,15.999999,16.054882
6,2026-08-20 06:00:00+00:00,tt_sudirman,21.0,33.82438
6,2026-08-20 06:00:00+00:00,tt_tangerang,38.0,42.53116
6,2026-08-20 06:00:00+00:00,tt_tbsimatupang,27.0,53.260574
6,2026-08-20 06:00:00+00:00,tt_thamrin,12.0,15.79307
6,2026-08-20 07:00:00+00:00,tt_bekasi,15.999999,15.143808
6,2026-08-20 07:00:00+00:00,tt_bogor,36.0,35.620743
6,2026-08-20 07:00:00+00:00,tt_bsd,34.0,30.93577
6,2026-08-20 07:00:00+00:00,tt_cawang,21.0,29.565432
6,2026-08-20 07:00:00+00:00,tt_depok,26.0,28.081512
6,2026-08-20 07:00:00+00:00,tt_gatsu,20.0,41.065304
6,2026-08-20 07:00:00+00:00,tt_grogol,29.0,33.128883
6,2026-08-20 07:00:00+00:00,tt_kebonjeruk,22.0,27.69794
6,2026-08-20 07:00:00+00:00,tt_kelapagading,20.0,24.396969
6,2026-08-20 07:00:00+00:00,tt_kuningan,21.0,16.93348
6,2026-08-20 07:00:00+00:00,tt_sudirman,20.0,33.2305
6,2026-08-20 07:00:00+00:00,tt_tangerang,37.0,41.49934
6,2026-08-20 07:00:00+00:00,tt_tbsimatupang,49.0,52.404522
6,2026-08-20 07:00:00+00:00,tt_thamrin,12.0,15.730116
6,2026-08-20 09:00:00+00:00,tt_bekasi,14.0,18.097158
6,2026-08-20 09:00:00+00:00,tt_bogor,34.0,37.592186
6,2026-08-20 09:00:00+00:00,tt_bsd,28.0,33.369293
6,2026-08-20 09:00:00+00:00,tt_cawang,30.0,28.152292
6,2026-08-20 09:00:00+00:00,tt_depok,26.0,30.274784
6,2026-08-20 09:00:00+00:00,tt_gatsu,32.0,43.12483
6,2026-08-20 09:00:00+00:00,tt_grogol,31.0,32.333794
6,2026-08-20 09:00:00+00:00,tt_kebonjeruk,21.0,27.458641
6,2026-08-20 09:00:00+00:00,tt_kelapagading,21.0,24.858112
6,2026-08-20 09:00:00+00:00,tt_kuningan,13.0,19.452946
6,2026-08-20 09:00:00+00:00,tt_sudirman,23.0,31.890848
6,2026-08-20 09:00:00+00:00,tt_tangerang,34.0,42.860348
6,2026-08-20 09:00:00+00:00,tt_tbsimatupang,47.0,46.63841
6,2026-08-20 09:00:00+00:00,tt_thamrin,18.0,17.17355
6,2026-08-20 11:00:00+00:00,tt_bekasi,18.0,19.53596
6,2026-08-20 11:00:00+00:00,tt_bogor,35.0,36.642174
6,2026-08-20 11:00:00+00:00,tt_bsd,34.0,34.591858
6,2026-08-20 11:00:00+00:00,tt_cawang,33.0,27.022463
6,2026-08-20 11:00:00+00:00,tt_depok,26.0,30.61435
6,2026-08-20 11:00:00+00:00,tt_gatsu,7.0,44.092323
6,2026-08-20 11:00:00+00:00,tt_grogol,29.0,31.547356
6,2026-08-20 11:00:00+00:00,tt_kebonjeruk,18.0,27.606647
6,2026-08-20 11:00:00+00:00,tt_kelapagading,21.0,24.893236
6,2026-08-20 11:00:00+00:00,tt_kuningan,15.999999,21.502834
6,2026-08-20 11:00:00+00:00,tt_sudirman,12.0,31.047071
6,2026-08-20 11:00:00+00:00,tt_tangerang,35.0,43.735596
6,2026-08-20 11:00:00+00:00,tt_tbsimatupang,24.0,46.12023
6,2026-08-20 11:00:00+00:00,tt_thamrin,10.0,17.481594
6,2026-08-20 12:00:00+00:00,tt_bekasi,14.0,20.40464
6,2026-08-20 12:00:00+00:00,tt_bogor,37.0,37.465458
6,2026-08-20 12:00:00+00:00,tt_bsd,34.0,35.148373
6,2026-08-20 12:00:00+00:00,tt_cawang,43.0,28.233126
6,2026-08-20 12:00:00+00:00,tt_depok,24.0,31.275383
6,2026-08-20 12:00:00+00:00,tt_gatsu,10.0,42.292816
6,2026-08-20 12:00:00+00:00,tt_grogol,32.0,31.978857
6,2026-08-20 12:00:00+00:00,tt_kebonjeruk,23.0,27.816944
6,2026-08-20 12:00:00+00:00,tt_kelapagading,21.0,25.058268
6,2026-08-20 12:00:00+00:00,tt_kuningan,13.0,21.62953
6,2026-08-20 12:00:00+00:00,tt_sudirman,22.0,30.340961
6,2026-08-20 12:00:00+00:00,tt_tangerang,48.0,42.835876
6,2026-08-20 12:00:00+00:00,tt_tbsimatupang,40.0,44.149162
6,2026-08-20 12:00:00+00:00,tt_thamrin,9.0,17.962809
6,2026-08-20 14:00:00+00:00,tt_bekasi,18.0,22.542845
6,2026-08-20 14:00:00+00:00,tt_bogor,38.0,37.610115
6,2026-08-20 14:00:00+00:00,tt_bsd,27.0,36.077614
6,2026-08-20 14:00:00+00:00,tt_cawang,32.0,27.797983
6,2026-08-20 14:00:00+00:00,tt_depok,31.0,31.37833
6,2026-08-20 14:00:00+00:00,tt_gatsu,45.0,38.712147
6,2026-08-20 14:00:00+00:00,tt_grogol,40.0,32.41145
6,2026-08-20 14:00:00+00:00,tt_kebonjeruk,28.0,27.858263
6,2026-08-20 14:00:00+00:00,tt_kelapagading,29.0,26.678312
6,2026-08-20 14:00:00+00:00,tt_kuningan,15.999999,24.04027
6,2026-08-20 14:00:00+00:00,tt_sudirman,39.0,29.863426
6,2026-08-20 14:00:00+00:00,tt_tangerang,48.0,40.88703
6,2026-08-20 14:00:00+00:00,tt_tbsimatupang,59.0,46.092335
6,2026-08-20 14:00:00+00:00,tt_thamrin,13.0,19.851536
6,2026-08-20 16:00:00+00:00,tt_bekasi,15.0,23.735596
6,2026-08-20 16:00:00+00:00,tt_bogor,45.0,36.953552
6,2026-08-20 16:00:00+00:00,tt_bsd,34.0,34.92204
6,2026-08-20 16:00:00+00:00,tt_cawang,43.0,30.198875
6,2026-08-20 16:00:00+00:00,tt_depok,31.0,31.63415
6,2026-08-20 16:00:00+00:00,tt_gatsu,45.0,38.32125
6,2026-08-20 16:00:00+00:00,tt_grogol,40.0,32.94207
6,2026-08-20 16:00:00+00:00,tt_kebonjeruk,35.0,28.187788
6,2026-08-20 16:00:00+00:00,tt_kelapagading,29.0,28.478092
6,2026-08-20 16:00:00+00:00,tt_kuningan,21.0,23.927217
6,2026-08-20 16:00:00+00:00,tt_sudirman,39.0,30.395607
6,2026-08-20 16:00:00+00:00,tt_tangerang,48.0,39.00483
6,2026-08-20 16:00:00+00:00,tt_tbsimatupang,72.0,46.276108
6,2026-08-20 16:00:00+00:00,tt_thamrin,22.0,23.217022
6,2026-08-20 17:00:00+00:00,tt_bekasi,18.0,25.040579
6,2026-08-20 17:00:00+00:00,tt_bogor,45.0,37.267643
6,2026-08-20 17:00:00+00:00,tt_bsd,34.0,35.84044
6,2026-08-20 17:00:00+00:00,tt_cawang,43.0,32.320824
6,2026-08-20 17:00:00+00:00,tt_depok,31.0,31.797447
6,2026-08-20 17:00:00+00:00,tt_gatsu,45.0,36.115974
6,2026-08-20 17:00:00+00:00,tt_grogol,40.0,32.923176
6,2026-08-20 17:00:00+00:00,tt_kebonjeruk,35.0,28.11985
6,2026-08-20 17:00:00+00:00,tt_kelapagading,29.0,29.093903
6,2026-08-20 17:00:00+00:00,tt_kuningan,21.0,24.526379
6,2026-08-20 17:00:00+00:00,tt_sudirman,39.0,29.19337
6,2026-08-20 17:00:00+00:00,tt_tangerang,48.0,38.677067
6,2026-08-20 17:00:00+00:00,tt_tbsimatupang,72.0,44.106873
6,2026-08-20 17:00:00+00:00,tt_thamrin,22.0,23.384247
6,2026-08-20 19:00:00+00:00,tt_bekasi,18.0,25.255753
6,2026-08-20 19:00:00+00:00,tt_bogor,45.0,38.06766
6,2026-08-20 19:00:00+00:00,tt_bsd,34.0,36.877487
6,2026-08-20 19:00:00+00:00,tt_cawang,43.0,38.67105
6,2026-08-20 19:00:00+00:00,tt_depok,31.0,31.184456
6,2026-08-20 19:00:00+00:00,tt_gatsu,45.0,32.831127
6,2026-08-20 19:00:00+00:00,tt_grogol,40.0,33.409164
6,2026-08-20 19:00:00+00:00,tt_kebonjeruk,35.0,28.87407
6,2026-08-20 19:00:00+00:00,tt_kelapagading,29.0,30.372467
6,2026-08-20 19:00:00+00:00,tt_kuningan,21.0,23.85352
6,2026-08-20 19:00:00+00:00,tt_sudirman,39.0,30.46868
6,2026-08-20 19:00:00+00:00,tt_tangerang,48.0,42.065033
6,2026-08-20 19:00:00+00:00,tt_tbsimatupang,72.0,43.257492
6,2026-08-20 19:00:00+00:00,tt_thamrin,22.0,24.080145
6,2026-08-20 21:00:00+00:00,tt_bekasi,18.0,24.57952
6,2026-08-20 21:00:00+00:00,tt_bogor,45.0,36.81729
6,2026-08-20 21:00:00+00:00,tt_bsd,34.0,34.01421
6,2026-08-20 21:00:00+00:00,tt_cawang,43.0,35.36536
6,2026-08-20 21:00:00+00:00,tt_depok,31.0,31.414606
6,2026-08-20 21:00:00+00:00,tt_gatsu,45.0,39.270493
6,2026-08-20 21:00:00+00:00,tt_grogol,40.0,34.90737
6,2026-08-20 21:00:00+00:00,tt_kebonjeruk,35.0,29.070332
6,2026-08-20 21:00:00+00:00,tt_kelapagading,29.0,31.05092
6,2026-08-20 21:00:00+00:00,tt_kuningan,21.0,22.900555
6,2026-08-20 21:00:00+00:00,tt_sudirman,39.0,35.393932
6,2026-08-20 21:00:00+00:00,tt_tangerang,48.0,42.87469
6,2026-08-20 21:00:00+00:00,tt_tbsimatupang,72.0,47.887222
6,2026-08-20 21:00:00+00:00,tt_thamrin,22.0,23.283562
6,2026-08-20 22:00:00+00:00,tt_bekasi,18.0,23.316849
6,2026-08-20 22:00:00+00:00,tt_bogor,45.0,37.236317
6,2026-08-20 22:00:00+00:00,tt_bsd,34.0,33.72039
6,2026-08-20 22:00:00+00:00,tt_cawang,43.0,35.70411
6,2026-08-20 22:00:00+00:00,tt_depok,31.0,30.769117
6,2026-08-20 22:00:00+00:00,tt_gatsu,45.0,39.822487
6,2026-08-20 22:00:00+00:00,tt_grogol,40.0,34.959297
6,2026-08-20 22:00:00+00:00,tt_kebonjeruk,35.0,29.499947
6,2026-08-20 22:00:00+00:00,tt_kelapagading,29.0,30.187405
6,2026-08-20 22:00:00+00:00,tt_kuningan,21.0,22.653542
6,2026-08-20 22:00:00+00:00,tt_sudirman,39.0,35.587997
6,2026-08-20 22:00:00+00:00,tt_tangerang,48.0,42.687122
6,2026-08-20 22:00:00+00:00,tt_tbsimatupang,72.0,50.241676
6,2026-08-20 22:00:00+00:00,tt_thamrin,22.0,23.55274
6,2026-08-21 00:00:00+00:00,tt_bekasi,18.0,20.988628
6,2026-08-21 00:00:00+00:00,tt_bogor,35.0,37.863907
6,2026-08-21 00:00:00+00:00,tt_bsd,29.0,32.668297
6,2026-08-21 00:00:00+00:00,tt_cawang,18.0,36.230698
6,2026-08-21 00:00:00+00:00,tt_depok,25.0,29.204197
6,2026-08-21 00:00:00+00:00,tt_gatsu,45.0,40.06868
6,2026-08-21 00:00:00+00:00,tt_grogol,34.0,34.91039
6,2026-08-21 00:00:00+00:00,tt_kebonjeruk,25.0,29.567234
6,2026-08-21 00:00:00+00:00,tt_kelapagading,26.0,27.916569
6,2026-08-21 00:00:00+00:00,tt_kuningan,21.0,20.781971
6,2026-08-21 00:00:00+00:00,tt_sudirman,31.0,35.040703
6,2026-08-21 00:00:00+00:00,tt_tangerang,37.0,42.473335
6,2026-08-21 00:00:00+00:00,tt_tbsimatupang,32.0,52.302643
6,2026-08-21 00:00:00+00:00,tt_thamrin,22.0,22.007988
6,2026-08-21 02:00:00+00:00,tt_bekasi,17.0,18.676365
6,2026-08-21 02:00:00+00:00,tt_bogor,37.0,38.243538
6,2026-08-21 02:00:00+00:00,tt_bsd,28.0,31.771387
6,2026-08-21 02:00:00+00:00,tt_cawang,19.0,36.567688
6,2026-08-21 02:00:00+00:00,tt_depok,26.0,28.014498
6,2026-08-21 02:00:00+00:00,tt_gatsu,45.0,40.273304
6,2026-08-21 02:00:00+00:00,tt_grogol,31.0,34.848747
6,2026-08-21 02:00:00+00:00,tt_kebonjeruk,26.0,29.306658
6,2026-08-21 02:00:00+00:00,tt_kelapagading,29.0,25.8625
6,2026-08-21 02:00:00+00:00,tt_kuningan,21.0,18.718025
6,2026-08-21 02:00:00+00:00,tt_sudirman,23.0,34.469097
6,2026-08-21 02:00:00+00:00,tt_tangerang,37.0,42.430702
6,2026-08-21 02:00:00+00:00,tt_tbsimatupang,37.0,52.724453
6,2026-08-21 02:00:00+00:00,tt_thamrin,22.0,19.843605
6,2026-08-21 03:00:00+00:00,tt_bekasi,15.0,17.702858
6,2026-08-21 03:00:00+00:00,tt_bogor,38.0,38.383526
6,2026-08-21 03:00:00+00:00,tt_bsd,34.0,31.472363
6,2026-08-21 03:00:00+00:00,tt_cawang,21.0,36.67672
6,2026-08-21 03:00:00+00:00,tt_depok,31.0,27.56454
6,2026-08-21 03:00:00+00:00,tt_gatsu,45.0,40.278717
6,2026-08-21 03:00:00+00:00,tt_grogol,27.0,34.83571
6,2026-08-21 03:00:00+00:00,tt_kebonjeruk,24.0,29.183786
6,2026-08-21 03:00:00+00:00,tt_kelapagading,23.0,25.143175
6,2026-08-21 03:00:00+00:00,tt_kuningan,15.999999,17.858301
6,2026-08-21 03:00:00+00:00,tt_sudirman,28.0,34.275333
6,2026-08-21 03:00:00+00:00,tt_tangerang,48.0,42.434143
6,2026-08-21 03:00:00+00:00,tt_tbsimatupang,48.0,52.774574
6,2026-08-21 03:00:00+00:00,tt_thamrin,15.999999,18.977753
6,2026-08-21 05:00:00+00:00,tt_bekasi,15.999999,15.873703
6,2026-08-21 05:00:00+00:00,tt_bogor,45.0,38.537422
6,2026-08-21 05:00:00+00:00,tt_bsd,34.0,30.989614
6,2026-08-21 05:00:00+00:00,tt_cawang,43.0,36.777763
6,2026-08-21 05:00:00+00:00,tt_depok,31.0,26.879799
6,2026-08-21 05:00:00+00:00,tt_gatsu,45.0,40.31887
6,2026-08-21 05:00:00+00:00,tt_grogol,32.0,34.801044
6,2026-08-21 05:00:00+00:00,tt_kebonjeruk,27.0,28.959036
6,2026-08-21 05:00:00+00:00,tt_kelapagading,23.0,23.945297
6,2026-08-21 05:00:00+00:00,tt_kuningan,21.0,16.326042
6,2026-08-21 05:00:00+00:00,tt_sudirman,34.0,33.93845
6,2026-08-21 05:00:00+00:00,tt_tangerang,48.0,42.436886
6,2026-08-21 05:00:00+00:00,tt_tbsimatupang,72.0,52.789085
6,2026-08-21 05:00:00+00:00,tt_thamrin,21.0,17.350117
6,2026-08-21 07:00:00+00:00,tt_bekasi,14.0,16.341377
6,2026-08-21 07:00:00+00:00,tt_bogor,35.0,37.644352
6,2026-08-21 07:00:00+00:00,tt_bsd,34.0,30.48665
6,2026-08-21 07:00:00+00:00,tt_cawang,28.0,33.36073
6,2026-08-21 07:00:00+00:00,tt_depok,25.0,26.747135
6,2026-08-21 07:00:00+00:00,tt_gatsu,36.0,42.542202
6,2026-08-21 07:00:00+00:00,tt_grogol,28.0,34.28229
6,2026-08-21 07:00:00+00:00,tt_kebonjeruk,21.0,27.711887
6,2026-08-21 07:00:00+00:00,tt_kelapagading,20.0,23.468193
6,2026-08-21 07:00:00+00:00,tt_kuningan,21.0,17.425629
6,2026-08-21 07:00:00+00:00,tt_sudirman,18.0,32.93168
6,2026-08-21 07:00:00+00:00,tt_tangerang,39.0,40.45594
6,2026-08-21 07:00:00+00:00,tt_tbsimatupang,52.0,47.512276
6,2026-08-21 07:00:00+00:00,tt_thamrin,18.0,17.499468
6,2026-08-21 08:00:00+00:00,tt_bekasi,15.999999,17.252165
6,2026-08-21 08:00:00+00:00,tt_bogor,34.0,37.672924
6,2026-08-21 08:00:00+00:00,tt_bsd,34.0,30.625143
6,2026-08-21 08:00:00+00:00,tt_cawang,31.0,32.201824
6,2026-08-21 08:00:00+00:00,tt_depok,25.0,27.60974
6,2026-08-21 08:00:00+00:00,tt_gatsu,35.0,43.196747
6,2026-08-21 08:00:00+00:00,tt_grogol,29.0,33.5721
6,2026-08-21 08:00:00+00:00,tt_kebonjeruk,24.0,27.82348
6,2026-08-21 08:00:00+00:00,tt_kelapagading,21.0,24.661077
6,2026-08-21 08:00:00+00:00,tt_kuningan,17.0,18.665174
6,2026-08-21 08:00:00+00:00,tt_sudirman,24.0,31.585884
6,2026-08-21 08:00:00+00:00,tt_tangerang,40.0,39.648655
6,2026-08-21 08:00:00+00:00,tt_tbsimatupang,38.0,45.535797
6,2026-08-21 08:00:00+00:00,tt_thamrin,10.0,18.386353
6,2026-08-21 10:00:00+00:00,tt_bekasi,15.0,18.282772
6,2026-08-21 10:00:00+00:00,tt_bogor,32.0,37.642445
6,2026-08-21 10:00:00+00:00,tt_bsd,34.0,33.158417
6,2026-08-21 10:00:00+00:00,tt_cawang,22.0,30.126354
6,2026-08-21 10:00:00+00:00,tt_depok,24.0,30.370384
6,2026-08-21 10:00:00+00:00,tt_gatsu,34.0,43.892525
6,2026-08-21 10:00:00+00:00,tt_grogol,32.0,32.471333
6,2026-08-21 10:00:00+00:00,tt_kebonjeruk,20.0,27.746714
6,2026-08-21 10:00:00+00:00,tt_kelapagading,19.0,24.494137
6,2026-08-21 10:00:00+00:00,tt_kuningan,13.0,19.095192
6,2026-08-21 10:00:00+00:00,tt_sudirman,22.0,30.630209
6,2026-08-21 10:00:00+00:00,tt_tangerang,29.0,41.905437
6,2026-08-21 10:00:00+00:00,tt_tbsimatupang,27.0,45.816513
6,2026-08-21 10:00:00+00:00,tt_thamrin,19.0,18.147657
6,2026-08-21 12:00:00+00:00,tt_bekasi,13.0,18.468397
6,2026-08-21 12:00:00+00:00,tt_bogor,32.0,38.52955
6,2026-08-21 12:00:00+00:00,tt_bsd,34.0,33.120506
6,2026-08-21 12:00:00+00:00,tt_cawang,34.0,34.31315
6,2026-08-21 12:00:00+00:00,tt_depok,26.0,29.977606
6,2026-08-21 12:00:00+00:00,tt_gatsu,15.0,42.69071
6,2026-08-21 12:00:00+00:00,tt_grogol,32.0,32.80347
6,2026-08-21 12:00:00+00:00,tt_kebonjeruk,19.0,28.031307
6,2026-08-21 12:00:00+00:00,tt_kelapagading,18.0,23.72266
6,2026-08-21 12:00:00+00:00,tt_kuningan,13.0,19.751705
6,2026-08-21 12:00:00+00:00,tt_sudirman,18.0,30.59502
6,2026-08-21 12:00:00+00:00,tt_tangerang,32.0,42.650288
6,2026-08-21 12:00:00+00:00,tt_tbsimatupang,27.0,51.109154
6,2026-08-21 12:00:00+00:00,tt_thamrin,9.0,19.198666
6,2026-08-21 13:00:00+00:00,tt_bekasi,18.0,18.34325
6,2026-08-21 13:00:00+00:00,tt_bogor,45.0,38.098423
6,2026-08-21 13:00:00+00:00,tt_bsd,34.0,33.658535
6,2026-08-21 13:00:00+00:00,tt_cawang,32.0,33.442234
6,2026-08-21 13:00:00+00:00,tt_depok,25.0,29.209778
6,2026-08-21 13:00:00+00:00,tt_gatsu,45.0,41.75167
6,2026-08-21 13:00:00+00:00,tt_grogol,40.0,32.4045
6,2026-08-21 13:00:00+00:00,tt_kebonjeruk,25.0,27.442669
6,2026-08-21 13:00:00+00:00,tt_kelapagading,21.0,23.381094
6,2026-08-21 13:00:00+00:00,tt_kuningan,21.0,20.00068
6,2026-08-21 13:00:00+00:00,tt_sudirman,31.0,28.855965
6,2026-08-21 13:00:00+00:00,tt_tangerang,48.0,42.05989
6,2026-08-21 13:00:00+00:00,tt_tbsimatupang,72.0,50.829926
6,2026-08-21 13:00:00+00:00,tt_thamrin,15.999999,19.242584
