horizon,target_time,corridor,y_true,adaptive_stgnn_pred
1,2026-08-18 02:00:00+00:00,tt_bekasi,15.999999,15.075733
1,2026-08-18 02:00:00+00:00,tt_bogor,36.0,33.17653
1,2026-08-18 02:00:00+00:00,tt_bsd,34.0,32.76891
1,2026-08-18 02:00:00+00:00,tt_cawang,21.0,22.040545
1,2026-08-18 02:00:00+00:00,tt_depok,31.0,25.970104
1,2026-08-18 02:00:00+00:00,tt_gatsu,33.0,41.425644
1,2026-08-18 02:00:00+00:00,tt_grogol,26.0,24.735966
1,2026-08-18 02:00:00+00:00,tt_kebonjeruk,26.0,26.16144
1,2026-08-18 02:00:00+00:00,tt_kelapagading,29.0,27.43816
1,2026-08-18 02:00:00+00:00,tt_kuningan,21.0,18.649963
1,2026-08-18 02:00:00+00:00,tt_sudirman,23.0,30.054365
1,2026-08-18 02:00:00+00:00,tt_tangerang,48.0,37.14976
1,2026-08-18 02:00:00+00:00,tt_tbsimatupang,15.999999,35.5198
1,2026-08-18 02:00:00+00:00,tt_thamrin,17.0,18.799809
1,2026-08-18 04:00:00+00:00,tt_bekasi,15.0,14.961945
1,2026-08-18 04:00:00+00:00,tt_bogor,33.0,35.237446
1,2026-08-18 04:00:00+00:00,tt_bsd,28.0,33.110374
1,2026-08-18 04:00:00+00:00,tt_cawang,22.0,22.097801
1,2026-08-18 04:00:00+00:00,tt_depok,31.0,27.99078
1,2026-08-18 04:00:00+00:00,tt_gatsu,32.0,32.644653
1,2026-08-18 04:00:00+00:00,tt_grogol,27.0,25.408194
1,2026-08-18 04:00:00+00:00,tt_kebonjeruk,25.0,25.429144
1,2026-08-18 04:00:00+00:00,tt_kelapagading,29.0,29.463898
1,2026-08-18 04:00:00+00:00,tt_kuningan,15.999999,18.842737
1,2026-08-18 04:00:00+00:00,tt_sudirman,24.0,25.318428
1,2026-08-18 04:00:00+00:00,tt_tangerang,36.0,46.43502
1,2026-08-18 04:00:00+00:00,tt_tbsimatupang,55.0,30.126179
1,2026-08-18 04:00:00+00:00,tt_thamrin,18.0,17.344376
1,2026-08-18 05:00:00+00:00,tt_bekasi,15.0,15.618757
1,2026-08-18 05:00:00+00:00,tt_bogor,38.0,33.699306
1,2026-08-18 05:00:00+00:00,tt_bsd,28.0,30.189322
1,2026-08-18 05:00:00+00:00,tt_cawang,28.0,23.220558
1,2026-08-18 05:00:00+00:00,tt_depok,26.0,28.688831
1,2026-08-18 05:00:00+00:00,tt_gatsu,45.0,32.264805
1,2026-08-18 05:00:00+00:00,tt_grogol,36.0,26.249678
1,2026-08-18 05:00:00+00:00,tt_kebonjeruk,22.0,25.497831
1,2026-08-18 05:00:00+00:00,tt_kelapagading,22.0,30.027868
1,2026-08-18 05:00:00+00:00,tt_kuningan,21.0,17.913742
1,2026-08-18 05:00:00+00:00,tt_sudirman,31.0,25.400505
1,2026-08-18 05:00:00+00:00,tt_tangerang,41.0,39.26891
1,2026-08-18 05:00:00+00:00,tt_tbsimatupang,51.0,49.806244
1,2026-08-18 05:00:00+00:00,tt_thamrin,20.0,17.44663
1,2026-08-18 07:00:00+00:00,tt_bekasi,15.0,16.159222
1,2026-08-18 07:00:00+00:00,tt_bogor,34.0,38.519123
1,2026-08-18 07:00:00+00:00,tt_bsd,30.0,28.890503
1,2026-08-18 07:00:00+00:00,tt_cawang,43.0,29.044607
1,2026-08-18 07:00:00+00:00,tt_depok,31.0,26.66948
1,2026-08-18 07:00:00+00:00,tt_gatsu,45.0,44.845627
1,2026-08-18 07:00:00+00:00,tt_grogol,32.0,35.152985
1,2026-08-18 07:00:00+00:00,tt_kebonjeruk,25.0,24.563015
1,2026-08-18 07:00:00+00:00,tt_kelapagading,22.0,27.199066
1,2026-08-18 07:00:00+00:00,tt_kuningan,15.0,20.051014
1,2026-08-18 07:00:00+00:00,tt_sudirman,28.0,30.08979
1,2026-08-18 07:00:00+00:00,tt_tangerang,38.0,42.331596
1,2026-08-18 07:00:00+00:00,tt_tbsimatupang,57.0,54.71717
1,2026-08-18 07:00:00+00:00,tt_thamrin,22.0,18.89788
1,2026-08-18 09:00:00+00:00,tt_bekasi,14.0,16.786736
1,2026-08-18 09:00:00+00:00,tt_bogor,35.0,36.05432
1,2026-08-18 09:00:00+00:00,tt_bsd,28.0,30.321133
1,2026-08-18 09:00:00+00:00,tt_cawang,29.0,43.409138
1,2026-08-18 09:00:00+00:00,tt_depok,24.0,29.172707
1,2026-08-18 09:00:00+00:00,tt_gatsu,45.0,46.00634
1,2026-08-18 09:00:00+00:00,tt_grogol,32.0,33.886242
1,2026-08-18 09:00:00+00:00,tt_kebonjeruk,23.0,26.211973
1,2026-08-18 09:00:00+00:00,tt_kelapagading,23.0,26.567728
1,2026-08-18 09:00:00+00:00,tt_kuningan,21.0,17.760784
1,2026-08-18 09:00:00+00:00,tt_sudirman,31.0,29.999462
1,2026-08-18 09:00:00+00:00,tt_tangerang,38.0,40.669304
1,2026-08-18 09:00:00+00:00,tt_tbsimatupang,43.0,59.681694
1,2026-08-18 09:00:00+00:00,tt_thamrin,22.0,20.820286
1,2026-08-18 10:00:00+00:00,tt_bekasi,14.0,16.70007
1,2026-08-18 10:00:00+00:00,tt_bogor,35.0,36.720875
1,2026-08-18 10:00:00+00:00,tt_bsd,34.0,30.050446
1,2026-08-18 10:00:00+00:00,tt_cawang,30.0,35.8439
1,2026-08-18 10:00:00+00:00,tt_depok,25.0,27.390373
1,2026-08-18 10:00:00+00:00,tt_gatsu,3.999998,46.227234
1,2026-08-18 10:00:00+00:00,tt_grogol,31.0,34.16261
1,2026-08-18 10:00:00+00:00,tt_kebonjeruk,21.0,25.658865
1,2026-08-18 10:00:00+00:00,tt_kelapagading,21.0,26.773079
1,2026-08-18 10:00:00+00:00,tt_kuningan,14.0,19.195202
1,2026-08-18 10:00:00+00:00,tt_sudirman,23.0,31.3081
1,2026-08-18 10:00:00+00:00,tt_tangerang,34.0,40.70739
1,2026-08-18 10:00:00+00:00,tt_tbsimatupang,44.0,52.09194
1,2026-08-18 10:00:00+00:00,tt_thamrin,22.0,21.16518
1,2026-08-18 12:00:00+00:00,tt_bekasi,14.0,17.533106
1,2026-08-18 12:00:00+00:00,tt_bogor,35.0,37.94258
1,2026-08-18 12:00:00+00:00,tt_bsd,34.0,34.828472
1,2026-08-18 12:00:00+00:00,tt_cawang,34.0,33.8884
1,2026-08-18 12:00:00+00:00,tt_depok,26.0,26.648123
1,2026-08-18 12:00:00+00:00,tt_gatsu,45.0,27.825804
1,2026-08-18 12:00:00+00:00,tt_grogol,32.0,34.536232
1,2026-08-18 12:00:00+00:00,tt_kebonjeruk,25.0,24.943085
1,2026-08-18 12:00:00+00:00,tt_kelapagading,22.0,26.610802
1,2026-08-18 12:00:00+00:00,tt_kuningan,13.0,17.43285
1,2026-08-18 12:00:00+00:00,tt_sudirman,29.0,29.28241
1,2026-08-18 12:00:00+00:00,tt_tangerang,48.0,38.28752
1,2026-08-18 12:00:00+00:00,tt_tbsimatupang,72.0,51.258274
1,2026-08-18 12:00:00+00:00,tt_thamrin,17.0,22.208878
1,2026-08-18 14:00:00+00:00,tt_bekasi,15.999999,18.195644
1,2026-08-18 14:00:00+00:00,tt_bogor,45.0,39.25757
1,2026-08-18 14:00:00+00:00,tt_bsd,34.0,35.64544
1,2026-08-18 14:00:00+00:00,tt_cawang,32.0,36.509098
1,2026-08-18 14:00:00+00:00,tt_depok,26.0,27.123384
1,2026-08-18 14:00:00+00:00,tt_gatsu,45.0,47.42536
1,2026-08-18 14:00:00+00:00,tt_grogol,40.0,35.31829
1,2026-08-18 14:00:00+00:00,tt_kebonjeruk,31.0,27.150703
1,2026-08-18 14:00:00+00:00,tt_kelapagading,29.0,25.556412
1,2026-08-18 14:00:00+00:00,tt_kuningan,15.999999,17.59887
1,2026-08-18 14:00:00+00:00,tt_sudirman,30.0,30.779924
1,2026-08-18 14:00:00+00:00,tt_tangerang,48.0,50.093967
1,2026-08-18 14:00:00+00:00,tt_tbsimatupang,72.0,68.1371
1,2026-08-18 14:00:00+00:00,tt_thamrin,22.0,20.236229
1,2026-08-18 15:00:00+00:00,tt_bekasi,15.999999,18.379921
1,2026-08-18 15:00:00+00:00,tt_bogor,45.0,45.636456
1,2026-08-18 15:00:00+00:00,tt_bsd,34.0,35.49163
1,2026-08-18 15:00:00+00:00,tt_cawang,43.0,35.281498
1,2026-08-18 15:00:00+00:00,tt_depok,31.0,27.366987
1,2026-08-18 15:00:00+00:00,tt_gatsu,45.0,48.92096
1,2026-08-18 15:00:00+00:00,tt_grogol,40.0,40.132313
1,2026-08-18 15:00:00+00:00,tt_kebonjeruk,35.0,29.261549
1,2026-08-18 15:00:00+00:00,tt_kelapagading,29.0,27.017279
1,2026-08-18 15:00:00+00:00,tt_kuningan,21.0,18.242556
1,2026-08-18 15:00:00+00:00,tt_sudirman,39.0,31.165648
1,2026-08-18 15:00:00+00:00,tt_tangerang,48.0,50.324226
1,2026-08-18 15:00:00+00:00,tt_tbsimatupang,72.0,68.015526
1,2026-08-18 15:00:00+00:00,tt_thamrin,22.0,21.362091
1,2026-08-18 17:00:00+00:00,tt_bekasi,17.0,18.39204
1,2026-08-18 17:00:00+00:00,tt_bogor,45.0,46.505592
1,2026-08-18 17:00:00+00:00,tt_bsd,34.0,34.73829
1,2026-08-18 17:00:00+00:00,tt_cawang,43.0,43.038383
1,2026-08-18 17:00:00+00:00,tt_depok,31.0,29.752497
1,2026-08-18 17:00:00+00:00,tt_gatsu,45.0,48.194687
1,2026-08-18 17:00:00+00:00,tt_grogol,40.0,40.800785
1,2026-08-18 17:00:00+00:00,tt_kebonjeruk,35.0,34.1945
1,2026-08-18 17:00:00+00:00,tt_kelapagading,29.0,27.99882
1,2026-08-18 17:00:00+00:00,tt_kuningan,21.0,20.90619
1,2026-08-18 17:00:00+00:00,tt_sudirman,39.0,37.7894
1,2026-08-18 17:00:00+00:00,tt_tangerang,48.0,48.9456
1,2026-08-18 17:00:00+00:00,tt_tbsimatupang,72.0,66.75285
1,2026-08-18 17:00:00+00:00,tt_thamrin,22.0,22.355862
1,2026-08-18 19:00:00+00:00,tt_bekasi,17.0,18.647778
1,2026-08-18 19:00:00+00:00,tt_bogor,45.0,45.01608
1,2026-08-18 19:00:00+00:00,tt_bsd,34.0,33.991226
1,2026-08-18 19:00:00+00:00,tt_cawang,43.0,41.122208
1,2026-08-18 19:00:00+00:00,tt_depok,31.0,30.150122
1,2026-08-18 19:00:00+00:00,tt_gatsu,45.0,46.228317
1,2026-08-18 19:00:00+00:00,tt_grogol,40.0,38.949245
1,2026-08-18 19:00:00+00:00,tt_kebonjeruk,35.0,34.15053
1,2026-08-18 19:00:00+00:00,tt_kelapagading,29.0,28.276985
1,2026-08-18 19:00:00+00:00,tt_kuningan,21.0,21.878319
1,2026-08-18 19:00:00+00:00,tt_sudirman,39.0,37.18998
1,2026-08-18 19:00:00+00:00,tt_tangerang,48.0,47.286568
1,2026-08-18 19:00:00+00:00,tt_tbsimatupang,72.0,64.966995
1,2026-08-18 19:00:00+00:00,tt_thamrin,22.0,22.24173
1,2026-08-18 20:00:00+00:00,tt_bekasi,17.0,18.58006
1,2026-08-18 20:00:00+00:00,tt_bogor,45.0,44.263264
1,2026-08-18 20:00:00+00:00,tt_bsd,34.0,33.67832
1,2026-08-18 20:00:00+00:00,tt_cawang,43.0,40.27998
1,2026-08-18 20:00:00+00:00,tt_depok,31.0,29.923925
1,2026-08-18 20:00:00+00:00,tt_gatsu,45.0,45.026672
1,2026-08-18 20:00:00+00:00,tt_grogol,40.0,38.09604
1,2026-08-18 20:00:00+00:00,tt_kebonjeruk,35.0,33.85356
1,2026-08-18 20:00:00+00:00,tt_kelapagading,29.0,28.18757
1,2026-08-18 20:00:00+00:00,tt_kuningan,21.0,21.901012
1,2026-08-18 20:00:00+00:00,tt_sudirman,39.0,36.555595
1,2026-08-18 20:00:00+00:00,tt_tangerang,48.0,46.57398
1,2026-08-18 20:00:00+00:00,tt_tbsimatupang,72.0,64.07138
1,2026-08-18 20:00:00+00:00,tt_thamrin,22.0,22.12719
1,2026-08-18 22:00:00+00:00,tt_bekasi,17.0,18.156208
1,2026-08-18 22:00:00+00:00,tt_bogor,45.0,43.00743
1,2026-08-18 22:00:00+00:00,tt_bsd,34.0,33.106506
1,2026-08-18 22:00:00+00:00,tt_cawang,43.0,38.626156
1,2026-08-18 22:00:00+00:00,tt_depok,31.0,29.502565
1,2026-08-18 22:00:00+00:00,tt_gatsu,45.0,42.55696
1,2026-08-18 22:00:00+00:00,tt_grogol,40.0,36.74902
1,2026-08-18 22:00:00+00:00,tt_kebonjeruk,35.0,33.11965
1,2026-08-18 22:00:00+00:00,tt_kelapagading,29.0,27.775587
1,2026-08-18 22:00:00+00:00,tt_kuningan,21.0,21.728584
1,2026-08-18 22:00:00+00:00,tt_sudirman,39.0,35.34428
1,2026-08-18 22:00:00+00:00,tt_tangerang,48.0,45.2976
1,2026-08-18 22:00:00+00:00,tt_tbsimatupang,72.0,62.48091
1,2026-08-18 22:00:00+00:00,tt_thamrin,22.0,21.68264
1,2026-08-19 00:00:00+00:00,tt_bekasi,15.0,17.195877
1,2026-08-19 00:00:00+00:00,tt_bogor,35.0,41.677547
1,2026-08-19 00:00:00+00:00,tt_bsd,29.0,32.681778
1,2026-08-19 00:00:00+00:00,tt_cawang,20.0,37.555534
1,2026-08-19 00:00:00+00:00,tt_depok,31.0,28.766047
1,2026-08-19 00:00:00+00:00,tt_gatsu,45.0,40.549004
1,2026-08-19 00:00:00+00:00,tt_grogol,40.0,35.83747
1,2026-08-19 00:00:00+00:00,tt_kebonjeruk,27.0,31.695545
1,2026-08-19 00:00:00+00:00,tt_kelapagading,29.0,27.22456
1,2026-08-19 00:00:00+00:00,tt_kuningan,21.0,20.442165
1,2026-08-19 00:00:00+00:00,tt_sudirman,39.0,34.248558
1,2026-08-19 00:00:00+00:00,tt_tangerang,48.0,44.289448
1,2026-08-19 00:00:00+00:00,tt_tbsimatupang,39.0,61.50448
1,2026-08-19 00:00:00+00:00,tt_thamrin,19.0,20.978436
1,2026-08-19 01:00:00+00:00,tt_bekasi,15.999999,15.31572
1,2026-08-19 01:00:00+00:00,tt_bogor,37.0,35.10937
1,2026-08-19 01:00:00+00:00,tt_bsd,34.0,29.767586
1,2026-08-19 01:00:00+00:00,tt_cawang,13.0,25.636894
1,2026-08-19 01:00:00+00:00,tt_depok,27.0,28.320776
1,2026-08-19 01:00:00+00:00,tt_gatsu,13.0,40.373436
1,2026-08-19 01:00:00+00:00,tt_grogol,32.0,35.734512
1,2026-08-19 01:00:00+00:00,tt_kebonjeruk,25.0,27.22229
1,2026-08-19 01:00:00+00:00,tt_kelapagading,29.0,26.604462
1,2026-08-19 01:00:00+00:00,tt_kuningan,21.0,19.331102
1,2026-08-19 01:00:00+00:00,tt_sudirman,22.0,34.093624
1,2026-08-19 01:00:00+00:00,tt_tangerang,39.0,44.125374
1,2026-08-19 01:00:00+00:00,tt_tbsimatupang,18.0,41.17489
1,2026-08-19 01:00:00+00:00,tt_thamrin,22.0,19.397678
1,2026-08-19 03:00:00+00:00,tt_bekasi,15.999999,14.437998
1,2026-08-19 03:00:00+00:00,tt_bogor,37.0,35.675434
1,2026-08-19 03:00:00+00:00,tt_bsd,34.0,32.607193
1,2026-08-19 03:00:00+00:00,tt_cawang,20.0,18.48898
1,2026-08-19 03:00:00+00:00,tt_depok,31.0,25.683352
1,2026-08-19 03:00:00+00:00,tt_gatsu,45.0,22.23462
1,2026-08-19 03:00:00+00:00,tt_grogol,31.0,30.11445
1,2026-08-19 03:00:00+00:00,tt_kebonjeruk,23.0,25.315481
1,2026-08-19 03:00:00+00:00,tt_kelapagading,29.0,27.649754
1,2026-08-19 03:00:00+00:00,tt_kuningan,15.999999,18.588654
1,2026-08-19 03:00:00+00:00,tt_sudirman,24.0,24.069324
1,2026-08-19 03:00:00+00:00,tt_tangerang,40.0,37.928917
1,2026-08-19 03:00:00+00:00,tt_tbsimatupang,33.0,29.772165
1,2026-08-19 03:00:00+00:00,tt_thamrin,20.0,19.48978
1,2026-08-19 05:00:00+00:00,tt_bekasi,15.0,15.429546
1,2026-08-19 05:00:00+00:00,tt_bogor,32.0,37.461674
1,2026-08-19 05:00:00+00:00,tt_bsd,34.0,33.394238
1,2026-08-19 05:00:00+00:00,tt_cawang,17.0,21.851717
1,2026-08-19 05:00:00+00:00,tt_depok,31.0,28.205414
1,2026-08-19 05:00:00+00:00,tt_gatsu,45.0,43.0637
1,2026-08-19 05:00:00+00:00,tt_grogol,31.0,30.554274
1,2026-08-19 05:00:00+00:00,tt_kebonjeruk,24.0,24.833138
1,2026-08-19 05:00:00+00:00,tt_kelapagading,21.0,28.94735
1,2026-08-19 05:00:00+00:00,tt_kuningan,17.0,17.25412
1,2026-08-19 05:00:00+00:00,tt_sudirman,27.0,24.703568
1,2026-08-19 05:00:00+00:00,tt_tangerang,40.0,40.004044
1,2026-08-19 05:00:00+00:00,tt_tbsimatupang,43.0,37.916092
1,2026-08-19 05:00:00+00:00,tt_thamrin,17.0,19.375961
1,2026-08-19 06:00:00+00:00,tt_bekasi,18.0,15.670193
1,2026-08-19 06:00:00+00:00,tt_bogor,35.0,34.56094
1,2026-08-19 06:00:00+00:00,tt_bsd,34.0,33.50365
1,2026-08-19 06:00:00+00:00,tt_cawang,19.0,21.936407
1,2026-08-19 06:00:00+00:00,tt_depok,27.0,28.882236
1,2026-08-19 06:00:00+00:00,tt_gatsu,30.0,45.586143
1,2026-08-19 06:00:00+00:00,tt_grogol,27.0,31.275743
1,2026-08-19 06:00:00+00:00,tt_kebonjeruk,21.0,25.337103
1,2026-08-19 06:00:00+00:00,tt_kelapagading,21.0,26.677835
1,2026-08-19 06:00:00+00:00,tt_kuningan,21.0,17.421003
1,2026-08-19 06:00:00+00:00,tt_sudirman,18.0,26.26805
1,2026-08-19 06:00:00+00:00,tt_tangerang,38.0,40.457527
1,2026-08-19 06:00:00+00:00,tt_tbsimatupang,48.0,45.30931
1,2026-08-19 06:00:00+00:00,tt_thamrin,13.0,18.498913
1,2026-08-19 08:00:00+00:00,tt_bekasi,15.0,17.875198
1,2026-08-19 08:00:00+00:00,tt_bogor,34.0,36.86784
1,2026-08-19 08:00:00+00:00,tt_bsd,28.0,33.831642
1,2026-08-19 08:00:00+00:00,tt_cawang,32.0,24.522741
1,2026-08-19 08:00:00+00:00,tt_depok,25.0,27.764017
1,2026-08-19 08:00:00+00:00,tt_gatsu,26.0,36.17805
1,2026-08-19 08:00:00+00:00,tt_grogol,27.0,30.45537
1,2026-08-19 08:00:00+00:00,tt_kebonjeruk,18.0,25.03682
1,2026-08-19 08:00:00+00:00,tt_kelapagading,22.0,25.134964
1,2026-08-19 08:00:00+00:00,tt_kuningan,21.0,19.880756
1,2026-08-19 08:00:00+00:00,tt_sudirman,22.0,23.75027
1,2026-08-19 08:00:00+00:00,tt_tangerang,48.0,40.148396
1,2026-08-19 08:00:00+00:00,tt_tbsimatupang,32.0,53.01529
1,2026-08-19 08:00:00+00:00,tt_thamrin,8.0,15.922111
1,2026-08-19 10:00:00+00:00,tt_bekasi,13.0,18.002104
1,2026-08-19 10:00:00+00:00,tt_bogor,30.0,37.355045
1,2026-08-19 10:00:00+00:00,tt_bsd,34.0,30.175577
1,2026-08-19 10:00:00+00:00,tt_cawang,43.0,34.158203
1,2026-08-19 10:00:00+00:00,tt_depok,23.0,26.902601
1,2026-08-19 10:00:00+00:00,tt_gatsu,23.0,34.56077
1,2026-08-19 10:00:00+00:00,tt_grogol,30.0,31.697708
1,2026-08-19 10:00:00+00:00,tt_kebonjeruk,19.0,24.790188
1,2026-08-19 10:00:00+00:00,tt_kelapagading,22.0,25.749325
1,2026-08-19 10:00:00+00:00,tt_kuningan,15.999999,21.433804
1,2026-08-19 10:00:00+00:00,tt_sudirman,19.0,26.242903
1,2026-08-19 10:00:00+00:00,tt_tangerang,28.0,49.862877
1,2026-08-19 10:00:00+00:00,tt_tbsimatupang,34.0,44.82276
1,2026-08-19 10:00:00+00:00,tt_thamrin,17.0,13.318924
1,2026-08-19 11:00:00+00:00,tt_bekasi,18.0,18.152485
1,2026-08-19 11:00:00+00:00,tt_bogor,33.0,36.03723
1,2026-08-19 11:00:00+00:00,tt_bsd,27.0,33.11194
1,2026-08-19 11:00:00+00:00,tt_cawang,43.0,43.074028
1,2026-08-19 11:00:00+00:00,tt_depok,25.0,26.396671
1,2026-08-19 11:00:00+00:00,tt_gatsu,35.0,33.788185
1,2026-08-19 11:00:00+00:00,tt_grogol,32.0,33.634483
1,2026-08-19 11:00:00+00:00,tt_kebonjeruk,21.0,25.503841
1,2026-08-19 11:00:00+00:00,tt_kelapagading,20.0,26.382439
1,2026-08-19 11:00:00+00:00,tt_kuningan,15.999999,20.6345
1,2026-08-19 11:00:00+00:00,tt_sudirman,15.999999,26.304256
1,2026-08-19 11:00:00+00:00,tt_tangerang,26.0,39.87847
1,2026-08-19 11:00:00+00:00,tt_tbsimatupang,44.0,45.258682
1,2026-08-19 11:00:00+00:00,tt_thamrin,10.0,15.537205
1,2026-08-19 13:00:00+00:00,tt_bekasi,18.0,21.763988
1,2026-08-19 13:00:00+00:00,tt_bogor,45.0,38.02816
1,2026-08-19 13:00:00+00:00,tt_bsd,34.0,30.344788
1,2026-08-19 13:00:00+00:00,tt_cawang,43.0,45.467506
1,2026-08-19 13:00:00+00:00,tt_depok,25.0,28.594553
1,2026-08-19 13:00:00+00:00,tt_gatsu,45.0,40.21204
1,2026-08-19 13:00:00+00:00,tt_grogol,31.0,36.61812
1,2026-08-19 13:00:00+00:00,tt_kebonjeruk,27.0,27.148426
1,2026-08-19 13:00:00+00:00,tt_kelapagading,23.0,26.13794
1,2026-08-19 13:00:00+00:00,tt_kuningan,13.0,21.062885
1,2026-08-19 13:00:00+00:00,tt_sudirman,30.0,24.61095
1,2026-08-19 13:00:00+00:00,tt_tangerang,48.0,36.594402
1,2026-08-19 13:00:00+00:00,tt_tbsimatupang,72.0,51.507603
1,2026-08-19 13:00:00+00:00,tt_thamrin,20.0,14.835264
1,2026-08-19 15:00:00+00:00,tt_bekasi,15.999999,22.61005
1,2026-08-19 15:00:00+00:00,tt_bogor,38.0,48.0338
1,2026-08-19 15:00:00+00:00,tt_bsd,34.0,34.922985
1,2026-08-19 15:00:00+00:00,tt_cawang,32.0,43.20932
1,2026-08-19 15:00:00+00:00,tt_depok,31.0,29.212564
1,2026-08-19 15:00:00+00:00,tt_gatsu,45.0,49.06067
1,2026-08-19 15:00:00+00:00,tt_grogol,40.0,35.62347
1,2026-08-19 15:00:00+00:00,tt_kebonjeruk,31.0,27.961758
1,2026-08-19 15:00:00+00:00,tt_kelapagading,29.0,25.925858
1,2026-08-19 15:00:00+00:00,tt_kuningan,21.0,19.139675
1,2026-08-19 15:00:00+00:00,tt_sudirman,29.0,29.794073
1,2026-08-19 15:00:00+00:00,tt_tangerang,48.0,50.992435
1,2026-08-19 15:00:00+00:00,tt_tbsimatupang,72.0,68.76068
1,2026-08-19 15:00:00+00:00,tt_thamrin,21.0,20.083736
1,2026-08-19 16:00:00+00:00,tt_bekasi,18.0,22.05683
1,2026-08-19 16:00:00+00:00,tt_bogor,45.0,43.793068
1,2026-08-19 16:00:00+00:00,tt_bsd,34.0,35.4341
1,2026-08-19 16:00:00+00:00,tt_cawang,43.0,35.204155
1,2026-08-19 16:00:00+00:00,tt_depok,31.0,30.991367
1,2026-08-19 16:00:00+00:00,tt_gatsu,45.0,49.03167
1,2026-08-19 16:00:00+00:00,tt_grogol,40.0,40.871582
1,2026-08-19 16:00:00+00:00,tt_kebonjeruk,35.0,29.739273
1,2026-08-19 16:00:00+00:00,tt_kelapagading,29.0,27.747242
1,2026-08-19 16:00:00+00:00,tt_kuningan,21.0,21.04295
1,2026-08-19 16:00:00+00:00,tt_sudirman,39.0,30.526764
1,2026-08-19 16:00:00+00:00,tt_tangerang,48.0,51.37346
1,2026-08-19 16:00:00+00:00,tt_tbsimatupang,72.0,68.73925
1,2026-08-19 16:00:00+00:00,tt_thamrin,22.0,21.497986
1,2026-08-19 18:00:00+00:00,tt_bekasi,18.0,22.068193
1,2026-08-19 18:00:00+00:00,tt_bogor,45.0,46.73593
1,2026-08-19 18:00:00+00:00,tt_bsd,34.0,35.196167
1,2026-08-19 18:00:00+00:00,tt_cawang,43.0,40.79233
1,2026-08-19 18:00:00+00:00,tt_depok,31.0,32.113297
1,2026-08-19 18:00:00+00:00,tt_gatsu,45.0,46.97995
1,2026-08-19 18:00:00+00:00,tt_grogol,40.0,41.54726
1,2026-08-19 18:00:00+00:00,tt_kebonjeruk,35.0,34.537086
1,2026-08-19 18:00:00+00:00,tt_kelapagading,29.0,29.065353
1,2026-08-19 18:00:00+00:00,tt_kuningan,21.0,22.826435
1,2026-08-19 18:00:00+00:00,tt_sudirman,39.0,38.21586
1,2026-08-19 18:00:00+00:00,tt_tangerang,44.0,50.290848
1,2026-08-19 18:00:00+00:00,tt_tbsimatupang,72.0,67.51358
1,2026-08-19 18:00:00+00:00,tt_thamrin,22.0,23.132393
1,2026-08-19 20:00:00+00:00,tt_bekasi,18.0,21.304544
1,2026-08-19 20:00:00+00:00,tt_bogor,45.0,45.06129
1,2026-08-19 20:00:00+00:00,tt_bsd,34.0,34.416447
1,2026-08-19 20:00:00+00:00,tt_cawang,43.0,39.181293
1,2026-08-19 20:00:00+00:00,tt_depok,31.0,30.970083
1,2026-08-19 20:00:00+00:00,tt_gatsu,45.0,44.5659
1,2026-08-19 20:00:00+00:00,tt_grogol,40.0,39.532158
1,2026-08-19 20:00:00+00:00,tt_kebonjeruk,35.0,33.80366
1,2026-08-19 20:00:00+00:00,tt_kelapagading,29.0,28.96746
1,2026-08-19 20:00:00+00:00,tt_kuningan,21.0,22.694351
1,2026-08-19 20:00:00+00:00,tt_sudirman,39.0,37.540855
1,2026-08-19 20:00:00+00:00,tt_tangerang,48.0,45.480553
1,2026-08-19 20:00:00+00:00,tt_tbsimatupang,72.0,65.273834
1,2026-08-19 20:00:00+00:00,tt_thamrin,22.0,22.977436
1,2026-08-19 21:00:00+00:00,tt_bekasi,18.0,20.554066
1,2026-08-19 21:00:00+00:00,tt_bogor,45.0,44.31193
1,2026-08-19 21:00:00+00:00,tt_bsd,34.0,33.956688
1,2026-08-19 21:00:00+00:00,tt_cawang,43.0,38.48366
1,2026-08-19 21:00:00+00:00,tt_depok,31.0,30.828918
1,2026-08-19 21:00:00+00:00,tt_gatsu,45.0,43.529846
1,2026-08-19 21:00:00+00:00,tt_grogol,40.0,38.471924
1,2026-08-19 21:00:00+00:00,tt_kebonjeruk,35.0,33.22896
1,2026-08-19 21:00:00+00:00,tt_kelapagading,29.0,28.52031
1,2026-08-19 21:00:00+00:00,tt_kuningan,21.0,22.188179
1,2026-08-19 21:00:00+00:00,tt_sudirman,39.0,36.596046
1,2026-08-19 21:00:00+00:00,tt_tangerang,48.0,46.92714
1,2026-08-19 21:00:00+00:00,tt_tbsimatupang,72.0,64.128
1,2026-08-19 21:00:00+00:00,tt_thamrin,22.0,22.874065
1,2026-08-19 23:00:00+00:00,tt_bekasi,17.0,19.054184
1,2026-08-19 23:00:00+00:00,tt_bogor,35.0,42.796257
1,2026-08-19 23:00:00+00:00,tt_bsd,34.0,33.2832
1,2026-08-19 23:00:00+00:00,tt_cawang,26.0,37.66063
1,2026-08-19 23:00:00+00:00,tt_depok,31.0,29.971354
1,2026-08-19 23:00:00+00:00,tt_gatsu,45.0,41.653843
1,2026-08-19 23:00:00+00:00,tt_grogol,35.0,36.81118
1,2026-08-19 23:00:00+00:00,tt_kebonjeruk,30.0,32.174
1,2026-08-19 23:00:00+00:00,tt_kelapagading,29.0,27.712477
1,2026-08-19 23:00:00+00:00,tt_kuningan,21.0,21.07459
1,2026-08-19 23:00:00+00:00,tt_sudirman,39.0,35.072926
1,2026-08-19 23:00:00+00:00,tt_tangerang,48.0,45.586998
1,2026-08-19 23:00:00+00:00,tt_tbsimatupang,72.0,62.25022
1,2026-08-19 23:00:00+00:00,tt_thamrin,20.0,22.133518
1,2026-08-20 01:00:00+00:00,tt_bekasi,18.0,17.220636
1,2026-08-20 01:00:00+00:00,tt_bogor,35.0,33.82898
1,2026-08-20 01:00:00+00:00,tt_bsd,29.0,32.73976
1,2026-08-20 01:00:00+00:00,tt_cawang,14.0,25.287998
1,2026-08-20 01:00:00+00:00,tt_depok,31.0,28.322765
1,2026-08-20 01:00:00+00:00,tt_gatsu,37.0,40.81038
1,2026-08-20 01:00:00+00:00,tt_grogol,30.0,31.624037
1,2026-08-20 01:00:00+00:00,tt_kebonjeruk,26.0,27.266607
1,2026-08-20 01:00:00+00:00,tt_kelapagading,29.0,26.843742
1,2026-08-20 01:00:00+00:00,tt_kuningan,21.0,19.856018
1,2026-08-20 01:00:00+00:00,tt_sudirman,27.0,34.12145
1,2026-08-20 01:00:00+00:00,tt_tangerang,36.0,44.75126
1,2026-08-20 01:00:00+00:00,tt_tbsimatupang,18.0,61.413895
1,2026-08-20 01:00:00+00:00,tt_thamrin,18.0,19.659134
1,2026-08-20 02:00:00+00:00,tt_bekasi,18.0,15.896485
1,2026-08-20 02:00:00+00:00,tt_bogor,40.0,33.50414
1,2026-08-20 02:00:00+00:00,tt_bsd,34.0,29.958607
1,2026-08-20 02:00:00+00:00,tt_cawang,18.0,20.758497
1,2026-08-20 02:00:00+00:00,tt_depok,31.0,28.242985
1,2026-08-20 02:00:00+00:00,tt_gatsu,45.0,35.772026
1,2026-08-20 02:00:00+00:00,tt_grogol,30.0,28.570074
1,2026-08-20 02:00:00+00:00,tt_kebonjeruk,26.0,25.728144
1,2026-08-20 02:00:00+00:00,tt_kelapagading,25.0,26.899452
1,2026-08-20 02:00:00+00:00,tt_kuningan,21.0,18.768375
1,2026-08-20 02:00:00+00:00,tt_sudirman,25.0,27.608105
1,2026-08-20 02:00:00+00:00,tt_tangerang,48.0,37.18044
1,2026-08-20 02:00:00+00:00,tt_tbsimatupang,21.0,33.981453
1,2026-08-20 02:00:00+00:00,tt_thamrin,18.0,18.037619
1,2026-08-20 04:00:00+00:00,tt_bekasi,15.0,16.147537
1,2026-08-20 04:00:00+00:00,tt_bogor,35.0,38.477097
1,2026-08-20 04:00:00+00:00,tt_bsd,34.0,32.750767
1,2026-08-20 04:00:00+00:00,tt_cawang,20.0,20.411674
1,2026-08-20 04:00:00+00:00,tt_depok,27.0,28.865396
1,2026-08-20 04:00:00+00:00,tt_gatsu,45.0,42.16747
1,2026-08-20 04:00:00+00:00,tt_grogol,25.0,28.639908
1,2026-08-20 04:00:00+00:00,tt_kebonjeruk,25.0,25.033459
1,2026-08-20 04:00:00+00:00,tt_kelapagading,22.0,25.478958
1,2026-08-20 04:00:00+00:00,tt_kuningan,21.0,18.80828
1,2026-08-20 04:00:00+00:00,tt_sudirman,26.0,24.374239
1,2026-08-20 04:00:00+00:00,tt_tangerang,48.0,45.923645
1,2026-08-20 04:00:00+00:00,tt_tbsimatupang,45.0,31.534815
1,2026-08-20 04:00:00+00:00,tt_thamrin,13.0,17.490814
1,2026-08-20 06:00:00+00:00,tt_bekasi,15.0,15.923217
1,2026-08-20 06:00:00+00:00,tt_bogor,39.0,34.941235
1,2026-08-20 06:00:00+00:00,tt_bsd,34.0,33.537926
1,2026-08-20 06:00:00+00:00,tt_cawang,28.0,22.820353
1,2026-08-20 06:00:00+00:00,tt_depok,29.0,26.435537
1,2026-08-20 06:00:00+00:00,tt_gatsu,28.0,43.228283
1,2026-08-20 06:00:00+00:00,tt_grogol,29.0,26.928707
1,2026-08-20 06:00:00+00:00,tt_kebonjeruk,25.0,25.136116
1,2026-08-20 06:00:00+00:00,tt_kelapagading,20.0,24.20986
1,2026-08-20 06:00:00+00:00,tt_kuningan,15.999999,19.53218
1,2026-08-20 06:00:00+00:00,tt_sudirman,21.0,25.294174
1,2026-08-20 06:00:00+00:00,tt_tangerang,38.0,46.701653
1,2026-08-20 06:00:00+00:00,tt_tbsimatupang,27.0,47.782787
1,2026-08-20 06:00:00+00:00,tt_thamrin,12.0,15.063047
1,2026-08-20 07:00:00+00:00,tt_bekasi,15.999999,15.8203335
1,2026-08-20 07:00:00+00:00,tt_bogor,36.0,37.47652
1,2026-08-20 07:00:00+00:00,tt_bsd,34.0,33.76479
1,2026-08-20 07:00:00+00:00,tt_cawang,21.0,27.017593
1,2026-08-20 07:00:00+00:00,tt_depok,26.0,26.988583
1,2026-08-20 07:00:00+00:00,tt_gatsu,20.0,33.742226
1,2026-08-20 07:00:00+00:00,tt_grogol,29.0,28.960178
1,2026-08-20 07:00:00+00:00,tt_kebonjeruk,22.0,25.569878
1,2026-08-20 07:00:00+00:00,tt_kelapagading,20.0,23.520159
1,2026-08-20 07:00:00+00:00,tt_kuningan,21.0,17.851131
1,2026-08-20 07:00:00+00:00,tt_sudirman,20.0,24.075756
1,2026-08-20 07:00:00+00:00,tt_tangerang,37.0,40.679802
1,2026-08-20 07:00:00+00:00,tt_tbsimatupang,49.0,41.51298
1,2026-08-20 07:00:00+00:00,tt_thamrin,12.0,14.099632
1,2026-08-20 09:00:00+00:00,tt_bekasi,14.0,17.584698
1,2026-08-20 09:00:00+00:00,tt_bogor,34.0,37.486553
1,2026-08-20 09:00:00+00:00,tt_bsd,28.0,34.2707
1,2026-08-20 09:00:00+00:00,tt_cawang,30.0,27.666191
1,2026-08-20 09:00:00+00:00,tt_depok,26.0,26.64351
1,2026-08-20 09:00:00+00:00,tt_gatsu,32.0,27.79849
1,2026-08-20 09:00:00+00:00,tt_grogol,31.0,31.45628
1,2026-08-20 09:00:00+00:00,tt_kebonjeruk,21.0,25.521961
1,2026-08-20 09:00:00+00:00,tt_kelapagading,21.0,23.650581
1,2026-08-20 09:00:00+00:00,tt_kuningan,13.0,19.850935
1,2026-08-20 09:00:00+00:00,tt_sudirman,23.0,23.72408
1,2026-08-20 09:00:00+00:00,tt_tangerang,34.0,39.861465
1,2026-08-20 09:00:00+00:00,tt_tbsimatupang,47.0,53.888985
1,2026-08-20 09:00:00+00:00,tt_thamrin,18.0,13.798376
1,2026-08-20 11:00:00+00:00,tt_bekasi,18.0,18.09898
1,2026-08-20 11:00:00+00:00,tt_bogor,35.0,37.29765
1,2026-08-20 11:00:00+00:00,tt_bsd,34.0,30.572828
1,2026-08-20 11:00:00+00:00,tt_cawang,33.0,33.343487
1,2026-08-20 11:00:00+00:00,tt_depok,26.0,27.301327
1,2026-08-20 11:00:00+00:00,tt_gatsu,7.0,34.820366
1,2026-08-20 11:00:00+00:00,tt_grogol,29.0,34.32578
1,2026-08-20 11:00:00+00:00,tt_kebonjeruk,18.0,26.10149
1,2026-08-20 11:00:00+00:00,tt_kelapagading,21.0,24.618275
1,2026-08-20 11:00:00+00:00,tt_kuningan,15.999999,17.353243
1,2026-08-20 11:00:00+00:00,tt_sudirman,12.0,26.190184
1,2026-08-20 11:00:00+00:00,tt_tangerang,35.0,39.110397
1,2026-08-20 11:00:00+00:00,tt_tbsimatupang,24.0,54.038338
1,2026-08-20 11:00:00+00:00,tt_thamrin,10.0,17.146442
1,2026-08-20 12:00:00+00:00,tt_bekasi,14.0,19.84143
1,2026-08-20 12:00:00+00:00,tt_bogor,37.0,38.617046
1,2026-08-20 12:00:00+00:00,tt_bsd,34.0,33.451046
1,2026-08-20 12:00:00+00:00,tt_cawang,43.0,35.789513
1,2026-08-20 12:00:00+00:00,tt_depok,24.0,28.031282
1,2026-08-20 12:00:00+00:00,tt_gatsu,10.0,28.344028
1,2026-08-20 12:00:00+00:00,tt_grogol,32.0,34.76448
1,2026-08-20 12:00:00+00:00,tt_kebonjeruk,23.0,25.214651
1,2026-08-20 12:00:00+00:00,tt_kelapagading,21.0,24.983126
1,2026-08-20 12:00:00+00:00,tt_kuningan,13.0,17.769833
1,2026-08-20 12:00:00+00:00,tt_sudirman,22.0,23.263645
1,2026-08-20 12:00:00+00:00,tt_tangerang,48.0,40.10649
1,2026-08-20 12:00:00+00:00,tt_tbsimatupang,40.0,44.88407
1,2026-08-20 12:00:00+00:00,tt_thamrin,9.0,15.499258
1,2026-08-20 14:00:00+00:00,tt_bekasi,18.0,19.987522
1,2026-08-20 14:00:00+00:00,tt_bogor,38.0,42.09344
1,2026-08-20 14:00:00+00:00,tt_bsd,27.0,35.41886
1,2026-08-20 14:00:00+00:00,tt_cawang,32.0,45.07827
1,2026-08-20 14:00:00+00:00,tt_depok,31.0,27.33827
1,2026-08-20 14:00:00+00:00,tt_gatsu,45.0,25.82744
1,2026-08-20 14:00:00+00:00,tt_grogol,40.0,36.788208
1,2026-08-20 14:00:00+00:00,tt_kebonjeruk,28.0,27.426487
1,2026-08-20 14:00:00+00:00,tt_kelapagading,29.0,24.932192
1,2026-08-20 14:00:00+00:00,tt_kuningan,15.999999,17.334385
1,2026-08-20 14:00:00+00:00,tt_sudirman,39.0,26.231697
1,2026-08-20 14:00:00+00:00,tt_tangerang,48.0,51.650436
1,2026-08-20 14:00:00+00:00,tt_tbsimatupang,59.0,48.95764
1,2026-08-20 14:00:00+00:00,tt_thamrin,13.0,14.043659
1,2026-08-20 16:00:00+00:00,tt_bekasi,15.0,21.82765
1,2026-08-20 16:00:00+00:00,tt_bogor,45.0,43.77806
1,2026-08-20 16:00:00+00:00,tt_bsd,34.0,30.913445
1,2026-08-20 16:00:00+00:00,tt_cawang,43.0,35.599377
1,2026-08-20 16:00:00+00:00,tt_depok,31.0,31.52782
1,2026-08-20 16:00:00+00:00,tt_gatsu,45.0,46.71737
1,2026-08-20 16:00:00+00:00,tt_grogol,40.0,43.19498
1,2026-08-20 16:00:00+00:00,tt_kebonjeruk,35.0,30.439632
1,2026-08-20 16:00:00+00:00,tt_kelapagading,29.0,28.510378
1,2026-08-20 16:00:00+00:00,tt_kuningan,21.0,19.725286
1,2026-08-20 16:00:00+00:00,tt_sudirman,39.0,39.035656
1,2026-08-20 16:00:00+00:00,tt_tangerang,48.0,52.265923
1,2026-08-20 16:00:00+00:00,tt_tbsimatupang,72.0,61.621525
1,2026-08-20 16:00:00+00:00,tt_thamrin,22.0,16.113232
1,2026-08-20 17:00:00+00:00,tt_bekasi,18.0,21.749096
1,2026-08-20 17:00:00+00:00,tt_bogor,45.0,47.816402
1,2026-08-20 17:00:00+00:00,tt_bsd,34.0,33.770195
1,2026-08-20 17:00:00+00:00,tt_cawang,43.0,41.827076
1,2026-08-20 17:00:00+00:00,tt_depok,31.0,32.64347
1,2026-08-20 17:00:00+00:00,tt_gatsu,45.0,48.16591
1,2026-08-20 17:00:00+00:00,tt_grogol,40.0,42.975445
1,2026-08-20 17:00:00+00:00,tt_kebonjeruk,35.0,34.572998
1,2026-08-20 17:00:00+00:00,tt_kelapagading,29.0,29.33044
1,2026-08-20 17:00:00+00:00,tt_kuningan,21.0,22.115408
1,2026-08-20 17:00:00+00:00,tt_sudirman,39.0,40.368126
1,2026-08-20 17:00:00+00:00,tt_tangerang,48.0,51.80976
1,2026-08-20 17:00:00+00:00,tt_tbsimatupang,72.0,67.97558
1,2026-08-20 17:00:00+00:00,tt_thamrin,22.0,19.500633
1,2026-08-20 19:00:00+00:00,tt_bekasi,18.0,21.619144
1,2026-08-20 19:00:00+00:00,tt_bogor,45.0,47.339695
1,2026-08-20 19:00:00+00:00,tt_bsd,34.0,35.095253
1,2026-08-20 19:00:00+00:00,tt_cawang,43.0,42.35881
1,2026-08-20 19:00:00+00:00,tt_depok,31.0,32.383762
1,2026-08-20 19:00:00+00:00,tt_gatsu,45.0,46.746513
1,2026-08-20 19:00:00+00:00,tt_grogol,40.0,40.81049
1,2026-08-20 19:00:00+00:00,tt_kebonjeruk,35.0,35.962597
1,2026-08-20 19:00:00+00:00,tt_kelapagading,29.0,29.30349
1,2026-08-20 19:00:00+00:00,tt_kuningan,21.0,23.428734
1,2026-08-20 19:00:00+00:00,tt_sudirman,39.0,39.184357
1,2026-08-20 19:00:00+00:00,tt_tangerang,48.0,49.80255
1,2026-08-20 19:00:00+00:00,tt_tbsimatupang,72.0,67.26118
1,2026-08-20 19:00:00+00:00,tt_thamrin,22.0,22.31115
1,2026-08-20 21:00:00+00:00,tt_bekasi,18.0,20.959923
1,2026-08-20 21:00:00+00:00,tt_bogor,45.0,45.158512
1,2026-08-20 21:00:00+00:00,tt_bsd,34.0,34.553303
1,2026-08-20 21:00:00+00:00,tt_cawang,43.0,39.8714
1,2026-08-20 21:00:00+00:00,tt_depok,31.0,31.06265
1,2026-08-20 21:00:00+00:00,tt_gatsu,45.0,44.744534
1,2026-08-20 21:00:00+00:00,tt_grogol,40.0,38.700436
1,2026-08-20 21:00:00+00:00,tt_kebonjeruk,35.0,34.2631
1,2026-08-20 21:00:00+00:00,tt_kelapagading,29.0,28.846352
1,2026-08-20 21:00:00+00:00,tt_kuningan,21.0,23.051178
1,2026-08-20 21:00:00+00:00,tt_sudirman,39.0,37.264835
1,2026-08-20 21:00:00+00:00,tt_tangerang,48.0,47.512165
1,2026-08-20 21:00:00+00:00,tt_tbsimatupang,72.0,65.37689
1,2026-08-20 21:00:00+00:00,tt_thamrin,22.0,22.522476
1,2026-08-20 22:00:00+00:00,tt_bekasi,18.0,20.538422
1,2026-08-20 22:00:00+00:00,tt_bogor,45.0,44.16052
1,2026-08-20 22:00:00+00:00,tt_bsd,34.0,34.122944
1,2026-08-20 22:00:00+00:00,tt_cawang,43.0,38.972183
1,2026-08-20 22:00:00+00:00,tt_depok,31.0,30.554813
1,2026-08-20 22:00:00+00:00,tt_gatsu,45.0,43.49112
1,2026-08-20 22:00:00+00:00,tt_grogol,40.0,37.78037
1,2026-08-20 22:00:00+00:00,tt_kebonjeruk,35.0,33.63483
1,2026-08-20 22:00:00+00:00,tt_kelapagading,29.0,28.532835
1,2026-08-20 22:00:00+00:00,tt_kuningan,21.0,22.724533
1,2026-08-20 22:00:00+00:00,tt_sudirman,39.0,36.453915
1,2026-08-20 22:00:00+00:00,tt_tangerang,48.0,46.57788
1,2026-08-20 22:00:00+00:00,tt_tbsimatupang,72.0,64.29897
1,2026-08-20 22:00:00+00:00,tt_thamrin,22.0,22.362448
1,2026-08-21 00:00:00+00:00,tt_bekasi,18.0,19.089333
1,2026-08-21 00:00:00+00:00,tt_bogor,35.0,42.448204
1,2026-08-21 00:00:00+00:00,tt_bsd,29.0,33.382195
1,2026-08-21 00:00:00+00:00,tt_cawang,18.0,37.764046
1,2026-08-21 00:00:00+00:00,tt_depok,25.0,29.44164
1,2026-08-21 00:00:00+00:00,tt_gatsu,45.0,41.54386
1,2026-08-21 00:00:00+00:00,tt_grogol,34.0,36.34181
1,2026-08-21 00:00:00+00:00,tt_kebonjeruk,25.0,32.297382
1,2026-08-21 00:00:00+00:00,tt_kelapagading,26.0,27.763397
1,2026-08-21 00:00:00+00:00,tt_kuningan,21.0,21.56829
1,2026-08-21 00:00:00+00:00,tt_sudirman,31.0,34.913906
1,2026-08-21 00:00:00+00:00,tt_tangerang,37.0,45.00663
1,2026-08-21 00:00:00+00:00,tt_tbsimatupang,32.0,62.362267
1,2026-08-21 00:00:00+00:00,tt_thamrin,22.0,21.722157
1,2026-08-21 02:00:00+00:00,tt_bekasi,17.0,16.202477
1,2026-08-21 02:00:00+00:00,tt_bogor,37.0,33.919685
1,2026-08-21 02:00:00+00:00,tt_bsd,28.0,29.183706
1,2026-08-21 02:00:00+00:00,tt_cawang,19.0,22.013992
1,2026-08-21 02:00:00+00:00,tt_depok,26.0,24.834803
1,2026-08-21 02:00:00+00:00,tt_gatsu,45.0,41.066147
1,2026-08-21 02:00:00+00:00,tt_grogol,31.0,31.400614
1,2026-08-21 02:00:00+00:00,tt_kebonjeruk,26.0,24.658253
1,2026-08-21 02:00:00+00:00,tt_kelapagading,29.0,24.930782
1,2026-08-21 02:00:00+00:00,tt_kuningan,21.0,18.943584
1,2026-08-21 02:00:00+00:00,tt_sudirman,23.0,27.701456
1,2026-08-21 02:00:00+00:00,tt_tangerang,37.0,36.157703
1,2026-08-21 02:00:00+00:00,tt_tbsimatupang,37.0,35.445892
1,2026-08-21 02:00:00+00:00,tt_thamrin,22.0,20.155754
1,2026-08-21 03:00:00+00:00,tt_bekasi,15.0,15.925331
1,2026-08-21 03:00:00+00:00,tt_bogor,38.0,35.27854
1,2026-08-21 03:00:00+00:00,tt_bsd,34.0,28.444502
1,2026-08-21 03:00:00+00:00,tt_cawang,21.0,21.28141
1,2026-08-21 03:00:00+00:00,tt_depok,31.0,24.496124
1,2026-08-21 03:00:00+00:00,tt_gatsu,45.0,41.729683
1,2026-08-21 03:00:00+00:00,tt_grogol,27.0,29.990768
1,2026-08-21 03:00:00+00:00,tt_kebonjeruk,24.0,24.363628
1,2026-08-21 03:00:00+00:00,tt_kelapagading,23.0,26.1526
1,2026-08-21 03:00:00+00:00,tt_kuningan,15.999999,18.880634
1,2026-08-21 03:00:00+00:00,tt_sudirman,28.0,24.827133
1,2026-08-21 03:00:00+00:00,tt_tangerang,48.0,36.521675
1,2026-08-21 03:00:00+00:00,tt_tbsimatupang,48.0,38.43697
1,2026-08-21 03:00:00+00:00,tt_thamrin,15.999999,20.241114
1,2026-08-21 05:00:00+00:00,tt_bekasi,15.999999,15.186192
1,2026-08-21 05:00:00+00:00,tt_bogor,45.0,37.39039
1,2026-08-21 05:00:00+00:00,tt_bsd,34.0,32.996193
1,2026-08-21 05:00:00+00:00,tt_cawang,43.0,22.727032
1,2026-08-21 05:00:00+00:00,tt_depok,31.0,27.656176
1,2026-08-21 05:00:00+00:00,tt_gatsu,45.0,42.889862
1,2026-08-21 05:00:00+00:00,tt_grogol,32.0,27.830442
1,2026-08-21 05:00:00+00:00,tt_kebonjeruk,27.0,23.749634
1,2026-08-21 05:00:00+00:00,tt_kelapagading,23.0,24.26153
1,2026-08-21 05:00:00+00:00,tt_kuningan,21.0,16.61512
1,2026-08-21 05:00:00+00:00,tt_sudirman,34.0,25.901726
1,2026-08-21 05:00:00+00:00,tt_tangerang,48.0,46.86972
1,2026-08-21 05:00:00+00:00,tt_tbsimatupang,72.0,50.37828
1,2026-08-21 05:00:00+00:00,tt_thamrin,21.0,17.912785
1,2026-08-21 07:00:00+00:00,tt_bekasi,14.0,17.048084
1,2026-08-21 07:00:00+00:00,tt_bogor,35.0,43.524967
1,2026-08-21 07:00:00+00:00,tt_bsd,34.0,34.033604
1,2026-08-21 07:00:00+00:00,tt_cawang,28.0,41.271835
1,2026-08-21 07:00:00+00:00,tt_depok,25.0,29.145445
1,2026-08-21 07:00:00+00:00,tt_gatsu,36.0,43.258816
1,2026-08-21 07:00:00+00:00,tt_grogol,28.0,31.35627
1,2026-08-21 07:00:00+00:00,tt_kebonjeruk,21.0,25.949677
1,2026-08-21 07:00:00+00:00,tt_kelapagading,20.0,24.264149
1,2026-08-21 07:00:00+00:00,tt_kuningan,21.0,19.796032
1,2026-08-21 07:00:00+00:00,tt_sudirman,18.0,31.683542
1,2026-08-21 07:00:00+00:00,tt_tangerang,39.0,47.00446
1,2026-08-21 07:00:00+00:00,tt_tbsimatupang,52.0,67.199974
1,2026-08-21 07:00:00+00:00,tt_thamrin,18.0,20.201252
1,2026-08-21 08:00:00+00:00,tt_bekasi,15.999999,15.754842
1,2026-08-21 08:00:00+00:00,tt_bogor,34.0,37.166492
1,2026-08-21 08:00:00+00:00,tt_bsd,34.0,34.153904
1,2026-08-21 08:00:00+00:00,tt_cawang,31.0,34.43583
1,2026-08-21 08:00:00+00:00,tt_depok,25.0,26.637722
1,2026-08-21 08:00:00+00:00,tt_gatsu,35.0,37.38236
1,2026-08-21 08:00:00+00:00,tt_grogol,29.0,30.422838
1,2026-08-21 08:00:00+00:00,tt_kebonjeruk,24.0,24.058167
1,2026-08-21 08:00:00+00:00,tt_kelapagading,21.0,22.91795
1,2026-08-21 08:00:00+00:00,tt_kuningan,17.0,19.431288
1,2026-08-21 08:00:00+00:00,tt_sudirman,24.0,26.031
1,2026-08-21 08:00:00+00:00,tt_tangerang,40.0,40.884583
1,2026-08-21 08:00:00+00:00,tt_tbsimatupang,38.0,56.233994
1,2026-08-21 08:00:00+00:00,tt_thamrin,10.0,18.973507
3,2026-08-18 04:00:00+00:00,tt_bekasi,15.0,15.160034
3,2026-08-18 04:00:00+00:00,tt_bogor,33.0,33.635807
3,2026-08-18 04:00:00+00:00,tt_bsd,28.0,32.365353
3,2026-08-18 04:00:00+00:00,tt_cawang,22.0,23.278652
3,2026-08-18 04:00:00+00:00,tt_depok,31.0,25.94049
3,2026-08-18 04:00:00+00:00,tt_gatsu,32.0,38.673218
3,2026-08-18 04:00:00+00:00,tt_grogol,27.0,24.967297
3,2026-08-18 04:00:00+00:00,tt_kebonjeruk,25.0,26.257675
3,2026-08-18 04:00:00+00:00,tt_kelapagading,29.0,27.391247
3,2026-08-18 04:00:00+00:00,tt_kuningan,15.999999,18.105865
3,2026-08-18 04:00:00+00:00,tt_sudirman,24.0,29.550018
3,2026-08-18 04:00:00+00:00,tt_tangerang,36.0,37.412365
3,2026-08-18 04:00:00+00:00,tt_tbsimatupang,55.0,39.815075
3,2026-08-18 04:00:00+00:00,tt_thamrin,18.0,18.893064
3,2026-08-18 05:00:00+00:00,tt_bekasi,15.0,15.311087
3,2026-08-18 05:00:00+00:00,tt_bogor,38.0,34.494675
3,2026-08-18 05:00:00+00:00,tt_bsd,28.0,32.587925
3,2026-08-18 05:00:00+00:00,tt_cawang,28.0,23.203096
3,2026-08-18 05:00:00+00:00,tt_depok,26.0,26.921936
3,2026-08-18 05:00:00+00:00,tt_gatsu,45.0,34.060513
3,2026-08-18 05:00:00+00:00,tt_grogol,36.0,25.15722
3,2026-08-18 05:00:00+00:00,tt_kebonjeruk,22.0,25.7463
3,2026-08-18 05:00:00+00:00,tt_kelapagading,22.0,28.747435
3,2026-08-18 05:00:00+00:00,tt_kuningan,21.0,18.353188
3,2026-08-18 05:00:00+00:00,tt_sudirman,31.0,27.11677
3,2026-08-18 05:00:00+00:00,tt_tangerang,41.0,42.08545
3,2026-08-18 05:00:00+00:00,tt_tbsimatupang,51.0,37.727226
3,2026-08-18 05:00:00+00:00,tt_thamrin,20.0,18.129715
3,2026-08-18 07:00:00+00:00,tt_bekasi,15.0,16.422913
3,2026-08-18 07:00:00+00:00,tt_bogor,34.0,34.380928
3,2026-08-18 07:00:00+00:00,tt_bsd,30.0,30.85002
3,2026-08-18 07:00:00+00:00,tt_cawang,43.0,24.992321
3,2026-08-18 07:00:00+00:00,tt_depok,31.0,28.582924
3,2026-08-18 07:00:00+00:00,tt_gatsu,45.0,33.377487
3,2026-08-18 07:00:00+00:00,tt_grogol,32.0,26.979282
3,2026-08-18 07:00:00+00:00,tt_kebonjeruk,25.0,26.32885
3,2026-08-18 07:00:00+00:00,tt_kelapagading,22.0,31.184908
3,2026-08-18 07:00:00+00:00,tt_kuningan,15.0,18.291424
3,2026-08-18 07:00:00+00:00,tt_sudirman,28.0,26.58791
3,2026-08-18 07:00:00+00:00,tt_tangerang,38.0,39.657475
3,2026-08-18 07:00:00+00:00,tt_tbsimatupang,57.0,50.531013
3,2026-08-18 07:00:00+00:00,tt_thamrin,22.0,17.625725
3,2026-08-18 09:00:00+00:00,tt_bekasi,14.0,17.015745
3,2026-08-18 09:00:00+00:00,tt_bogor,35.0,38.239727
3,2026-08-18 09:00:00+00:00,tt_bsd,28.0,30.014612
3,2026-08-18 09:00:00+00:00,tt_cawang,29.0,30.96935
3,2026-08-18 09:00:00+00:00,tt_depok,24.0,27.079653
3,2026-08-18 09:00:00+00:00,tt_gatsu,45.0,43.149166
3,2026-08-18 09:00:00+00:00,tt_grogol,32.0,34.897865
3,2026-08-18 09:00:00+00:00,tt_kebonjeruk,23.0,25.835815
3,2026-08-18 09:00:00+00:00,tt_kelapagading,23.0,29.279823
3,2026-08-18 09:00:00+00:00,tt_kuningan,21.0,20.132526
3,2026-08-18 09:00:00+00:00,tt_sudirman,31.0,30.964397
3,2026-08-18 09:00:00+00:00,tt_tangerang,38.0,42.619583
3,2026-08-18 09:00:00+00:00,tt_tbsimatupang,43.0,56.463654
3,2026-08-18 09:00:00+00:00,tt_thamrin,22.0,19.039307
3,2026-08-18 10:00:00+00:00,tt_bekasi,14.0,17.339243
3,2026-08-18 10:00:00+00:00,tt_bogor,35.0,37.116985
3,2026-08-18 10:00:00+00:00,tt_bsd,34.0,30.755707
3,2026-08-18 10:00:00+00:00,tt_cawang,30.0,38.662544
3,2026-08-18 10:00:00+00:00,tt_depok,25.0,28.389565
3,2026-08-18 10:00:00+00:00,tt_gatsu,3.999998,44.585175
3,2026-08-18 10:00:00+00:00,tt_grogol,31.0,34.70384
3,2026-08-18 10:00:00+00:00,tt_kebonjeruk,21.0,26.701065
3,2026-08-18 10:00:00+00:00,tt_kelapagading,21.0,28.904915
3,2026-08-18 10:00:00+00:00,tt_kuningan,14.0,18.999622
3,2026-08-18 10:00:00+00:00,tt_sudirman,23.0,31.207058
3,2026-08-18 10:00:00+00:00,tt_tangerang,34.0,41.89165
3,2026-08-18 10:00:00+00:00,tt_tbsimatupang,44.0,59.81244
3,2026-08-18 10:00:00+00:00,tt_thamrin,22.0,20.132563
3,2026-08-18 12:00:00+00:00,tt_bekasi,14.0,17.895212
3,2026-08-18 12:00:00+00:00,tt_bogor,35.0,37.638622
3,2026-08-18 12:00:00+00:00,tt_bsd,34.0,31.41976
3,2026-08-18 12:00:00+00:00,tt_cawang,34.0,37.103874
3,2026-08-18 12:00:00+00:00,tt_depok,26.0,28.115768
3,2026-08-18 12:00:00+00:00,tt_gatsu,45.0,45.94845
3,2026-08-18 12:00:00+00:00,tt_grogol,32.0,35.762283
3,2026-08-18 12:00:00+00:00,tt_kebonjeruk,25.0,26.898867
3,2026-08-18 12:00:00+00:00,tt_kelapagading,22.0,29.071808
3,2026-08-18 12:00:00+00:00,tt_kuningan,13.0,19.636078
3,2026-08-18 12:00:00+00:00,tt_sudirman,29.0,32.690453
3,2026-08-18 12:00:00+00:00,tt_tangerang,48.0,42.08049
3,2026-08-18 12:00:00+00:00,tt_tbsimatupang,72.0,55.474674
3,2026-08-18 12:00:00+00:00,tt_thamrin,17.0,21.45773
3,2026-08-18 14:00:00+00:00,tt_bekasi,15.999999,19.34111
3,2026-08-18 14:00:00+00:00,tt_bogor,45.0,39.595715
3,2026-08-18 14:00:00+00:00,tt_bsd,34.0,35.41752
3,2026-08-18 14:00:00+00:00,tt_cawang,32.0,36.222725
3,2026-08-18 14:00:00+00:00,tt_depok,26.0,27.988914
3,2026-08-18 14:00:00+00:00,tt_gatsu,45.0,34.445065
3,2026-08-18 14:00:00+00:00,tt_grogol,40.0,36.667004
3,2026-08-18 14:00:00+00:00,tt_kebonjeruk,31.0,27.244444
3,2026-08-18 14:00:00+00:00,tt_kelapagading,29.0,29.320192
3,2026-08-18 14:00:00+00:00,tt_kuningan,15.999999,19.15394
3,2026-08-18 14:00:00+00:00,tt_sudirman,30.0,32.19417
3,2026-08-18 14:00:00+00:00,tt_tangerang,48.0,40.90132
3,2026-08-18 14:00:00+00:00,tt_tbsimatupang,72.0,54.61851
3,2026-08-18 14:00:00+00:00,tt_thamrin,22.0,22.934273
3,2026-08-18 15:00:00+00:00,tt_bekasi,15.999999,19.51242
3,2026-08-18 15:00:00+00:00,tt_bogor,45.0,40.550404
3,2026-08-18 15:00:00+00:00,tt_bsd,34.0,36.08695
3,2026-08-18 15:00:00+00:00,tt_cawang,43.0,37.480152
3,2026-08-18 15:00:00+00:00,tt_depok,31.0,28.160559
3,2026-08-18 15:00:00+00:00,tt_gatsu,45.0,44.0644
3,2026-08-18 15:00:00+00:00,tt_grogol,40.0,37.106937
3,2026-08-18 15:00:00+00:00,tt_kebonjeruk,35.0,28.354198
3,2026-08-18 15:00:00+00:00,tt_kelapagading,29.0,28.402462
3,2026-08-18 15:00:00+00:00,tt_kuningan,21.0,19.127275
3,2026-08-18 15:00:00+00:00,tt_sudirman,39.0,32.56314
3,2026-08-18 15:00:00+00:00,tt_tangerang,48.0,47.34121
3,2026-08-18 15:00:00+00:00,tt_tbsimatupang,72.0,64.62775
3,2026-08-18 15:00:00+00:00,tt_thamrin,22.0,21.920963
3,2026-08-18 17:00:00+00:00,tt_bekasi,17.0,18.915348
3,2026-08-18 17:00:00+00:00,tt_bogor,45.0,45.31549
3,2026-08-18 17:00:00+00:00,tt_bsd,34.0,36.073547
3,2026-08-18 17:00:00+00:00,tt_cawang,43.0,36.801365
3,2026-08-18 17:00:00+00:00,tt_depok,31.0,28.079586
3,2026-08-18 17:00:00+00:00,tt_gatsu,45.0,50.001945
3,2026-08-18 17:00:00+00:00,tt_grogol,40.0,40.059628
3,2026-08-18 17:00:00+00:00,tt_kebonjeruk,35.0,30.368822
3,2026-08-18 17:00:00+00:00,tt_kelapagading,29.0,27.64468
3,2026-08-18 17:00:00+00:00,tt_kuningan,21.0,18.817133
3,2026-08-18 17:00:00+00:00,tt_sudirman,39.0,32.16273
3,2026-08-18 17:00:00+00:00,tt_tangerang,48.0,49.90896
3,2026-08-18 17:00:00+00:00,tt_tbsimatupang,72.0,66.13505
3,2026-08-18 17:00:00+00:00,tt_thamrin,22.0,21.697784
3,2026-08-18 19:00:00+00:00,tt_bekasi,17.0,18.196318
3,2026-08-18 19:00:00+00:00,tt_bogor,45.0,45.746418
3,2026-08-18 19:00:00+00:00,tt_bsd,34.0,35.10453
3,2026-08-18 19:00:00+00:00,tt_cawang,43.0,40.88179
3,2026-08-18 19:00:00+00:00,tt_depok,31.0,29.568748
3,2026-08-18 19:00:00+00:00,tt_gatsu,45.0,48.98545
3,2026-08-18 19:00:00+00:00,tt_grogol,40.0,39.821323
3,2026-08-18 19:00:00+00:00,tt_kebonjeruk,35.0,33.513866
3,2026-08-18 19:00:00+00:00,tt_kelapagading,29.0,27.878265
3,2026-08-18 19:00:00+00:00,tt_kuningan,21.0,20.435394
3,2026-08-18 19:00:00+00:00,tt_sudirman,39.0,35.773827
3,2026-08-18 19:00:00+00:00,tt_tangerang,48.0,48.40512
3,2026-08-18 19:00:00+00:00,tt_tbsimatupang,72.0,63.9626
3,2026-08-18 19:00:00+00:00,tt_thamrin,22.0,22.21918
3,2026-08-18 20:00:00+00:00,tt_bekasi,17.0,18.279324
3,2026-08-18 20:00:00+00:00,tt_bogor,45.0,45.031635
3,2026-08-18 20:00:00+00:00,tt_bsd,34.0,34.58173
3,2026-08-18 20:00:00+00:00,tt_cawang,43.0,39.972984
3,2026-08-18 20:00:00+00:00,tt_depok,31.0,29.829088
3,2026-08-18 20:00:00+00:00,tt_gatsu,45.0,47.78827
3,2026-08-18 20:00:00+00:00,tt_grogol,40.0,38.736057
3,2026-08-18 20:00:00+00:00,tt_kebonjeruk,35.0,33.655178
3,2026-08-18 20:00:00+00:00,tt_kelapagading,29.0,28.066458
3,2026-08-18 20:00:00+00:00,tt_kuningan,21.0,20.9916
3,2026-08-18 20:00:00+00:00,tt_sudirman,39.0,35.651672
3,2026-08-18 20:00:00+00:00,tt_tangerang,48.0,47.36666
3,2026-08-18 20:00:00+00:00,tt_tbsimatupang,72.0,62.63961
3,2026-08-18 20:00:00+00:00,tt_thamrin,22.0,22.124794
3,2026-08-18 22:00:00+00:00,tt_bekasi,17.0,18.026802
3,2026-08-18 22:00:00+00:00,tt_bogor,45.0,43.15097
3,2026-08-18 22:00:00+00:00,tt_bsd,34.0,33.63307
3,2026-08-18 22:00:00+00:00,tt_cawang,43.0,37.583534
3,2026-08-18 22:00:00+00:00,tt_depok,31.0,29.48263
3,2026-08-18 22:00:00+00:00,tt_gatsu,45.0,44.557144
3,2026-08-18 22:00:00+00:00,tt_grogol,40.0,36.368656
3,2026-08-18 22:00:00+00:00,tt_kebonjeruk,35.0,32.961086
3,2026-08-18 22:00:00+00:00,tt_kelapagading,29.0,27.86796
3,2026-08-18 22:00:00+00:00,tt_kuningan,21.0,21.20615
3,2026-08-18 22:00:00+00:00,tt_sudirman,39.0,34.274773
3,2026-08-18 22:00:00+00:00,tt_tangerang,48.0,45.261765
3,2026-08-18 22:00:00+00:00,tt_tbsimatupang,72.0,59.999855
3,2026-08-18 22:00:00+00:00,tt_thamrin,22.0,21.725313
3,2026-08-19 00:00:00+00:00,tt_bekasi,15.0,17.427069
3,2026-08-19 00:00:00+00:00,tt_bogor,35.0,41.35135
3,2026-08-19 00:00:00+00:00,tt_bsd,29.0,32.807476
3,2026-08-19 00:00:00+00:00,tt_cawang,20.0,35.285873
3,2026-08-19 00:00:00+00:00,tt_depok,31.0,28.908836
3,2026-08-19 00:00:00+00:00,tt_gatsu,45.0,40.750744
3,2026-08-19 00:00:00+00:00,tt_grogol,40.0,34.407043
3,2026-08-19 00:00:00+00:00,tt_kebonjeruk,27.0,32.029175
3,2026-08-19 00:00:00+00:00,tt_kelapagading,29.0,27.285742
3,2026-08-19 00:00:00+00:00,tt_kuningan,21.0,20.92106
3,2026-08-19 00:00:00+00:00,tt_sudirman,39.0,32.678352
3,2026-08-19 00:00:00+00:00,tt_tangerang,48.0,43.337383
3,2026-08-19 00:00:00+00:00,tt_tbsimatupang,39.0,57.686466
3,2026-08-19 00:00:00+00:00,tt_thamrin,19.0,21.114826
3,2026-08-19 01:00:00+00:00,tt_bekasi,15.999999,16.831463
3,2026-08-19 01:00:00+00:00,tt_bogor,37.0,40.09421
3,2026-08-19 01:00:00+00:00,tt_bsd,34.0,32.47552
3,2026-08-19 01:00:00+00:00,tt_cawang,13.0,34.329556
3,2026-08-19 01:00:00+00:00,tt_depok,27.0,28.380169
3,2026-08-19 01:00:00+00:00,tt_gatsu,13.0,39.117184
3,2026-08-19 01:00:00+00:00,tt_grogol,32.0,33.603077
3,2026-08-19 01:00:00+00:00,tt_kebonjeruk,25.0,30.923237
3,2026-08-19 01:00:00+00:00,tt_kelapagading,29.0,26.911022
3,2026-08-19 01:00:00+00:00,tt_kuningan,21.0,20.08733
3,2026-08-19 01:00:00+00:00,tt_sudirman,22.0,31.761133
3,2026-08-19 01:00:00+00:00,tt_tangerang,39.0,42.38596
3,2026-08-19 01:00:00+00:00,tt_tbsimatupang,18.0,56.8127
3,2026-08-19 01:00:00+00:00,tt_thamrin,22.0,20.645401
3,2026-08-19 03:00:00+00:00,tt_bekasi,15.999999,14.955362
3,2026-08-19 03:00:00+00:00,tt_bogor,37.0,34.728916
3,2026-08-19 03:00:00+00:00,tt_bsd,34.0,30.066038
3,2026-08-19 03:00:00+00:00,tt_cawang,20.0,25.144617
3,2026-08-19 03:00:00+00:00,tt_depok,31.0,27.628347
3,2026-08-19 03:00:00+00:00,tt_gatsu,45.0,37.297104
3,2026-08-19 03:00:00+00:00,tt_grogol,31.0,33.105076
3,2026-08-19 03:00:00+00:00,tt_kebonjeruk,23.0,26.678715
3,2026-08-19 03:00:00+00:00,tt_kelapagading,29.0,26.167614
3,2026-08-19 03:00:00+00:00,tt_kuningan,15.999999,18.51942
3,2026-08-19 03:00:00+00:00,tt_sudirman,24.0,31.361849
3,2026-08-19 03:00:00+00:00,tt_tangerang,40.0,41.548607
3,2026-08-19 03:00:00+00:00,tt_tbsimatupang,33.0,42.44393
3,2026-08-19 03:00:00+00:00,tt_thamrin,20.0,18.937798
3,2026-08-19 05:00:00+00:00,tt_bekasi,15.0,15.011135
3,2026-08-19 05:00:00+00:00,tt_bogor,32.0,35.425014
3,2026-08-19 05:00:00+00:00,tt_bsd,34.0,32.278866
3,2026-08-19 05:00:00+00:00,tt_cawang,17.0,19.893028
3,2026-08-19 05:00:00+00:00,tt_depok,31.0,25.679382
3,2026-08-19 05:00:00+00:00,tt_gatsu,45.0,24.028912
3,2026-08-19 05:00:00+00:00,tt_grogol,31.0,30.16741
3,2026-08-19 05:00:00+00:00,tt_kebonjeruk,24.0,25.761591
3,2026-08-19 05:00:00+00:00,tt_kelapagading,21.0,27.765112
3,2026-08-19 05:00:00+00:00,tt_kuningan,17.0,18.788889
3,2026-08-19 05:00:00+00:00,tt_sudirman,27.0,24.57748
3,2026-08-19 05:00:00+00:00,tt_tangerang,40.0,37.865734
3,2026-08-19 05:00:00+00:00,tt_tbsimatupang,43.0,36.46587
3,2026-08-19 05:00:00+00:00,tt_thamrin,17.0,19.331945
3,2026-08-19 06:00:00+00:00,tt_bekasi,18.0,15.654987
3,2026-08-19 06:00:00+00:00,tt_bogor,35.0,36.58721
3,2026-08-19 06:00:00+00:00,tt_bsd,34.0,32.837635
3,2026-08-19 06:00:00+00:00,tt_cawang,19.0,21.949415
3,2026-08-19 06:00:00+00:00,tt_depok,27.0,27.000925
3,2026-08-19 06:00:00+00:00,tt_gatsu,30.0,34.610233
3,2026-08-19 06:00:00+00:00,tt_grogol,27.0,30.52306
3,2026-08-19 06:00:00+00:00,tt_kebonjeruk,21.0,25.847475
3,2026-08-19 06:00:00+00:00,tt_kelapagading,21.0,28.747036
3,2026-08-19 06:00:00+00:00,tt_kuningan,21.0,18.195623
3,2026-08-19 06:00:00+00:00,tt_sudirman,18.0,25.075428
3,2026-08-19 06:00:00+00:00,tt_tangerang,38.0,38.996323
3,2026-08-19 06:00:00+00:00,tt_tbsimatupang,48.0,39.770576
3,2026-08-19 06:00:00+00:00,tt_thamrin,13.0,19.328577
3,2026-08-19 08:00:00+00:00,tt_bekasi,15.0,16.609222
3,2026-08-19 08:00:00+00:00,tt_bogor,34.0,35.611965
3,2026-08-19 08:00:00+00:00,tt_bsd,28.0,33.337185
3,2026-08-19 08:00:00+00:00,tt_cawang,32.0,24.690336
3,2026-08-19 08:00:00+00:00,tt_depok,25.0,28.889032
3,2026-08-19 08:00:00+00:00,tt_gatsu,26.0,44.46727
3,2026-08-19 08:00:00+00:00,tt_grogol,27.0,32.257935
3,2026-08-19 08:00:00+00:00,tt_kebonjeruk,18.0,26.878944
3,2026-08-19 08:00:00+00:00,tt_kelapagading,22.0,28.182018
3,2026-08-19 08:00:00+00:00,tt_kuningan,21.0,18.061022
3,2026-08-19 08:00:00+00:00,tt_sudirman,22.0,27.436079
3,2026-08-19 08:00:00+00:00,tt_tangerang,48.0,40.41642
3,2026-08-19 08:00:00+00:00,tt_tbsimatupang,32.0,48.038956
3,2026-08-19 08:00:00+00:00,tt_thamrin,8.0,18.7607
3,2026-08-19 10:00:00+00:00,tt_bekasi,13.0,18.922802
3,2026-08-19 10:00:00+00:00,tt_bogor,30.0,37.84197
3,2026-08-19 10:00:00+00:00,tt_bsd,34.0,33.854164
3,2026-08-19 10:00:00+00:00,tt_cawang,43.0,28.340975
3,2026-08-19 10:00:00+00:00,tt_depok,23.0,28.5842
3,2026-08-19 10:00:00+00:00,tt_gatsu,23.0,39.205616
3,2026-08-19 10:00:00+00:00,tt_grogol,30.0,32.459293
3,2026-08-19 10:00:00+00:00,tt_kebonjeruk,19.0,27.631844
3,2026-08-19 10:00:00+00:00,tt_kelapagading,22.0,27.12459
3,2026-08-19 10:00:00+00:00,tt_kuningan,15.999999,20.437672
3,2026-08-19 10:00:00+00:00,tt_sudirman,19.0,26.091488
3,2026-08-19 10:00:00+00:00,tt_tangerang,28.0,41.059315
3,2026-08-19 10:00:00+00:00,tt_tbsimatupang,34.0,55.072403
3,2026-08-19 10:00:00+00:00,tt_thamrin,17.0,16.86314
3,2026-08-19 11:00:00+00:00,tt_bekasi,18.0,19.21794
3,2026-08-19 11:00:00+00:00,tt_bogor,33.0,38.29551
3,2026-08-19 11:00:00+00:00,tt_bsd,27.0,32.02488
3,2026-08-19 11:00:00+00:00,tt_cawang,43.0,33.6468
3,2026-08-19 11:00:00+00:00,tt_depok,25.0,28.254372
3,2026-08-19 11:00:00+00:00,tt_gatsu,35.0,38.84019
3,2026-08-19 11:00:00+00:00,tt_grogol,32.0,33.301495
3,2026-08-19 11:00:00+00:00,tt_kebonjeruk,21.0,27.7334
3,2026-08-19 11:00:00+00:00,tt_kelapagading,20.0,27.551704
3,2026-08-19 11:00:00+00:00,tt_kuningan,15.999999,21.459206
3,2026-08-19 11:00:00+00:00,tt_sudirman,15.999999,27.588951
3,2026-08-19 11:00:00+00:00,tt_tangerang,26.0,46.889355
3,2026-08-19 11:00:00+00:00,tt_tbsimatupang,44.0,50.923668
3,2026-08-19 11:00:00+00:00,tt_thamrin,10.0,15.582281
3,2026-08-19 13:00:00+00:00,tt_bekasi,18.0,20.73676
3,2026-08-19 13:00:00+00:00,tt_bogor,45.0,38.446857
3,2026-08-19 13:00:00+00:00,tt_bsd,34.0,33.765465
3,2026-08-19 13:00:00+00:00,tt_cawang,43.0,43.546265
3,2026-08-19 13:00:00+00:00,tt_depok,25.0,28.220917
3,2026-08-19 13:00:00+00:00,tt_gatsu,45.0,38.883934
3,2026-08-19 13:00:00+00:00,tt_grogol,31.0,36.337162
3,2026-08-19 13:00:00+00:00,tt_kebonjeruk,27.0,29.076763
3,2026-08-19 13:00:00+00:00,tt_kelapagading,23.0,29.091625
3,2026-08-19 13:00:00+00:00,tt_kuningan,13.0,22.520905
3,2026-08-19 13:00:00+00:00,tt_sudirman,30.0,29.98016
3,2026-08-19 13:00:00+00:00,tt_tangerang,48.0,42.985573
3,2026-08-19 13:00:00+00:00,tt_tbsimatupang,72.0,51.12552
3,2026-08-19 13:00:00+00:00,tt_thamrin,20.0,17.11628
3,2026-08-19 15:00:00+00:00,tt_bekasi,15.999999,24.601135
3,2026-08-19 15:00:00+00:00,tt_bogor,38.0,40.759995
3,2026-08-19 15:00:00+00:00,tt_bsd,34.0,32.14169
3,2026-08-19 15:00:00+00:00,tt_cawang,32.0,45.2293
3,2026-08-19 15:00:00+00:00,tt_depok,31.0,30.955687
3,2026-08-19 15:00:00+00:00,tt_gatsu,45.0,43.504395
3,2026-08-19 15:00:00+00:00,tt_grogol,40.0,39.380146
3,2026-08-19 15:00:00+00:00,tt_kebonjeruk,31.0,30.513878
3,2026-08-19 15:00:00+00:00,tt_kelapagading,29.0,29.080025
3,2026-08-19 15:00:00+00:00,tt_kuningan,21.0,23.400795
3,2026-08-19 15:00:00+00:00,tt_sudirman,29.0,28.499142
3,2026-08-19 15:00:00+00:00,tt_tangerang,48.0,41.87584
3,2026-08-19 15:00:00+00:00,tt_tbsimatupang,72.0,54.825874
3,2026-08-19 15:00:00+00:00,tt_thamrin,21.0,17.154179
3,2026-08-19 16:00:00+00:00,tt_bekasi,18.0,24.829819
3,2026-08-19 16:00:00+00:00,tt_bogor,45.0,46.30406
3,2026-08-19 16:00:00+00:00,tt_bsd,34.0,34.470238
3,2026-08-19 16:00:00+00:00,tt_cawang,43.0,43.977596
3,2026-08-19 16:00:00+00:00,tt_depok,31.0,31.352596
3,2026-08-19 16:00:00+00:00,tt_gatsu,45.0,48.681835
3,2026-08-19 16:00:00+00:00,tt_grogol,40.0,38.90266
3,2026-08-19 16:00:00+00:00,tt_kebonjeruk,35.0,30.252954
3,2026-08-19 16:00:00+00:00,tt_kelapagading,29.0,28.552351
3,2026-08-19 16:00:00+00:00,tt_kuningan,21.0,22.061764
3,2026-08-19 16:00:00+00:00,tt_sudirman,39.0,30.424751
3,2026-08-19 16:00:00+00:00,tt_tangerang,48.0,49.252647
3,2026-08-19 16:00:00+00:00,tt_tbsimatupang,72.0,65.46384
3,2026-08-19 16:00:00+00:00,tt_thamrin,22.0,19.656307
3,2026-08-19 18:00:00+00:00,tt_bekasi,18.0,23.458431
3,2026-08-19 18:00:00+00:00,tt_bogor,45.0,44.98003
3,2026-08-19 18:00:00+00:00,tt_bsd,34.0,36.052124
3,2026-08-19 18:00:00+00:00,tt_cawang,43.0,36.24086
3,2026-08-19 18:00:00+00:00,tt_depok,31.0,32.33964
3,2026-08-19 18:00:00+00:00,tt_gatsu,45.0,49.684856
3,2026-08-19 18:00:00+00:00,tt_grogol,40.0,41.443253
3,2026-08-19 18:00:00+00:00,tt_kebonjeruk,35.0,30.72423
3,2026-08-19 18:00:00+00:00,tt_kelapagading,29.0,28.596066
3,2026-08-19 18:00:00+00:00,tt_kuningan,21.0,21.748365
3,2026-08-19 18:00:00+00:00,tt_sudirman,39.0,31.560097
3,2026-08-19 18:00:00+00:00,tt_tangerang,44.0,52.11977
3,2026-08-19 18:00:00+00:00,tt_tbsimatupang,72.0,67.2056
3,2026-08-19 18:00:00+00:00,tt_thamrin,22.0,22.042198
3,2026-08-19 20:00:00+00:00,tt_bekasi,18.0,22.622997
3,2026-08-19 20:00:00+00:00,tt_bogor,45.0,46.49742
3,2026-08-19 20:00:00+00:00,tt_bsd,34.0,35.730396
3,2026-08-19 20:00:00+00:00,tt_cawang,43.0,38.182495
3,2026-08-19 20:00:00+00:00,tt_depok,31.0,32.74259
3,2026-08-19 20:00:00+00:00,tt_gatsu,45.0,46.93583
3,2026-08-19 20:00:00+00:00,tt_grogol,40.0,40.96272
3,2026-08-19 20:00:00+00:00,tt_kebonjeruk,35.0,33.94394
3,2026-08-19 20:00:00+00:00,tt_kelapagading,29.0,29.268957
3,2026-08-19 20:00:00+00:00,tt_kuningan,21.0,22.743656
3,2026-08-19 20:00:00+00:00,tt_sudirman,39.0,36.39652
3,2026-08-19 20:00:00+00:00,tt_tangerang,48.0,50.762413
3,2026-08-19 20:00:00+00:00,tt_tbsimatupang,72.0,65.008385
3,2026-08-19 20:00:00+00:00,tt_thamrin,22.0,23.342335
3,2026-08-19 21:00:00+00:00,tt_bekasi,18.0,22.008957
3,2026-08-19 21:00:00+00:00,tt_bogor,45.0,45.44236
3,2026-08-19 21:00:00+00:00,tt_bsd,34.0,35.216152
3,2026-08-19 21:00:00+00:00,tt_cawang,43.0,37.118397
3,2026-08-19 21:00:00+00:00,tt_depok,31.0,31.993343
3,2026-08-19 21:00:00+00:00,tt_gatsu,45.0,45.322876
3,2026-08-19 21:00:00+00:00,tt_grogol,40.0,39.751583
3,2026-08-19 21:00:00+00:00,tt_kebonjeruk,35.0,33.525993
3,2026-08-19 21:00:00+00:00,tt_kelapagading,29.0,29.187866
3,2026-08-19 21:00:00+00:00,tt_kuningan,21.0,22.584438
3,2026-08-19 21:00:00+00:00,tt_sudirman,39.0,36.246346
3,2026-08-19 21:00:00+00:00,tt_tangerang,48.0,47.770233
3,2026-08-19 21:00:00+00:00,tt_tbsimatupang,72.0,63.402534
3,2026-08-19 21:00:00+00:00,tt_thamrin,22.0,23.252485
3,2026-08-19 23:00:00+00:00,tt_bekasi,17.0,20.32722
3,2026-08-19 23:00:00+00:00,tt_bogor,35.0,43.257
3,2026-08-19 23:00:00+00:00,tt_bsd,34.0,34.02603
3,2026-08-19 23:00:00+00:00,tt_cawang,26.0,34.88601
3,2026-08-19 23:00:00+00:00,tt_depok,31.0,30.854836
3,2026-08-19 23:00:00+00:00,tt_gatsu,45.0,42.174187
3,2026-08-19 23:00:00+00:00,tt_grogol,35.0,36.948532
3,2026-08-19 23:00:00+00:00,tt_kebonjeruk,30.0,32.037342
3,2026-08-19 23:00:00+00:00,tt_kelapagading,29.0,28.284483
3,2026-08-19 23:00:00+00:00,tt_kuningan,21.0,21.545654
3,2026-08-19 23:00:00+00:00,tt_sudirman,39.0,34.323143
3,2026-08-19 23:00:00+00:00,tt_tangerang,48.0,46.05736
3,2026-08-19 23:00:00+00:00,tt_tbsimatupang,72.0,60.04666
3,2026-08-19 23:00:00+00:00,tt_thamrin,20.0,22.793148
3,2026-08-20 01:00:00+00:00,tt_bekasi,18.0,18.295528
3,2026-08-20 01:00:00+00:00,tt_bogor,35.0,40.991722
3,2026-08-20 01:00:00+00:00,tt_bsd,29.0,33.059372
3,2026-08-20 01:00:00+00:00,tt_cawang,14.0,33.73016
3,2026-08-20 01:00:00+00:00,tt_depok,31.0,29.562246
3,2026-08-20 01:00:00+00:00,tt_gatsu,37.0,39.27091
3,2026-08-20 01:00:00+00:00,tt_grogol,30.0,34.499638
3,2026-08-20 01:00:00+00:00,tt_kebonjeruk,26.0,30.629303
3,2026-08-20 01:00:00+00:00,tt_kelapagading,29.0,27.16027
3,2026-08-20 01:00:00+00:00,tt_kuningan,21.0,20.03368
3,2026-08-20 01:00:00+00:00,tt_sudirman,27.0,32.244316
3,2026-08-20 01:00:00+00:00,tt_tangerang,36.0,43.52386
3,2026-08-20 01:00:00+00:00,tt_tbsimatupang,18.0,57.31614
3,2026-08-20 01:00:00+00:00,tt_thamrin,18.0,21.706512
3,2026-08-20 02:00:00+00:00,tt_bekasi,18.0,17.190643
3,2026-08-20 02:00:00+00:00,tt_bogor,40.0,35.860382
3,2026-08-20 02:00:00+00:00,tt_bsd,34.0,32.64706
3,2026-08-20 02:00:00+00:00,tt_cawang,18.0,27.122896
3,2026-08-20 02:00:00+00:00,tt_depok,31.0,28.489208
3,2026-08-20 02:00:00+00:00,tt_gatsu,45.0,38.332577
3,2026-08-20 02:00:00+00:00,tt_grogol,30.0,31.621847
3,2026-08-20 02:00:00+00:00,tt_kebonjeruk,26.0,28.08819
3,2026-08-20 02:00:00+00:00,tt_kelapagading,25.0,26.657034
3,2026-08-20 02:00:00+00:00,tt_kuningan,21.0,19.405962
3,2026-08-20 02:00:00+00:00,tt_sudirman,25.0,31.514915
3,2026-08-20 02:00:00+00:00,tt_tangerang,48.0,42.80317
3,2026-08-20 02:00:00+00:00,tt_tbsimatupang,21.0,56.55215
3,2026-08-20 02:00:00+00:00,tt_thamrin,18.0,20.320042
3,2026-08-20 04:00:00+00:00,tt_bekasi,15.0,15.749123
3,2026-08-20 04:00:00+00:00,tt_bogor,35.0,33.64606
3,2026-08-20 04:00:00+00:00,tt_bsd,34.0,30.31365
3,2026-08-20 04:00:00+00:00,tt_cawang,20.0,22.065155
3,2026-08-20 04:00:00+00:00,tt_depok,27.0,27.871885
3,2026-08-20 04:00:00+00:00,tt_gatsu,45.0,34.834988
3,2026-08-20 04:00:00+00:00,tt_grogol,25.0,28.194965
3,2026-08-20 04:00:00+00:00,tt_kebonjeruk,25.0,25.788776
3,2026-08-20 04:00:00+00:00,tt_kelapagading,22.0,26.58021
3,2026-08-20 04:00:00+00:00,tt_kuningan,21.0,18.279606
3,2026-08-20 04:00:00+00:00,tt_sudirman,26.0,26.664343
3,2026-08-20 04:00:00+00:00,tt_tangerang,48.0,37.401005
3,2026-08-20 04:00:00+00:00,tt_tbsimatupang,45.0,36.924763
3,2026-08-20 04:00:00+00:00,tt_thamrin,13.0,17.87051
3,2026-08-20 06:00:00+00:00,tt_bekasi,15.0,16.779652
3,2026-08-20 06:00:00+00:00,tt_bogor,39.0,36.944603
3,2026-08-20 06:00:00+00:00,tt_bsd,34.0,32.456703
3,2026-08-20 06:00:00+00:00,tt_cawang,28.0,22.161907
3,2026-08-20 06:00:00+00:00,tt_depok,29.0,28.457672
3,2026-08-20 06:00:00+00:00,tt_gatsu,28.0,39.47539
3,2026-08-20 06:00:00+00:00,tt_grogol,29.0,28.883097
3,2026-08-20 06:00:00+00:00,tt_kebonjeruk,25.0,25.42753
3,2026-08-20 06:00:00+00:00,tt_kelapagading,20.0,26.1393
3,2026-08-20 06:00:00+00:00,tt_kuningan,15.999999,18.532055
3,2026-08-20 06:00:00+00:00,tt_sudirman,21.0,24.579323
3,2026-08-20 06:00:00+00:00,tt_tangerang,38.0,43.47769
3,2026-08-20 06:00:00+00:00,tt_tbsimatupang,27.0,37.496998
3,2026-08-20 06:00:00+00:00,tt_thamrin,12.0,17.401184
3,2026-08-20 07:00:00+00:00,tt_bekasi,15.999999,16.774298
3,2026-08-20 07:00:00+00:00,tt_bogor,36.0,35.364124
3,2026-08-20 07:00:00+00:00,tt_bsd,34.0,32.99427
3,2026-08-20 07:00:00+00:00,tt_cawang,21.0,23.782692
3,2026-08-20 07:00:00+00:00,tt_depok,26.0,27.18352
3,2026-08-20 07:00:00+00:00,tt_gatsu,20.0,40.53308
3,2026-08-20 07:00:00+00:00,tt_grogol,29.0,28.272572
3,2026-08-20 07:00:00+00:00,tt_kebonjeruk,22.0,25.590977
3,2026-08-20 07:00:00+00:00,tt_kelapagading,20.0,25.652752
3,2026-08-20 07:00:00+00:00,tt_kuningan,21.0,18.983727
3,2026-08-20 07:00:00+00:00,tt_sudirman,20.0,25.18672
3,2026-08-20 07:00:00+00:00,tt_tangerang,37.0,44.428337
3,2026-08-20 07:00:00+00:00,tt_tbsimatupang,49.0,45.576733
3,2026-08-20 07:00:00+00:00,tt_thamrin,12.0,16.174946
3,2026-08-20 09:00:00+00:00,tt_bekasi,14.0,17.28212
3,2026-08-20 09:00:00+00:00,tt_bogor,34.0,36.988964
3,2026-08-20 09:00:00+00:00,tt_bsd,28.0,33.73006
3,2026-08-20 09:00:00+00:00,tt_cawang,30.0,29.321646
3,2026-08-20 09:00:00+00:00,tt_depok,26.0,27.116726
3,2026-08-20 09:00:00+00:00,tt_gatsu,32.0,35.01137
3,2026-08-20 09:00:00+00:00,tt_grogol,31.0,30.323128
3,2026-08-20 09:00:00+00:00,tt_kebonjeruk,21.0,26.67212
3,2026-08-20 09:00:00+00:00,tt_kelapagading,21.0,25.352037
3,2026-08-20 09:00:00+00:00,tt_kuningan,13.0,18.236797
3,2026-08-20 09:00:00+00:00,tt_sudirman,23.0,25.412687
3,2026-08-20 09:00:00+00:00,tt_tangerang,34.0,41.431267
3,2026-08-20 09:00:00+00:00,tt_tbsimatupang,47.0,46.464542
3,2026-08-20 09:00:00+00:00,tt_thamrin,18.0,14.862551
3,2026-08-20 11:00:00+00:00,tt_bekasi,18.0,19.128567
3,2026-08-20 11:00:00+00:00,tt_bogor,35.0,38.003517
3,2026-08-20 11:00:00+00:00,tt_bsd,34.0,34.44899
3,2026-08-20 11:00:00+00:00,tt_cawang,33.0,31.469622
3,2026-08-20 11:00:00+00:00,tt_depok,26.0,27.492685
3,2026-08-20 11:00:00+00:00,tt_gatsu,7.0,31.383457
3,2026-08-20 11:00:00+00:00,tt_grogol,29.0,33.34328
3,2026-08-20 11:00:00+00:00,tt_kebonjeruk,18.0,27.738289
3,2026-08-20 11:00:00+00:00,tt_kelapagading,21.0,25.630991
3,2026-08-20 11:00:00+00:00,tt_kuningan,15.999999,20.347294
3,2026-08-20 11:00:00+00:00,tt_sudirman,12.0,25.781216
3,2026-08-20 11:00:00+00:00,tt_tangerang,35.0,41.698853
3,2026-08-20 11:00:00+00:00,tt_tbsimatupang,24.0,56.146725
3,2026-08-20 11:00:00+00:00,tt_thamrin,10.0,14.791206
3,2026-08-20 12:00:00+00:00,tt_bekasi,14.0,19.522045
3,2026-08-20 12:00:00+00:00,tt_bogor,37.0,38.24364
3,2026-08-20 12:00:00+00:00,tt_bsd,34.0,32.638157
3,2026-08-20 12:00:00+00:00,tt_cawang,43.0,34.64182
3,2026-08-20 12:00:00+00:00,tt_depok,24.0,28.036434
3,2026-08-20 12:00:00+00:00,tt_gatsu,10.0,34.73294
3,2026-08-20 12:00:00+00:00,tt_grogol,32.0,35.16696
3,2026-08-20 12:00:00+00:00,tt_kebonjeruk,23.0,28.340036
3,2026-08-20 12:00:00+00:00,tt_kelapagading,21.0,26.20352
3,2026-08-20 12:00:00+00:00,tt_kuningan,13.0,19.219303
3,2026-08-20 12:00:00+00:00,tt_sudirman,22.0,27.276491
3,2026-08-20 12:00:00+00:00,tt_tangerang,48.0,41.486664
3,2026-08-20 12:00:00+00:00,tt_tbsimatupang,40.0,56.472023
3,2026-08-20 12:00:00+00:00,tt_thamrin,9.0,16.586502
3,2026-08-20 14:00:00+00:00,tt_bekasi,18.0,22.469965
3,2026-08-20 14:00:00+00:00,tt_bogor,38.0,40.60495
3,2026-08-20 14:00:00+00:00,tt_bsd,27.0,34.2686
3,2026-08-20 14:00:00+00:00,tt_cawang,32.0,38.28779
3,2026-08-20 14:00:00+00:00,tt_depok,31.0,29.684418
3,2026-08-20 14:00:00+00:00,tt_gatsu,45.0,33.849327
3,2026-08-20 14:00:00+00:00,tt_grogol,40.0,37.563683
3,2026-08-20 14:00:00+00:00,tt_kebonjeruk,28.0,28.831553
3,2026-08-20 14:00:00+00:00,tt_kelapagading,29.0,27.510397
3,2026-08-20 14:00:00+00:00,tt_kuningan,15.999999,19.74646
3,2026-08-20 14:00:00+00:00,tt_sudirman,39.0,27.135166
3,2026-08-20 14:00:00+00:00,tt_tangerang,48.0,43.132504
3,2026-08-20 14:00:00+00:00,tt_tbsimatupang,59.0,51.617294
3,2026-08-20 14:00:00+00:00,tt_thamrin,13.0,17.022715
3,2026-08-20 16:00:00+00:00,tt_bekasi,15.0,23.119457
3,2026-08-20 16:00:00+00:00,tt_bogor,45.0,44.0015
3,2026-08-20 16:00:00+00:00,tt_bsd,34.0,36.048965
3,2026-08-20 16:00:00+00:00,tt_cawang,43.0,44.438286
3,2026-08-20 16:00:00+00:00,tt_depok,31.0,29.36946
3,2026-08-20 16:00:00+00:00,tt_gatsu,45.0,32.122818
3,2026-08-20 16:00:00+00:00,tt_grogol,40.0,39.58258
3,2026-08-20 16:00:00+00:00,tt_kebonjeruk,35.0,30.720556
3,2026-08-20 16:00:00+00:00,tt_kelapagading,29.0,27.250198
3,2026-08-20 16:00:00+00:00,tt_kuningan,21.0,19.761677
3,2026-08-20 16:00:00+00:00,tt_sudirman,39.0,29.555035
3,2026-08-20 16:00:00+00:00,tt_tangerang,48.0,52.202087
3,2026-08-20 16:00:00+00:00,tt_tbsimatupang,72.0,53.893524
3,2026-08-20 16:00:00+00:00,tt_thamrin,22.0,15.928666
3,2026-08-20 17:00:00+00:00,tt_bekasi,18.0,23.745396
3,2026-08-20 17:00:00+00:00,tt_bogor,45.0,45.498787
3,2026-08-20 17:00:00+00:00,tt_bsd,34.0,33.910675
3,2026-08-20 17:00:00+00:00,tt_cawang,43.0,39.132618
3,2026-08-20 17:00:00+00:00,tt_depok,31.0,31.508673
3,2026-08-20 17:00:00+00:00,tt_gatsu,45.0,42.551716
3,2026-08-20 17:00:00+00:00,tt_grogol,40.0,43.030037
3,2026-08-20 17:00:00+00:00,tt_kebonjeruk,35.0,32.088528
3,2026-08-20 17:00:00+00:00,tt_kelapagading,29.0,28.801205
3,2026-08-20 17:00:00+00:00,tt_kuningan,21.0,20.837986
3,2026-08-20 17:00:00+00:00,tt_sudirman,39.0,35.8965
3,2026-08-20 17:00:00+00:00,tt_tangerang,48.0,53.249092
3,2026-08-20 17:00:00+00:00,tt_tbsimatupang,72.0,61.209557
3,2026-08-20 17:00:00+00:00,tt_thamrin,22.0,16.815111
3,2026-08-20 19:00:00+00:00,tt_bekasi,18.0,23.109705
3,2026-08-20 19:00:00+00:00,tt_bogor,45.0,48.543495
3,2026-08-20 19:00:00+00:00,tt_bsd,34.0,34.805126
3,2026-08-20 19:00:00+00:00,tt_cawang,43.0,40.82309
3,2026-08-20 19:00:00+00:00,tt_depok,31.0,33.628834
3,2026-08-20 19:00:00+00:00,tt_gatsu,45.0,48.57687
3,2026-08-20 19:00:00+00:00,tt_grogol,40.0,43.17811
3,2026-08-20 19:00:00+00:00,tt_kebonjeruk,35.0,35.45099
3,2026-08-20 19:00:00+00:00,tt_kelapagading,29.0,29.98641
3,2026-08-20 19:00:00+00:00,tt_kuningan,21.0,22.845196
3,2026-08-20 19:00:00+00:00,tt_sudirman,39.0,39.847374
3,2026-08-20 19:00:00+00:00,tt_tangerang,48.0,52.778717
3,2026-08-20 19:00:00+00:00,tt_tbsimatupang,72.0,66.62134
3,2026-08-20 19:00:00+00:00,tt_thamrin,22.0,20.029976
3,2026-08-20 21:00:00+00:00,tt_bekasi,18.0,22.047802
3,2026-08-20 21:00:00+00:00,tt_bogor,45.0,47.459553
3,2026-08-20 21:00:00+00:00,tt_bsd,34.0,35.585213
3,2026-08-20 21:00:00+00:00,tt_cawang,43.0,40.18338
3,2026-08-20 21:00:00+00:00,tt_depok,31.0,32.950367
3,2026-08-20 21:00:00+00:00,tt_gatsu,45.0,46.57795
3,2026-08-20 21:00:00+00:00,tt_grogol,40.0,40.363728
3,2026-08-20 21:00:00+00:00,tt_kebonjeruk,35.0,35.956066
3,2026-08-20 21:00:00+00:00,tt_kelapagading,29.0,29.474138
3,2026-08-20 21:00:00+00:00,tt_kuningan,21.0,23.525946
3,2026-08-20 21:00:00+00:00,tt_sudirman,39.0,38.188896
3,2026-08-20 21:00:00+00:00,tt_tangerang,48.0,50.125145
3,2026-08-20 21:00:00+00:00,tt_tbsimatupang,72.0,64.96726
3,2026-08-20 21:00:00+00:00,tt_thamrin,22.0,22.334303
3,2026-08-20 22:00:00+00:00,tt_bekasi,18.0,21.52436
3,2026-08-20 22:00:00+00:00,tt_bogor,45.0,46.03914
3,2026-08-20 22:00:00+00:00,tt_bsd,34.0,35.267715
3,2026-08-20 22:00:00+00:00,tt_cawang,43.0,38.62997
3,2026-08-20 22:00:00+00:00,tt_depok,31.0,32.01679
3,2026-08-20 22:00:00+00:00,tt_gatsu,45.0,45.325424
3,2026-08-20 22:00:00+00:00,tt_grogol,40.0,38.85889
3,2026-08-20 22:00:00+00:00,tt_kebonjeruk,35.0,34.816765
3,2026-08-20 22:00:00+00:00,tt_kelapagading,29.0,29.14951
3,2026-08-20 22:00:00+00:00,tt_kuningan,21.0,23.200993
3,2026-08-20 22:00:00+00:00,tt_sudirman,39.0,36.910637
3,2026-08-20 22:00:00+00:00,tt_tangerang,48.0,48.473145
3,2026-08-20 22:00:00+00:00,tt_tbsimatupang,72.0,63.52089
3,2026-08-20 22:00:00+00:00,tt_thamrin,22.0,22.474323
3,2026-08-21 00:00:00+00:00,tt_bekasi,18.0,20.316925
3,2026-08-21 00:00:00+00:00,tt_bogor,35.0,43.103886
3,2026-08-21 00:00:00+00:00,tt_bsd,29.0,34.220943
3,2026-08-21 00:00:00+00:00,tt_cawang,18.0,35.75936
3,2026-08-21 00:00:00+00:00,tt_depok,25.0,30.38689
3,2026-08-21 00:00:00+00:00,tt_gatsu,45.0,42.07561
3,2026-08-21 00:00:00+00:00,tt_grogol,34.0,36.04675
3,2026-08-21 00:00:00+00:00,tt_kebonjeruk,25.0,32.727573
3,2026-08-21 00:00:00+00:00,tt_kelapagading,26.0,28.303741
3,2026-08-21 00:00:00+00:00,tt_kuningan,21.0,22.281075
3,2026-08-21 00:00:00+00:00,tt_sudirman,31.0,34.453312
3,2026-08-21 00:00:00+00:00,tt_tangerang,37.0,45.43496
3,2026-08-21 00:00:00+00:00,tt_tbsimatupang,32.0,60.320362
3,2026-08-21 00:00:00+00:00,tt_thamrin,22.0,22.062326
3,2026-08-21 02:00:00+00:00,tt_bekasi,17.0,18.345318
3,2026-08-21 02:00:00+00:00,tt_bogor,37.0,40.448734
3,2026-08-21 02:00:00+00:00,tt_bsd,28.0,33.18774
3,2026-08-21 02:00:00+00:00,tt_cawang,19.0,33.932728
3,2026-08-21 02:00:00+00:00,tt_depok,26.0,28.832575
3,2026-08-21 02:00:00+00:00,tt_gatsu,45.0,39.073475
3,2026-08-21 02:00:00+00:00,tt_grogol,31.0,33.80166
3,2026-08-21 02:00:00+00:00,tt_kebonjeruk,26.0,30.840492
3,2026-08-21 02:00:00+00:00,tt_kelapagading,29.0,27.226223
3,2026-08-21 02:00:00+00:00,tt_kuningan,21.0,20.679966
3,2026-08-21 02:00:00+00:00,tt_sudirman,23.0,32.105682
3,2026-08-21 02:00:00+00:00,tt_tangerang,37.0,42.915962
3,2026-08-21 02:00:00+00:00,tt_tbsimatupang,37.0,57.44893
3,2026-08-21 02:00:00+00:00,tt_thamrin,22.0,21.170952
3,2026-08-21 03:00:00+00:00,tt_bekasi,15.0,16.911263
3,2026-08-21 03:00:00+00:00,tt_bogor,38.0,35.472855
3,2026-08-21 03:00:00+00:00,tt_bsd,34.0,30.89375
3,2026-08-21 03:00:00+00:00,tt_cawang,21.0,25.10419
3,2026-08-21 03:00:00+00:00,tt_depok,31.0,26.296625
3,2026-08-21 03:00:00+00:00,tt_gatsu,45.0,38.499504
3,2026-08-21 03:00:00+00:00,tt_grogol,27.0,31.107864
3,2026-08-21 03:00:00+00:00,tt_kebonjeruk,24.0,26.652555
3,2026-08-21 03:00:00+00:00,tt_kelapagading,23.0,25.705355
3,2026-08-21 03:00:00+00:00,tt_kuningan,15.999999,19.353567
3,2026-08-21 03:00:00+00:00,tt_sudirman,28.0,28.29377
3,2026-08-21 03:00:00+00:00,tt_tangerang,48.0,37.52127
3,2026-08-21 03:00:00+00:00,tt_tbsimatupang,48.0,40.44816
3,2026-08-21 03:00:00+00:00,tt_thamrin,15.999999,20.394499
3,2026-08-21 05:00:00+00:00,tt_bekasi,15.999999,15.972099
3,2026-08-21 05:00:00+00:00,tt_bogor,45.0,35.035976
3,2026-08-21 05:00:00+00:00,tt_bsd,34.0,29.264484
3,2026-08-21 05:00:00+00:00,tt_cawang,43.0,22.163311
3,2026-08-21 05:00:00+00:00,tt_depok,31.0,24.387655
3,2026-08-21 05:00:00+00:00,tt_gatsu,45.0,39.265553
3,2026-08-21 05:00:00+00:00,tt_grogol,32.0,30.024918
3,2026-08-21 05:00:00+00:00,tt_kebonjeruk,27.0,24.484941
3,2026-08-21 05:00:00+00:00,tt_kelapagading,23.0,26.216604
3,2026-08-21 05:00:00+00:00,tt_kuningan,21.0,18.416058
3,2026-08-21 05:00:00+00:00,tt_sudirman,34.0,24.99425
3,2026-08-21 05:00:00+00:00,tt_tangerang,48.0,36.81564
3,2026-08-21 05:00:00+00:00,tt_tbsimatupang,72.0,41.67909
3,2026-08-21 05:00:00+00:00,tt_thamrin,21.0,20.1596
3,2026-08-21 07:00:00+00:00,tt_bekasi,14.0,15.584082
3,2026-08-21 07:00:00+00:00,tt_bogor,35.0,36.738956
3,2026-08-21 07:00:00+00:00,tt_bsd,34.0,32.848595
3,2026-08-21 07:00:00+00:00,tt_cawang,28.0,24.327362
3,2026-08-21 07:00:00+00:00,tt_depok,25.0,27.23235
3,2026-08-21 07:00:00+00:00,tt_gatsu,36.0,40.902313
3,2026-08-21 07:00:00+00:00,tt_grogol,28.0,28.797327
3,2026-08-21 07:00:00+00:00,tt_kebonjeruk,21.0,24.240047
3,2026-08-21 07:00:00+00:00,tt_kelapagading,20.0,25.043146
3,2026-08-21 07:00:00+00:00,tt_kuningan,21.0,16.564865
3,2026-08-21 07:00:00+00:00,tt_sudirman,18.0,26.148127
3,2026-08-21 07:00:00+00:00,tt_tangerang,39.0,44.561985
3,2026-08-21 07:00:00+00:00,tt_tbsimatupang,52.0,51.207916
3,2026-08-21 07:00:00+00:00,tt_thamrin,18.0,18.086222
3,2026-08-21 08:00:00+00:00,tt_bekasi,15.999999,16.454056
3,2026-08-21 08:00:00+00:00,tt_bogor,34.0,39.997543
3,2026-08-21 08:00:00+00:00,tt_bsd,34.0,33.628193
3,2026-08-21 08:00:00+00:00,tt_cawang,31.0,33.994534
3,2026-08-21 08:00:00+00:00,tt_depok,25.0,28.129473
3,2026-08-21 08:00:00+00:00,tt_gatsu,35.0,41.32156
3,2026-08-21 08:00:00+00:00,tt_grogol,29.0,30.630802
3,2026-08-21 08:00:00+00:00,tt_kebonjeruk,24.0,25.452393
3,2026-08-21 08:00:00+00:00,tt_kelapagading,21.0,25.039219
3,2026-08-21 08:00:00+00:00,tt_kuningan,17.0,18.117275
3,2026-08-21 08:00:00+00:00,tt_sudirman,24.0,29.172752
3,2026-08-21 08:00:00+00:00,tt_tangerang,40.0,45.24829
3,2026-08-21 08:00:00+00:00,tt_tbsimatupang,38.0,62.47364
3,2026-08-21 08:00:00+00:00,tt_thamrin,10.0,19.178501
3,2026-08-21 10:00:00+00:00,tt_bekasi,15.0,16.271147
3,2026-08-21 10:00:00+00:00,tt_bogor,32.0,37.15243
3,2026-08-21 10:00:00+00:00,tt_bsd,34.0,34.257942
3,2026-08-21 10:00:00+00:00,tt_cawang,22.0,35.36738
3,2026-08-21 10:00:00+00:00,tt_depok,24.0,26.684017
3,2026-08-21 10:00:00+00:00,tt_gatsu,34.0,37.732872
3,2026-08-21 10:00:00+00:00,tt_grogol,32.0,31.538921
3,2026-08-21 10:00:00+00:00,tt_kebonjeruk,20.0,24.947906
3,2026-08-21 10:00:00+00:00,tt_kelapagading,19.0,23.929583
3,2026-08-21 10:00:00+00:00,tt_kuningan,13.0,19.084427
3,2026-08-21 10:00:00+00:00,tt_sudirman,22.0,26.76247
3,2026-08-21 10:00:00+00:00,tt_tangerang,29.0,41.316254
3,2026-08-21 10:00:00+00:00,tt_tbsimatupang,27.0,57.3322
3,2026-08-21 10:00:00+00:00,tt_thamrin,19.0,19.07415
6,2026-08-18 07:00:00+00:00,tt_bekasi,15.0,14.539158
6,2026-08-18 07:00:00+00:00,tt_bogor,34.0,35.099606
6,2026-08-18 07:00:00+00:00,tt_bsd,30.0,31.815388
6,2026-08-18 07:00:00+00:00,tt_cawang,43.0,26.243399
6,2026-08-18 07:00:00+00:00,tt_depok,31.0,26.184513
6,2026-08-18 07:00:00+00:00,tt_gatsu,45.0,35.189266
6,2026-08-18 07:00:00+00:00,tt_grogol,32.0,26.991905
6,2026-08-18 07:00:00+00:00,tt_kebonjeruk,25.0,27.005253
6,2026-08-18 07:00:00+00:00,tt_kelapagading,22.0,27.859356
6,2026-08-18 07:00:00+00:00,tt_kuningan,15.0,16.958963
6,2026-08-18 07:00:00+00:00,tt_sudirman,28.0,29.717758
6,2026-08-18 07:00:00+00:00,tt_tangerang,38.0,38.568615
6,2026-08-18 07:00:00+00:00,tt_tbsimatupang,57.0,48.911785
6,2026-08-18 07:00:00+00:00,tt_thamrin,22.0,18.723896
6,2026-08-18 09:00:00+00:00,tt_bekasi,14.0,16.055119
6,2026-08-18 09:00:00+00:00,tt_bogor,35.0,35.36151
6,2026-08-18 09:00:00+00:00,tt_bsd,28.0,32.57052
6,2026-08-18 09:00:00+00:00,tt_cawang,29.0,26.583687
6,2026-08-18 09:00:00+00:00,tt_depok,24.0,27.462072
6,2026-08-18 09:00:00+00:00,tt_gatsu,45.0,35.719036
6,2026-08-18 09:00:00+00:00,tt_grogol,32.0,28.293892
6,2026-08-18 09:00:00+00:00,tt_kebonjeruk,23.0,27.334873
6,2026-08-18 09:00:00+00:00,tt_kelapagading,23.0,32.23261
6,2026-08-18 09:00:00+00:00,tt_kuningan,21.0,18.697088
6,2026-08-18 09:00:00+00:00,tt_sudirman,31.0,29.136677
6,2026-08-18 09:00:00+00:00,tt_tangerang,38.0,41.313393
6,2026-08-18 09:00:00+00:00,tt_tbsimatupang,43.0,47.290073
6,2026-08-18 09:00:00+00:00,tt_thamrin,22.0,17.275646
6,2026-08-18 10:00:00+00:00,tt_bekasi,14.0,16.210651
6,2026-08-18 10:00:00+00:00,tt_bogor,35.0,36.33166
6,2026-08-18 10:00:00+00:00,tt_bsd,34.0,32.279297
6,2026-08-18 10:00:00+00:00,tt_cawang,30.0,28.21232
6,2026-08-18 10:00:00+00:00,tt_depok,25.0,28.714743
6,2026-08-18 10:00:00+00:00,tt_gatsu,3.999998,36.339775
6,2026-08-18 10:00:00+00:00,tt_grogol,31.0,29.128828
6,2026-08-18 10:00:00+00:00,tt_kebonjeruk,21.0,28.140491
6,2026-08-18 10:00:00+00:00,tt_kelapagading,21.0,33.470104
6,2026-08-18 10:00:00+00:00,tt_kuningan,14.0,18.085648
6,2026-08-18 10:00:00+00:00,tt_sudirman,23.0,29.361181
6,2026-08-18 10:00:00+00:00,tt_tangerang,34.0,42.832237
6,2026-08-18 10:00:00+00:00,tt_tbsimatupang,44.0,53.499535
6,2026-08-18 10:00:00+00:00,tt_thamrin,22.0,17.406986
6,2026-08-18 12:00:00+00:00,tt_bekasi,14.0,17.0095
6,2026-08-18 12:00:00+00:00,tt_bogor,35.0,38.311424
6,2026-08-18 12:00:00+00:00,tt_bsd,34.0,32.301937
6,2026-08-18 12:00:00+00:00,tt_cawang,34.0,34.323933
6,2026-08-18 12:00:00+00:00,tt_depok,26.0,27.704956
6,2026-08-18 12:00:00+00:00,tt_gatsu,45.0,41.43165
6,2026-08-18 12:00:00+00:00,tt_grogol,32.0,35.18459
6,2026-08-18 12:00:00+00:00,tt_kebonjeruk,25.0,27.960005
6,2026-08-18 12:00:00+00:00,tt_kelapagading,22.0,32.468098
6,2026-08-18 12:00:00+00:00,tt_kuningan,13.0,19.655632
6,2026-08-18 12:00:00+00:00,tt_sudirman,29.0,33.022343
6,2026-08-18 12:00:00+00:00,tt_tangerang,48.0,43.59497
6,2026-08-18 12:00:00+00:00,tt_tbsimatupang,72.0,60.178226
6,2026-08-18 12:00:00+00:00,tt_thamrin,17.0,18.863335
6,2026-08-18 14:00:00+00:00,tt_bekasi,15.999999,18.18319
6,2026-08-18 14:00:00+00:00,tt_bogor,45.0,39.57565
6,2026-08-18 14:00:00+00:00,tt_bsd,34.0,33.65316
6,2026-08-18 14:00:00+00:00,tt_cawang,32.0,40.434097
6,2026-08-18 14:00:00+00:00,tt_depok,26.0,30.110111
6,2026-08-18 14:00:00+00:00,tt_gatsu,45.0,44.74215
6,2026-08-18 14:00:00+00:00,tt_grogol,40.0,37.93194
6,2026-08-18 14:00:00+00:00,tt_kebonjeruk,31.0,28.973564
6,2026-08-18 14:00:00+00:00,tt_kelapagading,29.0,32.266357
6,2026-08-18 14:00:00+00:00,tt_kuningan,15.999999,18.544538
6,2026-08-18 14:00:00+00:00,tt_sudirman,30.0,33.765373
6,2026-08-18 14:00:00+00:00,tt_tangerang,48.0,44.244755
6,2026-08-18 14:00:00+00:00,tt_tbsimatupang,72.0,62.195747
6,2026-08-18 14:00:00+00:00,tt_thamrin,22.0,20.733814
6,2026-08-18 15:00:00+00:00,tt_bekasi,15.999999,18.852707
6,2026-08-18 15:00:00+00:00,tt_bogor,45.0,39.803032
6,2026-08-18 15:00:00+00:00,tt_bsd,34.0,33.906773
6,2026-08-18 15:00:00+00:00,tt_cawang,43.0,41.56336
6,2026-08-18 15:00:00+00:00,tt_depok,31.0,29.207792
6,2026-08-18 15:00:00+00:00,tt_gatsu,45.0,45.567593
6,2026-08-18 15:00:00+00:00,tt_grogol,40.0,39.05435
6,2026-08-18 15:00:00+00:00,tt_kebonjeruk,35.0,28.836248
6,2026-08-18 15:00:00+00:00,tt_kelapagading,29.0,32.871635
6,2026-08-18 15:00:00+00:00,tt_kuningan,21.0,20.002054
6,2026-08-18 15:00:00+00:00,tt_sudirman,39.0,35.228546
6,2026-08-18 15:00:00+00:00,tt_tangerang,48.0,44.78704
6,2026-08-18 15:00:00+00:00,tt_tbsimatupang,72.0,63.782707
6,2026-08-18 15:00:00+00:00,tt_thamrin,22.0,21.639917
6,2026-08-18 17:00:00+00:00,tt_bekasi,17.0,21.504173
6,2026-08-18 17:00:00+00:00,tt_bogor,45.0,43.7713
6,2026-08-18 17:00:00+00:00,tt_bsd,34.0,36.986576
6,2026-08-18 17:00:00+00:00,tt_cawang,43.0,41.373035
6,2026-08-18 17:00:00+00:00,tt_depok,31.0,30.36415
6,2026-08-18 17:00:00+00:00,tt_gatsu,45.0,45.766857
6,2026-08-18 17:00:00+00:00,tt_grogol,40.0,40.98172
6,2026-08-18 17:00:00+00:00,tt_kebonjeruk,35.0,31.039993
6,2026-08-18 17:00:00+00:00,tt_kelapagading,29.0,33.83595
6,2026-08-18 17:00:00+00:00,tt_kuningan,21.0,21.167818
6,2026-08-18 17:00:00+00:00,tt_sudirman,39.0,37.222576
6,2026-08-18 17:00:00+00:00,tt_tangerang,48.0,46.40107
6,2026-08-18 17:00:00+00:00,tt_tbsimatupang,72.0,62.174072
6,2026-08-18 17:00:00+00:00,tt_thamrin,22.0,23.931906
6,2026-08-18 19:00:00+00:00,tt_bekasi,17.0,20.735733
6,2026-08-18 19:00:00+00:00,tt_bogor,45.0,44.656895
6,2026-08-18 19:00:00+00:00,tt_bsd,34.0,37.495735
6,2026-08-18 19:00:00+00:00,tt_cawang,43.0,40.887722
6,2026-08-18 19:00:00+00:00,tt_depok,31.0,29.676645
6,2026-08-18 19:00:00+00:00,tt_gatsu,45.0,52.136147
6,2026-08-18 19:00:00+00:00,tt_grogol,40.0,41.040005
6,2026-08-18 19:00:00+00:00,tt_kebonjeruk,35.0,31.857382
6,2026-08-18 19:00:00+00:00,tt_kelapagading,29.0,29.912899
6,2026-08-18 19:00:00+00:00,tt_kuningan,21.0,20.115753
6,2026-08-18 19:00:00+00:00,tt_sudirman,39.0,35.309486
6,2026-08-18 19:00:00+00:00,tt_tangerang,48.0,49.050976
6,2026-08-18 19:00:00+00:00,tt_tbsimatupang,72.0,62.079067
6,2026-08-18 19:00:00+00:00,tt_thamrin,22.0,21.58501
6,2026-08-18 20:00:00+00:00,tt_bekasi,17.0,19.500656
6,2026-08-18 20:00:00+00:00,tt_bogor,45.0,44.939407
6,2026-08-18 20:00:00+00:00,tt_bsd,34.0,37.06833
6,2026-08-18 20:00:00+00:00,tt_cawang,43.0,40.319885
6,2026-08-18 20:00:00+00:00,tt_depok,31.0,29.20184
6,2026-08-18 20:00:00+00:00,tt_gatsu,45.0,52.66139
6,2026-08-18 20:00:00+00:00,tt_grogol,40.0,40.23206
6,2026-08-18 20:00:00+00:00,tt_kebonjeruk,35.0,32.51961
6,2026-08-18 20:00:00+00:00,tt_kelapagading,29.0,29.060785
6,2026-08-18 20:00:00+00:00,tt_kuningan,21.0,19.389452
6,2026-08-18 20:00:00+00:00,tt_sudirman,39.0,33.91236
6,2026-08-18 20:00:00+00:00,tt_tangerang,48.0,49.262436
6,2026-08-18 20:00:00+00:00,tt_tbsimatupang,72.0,60.675697
6,2026-08-18 20:00:00+00:00,tt_thamrin,22.0,22.096119
6,2026-08-18 22:00:00+00:00,tt_bekasi,17.0,17.726765
6,2026-08-18 22:00:00+00:00,tt_bogor,45.0,44.28824
6,2026-08-18 22:00:00+00:00,tt_bsd,34.0,35.624107
6,2026-08-18 22:00:00+00:00,tt_cawang,43.0,38.074905
6,2026-08-18 22:00:00+00:00,tt_depok,31.0,29.34422
6,2026-08-18 22:00:00+00:00,tt_gatsu,45.0,49.403202
6,2026-08-18 22:00:00+00:00,tt_grogol,40.0,38.296345
6,2026-08-18 22:00:00+00:00,tt_kebonjeruk,35.0,32.364555
6,2026-08-18 22:00:00+00:00,tt_kelapagading,29.0,27.613459
6,2026-08-18 22:00:00+00:00,tt_kuningan,21.0,19.766003
6,2026-08-18 22:00:00+00:00,tt_sudirman,39.0,33.12338
6,2026-08-18 22:00:00+00:00,tt_tangerang,48.0,46.63054
6,2026-08-18 22:00:00+00:00,tt_tbsimatupang,72.0,55.925102
6,2026-08-18 22:00:00+00:00,tt_thamrin,22.0,21.924301
6,2026-08-19 00:00:00+00:00,tt_bekasi,15.0,17.362076
6,2026-08-19 00:00:00+00:00,tt_bogor,35.0,42.02211
6,2026-08-19 00:00:00+00:00,tt_bsd,29.0,34.175323
6,2026-08-19 00:00:00+00:00,tt_cawang,20.0,34.58545
6,2026-08-19 00:00:00+00:00,tt_depok,31.0,29.288542
6,2026-08-19 00:00:00+00:00,tt_gatsu,45.0,44.98152
6,2026-08-19 00:00:00+00:00,tt_grogol,40.0,35.11306
6,2026-08-19 00:00:00+00:00,tt_kebonjeruk,27.0,31.684423
6,2026-08-19 00:00:00+00:00,tt_kelapagading,29.0,27.500986
6,2026-08-19 00:00:00+00:00,tt_kuningan,21.0,20.311232
6,2026-08-19 00:00:00+00:00,tt_sudirman,39.0,31.742474
6,2026-08-19 00:00:00+00:00,tt_tangerang,48.0,43.49589
6,2026-08-19 00:00:00+00:00,tt_tbsimatupang,39.0,51.891464
6,2026-08-19 00:00:00+00:00,tt_thamrin,19.0,21.254337
6,2026-08-19 01:00:00+00:00,tt_bekasi,15.999999,17.094582
6,2026-08-19 01:00:00+00:00,tt_bogor,37.0,40.6851
6,2026-08-19 01:00:00+00:00,tt_bsd,34.0,33.544735
6,2026-08-19 01:00:00+00:00,tt_cawang,13.0,33.355434
6,2026-08-19 01:00:00+00:00,tt_depok,27.0,28.798315
6,2026-08-19 01:00:00+00:00,tt_gatsu,13.0,42.432236
6,2026-08-19 01:00:00+00:00,tt_grogol,32.0,33.59848
6,2026-08-19 01:00:00+00:00,tt_kebonjeruk,25.0,31.321218
6,2026-08-19 01:00:00+00:00,tt_kelapagading,29.0,27.300396
6,2026-08-19 01:00:00+00:00,tt_kuningan,21.0,20.200779
6,2026-08-19 01:00:00+00:00,tt_sudirman,22.0,30.863565
6,2026-08-19 01:00:00+00:00,tt_tangerang,39.0,42.144917
6,2026-08-19 01:00:00+00:00,tt_tbsimatupang,18.0,50.16346
6,2026-08-19 01:00:00+00:00,tt_thamrin,22.0,20.99449
6,2026-08-19 03:00:00+00:00,tt_bekasi,15.999999,16.2098
6,2026-08-19 03:00:00+00:00,tt_bogor,37.0,38.31519
6,2026-08-19 03:00:00+00:00,tt_bsd,34.0,32.351883
6,2026-08-19 03:00:00+00:00,tt_cawang,20.0,30.506739
6,2026-08-19 03:00:00+00:00,tt_depok,31.0,28.030647
6,2026-08-19 03:00:00+00:00,tt_gatsu,45.0,37.248894
6,2026-08-19 03:00:00+00:00,tt_grogol,31.0,31.05753
6,2026-08-19 03:00:00+00:00,tt_kebonjeruk,23.0,30.187822
6,2026-08-19 03:00:00+00:00,tt_kelapagading,29.0,26.520502
6,2026-08-19 03:00:00+00:00,tt_kuningan,15.999999,19.81304
6,2026-08-19 03:00:00+00:00,tt_sudirman,24.0,28.885813
6,2026-08-19 03:00:00+00:00,tt_tangerang,40.0,39.605595
6,2026-08-19 03:00:00+00:00,tt_tbsimatupang,33.0,47.416134
6,2026-08-19 03:00:00+00:00,tt_thamrin,20.0,20.128643
6,2026-08-19 05:00:00+00:00,tt_bekasi,15.0,14.411917
6,2026-08-19 05:00:00+00:00,tt_bogor,32.0,35.46484
6,2026-08-19 05:00:00+00:00,tt_bsd,34.0,31.430973
6,2026-08-19 05:00:00+00:00,tt_cawang,17.0,28.462536
6,2026-08-19 05:00:00+00:00,tt_depok,31.0,26.58403
6,2026-08-19 05:00:00+00:00,tt_gatsu,45.0,32.966038
6,2026-08-19 05:00:00+00:00,tt_grogol,31.0,29.193151
6,2026-08-19 05:00:00+00:00,tt_kebonjeruk,24.0,27.352861
6,2026-08-19 05:00:00+00:00,tt_kelapagading,21.0,25.44887
6,2026-08-19 05:00:00+00:00,tt_kuningan,17.0,17.365078
6,2026-08-19 05:00:00+00:00,tt_sudirman,27.0,26.766153
6,2026-08-19 05:00:00+00:00,tt_tangerang,40.0,37.444603
6,2026-08-19 05:00:00+00:00,tt_tbsimatupang,43.0,45.851826
6,2026-08-19 05:00:00+00:00,tt_thamrin,17.0,18.779598
6,2026-08-19 06:00:00+00:00,tt_bekasi,18.0,13.625172
6,2026-08-19 06:00:00+00:00,tt_bogor,35.0,34.742775
6,2026-08-19 06:00:00+00:00,tt_bsd,34.0,30.744343
6,2026-08-19 06:00:00+00:00,tt_cawang,19.0,27.354782
6,2026-08-19 06:00:00+00:00,tt_depok,27.0,26.56028
6,2026-08-19 06:00:00+00:00,tt_gatsu,30.0,33.145256
6,2026-08-19 06:00:00+00:00,tt_grogol,27.0,29.749205
6,2026-08-19 06:00:00+00:00,tt_kebonjeruk,21.0,26.188461
6,2026-08-19 06:00:00+00:00,tt_kelapagading,21.0,25.563545
6,2026-08-19 06:00:00+00:00,tt_kuningan,21.0,16.971878
6,2026-08-19 06:00:00+00:00,tt_sudirman,18.0,27.894373
6,2026-08-19 06:00:00+00:00,tt_tangerang,38.0,37.607452
6,2026-08-19 06:00:00+00:00,tt_tbsimatupang,48.0,48.778236
6,2026-08-19 06:00:00+00:00,tt_thamrin,13.0,17.80142
6,2026-08-19 08:00:00+00:00,tt_bekasi,15.0,14.7663765
6,2026-08-19 08:00:00+00:00,tt_bogor,34.0,36.406403
6,2026-08-19 08:00:00+00:00,tt_bsd,28.0,32.1619
6,2026-08-19 08:00:00+00:00,tt_cawang,32.0,24.54944
6,2026-08-19 08:00:00+00:00,tt_depok,25.0,25.909014
6,2026-08-19 08:00:00+00:00,tt_gatsu,26.0,29.964787
6,2026-08-19 08:00:00+00:00,tt_grogol,27.0,31.427492
6,2026-08-19 08:00:00+00:00,tt_kebonjeruk,18.0,27.8552
6,2026-08-19 08:00:00+00:00,tt_kelapagading,22.0,28.439766
6,2026-08-19 08:00:00+00:00,tt_kuningan,21.0,18.642067
6,2026-08-19 08:00:00+00:00,tt_sudirman,22.0,27.541721
6,2026-08-19 08:00:00+00:00,tt_tangerang,48.0,38.698097
6,2026-08-19 08:00:00+00:00,tt_tbsimatupang,32.0,46.09846
6,2026-08-19 08:00:00+00:00,tt_thamrin,8.0,18.869246
6,2026-08-19 10:00:00+00:00,tt_bekasi,13.0,16.12742
6,2026-08-19 10:00:00+00:00,tt_bogor,30.0,38.011948
6,2026-08-19 10:00:00+00:00,tt_bsd,34.0,32.839146
6,2026-08-19 10:00:00+00:00,tt_cawang,43.0,28.115135
6,2026-08-19 10:00:00+00:00,tt_depok,23.0,28.103704
6,2026-08-19 10:00:00+00:00,tt_gatsu,23.0,41.098663
6,2026-08-19 10:00:00+00:00,tt_grogol,30.0,33.232918
6,2026-08-19 10:00:00+00:00,tt_kebonjeruk,19.0,28.70717
6,2026-08-19 10:00:00+00:00,tt_kelapagading,22.0,31.11747
6,2026-08-19 10:00:00+00:00,tt_kuningan,15.999999,17.803694
6,2026-08-19 10:00:00+00:00,tt_sudirman,19.0,28.780586
6,2026-08-19 10:00:00+00:00,tt_tangerang,28.0,39.78392
6,2026-08-19 10:00:00+00:00,tt_tbsimatupang,34.0,50.731407
6,2026-08-19 10:00:00+00:00,tt_thamrin,17.0,19.02703
6,2026-08-19 11:00:00+00:00,tt_bekasi,18.0,16.686443
6,2026-08-19 11:00:00+00:00,tt_bogor,33.0,38.429707
6,2026-08-19 11:00:00+00:00,tt_bsd,27.0,33.182533
6,2026-08-19 11:00:00+00:00,tt_cawang,43.0,29.399525
6,2026-08-19 11:00:00+00:00,tt_depok,25.0,29.091017
6,2026-08-19 11:00:00+00:00,tt_gatsu,35.0,44.09982
6,2026-08-19 11:00:00+00:00,tt_grogol,32.0,34.55674
6,2026-08-19 11:00:00+00:00,tt_kebonjeruk,21.0,29.552631
6,2026-08-19 11:00:00+00:00,tt_kelapagading,20.0,30.479645
6,2026-08-19 11:00:00+00:00,tt_kuningan,15.999999,18.105087
6,2026-08-19 11:00:00+00:00,tt_sudirman,15.999999,30.142498
6,2026-08-19 11:00:00+00:00,tt_tangerang,26.0,40.823067
6,2026-08-19 11:00:00+00:00,tt_tbsimatupang,44.0,53.82711
6,2026-08-19 11:00:00+00:00,tt_thamrin,10.0,18.580704
6,2026-08-19 13:00:00+00:00,tt_bekasi,18.0,19.559885
6,2026-08-19 13:00:00+00:00,tt_bogor,45.0,40.64353
6,2026-08-19 13:00:00+00:00,tt_bsd,34.0,34.209843
6,2026-08-19 13:00:00+00:00,tt_cawang,43.0,33.997524
6,2026-08-19 13:00:00+00:00,tt_depok,25.0,30.030775
6,2026-08-19 13:00:00+00:00,tt_gatsu,45.0,46.480614
6,2026-08-19 13:00:00+00:00,tt_grogol,31.0,36.176174
6,2026-08-19 13:00:00+00:00,tt_kebonjeruk,27.0,31.586704
6,2026-08-19 13:00:00+00:00,tt_kelapagading,23.0,30.263016
6,2026-08-19 13:00:00+00:00,tt_kuningan,13.0,20.804455
6,2026-08-19 13:00:00+00:00,tt_sudirman,30.0,29.811724
6,2026-08-19 13:00:00+00:00,tt_tangerang,48.0,44.02904
6,2026-08-19 13:00:00+00:00,tt_tbsimatupang,72.0,60.195198
6,2026-08-19 13:00:00+00:00,tt_thamrin,20.0,17.391628
6,2026-08-19 15:00:00+00:00,tt_bekasi,15.999999,22.168894
6,2026-08-19 15:00:00+00:00,tt_bogor,38.0,42.82447
6,2026-08-19 15:00:00+00:00,tt_bsd,34.0,34.34138
6,2026-08-19 15:00:00+00:00,tt_cawang,32.0,42.293842
6,2026-08-19 15:00:00+00:00,tt_depok,31.0,30.50797
6,2026-08-19 15:00:00+00:00,tt_gatsu,45.0,46.972633
6,2026-08-19 15:00:00+00:00,tt_grogol,40.0,39.42091
6,2026-08-19 15:00:00+00:00,tt_kebonjeruk,31.0,33.30038
6,2026-08-19 15:00:00+00:00,tt_kelapagading,29.0,32.32059
6,2026-08-19 15:00:00+00:00,tt_kuningan,21.0,24.000174
6,2026-08-19 15:00:00+00:00,tt_sudirman,29.0,34.029022
6,2026-08-19 15:00:00+00:00,tt_tangerang,48.0,49.617455
6,2026-08-19 15:00:00+00:00,tt_tbsimatupang,72.0,62.53813
6,2026-08-19 15:00:00+00:00,tt_thamrin,21.0,16.215897
6,2026-08-19 16:00:00+00:00,tt_bekasi,18.0,23.61067
6,2026-08-19 16:00:00+00:00,tt_bogor,45.0,43.904205
6,2026-08-19 16:00:00+00:00,tt_bsd,34.0,35.637794
6,2026-08-19 16:00:00+00:00,tt_cawang,43.0,44.348743
6,2026-08-19 16:00:00+00:00,tt_depok,31.0,31.20485
6,2026-08-19 16:00:00+00:00,tt_gatsu,45.0,47.304573
6,2026-08-19 16:00:00+00:00,tt_grogol,40.0,41.7734
6,2026-08-19 16:00:00+00:00,tt_kebonjeruk,35.0,34.455013
6,2026-08-19 16:00:00+00:00,tt_kelapagading,29.0,33.484207
6,2026-08-19 16:00:00+00:00,tt_kuningan,21.0,24.809746
6,2026-08-19 16:00:00+00:00,tt_sudirman,39.0,35.64039
6,2026-08-19 16:00:00+00:00,tt_tangerang,48.0,52.235138
6,2026-08-19 16:00:00+00:00,tt_tbsimatupang,72.0,62.31245
6,2026-08-19 16:00:00+00:00,tt_thamrin,22.0,18.693623
6,2026-08-19 18:00:00+00:00,tt_bekasi,18.0,28.375088
6,2026-08-19 18:00:00+00:00,tt_bogor,45.0,46.951363
6,2026-08-19 18:00:00+00:00,tt_bsd,34.0,35.72944
6,2026-08-19 18:00:00+00:00,tt_cawang,43.0,44.343513
6,2026-08-19 18:00:00+00:00,tt_depok,31.0,35.21387
6,2026-08-19 18:00:00+00:00,tt_gatsu,45.0,50.44268
6,2026-08-19 18:00:00+00:00,tt_grogol,40.0,45.169903
6,2026-08-19 18:00:00+00:00,tt_kebonjeruk,35.0,35.743904
6,2026-08-19 18:00:00+00:00,tt_kelapagading,29.0,33.73018
6,2026-08-19 18:00:00+00:00,tt_kuningan,21.0,26.507992
6,2026-08-19 18:00:00+00:00,tt_sudirman,39.0,34.13617
6,2026-08-19 18:00:00+00:00,tt_tangerang,44.0,51.4253
6,2026-08-19 18:00:00+00:00,tt_tbsimatupang,72.0,62.556374
6,2026-08-19 18:00:00+00:00,tt_thamrin,22.0,19.33786
6,2026-08-19 20:00:00+00:00,tt_bekasi,18.0,26.2247
6,2026-08-19 20:00:00+00:00,tt_bogor,45.0,48.027332
6,2026-08-19 20:00:00+00:00,tt_bsd,34.0,37.192528
6,2026-08-19 20:00:00+00:00,tt_cawang,43.0,39.886753
6,2026-08-19 20:00:00+00:00,tt_depok,31.0,34.246735
6,2026-08-19 20:00:00+00:00,tt_gatsu,45.0,50.986404
6,2026-08-19 20:00:00+00:00,tt_grogol,40.0,43.214546
6,2026-08-19 20:00:00+00:00,tt_kebonjeruk,35.0,31.626253
6,2026-08-19 20:00:00+00:00,tt_kelapagading,29.0,30.04152
6,2026-08-19 20:00:00+00:00,tt_kuningan,21.0,21.938835
6,2026-08-19 20:00:00+00:00,tt_sudirman,39.0,33.601063
6,2026-08-19 20:00:00+00:00,tt_tangerang,48.0,52.902412
6,2026-08-19 20:00:00+00:00,tt_tbsimatupang,72.0,63.246193
6,2026-08-19 20:00:00+00:00,tt_thamrin,22.0,21.679447
6,2026-08-19 21:00:00+00:00,tt_bekasi,18.0,25.011536
6,2026-08-19 21:00:00+00:00,tt_bogor,45.0,48.021973
6,2026-08-19 21:00:00+00:00,tt_bsd,34.0,37.29058
6,2026-08-19 21:00:00+00:00,tt_cawang,43.0,38.803257
6,2026-08-19 21:00:00+00:00,tt_depok,31.0,34.65113
6,2026-08-19 21:00:00+00:00,tt_gatsu,45.0,50.5997
6,2026-08-19 21:00:00+00:00,tt_grogol,40.0,42.319016
6,2026-08-19 21:00:00+00:00,tt_kebonjeruk,35.0,32.458824
6,2026-08-19 21:00:00+00:00,tt_kelapagading,29.0,30.17586
6,2026-08-19 21:00:00+00:00,tt_kuningan,21.0,22.837166
6,2026-08-19 21:00:00+00:00,tt_sudirman,39.0,33.234276
6,2026-08-19 21:00:00+00:00,tt_tangerang,48.0,52.930634
6,2026-08-19 21:00:00+00:00,tt_tbsimatupang,72.0,61.90288
6,2026-08-19 21:00:00+00:00,tt_thamrin,22.0,22.438583
6,2026-08-19 23:00:00+00:00,tt_bekasi,17.0,23.310898
6,2026-08-19 23:00:00+00:00,tt_bogor,35.0,45.400566
6,2026-08-19 23:00:00+00:00,tt_bsd,34.0,36.56913
6,2026-08-19 23:00:00+00:00,tt_cawang,26.0,34.691845
6,2026-08-19 23:00:00+00:00,tt_depok,31.0,33.77987
6,2026-08-19 23:00:00+00:00,tt_gatsu,45.0,45.837982
6,2026-08-19 23:00:00+00:00,tt_grogol,35.0,39.895897
6,2026-08-19 23:00:00+00:00,tt_kebonjeruk,30.0,32.98132
6,2026-08-19 23:00:00+00:00,tt_kelapagading,29.0,29.586079
6,2026-08-19 23:00:00+00:00,tt_kuningan,21.0,22.802166
6,2026-08-19 23:00:00+00:00,tt_sudirman,39.0,33.927483
6,2026-08-19 23:00:00+00:00,tt_tangerang,48.0,50.09941
6,2026-08-19 23:00:00+00:00,tt_tbsimatupang,72.0,56.999
6,2026-08-19 23:00:00+00:00,tt_thamrin,20.0,23.35353
6,2026-08-20 01:00:00+00:00,tt_bekasi,18.0,21.50432
6,2026-08-20 01:00:00+00:00,tt_bogor,35.0,42.459366
6,2026-08-20 01:00:00+00:00,tt_bsd,29.0,35.02959
6,2026-08-20 01:00:00+00:00,tt_cawang,14.0,31.219593
6,2026-08-20 01:00:00+00:00,tt_depok,31.0,31.66004
6,2026-08-20 01:00:00+00:00,tt_gatsu,37.0,41.187878
6,2026-08-20 01:00:00+00:00,tt_grogol,30.0,36.347473
6,2026-08-20 01:00:00+00:00,tt_kebonjeruk,26.0,30.977533
6,2026-08-20 01:00:00+00:00,tt_kelapagading,29.0,28.83753
6,2026-08-20 01:00:00+00:00,tt_kuningan,21.0,21.773994
6,2026-08-20 01:00:00+00:00,tt_sudirman,27.0,32.41672
6,2026-08-20 01:00:00+00:00,tt_tangerang,36.0,45.966125
6,2026-08-20 01:00:00+00:00,tt_tbsimatupang,18.0,52.11871
6,2026-08-20 01:00:00+00:00,tt_thamrin,18.0,23.022594
6,2026-08-20 02:00:00+00:00,tt_bekasi,18.0,19.997974
6,2026-08-20 02:00:00+00:00,tt_bogor,40.0,40.921806
6,2026-08-20 02:00:00+00:00,tt_bsd,34.0,34.096928
6,2026-08-20 02:00:00+00:00,tt_cawang,18.0,30.038937
6,2026-08-20 02:00:00+00:00,tt_depok,31.0,30.92169
6,2026-08-20 02:00:00+00:00,tt_gatsu,45.0,39.13033
6,2026-08-20 02:00:00+00:00,tt_grogol,30.0,34.382725
6,2026-08-20 02:00:00+00:00,tt_kebonjeruk,26.0,30.01831
6,2026-08-20 02:00:00+00:00,tt_kelapagading,25.0,27.899042
6,2026-08-20 02:00:00+00:00,tt_kuningan,21.0,20.699707
6,2026-08-20 02:00:00+00:00,tt_sudirman,25.0,30.877174
6,2026-08-20 02:00:00+00:00,tt_tangerang,48.0,43.335056
6,2026-08-20 02:00:00+00:00,tt_tbsimatupang,21.0,50.05816
6,2026-08-20 02:00:00+00:00,tt_thamrin,18.0,22.555504
6,2026-08-20 04:00:00+00:00,tt_bekasi,15.0,17.103287
6,2026-08-20 04:00:00+00:00,tt_bogor,35.0,37.86698
6,2026-08-20 04:00:00+00:00,tt_bsd,34.0,32.705067
6,2026-08-20 04:00:00+00:00,tt_cawang,20.0,28.606796
6,2026-08-20 04:00:00+00:00,tt_depok,27.0,29.014215
6,2026-08-20 04:00:00+00:00,tt_gatsu,45.0,35.34198
6,2026-08-20 04:00:00+00:00,tt_grogol,25.0,31.17618
6,2026-08-20 04:00:00+00:00,tt_kebonjeruk,25.0,28.187601
6,2026-08-20 04:00:00+00:00,tt_kelapagading,22.0,26.302364
6,2026-08-20 04:00:00+00:00,tt_kuningan,21.0,18.52701
6,2026-08-20 04:00:00+00:00,tt_sudirman,26.0,28.263254
6,2026-08-20 04:00:00+00:00,tt_tangerang,48.0,39.834396
6,2026-08-20 04:00:00+00:00,tt_tbsimatupang,45.0,46.926743
6,2026-08-20 04:00:00+00:00,tt_thamrin,13.0,20.970892
6,2026-08-20 06:00:00+00:00,tt_bekasi,15.0,14.374954
6,2026-08-20 06:00:00+00:00,tt_bogor,39.0,34.379112
6,2026-08-20 06:00:00+00:00,tt_bsd,34.0,31.622395
6,2026-08-20 06:00:00+00:00,tt_cawang,28.0,27.228664
6,2026-08-20 06:00:00+00:00,tt_depok,29.0,26.640415
6,2026-08-20 06:00:00+00:00,tt_gatsu,28.0,33.905827
6,2026-08-20 06:00:00+00:00,tt_grogol,29.0,28.24702
6,2026-08-20 06:00:00+00:00,tt_kebonjeruk,25.0,26.580532
6,2026-08-20 06:00:00+00:00,tt_kelapagading,20.0,25.160826
6,2026-08-20 06:00:00+00:00,tt_kuningan,15.999999,17.043308
6,2026-08-20 06:00:00+00:00,tt_sudirman,21.0,26.80543
6,2026-08-20 06:00:00+00:00,tt_tangerang,38.0,38.725086
6,2026-08-20 06:00:00+00:00,tt_tbsimatupang,27.0,45.851906
6,2026-08-20 06:00:00+00:00,tt_thamrin,12.0,17.743034
6,2026-08-20 07:00:00+00:00,tt_bekasi,15.999999,14.910761
6,2026-08-20 07:00:00+00:00,tt_bogor,36.0,34.30112
6,2026-08-20 07:00:00+00:00,tt_bsd,34.0,31.170519
6,2026-08-20 07:00:00+00:00,tt_cawang,21.0,25.50607
6,2026-08-20 07:00:00+00:00,tt_depok,26.0,27.495344
6,2026-08-20 07:00:00+00:00,tt_gatsu,20.0,34.46879
6,2026-08-20 07:00:00+00:00,tt_grogol,29.0,28.311169
6,2026-08-20 07:00:00+00:00,tt_kebonjeruk,22.0,26.224592
6,2026-08-20 07:00:00+00:00,tt_kelapagading,20.0,26.41078
6,2026-08-20 07:00:00+00:00,tt_kuningan,21.0,17.214157
6,2026-08-20 07:00:00+00:00,tt_sudirman,20.0,26.771664
6,2026-08-20 07:00:00+00:00,tt_tangerang,37.0,39.295483
6,2026-08-20 07:00:00+00:00,tt_tbsimatupang,49.0,51.146194
6,2026-08-20 07:00:00+00:00,tt_thamrin,12.0,17.204144
6,2026-08-20 09:00:00+00:00,tt_bekasi,14.0,16.666363
6,2026-08-20 09:00:00+00:00,tt_bogor,34.0,35.15326
6,2026-08-20 09:00:00+00:00,tt_bsd,28.0,32.276287
6,2026-08-20 09:00:00+00:00,tt_cawang,30.0,25.82011
6,2026-08-20 09:00:00+00:00,tt_depok,26.0,27.815304
6,2026-08-20 09:00:00+00:00,tt_gatsu,32.0,36.328526
6,2026-08-20 09:00:00+00:00,tt_grogol,31.0,30.358587
6,2026-08-20 09:00:00+00:00,tt_kebonjeruk,21.0,26.430534
6,2026-08-20 09:00:00+00:00,tt_kelapagading,21.0,27.501547
6,2026-08-20 09:00:00+00:00,tt_kuningan,13.0,17.710335
6,2026-08-20 09:00:00+00:00,tt_sudirman,23.0,26.425673
6,2026-08-20 09:00:00+00:00,tt_tangerang,34.0,40.290905
6,2026-08-20 09:00:00+00:00,tt_tbsimatupang,47.0,47.956238
6,2026-08-20 09:00:00+00:00,tt_thamrin,18.0,16.833652
6,2026-08-20 11:00:00+00:00,tt_bekasi,18.0,16.939655
6,2026-08-20 11:00:00+00:00,tt_bogor,35.0,35.42208
6,2026-08-20 11:00:00+00:00,tt_bsd,34.0,33.41328
6,2026-08-20 11:00:00+00:00,tt_cawang,33.0,29.4397
6,2026-08-20 11:00:00+00:00,tt_depok,26.0,26.59238
6,2026-08-20 11:00:00+00:00,tt_gatsu,7.0,38.889812
6,2026-08-20 11:00:00+00:00,tt_grogol,29.0,30.851347
6,2026-08-20 11:00:00+00:00,tt_kebonjeruk,18.0,27.400797
6,2026-08-20 11:00:00+00:00,tt_kelapagading,21.0,27.78482
6,2026-08-20 11:00:00+00:00,tt_kuningan,15.999999,18.588455
6,2026-08-20 11:00:00+00:00,tt_sudirman,12.0,27.53635
6,2026-08-20 11:00:00+00:00,tt_tangerang,35.0,43.119907
6,2026-08-20 11:00:00+00:00,tt_tbsimatupang,24.0,55.27529
6,2026-08-20 11:00:00+00:00,tt_thamrin,10.0,15.328167
6,2026-08-20 12:00:00+00:00,tt_bekasi,14.0,18.037361
6,2026-08-20 12:00:00+00:00,tt_bogor,37.0,36.91788
6,2026-08-20 12:00:00+00:00,tt_bsd,34.0,33.9861
6,2026-08-20 12:00:00+00:00,tt_cawang,43.0,33.30018
6,2026-08-20 12:00:00+00:00,tt_depok,24.0,27.674343
6,2026-08-20 12:00:00+00:00,tt_gatsu,10.0,39.649654
6,2026-08-20 12:00:00+00:00,tt_grogol,32.0,33.221897
6,2026-08-20 12:00:00+00:00,tt_kebonjeruk,23.0,28.516129
6,2026-08-20 12:00:00+00:00,tt_kelapagading,21.0,28.068354
6,2026-08-20 12:00:00+00:00,tt_kuningan,13.0,18.152218
6,2026-08-20 12:00:00+00:00,tt_sudirman,22.0,27.78858
6,2026-08-20 12:00:00+00:00,tt_tangerang,48.0,44.471756
6,2026-08-20 12:00:00+00:00,tt_tbsimatupang,40.0,57.8664
6,2026-08-20 12:00:00+00:00,tt_thamrin,9.0,14.982588
6,2026-08-20 14:00:00+00:00,tt_bekasi,18.0,20.33419
6,2026-08-20 14:00:00+00:00,tt_bogor,38.0,40.514027
6,2026-08-20 14:00:00+00:00,tt_bsd,27.0,35.187508
6,2026-08-20 14:00:00+00:00,tt_cawang,32.0,37.113792
6,2026-08-20 14:00:00+00:00,tt_depok,31.0,29.198668
6,2026-08-20 14:00:00+00:00,tt_gatsu,45.0,38.002274
6,2026-08-20 14:00:00+00:00,tt_grogol,40.0,37.000957
6,2026-08-20 14:00:00+00:00,tt_kebonjeruk,28.0,31.278984
6,2026-08-20 14:00:00+00:00,tt_kelapagading,29.0,28.638449
6,2026-08-20 14:00:00+00:00,tt_kuningan,15.999999,20.75106
6,2026-08-20 14:00:00+00:00,tt_sudirman,39.0,29.109932
6,2026-08-20 14:00:00+00:00,tt_tangerang,48.0,46.37699
6,2026-08-20 14:00:00+00:00,tt_tbsimatupang,59.0,61.821934
6,2026-08-20 14:00:00+00:00,tt_thamrin,13.0,15.2080555
6,2026-08-20 16:00:00+00:00,tt_bekasi,15.0,22.419704
6,2026-08-20 16:00:00+00:00,tt_bogor,45.0,43.2642
6,2026-08-20 16:00:00+00:00,tt_bsd,34.0,35.16854
6,2026-08-20 16:00:00+00:00,tt_cawang,43.0,41.503723
6,2026-08-20 16:00:00+00:00,tt_depok,31.0,31.027126
6,2026-08-20 16:00:00+00:00,tt_gatsu,45.0,43.531216
6,2026-08-20 16:00:00+00:00,tt_grogol,40.0,41.047546
6,2026-08-20 16:00:00+00:00,tt_kebonjeruk,35.0,33.451694
6,2026-08-20 16:00:00+00:00,tt_kelapagading,29.0,30.18997
6,2026-08-20 16:00:00+00:00,tt_kuningan,21.0,20.245136
6,2026-08-20 16:00:00+00:00,tt_sudirman,39.0,32.491413
6,2026-08-20 16:00:00+00:00,tt_tangerang,48.0,48.336086
6,2026-08-20 16:00:00+00:00,tt_tbsimatupang,72.0,64.105385
6,2026-08-20 16:00:00+00:00,tt_thamrin,22.0,18.580982
6,2026-08-20 17:00:00+00:00,tt_bekasi,18.0,25.70673
6,2026-08-20 17:00:00+00:00,tt_bogor,45.0,45.43526
6,2026-08-20 17:00:00+00:00,tt_bsd,34.0,36.47472
6,2026-08-20 17:00:00+00:00,tt_cawang,43.0,42.955837
6,2026-08-20 17:00:00+00:00,tt_depok,31.0,32.576557
6,2026-08-20 17:00:00+00:00,tt_gatsu,45.0,42.904972
6,2026-08-20 17:00:00+00:00,tt_grogol,40.0,42.945892
6,2026-08-20 17:00:00+00:00,tt_kebonjeruk,35.0,34.023357
6,2026-08-20 17:00:00+00:00,tt_kelapagading,29.0,31.38254
6,2026-08-20 17:00:00+00:00,tt_kuningan,21.0,21.95617
6,2026-08-20 17:00:00+00:00,tt_sudirman,39.0,32.527897
6,2026-08-20 17:00:00+00:00,tt_tangerang,48.0,49.52671
6,2026-08-20 17:00:00+00:00,tt_tbsimatupang,72.0,65.180214
6,2026-08-20 17:00:00+00:00,tt_thamrin,22.0,18.1769
6,2026-08-20 19:00:00+00:00,tt_bekasi,18.0,27.036476
6,2026-08-20 19:00:00+00:00,tt_bogor,45.0,49.187767
6,2026-08-20 19:00:00+00:00,tt_bsd,34.0,37.766685
6,2026-08-20 19:00:00+00:00,tt_cawang,43.0,43.353264
6,2026-08-20 19:00:00+00:00,tt_depok,31.0,32.615856
6,2026-08-20 19:00:00+00:00,tt_gatsu,45.0,41.113766
6,2026-08-20 19:00:00+00:00,tt_grogol,40.0,45.37438
6,2026-08-20 19:00:00+00:00,tt_kebonjeruk,35.0,35.77108
6,2026-08-20 19:00:00+00:00,tt_kelapagading,29.0,30.81463
6,2026-08-20 19:00:00+00:00,tt_kuningan,21.0,22.428928
6,2026-08-20 19:00:00+00:00,tt_sudirman,39.0,34.6291
6,2026-08-20 19:00:00+00:00,tt_tangerang,48.0,53.966293
6,2026-08-20 19:00:00+00:00,tt_tbsimatupang,72.0,64.04768
6,2026-08-20 19:00:00+00:00,tt_thamrin,22.0,17.270397
6,2026-08-20 21:00:00+00:00,tt_bekasi,18.0,25.567787
6,2026-08-20 21:00:00+00:00,tt_bogor,45.0,49.81817
6,2026-08-20 21:00:00+00:00,tt_bsd,34.0,36.730217
6,2026-08-20 21:00:00+00:00,tt_cawang,43.0,41.715744
6,2026-08-20 21:00:00+00:00,tt_depok,31.0,35.31809
6,2026-08-20 21:00:00+00:00,tt_gatsu,45.0,49.52449
6,2026-08-20 21:00:00+00:00,tt_grogol,40.0,44.448456
6,2026-08-20 21:00:00+00:00,tt_kebonjeruk,35.0,36.24261
6,2026-08-20 21:00:00+00:00,tt_kelapagading,29.0,30.97499
6,2026-08-20 21:00:00+00:00,tt_kuningan,21.0,22.68377
6,2026-08-20 21:00:00+00:00,tt_sudirman,39.0,38.89375
6,2026-08-20 21:00:00+00:00,tt_tangerang,48.0,54.900944
6,2026-08-20 21:00:00+00:00,tt_tbsimatupang,72.0,63.202003
6,2026-08-20 21:00:00+00:00,tt_thamrin,22.0,18.370798
6,2026-08-20 22:00:00+00:00,tt_bekasi,18.0,24.665642
6,2026-08-20 22:00:00+00:00,tt_bogor,45.0,49.01184
6,2026-08-20 22:00:00+00:00,tt_bsd,34.0,36.984417
6,2026-08-20 22:00:00+00:00,tt_cawang,43.0,39.878784
6,2026-08-20 22:00:00+00:00,tt_depok,31.0,35.404583
6,2026-08-20 22:00:00+00:00,tt_gatsu,45.0,49.28367
6,2026-08-20 22:00:00+00:00,tt_grogol,40.0,43.339157
6,2026-08-20 22:00:00+00:00,tt_kebonjeruk,35.0,36.762524
6,2026-08-20 22:00:00+00:00,tt_kelapagading,29.0,30.860437
6,2026-08-20 22:00:00+00:00,tt_kuningan,21.0,23.958351
6,2026-08-20 22:00:00+00:00,tt_sudirman,39.0,39.012695
6,2026-08-20 22:00:00+00:00,tt_tangerang,48.0,53.369778
6,2026-08-20 22:00:00+00:00,tt_tbsimatupang,72.0,61.221268
6,2026-08-20 22:00:00+00:00,tt_thamrin,22.0,20.844997
6,2026-08-21 00:00:00+00:00,tt_bekasi,18.0,22.528757
6,2026-08-21 00:00:00+00:00,tt_bogor,35.0,46.77299
6,2026-08-21 00:00:00+00:00,tt_bsd,29.0,36.57889
6,2026-08-21 00:00:00+00:00,tt_cawang,18.0,36.9492
6,2026-08-21 00:00:00+00:00,tt_depok,25.0,33.888073
6,2026-08-21 00:00:00+00:00,tt_gatsu,45.0,45.37113
6,2026-08-21 00:00:00+00:00,tt_grogol,34.0,39.106396
6,2026-08-21 00:00:00+00:00,tt_kebonjeruk,25.0,35.706554
6,2026-08-21 00:00:00+00:00,tt_kelapagading,26.0,29.542011
6,2026-08-21 00:00:00+00:00,tt_kuningan,21.0,23.69523
6,2026-08-21 00:00:00+00:00,tt_sudirman,31.0,36.14368
6,2026-08-21 00:00:00+00:00,tt_tangerang,37.0,49.066696
6,2026-08-21 00:00:00+00:00,tt_tbsimatupang,32.0,57.09298
6,2026-08-21 00:00:00+00:00,tt_thamrin,22.0,22.24726
6,2026-08-21 02:00:00+00:00,tt_bekasi,17.0,20.848005
6,2026-08-21 02:00:00+00:00,tt_bogor,37.0,42.60708
6,2026-08-21 02:00:00+00:00,tt_bsd,28.0,35.222416
6,2026-08-21 02:00:00+00:00,tt_cawang,19.0,32.66934
6,2026-08-21 02:00:00+00:00,tt_depok,26.0,31.187767
6,2026-08-21 02:00:00+00:00,tt_gatsu,45.0,41.448334
6,2026-08-21 02:00:00+00:00,tt_grogol,31.0,35.071606
6,2026-08-21 02:00:00+00:00,tt_kebonjeruk,26.0,32.203934
6,2026-08-21 02:00:00+00:00,tt_kelapagading,29.0,28.56268
6,2026-08-21 02:00:00+00:00,tt_kuningan,21.0,22.415232
6,2026-08-21 02:00:00+00:00,tt_sudirman,23.0,32.707794
6,2026-08-21 02:00:00+00:00,tt_tangerang,37.0,44.320553
6,2026-08-21 02:00:00+00:00,tt_tbsimatupang,37.0,52.42265
6,2026-08-21 02:00:00+00:00,tt_thamrin,22.0,21.791885
6,2026-08-21 03:00:00+00:00,tt_bekasi,15.0,19.980968
6,2026-08-21 03:00:00+00:00,tt_bogor,38.0,40.64574
6,2026-08-21 03:00:00+00:00,tt_bsd,34.0,34.359337
6,2026-08-21 03:00:00+00:00,tt_cawang,21.0,31.10242
6,2026-08-21 03:00:00+00:00,tt_depok,31.0,30.202848
6,2026-08-21 03:00:00+00:00,tt_gatsu,45.0,38.94626
6,2026-08-21 03:00:00+00:00,tt_grogol,27.0,33.253082
6,2026-08-21 03:00:00+00:00,tt_kebonjeruk,24.0,31.09024
6,2026-08-21 03:00:00+00:00,tt_kelapagading,23.0,27.958984
6,2026-08-21 03:00:00+00:00,tt_kuningan,15.999999,21.732775
6,2026-08-21 03:00:00+00:00,tt_sudirman,28.0,31.22666
6,2026-08-21 03:00:00+00:00,tt_tangerang,48.0,42.408554
6,2026-08-21 03:00:00+00:00,tt_tbsimatupang,48.0,50.34204
6,2026-08-21 03:00:00+00:00,tt_thamrin,15.999999,21.400986
6,2026-08-21 05:00:00+00:00,tt_bekasi,15.999999,17.167458
6,2026-08-21 05:00:00+00:00,tt_bogor,45.0,37.130154
6,2026-08-21 05:00:00+00:00,tt_bsd,34.0,32.86468
6,2026-08-21 05:00:00+00:00,tt_cawang,43.0,28.861328
6,2026-08-21 05:00:00+00:00,tt_depok,31.0,27.979088
6,2026-08-21 05:00:00+00:00,tt_gatsu,45.0,35.063194
6,2026-08-21 05:00:00+00:00,tt_grogol,32.0,30.29977
6,2026-08-21 05:00:00+00:00,tt_kebonjeruk,27.0,28.547215
6,2026-08-21 05:00:00+00:00,tt_kelapagading,23.0,26.444689
6,2026-08-21 05:00:00+00:00,tt_kuningan,21.0,19.475632
6,2026-08-21 05:00:00+00:00,tt_sudirman,34.0,28.212172
6,2026-08-21 05:00:00+00:00,tt_tangerang,48.0,39.081375
6,2026-08-21 05:00:00+00:00,tt_tbsimatupang,72.0,47.03799
6,2026-08-21 05:00:00+00:00,tt_thamrin,21.0,20.147945
6,2026-08-21 07:00:00+00:00,tt_bekasi,14.0,15.298904
6,2026-08-21 07:00:00+00:00,tt_bogor,35.0,35.108383
6,2026-08-21 07:00:00+00:00,tt_bsd,34.0,31.396633
6,2026-08-21 07:00:00+00:00,tt_cawang,28.0,26.98088
6,2026-08-21 07:00:00+00:00,tt_depok,25.0,24.99432
6,2026-08-21 07:00:00+00:00,tt_gatsu,36.0,35.00925
6,2026-08-21 07:00:00+00:00,tt_grogol,28.0,30.759624
6,2026-08-21 07:00:00+00:00,tt_kebonjeruk,21.0,25.487753
6,2026-08-21 07:00:00+00:00,tt_kelapagading,20.0,25.256
6,2026-08-21 07:00:00+00:00,tt_kuningan,21.0,17.32021
6,2026-08-21 07:00:00+00:00,tt_sudirman,18.0,27.32647
6,2026-08-21 07:00:00+00:00,tt_tangerang,39.0,37.971745
6,2026-08-21 07:00:00+00:00,tt_tbsimatupang,52.0,48.06136
6,2026-08-21 07:00:00+00:00,tt_thamrin,18.0,19.619915
6,2026-08-21 08:00:00+00:00,tt_bekasi,15.999999,15.347937
6,2026-08-21 08:00:00+00:00,tt_bogor,34.0,35.164337
6,2026-08-21 08:00:00+00:00,tt_bsd,34.0,30.95887
6,2026-08-21 08:00:00+00:00,tt_cawang,31.0,26.513004
6,2026-08-21 08:00:00+00:00,tt_depok,25.0,24.697136
6,2026-08-21 08:00:00+00:00,tt_gatsu,35.0,36.268448
6,2026-08-21 08:00:00+00:00,tt_grogol,29.0,31.068003
6,2026-08-21 08:00:00+00:00,tt_kebonjeruk,24.0,25.566591
6,2026-08-21 08:00:00+00:00,tt_kelapagading,21.0,26.74905
6,2026-08-21 08:00:00+00:00,tt_kuningan,17.0,17.389782
6,2026-08-21 08:00:00+00:00,tt_sudirman,24.0,25.835312
6,2026-08-21 08:00:00+00:00,tt_tangerang,40.0,38.094666
6,2026-08-21 08:00:00+00:00,tt_tbsimatupang,38.0,48.205463
6,2026-08-21 08:00:00+00:00,tt_thamrin,10.0,19.833858
6,2026-08-21 10:00:00+00:00,tt_bekasi,15.0,15.164032
6,2026-08-21 10:00:00+00:00,tt_bogor,32.0,36.139133
6,2026-08-21 10:00:00+00:00,tt_bsd,34.0,33.01522
6,2026-08-21 10:00:00+00:00,tt_cawang,22.0,28.260714
6,2026-08-21 10:00:00+00:00,tt_depok,24.0,26.849861
6,2026-08-21 10:00:00+00:00,tt_gatsu,34.0,38.411613
6,2026-08-21 10:00:00+00:00,tt_grogol,32.0,30.906708
6,2026-08-21 10:00:00+00:00,tt_kebonjeruk,20.0,25.464344
6,2026-08-21 10:00:00+00:00,tt_kelapagading,19.0,26.305664
6,2026-08-21 10:00:00+00:00,tt_kuningan,13.0,15.7849455
6,2026-08-21 10:00:00+00:00,tt_sudirman,22.0,27.08162
6,2026-08-21 10:00:00+00:00,tt_tangerang,29.0,41.637848
6,2026-08-21 10:00:00+00:00,tt_tbsimatupang,27.0,54.274467
6,2026-08-21 10:00:00+00:00,tt_thamrin,19.0,17.703539
6,2026-08-21 12:00:00+00:00,tt_bekasi,13.0,16.121506
6,2026-08-21 12:00:00+00:00,tt_bogor,32.0,37.846096
6,2026-08-21 12:00:00+00:00,tt_bsd,34.0,34.1045
6,2026-08-21 12:00:00+00:00,tt_cawang,34.0,37.645348
6,2026-08-21 12:00:00+00:00,tt_depok,26.0,27.561275
6,2026-08-21 12:00:00+00:00,tt_gatsu,15.0,38.708138
6,2026-08-21 12:00:00+00:00,tt_grogol,32.0,33.112644
6,2026-08-21 12:00:00+00:00,tt_kebonjeruk,19.0,26.525146
6,2026-08-21 12:00:00+00:00,tt_kelapagading,18.0,25.82189
6,2026-08-21 12:00:00+00:00,tt_kuningan,13.0,17.741047
6,2026-08-21 12:00:00+00:00,tt_sudirman,18.0,29.71667
6,2026-08-21 12:00:00+00:00,tt_tangerang,32.0,42.29155
6,2026-08-21 12:00:00+00:00,tt_tbsimatupang,27.0,58.866318
6,2026-08-21 12:00:00+00:00,tt_thamrin,9.0,19.10793
6,2026-08-21 13:00:00+00:00,tt_bekasi,18.0,16.122961
6,2026-08-21 13:00:00+00:00,tt_bogor,45.0,38.785725
6,2026-08-21 13:00:00+00:00,tt_bsd,34.0,34.604034
6,2026-08-21 13:00:00+00:00,tt_cawang,32.0,39.5764
6,2026-08-21 13:00:00+00:00,tt_depok,25.0,26.753597
6,2026-08-21 13:00:00+00:00,tt_gatsu,45.0,39.930466
6,2026-08-21 13:00:00+00:00,tt_grogol,40.0,33.7409
6,2026-08-21 13:00:00+00:00,tt_kebonjeruk,25.0,26.120613
6,2026-08-21 13:00:00+00:00,tt_kelapagading,21.0,25.332458
6,2026-08-21 13:00:00+00:00,tt_kuningan,21.0,18.181309
6,2026-08-21 13:00:00+00:00,tt_sudirman,31.0,28.425894
6,2026-08-21 13:00:00+00:00,tt_tangerang,48.0,43.272484
6,2026-08-21 13:00:00+00:00,tt_tbsimatupang,72.0,62.1229
6,2026-08-21 13:00:00+00:00,tt_thamrin,15.999999,18.79422
