horizon,target_time,corridor,y_true,adaptive_stgnn_pred
1,2026-08-18 02:00:00+00:00,tt_bekasi,15.999999,16.699184
1,2026-08-18 02:00:00+00:00,tt_bogor,36.0,36.79958
1,2026-08-18 02:00:00+00:00,tt_bsd,34.0,32.649506
1,2026-08-18 02:00:00+00:00,tt_cawang,21.0,23.783619
1,2026-08-18 02:00:00+00:00,tt_depok,31.0,27.08618
1,2026-08-18 02:00:00+00:00,tt_gatsu,33.0,41.99087
1,2026-08-18 02:00:00+00:00,tt_grogol,26.0,27.289127
1,2026-08-18 02:00:00+00:00,tt_kebonjeruk,26.0,26.990023
1,2026-08-18 02:00:00+00:00,tt_kelapagading,29.0,27.772861
1,2026-08-18 02:00:00+00:00,tt_kuningan,21.0,21.419415
1,2026-08-18 02:00:00+00:00,tt_sudirman,23.0,33.412357
1,2026-08-18 02:00:00+00:00,tt_tangerang,48.0,40.067253
1,2026-08-18 02:00:00+00:00,tt_tbsimatupang,15.999999,40.655094
1,2026-08-18 02:00:00+00:00,tt_thamrin,17.0,19.383434
1,2026-08-18 04:00:00+00:00,tt_bekasi,15.0,15.837748
1,2026-08-18 04:00:00+00:00,tt_bogor,33.0,36.13268
1,2026-08-18 04:00:00+00:00,tt_bsd,28.0,32.754875
1,2026-08-18 04:00:00+00:00,tt_cawang,22.0,23.777395
1,2026-08-18 04:00:00+00:00,tt_depok,31.0,30.926811
1,2026-08-18 04:00:00+00:00,tt_gatsu,32.0,35.243214
1,2026-08-18 04:00:00+00:00,tt_grogol,27.0,27.909502
1,2026-08-18 04:00:00+00:00,tt_kebonjeruk,25.0,26.208035
1,2026-08-18 04:00:00+00:00,tt_kelapagading,29.0,28.530687
1,2026-08-18 04:00:00+00:00,tt_kuningan,15.999999,20.773573
1,2026-08-18 04:00:00+00:00,tt_sudirman,24.0,25.246475
1,2026-08-18 04:00:00+00:00,tt_tangerang,36.0,46.07373
1,2026-08-18 04:00:00+00:00,tt_tbsimatupang,55.0,29.667751
1,2026-08-18 04:00:00+00:00,tt_thamrin,18.0,17.496311
1,2026-08-18 05:00:00+00:00,tt_bekasi,15.0,15.214531
1,2026-08-18 05:00:00+00:00,tt_bogor,38.0,34.581436
1,2026-08-18 05:00:00+00:00,tt_bsd,28.0,29.329168
1,2026-08-18 05:00:00+00:00,tt_cawang,28.0,23.975616
1,2026-08-18 05:00:00+00:00,tt_depok,26.0,31.227493
1,2026-08-18 05:00:00+00:00,tt_gatsu,45.0,33.40611
1,2026-08-18 05:00:00+00:00,tt_grogol,36.0,28.545403
1,2026-08-18 05:00:00+00:00,tt_kebonjeruk,22.0,25.785194
1,2026-08-18 05:00:00+00:00,tt_kelapagading,22.0,28.874157
1,2026-08-18 05:00:00+00:00,tt_kuningan,21.0,18.174723
1,2026-08-18 05:00:00+00:00,tt_sudirman,31.0,25.127373
1,2026-08-18 05:00:00+00:00,tt_tangerang,41.0,41.267548
1,2026-08-18 05:00:00+00:00,tt_tbsimatupang,51.0,52.18474
1,2026-08-18 05:00:00+00:00,tt_thamrin,20.0,17.560143
1,2026-08-18 07:00:00+00:00,tt_bekasi,15.0,15.900171
1,2026-08-18 07:00:00+00:00,tt_bogor,34.0,36.964546
1,2026-08-18 07:00:00+00:00,tt_bsd,30.0,29.051748
1,2026-08-18 07:00:00+00:00,tt_cawang,43.0,29.216478
1,2026-08-18 07:00:00+00:00,tt_depok,31.0,26.64665
1,2026-08-18 07:00:00+00:00,tt_gatsu,45.0,40.78914
1,2026-08-18 07:00:00+00:00,tt_grogol,32.0,35.294872
1,2026-08-18 07:00:00+00:00,tt_kebonjeruk,25.0,23.567883
1,2026-08-18 07:00:00+00:00,tt_kelapagading,22.0,23.949356
1,2026-08-18 07:00:00+00:00,tt_kuningan,15.0,21.397083
1,2026-08-18 07:00:00+00:00,tt_sudirman,28.0,32.448967
1,2026-08-18 07:00:00+00:00,tt_tangerang,38.0,40.932392
1,2026-08-18 07:00:00+00:00,tt_tbsimatupang,57.0,53.865116
1,2026-08-18 07:00:00+00:00,tt_thamrin,22.0,19.059643
1,2026-08-18 09:00:00+00:00,tt_bekasi,14.0,15.664047
1,2026-08-18 09:00:00+00:00,tt_bogor,35.0,34.83571
1,2026-08-18 09:00:00+00:00,tt_bsd,28.0,31.119417
1,2026-08-18 09:00:00+00:00,tt_cawang,29.0,39.053307
1,2026-08-18 09:00:00+00:00,tt_depok,24.0,31.517227
1,2026-08-18 09:00:00+00:00,tt_gatsu,45.0,41.76815
1,2026-08-18 09:00:00+00:00,tt_grogol,32.0,33.67797
1,2026-08-18 09:00:00+00:00,tt_kebonjeruk,23.0,26.031023
1,2026-08-18 09:00:00+00:00,tt_kelapagading,23.0,23.805614
1,2026-08-18 09:00:00+00:00,tt_kuningan,21.0,17.560127
1,2026-08-18 09:00:00+00:00,tt_sudirman,31.0,29.879848
1,2026-08-18 09:00:00+00:00,tt_tangerang,38.0,38.838627
1,2026-08-18 09:00:00+00:00,tt_tbsimatupang,43.0,56.127075
1,2026-08-18 09:00:00+00:00,tt_thamrin,22.0,21.675728
1,2026-08-18 10:00:00+00:00,tt_bekasi,14.0,15.474735
1,2026-08-18 10:00:00+00:00,tt_bogor,35.0,34.711914
1,2026-08-18 10:00:00+00:00,tt_bsd,34.0,29.153214
1,2026-08-18 10:00:00+00:00,tt_cawang,30.0,33.87047
1,2026-08-18 10:00:00+00:00,tt_depok,25.0,27.021732
1,2026-08-18 10:00:00+00:00,tt_gatsu,3.999998,41.68998
1,2026-08-18 10:00:00+00:00,tt_grogol,31.0,32.585102
1,2026-08-18 10:00:00+00:00,tt_kebonjeruk,21.0,24.434855
1,2026-08-18 10:00:00+00:00,tt_kelapagading,21.0,23.74699
1,2026-08-18 10:00:00+00:00,tt_kuningan,14.0,20.912878
1,2026-08-18 10:00:00+00:00,tt_sudirman,23.0,32.20759
1,2026-08-18 10:00:00+00:00,tt_tangerang,34.0,38.404385
1,2026-08-18 10:00:00+00:00,tt_tbsimatupang,44.0,49.564224
1,2026-08-18 10:00:00+00:00,tt_thamrin,22.0,21.329592
1,2026-08-18 12:00:00+00:00,tt_bekasi,14.0,14.448793
1,2026-08-18 12:00:00+00:00,tt_bogor,35.0,33.517303
1,2026-08-18 12:00:00+00:00,tt_bsd,34.0,32.62068
1,2026-08-18 12:00:00+00:00,tt_cawang,34.0,31.70795
1,2026-08-18 12:00:00+00:00,tt_depok,26.0,26.08582
1,2026-08-18 12:00:00+00:00,tt_gatsu,45.0,23.46222
1,2026-08-18 12:00:00+00:00,tt_grogol,32.0,31.155514
1,2026-08-18 12:00:00+00:00,tt_kebonjeruk,25.0,22.211529
1,2026-08-18 12:00:00+00:00,tt_kelapagading,22.0,22.35585
1,2026-08-18 12:00:00+00:00,tt_kuningan,13.0,16.933645
1,2026-08-18 12:00:00+00:00,tt_sudirman,29.0,25.747902
1,2026-08-18 12:00:00+00:00,tt_tangerang,48.0,34.475662
1,2026-08-18 12:00:00+00:00,tt_tbsimatupang,72.0,45.196747
1,2026-08-18 12:00:00+00:00,tt_thamrin,17.0,21.898832
1,2026-08-18 14:00:00+00:00,tt_bekasi,15.999999,15.708166
1,2026-08-18 14:00:00+00:00,tt_bogor,45.0,34.638157
1,2026-08-18 14:00:00+00:00,tt_bsd,34.0,33.89022
1,2026-08-18 14:00:00+00:00,tt_cawang,32.0,34.130714
1,2026-08-18 14:00:00+00:00,tt_depok,26.0,26.988451
1,2026-08-18 14:00:00+00:00,tt_gatsu,45.0,48.031754
1,2026-08-18 14:00:00+00:00,tt_grogol,40.0,32.36321
1,2026-08-18 14:00:00+00:00,tt_kebonjeruk,31.0,25.042343
1,2026-08-18 14:00:00+00:00,tt_kelapagading,29.0,22.773598
1,2026-08-18 14:00:00+00:00,tt_kuningan,15.999999,16.177876
1,2026-08-18 14:00:00+00:00,tt_sudirman,30.0,30.839838
1,2026-08-18 14:00:00+00:00,tt_tangerang,48.0,45.406555
1,2026-08-18 14:00:00+00:00,tt_tbsimatupang,72.0,64.278015
1,2026-08-18 14:00:00+00:00,tt_thamrin,22.0,18.93063
1,2026-08-18 15:00:00+00:00,tt_bekasi,15.999999,16.82946
1,2026-08-18 15:00:00+00:00,tt_bogor,45.0,39.07008
1,2026-08-18 15:00:00+00:00,tt_bsd,34.0,34.0426
1,2026-08-18 15:00:00+00:00,tt_cawang,43.0,33.649796
1,2026-08-18 15:00:00+00:00,tt_depok,31.0,27.48038
1,2026-08-18 15:00:00+00:00,tt_gatsu,45.0,47.470333
1,2026-08-18 15:00:00+00:00,tt_grogol,40.0,35.745327
1,2026-08-18 15:00:00+00:00,tt_kebonjeruk,35.0,30.376608
1,2026-08-18 15:00:00+00:00,tt_kelapagading,29.0,28.279524
1,2026-08-18 15:00:00+00:00,tt_kuningan,21.0,17.550032
1,2026-08-18 15:00:00+00:00,tt_sudirman,39.0,32.102867
1,2026-08-18 15:00:00+00:00,tt_tangerang,48.0,46.823715
1,2026-08-18 15:00:00+00:00,tt_tbsimatupang,72.0,64.60326
1,2026-08-18 15:00:00+00:00,tt_thamrin,22.0,21.915997
1,2026-08-18 17:00:00+00:00,tt_bekasi,17.0,17.373478
1,2026-08-18 17:00:00+00:00,tt_bogor,45.0,43.268814
1,2026-08-18 17:00:00+00:00,tt_bsd,34.0,34.510147
1,2026-08-18 17:00:00+00:00,tt_cawang,43.0,38.88239
1,2026-08-18 17:00:00+00:00,tt_depok,31.0,32.363533
1,2026-08-18 17:00:00+00:00,tt_gatsu,45.0,45.4477
1,2026-08-18 17:00:00+00:00,tt_grogol,40.0,38.299805
1,2026-08-18 17:00:00+00:00,tt_kebonjeruk,35.0,35.001244
1,2026-08-18 17:00:00+00:00,tt_kelapagading,29.0,30.25382
1,2026-08-18 17:00:00+00:00,tt_kuningan,21.0,21.721256
1,2026-08-18 17:00:00+00:00,tt_sudirman,39.0,37.93115
1,2026-08-18 17:00:00+00:00,tt_tangerang,48.0,46.972458
1,2026-08-18 17:00:00+00:00,tt_tbsimatupang,72.0,64.32832
1,2026-08-18 17:00:00+00:00,tt_thamrin,22.0,22.994308
1,2026-08-18 19:00:00+00:00,tt_bekasi,17.0,17.996143
1,2026-08-18 19:00:00+00:00,tt_bogor,45.0,43.623142
1,2026-08-18 19:00:00+00:00,tt_bsd,34.0,34.54444
1,2026-08-18 19:00:00+00:00,tt_cawang,43.0,39.650764
1,2026-08-18 19:00:00+00:00,tt_depok,31.0,31.899525
1,2026-08-18 19:00:00+00:00,tt_gatsu,45.0,44.40898
1,2026-08-18 19:00:00+00:00,tt_grogol,40.0,38.312378
1,2026-08-18 19:00:00+00:00,tt_kebonjeruk,35.0,34.5883
1,2026-08-18 19:00:00+00:00,tt_kelapagading,29.0,29.742327
1,2026-08-18 19:00:00+00:00,tt_kuningan,21.0,22.177814
1,2026-08-18 19:00:00+00:00,tt_sudirman,39.0,37.252228
1,2026-08-18 19:00:00+00:00,tt_tangerang,48.0,46.962074
1,2026-08-18 19:00:00+00:00,tt_tbsimatupang,72.0,64.3795
1,2026-08-18 19:00:00+00:00,tt_thamrin,22.0,22.58545
1,2026-08-18 20:00:00+00:00,tt_bekasi,17.0,17.977364
1,2026-08-18 20:00:00+00:00,tt_bogor,45.0,43.661224
1,2026-08-18 20:00:00+00:00,tt_bsd,34.0,34.532776
1,2026-08-18 20:00:00+00:00,tt_cawang,43.0,39.58448
1,2026-08-18 20:00:00+00:00,tt_depok,31.0,31.627008
1,2026-08-18 20:00:00+00:00,tt_gatsu,45.0,44.02922
1,2026-08-18 20:00:00+00:00,tt_grogol,40.0,38.23927
1,2026-08-18 20:00:00+00:00,tt_kebonjeruk,35.0,34.326015
1,2026-08-18 20:00:00+00:00,tt_kelapagading,29.0,29.554352
1,2026-08-18 20:00:00+00:00,tt_kuningan,21.0,22.074005
1,2026-08-18 20:00:00+00:00,tt_sudirman,39.0,36.83974
1,2026-08-18 20:00:00+00:00,tt_tangerang,48.0,46.979416
1,2026-08-18 20:00:00+00:00,tt_tbsimatupang,72.0,64.38627
1,2026-08-18 20:00:00+00:00,tt_thamrin,22.0,22.49168
1,2026-08-18 22:00:00+00:00,tt_bekasi,17.0,18.02655
1,2026-08-18 22:00:00+00:00,tt_bogor,45.0,43.733532
1,2026-08-18 22:00:00+00:00,tt_bsd,34.0,34.50833
1,2026-08-18 22:00:00+00:00,tt_cawang,43.0,39.506626
1,2026-08-18 22:00:00+00:00,tt_depok,31.0,31.281572
1,2026-08-18 22:00:00+00:00,tt_gatsu,45.0,43.411175
1,2026-08-18 22:00:00+00:00,tt_grogol,40.0,38.16214
1,2026-08-18 22:00:00+00:00,tt_kebonjeruk,35.0,34.015537
1,2026-08-18 22:00:00+00:00,tt_kelapagading,29.0,29.336374
1,2026-08-18 22:00:00+00:00,tt_kuningan,21.0,22.059093
1,2026-08-18 22:00:00+00:00,tt_sudirman,39.0,36.368286
1,2026-08-18 22:00:00+00:00,tt_tangerang,48.0,47.010612
1,2026-08-18 22:00:00+00:00,tt_tbsimatupang,72.0,64.38061
1,2026-08-18 22:00:00+00:00,tt_thamrin,22.0,22.316553
1,2026-08-19 00:00:00+00:00,tt_bekasi,15.0,17.582968
1,2026-08-19 00:00:00+00:00,tt_bogor,35.0,43.7932
1,2026-08-19 00:00:00+00:00,tt_bsd,29.0,34.48521
1,2026-08-19 00:00:00+00:00,tt_cawang,20.0,39.51562
1,2026-08-19 00:00:00+00:00,tt_depok,31.0,31.114166
1,2026-08-19 00:00:00+00:00,tt_gatsu,45.0,42.809708
1,2026-08-19 00:00:00+00:00,tt_grogol,40.0,38.142647
1,2026-08-19 00:00:00+00:00,tt_kebonjeruk,27.0,33.838097
1,2026-08-19 00:00:00+00:00,tt_kelapagading,29.0,29.163769
1,2026-08-19 00:00:00+00:00,tt_kuningan,21.0,22.003237
1,2026-08-19 00:00:00+00:00,tt_sudirman,39.0,36.096405
1,2026-08-19 00:00:00+00:00,tt_tangerang,48.0,47.044342
1,2026-08-19 00:00:00+00:00,tt_tbsimatupang,39.0,64.32955
1,2026-08-19 00:00:00+00:00,tt_thamrin,19.0,22.21851
1,2026-08-19 01:00:00+00:00,tt_bekasi,15.999999,16.407553
1,2026-08-19 01:00:00+00:00,tt_bogor,37.0,39.568855
1,2026-08-19 01:00:00+00:00,tt_bsd,34.0,30.659122
1,2026-08-19 01:00:00+00:00,tt_cawang,13.0,29.654064
1,2026-08-19 01:00:00+00:00,tt_depok,27.0,30.814365
1,2026-08-19 01:00:00+00:00,tt_gatsu,13.0,42.407238
1,2026-08-19 01:00:00+00:00,tt_grogol,32.0,37.176643
1,2026-08-19 01:00:00+00:00,tt_kebonjeruk,25.0,29.158579
1,2026-08-19 01:00:00+00:00,tt_kelapagading,29.0,28.293556
1,2026-08-19 01:00:00+00:00,tt_kuningan,21.0,21.827808
1,2026-08-19 01:00:00+00:00,tt_sudirman,22.0,35.95307
1,2026-08-19 01:00:00+00:00,tt_tangerang,39.0,47.044342
1,2026-08-19 01:00:00+00:00,tt_tbsimatupang,18.0,49.63777
1,2026-08-19 01:00:00+00:00,tt_thamrin,22.0,19.652332
1,2026-08-19 03:00:00+00:00,tt_bekasi,15.999999,15.326471
1,2026-08-19 03:00:00+00:00,tt_bogor,37.0,36.696716
1,2026-08-19 03:00:00+00:00,tt_bsd,34.0,32.147923
1,2026-08-19 03:00:00+00:00,tt_cawang,20.0,22.106892
1,2026-08-19 03:00:00+00:00,tt_depok,31.0,27.120089
1,2026-08-19 03:00:00+00:00,tt_gatsu,45.0,25.894423
1,2026-08-19 03:00:00+00:00,tt_grogol,31.0,32.685722
1,2026-08-19 03:00:00+00:00,tt_kebonjeruk,23.0,25.139761
1,2026-08-19 03:00:00+00:00,tt_kelapagading,29.0,27.972166
1,2026-08-19 03:00:00+00:00,tt_kuningan,15.999999,20.524723
1,2026-08-19 03:00:00+00:00,tt_sudirman,24.0,25.231667
1,2026-08-19 03:00:00+00:00,tt_tangerang,40.0,40.082123
1,2026-08-19 03:00:00+00:00,tt_tbsimatupang,33.0,33.260323
1,2026-08-19 03:00:00+00:00,tt_thamrin,20.0,20.68879
1,2026-08-19 05:00:00+00:00,tt_bekasi,15.0,16.131203
1,2026-08-19 05:00:00+00:00,tt_bogor,32.0,37.0241
1,2026-08-19 05:00:00+00:00,tt_bsd,34.0,33.751156
1,2026-08-19 05:00:00+00:00,tt_cawang,17.0,24.717077
1,2026-08-19 05:00:00+00:00,tt_depok,31.0,30.962027
1,2026-08-19 05:00:00+00:00,tt_gatsu,45.0,46.446945
1,2026-08-19 05:00:00+00:00,tt_grogol,31.0,31.653778
1,2026-08-19 05:00:00+00:00,tt_kebonjeruk,24.0,23.731842
1,2026-08-19 05:00:00+00:00,tt_kelapagading,21.0,28.711315
1,2026-08-19 05:00:00+00:00,tt_kuningan,17.0,17.586334
1,2026-08-19 05:00:00+00:00,tt_sudirman,27.0,25.965864
1,2026-08-19 05:00:00+00:00,tt_tangerang,40.0,40.226494
1,2026-08-19 05:00:00+00:00,tt_tbsimatupang,43.0,42.046284
1,2026-08-19 05:00:00+00:00,tt_thamrin,17.0,19.871569
1,2026-08-19 06:00:00+00:00,tt_bekasi,18.0,15.890035
1,2026-08-19 06:00:00+00:00,tt_bogor,35.0,34.730072
1,2026-08-19 06:00:00+00:00,tt_bsd,34.0,33.516964
1,2026-08-19 06:00:00+00:00,tt_cawang,19.0,22.826511
1,2026-08-19 06:00:00+00:00,tt_depok,27.0,31.080853
1,2026-08-19 06:00:00+00:00,tt_gatsu,30.0,45.92473
1,2026-08-19 06:00:00+00:00,tt_grogol,27.0,31.353466
1,2026-08-19 06:00:00+00:00,tt_kebonjeruk,21.0,23.813965
1,2026-08-19 06:00:00+00:00,tt_kelapagading,21.0,24.174488
1,2026-08-19 06:00:00+00:00,tt_kuningan,21.0,18.00149
1,2026-08-19 06:00:00+00:00,tt_sudirman,18.0,28.236773
1,2026-08-19 06:00:00+00:00,tt_tangerang,38.0,40.219353
1,2026-08-19 06:00:00+00:00,tt_tbsimatupang,48.0,45.2749
1,2026-08-19 06:00:00+00:00,tt_thamrin,13.0,18.072292
1,2026-08-19 08:00:00+00:00,tt_bekasi,15.0,17.365505
1,2026-08-19 08:00:00+00:00,tt_bogor,34.0,34.596607
1,2026-08-19 08:00:00+00:00,tt_bsd,28.0,33.134644
1,2026-08-19 08:00:00+00:00,tt_cawang,32.0,22.777779
1,2026-08-19 08:00:00+00:00,tt_depok,25.0,27.43786
1,2026-08-19 08:00:00+00:00,tt_gatsu,26.0,36.289616
1,2026-08-19 08:00:00+00:00,tt_grogol,27.0,28.213383
1,2026-08-19 08:00:00+00:00,tt_kebonjeruk,18.0,21.699158
1,2026-08-19 08:00:00+00:00,tt_kelapagading,22.0,22.196854
1,2026-08-19 08:00:00+00:00,tt_kuningan,21.0,20.686394
1,2026-08-19 08:00:00+00:00,tt_sudirman,22.0,22.845013
1,2026-08-19 08:00:00+00:00,tt_tangerang,48.0,38.310596
1,2026-08-19 08:00:00+00:00,tt_tbsimatupang,32.0,49.55665
1,2026-08-19 08:00:00+00:00,tt_thamrin,8.0,15.192381
1,2026-08-19 10:00:00+00:00,tt_bekasi,13.0,16.139416
1,2026-08-19 10:00:00+00:00,tt_bogor,30.0,33.485645
1,2026-08-19 10:00:00+00:00,tt_bsd,34.0,28.981236
1,2026-08-19 10:00:00+00:00,tt_cawang,43.0,32.84376
1,2026-08-19 10:00:00+00:00,tt_depok,23.0,25.604729
1,2026-08-19 10:00:00+00:00,tt_gatsu,23.0,31.403446
1,2026-08-19 10:00:00+00:00,tt_grogol,30.0,28.396866
1,2026-08-19 10:00:00+00:00,tt_kebonjeruk,19.0,19.743477
1,2026-08-19 10:00:00+00:00,tt_kelapagading,22.0,22.89275
1,2026-08-19 10:00:00+00:00,tt_kuningan,15.999999,21.369339
1,2026-08-19 10:00:00+00:00,tt_sudirman,19.0,24.697676
1,2026-08-19 10:00:00+00:00,tt_tangerang,28.0,45.395134
1,2026-08-19 10:00:00+00:00,tt_tbsimatupang,34.0,38.622444
1,2026-08-19 10:00:00+00:00,tt_thamrin,17.0,12.552668
1,2026-08-19 11:00:00+00:00,tt_bekasi,18.0,15.050354
1,2026-08-19 11:00:00+00:00,tt_bogor,33.0,30.866333
1,2026-08-19 11:00:00+00:00,tt_bsd,27.0,33.184258
1,2026-08-19 11:00:00+00:00,tt_cawang,43.0,37.603683
1,2026-08-19 11:00:00+00:00,tt_depok,25.0,24.558975
1,2026-08-19 11:00:00+00:00,tt_gatsu,35.0,28.621126
1,2026-08-19 11:00:00+00:00,tt_grogol,32.0,31.212381
1,2026-08-19 11:00:00+00:00,tt_kebonjeruk,21.0,20.537281
1,2026-08-19 11:00:00+00:00,tt_kelapagading,20.0,23.692028
1,2026-08-19 11:00:00+00:00,tt_kuningan,15.999999,18.656687
1,2026-08-19 11:00:00+00:00,tt_sudirman,15.999999,22.463255
1,2026-08-19 11:00:00+00:00,tt_tangerang,26.0,36.457825
1,2026-08-19 11:00:00+00:00,tt_tbsimatupang,44.0,37.449436
1,2026-08-19 11:00:00+00:00,tt_thamrin,10.0,16.668814
1,2026-08-19 13:00:00+00:00,tt_bekasi,18.0,18.312836
1,2026-08-19 13:00:00+00:00,tt_bogor,45.0,32.545414
1,2026-08-19 13:00:00+00:00,tt_bsd,34.0,29.0529
1,2026-08-19 13:00:00+00:00,tt_cawang,43.0,38.842896
1,2026-08-19 13:00:00+00:00,tt_depok,25.0,25.925909
1,2026-08-19 13:00:00+00:00,tt_gatsu,45.0,36.339027
1,2026-08-19 13:00:00+00:00,tt_grogol,31.0,33.113964
1,2026-08-19 13:00:00+00:00,tt_kebonjeruk,27.0,21.51484
1,2026-08-19 13:00:00+00:00,tt_kelapagading,23.0,22.154812
1,2026-08-19 13:00:00+00:00,tt_kuningan,13.0,18.18211
1,2026-08-19 13:00:00+00:00,tt_sudirman,30.0,19.405266
1,2026-08-19 13:00:00+00:00,tt_tangerang,48.0,30.54413
1,2026-08-19 13:00:00+00:00,tt_tbsimatupang,72.0,42.84504
1,2026-08-19 13:00:00+00:00,tt_thamrin,20.0,13.521267
1,2026-08-19 15:00:00+00:00,tt_bekasi,15.999999,19.297567
1,2026-08-19 15:00:00+00:00,tt_bogor,38.0,41.90734
1,2026-08-19 15:00:00+00:00,tt_bsd,34.0,34.907063
1,2026-08-19 15:00:00+00:00,tt_cawang,32.0,39.512783
1,2026-08-19 15:00:00+00:00,tt_depok,31.0,26.470121
1,2026-08-19 15:00:00+00:00,tt_gatsu,45.0,42.571342
1,2026-08-19 15:00:00+00:00,tt_grogol,40.0,32.349037
1,2026-08-19 15:00:00+00:00,tt_kebonjeruk,31.0,27.258118
1,2026-08-19 15:00:00+00:00,tt_kelapagading,29.0,24.365467
1,2026-08-19 15:00:00+00:00,tt_kuningan,21.0,16.964455
1,2026-08-19 15:00:00+00:00,tt_sudirman,29.0,31.234041
1,2026-08-19 15:00:00+00:00,tt_tangerang,48.0,48.41075
1,2026-08-19 15:00:00+00:00,tt_tbsimatupang,72.0,64.30919
1,2026-08-19 15:00:00+00:00,tt_thamrin,21.0,19.752645
1,2026-08-19 16:00:00+00:00,tt_bekasi,18.0,18.429058
1,2026-08-19 16:00:00+00:00,tt_bogor,45.0,40.25731
1,2026-08-19 16:00:00+00:00,tt_bsd,34.0,34.751545
1,2026-08-19 16:00:00+00:00,tt_cawang,43.0,36.18606
1,2026-08-19 16:00:00+00:00,tt_depok,31.0,31.413588
1,2026-08-19 16:00:00+00:00,tt_gatsu,45.0,42.87809
1,2026-08-19 16:00:00+00:00,tt_grogol,40.0,35.601173
1,2026-08-19 16:00:00+00:00,tt_kebonjeruk,35.0,31.10341
1,2026-08-19 16:00:00+00:00,tt_kelapagading,29.0,28.89891
1,2026-08-19 16:00:00+00:00,tt_kuningan,21.0,21.211708
1,2026-08-19 16:00:00+00:00,tt_sudirman,39.0,31.286167
1,2026-08-19 16:00:00+00:00,tt_tangerang,48.0,48.879616
1,2026-08-19 16:00:00+00:00,tt_tbsimatupang,72.0,64.823715
1,2026-08-19 16:00:00+00:00,tt_thamrin,22.0,21.005894
1,2026-08-19 18:00:00+00:00,tt_bekasi,18.0,19.59636
1,2026-08-19 18:00:00+00:00,tt_bogor,45.0,43.04605
1,2026-08-19 18:00:00+00:00,tt_bsd,34.0,34.841347
1,2026-08-19 18:00:00+00:00,tt_cawang,43.0,39.277924
1,2026-08-19 18:00:00+00:00,tt_depok,31.0,32.515545
1,2026-08-19 18:00:00+00:00,tt_gatsu,45.0,42.817223
1,2026-08-19 18:00:00+00:00,tt_grogol,40.0,38.24139
1,2026-08-19 18:00:00+00:00,tt_kebonjeruk,35.0,34.962597
1,2026-08-19 18:00:00+00:00,tt_kelapagading,29.0,30.462118
1,2026-08-19 18:00:00+00:00,tt_kuningan,21.0,22.46439
1,2026-08-19 18:00:00+00:00,tt_sudirman,39.0,37.844154
1,2026-08-19 18:00:00+00:00,tt_tangerang,44.0,47.807735
1,2026-08-19 18:00:00+00:00,tt_tbsimatupang,72.0,64.45663
1,2026-08-19 18:00:00+00:00,tt_thamrin,22.0,22.871742
1,2026-08-19 20:00:00+00:00,tt_bekasi,18.0,19.395153
1,2026-08-19 20:00:00+00:00,tt_bogor,45.0,43.67108
1,2026-08-19 20:00:00+00:00,tt_bsd,34.0,34.659294
1,2026-08-19 20:00:00+00:00,tt_cawang,43.0,39.676414
1,2026-08-19 20:00:00+00:00,tt_depok,31.0,31.830633
1,2026-08-19 20:00:00+00:00,tt_gatsu,45.0,42.717285
1,2026-08-19 20:00:00+00:00,tt_grogol,40.0,38.289574
1,2026-08-19 20:00:00+00:00,tt_kebonjeruk,35.0,34.59596
1,2026-08-19 20:00:00+00:00,tt_kelapagading,29.0,29.820774
1,2026-08-19 20:00:00+00:00,tt_kuningan,21.0,22.171577
1,2026-08-19 20:00:00+00:00,tt_sudirman,39.0,37.259
1,2026-08-19 20:00:00+00:00,tt_tangerang,48.0,44.537674
1,2026-08-19 20:00:00+00:00,tt_tbsimatupang,72.0,64.51486
1,2026-08-19 20:00:00+00:00,tt_thamrin,22.0,22.973324
1,2026-08-19 21:00:00+00:00,tt_bekasi,18.0,19.255157
1,2026-08-19 21:00:00+00:00,tt_bogor,45.0,43.711933
1,2026-08-19 21:00:00+00:00,tt_bsd,34.0,34.59475
1,2026-08-19 21:00:00+00:00,tt_cawang,43.0,39.640984
1,2026-08-19 21:00:00+00:00,tt_depok,31.0,31.57404
1,2026-08-19 21:00:00+00:00,tt_gatsu,45.0,42.773098
1,2026-08-19 21:00:00+00:00,tt_grogol,40.0,38.21418
1,2026-08-19 21:00:00+00:00,tt_kebonjeruk,35.0,34.329704
1,2026-08-19 21:00:00+00:00,tt_kelapagading,29.0,29.568419
1,2026-08-19 21:00:00+00:00,tt_kuningan,21.0,22.097736
1,2026-08-19 21:00:00+00:00,tt_sudirman,39.0,36.91329
1,2026-08-19 21:00:00+00:00,tt_tangerang,48.0,45.97449
1,2026-08-19 21:00:00+00:00,tt_tbsimatupang,72.0,64.48414
1,2026-08-19 21:00:00+00:00,tt_thamrin,22.0,22.796139
1,2026-08-19 23:00:00+00:00,tt_bekasi,17.0,18.708035
1,2026-08-19 23:00:00+00:00,tt_bogor,35.0,43.762703
1,2026-08-19 23:00:00+00:00,tt_bsd,34.0,34.528618
1,2026-08-19 23:00:00+00:00,tt_cawang,26.0,39.575233
1,2026-08-19 23:00:00+00:00,tt_depok,31.0,31.265408
1,2026-08-19 23:00:00+00:00,tt_gatsu,45.0,42.79522
1,2026-08-19 23:00:00+00:00,tt_grogol,35.0,38.14064
1,2026-08-19 23:00:00+00:00,tt_kebonjeruk,30.0,33.986324
1,2026-08-19 23:00:00+00:00,tt_kelapagading,29.0,29.300694
1,2026-08-19 23:00:00+00:00,tt_kuningan,21.0,22.07782
1,2026-08-19 23:00:00+00:00,tt_sudirman,39.0,36.501034
1,2026-08-19 23:00:00+00:00,tt_tangerang,48.0,47.11024
1,2026-08-19 23:00:00+00:00,tt_tbsimatupang,72.0,64.38061
1,2026-08-19 23:00:00+00:00,tt_thamrin,20.0,22.587772
1,2026-08-20 01:00:00+00:00,tt_bekasi,18.0,17.580517
1,2026-08-20 01:00:00+00:00,tt_bogor,35.0,37.360023
1,2026-08-20 01:00:00+00:00,tt_bsd,29.0,33.08462
1,2026-08-20 01:00:00+00:00,tt_cawang,14.0,29.748217
1,2026-08-20 01:00:00+00:00,tt_depok,31.0,30.955074
1,2026-08-20 01:00:00+00:00,tt_gatsu,37.0,42.4324
1,2026-08-20 01:00:00+00:00,tt_grogol,30.0,34.49728
1,2026-08-20 01:00:00+00:00,tt_kebonjeruk,26.0,29.951485
1,2026-08-20 01:00:00+00:00,tt_kelapagading,29.0,28.448309
1,2026-08-20 01:00:00+00:00,tt_kuningan,21.0,21.951237
1,2026-08-20 01:00:00+00:00,tt_sudirman,27.0,36.05267
1,2026-08-20 01:00:00+00:00,tt_tangerang,36.0,47.02539
1,2026-08-20 01:00:00+00:00,tt_tbsimatupang,18.0,64.32955
1,2026-08-20 01:00:00+00:00,tt_thamrin,18.0,19.910872
1,2026-08-20 02:00:00+00:00,tt_bekasi,18.0,17.383018
1,2026-08-20 02:00:00+00:00,tt_bogor,40.0,36.146378
1,2026-08-20 02:00:00+00:00,tt_bsd,34.0,29.331549
1,2026-08-20 02:00:00+00:00,tt_cawang,18.0,22.825584
1,2026-08-20 02:00:00+00:00,tt_depok,31.0,30.817257
1,2026-08-20 02:00:00+00:00,tt_gatsu,45.0,39.092747
1,2026-08-20 02:00:00+00:00,tt_grogol,30.0,31.0149
1,2026-08-20 02:00:00+00:00,tt_kebonjeruk,26.0,26.819149
1,2026-08-20 02:00:00+00:00,tt_kelapagading,25.0,27.986858
1,2026-08-20 02:00:00+00:00,tt_kuningan,21.0,21.219887
1,2026-08-20 02:00:00+00:00,tt_sudirman,25.0,30.247614
1,2026-08-20 02:00:00+00:00,tt_tangerang,48.0,41.510757
1,2026-08-20 02:00:00+00:00,tt_tbsimatupang,21.0,41.014015
1,2026-08-20 02:00:00+00:00,tt_thamrin,18.0,18.170143
1,2026-08-20 04:00:00+00:00,tt_bekasi,15.0,17.600212
1,2026-08-20 04:00:00+00:00,tt_bogor,35.0,38.972256
1,2026-08-20 04:00:00+00:00,tt_bsd,34.0,32.91346
1,2026-08-20 04:00:00+00:00,tt_cawang,20.0,22.63685
1,2026-08-20 04:00:00+00:00,tt_depok,27.0,30.81442
1,2026-08-20 04:00:00+00:00,tt_gatsu,45.0,41.74302
1,2026-08-20 04:00:00+00:00,tt_grogol,25.0,30.195545
1,2026-08-20 04:00:00+00:00,tt_kebonjeruk,25.0,25.873539
1,2026-08-20 04:00:00+00:00,tt_kelapagading,22.0,25.079672
1,2026-08-20 04:00:00+00:00,tt_kuningan,21.0,20.77998
1,2026-08-20 04:00:00+00:00,tt_sudirman,26.0,26.567677
1,2026-08-20 04:00:00+00:00,tt_tangerang,48.0,46.363686
1,2026-08-20 04:00:00+00:00,tt_tbsimatupang,45.0,37.132057
1,2026-08-20 04:00:00+00:00,tt_thamrin,13.0,17.756588
1,2026-08-20 06:00:00+00:00,tt_bekasi,15.0,15.938325
1,2026-08-20 06:00:00+00:00,tt_bogor,39.0,36.21575
1,2026-08-20 06:00:00+00:00,tt_bsd,34.0,33.194984
1,2026-08-20 06:00:00+00:00,tt_cawang,28.0,23.088802
1,2026-08-20 06:00:00+00:00,tt_depok,29.0,27.18781
1,2026-08-20 06:00:00+00:00,tt_gatsu,28.0,42.12953
1,2026-08-20 06:00:00+00:00,tt_grogol,29.0,26.393955
1,2026-08-20 06:00:00+00:00,tt_kebonjeruk,25.0,24.944689
1,2026-08-20 06:00:00+00:00,tt_kelapagading,20.0,22.525524
1,2026-08-20 06:00:00+00:00,tt_kuningan,15.999999,21.02016
1,2026-08-20 06:00:00+00:00,tt_sudirman,21.0,27.303152
1,2026-08-20 06:00:00+00:00,tt_tangerang,38.0,47.099674
1,2026-08-20 06:00:00+00:00,tt_tbsimatupang,27.0,51.20745
1,2026-08-20 06:00:00+00:00,tt_thamrin,12.0,14.723053
1,2026-08-20 07:00:00+00:00,tt_bekasi,15.999999,15.19409
1,2026-08-20 07:00:00+00:00,tt_bogor,36.0,36.885815
1,2026-08-20 07:00:00+00:00,tt_bsd,34.0,33.341885
1,2026-08-20 07:00:00+00:00,tt_cawang,21.0,28.240198
1,2026-08-20 07:00:00+00:00,tt_depok,26.0,28.539452
1,2026-08-20 07:00:00+00:00,tt_gatsu,20.0,34.907093
1,2026-08-20 07:00:00+00:00,tt_grogol,29.0,29.184309
1,2026-08-20 07:00:00+00:00,tt_kebonjeruk,22.0,25.427471
1,2026-08-20 07:00:00+00:00,tt_kelapagading,20.0,21.663021
1,2026-08-20 07:00:00+00:00,tt_kuningan,21.0,18.24226
1,2026-08-20 07:00:00+00:00,tt_sudirman,20.0,24.114014
1,2026-08-20 07:00:00+00:00,tt_tangerang,37.0,42.26647
1,2026-08-20 07:00:00+00:00,tt_tbsimatupang,49.0,41.402214
1,2026-08-20 07:00:00+00:00,tt_thamrin,12.0,14.170301
1,2026-08-20 09:00:00+00:00,tt_bekasi,14.0,15.8640375
1,2026-08-20 09:00:00+00:00,tt_bogor,34.0,35.451454
1,2026-08-20 09:00:00+00:00,tt_bsd,28.0,32.981552
1,2026-08-20 09:00:00+00:00,tt_cawang,30.0,23.910755
1,2026-08-20 09:00:00+00:00,tt_depok,26.0,26.56658
1,2026-08-20 09:00:00+00:00,tt_gatsu,32.0,26.052723
1,2026-08-20 09:00:00+00:00,tt_grogol,31.0,29.85828
1,2026-08-20 09:00:00+00:00,tt_kebonjeruk,21.0,23.325558
1,2026-08-20 09:00:00+00:00,tt_kelapagading,21.0,20.99767
1,2026-08-20 09:00:00+00:00,tt_kuningan,13.0,21.076183
1,2026-08-20 09:00:00+00:00,tt_sudirman,23.0,22.887978
1,2026-08-20 09:00:00+00:00,tt_tangerang,34.0,38.009968
1,2026-08-20 09:00:00+00:00,tt_tbsimatupang,47.0,51.67826
1,2026-08-20 09:00:00+00:00,tt_thamrin,18.0,13.434719
1,2026-08-20 11:00:00+00:00,tt_bekasi,18.0,15.1651325
1,2026-08-20 11:00:00+00:00,tt_bogor,35.0,33.75101
1,2026-08-20 11:00:00+00:00,tt_bsd,34.0,29.356586
1,2026-08-20 11:00:00+00:00,tt_cawang,33.0,29.731997
1,2026-08-20 11:00:00+00:00,tt_depok,26.0,26.824623
1,2026-08-20 11:00:00+00:00,tt_gatsu,7.0,35.017334
1,2026-08-20 11:00:00+00:00,tt_grogol,29.0,31.944517
1,2026-08-20 11:00:00+00:00,tt_kebonjeruk,18.0,22.843357
1,2026-08-20 11:00:00+00:00,tt_kelapagading,21.0,22.186993
1,2026-08-20 11:00:00+00:00,tt_kuningan,15.999999,16.733837
1,2026-08-20 11:00:00+00:00,tt_sudirman,12.0,24.413986
1,2026-08-20 11:00:00+00:00,tt_tangerang,35.0,35.299503
1,2026-08-20 11:00:00+00:00,tt_tbsimatupang,24.0,48.887527
1,2026-08-20 11:00:00+00:00,tt_thamrin,10.0,17.207693
1,2026-08-20 12:00:00+00:00,tt_bekasi,14.0,16.435837
1,2026-08-20 12:00:00+00:00,tt_bogor,37.0,33.45462
1,2026-08-20 12:00:00+00:00,tt_bsd,34.0,32.30597
1,2026-08-20 12:00:00+00:00,tt_cawang,43.0,32.38844
1,2026-08-20 12:00:00+00:00,tt_depok,24.0,26.672087
1,2026-08-20 12:00:00+00:00,tt_gatsu,10.0,23.46148
1,2026-08-20 12:00:00+00:00,tt_grogol,32.0,30.653818
1,2026-08-20 12:00:00+00:00,tt_kebonjeruk,23.0,20.828407
1,2026-08-20 12:00:00+00:00,tt_kelapagading,21.0,21.761475
1,2026-08-20 12:00:00+00:00,tt_kuningan,13.0,17.427177
1,2026-08-20 12:00:00+00:00,tt_sudirman,22.0,19.132599
1,2026-08-20 12:00:00+00:00,tt_tangerang,48.0,34.846626
1,2026-08-20 12:00:00+00:00,tt_tbsimatupang,40.0,36.58124
1,2026-08-20 12:00:00+00:00,tt_thamrin,9.0,14.275665
1,2026-08-20 14:00:00+00:00,tt_bekasi,18.0,15.410326
1,2026-08-20 14:00:00+00:00,tt_bogor,38.0,34.837524
1,2026-08-20 14:00:00+00:00,tt_bsd,27.0,34.045288
1,2026-08-20 14:00:00+00:00,tt_cawang,32.0,38.52775
1,2026-08-20 14:00:00+00:00,tt_depok,31.0,25.24449
1,2026-08-20 14:00:00+00:00,tt_gatsu,45.0,21.524353
1,2026-08-20 14:00:00+00:00,tt_grogol,40.0,33.154472
1,2026-08-20 14:00:00+00:00,tt_kebonjeruk,28.0,23.809917
1,2026-08-20 14:00:00+00:00,tt_kelapagading,29.0,22.015991
1,2026-08-20 14:00:00+00:00,tt_kuningan,15.999999,16.11222
1,2026-08-20 14:00:00+00:00,tt_sudirman,39.0,23.12158
1,2026-08-20 14:00:00+00:00,tt_tangerang,48.0,44.551693
1,2026-08-20 14:00:00+00:00,tt_tbsimatupang,59.0,43.103706
1,2026-08-20 14:00:00+00:00,tt_thamrin,13.0,13.16474
1,2026-08-20 16:00:00+00:00,tt_bekasi,15.0,19.659184
1,2026-08-20 16:00:00+00:00,tt_bogor,45.0,36.72765
1,2026-08-20 16:00:00+00:00,tt_bsd,34.0,28.908327
1,2026-08-20 16:00:00+00:00,tt_cawang,43.0,34.087776
1,2026-08-20 16:00:00+00:00,tt_depok,31.0,32.46172
1,2026-08-20 16:00:00+00:00,tt_gatsu,45.0,46.610565
1,2026-08-20 16:00:00+00:00,tt_grogol,40.0,37.128605
1,2026-08-20 16:00:00+00:00,tt_kebonjeruk,35.0,29.133764
1,2026-08-20 16:00:00+00:00,tt_kelapagading,29.0,29.769016
1,2026-08-20 16:00:00+00:00,tt_kuningan,21.0,18.362396
1,2026-08-20 16:00:00+00:00,tt_sudirman,39.0,38.478626
1,2026-08-20 16:00:00+00:00,tt_tangerang,48.0,46.889656
1,2026-08-20 16:00:00+00:00,tt_tbsimatupang,72.0,56.525047
1,2026-08-20 16:00:00+00:00,tt_thamrin,22.0,14.879496
1,2026-08-20 17:00:00+00:00,tt_bekasi,18.0,18.282673
1,2026-08-20 17:00:00+00:00,tt_bogor,45.0,40.211777
1,2026-08-20 17:00:00+00:00,tt_bsd,34.0,33.513138
1,2026-08-20 17:00:00+00:00,tt_cawang,43.0,37.634163
1,2026-08-20 17:00:00+00:00,tt_depok,31.0,32.837185
1,2026-08-20 17:00:00+00:00,tt_gatsu,45.0,46.46386
1,2026-08-20 17:00:00+00:00,tt_grogol,40.0,38.09864
1,2026-08-20 17:00:00+00:00,tt_kebonjeruk,35.0,33.859646
1,2026-08-20 17:00:00+00:00,tt_kelapagading,29.0,30.784359
1,2026-08-20 17:00:00+00:00,tt_kuningan,21.0,21.262323
1,2026-08-20 17:00:00+00:00,tt_sudirman,39.0,38.566944
1,2026-08-20 17:00:00+00:00,tt_tangerang,48.0,46.91608
1,2026-08-20 17:00:00+00:00,tt_tbsimatupang,72.0,62.410816
1,2026-08-20 17:00:00+00:00,tt_thamrin,22.0,20.74783
1,2026-08-20 19:00:00+00:00,tt_bekasi,18.0,19.530558
1,2026-08-20 19:00:00+00:00,tt_bogor,45.0,43.301994
1,2026-08-20 19:00:00+00:00,tt_bsd,34.0,35.33742
1,2026-08-20 19:00:00+00:00,tt_cawang,43.0,39.918896
1,2026-08-20 19:00:00+00:00,tt_depok,31.0,32.12524
1,2026-08-20 19:00:00+00:00,tt_gatsu,45.0,44.55005
1,2026-08-20 19:00:00+00:00,tt_grogol,40.0,38.391514
1,2026-08-20 19:00:00+00:00,tt_kebonjeruk,35.0,35.04525
1,2026-08-20 19:00:00+00:00,tt_kelapagading,29.0,30.324085
1,2026-08-20 19:00:00+00:00,tt_kuningan,21.0,21.910957
1,2026-08-20 19:00:00+00:00,tt_sudirman,39.0,37.590794
1,2026-08-20 19:00:00+00:00,tt_tangerang,48.0,46.919846
1,2026-08-20 19:00:00+00:00,tt_tbsimatupang,72.0,64.59143
1,2026-08-20 19:00:00+00:00,tt_thamrin,22.0,22.661362
1,2026-08-20 21:00:00+00:00,tt_bekasi,18.0,19.348824
1,2026-08-20 21:00:00+00:00,tt_bogor,45.0,43.60711
1,2026-08-20 21:00:00+00:00,tt_bsd,34.0,34.972546
1,2026-08-20 21:00:00+00:00,tt_cawang,43.0,39.74812
1,2026-08-20 21:00:00+00:00,tt_depok,31.0,31.552485
1,2026-08-20 21:00:00+00:00,tt_gatsu,45.0,43.747852
1,2026-08-20 21:00:00+00:00,tt_grogol,40.0,38.221428
1,2026-08-20 21:00:00+00:00,tt_kebonjeruk,35.0,34.417553
1,2026-08-20 21:00:00+00:00,tt_kelapagading,29.0,29.692616
1,2026-08-20 21:00:00+00:00,tt_kuningan,21.0,22.091988
1,2026-08-20 21:00:00+00:00,tt_sudirman,39.0,36.837635
1,2026-08-20 21:00:00+00:00,tt_tangerang,48.0,46.971024
1,2026-08-20 21:00:00+00:00,tt_tbsimatupang,72.0,64.47775
1,2026-08-20 21:00:00+00:00,tt_thamrin,22.0,22.47408
1,2026-08-20 22:00:00+00:00,tt_bekasi,18.0,19.177765
1,2026-08-20 22:00:00+00:00,tt_bogor,45.0,43.655773
1,2026-08-20 22:00:00+00:00,tt_bsd,34.0,34.813423
1,2026-08-20 22:00:00+00:00,tt_cawang,43.0,39.664528
1,2026-08-20 22:00:00+00:00,tt_depok,31.0,31.39493
1,2026-08-20 22:00:00+00:00,tt_gatsu,45.0,43.559204
1,2026-08-20 22:00:00+00:00,tt_grogol,40.0,38.177086
1,2026-08-20 22:00:00+00:00,tt_kebonjeruk,35.0,34.20231
1,2026-08-20 22:00:00+00:00,tt_kelapagading,29.0,29.528006
1,2026-08-20 22:00:00+00:00,tt_kuningan,21.0,22.040476
1,2026-08-20 22:00:00+00:00,tt_sudirman,39.0,36.63844
1,2026-08-20 22:00:00+00:00,tt_tangerang,48.0,46.99237
1,2026-08-20 22:00:00+00:00,tt_tbsimatupang,72.0,64.465126
1,2026-08-20 22:00:00+00:00,tt_thamrin,22.0,22.504398
1,2026-08-21 00:00:00+00:00,tt_bekasi,18.0,18.838383
1,2026-08-21 00:00:00+00:00,tt_bogor,35.0,43.73864
1,2026-08-21 00:00:00+00:00,tt_bsd,29.0,34.616417
1,2026-08-21 00:00:00+00:00,tt_cawang,18.0,39.589394
1,2026-08-21 00:00:00+00:00,tt_depok,25.0,31.206596
1,2026-08-21 00:00:00+00:00,tt_gatsu,45.0,43.25353
1,2026-08-21 00:00:00+00:00,tt_grogol,34.0,38.13794
1,2026-08-21 00:00:00+00:00,tt_kebonjeruk,25.0,33.917828
1,2026-08-21 00:00:00+00:00,tt_kelapagading,26.0,29.281569
1,2026-08-21 00:00:00+00:00,tt_kuningan,21.0,21.94838
1,2026-08-21 00:00:00+00:00,tt_sudirman,31.0,36.28088
1,2026-08-21 00:00:00+00:00,tt_tangerang,37.0,47.034622
1,2026-08-21 00:00:00+00:00,tt_tbsimatupang,32.0,64.37115
1,2026-08-21 00:00:00+00:00,tt_thamrin,22.0,22.580505
1,2026-08-21 02:00:00+00:00,tt_bekasi,17.0,17.80804
1,2026-08-21 02:00:00+00:00,tt_bogor,37.0,37.228615
1,2026-08-21 02:00:00+00:00,tt_bsd,28.0,29.312658
1,2026-08-21 02:00:00+00:00,tt_cawang,19.0,25.664911
1,2026-08-21 02:00:00+00:00,tt_depok,26.0,25.415953
1,2026-08-21 02:00:00+00:00,tt_gatsu,45.0,41.89352
1,2026-08-21 02:00:00+00:00,tt_grogol,31.0,33.98325
1,2026-08-21 02:00:00+00:00,tt_kebonjeruk,26.0,25.811255
1,2026-08-21 02:00:00+00:00,tt_kelapagading,29.0,25.377365
1,2026-08-21 02:00:00+00:00,tt_kuningan,21.0,21.186913
1,2026-08-21 02:00:00+00:00,tt_sudirman,23.0,31.57006
1,2026-08-21 02:00:00+00:00,tt_tangerang,37.0,39.467674
1,2026-08-21 02:00:00+00:00,tt_tbsimatupang,37.0,40.79369
1,2026-08-21 02:00:00+00:00,tt_thamrin,22.0,21.092213
1,2026-08-21 03:00:00+00:00,tt_bekasi,15.0,17.040142
1,2026-08-21 03:00:00+00:00,tt_bogor,38.0,37.023033
1,2026-08-21 03:00:00+00:00,tt_bsd,34.0,28.372387
1,2026-08-21 03:00:00+00:00,tt_cawang,21.0,24.852505
1,2026-08-21 03:00:00+00:00,tt_depok,31.0,25.933487
1,2026-08-21 03:00:00+00:00,tt_gatsu,45.0,41.73286
1,2026-08-21 03:00:00+00:00,tt_grogol,27.0,32.026154
1,2026-08-21 03:00:00+00:00,tt_kebonjeruk,24.0,25.956196
1,2026-08-21 03:00:00+00:00,tt_kelapagading,23.0,27.445362
1,2026-08-21 03:00:00+00:00,tt_kuningan,15.999999,20.780136
1,2026-08-21 03:00:00+00:00,tt_sudirman,28.0,26.413582
1,2026-08-21 03:00:00+00:00,tt_tangerang,48.0,38.4783
1,2026-08-21 03:00:00+00:00,tt_tbsimatupang,48.0,41.17401
1,2026-08-21 03:00:00+00:00,tt_thamrin,15.999999,21.269053
1,2026-08-21 05:00:00+00:00,tt_bekasi,15.999999,15.7643175
1,2026-08-21 05:00:00+00:00,tt_bogor,45.0,37.81779
1,2026-08-21 05:00:00+00:00,tt_bsd,34.0,33.172634
1,2026-08-21 05:00:00+00:00,tt_cawang,43.0,25.297249
1,2026-08-21 05:00:00+00:00,tt_depok,31.0,31.057669
1,2026-08-21 05:00:00+00:00,tt_gatsu,45.0,42.193172
1,2026-08-21 05:00:00+00:00,tt_grogol,32.0,28.097015
1,2026-08-21 05:00:00+00:00,tt_kebonjeruk,27.0,24.34609
1,2026-08-21 05:00:00+00:00,tt_kelapagading,23.0,23.576458
1,2026-08-21 05:00:00+00:00,tt_kuningan,21.0,17.611568
1,2026-08-21 05:00:00+00:00,tt_sudirman,34.0,28.589062
1,2026-08-21 05:00:00+00:00,tt_tangerang,48.0,46.186195
1,2026-08-21 05:00:00+00:00,tt_tbsimatupang,72.0,48.641174
1,2026-08-21 05:00:00+00:00,tt_thamrin,21.0,17.3666
1,2026-08-21 07:00:00+00:00,tt_bekasi,14.0,16.61721
1,2026-08-21 07:00:00+00:00,tt_bogor,35.0,42.861366
1,2026-08-21 07:00:00+00:00,tt_bsd,34.0,34.91447
1,2026-08-21 07:00:00+00:00,tt_cawang,28.0,41.41404
1,2026-08-21 07:00:00+00:00,tt_depok,25.0,31.660204
1,2026-08-21 07:00:00+00:00,tt_gatsu,36.0,42.64224
1,2026-08-21 07:00:00+00:00,tt_grogol,28.0,33.37633
1,2026-08-21 07:00:00+00:00,tt_kebonjeruk,21.0,27.90639
1,2026-08-21 07:00:00+00:00,tt_kelapagading,20.0,24.242565
1,2026-08-21 07:00:00+00:00,tt_kuningan,21.0,21.317932
1,2026-08-21 07:00:00+00:00,tt_sudirman,18.0,34.837925
1,2026-08-21 07:00:00+00:00,tt_tangerang,39.0,47.08956
1,2026-08-21 07:00:00+00:00,tt_tbsimatupang,52.0,64.339584
1,2026-08-21 07:00:00+00:00,tt_thamrin,18.0,21.113667
1,2026-08-21 08:00:00+00:00,tt_bekasi,15.999999,14.926926
1,2026-08-21 08:00:00+00:00,tt_bogor,34.0,39.116394
1,2026-08-21 08:00:00+00:00,tt_bsd,34.0,33.85123
1,2026-08-21 08:00:00+00:00,tt_cawang,31.0,35.37674
1,2026-08-21 08:00:00+00:00,tt_depok,25.0,27.283298
1,2026-08-21 08:00:00+00:00,tt_gatsu,35.0,38.89425
1,2026-08-21 08:00:00+00:00,tt_grogol,29.0,30.018385
1,2026-08-21 08:00:00+00:00,tt_kebonjeruk,24.0,23.820919
1,2026-08-21 08:00:00+00:00,tt_kelapagading,21.0,21.61773
1,2026-08-21 08:00:00+00:00,tt_kuningan,17.0,20.615273
1,2026-08-21 08:00:00+00:00,tt_sudirman,24.0,25.90614
1,2026-08-21 08:00:00+00:00,tt_tangerang,40.0,42.764694
1,2026-08-21 08:00:00+00:00,tt_tbsimatupang,38.0,56.433872
1,2026-08-21 08:00:00+00:00,tt_thamrin,10.0,18.879707
3,2026-08-18 04:00:00+00:00,tt_bekasi,15.0,16.932043
3,2026-08-18 04:00:00+00:00,tt_bogor,33.0,36.841686
3,2026-08-18 04:00:00+00:00,tt_bsd,28.0,31.840187
3,2026-08-18 04:00:00+00:00,tt_cawang,22.0,27.506536
3,2026-08-18 04:00:00+00:00,tt_depok,31.0,27.45468
3,2026-08-18 04:00:00+00:00,tt_gatsu,32.0,40.78264
3,2026-08-18 04:00:00+00:00,tt_grogol,27.0,29.508926
3,2026-08-18 04:00:00+00:00,tt_kebonjeruk,25.0,27.669828
3,2026-08-18 04:00:00+00:00,tt_kelapagading,29.0,27.56726
3,2026-08-18 04:00:00+00:00,tt_kuningan,15.999999,21.90252
3,2026-08-18 04:00:00+00:00,tt_sudirman,24.0,33.20746
3,2026-08-18 04:00:00+00:00,tt_tangerang,36.0,40.034122
3,2026-08-18 04:00:00+00:00,tt_tbsimatupang,55.0,41.313774
3,2026-08-18 04:00:00+00:00,tt_thamrin,18.0,19.907272
3,2026-08-18 05:00:00+00:00,tt_bekasi,15.0,16.324335
3,2026-08-18 05:00:00+00:00,tt_bogor,38.0,37.20709
3,2026-08-18 05:00:00+00:00,tt_bsd,28.0,31.841917
3,2026-08-18 05:00:00+00:00,tt_cawang,28.0,27.945246
3,2026-08-18 05:00:00+00:00,tt_depok,26.0,29.724497
3,2026-08-18 05:00:00+00:00,tt_gatsu,45.0,35.942295
3,2026-08-18 05:00:00+00:00,tt_grogol,36.0,30.24175
3,2026-08-18 05:00:00+00:00,tt_kebonjeruk,22.0,27.171362
3,2026-08-18 05:00:00+00:00,tt_kelapagading,22.0,27.889984
3,2026-08-18 05:00:00+00:00,tt_kuningan,21.0,21.406925
3,2026-08-18 05:00:00+00:00,tt_sudirman,31.0,29.048439
3,2026-08-18 05:00:00+00:00,tt_tangerang,41.0,45.117363
3,2026-08-18 05:00:00+00:00,tt_tbsimatupang,51.0,38.508633
3,2026-08-18 05:00:00+00:00,tt_thamrin,20.0,18.60447
3,2026-08-18 07:00:00+00:00,tt_bekasi,15.0,15.5208645
3,2026-08-18 07:00:00+00:00,tt_bogor,34.0,35.115852
3,2026-08-18 07:00:00+00:00,tt_bsd,30.0,29.590994
3,2026-08-18 07:00:00+00:00,tt_cawang,43.0,27.771208
3,2026-08-18 07:00:00+00:00,tt_depok,31.0,30.617931
3,2026-08-18 07:00:00+00:00,tt_gatsu,45.0,34.120365
3,2026-08-18 07:00:00+00:00,tt_grogol,32.0,30.788214
3,2026-08-18 07:00:00+00:00,tt_kebonjeruk,25.0,26.757458
3,2026-08-18 07:00:00+00:00,tt_kelapagading,22.0,28.525394
3,2026-08-18 07:00:00+00:00,tt_kuningan,15.0,19.176802
3,2026-08-18 07:00:00+00:00,tt_sudirman,28.0,28.100056
3,2026-08-18 07:00:00+00:00,tt_tangerang,38.0,39.072075
3,2026-08-18 07:00:00+00:00,tt_tbsimatupang,57.0,59.867874
3,2026-08-18 07:00:00+00:00,tt_thamrin,22.0,17.099644
3,2026-08-18 09:00:00+00:00,tt_bekasi,14.0,16.017715
3,2026-08-18 09:00:00+00:00,tt_bogor,35.0,37.22063
3,2026-08-18 09:00:00+00:00,tt_bsd,28.0,29.49266
3,2026-08-18 09:00:00+00:00,tt_cawang,29.0,30.813147
3,2026-08-18 09:00:00+00:00,tt_depok,24.0,27.270336
3,2026-08-18 09:00:00+00:00,tt_gatsu,45.0,40.63761
3,2026-08-18 09:00:00+00:00,tt_grogol,32.0,35.227013
3,2026-08-18 09:00:00+00:00,tt_kebonjeruk,23.0,24.865461
3,2026-08-18 09:00:00+00:00,tt_kelapagading,23.0,24.944017
3,2026-08-18 09:00:00+00:00,tt_kuningan,21.0,21.9863
3,2026-08-18 09:00:00+00:00,tt_sudirman,31.0,33.487793
3,2026-08-18 09:00:00+00:00,tt_tangerang,38.0,41.32094
3,2026-08-18 09:00:00+00:00,tt_tbsimatupang,43.0,53.839844
3,2026-08-18 09:00:00+00:00,tt_thamrin,22.0,18.468338
3,2026-08-18 10:00:00+00:00,tt_bekasi,14.0,15.929472
3,2026-08-18 10:00:00+00:00,tt_bogor,35.0,35.24331
3,2026-08-18 10:00:00+00:00,tt_bsd,34.0,30.90894
3,2026-08-18 10:00:00+00:00,tt_cawang,30.0,36.58312
3,2026-08-18 10:00:00+00:00,tt_depok,25.0,30.321035
3,2026-08-18 10:00:00+00:00,tt_gatsu,3.999998,40.45414
3,2026-08-18 10:00:00+00:00,tt_grogol,31.0,34.14904
3,2026-08-18 10:00:00+00:00,tt_kebonjeruk,21.0,26.376856
3,2026-08-18 10:00:00+00:00,tt_kelapagading,21.0,24.980251
3,2026-08-18 10:00:00+00:00,tt_kuningan,14.0,19.621208
3,2026-08-18 10:00:00+00:00,tt_sudirman,23.0,31.732018
3,2026-08-18 10:00:00+00:00,tt_tangerang,34.0,39.551903
3,2026-08-18 10:00:00+00:00,tt_tbsimatupang,44.0,56.400295
3,2026-08-18 10:00:00+00:00,tt_thamrin,22.0,20.270609
3,2026-08-18 12:00:00+00:00,tt_bekasi,14.0,15.873438
3,2026-08-18 12:00:00+00:00,tt_bogor,35.0,34.36141
3,2026-08-18 12:00:00+00:00,tt_bsd,34.0,29.396215
3,2026-08-18 12:00:00+00:00,tt_cawang,34.0,32.495003
3,2026-08-18 12:00:00+00:00,tt_depok,26.0,27.824802
3,2026-08-18 12:00:00+00:00,tt_gatsu,45.0,40.187172
3,2026-08-18 12:00:00+00:00,tt_grogol,32.0,32.40506
3,2026-08-18 12:00:00+00:00,tt_kebonjeruk,25.0,25.185036
3,2026-08-18 12:00:00+00:00,tt_kelapagading,22.0,24.803228
3,2026-08-18 12:00:00+00:00,tt_kuningan,13.0,22.04064
3,2026-08-18 12:00:00+00:00,tt_sudirman,29.0,32.98899
3,2026-08-18 12:00:00+00:00,tt_tangerang,48.0,38.584946
3,2026-08-18 12:00:00+00:00,tt_tbsimatupang,72.0,47.054577
3,2026-08-18 12:00:00+00:00,tt_thamrin,17.0,20.857815
3,2026-08-18 14:00:00+00:00,tt_bekasi,15.999999,15.9537945
3,2026-08-18 14:00:00+00:00,tt_bogor,45.0,32.70372
3,2026-08-18 14:00:00+00:00,tt_bsd,34.0,31.921276
3,2026-08-18 14:00:00+00:00,tt_cawang,32.0,31.552937
3,2026-08-18 14:00:00+00:00,tt_depok,26.0,27.294813
3,2026-08-18 14:00:00+00:00,tt_gatsu,45.0,30.047653
3,2026-08-18 14:00:00+00:00,tt_grogol,40.0,30.938406
3,2026-08-18 14:00:00+00:00,tt_kebonjeruk,31.0,22.913273
3,2026-08-18 14:00:00+00:00,tt_kelapagading,29.0,23.599766
3,2026-08-18 14:00:00+00:00,tt_kuningan,15.999999,19.376667
3,2026-08-18 14:00:00+00:00,tt_sudirman,30.0,28.457415
3,2026-08-18 14:00:00+00:00,tt_tangerang,48.0,34.575783
3,2026-08-18 14:00:00+00:00,tt_tbsimatupang,72.0,45.612408
3,2026-08-18 14:00:00+00:00,tt_thamrin,22.0,21.693352
3,2026-08-18 15:00:00+00:00,tt_bekasi,15.999999,16.737007
3,2026-08-18 15:00:00+00:00,tt_bogor,45.0,33.654606
3,2026-08-18 15:00:00+00:00,tt_bsd,34.0,32.84081
3,2026-08-18 15:00:00+00:00,tt_cawang,43.0,33.40784
3,2026-08-18 15:00:00+00:00,tt_depok,31.0,27.828493
3,2026-08-18 15:00:00+00:00,tt_gatsu,45.0,47.54602
3,2026-08-18 15:00:00+00:00,tt_grogol,40.0,31.72297
3,2026-08-18 15:00:00+00:00,tt_kebonjeruk,35.0,24.628357
3,2026-08-18 15:00:00+00:00,tt_kelapagading,29.0,23.687878
3,2026-08-18 15:00:00+00:00,tt_kuningan,21.0,18.95002
3,2026-08-18 15:00:00+00:00,tt_sudirman,39.0,31.749989
3,2026-08-18 15:00:00+00:00,tt_tangerang,48.0,42.514565
3,2026-08-18 15:00:00+00:00,tt_tbsimatupang,72.0,60.556774
3,2026-08-18 15:00:00+00:00,tt_thamrin,22.0,19.820868
3,2026-08-18 17:00:00+00:00,tt_bekasi,17.0,17.882757
3,2026-08-18 17:00:00+00:00,tt_bogor,45.0,39.02428
3,2026-08-18 17:00:00+00:00,tt_bsd,34.0,33.081192
3,2026-08-18 17:00:00+00:00,tt_cawang,43.0,33.353706
3,2026-08-18 17:00:00+00:00,tt_depok,31.0,28.111628
3,2026-08-18 17:00:00+00:00,tt_gatsu,45.0,46.84133
3,2026-08-18 17:00:00+00:00,tt_grogol,40.0,35.257683
3,2026-08-18 17:00:00+00:00,tt_kebonjeruk,35.0,29.490538
3,2026-08-18 17:00:00+00:00,tt_kelapagading,29.0,27.80959
3,2026-08-18 17:00:00+00:00,tt_kuningan,21.0,19.819286
3,2026-08-18 17:00:00+00:00,tt_sudirman,39.0,33.06997
3,2026-08-18 17:00:00+00:00,tt_tangerang,48.0,44.688282
3,2026-08-18 17:00:00+00:00,tt_tbsimatupang,72.0,60.105064
3,2026-08-18 17:00:00+00:00,tt_thamrin,22.0,21.810062
3,2026-08-18 19:00:00+00:00,tt_bekasi,17.0,18.08582
3,2026-08-18 19:00:00+00:00,tt_bogor,45.0,41.1793
3,2026-08-18 19:00:00+00:00,tt_bsd,34.0,33.64352
3,2026-08-18 19:00:00+00:00,tt_cawang,43.0,38.117958
3,2026-08-18 19:00:00+00:00,tt_depok,31.0,31.77522
3,2026-08-18 19:00:00+00:00,tt_gatsu,45.0,45.594807
3,2026-08-18 19:00:00+00:00,tt_grogol,40.0,36.94648
3,2026-08-18 19:00:00+00:00,tt_kebonjeruk,35.0,33.42208
3,2026-08-18 19:00:00+00:00,tt_kelapagading,29.0,29.356531
3,2026-08-18 19:00:00+00:00,tt_kuningan,21.0,22.857405
3,2026-08-18 19:00:00+00:00,tt_sudirman,39.0,37.025585
3,2026-08-18 19:00:00+00:00,tt_tangerang,48.0,44.603233
3,2026-08-18 19:00:00+00:00,tt_tbsimatupang,72.0,59.128677
3,2026-08-18 19:00:00+00:00,tt_thamrin,22.0,22.80803
3,2026-08-18 20:00:00+00:00,tt_bekasi,17.0,18.544575
3,2026-08-18 20:00:00+00:00,tt_bogor,45.0,41.285896
3,2026-08-18 20:00:00+00:00,tt_bsd,34.0,33.699657
3,2026-08-18 20:00:00+00:00,tt_cawang,43.0,38.21313
3,2026-08-18 20:00:00+00:00,tt_depok,31.0,31.549513
3,2026-08-18 20:00:00+00:00,tt_gatsu,45.0,45.125603
3,2026-08-18 20:00:00+00:00,tt_grogol,40.0,36.89766
3,2026-08-18 20:00:00+00:00,tt_kebonjeruk,35.0,33.35878
3,2026-08-18 20:00:00+00:00,tt_kelapagading,29.0,29.238354
3,2026-08-18 20:00:00+00:00,tt_kuningan,21.0,23.09203
3,2026-08-18 20:00:00+00:00,tt_sudirman,39.0,36.631706
3,2026-08-18 20:00:00+00:00,tt_tangerang,48.0,44.72686
3,2026-08-18 20:00:00+00:00,tt_tbsimatupang,72.0,58.869022
3,2026-08-18 20:00:00+00:00,tt_thamrin,22.0,22.604763
3,2026-08-18 22:00:00+00:00,tt_bekasi,17.0,18.62907
3,2026-08-18 22:00:00+00:00,tt_bogor,45.0,41.69686
3,2026-08-18 22:00:00+00:00,tt_bsd,34.0,33.74327
3,2026-08-18 22:00:00+00:00,tt_cawang,43.0,37.988255
3,2026-08-18 22:00:00+00:00,tt_depok,31.0,30.964962
3,2026-08-18 22:00:00+00:00,tt_gatsu,45.0,44.14686
3,2026-08-18 22:00:00+00:00,tt_grogol,40.0,36.90335
3,2026-08-18 22:00:00+00:00,tt_kebonjeruk,35.0,33.109093
3,2026-08-18 22:00:00+00:00,tt_kelapagading,29.0,29.038559
3,2026-08-18 22:00:00+00:00,tt_kuningan,21.0,23.06812
3,2026-08-18 22:00:00+00:00,tt_sudirman,39.0,35.929214
3,2026-08-18 22:00:00+00:00,tt_tangerang,48.0,45.016365
3,2026-08-18 22:00:00+00:00,tt_tbsimatupang,72.0,58.340767
3,2026-08-18 22:00:00+00:00,tt_thamrin,22.0,22.166355
3,2026-08-19 00:00:00+00:00,tt_bekasi,15.0,18.733665
3,2026-08-19 00:00:00+00:00,tt_bogor,35.0,42.125996
3,2026-08-19 00:00:00+00:00,tt_bsd,29.0,33.773125
3,2026-08-19 00:00:00+00:00,tt_cawang,20.0,38.026596
3,2026-08-19 00:00:00+00:00,tt_depok,31.0,30.717197
3,2026-08-19 00:00:00+00:00,tt_gatsu,45.0,43.043907
3,2026-08-19 00:00:00+00:00,tt_grogol,40.0,36.998585
3,2026-08-19 00:00:00+00:00,tt_kebonjeruk,27.0,33.07527
3,2026-08-19 00:00:00+00:00,tt_kelapagading,29.0,29.01535
3,2026-08-19 00:00:00+00:00,tt_kuningan,21.0,22.964596
3,2026-08-19 00:00:00+00:00,tt_sudirman,39.0,35.59249
3,2026-08-19 00:00:00+00:00,tt_tangerang,48.0,45.28861
3,2026-08-19 00:00:00+00:00,tt_tbsimatupang,39.0,57.994213
3,2026-08-19 00:00:00+00:00,tt_thamrin,19.0,21.957605
3,2026-08-19 01:00:00+00:00,tt_bekasi,15.999999,18.30686
3,2026-08-19 01:00:00+00:00,tt_bogor,37.0,42.302242
3,2026-08-19 01:00:00+00:00,tt_bsd,34.0,33.747044
3,2026-08-19 01:00:00+00:00,tt_cawang,13.0,38.129
3,2026-08-19 01:00:00+00:00,tt_depok,27.0,30.646229
3,2026-08-19 01:00:00+00:00,tt_gatsu,13.0,42.467552
3,2026-08-19 01:00:00+00:00,tt_grogol,32.0,37.036873
3,2026-08-19 01:00:00+00:00,tt_kebonjeruk,25.0,33.005707
3,2026-08-19 01:00:00+00:00,tt_kelapagading,29.0,28.941446
3,2026-08-19 01:00:00+00:00,tt_kuningan,21.0,22.87399
3,2026-08-19 01:00:00+00:00,tt_sudirman,22.0,35.426815
3,2026-08-19 01:00:00+00:00,tt_tangerang,39.0,45.436043
3,2026-08-19 01:00:00+00:00,tt_tbsimatupang,18.0,57.942757
3,2026-08-19 01:00:00+00:00,tt_thamrin,22.0,21.866142
3,2026-08-19 03:00:00+00:00,tt_bekasi,15.999999,16.619541
3,2026-08-19 03:00:00+00:00,tt_bogor,37.0,37.74632
3,2026-08-19 03:00:00+00:00,tt_bsd,34.0,30.473469
3,2026-08-19 03:00:00+00:00,tt_cawang,20.0,30.876045
3,2026-08-19 03:00:00+00:00,tt_depok,31.0,30.306124
3,2026-08-19 03:00:00+00:00,tt_gatsu,45.0,41.09246
3,2026-08-19 03:00:00+00:00,tt_grogol,31.0,35.855446
3,2026-08-19 03:00:00+00:00,tt_kebonjeruk,23.0,29.148918
3,2026-08-19 03:00:00+00:00,tt_kelapagading,29.0,28.040802
3,2026-08-19 03:00:00+00:00,tt_kuningan,15.999999,22.4608
3,2026-08-19 03:00:00+00:00,tt_sudirman,24.0,35.03675
3,2026-08-19 03:00:00+00:00,tt_tangerang,40.0,45.57344
3,2026-08-19 03:00:00+00:00,tt_tbsimatupang,33.0,41.027042
3,2026-08-19 03:00:00+00:00,tt_thamrin,20.0,19.605785
3,2026-08-19 05:00:00+00:00,tt_bekasi,15.0,15.734671
3,2026-08-19 05:00:00+00:00,tt_bogor,32.0,37.25338
3,2026-08-19 05:00:00+00:00,tt_bsd,34.0,31.772507
3,2026-08-19 05:00:00+00:00,tt_cawang,17.0,27.78518
3,2026-08-19 05:00:00+00:00,tt_depok,31.0,27.432755
3,2026-08-19 05:00:00+00:00,tt_gatsu,45.0,31.62984
3,2026-08-19 05:00:00+00:00,tt_grogol,31.0,32.619522
3,2026-08-19 05:00:00+00:00,tt_kebonjeruk,24.0,26.180862
3,2026-08-19 05:00:00+00:00,tt_kelapagading,21.0,27.635677
3,2026-08-19 05:00:00+00:00,tt_kuningan,17.0,20.8746
3,2026-08-19 05:00:00+00:00,tt_sudirman,27.0,28.185959
3,2026-08-19 05:00:00+00:00,tt_tangerang,40.0,39.983173
3,2026-08-19 05:00:00+00:00,tt_tbsimatupang,43.0,39.67659
3,2026-08-19 05:00:00+00:00,tt_thamrin,17.0,20.116209
3,2026-08-19 06:00:00+00:00,tt_bekasi,18.0,16.215893
3,2026-08-19 06:00:00+00:00,tt_bogor,35.0,37.70308
3,2026-08-19 06:00:00+00:00,tt_bsd,34.0,32.823643
3,2026-08-19 06:00:00+00:00,tt_cawang,19.0,30.204613
3,2026-08-19 06:00:00+00:00,tt_depok,27.0,29.730478
3,2026-08-19 06:00:00+00:00,tt_gatsu,30.0,46.32998
3,2026-08-19 06:00:00+00:00,tt_grogol,27.0,32.246307
3,2026-08-19 06:00:00+00:00,tt_kebonjeruk,21.0,25.259743
3,2026-08-19 06:00:00+00:00,tt_kelapagading,21.0,28.00724
3,2026-08-19 06:00:00+00:00,tt_kuningan,21.0,19.038145
3,2026-08-19 06:00:00+00:00,tt_sudirman,18.0,29.022696
3,2026-08-19 06:00:00+00:00,tt_tangerang,38.0,40.98332
3,2026-08-19 06:00:00+00:00,tt_tbsimatupang,48.0,48.366623
3,2026-08-19 06:00:00+00:00,tt_thamrin,13.0,19.519775
3,2026-08-19 08:00:00+00:00,tt_bekasi,15.0,16.156418
3,2026-08-19 08:00:00+00:00,tt_bogor,34.0,34.8395
3,2026-08-19 08:00:00+00:00,tt_bsd,28.0,32.77577
3,2026-08-19 08:00:00+00:00,tt_cawang,32.0,28.42188
3,2026-08-19 08:00:00+00:00,tt_depok,25.0,30.519083
3,2026-08-19 08:00:00+00:00,tt_gatsu,26.0,45.383877
3,2026-08-19 08:00:00+00:00,tt_grogol,27.0,32.008575
3,2026-08-19 08:00:00+00:00,tt_kebonjeruk,18.0,24.978973
3,2026-08-19 08:00:00+00:00,tt_kelapagading,22.0,25.02369
3,2026-08-19 08:00:00+00:00,tt_kuningan,21.0,19.06617
3,2026-08-19 08:00:00+00:00,tt_sudirman,22.0,31.027622
3,2026-08-19 08:00:00+00:00,tt_tangerang,48.0,40.63622
3,2026-08-19 08:00:00+00:00,tt_tbsimatupang,32.0,50.91882
3,2026-08-19 08:00:00+00:00,tt_thamrin,8.0,17.878992
3,2026-08-19 10:00:00+00:00,tt_bekasi,13.0,17.851204
3,2026-08-19 10:00:00+00:00,tt_bogor,30.0,34.76996
3,2026-08-19 10:00:00+00:00,tt_bsd,34.0,32.567535
3,2026-08-19 10:00:00+00:00,tt_cawang,43.0,27.539389
3,2026-08-19 10:00:00+00:00,tt_depok,23.0,27.894447
3,2026-08-19 10:00:00+00:00,tt_gatsu,23.0,38.20262
3,2026-08-19 10:00:00+00:00,tt_grogol,30.0,29.838484
3,2026-08-19 10:00:00+00:00,tt_kebonjeruk,19.0,23.169102
3,2026-08-19 10:00:00+00:00,tt_kelapagading,22.0,23.84852
3,2026-08-19 10:00:00+00:00,tt_kuningan,15.999999,21.663696
3,2026-08-19 10:00:00+00:00,tt_sudirman,19.0,26.951239
3,2026-08-19 10:00:00+00:00,tt_tangerang,28.0,38.50103
3,2026-08-19 10:00:00+00:00,tt_tbsimatupang,34.0,51.354706
3,2026-08-19 10:00:00+00:00,tt_thamrin,17.0,15.421747
3,2026-08-19 11:00:00+00:00,tt_bekasi,18.0,17.091574
3,2026-08-19 11:00:00+00:00,tt_bogor,33.0,33.76116
3,2026-08-19 11:00:00+00:00,tt_bsd,27.0,30.315382
3,2026-08-19 11:00:00+00:00,tt_cawang,43.0,33.462227
3,2026-08-19 11:00:00+00:00,tt_depok,25.0,26.806246
3,2026-08-19 11:00:00+00:00,tt_gatsu,35.0,36.442223
3,2026-08-19 11:00:00+00:00,tt_grogol,32.0,29.915815
3,2026-08-19 11:00:00+00:00,tt_kebonjeruk,21.0,21.817268
3,2026-08-19 11:00:00+00:00,tt_kelapagading,20.0,24.33306
3,2026-08-19 11:00:00+00:00,tt_kuningan,15.999999,22.14708
3,2026-08-19 11:00:00+00:00,tt_sudirman,15.999999,28.30987
3,2026-08-19 11:00:00+00:00,tt_tangerang,26.0,43.557053
3,2026-08-19 11:00:00+00:00,tt_tbsimatupang,44.0,42.220306
3,2026-08-19 11:00:00+00:00,tt_thamrin,10.0,13.688002
3,2026-08-19 13:00:00+00:00,tt_bekasi,18.0,16.65699
3,2026-08-19 13:00:00+00:00,tt_bogor,45.0,30.790577
3,2026-08-19 13:00:00+00:00,tt_bsd,34.0,33.171715
3,2026-08-19 13:00:00+00:00,tt_cawang,43.0,37.047245
3,2026-08-19 13:00:00+00:00,tt_depok,25.0,25.955467
3,2026-08-19 13:00:00+00:00,tt_gatsu,45.0,33.96881
3,2026-08-19 13:00:00+00:00,tt_grogol,31.0,31.819565
3,2026-08-19 13:00:00+00:00,tt_kebonjeruk,27.0,21.5669
3,2026-08-19 13:00:00+00:00,tt_kelapagading,23.0,25.14212
3,2026-08-19 13:00:00+00:00,tt_kuningan,13.0,20.577484
3,2026-08-19 13:00:00+00:00,tt_sudirman,30.0,26.242275
3,2026-08-19 13:00:00+00:00,tt_tangerang,48.0,34.950195
3,2026-08-19 13:00:00+00:00,tt_tbsimatupang,72.0,40.63518
3,2026-08-19 13:00:00+00:00,tt_thamrin,20.0,16.886162
3,2026-08-19 15:00:00+00:00,tt_bekasi,15.999999,20.10603
3,2026-08-19 15:00:00+00:00,tt_bogor,38.0,31.89377
3,2026-08-19 15:00:00+00:00,tt_bsd,34.0,29.811575
3,2026-08-19 15:00:00+00:00,tt_cawang,32.0,36.821846
3,2026-08-19 15:00:00+00:00,tt_depok,31.0,27.078796
3,2026-08-19 15:00:00+00:00,tt_gatsu,45.0,37.787853
3,2026-08-19 15:00:00+00:00,tt_grogol,40.0,32.60663
3,2026-08-19 15:00:00+00:00,tt_kebonjeruk,31.0,22.06977
3,2026-08-19 15:00:00+00:00,tt_kelapagading,29.0,23.769144
3,2026-08-19 15:00:00+00:00,tt_kuningan,21.0,20.689766
3,2026-08-19 15:00:00+00:00,tt_sudirman,29.0,22.50341
3,2026-08-19 15:00:00+00:00,tt_tangerang,48.0,33.19643
3,2026-08-19 15:00:00+00:00,tt_tbsimatupang,72.0,43.148407
3,2026-08-19 15:00:00+00:00,tt_thamrin,21.0,14.437923
3,2026-08-19 16:00:00+00:00,tt_bekasi,18.0,20.681633
3,2026-08-19 16:00:00+00:00,tt_bogor,45.0,38.2632
3,2026-08-19 16:00:00+00:00,tt_bsd,34.0,33.611973
3,2026-08-19 16:00:00+00:00,tt_cawang,43.0,37.78626
3,2026-08-19 16:00:00+00:00,tt_depok,31.0,27.411102
3,2026-08-19 16:00:00+00:00,tt_gatsu,45.0,42.00209
3,2026-08-19 16:00:00+00:00,tt_grogol,40.0,32.302147
3,2026-08-19 16:00:00+00:00,tt_kebonjeruk,35.0,25.845802
3,2026-08-19 16:00:00+00:00,tt_kelapagading,29.0,25.122108
3,2026-08-19 16:00:00+00:00,tt_kuningan,21.0,19.828238
3,2026-08-19 16:00:00+00:00,tt_sudirman,39.0,30.61497
3,2026-08-19 16:00:00+00:00,tt_tangerang,48.0,45.68804
3,2026-08-19 16:00:00+00:00,tt_tbsimatupang,72.0,58.854713
3,2026-08-19 16:00:00+00:00,tt_thamrin,22.0,18.909319
3,2026-08-19 18:00:00+00:00,tt_bekasi,18.0,19.77804
3,2026-08-19 18:00:00+00:00,tt_bogor,45.0,37.556595
3,2026-08-19 18:00:00+00:00,tt_bsd,34.0,33.88634
3,2026-08-19 18:00:00+00:00,tt_cawang,43.0,34.69289
3,2026-08-19 18:00:00+00:00,tt_depok,31.0,31.187304
3,2026-08-19 18:00:00+00:00,tt_gatsu,45.0,41.104115
3,2026-08-19 18:00:00+00:00,tt_grogol,40.0,35.112576
3,2026-08-19 18:00:00+00:00,tt_kebonjeruk,35.0,30.172543
3,2026-08-19 18:00:00+00:00,tt_kelapagading,29.0,28.631609
3,2026-08-19 18:00:00+00:00,tt_kuningan,21.0,23.292816
3,2026-08-19 18:00:00+00:00,tt_sudirman,39.0,31.883724
3,2026-08-19 18:00:00+00:00,tt_tangerang,44.0,46.914963
3,2026-08-19 18:00:00+00:00,tt_tbsimatupang,72.0,59.724648
3,2026-08-19 18:00:00+00:00,tt_thamrin,22.0,21.31253
3,2026-08-19 20:00:00+00:00,tt_bekasi,18.0,20.505829
3,2026-08-19 20:00:00+00:00,tt_bogor,45.0,41.334347
3,2026-08-19 20:00:00+00:00,tt_bsd,34.0,34.132214
3,2026-08-19 20:00:00+00:00,tt_cawang,43.0,38.800507
3,2026-08-19 20:00:00+00:00,tt_depok,31.0,31.731014
3,2026-08-19 20:00:00+00:00,tt_gatsu,45.0,40.709255
3,2026-08-19 20:00:00+00:00,tt_grogol,40.0,36.899887
3,2026-08-19 20:00:00+00:00,tt_kebonjeruk,35.0,33.5283
3,2026-08-19 20:00:00+00:00,tt_kelapagading,29.0,29.847282
3,2026-08-19 20:00:00+00:00,tt_kuningan,21.0,23.728367
3,2026-08-19 20:00:00+00:00,tt_sudirman,39.0,36.880795
3,2026-08-19 20:00:00+00:00,tt_tangerang,48.0,46.243896
3,2026-08-19 20:00:00+00:00,tt_tbsimatupang,72.0,59.06952
3,2026-08-19 20:00:00+00:00,tt_thamrin,22.0,23.316261
3,2026-08-19 21:00:00+00:00,tt_bekasi,18.0,20.341375
3,2026-08-19 21:00:00+00:00,tt_bogor,45.0,41.566746
3,2026-08-19 21:00:00+00:00,tt_bsd,34.0,34.000546
3,2026-08-19 21:00:00+00:00,tt_cawang,43.0,38.758175
3,2026-08-19 21:00:00+00:00,tt_depok,31.0,31.432655
3,2026-08-19 21:00:00+00:00,tt_gatsu,45.0,40.82864
3,2026-08-19 21:00:00+00:00,tt_grogol,40.0,36.86348
3,2026-08-19 21:00:00+00:00,tt_kebonjeruk,35.0,33.475174
3,2026-08-19 21:00:00+00:00,tt_kelapagading,29.0,29.584229
3,2026-08-19 21:00:00+00:00,tt_kuningan,21.0,23.412853
3,2026-08-19 21:00:00+00:00,tt_sudirman,39.0,36.57341
3,2026-08-19 21:00:00+00:00,tt_tangerang,48.0,44.005493
3,2026-08-19 21:00:00+00:00,tt_tbsimatupang,72.0,58.633648
3,2026-08-19 21:00:00+00:00,tt_thamrin,22.0,23.359325
3,2026-08-19 23:00:00+00:00,tt_bekasi,17.0,20.078241
3,2026-08-19 23:00:00+00:00,tt_bogor,35.0,41.943626
3,2026-08-19 23:00:00+00:00,tt_bsd,34.0,33.825138
3,2026-08-19 23:00:00+00:00,tt_cawang,26.0,38.441814
3,2026-08-19 23:00:00+00:00,tt_depok,31.0,31.040554
3,2026-08-19 23:00:00+00:00,tt_gatsu,45.0,41.25666
3,2026-08-19 23:00:00+00:00,tt_grogol,35.0,36.83914
3,2026-08-19 23:00:00+00:00,tt_kebonjeruk,30.0,33.25659
3,2026-08-19 23:00:00+00:00,tt_kelapagading,29.0,29.13137
3,2026-08-19 23:00:00+00:00,tt_kuningan,21.0,22.960121
3,2026-08-19 23:00:00+00:00,tt_sudirman,39.0,36.050705
3,2026-08-19 23:00:00+00:00,tt_tangerang,48.0,45.743282
3,2026-08-19 23:00:00+00:00,tt_tbsimatupang,72.0,58.158295
3,2026-08-19 23:00:00+00:00,tt_thamrin,20.0,23.042156
3,2026-08-20 01:00:00+00:00,tt_bekasi,18.0,18.951748
3,2026-08-20 01:00:00+00:00,tt_bogor,35.0,42.29508
3,2026-08-20 01:00:00+00:00,tt_bsd,29.0,33.773582
3,2026-08-20 01:00:00+00:00,tt_cawang,14.0,38.391468
3,2026-08-20 01:00:00+00:00,tt_depok,31.0,30.789185
3,2026-08-20 01:00:00+00:00,tt_gatsu,37.0,41.392715
3,2026-08-20 01:00:00+00:00,tt_grogol,30.0,36.92626
3,2026-08-20 01:00:00+00:00,tt_kebonjeruk,26.0,33.04656
3,2026-08-20 01:00:00+00:00,tt_kelapagading,29.0,28.963335
3,2026-08-20 01:00:00+00:00,tt_kuningan,21.0,22.912361
3,2026-08-20 01:00:00+00:00,tt_sudirman,27.0,35.883415
3,2026-08-20 01:00:00+00:00,tt_tangerang,36.0,45.50325
3,2026-08-20 01:00:00+00:00,tt_tbsimatupang,18.0,57.994213
3,2026-08-20 01:00:00+00:00,tt_thamrin,18.0,22.625338
3,2026-08-20 02:00:00+00:00,tt_bekasi,18.0,18.08611
3,2026-08-20 02:00:00+00:00,tt_bogor,40.0,37.687332
3,2026-08-20 02:00:00+00:00,tt_bsd,34.0,32.631622
3,2026-08-20 02:00:00+00:00,tt_cawang,18.0,32.399723
3,2026-08-20 02:00:00+00:00,tt_depok,31.0,30.56628
3,2026-08-20 02:00:00+00:00,tt_gatsu,45.0,41.184254
3,2026-08-20 02:00:00+00:00,tt_grogol,30.0,34.314922
3,2026-08-20 02:00:00+00:00,tt_kebonjeruk,26.0,30.541698
3,2026-08-20 02:00:00+00:00,tt_kelapagading,25.0,28.315193
3,2026-08-20 02:00:00+00:00,tt_kuningan,21.0,22.76609
3,2026-08-20 02:00:00+00:00,tt_sudirman,25.0,35.554028
3,2026-08-20 02:00:00+00:00,tt_tangerang,48.0,45.50025
3,2026-08-20 02:00:00+00:00,tt_tbsimatupang,21.0,57.942757
3,2026-08-20 02:00:00+00:00,tt_thamrin,18.0,20.795567
3,2026-08-20 04:00:00+00:00,tt_bekasi,15.0,17.365326
3,2026-08-20 04:00:00+00:00,tt_bogor,35.0,36.71187
3,2026-08-20 04:00:00+00:00,tt_bsd,34.0,29.433739
3,2026-08-20 04:00:00+00:00,tt_cawang,20.0,27.02584
3,2026-08-20 04:00:00+00:00,tt_depok,27.0,30.321945
3,2026-08-20 04:00:00+00:00,tt_gatsu,45.0,37.44308
3,2026-08-20 04:00:00+00:00,tt_grogol,25.0,31.31482
3,2026-08-20 04:00:00+00:00,tt_kebonjeruk,25.0,27.404064
3,2026-08-20 04:00:00+00:00,tt_kelapagading,22.0,27.733784
3,2026-08-20 04:00:00+00:00,tt_kuningan,21.0,21.922112
3,2026-08-20 04:00:00+00:00,tt_sudirman,26.0,30.733025
3,2026-08-20 04:00:00+00:00,tt_tangerang,48.0,39.144928
3,2026-08-20 04:00:00+00:00,tt_tbsimatupang,45.0,37.479042
3,2026-08-20 04:00:00+00:00,tt_thamrin,13.0,18.026875
3,2026-08-20 06:00:00+00:00,tt_bekasi,15.0,17.299026
3,2026-08-20 06:00:00+00:00,tt_bogor,39.0,39.426136
3,2026-08-20 06:00:00+00:00,tt_bsd,34.0,32.324207
3,2026-08-20 06:00:00+00:00,tt_cawang,28.0,27.721777
3,2026-08-20 06:00:00+00:00,tt_depok,29.0,30.257442
3,2026-08-20 06:00:00+00:00,tt_gatsu,28.0,41.290092
3,2026-08-20 06:00:00+00:00,tt_grogol,29.0,31.070461
3,2026-08-20 06:00:00+00:00,tt_kebonjeruk,25.0,26.703785
3,2026-08-20 06:00:00+00:00,tt_kelapagading,20.0,25.423313
3,2026-08-20 06:00:00+00:00,tt_kuningan,15.999999,21.008442
3,2026-08-20 06:00:00+00:00,tt_sudirman,21.0,28.72366
3,2026-08-20 06:00:00+00:00,tt_tangerang,38.0,45.90469
3,2026-08-20 06:00:00+00:00,tt_tbsimatupang,27.0,43.01008
3,2026-08-20 06:00:00+00:00,tt_thamrin,12.0,17.307308
3,2026-08-20 07:00:00+00:00,tt_bekasi,15.999999,16.188713
3,2026-08-20 07:00:00+00:00,tt_bogor,36.0,36.88847
3,2026-08-20 07:00:00+00:00,tt_bsd,34.0,32.362587
3,2026-08-20 07:00:00+00:00,tt_cawang,21.0,27.939268
3,2026-08-20 07:00:00+00:00,tt_depok,26.0,28.131962
3,2026-08-20 07:00:00+00:00,tt_gatsu,20.0,41.03887
3,2026-08-20 07:00:00+00:00,tt_grogol,29.0,28.869184
3,2026-08-20 07:00:00+00:00,tt_kebonjeruk,22.0,26.011726
3,2026-08-20 07:00:00+00:00,tt_kelapagading,20.0,23.858408
3,2026-08-20 07:00:00+00:00,tt_kuningan,21.0,21.18974
3,2026-08-20 07:00:00+00:00,tt_sudirman,20.0,29.230091
3,2026-08-20 07:00:00+00:00,tt_tangerang,37.0,45.632145
3,2026-08-20 07:00:00+00:00,tt_tbsimatupang,49.0,55.930607
3,2026-08-20 07:00:00+00:00,tt_thamrin,12.0,15.254658
3,2026-08-20 09:00:00+00:00,tt_bekasi,14.0,15.562746
3,2026-08-20 09:00:00+00:00,tt_bogor,34.0,37.0657
3,2026-08-20 09:00:00+00:00,tt_bsd,28.0,32.563087
3,2026-08-20 09:00:00+00:00,tt_cawang,30.0,31.19486
3,2026-08-20 09:00:00+00:00,tt_depok,26.0,28.747871
3,2026-08-20 09:00:00+00:00,tt_gatsu,32.0,34.26633
3,2026-08-20 09:00:00+00:00,tt_grogol,31.0,30.492643
3,2026-08-20 09:00:00+00:00,tt_kebonjeruk,21.0,26.394566
3,2026-08-20 09:00:00+00:00,tt_kelapagading,21.0,22.861725
3,2026-08-20 09:00:00+00:00,tt_kuningan,13.0,19.422932
3,2026-08-20 09:00:00+00:00,tt_sudirman,23.0,27.171133
3,2026-08-20 09:00:00+00:00,tt_tangerang,34.0,39.902264
3,2026-08-20 09:00:00+00:00,tt_tbsimatupang,47.0,43.705093
3,2026-08-20 09:00:00+00:00,tt_thamrin,18.0,14.001217
3,2026-08-20 11:00:00+00:00,tt_bekasi,18.0,16.429035
3,2026-08-20 11:00:00+00:00,tt_bogor,35.0,34.915524
3,2026-08-20 11:00:00+00:00,tt_bsd,34.0,32.383095
3,2026-08-20 11:00:00+00:00,tt_cawang,33.0,26.299713
3,2026-08-20 11:00:00+00:00,tt_depok,26.0,27.310587
3,2026-08-20 11:00:00+00:00,tt_gatsu,7.0,30.61848
3,2026-08-20 11:00:00+00:00,tt_grogol,29.0,30.582006
3,2026-08-20 11:00:00+00:00,tt_kebonjeruk,18.0,24.742811
3,2026-08-20 11:00:00+00:00,tt_kelapagading,21.0,22.406536
3,2026-08-20 11:00:00+00:00,tt_kuningan,15.999999,22.081272
3,2026-08-20 11:00:00+00:00,tt_sudirman,12.0,26.251608
3,2026-08-20 11:00:00+00:00,tt_tangerang,35.0,38.86432
3,2026-08-20 11:00:00+00:00,tt_tbsimatupang,24.0,53.566185
3,2026-08-20 11:00:00+00:00,tt_thamrin,10.0,13.385458
3,2026-08-20 12:00:00+00:00,tt_bekasi,14.0,16.029743
3,2026-08-20 12:00:00+00:00,tt_bogor,37.0,33.730232
3,2026-08-20 12:00:00+00:00,tt_bsd,34.0,30.489841
3,2026-08-20 12:00:00+00:00,tt_cawang,43.0,29.444468
3,2026-08-20 12:00:00+00:00,tt_depok,24.0,27.441847
3,2026-08-20 12:00:00+00:00,tt_gatsu,10.0,36.711884
3,2026-08-20 12:00:00+00:00,tt_grogol,32.0,31.687708
3,2026-08-20 12:00:00+00:00,tt_kebonjeruk,23.0,24.41979
3,2026-08-20 12:00:00+00:00,tt_kelapagading,21.0,23.147217
3,2026-08-20 12:00:00+00:00,tt_kuningan,13.0,19.423101
3,2026-08-20 12:00:00+00:00,tt_sudirman,22.0,27.205803
3,2026-08-20 12:00:00+00:00,tt_tangerang,48.0,37.319046
3,2026-08-20 12:00:00+00:00,tt_tbsimatupang,40.0,50.831467
3,2026-08-20 12:00:00+00:00,tt_thamrin,9.0,16.055283
3,2026-08-20 14:00:00+00:00,tt_bekasi,18.0,17.798445
3,2026-08-20 14:00:00+00:00,tt_bogor,38.0,32.907635
3,2026-08-20 14:00:00+00:00,tt_bsd,27.0,32.293163
3,2026-08-20 14:00:00+00:00,tt_cawang,32.0,31.276472
3,2026-08-20 14:00:00+00:00,tt_depok,31.0,27.441895
3,2026-08-20 14:00:00+00:00,tt_gatsu,45.0,29.633535
3,2026-08-20 14:00:00+00:00,tt_grogol,40.0,30.66657
3,2026-08-20 14:00:00+00:00,tt_kebonjeruk,28.0,22.348606
3,2026-08-20 14:00:00+00:00,tt_kelapagading,29.0,22.904812
3,2026-08-20 14:00:00+00:00,tt_kuningan,15.999999,19.938688
3,2026-08-20 14:00:00+00:00,tt_sudirman,39.0,22.880098
3,2026-08-20 14:00:00+00:00,tt_tangerang,48.0,35.9699
3,2026-08-20 14:00:00+00:00,tt_tbsimatupang,59.0,38.893105
3,2026-08-20 14:00:00+00:00,tt_thamrin,13.0,14.875435
3,2026-08-20 16:00:00+00:00,tt_bekasi,15.0,17.318752
3,2026-08-20 16:00:00+00:00,tt_bogor,45.0,34.155098
3,2026-08-20 16:00:00+00:00,tt_bsd,34.0,33.348698
3,2026-08-20 16:00:00+00:00,tt_cawang,43.0,36.834263
3,2026-08-20 16:00:00+00:00,tt_depok,31.0,26.333668
3,2026-08-20 16:00:00+00:00,tt_gatsu,45.0,28.411646
3,2026-08-20 16:00:00+00:00,tt_grogol,40.0,32.542503
3,2026-08-20 16:00:00+00:00,tt_kebonjeruk,35.0,24.663366
3,2026-08-20 16:00:00+00:00,tt_kelapagading,29.0,22.752876
3,2026-08-20 16:00:00+00:00,tt_kuningan,21.0,18.96067
3,2026-08-20 16:00:00+00:00,tt_sudirman,39.0,25.820675
3,2026-08-20 16:00:00+00:00,tt_tangerang,48.0,44.241314
3,2026-08-20 16:00:00+00:00,tt_tbsimatupang,72.0,44.289593
3,2026-08-20 16:00:00+00:00,tt_thamrin,22.0,13.95978
3,2026-08-20 17:00:00+00:00,tt_bekasi,18.0,20.297852
3,2026-08-20 17:00:00+00:00,tt_bogor,45.0,35.33398
3,2026-08-20 17:00:00+00:00,tt_bsd,34.0,30.5943
3,2026-08-20 17:00:00+00:00,tt_cawang,43.0,33.89669
3,2026-08-20 17:00:00+00:00,tt_depok,31.0,31.057827
3,2026-08-20 17:00:00+00:00,tt_gatsu,45.0,45.301285
3,2026-08-20 17:00:00+00:00,tt_grogol,40.0,35.299446
3,2026-08-20 17:00:00+00:00,tt_kebonjeruk,35.0,28.131924
3,2026-08-20 17:00:00+00:00,tt_kelapagading,29.0,27.912882
3,2026-08-20 17:00:00+00:00,tt_kuningan,21.0,20.474571
3,2026-08-20 17:00:00+00:00,tt_sudirman,39.0,36.084248
3,2026-08-20 17:00:00+00:00,tt_tangerang,48.0,44.769543
3,2026-08-20 17:00:00+00:00,tt_tbsimatupang,72.0,54.337822
3,2026-08-20 17:00:00+00:00,tt_thamrin,22.0,15.286837
3,2026-08-20 19:00:00+00:00,tt_bekasi,18.0,19.88243
3,2026-08-20 19:00:00+00:00,tt_bogor,45.0,39.57672
3,2026-08-20 19:00:00+00:00,tt_bsd,34.0,33.62991
3,2026-08-20 19:00:00+00:00,tt_cawang,43.0,37.44628
3,2026-08-20 19:00:00+00:00,tt_depok,31.0,32.15146
3,2026-08-20 19:00:00+00:00,tt_gatsu,45.0,45.249638
3,2026-08-20 19:00:00+00:00,tt_grogol,40.0,37.026512
3,2026-08-20 19:00:00+00:00,tt_kebonjeruk,35.0,32.804306
3,2026-08-20 19:00:00+00:00,tt_kelapagading,29.0,30.130978
3,2026-08-20 19:00:00+00:00,tt_kuningan,21.0,22.776684
3,2026-08-20 19:00:00+00:00,tt_sudirman,39.0,37.428936
3,2026-08-20 19:00:00+00:00,tt_tangerang,48.0,44.440006
3,2026-08-20 19:00:00+00:00,tt_tbsimatupang,72.0,60.484505
3,2026-08-20 19:00:00+00:00,tt_thamrin,22.0,21.10284
3,2026-08-20 21:00:00+00:00,tt_bekasi,18.0,20.771664
3,2026-08-20 21:00:00+00:00,tt_bogor,45.0,41.075
3,2026-08-20 21:00:00+00:00,tt_bsd,34.0,34.639523
3,2026-08-20 21:00:00+00:00,tt_cawang,43.0,38.657963
3,2026-08-20 21:00:00+00:00,tt_depok,31.0,31.553513
3,2026-08-20 21:00:00+00:00,tt_gatsu,45.0,43.426258
3,2026-08-20 21:00:00+00:00,tt_grogol,40.0,37.03988
3,2026-08-20 21:00:00+00:00,tt_kebonjeruk,35.0,33.575817
3,2026-08-20 21:00:00+00:00,tt_kelapagading,29.0,29.883938
3,2026-08-20 21:00:00+00:00,tt_kuningan,21.0,22.92271
3,2026-08-20 21:00:00+00:00,tt_sudirman,39.0,36.78378
3,2026-08-20 21:00:00+00:00,tt_tangerang,48.0,44.64383
3,2026-08-20 21:00:00+00:00,tt_tbsimatupang,72.0,59.715984
3,2026-08-20 21:00:00+00:00,tt_thamrin,22.0,23.104733
3,2026-08-20 22:00:00+00:00,tt_bekasi,18.0,20.571918
3,2026-08-20 22:00:00+00:00,tt_bogor,45.0,41.278114
3,2026-08-20 22:00:00+00:00,tt_bsd,34.0,34.386826
3,2026-08-20 22:00:00+00:00,tt_cawang,43.0,38.523678
3,2026-08-20 22:00:00+00:00,tt_depok,31.0,31.307896
3,2026-08-20 22:00:00+00:00,tt_gatsu,45.0,43.22512
3,2026-08-20 22:00:00+00:00,tt_grogol,40.0,36.989044
3,2026-08-20 22:00:00+00:00,tt_kebonjeruk,35.0,33.385345
3,2026-08-20 22:00:00+00:00,tt_kelapagading,29.0,29.636578
3,2026-08-20 22:00:00+00:00,tt_kuningan,21.0,22.886429
3,2026-08-20 22:00:00+00:00,tt_sudirman,39.0,36.533165
3,2026-08-20 22:00:00+00:00,tt_tangerang,48.0,44.856224
3,2026-08-20 22:00:00+00:00,tt_tbsimatupang,72.0,59.32482
3,2026-08-20 22:00:00+00:00,tt_thamrin,22.0,22.921156
3,2026-08-21 00:00:00+00:00,tt_bekasi,18.0,20.067122
3,2026-08-21 00:00:00+00:00,tt_bogor,35.0,41.766903
3,2026-08-21 00:00:00+00:00,tt_bsd,29.0,34.066605
3,2026-08-21 00:00:00+00:00,tt_cawang,18.0,38.374527
3,2026-08-21 00:00:00+00:00,tt_depok,25.0,30.998735
3,2026-08-21 00:00:00+00:00,tt_gatsu,45.0,42.895473
3,2026-08-21 00:00:00+00:00,tt_grogol,34.0,36.9975
3,2026-08-21 00:00:00+00:00,tt_kebonjeruk,25.0,33.1855
3,2026-08-21 00:00:00+00:00,tt_kelapagading,26.0,29.312521
3,2026-08-21 00:00:00+00:00,tt_kuningan,21.0,22.954649
3,2026-08-21 00:00:00+00:00,tt_sudirman,31.0,36.201965
3,2026-08-21 00:00:00+00:00,tt_tangerang,37.0,45.221867
3,2026-08-21 00:00:00+00:00,tt_tbsimatupang,32.0,58.535637
3,2026-08-21 00:00:00+00:00,tt_thamrin,22.0,22.526075
3,2026-08-21 02:00:00+00:00,tt_bekasi,17.0,19.369122
3,2026-08-21 02:00:00+00:00,tt_bogor,37.0,42.19597
3,2026-08-21 02:00:00+00:00,tt_bsd,28.0,33.901703
3,2026-08-21 02:00:00+00:00,tt_cawang,19.0,38.410507
3,2026-08-21 02:00:00+00:00,tt_depok,26.0,30.802649
3,2026-08-21 02:00:00+00:00,tt_gatsu,45.0,42.572857
3,2026-08-21 02:00:00+00:00,tt_grogol,31.0,37.039906
3,2026-08-21 02:00:00+00:00,tt_kebonjeruk,26.0,32.973877
3,2026-08-21 02:00:00+00:00,tt_kelapagading,29.0,29.042316
3,2026-08-21 02:00:00+00:00,tt_kuningan,21.0,22.669283
3,2026-08-21 02:00:00+00:00,tt_sudirman,23.0,35.65031
3,2026-08-21 02:00:00+00:00,tt_tangerang,37.0,45.53182
3,2026-08-21 02:00:00+00:00,tt_tbsimatupang,37.0,57.998493
3,2026-08-21 02:00:00+00:00,tt_thamrin,22.0,22.67492
3,2026-08-21 03:00:00+00:00,tt_bekasi,15.0,18.52912
3,2026-08-21 03:00:00+00:00,tt_bogor,38.0,37.501423
3,2026-08-21 03:00:00+00:00,tt_bsd,34.0,30.528114
3,2026-08-21 03:00:00+00:00,tt_cawang,21.0,30.63135
3,2026-08-21 03:00:00+00:00,tt_depok,31.0,27.451889
3,2026-08-21 03:00:00+00:00,tt_gatsu,45.0,41.442142
3,2026-08-21 03:00:00+00:00,tt_grogol,27.0,33.92427
3,2026-08-21 03:00:00+00:00,tt_kebonjeruk,24.0,28.324013
3,2026-08-21 03:00:00+00:00,tt_kelapagading,23.0,26.579113
3,2026-08-21 03:00:00+00:00,tt_kuningan,15.999999,22.125925
3,2026-08-21 03:00:00+00:00,tt_sudirman,28.0,32.581905
3,2026-08-21 03:00:00+00:00,tt_tangerang,48.0,39.81482
3,2026-08-21 03:00:00+00:00,tt_tbsimatupang,48.0,38.28044
3,2026-08-21 03:00:00+00:00,tt_thamrin,15.999999,21.551184
3,2026-08-21 05:00:00+00:00,tt_bekasi,15.999999,17.003763
3,2026-08-21 05:00:00+00:00,tt_bogor,45.0,37.758602
3,2026-08-21 05:00:00+00:00,tt_bsd,34.0,28.921318
3,2026-08-21 05:00:00+00:00,tt_cawang,43.0,29.683374
3,2026-08-21 05:00:00+00:00,tt_depok,31.0,26.657497
3,2026-08-21 05:00:00+00:00,tt_gatsu,45.0,40.68227
3,2026-08-21 05:00:00+00:00,tt_grogol,32.0,32.21994
3,2026-08-21 05:00:00+00:00,tt_kebonjeruk,27.0,27.006721
3,2026-08-21 05:00:00+00:00,tt_kelapagading,23.0,27.330393
3,2026-08-21 05:00:00+00:00,tt_kuningan,21.0,21.274693
3,2026-08-21 05:00:00+00:00,tt_sudirman,34.0,28.250793
3,2026-08-21 05:00:00+00:00,tt_tangerang,48.0,39.503662
3,2026-08-21 05:00:00+00:00,tt_tbsimatupang,72.0,45.004772
3,2026-08-21 05:00:00+00:00,tt_thamrin,21.0,21.051235
3,2026-08-21 07:00:00+00:00,tt_bekasi,14.0,15.7694435
3,2026-08-21 07:00:00+00:00,tt_bogor,35.0,38.229782
3,2026-08-21 07:00:00+00:00,tt_bsd,34.0,32.566387
3,2026-08-21 07:00:00+00:00,tt_cawang,28.0,30.25759
3,2026-08-21 07:00:00+00:00,tt_depok,25.0,30.638685
3,2026-08-21 07:00:00+00:00,tt_gatsu,36.0,41.110115
3,2026-08-21 07:00:00+00:00,tt_grogol,28.0,29.833271
3,2026-08-21 07:00:00+00:00,tt_kebonjeruk,21.0,25.697086
3,2026-08-21 07:00:00+00:00,tt_kelapagading,20.0,24.34486
3,2026-08-21 07:00:00+00:00,tt_kuningan,21.0,18.555653
3,2026-08-21 07:00:00+00:00,tt_sudirman,18.0,30.34981
3,2026-08-21 07:00:00+00:00,tt_tangerang,39.0,45.884216
3,2026-08-21 07:00:00+00:00,tt_tbsimatupang,52.0,50.14772
3,2026-08-21 07:00:00+00:00,tt_thamrin,18.0,17.297386
3,2026-08-21 08:00:00+00:00,tt_bekasi,15.999999,16.370073
3,2026-08-21 08:00:00+00:00,tt_bogor,34.0,41.483444
3,2026-08-21 08:00:00+00:00,tt_bsd,34.0,33.94419
3,2026-08-21 08:00:00+00:00,tt_cawang,31.0,40.24278
3,2026-08-21 08:00:00+00:00,tt_depok,25.0,30.991825
3,2026-08-21 08:00:00+00:00,tt_gatsu,35.0,41.381706
3,2026-08-21 08:00:00+00:00,tt_grogol,29.0,33.135735
3,2026-08-21 08:00:00+00:00,tt_kebonjeruk,24.0,27.861664
3,2026-08-21 08:00:00+00:00,tt_kelapagading,21.0,24.791496
3,2026-08-21 08:00:00+00:00,tt_kuningan,17.0,21.144657
3,2026-08-21 08:00:00+00:00,tt_sudirman,24.0,34.126312
3,2026-08-21 08:00:00+00:00,tt_tangerang,40.0,45.584335
3,2026-08-21 08:00:00+00:00,tt_tbsimatupang,38.0,62.018177
3,2026-08-21 08:00:00+00:00,tt_thamrin,10.0,19.92263
3,2026-08-21 10:00:00+00:00,tt_bekasi,15.0,15.339376
3,2026-08-21 10:00:00+00:00,tt_bogor,32.0,36.945004
3,2026-08-21 10:00:00+00:00,tt_bsd,34.0,32.902294
3,2026-08-21 10:00:00+00:00,tt_cawang,22.0,35.561714
3,2026-08-21 10:00:00+00:00,tt_depok,24.0,27.843117
3,2026-08-21 10:00:00+00:00,tt_gatsu,34.0,37.03593
3,2026-08-21 10:00:00+00:00,tt_grogol,32.0,30.871126
3,2026-08-21 10:00:00+00:00,tt_kebonjeruk,20.0,25.140102
3,2026-08-21 10:00:00+00:00,tt_kelapagading,19.0,22.713633
3,2026-08-21 10:00:00+00:00,tt_kuningan,13.0,21.491035
3,2026-08-21 10:00:00+00:00,tt_sudirman,22.0,28.767347
3,2026-08-21 10:00:00+00:00,tt_tangerang,29.0,40.328175
3,2026-08-21 10:00:00+00:00,tt_tbsimatupang,27.0,50.446815
3,2026-08-21 10:00:00+00:00,tt_thamrin,19.0,18.91303
6,2026-08-18 07:00:00+00:00,tt_bekasi,15.0,18.313786
6,2026-08-18 07:00:00+00:00,tt_bogor,34.0,38.649937
6,2026-08-18 07:00:00+00:00,tt_bsd,30.0,31.56173
6,2026-08-18 07:00:00+00:00,tt_cawang,43.0,30.707092
6,2026-08-18 07:00:00+00:00,tt_depok,31.0,27.969912
6,2026-08-18 07:00:00+00:00,tt_gatsu,45.0,39.768803
6,2026-08-18 07:00:00+00:00,tt_grogol,32.0,31.880114
6,2026-08-18 07:00:00+00:00,tt_kebonjeruk,25.0,28.50378
6,2026-08-18 07:00:00+00:00,tt_kelapagading,22.0,27.517094
6,2026-08-18 07:00:00+00:00,tt_kuningan,15.0,22.660017
6,2026-08-18 07:00:00+00:00,tt_sudirman,28.0,34.435814
6,2026-08-18 07:00:00+00:00,tt_tangerang,38.0,41.58507
6,2026-08-18 07:00:00+00:00,tt_tbsimatupang,57.0,47.525127
6,2026-08-18 07:00:00+00:00,tt_thamrin,22.0,20.790752
6,2026-08-18 09:00:00+00:00,tt_bekasi,14.0,17.688824
6,2026-08-18 09:00:00+00:00,tt_bogor,35.0,37.509293
6,2026-08-18 09:00:00+00:00,tt_bsd,28.0,32.1323
6,2026-08-18 09:00:00+00:00,tt_cawang,29.0,30.298502
6,2026-08-18 09:00:00+00:00,tt_depok,24.0,30.137701
6,2026-08-18 09:00:00+00:00,tt_gatsu,45.0,36.79467
6,2026-08-18 09:00:00+00:00,tt_grogol,32.0,32.191032
6,2026-08-18 09:00:00+00:00,tt_kebonjeruk,23.0,28.011051
6,2026-08-18 09:00:00+00:00,tt_kelapagading,23.0,28.197952
6,2026-08-18 09:00:00+00:00,tt_kuningan,21.0,22.175037
6,2026-08-18 09:00:00+00:00,tt_sudirman,31.0,30.620653
6,2026-08-18 09:00:00+00:00,tt_tangerang,38.0,43.91293
6,2026-08-18 09:00:00+00:00,tt_tbsimatupang,43.0,47.656616
6,2026-08-18 09:00:00+00:00,tt_thamrin,22.0,18.520119
6,2026-08-18 10:00:00+00:00,tt_bekasi,14.0,17.53233
6,2026-08-18 10:00:00+00:00,tt_bogor,35.0,36.287964
6,2026-08-18 10:00:00+00:00,tt_bsd,34.0,30.60314
6,2026-08-18 10:00:00+00:00,tt_cawang,30.0,29.797337
6,2026-08-18 10:00:00+00:00,tt_depok,25.0,30.345985
6,2026-08-18 10:00:00+00:00,tt_gatsu,3.999998,35.69304
6,2026-08-18 10:00:00+00:00,tt_grogol,31.0,32.367928
6,2026-08-18 10:00:00+00:00,tt_kebonjeruk,21.0,27.68851
6,2026-08-18 10:00:00+00:00,tt_kelapagading,21.0,28.59725
6,2026-08-18 10:00:00+00:00,tt_kuningan,14.0,21.128292
6,2026-08-18 10:00:00+00:00,tt_sudirman,23.0,30.595997
6,2026-08-18 10:00:00+00:00,tt_tangerang,34.0,42.058834
6,2026-08-18 10:00:00+00:00,tt_tbsimatupang,44.0,56.54977
6,2026-08-18 10:00:00+00:00,tt_thamrin,22.0,18.16156
6,2026-08-18 12:00:00+00:00,tt_bekasi,14.0,17.897873
6,2026-08-18 12:00:00+00:00,tt_bogor,35.0,36.371628
6,2026-08-18 12:00:00+00:00,tt_bsd,34.0,30.11071
6,2026-08-18 12:00:00+00:00,tt_cawang,34.0,31.36347
6,2026-08-18 12:00:00+00:00,tt_depok,26.0,28.17606
6,2026-08-18 12:00:00+00:00,tt_gatsu,45.0,38.740353
6,2026-08-18 12:00:00+00:00,tt_grogol,32.0,35.85732
6,2026-08-18 12:00:00+00:00,tt_kebonjeruk,25.0,26.139336
6,2026-08-18 12:00:00+00:00,tt_kelapagading,22.0,26.327442
6,2026-08-18 12:00:00+00:00,tt_kuningan,13.0,22.873568
6,2026-08-18 12:00:00+00:00,tt_sudirman,29.0,34.63625
6,2026-08-18 12:00:00+00:00,tt_tangerang,48.0,41.065468
6,2026-08-18 12:00:00+00:00,tt_tbsimatupang,72.0,56.960247
6,2026-08-18 12:00:00+00:00,tt_thamrin,17.0,18.961777
6,2026-08-18 14:00:00+00:00,tt_bekasi,15.999999,18.030666
6,2026-08-18 14:00:00+00:00,tt_bogor,45.0,34.303207
6,2026-08-18 14:00:00+00:00,tt_bsd,34.0,30.948004
6,2026-08-18 14:00:00+00:00,tt_cawang,32.0,36.194115
6,2026-08-18 14:00:00+00:00,tt_depok,26.0,31.070309
6,2026-08-18 14:00:00+00:00,tt_gatsu,45.0,38.8167
6,2026-08-18 14:00:00+00:00,tt_grogol,40.0,34.106476
6,2026-08-18 14:00:00+00:00,tt_kebonjeruk,31.0,26.909147
6,2026-08-18 14:00:00+00:00,tt_kelapagading,29.0,25.914429
6,2026-08-18 14:00:00+00:00,tt_kuningan,15.999999,21.50483
6,2026-08-18 14:00:00+00:00,tt_sudirman,30.0,33.150795
6,2026-08-18 14:00:00+00:00,tt_tangerang,48.0,39.366585
6,2026-08-18 14:00:00+00:00,tt_tbsimatupang,72.0,57.265007
6,2026-08-18 14:00:00+00:00,tt_thamrin,22.0,20.604965
6,2026-08-18 15:00:00+00:00,tt_bekasi,15.999999,17.971226
6,2026-08-18 15:00:00+00:00,tt_bogor,45.0,33.679638
6,2026-08-18 15:00:00+00:00,tt_bsd,34.0,29.639729
6,2026-08-18 15:00:00+00:00,tt_cawang,43.0,33.169224
6,2026-08-18 15:00:00+00:00,tt_depok,31.0,29.06298
6,2026-08-18 15:00:00+00:00,tt_gatsu,45.0,38.950794
6,2026-08-18 15:00:00+00:00,tt_grogol,40.0,33.07979
6,2026-08-18 15:00:00+00:00,tt_kebonjeruk,35.0,25.871006
6,2026-08-18 15:00:00+00:00,tt_kelapagading,29.0,25.761509
6,2026-08-18 15:00:00+00:00,tt_kuningan,21.0,23.268028
6,2026-08-18 15:00:00+00:00,tt_sudirman,39.0,34.23739
6,2026-08-18 15:00:00+00:00,tt_tangerang,48.0,38.629364
6,2026-08-18 15:00:00+00:00,tt_tbsimatupang,72.0,54.54326
6,2026-08-18 15:00:00+00:00,tt_thamrin,22.0,20.68857
6,2026-08-18 17:00:00+00:00,tt_bekasi,17.0,18.691185
6,2026-08-18 17:00:00+00:00,tt_bogor,45.0,32.108345
6,2026-08-18 17:00:00+00:00,tt_bsd,34.0,31.830706
6,2026-08-18 17:00:00+00:00,tt_cawang,43.0,32.198788
6,2026-08-18 17:00:00+00:00,tt_depok,31.0,28.532549
6,2026-08-18 17:00:00+00:00,tt_gatsu,45.0,37.151997
6,2026-08-18 17:00:00+00:00,tt_grogol,40.0,31.339043
6,2026-08-18 17:00:00+00:00,tt_kebonjeruk,35.0,23.948696
6,2026-08-18 17:00:00+00:00,tt_kelapagading,29.0,24.870378
6,2026-08-18 17:00:00+00:00,tt_kuningan,21.0,22.078419
6,2026-08-18 17:00:00+00:00,tt_sudirman,39.0,31.162199
6,2026-08-18 17:00:00+00:00,tt_tangerang,48.0,35.58769
6,2026-08-18 17:00:00+00:00,tt_tbsimatupang,72.0,47.361755
6,2026-08-18 17:00:00+00:00,tt_thamrin,22.0,21.762394
6,2026-08-18 19:00:00+00:00,tt_bekasi,17.0,19.450867
6,2026-08-18 19:00:00+00:00,tt_bogor,45.0,32.68162
6,2026-08-18 19:00:00+00:00,tt_bsd,34.0,32.25978
6,2026-08-18 19:00:00+00:00,tt_cawang,43.0,34.136948
6,2026-08-18 19:00:00+00:00,tt_depok,31.0,28.73455
6,2026-08-18 19:00:00+00:00,tt_gatsu,45.0,49.263702
6,2026-08-18 19:00:00+00:00,tt_grogol,40.0,32.11026
6,2026-08-18 19:00:00+00:00,tt_kebonjeruk,35.0,25.129475
6,2026-08-18 19:00:00+00:00,tt_kelapagading,29.0,24.087849
6,2026-08-18 19:00:00+00:00,tt_kuningan,21.0,21.849037
6,2026-08-18 19:00:00+00:00,tt_sudirman,39.0,33.834435
6,2026-08-18 19:00:00+00:00,tt_tangerang,48.0,41.3325
6,2026-08-18 19:00:00+00:00,tt_tbsimatupang,72.0,55.92833
6,2026-08-18 19:00:00+00:00,tt_thamrin,22.0,20.579622
6,2026-08-18 20:00:00+00:00,tt_bekasi,17.0,19.842285
6,2026-08-18 20:00:00+00:00,tt_bogor,45.0,35.10434
6,2026-08-18 20:00:00+00:00,tt_bsd,34.0,32.164658
6,2026-08-18 20:00:00+00:00,tt_cawang,43.0,33.861572
6,2026-08-18 20:00:00+00:00,tt_depok,31.0,28.771
6,2026-08-18 20:00:00+00:00,tt_gatsu,45.0,49.014484
6,2026-08-18 20:00:00+00:00,tt_grogol,40.0,33.990395
6,2026-08-18 20:00:00+00:00,tt_kebonjeruk,35.0,28.47089
6,2026-08-18 20:00:00+00:00,tt_kelapagading,29.0,27.10585
6,2026-08-18 20:00:00+00:00,tt_kuningan,21.0,22.28181
6,2026-08-18 20:00:00+00:00,tt_sudirman,39.0,34.54881
6,2026-08-18 20:00:00+00:00,tt_tangerang,48.0,41.80667
6,2026-08-18 20:00:00+00:00,tt_tbsimatupang,72.0,54.768593
6,2026-08-18 20:00:00+00:00,tt_thamrin,22.0,22.145645
6,2026-08-18 22:00:00+00:00,tt_bekasi,17.0,19.60036
6,2026-08-18 22:00:00+00:00,tt_bogor,45.0,38.043976
6,2026-08-18 22:00:00+00:00,tt_bsd,34.0,32.217113
6,2026-08-18 22:00:00+00:00,tt_cawang,43.0,36.238358
6,2026-08-18 22:00:00+00:00,tt_depok,31.0,31.381693
6,2026-08-18 22:00:00+00:00,tt_gatsu,45.0,48.03004
6,2026-08-18 22:00:00+00:00,tt_grogol,40.0,35.1425
6,2026-08-18 22:00:00+00:00,tt_kebonjeruk,35.0,31.734566
6,2026-08-18 22:00:00+00:00,tt_kelapagading,29.0,28.228851
6,2026-08-18 22:00:00+00:00,tt_kuningan,21.0,23.45037
6,2026-08-18 22:00:00+00:00,tt_sudirman,39.0,37.29509
6,2026-08-18 22:00:00+00:00,tt_tangerang,48.0,42.183132
6,2026-08-18 22:00:00+00:00,tt_tbsimatupang,72.0,52.580086
6,2026-08-18 22:00:00+00:00,tt_thamrin,22.0,22.501637
6,2026-08-19 00:00:00+00:00,tt_bekasi,15.0,19.793205
6,2026-08-19 00:00:00+00:00,tt_bogor,35.0,38.898098
6,2026-08-19 00:00:00+00:00,tt_bsd,29.0,32.307396
6,2026-08-19 00:00:00+00:00,tt_cawang,20.0,36.543606
6,2026-08-19 00:00:00+00:00,tt_depok,31.0,30.813332
6,2026-08-19 00:00:00+00:00,tt_gatsu,45.0,46.5276
6,2026-08-19 00:00:00+00:00,tt_grogol,40.0,35.230045
6,2026-08-19 00:00:00+00:00,tt_kebonjeruk,27.0,31.79793
6,2026-08-19 00:00:00+00:00,tt_kelapagading,29.0,28.24096
6,2026-08-19 00:00:00+00:00,tt_kuningan,21.0,23.870699
6,2026-08-19 00:00:00+00:00,tt_sudirman,39.0,36.582947
6,2026-08-19 00:00:00+00:00,tt_tangerang,48.0,42.663265
6,2026-08-19 00:00:00+00:00,tt_tbsimatupang,39.0,52.10694
6,2026-08-19 00:00:00+00:00,tt_thamrin,19.0,21.809383
6,2026-08-19 01:00:00+00:00,tt_bekasi,15.999999,19.69915
6,2026-08-19 01:00:00+00:00,tt_bogor,37.0,39.3933
6,2026-08-19 01:00:00+00:00,tt_bsd,34.0,32.368668
6,2026-08-19 01:00:00+00:00,tt_cawang,13.0,36.33108
6,2026-08-19 01:00:00+00:00,tt_depok,27.0,30.606274
6,2026-08-19 01:00:00+00:00,tt_gatsu,13.0,45.647026
6,2026-08-19 01:00:00+00:00,tt_grogol,32.0,35.33466
6,2026-08-19 01:00:00+00:00,tt_kebonjeruk,25.0,31.853027
6,2026-08-19 01:00:00+00:00,tt_kelapagading,29.0,28.33921
6,2026-08-19 01:00:00+00:00,tt_kuningan,21.0,23.56052
6,2026-08-19 01:00:00+00:00,tt_sudirman,22.0,36.198925
6,2026-08-19 01:00:00+00:00,tt_tangerang,39.0,42.99978
6,2026-08-19 01:00:00+00:00,tt_tbsimatupang,18.0,51.452538
6,2026-08-19 01:00:00+00:00,tt_thamrin,22.0,21.752417
6,2026-08-19 03:00:00+00:00,tt_bekasi,15.999999,19.831524
6,2026-08-19 03:00:00+00:00,tt_bogor,37.0,40.256065
6,2026-08-19 03:00:00+00:00,tt_bsd,34.0,32.425865
6,2026-08-19 03:00:00+00:00,tt_cawang,20.0,36.391422
6,2026-08-19 03:00:00+00:00,tt_depok,31.0,30.374664
6,2026-08-19 03:00:00+00:00,tt_gatsu,45.0,43.58101
6,2026-08-19 03:00:00+00:00,tt_grogol,31.0,35.510044
6,2026-08-19 03:00:00+00:00,tt_kebonjeruk,23.0,31.953465
6,2026-08-19 03:00:00+00:00,tt_kelapagading,29.0,28.471647
6,2026-08-19 03:00:00+00:00,tt_kuningan,15.999999,23.595764
6,2026-08-19 03:00:00+00:00,tt_sudirman,24.0,35.71598
6,2026-08-19 03:00:00+00:00,tt_tangerang,40.0,43.61965
6,2026-08-19 03:00:00+00:00,tt_tbsimatupang,33.0,50.95189
6,2026-08-19 03:00:00+00:00,tt_thamrin,20.0,21.56657
6,2026-08-19 05:00:00+00:00,tt_bekasi,15.0,18.78312
6,2026-08-19 05:00:00+00:00,tt_bogor,32.0,40.96841
6,2026-08-19 05:00:00+00:00,tt_bsd,34.0,32.334263
6,2026-08-19 05:00:00+00:00,tt_cawang,17.0,36.762455
6,2026-08-19 05:00:00+00:00,tt_depok,31.0,30.209862
6,2026-08-19 05:00:00+00:00,tt_gatsu,45.0,40.3794
6,2026-08-19 05:00:00+00:00,tt_grogol,31.0,35.64264
6,2026-08-19 05:00:00+00:00,tt_kebonjeruk,24.0,31.70223
6,2026-08-19 05:00:00+00:00,tt_kelapagading,21.0,28.24598
6,2026-08-19 05:00:00+00:00,tt_kuningan,17.0,23.465984
6,2026-08-19 05:00:00+00:00,tt_sudirman,27.0,35.090973
6,2026-08-19 05:00:00+00:00,tt_tangerang,40.0,44.358173
6,2026-08-19 05:00:00+00:00,tt_tbsimatupang,43.0,51.61913
6,2026-08-19 05:00:00+00:00,tt_thamrin,17.0,21.46185
6,2026-08-19 06:00:00+00:00,tt_bekasi,18.0,18.05272
6,2026-08-19 06:00:00+00:00,tt_bogor,35.0,39.788475
6,2026-08-19 06:00:00+00:00,tt_bsd,34.0,30.531504
6,2026-08-19 06:00:00+00:00,tt_cawang,19.0,34.37748
6,2026-08-19 06:00:00+00:00,tt_depok,27.0,30.037014
6,2026-08-19 06:00:00+00:00,tt_gatsu,30.0,40.226738
6,2026-08-19 06:00:00+00:00,tt_grogol,27.0,35.45421
6,2026-08-19 06:00:00+00:00,tt_kebonjeruk,21.0,29.385855
6,2026-08-19 06:00:00+00:00,tt_kelapagading,21.0,27.646084
6,2026-08-19 06:00:00+00:00,tt_kuningan,21.0,23.158726
6,2026-08-19 06:00:00+00:00,tt_sudirman,18.0,34.933403
6,2026-08-19 06:00:00+00:00,tt_tangerang,38.0,44.358173
6,2026-08-19 06:00:00+00:00,tt_tbsimatupang,48.0,48.824364
6,2026-08-19 06:00:00+00:00,tt_thamrin,13.0,19.972479
6,2026-08-19 08:00:00+00:00,tt_bekasi,15.0,17.613125
6,2026-08-19 08:00:00+00:00,tt_bogor,34.0,38.136677
6,2026-08-19 08:00:00+00:00,tt_bsd,28.0,32.053585
6,2026-08-19 08:00:00+00:00,tt_cawang,32.0,32.439518
6,2026-08-19 08:00:00+00:00,tt_depok,25.0,27.930727
6,2026-08-19 08:00:00+00:00,tt_gatsu,26.0,37.862698
6,2026-08-19 08:00:00+00:00,tt_grogol,27.0,33.762363
6,2026-08-19 08:00:00+00:00,tt_kebonjeruk,18.0,27.1639
6,2026-08-19 08:00:00+00:00,tt_kelapagading,22.0,27.50221
6,2026-08-19 08:00:00+00:00,tt_kuningan,21.0,21.795467
6,2026-08-19 08:00:00+00:00,tt_sudirman,22.0,31.21159
6,2026-08-19 08:00:00+00:00,tt_tangerang,48.0,41.544083
6,2026-08-19 08:00:00+00:00,tt_tbsimatupang,32.0,49.052406
6,2026-08-19 08:00:00+00:00,tt_thamrin,8.0,20.133835
6,2026-08-19 10:00:00+00:00,tt_bekasi,13.0,18.08868
6,2026-08-19 10:00:00+00:00,tt_bogor,30.0,37.493248
6,2026-08-19 10:00:00+00:00,tt_bsd,34.0,33.13697
6,2026-08-19 10:00:00+00:00,tt_cawang,43.0,32.884808
6,2026-08-19 10:00:00+00:00,tt_depok,23.0,30.19814
6,2026-08-19 10:00:00+00:00,tt_gatsu,23.0,47.927544
6,2026-08-19 10:00:00+00:00,tt_grogol,30.0,33.422043
6,2026-08-19 10:00:00+00:00,tt_kebonjeruk,19.0,26.03278
6,2026-08-19 10:00:00+00:00,tt_kelapagading,22.0,28.309933
6,2026-08-19 10:00:00+00:00,tt_kuningan,15.999999,20.85326
6,2026-08-19 10:00:00+00:00,tt_sudirman,19.0,31.739702
6,2026-08-19 10:00:00+00:00,tt_tangerang,28.0,41.131996
6,2026-08-19 10:00:00+00:00,tt_tbsimatupang,34.0,52.28674
6,2026-08-19 10:00:00+00:00,tt_thamrin,17.0,19.7612
6,2026-08-19 11:00:00+00:00,tt_bekasi,18.0,18.058289
6,2026-08-19 11:00:00+00:00,tt_bogor,33.0,36.031754
6,2026-08-19 11:00:00+00:00,tt_bsd,27.0,33.08984
6,2026-08-19 11:00:00+00:00,tt_cawang,43.0,31.495865
6,2026-08-19 11:00:00+00:00,tt_depok,25.0,30.360897
6,2026-08-19 11:00:00+00:00,tt_gatsu,35.0,47.377464
6,2026-08-19 11:00:00+00:00,tt_grogol,32.0,33.29887
6,2026-08-19 11:00:00+00:00,tt_kebonjeruk,21.0,25.935226
6,2026-08-19 11:00:00+00:00,tt_kelapagading,20.0,26.447992
6,2026-08-19 11:00:00+00:00,tt_kuningan,15.999999,21.122581
6,2026-08-19 11:00:00+00:00,tt_sudirman,15.999999,32.858646
6,2026-08-19 11:00:00+00:00,tt_tangerang,26.0,40.77755
6,2026-08-19 11:00:00+00:00,tt_tbsimatupang,44.0,52.784508
6,2026-08-19 11:00:00+00:00,tt_thamrin,10.0,18.950317
6,2026-08-19 13:00:00+00:00,tt_bekasi,18.0,19.323055
6,2026-08-19 13:00:00+00:00,tt_bogor,45.0,34.71377
6,2026-08-19 13:00:00+00:00,tt_bsd,34.0,33.221733
6,2026-08-19 13:00:00+00:00,tt_cawang,43.0,29.82005
6,2026-08-19 13:00:00+00:00,tt_depok,25.0,28.726053
6,2026-08-19 13:00:00+00:00,tt_gatsu,45.0,42.92527
6,2026-08-19 13:00:00+00:00,tt_grogol,31.0,31.743265
6,2026-08-19 13:00:00+00:00,tt_kebonjeruk,27.0,24.663841
6,2026-08-19 13:00:00+00:00,tt_kelapagading,23.0,25.696503
6,2026-08-19 13:00:00+00:00,tt_kuningan,13.0,22.847742
6,2026-08-19 13:00:00+00:00,tt_sudirman,30.0,30.21669
6,2026-08-19 13:00:00+00:00,tt_tangerang,48.0,39.010704
6,2026-08-19 13:00:00+00:00,tt_tbsimatupang,72.0,53.755074
6,2026-08-19 13:00:00+00:00,tt_thamrin,20.0,17.79849
6,2026-08-19 15:00:00+00:00,tt_bekasi,15.999999,19.361504
6,2026-08-19 15:00:00+00:00,tt_bogor,38.0,32.881306
6,2026-08-19 15:00:00+00:00,tt_bsd,34.0,31.26342
6,2026-08-19 15:00:00+00:00,tt_cawang,32.0,34.053802
6,2026-08-19 15:00:00+00:00,tt_depok,31.0,28.034636
6,2026-08-19 15:00:00+00:00,tt_gatsu,45.0,40.00077
6,2026-08-19 15:00:00+00:00,tt_grogol,40.0,31.480198
6,2026-08-19 15:00:00+00:00,tt_kebonjeruk,31.0,23.238506
6,2026-08-19 15:00:00+00:00,tt_kelapagading,29.0,26.166609
6,2026-08-19 15:00:00+00:00,tt_kuningan,21.0,23.517427
6,2026-08-19 15:00:00+00:00,tt_sudirman,29.0,30.436232
6,2026-08-19 15:00:00+00:00,tt_tangerang,48.0,41.791985
6,2026-08-19 15:00:00+00:00,tt_tbsimatupang,72.0,47.773636
6,2026-08-19 15:00:00+00:00,tt_thamrin,21.0,16.982708
6,2026-08-19 16:00:00+00:00,tt_bekasi,18.0,19.45531
6,2026-08-19 16:00:00+00:00,tt_bogor,45.0,30.94852
6,2026-08-19 16:00:00+00:00,tt_bsd,34.0,33.513325
6,2026-08-19 16:00:00+00:00,tt_cawang,43.0,35.670643
6,2026-08-19 16:00:00+00:00,tt_depok,31.0,27.559008
6,2026-08-19 16:00:00+00:00,tt_gatsu,45.0,38.134007
6,2026-08-19 16:00:00+00:00,tt_grogol,40.0,32.615013
6,2026-08-19 16:00:00+00:00,tt_kebonjeruk,35.0,23.054474
6,2026-08-19 16:00:00+00:00,tt_kelapagading,29.0,26.449343
6,2026-08-19 16:00:00+00:00,tt_kuningan,21.0,22.733364
6,2026-08-19 16:00:00+00:00,tt_sudirman,39.0,28.958445
6,2026-08-19 16:00:00+00:00,tt_tangerang,48.0,38.86029
6,2026-08-19 16:00:00+00:00,tt_tbsimatupang,72.0,44.437576
6,2026-08-19 16:00:00+00:00,tt_thamrin,22.0,19.007809
6,2026-08-19 18:00:00+00:00,tt_bekasi,18.0,21.9627
6,2026-08-19 18:00:00+00:00,tt_bogor,45.0,31.21601
6,2026-08-19 18:00:00+00:00,tt_bsd,34.0,30.848587
6,2026-08-19 18:00:00+00:00,tt_cawang,43.0,36.064957
6,2026-08-19 18:00:00+00:00,tt_depok,31.0,28.218485
6,2026-08-19 18:00:00+00:00,tt_gatsu,45.0,39.368763
6,2026-08-19 18:00:00+00:00,tt_grogol,40.0,32.925972
6,2026-08-19 18:00:00+00:00,tt_kebonjeruk,35.0,22.858253
6,2026-08-19 18:00:00+00:00,tt_kelapagading,29.0,25.280872
6,2026-08-19 18:00:00+00:00,tt_kuningan,21.0,23.24379
6,2026-08-19 18:00:00+00:00,tt_sudirman,39.0,25.348812
6,2026-08-19 18:00:00+00:00,tt_tangerang,44.0,36.038994
6,2026-08-19 18:00:00+00:00,tt_tbsimatupang,72.0,41.365772
6,2026-08-19 18:00:00+00:00,tt_thamrin,22.0,17.509466
6,2026-08-19 20:00:00+00:00,tt_bekasi,18.0,21.867168
6,2026-08-19 20:00:00+00:00,tt_bogor,45.0,36.73319
6,2026-08-19 20:00:00+00:00,tt_bsd,34.0,33.470394
6,2026-08-19 20:00:00+00:00,tt_cawang,43.0,37.184296
6,2026-08-19 20:00:00+00:00,tt_depok,31.0,28.065207
6,2026-08-19 20:00:00+00:00,tt_gatsu,45.0,39.83855
6,2026-08-19 20:00:00+00:00,tt_grogol,40.0,32.05416
6,2026-08-19 20:00:00+00:00,tt_kebonjeruk,35.0,26.254816
6,2026-08-19 20:00:00+00:00,tt_kelapagading,29.0,25.386768
6,2026-08-19 20:00:00+00:00,tt_kuningan,21.0,22.9143
6,2026-08-19 20:00:00+00:00,tt_sudirman,39.0,32.338123
6,2026-08-19 20:00:00+00:00,tt_tangerang,48.0,45.912613
6,2026-08-19 20:00:00+00:00,tt_tbsimatupang,72.0,52.229996
6,2026-08-19 20:00:00+00:00,tt_thamrin,22.0,20.434185
6,2026-08-19 21:00:00+00:00,tt_bekasi,18.0,21.40525
6,2026-08-19 21:00:00+00:00,tt_bogor,45.0,36.30731
6,2026-08-19 21:00:00+00:00,tt_bsd,34.0,33.1818
6,2026-08-19 21:00:00+00:00,tt_cawang,43.0,36.11254
6,2026-08-19 21:00:00+00:00,tt_depok,31.0,30.843803
6,2026-08-19 21:00:00+00:00,tt_gatsu,45.0,39.473747
6,2026-08-19 21:00:00+00:00,tt_grogol,40.0,33.75277
6,2026-08-19 21:00:00+00:00,tt_kebonjeruk,35.0,28.879498
6,2026-08-19 21:00:00+00:00,tt_kelapagading,29.0,27.841194
6,2026-08-19 21:00:00+00:00,tt_kuningan,21.0,24.851528
6,2026-08-19 21:00:00+00:00,tt_sudirman,39.0,32.344643
6,2026-08-19 21:00:00+00:00,tt_tangerang,48.0,46.20081
6,2026-08-19 21:00:00+00:00,tt_tbsimatupang,72.0,52.358772
6,2026-08-19 21:00:00+00:00,tt_thamrin,22.0,21.137333
6,2026-08-19 23:00:00+00:00,tt_bekasi,17.0,21.522186
6,2026-08-19 23:00:00+00:00,tt_bogor,35.0,38.29013
6,2026-08-19 23:00:00+00:00,tt_bsd,34.0,32.958027
6,2026-08-19 23:00:00+00:00,tt_cawang,26.0,37.717182
6,2026-08-19 23:00:00+00:00,tt_depok,31.0,31.316177
6,2026-08-19 23:00:00+00:00,tt_gatsu,45.0,38.49927
6,2026-08-19 23:00:00+00:00,tt_grogol,35.0,35.011112
6,2026-08-19 23:00:00+00:00,tt_kebonjeruk,30.0,31.930836
6,2026-08-19 23:00:00+00:00,tt_kelapagading,29.0,28.973932
6,2026-08-19 23:00:00+00:00,tt_kuningan,21.0,24.30562
6,2026-08-19 23:00:00+00:00,tt_sudirman,39.0,36.506805
6,2026-08-19 23:00:00+00:00,tt_tangerang,48.0,45.7616
6,2026-08-19 23:00:00+00:00,tt_tbsimatupang,72.0,51.914314
6,2026-08-19 23:00:00+00:00,tt_thamrin,20.0,22.826702
6,2026-08-20 01:00:00+00:00,tt_bekasi,18.0,21.263573
6,2026-08-20 01:00:00+00:00,tt_bogor,35.0,39.450363
6,2026-08-20 01:00:00+00:00,tt_bsd,29.0,32.54447
6,2026-08-20 01:00:00+00:00,tt_cawang,14.0,37.372925
6,2026-08-20 01:00:00+00:00,tt_depok,31.0,30.942951
6,2026-08-20 01:00:00+00:00,tt_gatsu,37.0,39.263508
6,2026-08-20 01:00:00+00:00,tt_grogol,30.0,35.149536
6,2026-08-20 01:00:00+00:00,tt_kebonjeruk,26.0,32.189804
6,2026-08-20 01:00:00+00:00,tt_kelapagading,29.0,28.645193
6,2026-08-20 01:00:00+00:00,tt_kuningan,21.0,23.553604
6,2026-08-20 01:00:00+00:00,tt_sudirman,27.0,36.302464
6,2026-08-20 01:00:00+00:00,tt_tangerang,36.0,44.546303
6,2026-08-20 01:00:00+00:00,tt_tbsimatupang,18.0,50.57023
6,2026-08-20 01:00:00+00:00,tt_thamrin,18.0,23.189308
6,2026-08-20 02:00:00+00:00,tt_bekasi,18.0,21.015587
6,2026-08-20 02:00:00+00:00,tt_bogor,40.0,39.895317
6,2026-08-20 02:00:00+00:00,tt_bsd,34.0,32.46641
6,2026-08-20 02:00:00+00:00,tt_cawang,18.0,37.29024
6,2026-08-20 02:00:00+00:00,tt_depok,31.0,30.784216
6,2026-08-20 02:00:00+00:00,tt_gatsu,45.0,39.63657
6,2026-08-20 02:00:00+00:00,tt_grogol,30.0,35.198902
6,2026-08-20 02:00:00+00:00,tt_kebonjeruk,26.0,32.133568
6,2026-08-20 02:00:00+00:00,tt_kelapagading,25.0,28.500212
6,2026-08-20 02:00:00+00:00,tt_kuningan,21.0,23.464872
6,2026-08-20 02:00:00+00:00,tt_sudirman,25.0,36.25104
6,2026-08-20 02:00:00+00:00,tt_tangerang,48.0,44.196144
6,2026-08-20 02:00:00+00:00,tt_tbsimatupang,21.0,50.650406
6,2026-08-20 02:00:00+00:00,tt_thamrin,18.0,22.814032
6,2026-08-20 04:00:00+00:00,tt_bekasi,15.0,19.748758
6,2026-08-20 04:00:00+00:00,tt_bogor,35.0,40.62835
6,2026-08-20 04:00:00+00:00,tt_bsd,34.0,32.392025
6,2026-08-20 04:00:00+00:00,tt_cawang,20.0,37.174908
6,2026-08-20 04:00:00+00:00,tt_depok,27.0,30.519629
6,2026-08-20 04:00:00+00:00,tt_gatsu,45.0,39.89988
6,2026-08-20 04:00:00+00:00,tt_grogol,25.0,35.36412
6,2026-08-20 04:00:00+00:00,tt_kebonjeruk,25.0,31.917929
6,2026-08-20 04:00:00+00:00,tt_kelapagading,22.0,28.399355
6,2026-08-20 04:00:00+00:00,tt_kuningan,21.0,23.557915
6,2026-08-20 04:00:00+00:00,tt_sudirman,26.0,36.14119
6,2026-08-20 04:00:00+00:00,tt_tangerang,48.0,44.262287
6,2026-08-20 04:00:00+00:00,tt_tbsimatupang,45.0,50.95189
6,2026-08-20 04:00:00+00:00,tt_thamrin,13.0,22.422892
6,2026-08-20 06:00:00+00:00,tt_bekasi,15.0,18.478
6,2026-08-20 06:00:00+00:00,tt_bogor,39.0,38.610935
6,2026-08-20 06:00:00+00:00,tt_bsd,34.0,31.601574
6,2026-08-20 06:00:00+00:00,tt_cawang,28.0,33.37957
6,2026-08-20 06:00:00+00:00,tt_depok,29.0,30.23352
6,2026-08-20 06:00:00+00:00,tt_gatsu,28.0,40.214344
6,2026-08-20 06:00:00+00:00,tt_grogol,29.0,33.910633
6,2026-08-20 06:00:00+00:00,tt_kebonjeruk,25.0,29.67354
6,2026-08-20 06:00:00+00:00,tt_kelapagading,20.0,27.735077
6,2026-08-20 06:00:00+00:00,tt_kuningan,15.999999,23.359842
6,2026-08-20 06:00:00+00:00,tt_sudirman,21.0,34.933296
6,2026-08-20 06:00:00+00:00,tt_tangerang,38.0,44.182335
6,2026-08-20 06:00:00+00:00,tt_tbsimatupang,27.0,51.61913
6,2026-08-20 06:00:00+00:00,tt_thamrin,12.0,19.737782
6,2026-08-20 07:00:00+00:00,tt_bekasi,15.999999,18.363071
6,2026-08-20 07:00:00+00:00,tt_bogor,36.0,37.742348
6,2026-08-20 07:00:00+00:00,tt_bsd,34.0,29.919449
6,2026-08-20 07:00:00+00:00,tt_cawang,21.0,31.360691
6,2026-08-20 07:00:00+00:00,tt_depok,26.0,30.120316
6,2026-08-20 07:00:00+00:00,tt_gatsu,20.0,38.95482
6,2026-08-20 07:00:00+00:00,tt_grogol,29.0,32.47732
6,2026-08-20 07:00:00+00:00,tt_kebonjeruk,22.0,28.173021
6,2026-08-20 07:00:00+00:00,tt_kelapagading,20.0,27.606028
6,2026-08-20 07:00:00+00:00,tt_kuningan,21.0,22.784397
6,2026-08-20 07:00:00+00:00,tt_sudirman,20.0,32.55
6,2026-08-20 07:00:00+00:00,tt_tangerang,37.0,42.41525
6,2026-08-20 07:00:00+00:00,tt_tbsimatupang,49.0,51.319977
6,2026-08-20 07:00:00+00:00,tt_thamrin,12.0,18.808062
6,2026-08-20 09:00:00+00:00,tt_bekasi,14.0,18.238443
6,2026-08-20 09:00:00+00:00,tt_bogor,34.0,38.558945
6,2026-08-20 09:00:00+00:00,tt_bsd,28.0,32.17736
6,2026-08-20 09:00:00+00:00,tt_cawang,30.0,30.880295
6,2026-08-20 09:00:00+00:00,tt_depok,26.0,30.085718
6,2026-08-20 09:00:00+00:00,tt_gatsu,32.0,39.772285
6,2026-08-20 09:00:00+00:00,tt_grogol,31.0,32.252605
6,2026-08-20 09:00:00+00:00,tt_kebonjeruk,21.0,27.543354
6,2026-08-20 09:00:00+00:00,tt_kelapagading,21.0,26.066608
6,2026-08-20 09:00:00+00:00,tt_kuningan,13.0,21.833794
6,2026-08-20 09:00:00+00:00,tt_sudirman,23.0,30.895973
6,2026-08-20 09:00:00+00:00,tt_tangerang,34.0,43.936962
6,2026-08-20 09:00:00+00:00,tt_tbsimatupang,47.0,51.415405
6,2026-08-20 09:00:00+00:00,tt_thamrin,18.0,18.277348
6,2026-08-20 11:00:00+00:00,tt_bekasi,18.0,17.676952
6,2026-08-20 11:00:00+00:00,tt_bogor,35.0,36.448124
6,2026-08-20 11:00:00+00:00,tt_bsd,34.0,32.59248
6,2026-08-20 11:00:00+00:00,tt_cawang,33.0,29.894567
6,2026-08-20 11:00:00+00:00,tt_depok,26.0,28.396364
6,2026-08-20 11:00:00+00:00,tt_gatsu,7.0,39.752914
6,2026-08-20 11:00:00+00:00,tt_grogol,29.0,30.304087
6,2026-08-20 11:00:00+00:00,tt_kebonjeruk,18.0,27.165567
6,2026-08-20 11:00:00+00:00,tt_kelapagading,21.0,24.973696
6,2026-08-20 11:00:00+00:00,tt_kuningan,15.999999,22.323793
6,2026-08-20 11:00:00+00:00,tt_sudirman,12.0,31.275917
6,2026-08-20 11:00:00+00:00,tt_tangerang,35.0,44.01855
6,2026-08-20 11:00:00+00:00,tt_tbsimatupang,24.0,56.21441
6,2026-08-20 11:00:00+00:00,tt_thamrin,10.0,16.884087
6,2026-08-20 12:00:00+00:00,tt_bekasi,14.0,17.686886
6,2026-08-20 12:00:00+00:00,tt_bogor,37.0,36.239655
6,2026-08-20 12:00:00+00:00,tt_bsd,34.0,32.782394
6,2026-08-20 12:00:00+00:00,tt_cawang,43.0,32.068592
6,2026-08-20 12:00:00+00:00,tt_depok,24.0,29.19041
6,2026-08-20 12:00:00+00:00,tt_gatsu,10.0,37.446835
6,2026-08-20 12:00:00+00:00,tt_grogol,32.0,31.609406
6,2026-08-20 12:00:00+00:00,tt_kebonjeruk,23.0,27.381271
6,2026-08-20 12:00:00+00:00,tt_kelapagading,21.0,24.472788
6,2026-08-20 12:00:00+00:00,tt_kuningan,13.0,21.443672
6,2026-08-20 12:00:00+00:00,tt_sudirman,22.0,29.907627
6,2026-08-20 12:00:00+00:00,tt_tangerang,48.0,42.505848
6,2026-08-20 12:00:00+00:00,tt_tbsimatupang,40.0,53.27202
6,2026-08-20 12:00:00+00:00,tt_thamrin,9.0,16.564034
6,2026-08-20 14:00:00+00:00,tt_bekasi,18.0,18.523514
6,2026-08-20 14:00:00+00:00,tt_bogor,38.0,34.52185
6,2026-08-20 14:00:00+00:00,tt_bsd,27.0,33.01339
6,2026-08-20 14:00:00+00:00,tt_cawang,32.0,27.765436
6,2026-08-20 14:00:00+00:00,tt_depok,31.0,28.29995
6,2026-08-20 14:00:00+00:00,tt_gatsu,45.0,34.75649
6,2026-08-20 14:00:00+00:00,tt_grogol,40.0,31.592329
6,2026-08-20 14:00:00+00:00,tt_kebonjeruk,28.0,26.247627
6,2026-08-20 14:00:00+00:00,tt_kelapagading,29.0,24.070576
6,2026-08-20 14:00:00+00:00,tt_kuningan,15.999999,23.274721
6,2026-08-20 14:00:00+00:00,tt_sudirman,39.0,28.949717
6,2026-08-20 14:00:00+00:00,tt_tangerang,48.0,40.262108
6,2026-08-20 14:00:00+00:00,tt_tbsimatupang,59.0,55.567932
6,2026-08-20 14:00:00+00:00,tt_thamrin,13.0,16.157452
6,2026-08-20 16:00:00+00:00,tt_bekasi,15.0,18.850956
6,2026-08-20 16:00:00+00:00,tt_bogor,45.0,32.637894
6,2026-08-20 16:00:00+00:00,tt_bsd,34.0,31.087313
6,2026-08-20 16:00:00+00:00,tt_cawang,43.0,28.19645
6,2026-08-20 16:00:00+00:00,tt_depok,31.0,28.447784
6,2026-08-20 16:00:00+00:00,tt_gatsu,45.0,38.861965
6,2026-08-20 16:00:00+00:00,tt_grogol,40.0,32.119446
6,2026-08-20 16:00:00+00:00,tt_kebonjeruk,35.0,25.345652
6,2026-08-20 16:00:00+00:00,tt_kelapagading,29.0,24.42539
6,2026-08-20 16:00:00+00:00,tt_kuningan,21.0,22.05215
6,2026-08-20 16:00:00+00:00,tt_sudirman,39.0,29.109713
6,2026-08-20 16:00:00+00:00,tt_tangerang,48.0,38.03135
6,2026-08-20 16:00:00+00:00,tt_tbsimatupang,72.0,52.658607
6,2026-08-20 16:00:00+00:00,tt_thamrin,22.0,18.359314
6,2026-08-20 17:00:00+00:00,tt_bekasi,18.0,19.991951
6,2026-08-20 17:00:00+00:00,tt_bogor,45.0,32.410164
6,2026-08-20 17:00:00+00:00,tt_bsd,34.0,32.89676
6,2026-08-20 17:00:00+00:00,tt_cawang,43.0,30.440844
6,2026-08-20 17:00:00+00:00,tt_depok,31.0,28.392784
6,2026-08-20 17:00:00+00:00,tt_gatsu,45.0,35.99871
6,2026-08-20 17:00:00+00:00,tt_grogol,40.0,31.508482
6,2026-08-20 17:00:00+00:00,tt_kebonjeruk,35.0,24.202785
6,2026-08-20 17:00:00+00:00,tt_kelapagading,29.0,24.052923
6,2026-08-20 17:00:00+00:00,tt_kuningan,21.0,22.650496
6,2026-08-20 17:00:00+00:00,tt_sudirman,39.0,26.67633
6,2026-08-20 17:00:00+00:00,tt_tangerang,48.0,36.97796
6,2026-08-20 17:00:00+00:00,tt_tbsimatupang,72.0,47.948563
6,2026-08-20 17:00:00+00:00,tt_thamrin,22.0,17.439865
6,2026-08-20 19:00:00+00:00,tt_bekasi,18.0,20.163073
6,2026-08-20 19:00:00+00:00,tt_bogor,45.0,32.935925
6,2026-08-20 19:00:00+00:00,tt_bsd,34.0,33.7456
6,2026-08-20 19:00:00+00:00,tt_cawang,43.0,35.441082
6,2026-08-20 19:00:00+00:00,tt_depok,31.0,27.61749
6,2026-08-20 19:00:00+00:00,tt_gatsu,45.0,34.02366
6,2026-08-20 19:00:00+00:00,tt_grogol,40.0,32.76183
6,2026-08-20 19:00:00+00:00,tt_kebonjeruk,35.0,25.349943
6,2026-08-20 19:00:00+00:00,tt_kelapagading,29.0,23.589703
6,2026-08-20 19:00:00+00:00,tt_kuningan,21.0,22.265125
6,2026-08-20 19:00:00+00:00,tt_sudirman,39.0,27.566475
6,2026-08-20 19:00:00+00:00,tt_tangerang,48.0,41.41283
6,2026-08-20 19:00:00+00:00,tt_tbsimatupang,72.0,45.432056
6,2026-08-20 19:00:00+00:00,tt_thamrin,22.0,17.21097
6,2026-08-20 21:00:00+00:00,tt_bekasi,18.0,22.323982
6,2026-08-20 21:00:00+00:00,tt_bogor,45.0,33.63142
6,2026-08-20 21:00:00+00:00,tt_bsd,34.0,30.695099
6,2026-08-20 21:00:00+00:00,tt_cawang,43.0,34.002377
6,2026-08-20 21:00:00+00:00,tt_depok,31.0,31.785154
6,2026-08-20 21:00:00+00:00,tt_gatsu,45.0,46.927525
6,2026-08-20 21:00:00+00:00,tt_grogol,40.0,35.023586
6,2026-08-20 21:00:00+00:00,tt_kebonjeruk,35.0,28.285595
6,2026-08-20 21:00:00+00:00,tt_kelapagading,29.0,28.500374
6,2026-08-20 21:00:00+00:00,tt_kuningan,21.0,22.487152
6,2026-08-20 21:00:00+00:00,tt_sudirman,39.0,37.46452
6,2026-08-20 21:00:00+00:00,tt_tangerang,48.0,42.1046
6,2026-08-20 21:00:00+00:00,tt_tbsimatupang,72.0,51.03317
6,2026-08-20 21:00:00+00:00,tt_thamrin,22.0,18.222618
6,2026-08-20 22:00:00+00:00,tt_bekasi,18.0,21.631382
6,2026-08-20 22:00:00+00:00,tt_bogor,45.0,35.61282
6,2026-08-20 22:00:00+00:00,tt_bsd,34.0,33.069176
6,2026-08-20 22:00:00+00:00,tt_cawang,43.0,35.98423
6,2026-08-20 22:00:00+00:00,tt_depok,31.0,31.937975
6,2026-08-20 22:00:00+00:00,tt_gatsu,45.0,45.80579
6,2026-08-20 22:00:00+00:00,tt_grogol,40.0,35.41421
6,2026-08-20 22:00:00+00:00,tt_kebonjeruk,35.0,31.17148
6,2026-08-20 22:00:00+00:00,tt_kelapagading,29.0,29.271513
6,2026-08-20 22:00:00+00:00,tt_kuningan,21.0,23.714092
6,2026-08-20 22:00:00+00:00,tt_sudirman,39.0,37.6323
6,2026-08-20 22:00:00+00:00,tt_tangerang,48.0,41.88947
6,2026-08-20 22:00:00+00:00,tt_tbsimatupang,72.0,53.15163
6,2026-08-20 22:00:00+00:00,tt_thamrin,22.0,21.488426
6,2026-08-21 00:00:00+00:00,tt_bekasi,18.0,21.762768
6,2026-08-21 00:00:00+00:00,tt_bogor,35.0,37.946724
6,2026-08-21 00:00:00+00:00,tt_bsd,29.0,33.635048
6,2026-08-21 00:00:00+00:00,tt_cawang,18.0,37.339706
6,2026-08-21 00:00:00+00:00,tt_depok,25.0,31.42005
6,2026-08-21 00:00:00+00:00,tt_gatsu,45.0,43.862656
6,2026-08-21 00:00:00+00:00,tt_grogol,34.0,35.54179
6,2026-08-21 00:00:00+00:00,tt_kebonjeruk,25.0,32.146038
6,2026-08-21 00:00:00+00:00,tt_kelapagading,26.0,29.357342
6,2026-08-21 00:00:00+00:00,tt_kuningan,21.0,23.284843
6,2026-08-21 00:00:00+00:00,tt_sudirman,31.0,37.331085
6,2026-08-21 00:00:00+00:00,tt_tangerang,37.0,42.198532
6,2026-08-21 00:00:00+00:00,tt_tbsimatupang,32.0,53.685883
6,2026-08-21 00:00:00+00:00,tt_thamrin,22.0,22.499153
6,2026-08-21 02:00:00+00:00,tt_bekasi,17.0,21.354725
6,2026-08-21 02:00:00+00:00,tt_bogor,37.0,39.018894
6,2026-08-21 02:00:00+00:00,tt_bsd,28.0,32.994152
6,2026-08-21 02:00:00+00:00,tt_cawang,19.0,37.11852
6,2026-08-21 02:00:00+00:00,tt_depok,26.0,30.974543
6,2026-08-21 02:00:00+00:00,tt_gatsu,45.0,43.259174
6,2026-08-21 02:00:00+00:00,tt_grogol,31.0,35.48678
6,2026-08-21 02:00:00+00:00,tt_kebonjeruk,26.0,32.049667
6,2026-08-21 02:00:00+00:00,tt_kelapagading,29.0,28.972185
6,2026-08-21 02:00:00+00:00,tt_kuningan,21.0,23.65895
6,2026-08-21 02:00:00+00:00,tt_sudirman,23.0,36.842297
6,2026-08-21 02:00:00+00:00,tt_tangerang,37.0,43.03603
6,2026-08-21 02:00:00+00:00,tt_tbsimatupang,37.0,52.27687
6,2026-08-21 02:00:00+00:00,tt_thamrin,22.0,21.843533
6,2026-08-21 03:00:00+00:00,tt_bekasi,15.0,20.97142
6,2026-08-21 03:00:00+00:00,tt_bogor,38.0,39.52777
6,2026-08-21 03:00:00+00:00,tt_bsd,34.0,32.870308
6,2026-08-21 03:00:00+00:00,tt_cawang,21.0,37.130604
6,2026-08-21 03:00:00+00:00,tt_depok,31.0,30.839033
6,2026-08-21 03:00:00+00:00,tt_gatsu,45.0,43.137535
6,2026-08-21 03:00:00+00:00,tt_grogol,27.0,35.524273
6,2026-08-21 03:00:00+00:00,tt_kebonjeruk,24.0,32.064404
6,2026-08-21 03:00:00+00:00,tt_kelapagading,23.0,28.906363
6,2026-08-21 03:00:00+00:00,tt_kuningan,15.999999,23.512096
6,2026-08-21 03:00:00+00:00,tt_sudirman,28.0,36.696003
6,2026-08-21 03:00:00+00:00,tt_tangerang,48.0,43.4577
6,2026-08-21 03:00:00+00:00,tt_tbsimatupang,48.0,51.655228
6,2026-08-21 03:00:00+00:00,tt_thamrin,15.999999,22.047777
6,2026-08-21 05:00:00+00:00,tt_bekasi,15.999999,20.235985
6,2026-08-21 05:00:00+00:00,tt_bogor,45.0,40.405663
6,2026-08-21 05:00:00+00:00,tt_bsd,34.0,32.610546
6,2026-08-21 05:00:00+00:00,tt_cawang,43.0,37.194923
6,2026-08-21 05:00:00+00:00,tt_depok,31.0,30.592257
6,2026-08-21 05:00:00+00:00,tt_gatsu,45.0,42.52548
6,2026-08-21 05:00:00+00:00,tt_grogol,32.0,35.594067
6,2026-08-21 05:00:00+00:00,tt_kebonjeruk,27.0,31.808279
6,2026-08-21 05:00:00+00:00,tt_kelapagading,23.0,28.579798
6,2026-08-21 05:00:00+00:00,tt_kuningan,21.0,23.29916
6,2026-08-21 05:00:00+00:00,tt_sudirman,34.0,35.797916
6,2026-08-21 05:00:00+00:00,tt_tangerang,48.0,44.253197
6,2026-08-21 05:00:00+00:00,tt_tbsimatupang,72.0,50.754967
6,2026-08-21 05:00:00+00:00,tt_thamrin,21.0,22.436655
6,2026-08-21 07:00:00+00:00,tt_bekasi,14.0,18.369038
6,2026-08-21 07:00:00+00:00,tt_bogor,35.0,38.28404
6,2026-08-21 07:00:00+00:00,tt_bsd,34.0,29.970701
6,2026-08-21 07:00:00+00:00,tt_cawang,28.0,33.35958
6,2026-08-21 07:00:00+00:00,tt_depok,25.0,27.28349
6,2026-08-21 07:00:00+00:00,tt_gatsu,36.0,39.93715
6,2026-08-21 07:00:00+00:00,tt_grogol,28.0,34.235645
6,2026-08-21 07:00:00+00:00,tt_kebonjeruk,21.0,27.899937
6,2026-08-21 07:00:00+00:00,tt_kelapagading,20.0,26.073883
6,2026-08-21 07:00:00+00:00,tt_kuningan,21.0,22.285439
6,2026-08-21 07:00:00+00:00,tt_sudirman,18.0,32.701717
6,2026-08-21 07:00:00+00:00,tt_tangerang,39.0,41.399925
6,2026-08-21 07:00:00+00:00,tt_tbsimatupang,52.0,46.92798
6,2026-08-21 07:00:00+00:00,tt_thamrin,18.0,21.354616
6,2026-08-21 08:00:00+00:00,tt_bekasi,15.999999,18.162884
6,2026-08-21 08:00:00+00:00,tt_bogor,34.0,38.098595
6,2026-08-21 08:00:00+00:00,tt_bsd,34.0,29.509249
6,2026-08-21 08:00:00+00:00,tt_cawang,31.0,33.072735
6,2026-08-21 08:00:00+00:00,tt_depok,25.0,27.38135
6,2026-08-21 08:00:00+00:00,tt_gatsu,35.0,39.853245
6,2026-08-21 08:00:00+00:00,tt_grogol,29.0,33.436996
6,2026-08-21 08:00:00+00:00,tt_kebonjeruk,24.0,27.86176
6,2026-08-21 08:00:00+00:00,tt_kelapagading,21.0,27.25418
6,2026-08-21 08:00:00+00:00,tt_kuningan,17.0,22.177784
6,2026-08-21 08:00:00+00:00,tt_sudirman,24.0,30.784498
6,2026-08-21 08:00:00+00:00,tt_tangerang,40.0,40.749615
6,2026-08-21 08:00:00+00:00,tt_tbsimatupang,38.0,47.375053
6,2026-08-21 08:00:00+00:00,tt_thamrin,10.0,21.254705
6,2026-08-21 10:00:00+00:00,tt_bekasi,15.0,17.578789
6,2026-08-21 10:00:00+00:00,tt_bogor,32.0,37.960953
6,2026-08-21 10:00:00+00:00,tt_bsd,34.0,32.428493
6,2026-08-21 10:00:00+00:00,tt_cawang,22.0,32.884315
6,2026-08-21 10:00:00+00:00,tt_depok,24.0,30.388903
6,2026-08-21 10:00:00+00:00,tt_gatsu,34.0,39.979416
6,2026-08-21 10:00:00+00:00,tt_grogol,32.0,31.705982
6,2026-08-21 10:00:00+00:00,tt_kebonjeruk,20.0,26.858864
6,2026-08-21 10:00:00+00:00,tt_kelapagading,19.0,25.345161
6,2026-08-21 10:00:00+00:00,tt_kuningan,13.0,20.623007
6,2026-08-21 10:00:00+00:00,tt_sudirman,22.0,32.02249
6,2026-08-21 10:00:00+00:00,tt_tangerang,29.0,43.833694
6,2026-08-21 10:00:00+00:00,tt_tbsimatupang,27.0,50.231735
6,2026-08-21 10:00:00+00:00,tt_thamrin,19.0,18.791126
6,2026-08-21 12:00:00+00:00,tt_bekasi,13.0,18.000608
6,2026-08-21 12:00:00+00:00,tt_bogor,32.0,39.903072
6,2026-08-21 12:00:00+00:00,tt_bsd,34.0,33.28621
6,2026-08-21 12:00:00+00:00,tt_cawang,34.0,41.626354
6,2026-08-21 12:00:00+00:00,tt_depok,26.0,30.846954
6,2026-08-21 12:00:00+00:00,tt_gatsu,15.0,40.144115
6,2026-08-21 12:00:00+00:00,tt_grogol,32.0,34.093365
6,2026-08-21 12:00:00+00:00,tt_kebonjeruk,19.0,28.404747
6,2026-08-21 12:00:00+00:00,tt_kelapagading,18.0,25.293274
6,2026-08-21 12:00:00+00:00,tt_kuningan,13.0,22.55526
6,2026-08-21 12:00:00+00:00,tt_sudirman,18.0,35.562218
6,2026-08-21 12:00:00+00:00,tt_tangerang,32.0,43.951206
6,2026-08-21 12:00:00+00:00,tt_tbsimatupang,27.0,56.69391
6,2026-08-21 12:00:00+00:00,tt_thamrin,9.0,20.705654
6,2026-08-21 13:00:00+00:00,tt_bekasi,18.0,17.499996
6,2026-08-21 13:00:00+00:00,tt_bogor,45.0,38.249935
6,2026-08-21 13:00:00+00:00,tt_bsd,34.0,32.660835
6,2026-08-21 13:00:00+00:00,tt_cawang,32.0,38.73025
6,2026-08-21 13:00:00+00:00,tt_depok,25.0,28.937529
6,2026-08-21 13:00:00+00:00,tt_gatsu,45.0,38.71894
6,2026-08-21 13:00:00+00:00,tt_grogol,40.0,32.2035
6,2026-08-21 13:00:00+00:00,tt_kebonjeruk,25.0,26.470875
6,2026-08-21 13:00:00+00:00,tt_kelapagading,21.0,24.00393
6,2026-08-21 13:00:00+00:00,tt_kuningan,21.0,22.494759
6,2026-08-21 13:00:00+00:00,tt_sudirman,31.0,32.572815
6,2026-08-21 13:00:00+00:00,tt_tangerang,48.0,42.345814
6,2026-08-21 13:00:00+00:00,tt_tbsimatupang,72.0,53.54816
6,2026-08-21 13:00:00+00:00,tt_thamrin,15.999999,19.62971
