split,horizon,target_time,corridor,y_true,naive_pred,historical_average_pred,gru_pred,nograph_stgnn_pred,fixed_stgnn_pred,adaptive_stgnn_pred
TEST,1,2026-08-18 02:00:00+00:00,tt_bekasi,16.0,16.0,17.692307692307693,18.191147,16.9584,23.254616,17.074583
TEST,1,2026-08-18 02:00:00+00:00,tt_bogor,36.0,34.0,36.46153846153846,35.227276,34.90584,29.56937,30.768373
TEST,1,2026-08-18 02:00:00+00:00,tt_bsd,34.0,34.0,32.30769230769231,32.403484,33.3305,31.145674,29.83953
TEST,1,2026-08-18 02:00:00+00:00,tt_cawang,21.0,19.0,21.0,19.871758,24.326584,27.356167,25.813437
TEST,1,2026-08-18 02:00:00+00:00,tt_depok,31.0,27.0,29.23076923076923,28.346186,27.36225,29.56937,24.923122
TEST,1,2026-08-18 02:00:00+00:00,tt_gatsu,33.0,45.0,40.76923076923077,42.225285,43.53155,26.564625,37.901245
TEST,1,2026-08-18 02:00:00+00:00,tt_grogol,26.0,24.0,31.076923076923077,31.874634,27.33609,27.86231,27.67007
TEST,1,2026-08-18 02:00:00+00:00,tt_kebonjeruk,26.0,27.0,25.307692307692307,25.452492,28.032907,27.392704,24.477459
TEST,1,2026-08-18 02:00:00+00:00,tt_kelapagading,29.0,29.0,26.846153846153847,25.060555,28.45425,21.943184,24.307775
TEST,1,2026-08-18 02:00:00+00:00,tt_kuningan,21.0,21.0,18.23076923076923,19.72948,20.997486,27.516632,19.884708
TEST,1,2026-08-18 02:00:00+00:00,tt_sudirman,23.0,33.0,25.384615384615383,28.931683,33.174335,29.81454,25.205029
TEST,1,2026-08-18 02:00:00+00:00,tt_tangerang,48.0,38.0,43.84615384615385,39.444397,38.08474,31.645563,32.516724
TEST,1,2026-08-18 02:00:00+00:00,tt_tbsimatupang,16.0,31.0,29.923076923076923,34.023712,35.24931,30.592403,27.963747
TEST,1,2026-08-18 02:00:00+00:00,tt_thamrin,17.0,19.0,17.846153846153847,19.017975,20.01401,17.638144,20.64436
TEST,1,2026-08-18 04:00:00+00:00,tt_bekasi,15.0,16.0,17.666666666666668,19.831345,16.851612,16.9506,17.041283
TEST,1,2026-08-18 04:00:00+00:00,tt_bogor,33.0,36.0,39.25,34.48768,35.67603,32.35117,36.14652
TEST,1,2026-08-18 04:00:00+00:00,tt_bsd,28.0,34.0,32.833333333333336,31.305595,33.3305,33.812057,31.342842
TEST,1,2026-08-18 04:00:00+00:00,tt_cawang,22.0,21.0,20.25,19.758026,24.750038,28.728151,29.22769
TEST,1,2026-08-18 04:00:00+00:00,tt_depok,31.0,31.0,26.916666666666668,28.928137,30.082426,32.35117,25.41387
TEST,1,2026-08-18 04:00:00+00:00,tt_gatsu,32.0,33.0,45.0,38.289867,34.229515,27.322018,31.68053
TEST,1,2026-08-18 04:00:00+00:00,tt_grogol,27.0,26.0,31.5,28.126917,27.423351,31.11291,32.960022
TEST,1,2026-08-18 04:00:00+00:00,tt_kebonjeruk,25.0,26.0,25.166666666666668,23.332735,26.566448,31.318562,25.552982
TEST,1,2026-08-18 04:00:00+00:00,tt_kelapagading,29.0,29.0,22.5,23.590189,28.45425,22.27773,24.053154
TEST,1,2026-08-18 04:00:00+00:00,tt_kuningan,16.0,21.0,19.166666666666668,18.600954,20.997486,28.267916,19.83577
TEST,1,2026-08-18 04:00:00+00:00,tt_sudirman,24.0,23.0,31.666666666666668,24.30839,25.771708,25.654043,27.189577
TEST,1,2026-08-18 04:00:00+00:00,tt_tangerang,36.0,48.0,38.166666666666664,38.701996,45.801426,38.441017,42.382423
TEST,1,2026-08-18 04:00:00+00:00,tt_tbsimatupang,55.0,16.0,38.5,32.197773,28.400291,31.903341,35.707966
TEST,1,2026-08-18 04:00:00+00:00,tt_thamrin,18.0,17.0,19.166666666666668,17.140404,18.456577,20.798672,20.777527
TEST,1,2026-08-18 05:00:00+00:00,tt_bekasi,15.0,15.0,18.0,18.252151,16.422447,18.556,16.559996
TEST,1,2026-08-18 05:00:00+00:00,tt_bogor,38.0,33.0,39.6,34.42258,34.132347,36.173412,33.568645
TEST,1,2026-08-18 05:00:00+00:00,tt_bsd,28.0,28.0,32.4,33.22481,29.97557,36.094154,26.566362
TEST,1,2026-08-18 05:00:00+00:00,tt_cawang,28.0,22.0,23.3,24.780567,25.122746,29.41158,29.237492
TEST,1,2026-08-18 05:00:00+00:00,tt_depok,26.0,31.0,28.2,28.52653,30.469906,36.173412,26.038877
TEST,1,2026-08-18 05:00:00+00:00,tt_gatsu,45.0,32.0,45.0,38.932163,32.952,29.069212,33.079327
TEST,1,2026-08-18 05:00:00+00:00,tt_grogol,36.0,27.0,32.0,30.555819,27.93583,29.532917,31.484192
TEST,1,2026-08-18 05:00:00+00:00,tt_kebonjeruk,22.0,25.0,25.2,25.061764,26.023417,29.361689,26.080448
TEST,1,2026-08-18 05:00:00+00:00,tt_kelapagading,22.0,29.0,21.4,23.575455,28.45425,22.246033,23.972229
TEST,1,2026-08-18 05:00:00+00:00,tt_kuningan,21.0,16.0,18.2,18.886696,18.873354,30.081604,18.186703
TEST,1,2026-08-18 05:00:00+00:00,tt_sudirman,31.0,24.0,28.4,26.287447,25.6521,25.60009,28.171633
TEST,1,2026-08-18 05:00:00+00:00,tt_tangerang,41.0,36.0,39.6,40.564274,39.105972,35.267746,38.05181
TEST,1,2026-08-18 05:00:00+00:00,tt_tbsimatupang,51.0,55.0,45.0,41.503777,49.43633,33.120995,52.69224
TEST,1,2026-08-18 05:00:00+00:00,tt_thamrin,20.0,18.0,18.9,17.198387,18.66457,18.462498,20.218773
TEST,1,2026-08-18 07:00:00+00:00,tt_bekasi,15.0,15.0,17.75,18.225603,16.128546,22.279835,16.651083
TEST,1,2026-08-18 07:00:00+00:00,tt_bogor,34.0,38.0,36.083333333333336,34.81775,37.066956,33.92527,37.96462
TEST,1,2026-08-18 07:00:00+00:00,tt_bsd,30.0,28.0,31.75,32.977924,27.997112,35.392204,27.94583
TEST,1,2026-08-18 07:00:00+00:00,tt_cawang,43.0,28.0,28.666666666666668,27.448864,28.826181,29.22907,31.169294
TEST,1,2026-08-18 07:00:00+00:00,tt_depok,31.0,26.0,26.5,27.519367,26.774185,33.92527,26.465431
TEST,1,2026-08-18 07:00:00+00:00,tt_gatsu,45.0,45.0,34.5,37.575706,43.130558,30.04704,44.06707
TEST,1,2026-08-18 07:00:00+00:00,tt_grogol,32.0,36.0,31.666666666666668,32.61755,35.393406,32.013756,36.359356
TEST,1,2026-08-18 07:00:00+00:00,tt_kebonjeruk,25.0,22.0,22.416666666666668,24.877838,23.703129,31.635378,27.255611
TEST,1,2026-08-18 07:00:00+00:00,tt_kelapagading,22.0,22.0,21.166666666666668,23.376936,23.653885,22.135393,24.636549
TEST,1,2026-08-18 07:00:00+00:00,tt_kuningan,15.0,21.0,18.666666666666668,18.161055,20.689232,32.8418,20.017551
TEST,1,2026-08-18 07:00:00+00:00,tt_sudirman,28.0,31.0,24.583333333333332,28.280188,30.826183,26.915274,29.633049
TEST,1,2026-08-18 07:00:00+00:00,tt_tangerang,38.0,41.0,43.666666666666664,41.753723,40.123272,36.113853,42.38707
TEST,1,2026-08-18 07:00:00+00:00,tt_tbsimatupang,57.0,51.0,56.416666666666664,47.50586,52.20014,35.508972,51.82652
TEST,1,2026-08-18 07:00:00+00:00,tt_thamrin,22.0,20.0,17.0,16.0169,20.016409,20.921413,20.86108
TEST,1,2026-08-18 09:00:00+00:00,tt_bekasi,14.0,15.0,15.692307692307692,17.901014,16.046265,23.90147,16.318226
TEST,1,2026-08-18 09:00:00+00:00,tt_bogor,35.0,34.0,33.84615384615385,35.898506,34.23368,34.825638,35.501427
TEST,1,2026-08-18 09:00:00+00:00,tt_bsd,28.0,30.0,32.69230769230769,32.686966,29.482096,36.474068,29.756104
TEST,1,2026-08-18 09:00:00+00:00,tt_cawang,29.0,43.0,30.923076923076923,35.020638,41.61187,31.275826,33.522846
TEST,1,2026-08-18 09:00:00+00:00,tt_depok,24.0,31.0,23.846153846153847,27.570175,30.021494,34.825638,27.522095
TEST,1,2026-08-18 09:00:00+00:00,tt_gatsu,45.0,45.0,36.0,36.22897,43.891052,32.708996,41.024826
TEST,1,2026-08-18 09:00:00+00:00,tt_grogol,32.0,32.0,32.15384615384615,35.015556,32.698586,31.799397,34.40342
TEST,1,2026-08-18 09:00:00+00:00,tt_kebonjeruk,23.0,25.0,22.692307692307693,26.96812,25.235548,31.899902,27.57209
TEST,1,2026-08-18 09:00:00+00:00,tt_kelapagading,23.0,22.0,21.692307692307693,24.92269,22.959751,23.263428,24.594624
TEST,1,2026-08-18 09:00:00+00:00,tt_kuningan,21.0,15.0,18.46153846153846,18.6725,17.377354,35.812874,17.525826
TEST,1,2026-08-18 09:00:00+00:00,tt_sudirman,31.0,28.0,24.0,30.25205,28.863346,25.405224,30.190002
TEST,1,2026-08-18 09:00:00+00:00,tt_tangerang,38.0,38.0,40.53846153846154,41.870842,37.78837,35.81746,40.362907
TEST,1,2026-08-18 09:00:00+00:00,tt_tbsimatupang,43.0,57.0,40.46153846153846,53.93864,55.010063,37.631092,56.30365
TEST,1,2026-08-18 09:00:00+00:00,tt_thamrin,22.0,22.0,17.615384615384617,16.27826,21.484913,21.318693,19.945343
TEST,1,2026-08-18 10:00:00+00:00,tt_bekasi,14.0,14.0,15.3,19.068419,15.61071,21.152855,15.493498
TEST,1,2026-08-18 10:00:00+00:00,tt_bogor,35.0,35.0,31.5,35.64901,34.334904,33.05784,35.17619
TEST,1,2026-08-18 10:00:00+00:00,tt_bsd,34.0,28.0,32.0,33.088474,28.589912,34.522415,27.687847
TEST,1,2026-08-18 10:00:00+00:00,tt_cawang,30.0,29.0,29.9,33.31346,34.131676,29.014585,29.917248
TEST,1,2026-08-18 10:00:00+00:00,tt_depok,25.0,24.0,23.6,25.9919,26.902336,33.05784,25.814058
TEST,1,2026-08-18 10:00:00+00:00,tt_gatsu,4.0,45.0,23.1,34.446857,43.737305,29.547422,40.845673
TEST,1,2026-08-18 10:00:00+00:00,tt_grogol,31.0,32.0,32.1,34.939075,32.05439,32.80036,33.577812
TEST,1,2026-08-18 10:00:00+00:00,tt_kebonjeruk,21.0,23.0,21.4,25.50002,24.308134,32.563606,26.511337
TEST,1,2026-08-18 10:00:00+00:00,tt_kelapagading,21.0,23.0,20.9,24.217196,23.370436,22.055277,23.654058
TEST,1,2026-08-18 10:00:00+00:00,tt_kuningan,14.0,21.0,15.3,17.425554,19.45325,33.50017,19.250637
TEST,1,2026-08-18 10:00:00+00:00,tt_sudirman,23.0,31.0,19.4,29.310349,30.001705,25.336618,28.733082
TEST,1,2026-08-18 10:00:00+00:00,tt_tangerang,34.0,38.0,36.3,39.916836,37.52318,35.29089,39.348583
TEST,1,2026-08-18 10:00:00+00:00,tt_tbsimatupang,44.0,43.0,34.0,51.449474,45.830627,35.525475,48.49765
TEST,1,2026-08-18 10:00:00+00:00,tt_thamrin,22.0,22.0,15.5,16.55335,21.613361,23.141808,19.859343
TEST,1,2026-08-18 12:00:00+00:00,tt_bekasi,14.0,14.0,14.857142857142858,16.325846,15.314648,20.46764,14.289307
TEST,1,2026-08-18 12:00:00+00:00,tt_bogor,35.0,35.0,34.0,36.265953,34.22206,37.934624,30.688522
TEST,1,2026-08-18 12:00:00+00:00,tt_bsd,34.0,34.0,32.642857142857146,34.07956,32.958298,32.03611,31.666395
TEST,1,2026-08-18 12:00:00+00:00,tt_cawang,34.0,30.0,34.142857142857146,37.09045,30.493935,19.874844,25.996267
TEST,1,2026-08-18 12:00:00+00:00,tt_depok,26.0,25.0,23.857142857142858,24.29292,25.47535,37.934624,22.97115
TEST,1,2026-08-18 12:00:00+00:00,tt_gatsu,45.0,4.0,24.785714285714285,31.342476,20.90734,19.423607,23.84098
TEST,1,2026-08-18 12:00:00+00:00,tt_grogol,32.0,31.0,33.07142857142857,34.935413,30.493074,22.969593,27.22132
TEST,1,2026-08-18 12:00:00+00:00,tt_kebonjeruk,25.0,21.0,23.571428571428573,23.455032,21.87057,23.197979,22.680231
TEST,1,2026-08-18 12:00:00+00:00,tt_kelapagading,22.0,21.0,20.714285714285715,22.603243,22.110767,22.570173,20.965351
TEST,1,2026-08-18 12:00:00+00:00,tt_kuningan,13.0,14.0,13.785714285714286,16.619362,16.592737,22.493853,15.348579
TEST,1,2026-08-18 12:00:00+00:00,tt_sudirman,29.0,23.0,23.714285714285715,26.699959,24.67095,20.696339,23.77774
TEST,1,2026-08-18 12:00:00+00:00,tt_tangerang,48.0,34.0,43.57142857142857,40.51349,34.22538,33.667248,29.399206
TEST,1,2026-08-18 12:00:00+00:00,tt_tbsimatupang,72.0,44.0,58.92857142857143,52.988247,43.216568,33.41505,42.985794
TEST,1,2026-08-18 12:00:00+00:00,tt_thamrin,17.0,22.0,12.785714285714286,18.353966,21.643324,21.653255,17.39429
TEST,1,2026-08-18 14:00:00+00:00,tt_bekasi,16.0,14.0,17.23076923076923,15.394811,15.238272,25.488808,15.274527
TEST,1,2026-08-18 14:00:00+00:00,tt_bogor,45.0,35.0,39.30769230769231,39.863922,34.262527,38.288315,33.600292
TEST,1,2026-08-18 14:00:00+00:00,tt_bsd,34.0,34.0,33.23076923076923,33.587067,33.488564,42.18853,33.006752
TEST,1,2026-08-18 14:00:00+00:00,tt_cawang,32.0,34.0,39.53846153846154,41.46673,33.369503,28.225338,32.196487
TEST,1,2026-08-18 14:00:00+00:00,tt_depok,26.0,26.0,27.0,28.022299,26.020346,38.288315,26.70018
TEST,1,2026-08-18 14:00:00+00:00,tt_gatsu,45.0,45.0,45.0,40.008842,46.20155,36.435608,46.421318
TEST,1,2026-08-18 14:00:00+00:00,tt_grogol,40.0,32.0,38.30769230769231,38.372837,31.318949,27.087704,36.00027
TEST,1,2026-08-18 14:00:00+00:00,tt_kebonjeruk,31.0,25.0,28.692307692307693,30.693438,24.32557,27.908035,27.373077
TEST,1,2026-08-18 14:00:00+00:00,tt_kelapagading,29.0,22.0,25.615384615384617,26.51702,22.310905,22.548195,24.176723
TEST,1,2026-08-18 14:00:00+00:00,tt_kuningan,16.0,13.0,18.23076923076923,18.943586,15.3250065,40.710587,15.792224
TEST,1,2026-08-18 14:00:00+00:00,tt_sudirman,30.0,29.0,31.153846153846153,32.20915,28.047436,24.538954,30.090212
TEST,1,2026-08-18 14:00:00+00:00,tt_tangerang,48.0,48.0,48.0,47.414387,45.628593,42.32036,48.304634
TEST,1,2026-08-18 14:00:00+00:00,tt_tbsimatupang,72.0,72.0,68.23076923076923,70.761116,64.124435,39.74847,69.78125
TEST,1,2026-08-18 14:00:00+00:00,tt_thamrin,22.0,17.0,17.846153846153847,17.695787,18.606739,22.55614,18.055565
TEST,1,2026-08-18 15:00:00+00:00,tt_bekasi,16.0,16.0,18.0,15.763427,16.040956,24.807323,17.060562
TEST,1,2026-08-18 15:00:00+00:00,tt_bogor,45.0,45.0,43.416666666666664,40.952133,40.153175,38.38903,43.71849
TEST,1,2026-08-18 15:00:00+00:00,tt_bsd,34.0,34.0,34.0,33.549404,33.38913,42.60785,35.119503
TEST,1,2026-08-18 15:00:00+00:00,tt_cawang,43.0,32.0,39.75,41.867767,32.587433,33.69797,36.156075
TEST,1,2026-08-18 15:00:00+00:00,tt_depok,31.0,26.0,30.5,28.889345,26.039991,38.38903,29.686586
TEST,1,2026-08-18 15:00:00+00:00,tt_gatsu,45.0,45.0,45.0,41.996143,47.14674,38.441544,45.409817
TEST,1,2026-08-18 15:00:00+00:00,tt_grogol,40.0,40.0,40.0,39.506493,35.99132,34.438145,40.538277
TEST,1,2026-08-18 15:00:00+00:00,tt_kebonjeruk,35.0,31.0,34.166666666666664,32.769653,27.899958,34.7738,31.178356
TEST,1,2026-08-18 15:00:00+00:00,tt_kelapagading,29.0,29.0,28.333333333333332,27.476185,25.77716,23.99721,26.69085
TEST,1,2026-08-18 15:00:00+00:00,tt_kuningan,21.0,16.0,19.666666666666668,19.564943,16.321873,41.54592,18.026133
TEST,1,2026-08-18 15:00:00+00:00,tt_sudirman,39.0,30.0,35.833333333333336,34.522343,29.159283,26.118687,33.89448
TEST,1,2026-08-18 15:00:00+00:00,tt_tangerang,48.0,48.0,46.333333333333336,48.661007,46.392494,44.19654,48.575905
TEST,1,2026-08-18 15:00:00+00:00,tt_tbsimatupang,72.0,72.0,72.0,74.94012,64.61559,41.353954,70.663284
TEST,1,2026-08-18 15:00:00+00:00,tt_thamrin,22.0,22.0,18.583333333333332,18.86373,20.480953,25.562803,20.43415
TEST,1,2026-08-18 17:00:00+00:00,tt_bekasi,17.0,16.0,18.0,18.212664,16.56546,26.974648,17.480303
TEST,1,2026-08-18 17:00:00+00:00,tt_bogor,45.0,45.0,44.27272727272727,44.030293,43.450794,40.772987,43.136963
TEST,1,2026-08-18 17:00:00+00:00,tt_bsd,34.0,34.0,33.63636363636363,33.900917,33.240986,41.95132,35.488266
TEST,1,2026-08-18 17:00:00+00:00,tt_cawang,43.0,43.0,43.0,43.004448,41.13496,40.612953,39.52485
TEST,1,2026-08-18 17:00:00+00:00,tt_depok,31.0,31.0,31.0,30.491686,29.958652,40.772987,33.78972
TEST,1,2026-08-18 17:00:00+00:00,tt_gatsu,45.0,45.0,45.0,44.026978,45.414547,42.561836,45.441128
TEST,1,2026-08-18 17:00:00+00:00,tt_grogol,40.0,40.0,39.45454545454545,40.637314,38.90211,41.746243,40.71746
TEST,1,2026-08-18 17:00:00+00:00,tt_kebonjeruk,35.0,35.0,35.0,36.103844,33.793465,42.166393,35.050842
TEST,1,2026-08-18 17:00:00+00:00,tt_kelapagading,29.0,29.0,29.0,29.14288,28.097862,24.750498,29.901937
TEST,1,2026-08-18 17:00:00+00:00,tt_kuningan,21.0,21.0,21.0,20.708557,20.118633,44.88891,19.925114
TEST,1,2026-08-18 17:00:00+00:00,tt_sudirman,39.0,39.0,38.0,38.212643,37.349697,33.78906,37.452255
TEST,1,2026-08-18 17:00:00+00:00,tt_tangerang,48.0,48.0,48.0,49.154816,46.149498,44.434937,48.744904
TEST,1,2026-08-18 17:00:00+00:00,tt_tbsimatupang,72.0,72.0,72.0,76.77125,64.373024,44.28547,69.000824
TEST,1,2026-08-18 17:00:00+00:00,tt_thamrin,22.0,22.0,22.0,21.738745,21.839245,26.069973,21.864002
TEST,1,2026-08-18 19:00:00+00:00,tt_bekasi,17.0,17.0,18.0,19.2263,17.250633,24.946758,17.958084
TEST,1,2026-08-18 19:00:00+00:00,tt_bogor,45.0,45.0,44.72727272727273,45.077667,43.36832,38.7742,42.63285
TEST,1,2026-08-18 19:00:00+00:00,tt_bsd,34.0,34.0,34.0,33.91865,33.257133,39.44659,35.083546
TEST,1,2026-08-18 19:00:00+00:00,tt_cawang,43.0,43.0,43.0,41.922565,41.924454,39.09523,38.5633
TEST,1,2026-08-18 19:00:00+00:00,tt_depok,31.0,31.0,31.0,31.97076,30.504587,38.7742,32.930862
TEST,1,2026-08-18 19:00:00+00:00,tt_gatsu,45.0,45.0,45.0,45.615204,44.2052,39.788097,45.60304
TEST,1,2026-08-18 19:00:00+00:00,tt_grogol,40.0,40.0,40.0,39.799995,38.862854,41.88379,40.480846
TEST,1,2026-08-18 19:00:00+00:00,tt_kebonjeruk,35.0,35.0,35.0,35.610497,34.269405,41.861576,34.207497
TEST,1,2026-08-18 19:00:00+00:00,tt_kelapagading,29.0,29.0,29.0,29.275623,28.240229,24.539886,29.582233
TEST,1,2026-08-18 19:00:00+00:00,tt_kuningan,21.0,21.0,21.0,21.111473,20.681984,43.056923,19.716854
TEST,1,2026-08-18 19:00:00+00:00,tt_sudirman,39.0,39.0,38.0,38.75928,38.116337,33.41087,36.543884
TEST,1,2026-08-18 19:00:00+00:00,tt_tangerang,48.0,48.0,48.0,48.076973,45.855335,43.630447,48.30435
TEST,1,2026-08-18 19:00:00+00:00,tt_tbsimatupang,72.0,72.0,72.0,72.06529,64.128,43.074104,67.364655
TEST,1,2026-08-18 19:00:00+00:00,tt_thamrin,22.0,22.0,22.0,21.74231,21.912544,24.67007,21.934372
TEST,1,2026-08-18 20:00:00+00:00,tt_bekasi,17.0,17.0,18.0,19.09683,17.349339,24.354586,18.042274
TEST,1,2026-08-18 20:00:00+00:00,tt_bogor,45.0,45.0,45.0,44.652607,43.27285,38.550694,42.72335
TEST,1,2026-08-18 20:00:00+00:00,tt_bsd,34.0,34.0,34.0,33.936,33.2764,38.805,35.020504
TEST,1,2026-08-18 20:00:00+00:00,tt_cawang,43.0,43.0,43.0,40.706566,41.71297,37.580784,38.73522
TEST,1,2026-08-18 20:00:00+00:00,tt_depok,31.0,31.0,31.0,31.86755,30.40102,38.550694,32.971653
TEST,1,2026-08-18 20:00:00+00:00,tt_gatsu,45.0,45.0,45.0,46.03719,43.891823,37.39456,45.96656
TEST,1,2026-08-18 20:00:00+00:00,tt_grogol,40.0,40.0,40.0,39.505768,38.774517,40.992146,40.614616
TEST,1,2026-08-18 20:00:00+00:00,tt_kebonjeruk,35.0,35.0,35.0,34.905678,34.132484,41.005238,34.24822
TEST,1,2026-08-18 20:00:00+00:00,tt_kelapagading,29.0,29.0,29.0,29.311205,28.201532,24.616879,29.644562
TEST,1,2026-08-18 20:00:00+00:00,tt_kuningan,21.0,21.0,21.0,21.06493,20.688816,41.7796,19.952719
TEST,1,2026-08-18 20:00:00+00:00,tt_sudirman,39.0,39.0,38.0,38.51684,37.968468,33.306965,36.613274
TEST,1,2026-08-18 20:00:00+00:00,tt_tangerang,48.0,48.0,48.0,47.733166,45.809227,42.38485,48.32553
TEST,1,2026-08-18 20:00:00+00:00,tt_tbsimatupang,72.0,72.0,72.0,69.13968,64.00271,43.10187,66.24237
TEST,1,2026-08-18 20:00:00+00:00,tt_thamrin,22.0,22.0,22.0,21.694244,21.86385,24.035257,22.139652
TEST,1,2026-08-18 22:00:00+00:00,tt_bekasi,17.0,17.0,18.0,17.448824,17.451439,22.633987,18.434362
TEST,1,2026-08-18 22:00:00+00:00,tt_bogor,45.0,45.0,45.0,42.90977,43.21313,37.573437,42.556282
TEST,1,2026-08-18 22:00:00+00:00,tt_bsd,34.0,34.0,33.6,33.655033,33.3305,37.230484,34.604877
TEST,1,2026-08-18 22:00:00+00:00,tt_cawang,43.0,43.0,40.9,36.572586,41.457184,34.37361,38.538334
TEST,1,2026-08-18 22:00:00+00:00,tt_depok,31.0,31.0,31.0,31.21406,30.287205,37.573437,33.073578
TEST,1,2026-08-18 22:00:00+00:00,tt_gatsu,45.0,45.0,45.0,47.00268,43.474422,33.43177,44.452103
TEST,1,2026-08-18 22:00:00+00:00,tt_grogol,40.0,40.0,40.0,39.002865,38.719986,37.875317,40.411026
TEST,1,2026-08-18 22:00:00+00:00,tt_kebonjeruk,35.0,35.0,35.0,32.69629,34.016186,38.021866,34.292633
TEST,1,2026-08-18 22:00:00+00:00,tt_kelapagading,29.0,29.0,29.0,29.130402,28.241707,24.16047,29.95373
TEST,1,2026-08-18 22:00:00+00:00,tt_kuningan,21.0,21.0,21.0,21.629421,20.718138,34.958458,20.374756
TEST,1,2026-08-18 22:00:00+00:00,tt_sudirman,39.0,39.0,38.0,37.69725,37.750233,32.62585,36.530945
TEST,1,2026-08-18 22:00:00+00:00,tt_tangerang,48.0,48.0,48.0,47.194252,45.81704,37.014893,47.458157
TEST,1,2026-08-18 22:00:00+00:00,tt_tbsimatupang,72.0,72.0,72.0,61.85272,63.813927,39.561436,62.513763
TEST,1,2026-08-18 22:00:00+00:00,tt_thamrin,22.0,22.0,22.0,21.846474,21.826069,21.632767,22.651619
TEST,1,2026-08-19 00:00:00+00:00,tt_bekasi,15.0,17.0,18.0,16.053116,17.527159,28.771875,19.068213
TEST,1,2026-08-19 00:00:00+00:00,tt_bogor,35.0,45.0,36.2,41.984077,43.26361,37.19077,42.567257
TEST,1,2026-08-19 00:00:00+00:00,tt_bsd,29.0,34.0,31.5,33.6092,33.3305,37.098186,34.649612
TEST,1,2026-08-19 00:00:00+00:00,tt_cawang,20.0,43.0,22.6,32.35012,41.481014,35.29529,38.19569
TEST,1,2026-08-19 00:00:00+00:00,tt_depok,31.0,31.0,30.2,30.352129,30.339561,37.19077,33.374836
TEST,1,2026-08-19 00:00:00+00:00,tt_gatsu,45.0,45.0,44.2,47.279514,43.35295,34.387894,42.816536
TEST,1,2026-08-19 00:00:00+00:00,tt_grogol,40.0,40.0,35.9,37.815933,38.782143,34.67081,39.914238
TEST,1,2026-08-19 00:00:00+00:00,tt_kebonjeruk,27.0,35.0,29.5,30.950584,34.087086,34.18614,34.54945
TEST,1,2026-08-19 00:00:00+00:00,tt_kelapagading,29.0,29.0,28.3,28.422123,28.378136,23.48228,30.623465
TEST,1,2026-08-19 00:00:00+00:00,tt_kuningan,21.0,21.0,21.0,22.227226,20.923481,35.161274,21.335697
TEST,1,2026-08-19 00:00:00+00:00,tt_sudirman,39.0,39.0,31.4,37.453793,37.796593,35.21264,36.49034
TEST,1,2026-08-19 00:00:00+00:00,tt_tangerang,48.0,48.0,44.3,46.107273,45.90544,35.82455,47.29686
TEST,1,2026-08-19 00:00:00+00:00,tt_tbsimatupang,39.0,72.0,42.1,57.0839,63.908897,36.54792,63.338745
TEST,1,2026-08-19 00:00:00+00:00,tt_thamrin,19.0,22.0,20.3,21.896925,21.8945,19.540096,23.629942
TEST,1,2026-08-19 01:00:00+00:00,tt_bekasi,16.0,15.0,17.818181818181817,17.624897,16.719658,22.812874,17.211681
TEST,1,2026-08-19 01:00:00+00:00,tt_bogor,37.0,35.0,37.18181818181818,37.350227,37.45462,31.64125,30.51085
TEST,1,2026-08-19 01:00:00+00:00,tt_bsd,34.0,29.0,31.181818181818183,32.502262,30.510742,33.1274,26.400976
TEST,1,2026-08-19 01:00:00+00:00,tt_cawang,13.0,20.0,23.818181818181817,21.6408,29.453026,28.22002,26.839567
TEST,1,2026-08-19 01:00:00+00:00,tt_depok,27.0,31.0,28.363636363636363,28.172894,30.376614,31.64125,26.89952
TEST,1,2026-08-19 01:00:00+00:00,tt_gatsu,13.0,45.0,42.27272727272727,44.885227,43.35295,28.370308,38.80273
TEST,1,2026-08-19 01:00:00+00:00,tt_grogol,32.0,40.0,34.36363636363637,34.09127,38.821144,32.395523,34.046665
TEST,1,2026-08-19 01:00:00+00:00,tt_kebonjeruk,25.0,27.0,29.181818181818183,27.924065,29.776514,31.84703,26.491486
TEST,1,2026-08-19 01:00:00+00:00,tt_kelapagading,29.0,29.0,28.181818181818183,27.190552,28.428556,20.728191,25.7118
TEST,1,2026-08-19 01:00:00+00:00,tt_kuningan,21.0,21.0,21.0,21.68392,20.99698,30.053389,20.37825
TEST,1,2026-08-19 01:00:00+00:00,tt_sudirman,22.0,39.0,26.363636363636363,32.753242,37.83602,31.497543,27.944803
TEST,1,2026-08-19 01:00:00+00:00,tt_tangerang,39.0,48.0,42.45454545454545,41.737457,45.90544,34.96633,41.557922
TEST,1,2026-08-19 01:00:00+00:00,tt_tbsimatupang,18.0,39.0,35.45454545454545,38.10242,43.806953,31.422482,33.048187
TEST,1,2026-08-19 01:00:00+00:00,tt_thamrin,22.0,19.0,18.454545454545453,22.0021,20.592224,18.30223,21.906116
TEST,1,2026-08-19 03:00:00+00:00,tt_bekasi,16.0,16.0,17.727272727272727,19.695377,16.809368,13.371763,17.016466
TEST,1,2026-08-19 03:00:00+00:00,tt_bogor,37.0,37.0,37.90909090909091,32.202496,36.571075,30.23844,34.887703
TEST,1,2026-08-19 03:00:00+00:00,tt_bsd,34.0,34.0,32.0,33.160236,32.96337,30.617598,31.644955
TEST,1,2026-08-19 03:00:00+00:00,tt_cawang,20.0,13.0,21.818181818181817,20.063704,21.984776,27.152107,27.72441
TEST,1,2026-08-19 03:00:00+00:00,tt_depok,31.0,27.0,26.545454545454547,28.887556,27.36225,30.23844,23.96087
TEST,1,2026-08-19 03:00:00+00:00,tt_gatsu,45.0,13.0,43.90909090909091,37.936783,23.581177,25.970598,24.703388
TEST,1,2026-08-19 03:00:00+00:00,tt_grogol,31.0,32.0,31.272727272727273,26.530605,32.696312,28.750973,29.619827
TEST,1,2026-08-19 03:00:00+00:00,tt_kebonjeruk,23.0,25.0,25.0,22.590471,26.111069,29.106674,24.15413
TEST,1,2026-08-19 03:00:00+00:00,tt_kelapagading,29.0,29.0,24.636363636363637,23.539276,28.45425,22.830036,22.956867
TEST,1,2026-08-19 03:00:00+00:00,tt_kuningan,16.0,21.0,18.545454545454547,18.832222,20.997486,26.962202,20.193298
TEST,1,2026-08-19 03:00:00+00:00,tt_sudirman,24.0,22.0,32.27272727272727,23.49886,25.996828,23.959875,25.44764
TEST,1,2026-08-19 03:00:00+00:00,tt_tangerang,40.0,39.0,39.54545454545455,38.480995,38.836548,33.640034,33.656624
TEST,1,2026-08-19 03:00:00+00:00,tt_tbsimatupang,33.0,18.0,37.45454545454545,30.283443,28.796785,28.915817,31.891878
TEST,1,2026-08-19 03:00:00+00:00,tt_thamrin,20.0,22.0,18.90909090909091,17.154585,21.718828,15.3375435,21.452091
TEST,1,2026-08-19 05:00:00+00:00,tt_bekasi,15.0,16.0,18.0,18.50339,16.826263,21.639793,17.192696
TEST,1,2026-08-19 05:00:00+00:00,tt_bogor,32.0,37.0,39.6,34.272972,36.58439,33.364193,37.11522
TEST,1,2026-08-19 05:00:00+00:00,tt_bsd,34.0,34.0,32.4,33.593372,33.433243,35.354187,32.681793
TEST,1,2026-08-19 05:00:00+00:00,tt_cawang,17.0,20.0,23.3,23.513536,25.161755,28.9687,30.695301
TEST,1,2026-08-19 05:00:00+00:00,tt_depok,31.0,31.0,28.2,28.63279,30.082426,33.364193,26.694908
TEST,1,2026-08-19 05:00:00+00:00,tt_gatsu,45.0,45.0,45.0,38.72392,45.21921,27.88718,44.374443
TEST,1,2026-08-19 05:00:00+00:00,tt_grogol,31.0,31.0,32.0,30.391338,31.132246,30.368078,34.087185
TEST,1,2026-08-19 05:00:00+00:00,tt_kebonjeruk,24.0,23.0,25.2,25.071741,24.482298,30.451105,26.705278
TEST,1,2026-08-19 05:00:00+00:00,tt_kelapagading,21.0,29.0,21.4,23.614796,28.45425,22.347595,24.498276
TEST,1,2026-08-19 05:00:00+00:00,tt_kuningan,17.0,16.0,18.2,18.684189,17.954323,28.994244,18.554302
TEST,1,2026-08-19 05:00:00+00:00,tt_sudirman,27.0,24.0,28.4,25.095024,26.032743,27.679733,28.694557
TEST,1,2026-08-19 05:00:00+00:00,tt_tangerang,40.0,40.0,39.6,40.449486,39.228535,35.160477,39.865147
TEST,1,2026-08-19 05:00:00+00:00,tt_tbsimatupang,43.0,33.0,45.0,39.631992,37.94853,33.162502,41.555946
TEST,1,2026-08-19 05:00:00+00:00,tt_thamrin,17.0,20.0,18.9,17.601585,20.591663,18.090935,20.89288
TEST,1,2026-08-19 06:00:00+00:00,tt_bekasi,18.0,15.0,17.083333333333332,17.749905,16.400276,18.703014,16.152607
TEST,1,2026-08-19 06:00:00+00:00,tt_bogor,35.0,32.0,36.166666666666664,33.97071,33.809277,32.2302,33.11106
TEST,1,2026-08-19 06:00:00+00:00,tt_bsd,34.0,34.0,33.666666666666664,33.087975,33.429916,36.03118,31.61106
TEST,1,2026-08-19 06:00:00+00:00,tt_cawang,19.0,17.0,21.333333333333332,24.883472,23.902576,26.683346,29.358856
TEST,1,2026-08-19 06:00:00+00:00,tt_depok,27.0,31.0,26.25,27.562689,30.469906,32.2302,25.650093
TEST,1,2026-08-19 06:00:00+00:00,tt_gatsu,30.0,45.0,42.5,38.482285,46.213802,26.70442,41.7827
TEST,1,2026-08-19 06:00:00+00:00,tt_grogol,27.0,31.0,31.333333333333332,31.397686,31.018385,29.955065,33.006683
TEST,1,2026-08-19 06:00:00+00:00,tt_kebonjeruk,21.0,24.0,24.083333333333332,24.95999,24.796917,30.258675,25.727493
TEST,1,2026-08-19 06:00:00+00:00,tt_kelapagading,21.0,21.0,20.083333333333332,22.974142,24.628735,20.152729,23.3643
TEST,1,2026-08-19 06:00:00+00:00,tt_kuningan,21.0,17.0,19.166666666666668,18.01395,17.992369,27.729856,18.16542
TEST,1,2026-08-19 06:00:00+00:00,tt_sudirman,18.0,27.0,26.75,25.241438,27.453096,24.967402,27.844484
TEST,1,2026-08-19 06:00:00+00:00,tt_tangerang,38.0,40.0,38.583333333333336,40.800446,39.296566,35.78311,39.70169
TEST,1,2026-08-19 06:00:00+00:00,tt_tbsimatupang,48.0,43.0,48.833333333333336,41.869823,43.69502,31.791832,46.057167
TEST,1,2026-08-19 06:00:00+00:00,tt_thamrin,13.0,17.0,18.75,16.830952,19.149685,18.324594,19.764969
TEST,1,2026-08-19 08:00:00+00:00,tt_bekasi,15.0,18.0,15.923076923076923,17.243027,17.957949,21.830154,16.597786
TEST,1,2026-08-19 08:00:00+00:00,tt_bogor,34.0,35.0,34.61538461538461,33.35465,34.568016,32.216846,34.46067
TEST,1,2026-08-19 08:00:00+00:00,tt_bsd,28.0,34.0,32.07692307692308,32.322983,33.357307,34.878365,31.542816
TEST,1,2026-08-19 08:00:00+00:00,tt_cawang,32.0,19.0,35.15384615384615,29.830944,23.395845,26.57496,28.513134
TEST,1,2026-08-19 08:00:00+00:00,tt_depok,25.0,27.0,27.384615384615383,25.597406,27.436714,32.216846,23.856636
TEST,1,2026-08-19 08:00:00+00:00,tt_gatsu,26.0,30.0,30.46153846153846,32.086456,33.70435,26.450245,31.746662
TEST,1,2026-08-19 08:00:00+00:00,tt_grogol,27.0,27.0,31.384615384615383,31.134104,27.99519,27.612232,30.35221
TEST,1,2026-08-19 08:00:00+00:00,tt_kebonjeruk,18.0,21.0,21.923076923076923,21.627132,22.82517,28.3898,24.468525
TEST,1,2026-08-19 08:00:00+00:00,tt_kelapagading,22.0,21.0,20.923076923076923,20.550714,22.455536,21.05701,22.236843
TEST,1,2026-08-19 08:00:00+00:00,tt_kuningan,21.0,21.0,19.53846153846154,17.24453,20.580204,26.658245,18.228928
TEST,1,2026-08-19 08:00:00+00:00,tt_sudirman,22.0,18.0,22.846153846153847,23.48736,22.466173,23.563362,26.06442
TEST,1,2026-08-19 08:00:00+00:00,tt_tangerang,48.0,38.0,37.61538461538461,39.896267,37.65894,32.765,36.803055
TEST,1,2026-08-19 08:00:00+00:00,tt_tbsimatupang,32.0,48.0,43.0,43.848312,48.324093,30.583744,48.99014
TEST,1,2026-08-19 08:00:00+00:00,tt_thamrin,8.0,13.0,15.461538461538462,15.625047,15.982213,19.68856,18.54009
TEST,1,2026-08-19 10:00:00+00:00,tt_bekasi,13.0,15.0,15.3,17.748875,16.395405,22.923378,14.457218
TEST,1,2026-08-19 10:00:00+00:00,tt_bogor,30.0,34.0,31.5,35.14553,33.808403,31.790625,33.711044
TEST,1,2026-08-19 10:00:00+00:00,tt_bsd,34.0,28.0,32.0,33.17219,28.508436,33.526184,27.530037
TEST,1,2026-08-19 10:00:00+00:00,tt_cawang,43.0,32.0,29.9,32.147854,31.869371,26.186209,29.204432
TEST,1,2026-08-19 10:00:00+00:00,tt_depok,23.0,25.0,23.6,24.539751,25.503551,31.790625,23.22161
TEST,1,2026-08-19 10:00:00+00:00,tt_gatsu,23.0,26.0,23.1,28.945005,29.28586,26.37467,32.54951
TEST,1,2026-08-19 10:00:00+00:00,tt_grogol,30.0,27.0,32.1,32.969948,27.422398,28.977089,31.447866
TEST,1,2026-08-19 10:00:00+00:00,tt_kebonjeruk,19.0,18.0,21.4,20.244137,20.296085,29.567276,24.170105
TEST,1,2026-08-19 10:00:00+00:00,tt_kelapagading,22.0,22.0,20.9,20.721174,22.852718,21.132458,21.094025
TEST,1,2026-08-19 10:00:00+00:00,tt_kuningan,16.0,21.0,15.3,16.193518,20.92626,26.53657,16.702171
TEST,1,2026-08-19 10:00:00+00:00,tt_sudirman,19.0,22.0,19.4,23.056423,23.605762,23.16393,26.056665
TEST,1,2026-08-19 10:00:00+00:00,tt_tangerang,28.0,48.0,36.3,39.625782,45.728336,33.93332,42.134544
TEST,1,2026-08-19 10:00:00+00:00,tt_tbsimatupang,34.0,32.0,34.0,46.56616,35.42392,30.611155,42.000954
TEST,1,2026-08-19 10:00:00+00:00,tt_thamrin,17.0,8.0,15.5,17.695454,12.77331,20.369246,16.319073
TEST,1,2026-08-19 11:00:00+00:00,tt_bekasi,18.0,13.0,14.692307692307692,16.78989,15.3847065,23.17762,13.8603
TEST,1,2026-08-19 11:00:00+00:00,tt_bogor,33.0,30.0,33.07692307692308,35.91423,31.351622,34.05681,32.810287
TEST,1,2026-08-19 11:00:00+00:00,tt_bsd,27.0,34.0,32.07692307692308,32.8353,31.363043,32.109303,32.64945
TEST,1,2026-08-19 11:00:00+00:00,tt_cawang,43.0,43.0,29.23076923076923,34.937206,38.898327,25.26665,29.843374
TEST,1,2026-08-19 11:00:00+00:00,tt_depok,25.0,23.0,24.846153846153847,23.97496,24.363602,34.05681,22.9771
TEST,1,2026-08-19 11:00:00+00:00,tt_gatsu,35.0,23.0,16.615384615384617,29.179985,27.428349,25.924091,32.24501
TEST,1,2026-08-19 11:00:00+00:00,tt_grogol,32.0,30.0,32.69230769230769,34.034206,28.870264,27.385551,30.610268
TEST,1,2026-08-19 11:00:00+00:00,tt_kebonjeruk,21.0,19.0,21.923076923076923,20.691378,20.14476,29.01588,23.597244
TEST,1,2026-08-19 11:00:00+00:00,tt_kelapagading,20.0,22.0,20.076923076923077,21.11146,22.83454,22.660889,20.611412
TEST,1,2026-08-19 11:00:00+00:00,tt_kuningan,16.0,16.0,15.153846153846152,15.989339,18.750662,27.270996,15.519234
TEST,1,2026-08-19 11:00:00+00:00,tt_sudirman,16.0,19.0,18.53846153846154,24.188946,22.04876,23.33517,25.504204
TEST,1,2026-08-19 11:00:00+00:00,tt_tangerang,26.0,28.0,38.0,39.59999,34.572384,32.726337,33.74944
TEST,1,2026-08-19 11:00:00+00:00,tt_tbsimatupang,44.0,34.0,39.92307692307692,49.11998,35.234623,32.137676,41.608578
TEST,1,2026-08-19 11:00:00+00:00,tt_thamrin,10.0,17.0,13.0,17.709301,15.794388,21.266857,16.73541
TEST,1,2026-08-19 13:00:00+00:00,tt_bekasi,18.0,18.0,17.2,16.010622,17.84296,24.800373,15.487576
TEST,1,2026-08-19 13:00:00+00:00,tt_bogor,45.0,33.0,40.9,37.73513,32.298557,33.365826,29.115498
TEST,1,2026-08-19 13:00:00+00:00,tt_bsd,34.0,27.0,31.6,32.257244,27.875349,31.768122,25.537588
TEST,1,2026-08-19 13:00:00+00:00,tt_cawang,43.0,43.0,40.6,38.24127,42.07144,24.003088,26.223993
TEST,1,2026-08-19 13:00:00+00:00,tt_depok,25.0,25.0,25.0,24.786531,25.067764,33.365826,21.625652
TEST,1,2026-08-19 13:00:00+00:00,tt_gatsu,45.0,35.0,43.3,31.915934,34.91968,24.884476,32.74363
TEST,1,2026-08-19 13:00:00+00:00,tt_grogol,31.0,32.0,37.9,36.720108,31.333004,22.278969,26.863874
TEST,1,2026-08-19 13:00:00+00:00,tt_kebonjeruk,27.0,21.0,25.3,22.714674,21.030369,21.583178,22.248547
TEST,1,2026-08-19 13:00:00+00:00,tt_kelapagading,23.0,20.0,24.2,22.774426,21.248009,21.875347,20.1194
TEST,1,2026-08-19 13:00:00+00:00,tt_kuningan,13.0,16.0,16.2,16.12195,17.384388,24.01796,14.731781
TEST,1,2026-08-19 13:00:00+00:00,tt_sudirman,30.0,16.0,30.6,27.037975,18.219006,22.378963,23.1195
TEST,1,2026-08-19 13:00:00+00:00,tt_tangerang,48.0,26.0,46.2,41.968784,28.441238,18.822117,27.255331
TEST,1,2026-08-19 13:00:00+00:00,tt_tbsimatupang,72.0,44.0,67.6,56.416203,42.265285,24.851261,42.173965
TEST,1,2026-08-19 13:00:00+00:00,tt_thamrin,20.0,10.0,15.7,16.871696,13.553244,20.892788,15.203045
TEST,1,2026-08-19 15:00:00+00:00,tt_bekasi,16.0,18.0,18.0,15.577142,18.290983,25.99529,17.167505
TEST,1,2026-08-19 15:00:00+00:00,tt_bogor,38.0,45.0,43.416666666666664,40.34362,42.76557,47.37661,44.976746
TEST,1,2026-08-19 15:00:00+00:00,tt_bsd,34.0,34.0,34.0,32.22342,32.96357,48.175747,36.19946
TEST,1,2026-08-19 15:00:00+00:00,tt_cawang,32.0,43.0,39.75,42.34134,41.67321,36.271732,37.26371
TEST,1,2026-08-19 15:00:00+00:00,tt_depok,31.0,25.0,30.5,28.72692,25.162277,47.37661,27.131306
TEST,1,2026-08-19 15:00:00+00:00,tt_gatsu,45.0,45.0,45.0,40.48385,43.831154,38.51674,44.286484
TEST,1,2026-08-19 15:00:00+00:00,tt_grogol,40.0,31.0,40.0,40.328346,30.677067,29.399307,37.722473
TEST,1,2026-08-19 15:00:00+00:00,tt_kebonjeruk,31.0,27.0,34.166666666666664,30.546644,25.587261,30.674051,29.211205
TEST,1,2026-08-19 15:00:00+00:00,tt_kelapagading,29.0,23.0,28.333333333333332,27.053284,22.730518,24.369953,24.501522
TEST,1,2026-08-19 15:00:00+00:00,tt_kuningan,21.0,13.0,19.666666666666668,18.150717,15.504053,40.585033,15.966758
TEST,1,2026-08-19 15:00:00+00:00,tt_sudirman,29.0,30.0,35.833333333333336,33.520477,28.138758,25.079823,32.26916
TEST,1,2026-08-19 15:00:00+00:00,tt_tangerang,48.0,48.0,46.333333333333336,48.306488,46.307076,38.964058,49.965126
TEST,1,2026-08-19 15:00:00+00:00,tt_tbsimatupang,72.0,72.0,72.0,74.0528,64.49901,45.29731,71.22597
TEST,1,2026-08-19 15:00:00+00:00,tt_thamrin,21.0,20.0,18.583333333333332,17.51397,18.922335,23.175194,18.46874
TEST,1,2026-08-19 16:00:00+00:00,tt_bekasi,18.0,16.0,18.0,16.146801,17.468185,23.652592,16.807793
TEST,1,2026-08-19 16:00:00+00:00,tt_bogor,45.0,38.0,43.44444444444444,41.19342,39.429317,46.6451,37.500874
TEST,1,2026-08-19 16:00:00+00:00,tt_bsd,34.0,34.0,34.0,32.28522,33.559658,47.85286,34.42945
TEST,1,2026-08-19 16:00:00+00:00,tt_cawang,43.0,32.0,42.22222222222222,42.947563,35.179325,36.2362,34.134342
TEST,1,2026-08-19 16:00:00+00:00,tt_depok,31.0,31.0,31.0,28.637579,28.267807,46.6451,29.289885
TEST,1,2026-08-19 16:00:00+00:00,tt_gatsu,45.0,45.0,45.0,41.423912,44.140915,38.230846,43.602818
TEST,1,2026-08-19 16:00:00+00:00,tt_grogol,40.0,40.0,40.0,40.687317,35.623592,32.565514,39.53607
TEST,1,2026-08-19 16:00:00+00:00,tt_kebonjeruk,35.0,31.0,34.333333333333336,32.88499,28.428186,33.305653,30.112823
TEST,1,2026-08-19 16:00:00+00:00,tt_kelapagading,29.0,29.0,28.555555555555557,28.387629,25.898186,23.099876,25.952421
TEST,1,2026-08-19 16:00:00+00:00,tt_kuningan,21.0,21.0,20.11111111111111,19.790398,18.620785,40.700474,19.124083
TEST,1,2026-08-19 16:00:00+00:00,tt_sudirman,39.0,29.0,37.22222222222222,34.578125,28.847784,27.478786,32.7713
TEST,1,2026-08-19 16:00:00+00:00,tt_tangerang,48.0,48.0,48.0,48.131607,47.43425,45.233322,49.278008
TEST,1,2026-08-19 16:00:00+00:00,tt_tbsimatupang,72.0,72.0,72.0,75.66534,65.02505,46.470657,70.37343
TEST,1,2026-08-19 16:00:00+00:00,tt_thamrin,22.0,21.0,20.0,19.287052,20.049316,25.75425,19.847366
TEST,1,2026-08-19 18:00:00+00:00,tt_bekasi,18.0,18.0,18.0,18.752827,18.14207,27.263954,18.36153
TEST,1,2026-08-19 18:00:00+00:00,tt_bogor,45.0,45.0,45.0,44.22661,43.195774,46.359142,45.52055
TEST,1,2026-08-19 18:00:00+00:00,tt_bsd,34.0,34.0,34.0,33.04517,33.529446,47.473083,36.20247
TEST,1,2026-08-19 18:00:00+00:00,tt_cawang,43.0,43.0,43.0,43.71843,41.076813,39.544792,39.96561
TEST,1,2026-08-19 18:00:00+00:00,tt_depok,31.0,31.0,31.0,30.866566,30.291937,46.359142,32.5496
TEST,1,2026-08-19 18:00:00+00:00,tt_gatsu,45.0,45.0,45.0,44.23592,43.450153,40.231792,43.51152
TEST,1,2026-08-19 18:00:00+00:00,tt_grogol,40.0,40.0,40.0,40.924797,38.759617,36.895294,41.17446
TEST,1,2026-08-19 18:00:00+00:00,tt_kebonjeruk,35.0,35.0,35.0,36.218777,33.629436,36.78623,34.288353
TEST,1,2026-08-19 18:00:00+00:00,tt_kelapagading,29.0,29.0,29.0,29.784678,28.073618,25.962044,29.266607
TEST,1,2026-08-19 18:00:00+00:00,tt_kuningan,21.0,21.0,20.636363636363637,20.681065,20.70631,41.788372,19.447308
TEST,1,2026-08-19 18:00:00+00:00,tt_sudirman,39.0,39.0,38.0,38.40859,37.250504,35.207047,36.71351
TEST,1,2026-08-19 18:00:00+00:00,tt_tangerang,44.0,48.0,48.0,49.08113,46.76924,45.83927,49.615738
TEST,1,2026-08-19 18:00:00+00:00,tt_tbsimatupang,72.0,72.0,72.0,77.57118,64.61569,46.079224,69.61188
TEST,1,2026-08-19 18:00:00+00:00,tt_thamrin,22.0,22.0,22.0,21.582039,21.371515,26.714535,20.864788
TEST,1,2026-08-19 20:00:00+00:00,tt_bekasi,18.0,18.0,18.0,19.681664,18.341785,24.794779,18.447605
TEST,1,2026-08-19 20:00:00+00:00,tt_bogor,45.0,45.0,45.0,44.82639,43.336445,43.48379,44.31804
TEST,1,2026-08-19 20:00:00+00:00,tt_bsd,34.0,34.0,34.0,33.566017,33.28847,47.958054,35.906506
TEST,1,2026-08-19 20:00:00+00:00,tt_cawang,43.0,43.0,43.0,42.305832,41.774555,37.92549,38.85967
TEST,1,2026-08-19 20:00:00+00:00,tt_depok,31.0,31.0,31.0,32.04992,30.343803,43.48379,31.830015
TEST,1,2026-08-19 20:00:00+00:00,tt_gatsu,45.0,45.0,45.0,45.440643,43.189163,38.65089,43.003017
TEST,1,2026-08-19 20:00:00+00:00,tt_grogol,40.0,40.0,40.0,40.085495,38.84556,34.984066,39.754997
TEST,1,2026-08-19 20:00:00+00:00,tt_kebonjeruk,35.0,35.0,35.0,35.566624,34.12548,34.688,33.318905
TEST,1,2026-08-19 20:00:00+00:00,tt_kelapagading,29.0,29.0,29.0,29.35201,28.198532,24.738539,28.800327
TEST,1,2026-08-19 20:00:00+00:00,tt_kuningan,21.0,21.0,21.0,20.883776,20.76989,39.670837,19.568653
TEST,1,2026-08-19 20:00:00+00:00,tt_sudirman,39.0,39.0,38.0,38.92509,38.03086,35.280216,35.66716
TEST,1,2026-08-19 20:00:00+00:00,tt_tangerang,48.0,44.0,48.0,47.568848,43.027092,43.647068,46.881218
TEST,1,2026-08-19 20:00:00+00:00,tt_tbsimatupang,72.0,72.0,72.0,71.71773,64.11289,43.974445,64.70084
TEST,1,2026-08-19 20:00:00+00:00,tt_thamrin,22.0,22.0,22.0,21.465832,21.665009,25.463324,21.198734
TEST,1,2026-08-19 21:00:00+00:00,tt_bekasi,18.0,18.0,18.0,19.510815,18.39383,24.767662,18.834427
TEST,1,2026-08-19 21:00:00+00:00,tt_bogor,45.0,45.0,45.0,44.425053,43.283,40.71842,44.423397
TEST,1,2026-08-19 21:00:00+00:00,tt_bsd,34.0,34.0,34.0,33.648647,33.272976,46.497444,35.93887
TEST,1,2026-08-19 21:00:00+00:00,tt_cawang,43.0,43.0,43.0,40.744312,41.749695,36.65565,39.33999
TEST,1,2026-08-19 21:00:00+00:00,tt_depok,31.0,31.0,31.0,31.964249,30.292437,40.71842,32.598934
TEST,1,2026-08-19 21:00:00+00:00,tt_gatsu,45.0,45.0,45.0,45.915234,43.18907,37.735542,43.354828
TEST,1,2026-08-19 21:00:00+00:00,tt_grogol,40.0,40.0,40.0,39.61234,38.771942,34.785374,41.01129
TEST,1,2026-08-19 21:00:00+00:00,tt_kebonjeruk,35.0,35.0,35.0,34.79068,34.064625,34.407734,34.081844
TEST,1,2026-08-19 21:00:00+00:00,tt_kelapagading,29.0,29.0,29.0,29.536259,28.173428,24.566143,29.609615
TEST,1,2026-08-19 21:00:00+00:00,tt_kuningan,21.0,21.0,21.0,21.09639,20.728535,38.655514,19.92207
TEST,1,2026-08-19 21:00:00+00:00,tt_sudirman,39.0,39.0,38.0,38.546143,37.89157,34.849586,36.45874
TEST,1,2026-08-19 21:00:00+00:00,tt_tangerang,48.0,48.0,48.0,47.38258,45.186897,42.019638,50.065617
TEST,1,2026-08-19 21:00:00+00:00,tt_tbsimatupang,72.0,72.0,72.0,68.38079,63.97487,42.683807,64.06286
TEST,1,2026-08-19 21:00:00+00:00,tt_thamrin,22.0,22.0,21.8,21.658333,21.7216,24.79584,21.775192
TEST,1,2026-08-19 23:00:00+00:00,tt_bekasi,17.0,18.0,18.0,17.6877,18.38438,30.150959,19.57808
TEST,1,2026-08-19 23:00:00+00:00,tt_bogor,35.0,45.0,40.72727272727273,42.78626,43.270844,36.831722,44.372025
TEST,1,2026-08-19 23:00:00+00:00,tt_bsd,34.0,34.0,34.0,33.44795,33.26277,40.692226,35.585987
TEST,1,2026-08-19 23:00:00+00:00,tt_cawang,26.0,43.0,27.636363636363637,36.281937,41.65033,36.831516,39.33612
TEST,1,2026-08-19 23:00:00+00:00,tt_depok,31.0,31.0,30.363636363636363,31.12621,30.293793,36.831722,33.180866
TEST,1,2026-08-19 23:00:00+00:00,tt_gatsu,45.0,45.0,45.0,46.74145,43.26361,37.556194,43.3382
TEST,1,2026-08-19 23:00:00+00:00,tt_grogol,35.0,40.0,36.27272727272727,38.90657,38.731426,33.67779,40.67683
TEST,1,2026-08-19 23:00:00+00:00,tt_kebonjeruk,30.0,35.0,32.09090909090909,32.5165,34.024117,33.443573,34.498833
TEST,1,2026-08-19 23:00:00+00:00,tt_kelapagading,29.0,29.0,27.181818181818183,29.279886,28.24548,23.73973,30.474867
TEST,1,2026-08-19 23:00:00+00:00,tt_kuningan,21.0,21.0,21.0,21.943066,20.808632,37.52137,20.688763
TEST,1,2026-08-19 23:00:00+00:00,tt_sudirman,39.0,39.0,36.54545454545455,37.5776,37.769737,33.70125,36.73217
TEST,1,2026-08-19 23:00:00+00:00,tt_tangerang,48.0,48.0,47.36363636363637,46.96215,45.932327,36.74795,48.755604
TEST,1,2026-08-19 23:00:00+00:00,tt_tbsimatupang,72.0,72.0,53.90909090909091,61.19474,63.813927,37.379,62.623863
TEST,1,2026-08-19 23:00:00+00:00,tt_thamrin,20.0,22.0,20.181818181818183,22.076572,21.881824,21.8922,22.886505
TEST,1,2026-08-20 01:00:00+00:00,tt_bekasi,18.0,17.0,17.818181818181817,16.185148,17.767845,20.06152,19.006514
TEST,1,2026-08-20 01:00:00+00:00,tt_bogor,35.0,35.0,37.18181818181818,38.85477,35.594765,34.37205,34.770264
TEST,1,2026-08-20 01:00:00+00:00,tt_bsd,29.0,34.0,31.181818181818183,33.31371,33.3305,36.55246,32.130398
TEST,1,2026-08-20 01:00:00+00:00,tt_cawang,14.0,26.0,23.818181818181817,29.54413,29.034807,32.241318,31.660717
TEST,1,2026-08-20 01:00:00+00:00,tt_depok,31.0,31.0,28.363636363636363,28.934832,30.371624,34.37205,29.834057
TEST,1,2026-08-20 01:00:00+00:00,tt_gatsu,37.0,45.0,42.27272727272727,46.083557,43.35295,33.456238,41.186623
TEST,1,2026-08-20 01:00:00+00:00,tt_grogol,30.0,35.0,34.36363636363637,35.88376,34.8806,32.07182,35.3406
TEST,1,2026-08-20 01:00:00+00:00,tt_kebonjeruk,26.0,30.0,29.181818181818183,29.954397,30.08015,32.16,29.839846
TEST,1,2026-08-20 01:00:00+00:00,tt_kelapagading,29.0,29.0,28.181818181818183,28.628822,28.380295,21.702473,27.80188
TEST,1,2026-08-20 01:00:00+00:00,tt_kuningan,21.0,21.0,21.0,22.67598,21.004604,34.50665,20.922932
TEST,1,2026-08-20 01:00:00+00:00,tt_sudirman,27.0,39.0,26.363636363636363,35.407368,37.803123,32.916008,32.19462
TEST,1,2026-08-20 01:00:00+00:00,tt_tangerang,36.0,48.0,42.45454545454545,44.465485,45.956703,34.727898,45.47039
TEST,1,2026-08-20 01:00:00+00:00,tt_tbsimatupang,18.0,72.0,35.45454545454545,50.71333,63.908897,35.040253,62.112328
TEST,1,2026-08-20 01:00:00+00:00,tt_thamrin,18.0,20.0,18.454545454545453,21.906448,20.552446,18.148174,22.812027
TEST,1,2026-08-20 02:00:00+00:00,tt_bekasi,18.0,18.0,17.692307692307693,18.299337,18.122692,19.319523,18.005695
TEST,1,2026-08-20 02:00:00+00:00,tt_bogor,40.0,35.0,36.46153846153846,34.656605,35.019184,28.241472,33.078453
TEST,1,2026-08-20 02:00:00+00:00,tt_bsd,34.0,29.0,32.30769230769231,31.750463,30.510742,30.000425,26.06451
TEST,1,2026-08-20 02:00:00+00:00,tt_cawang,18.0,14.0,21.0,19.70422,23.321533,25.926847,26.150433
TEST,1,2026-08-20 02:00:00+00:00,tt_depok,31.0,31.0,29.23076923076923,27.529337,30.41029,28.241472,24.55154
TEST,1,2026-08-20 02:00:00+00:00,tt_gatsu,45.0,37.0,40.76923076923077,41.103848,38.604137,25.58534,30.936731
TEST,1,2026-08-20 02:00:00+00:00,tt_grogol,30.0,30.0,31.076923076923077,29.888342,31.759192,25.939177,27.332815
TEST,1,2026-08-20 02:00:00+00:00,tt_kebonjeruk,26.0,26.0,25.307692307692307,25.2615,27.67876,26.099684,24.03965
TEST,1,2026-08-20 02:00:00+00:00,tt_kelapagading,25.0,29.0,26.846153846153847,25.993147,28.426992,20.686861,24.082865
TEST,1,2026-08-20 02:00:00+00:00,tt_kuningan,21.0,21.0,18.23076923076923,21.32713,21.043146,27.062265,19.792099
TEST,1,2026-08-20 02:00:00+00:00,tt_sudirman,25.0,27.0,25.384615384615383,27.349562,31.25925,28.77159,24.494938
TEST,1,2026-08-20 02:00:00+00:00,tt_tangerang,48.0,36.0,43.84615384615385,38.702766,38.753723,30.785368,31.015484
TEST,1,2026-08-20 02:00:00+00:00,tt_tbsimatupang,21.0,18.0,29.923076923076923,30.144356,33.63124,28.999302,25.554071
TEST,1,2026-08-20 02:00:00+00:00,tt_thamrin,18.0,18.0,17.846153846153847,20.301329,19.563633,17.759396,21.075035
TEST,1,2026-08-20 04:00:00+00:00,tt_bekasi,15.0,18.0,17.666666666666668,18.972624,18.369537,17.658028,18.442097
TEST,1,2026-08-20 04:00:00+00:00,tt_bogor,35.0,40.0,39.25,35.74756,38.875717,32.52229,39.361843
TEST,1,2026-08-20 04:00:00+00:00,tt_bsd,34.0,34.0,32.833333333333336,31.096054,32.96337,34.627968,33.21446
TEST,1,2026-08-20 04:00:00+00:00,tt_cawang,20.0,18.0,20.25,19.38163,23.452692,30.539865,29.998377
TEST,1,2026-08-20 04:00:00+00:00,tt_depok,27.0,31.0,26.916666666666668,28.493975,30.437746,32.52229,26.225473
TEST,1,2026-08-20 04:00:00+00:00,tt_gatsu,45.0,45.0,45.0,40.477455,43.110744,29.876694,41.43079
TEST,1,2026-08-20 04:00:00+00:00,tt_grogol,25.0,30.0,31.5,29.990803,30.168287,31.407549,34.833477
TEST,1,2026-08-20 04:00:00+00:00,tt_kebonjeruk,25.0,26.0,25.166666666666668,23.877535,26.491518,32.25966,26.586143
TEST,1,2026-08-20 04:00:00+00:00,tt_kelapagading,22.0,25.0,22.5,23.92188,25.592434,22.478142,24.940298
TEST,1,2026-08-20 04:00:00+00:00,tt_kuningan,21.0,21.0,19.166666666666668,18.586838,20.997486,30.528112,20.347843
TEST,1,2026-08-20 04:00:00+00:00,tt_sudirman,26.0,25.0,31.666666666666668,25.463139,26.819025,27.20376,28.169859
TEST,1,2026-08-20 04:00:00+00:00,tt_tangerang,48.0,48.0,38.166666666666664,39.378708,45.706688,38.59487,43.19672
TEST,1,2026-08-20 04:00:00+00:00,tt_tbsimatupang,45.0,21.0,38.5,33.290596,30.704304,33.646133,32.843124
TEST,1,2026-08-20 04:00:00+00:00,tt_thamrin,13.0,18.0,19.166666666666668,17.332483,18.95897,17.77148,21.629333
TEST,1,2026-08-20 06:00:00+00:00,tt_bekasi,15.0,15.0,17.083333333333332,16.234207,16.57407,19.384478,16.499235
TEST,1,2026-08-20 06:00:00+00:00,tt_bogor,39.0,35.0,36.166666666666664,35.202877,35.3358,34.13237,34.137566
TEST,1,2026-08-20 06:00:00+00:00,tt_bsd,34.0,34.0,33.666666666666664,31.792713,33.433243,37.267365,31.519493
TEST,1,2026-08-20 06:00:00+00:00,tt_cawang,28.0,20.0,21.333333333333332,23.665634,24.204786,28.634792,29.218061
TEST,1,2026-08-20 06:00:00+00:00,tt_depok,29.0,27.0,26.25,26.929998,27.36225,34.13237,25.234016
TEST,1,2026-08-20 06:00:00+00:00,tt_gatsu,28.0,45.0,42.5,39.676186,43.502808,28.98067,40.22499
TEST,1,2026-08-20 06:00:00+00:00,tt_grogol,29.0,25.0,31.333333333333332,31.742764,26.614502,29.392344,31.981531
TEST,1,2026-08-20 06:00:00+00:00,tt_kebonjeruk,25.0,25.0,24.083333333333332,23.62653,25.734446,30.047405,26.051403
TEST,1,2026-08-20 06:00:00+00:00,tt_kelapagading,20.0,22.0,20.083333333333332,22.100946,23.153763,20.772663,23.915066
TEST,1,2026-08-20 06:00:00+00:00,tt_kuningan,16.0,21.0,19.166666666666668,16.7723,20.997486,29.67974,19.19138
TEST,1,2026-08-20 06:00:00+00:00,tt_sudirman,21.0,26.0,26.75,25.407108,27.102276,25.556133,27.941015
TEST,1,2026-08-20 06:00:00+00:00,tt_tangerang,38.0,48.0,38.583333333333336,41.16061,46.138187,37.69664,43.164734
TEST,1,2026-08-20 06:00:00+00:00,tt_tbsimatupang,27.0,45.0,48.833333333333336,42.643826,47.307076,35.97915,48.480255
TEST,1,2026-08-20 06:00:00+00:00,tt_thamrin,12.0,13.0,18.75,15.419177,15.903544,19.005257,19.61212
TEST,1,2026-08-20 07:00:00+00:00,tt_bekasi,16.0,15.0,17.75,17.422194,16.339539,19.400877,15.675867
TEST,1,2026-08-20 07:00:00+00:00,tt_bogor,36.0,39.0,36.083333333333336,34.167294,37.09166,32.76562,37.161144
TEST,1,2026-08-20 07:00:00+00:00,tt_bsd,34.0,34.0,31.75,31.355486,33.429916,33.171394,32.01965
TEST,1,2026-08-20 07:00:00+00:00,tt_cawang,21.0,28.0,28.666666666666668,24.126404,27.59758,25.653984,28.818743
TEST,1,2026-08-20 07:00:00+00:00,tt_depok,26.0,29.0,26.5,25.24375,28.015038,32.76562,23.752628
TEST,1,2026-08-20 07:00:00+00:00,tt_gatsu,20.0,28.0,34.5,34.273624,33.71178,24.694386,30.50928
TEST,1,2026-08-20 07:00:00+00:00,tt_grogol,29.0,29.0,31.666666666666668,29.684433,28.15149,28.491947,30.72692
TEST,1,2026-08-20 07:00:00+00:00,tt_kebonjeruk,22.0,25.0,22.416666666666668,21.118322,25.60972,29.130093,24.157543
TEST,1,2026-08-20 07:00:00+00:00,tt_kelapagading,20.0,20.0,21.166666666666668,20.257822,22.02361,20.917421,22.162868
TEST,1,2026-08-20 07:00:00+00:00,tt_kuningan,21.0,16.0,18.666666666666668,15.9709015,18.873354,25.362658,16.605946
TEST,1,2026-08-20 07:00:00+00:00,tt_sudirman,20.0,21.0,24.583333333333332,23.059505,24.830149,24.031094,25.833668
TEST,1,2026-08-20 07:00:00+00:00,tt_tangerang,37.0,38.0,43.666666666666664,38.71574,40.00111,36.12297,35.825203
TEST,1,2026-08-20 07:00:00+00:00,tt_tbsimatupang,49.0,27.0,56.416666666666664,37.466675,37.0231,32.71972,39.344463
TEST,1,2026-08-20 07:00:00+00:00,tt_thamrin,12.0,12.0,17.0,15.191688,15.083044,19.342396,17.77856
TEST,1,2026-08-20 09:00:00+00:00,tt_bekasi,14.0,16.0,15.692307692307692,15.931891,16.795029,21.702602,15.751503
TEST,1,2026-08-20 09:00:00+00:00,tt_bogor,34.0,36.0,33.84615384615385,34.313286,35.67654,34.042397,35.289837
TEST,1,2026-08-20 09:00:00+00:00,tt_bsd,28.0,34.0,32.69230769230769,32.11308,33.357307,35.566216,31.66892
TEST,1,2026-08-20 09:00:00+00:00,tt_cawang,30.0,21.0,30.923076923076923,31.29421,23.89223,26.933632,28.537733
TEST,1,2026-08-20 09:00:00+00:00,tt_depok,26.0,26.0,23.846153846153847,24.75891,26.390278,34.042397,23.592264
TEST,1,2026-08-20 09:00:00+00:00,tt_gatsu,32.0,20.0,36.0,30.842897,25.29671,27.234678,29.59801
TEST,1,2026-08-20 09:00:00+00:00,tt_grogol,31.0,29.0,32.15384615384615,31.699995,29.063694,29.167324,30.96439
TEST,1,2026-08-20 09:00:00+00:00,tt_kebonjeruk,21.0,22.0,22.692307692307693,21.096401,23.310799,30.073425,24.446806
TEST,1,2026-08-20 09:00:00+00:00,tt_kelapagading,21.0,20.0,21.692307692307693,19.95937,21.308786,20.534485,22.217773
TEST,1,2026-08-20 09:00:00+00:00,tt_kuningan,13.0,21.0,18.46153846153846,16.37083,20.689232,27.384254,18.011501
TEST,1,2026-08-20 09:00:00+00:00,tt_sudirman,23.0,20.0,24.0,23.068867,22.744947,23.205204,26.140064
TEST,1,2026-08-20 09:00:00+00:00,tt_tangerang,34.0,37.0,40.53846153846154,40.32266,36.97654,33.64514,37.767147
TEST,1,2026-08-20 09:00:00+00:00,tt_tbsimatupang,47.0,49.0,40.46153846153846,45.967693,49.02736,32.767544,49.382584
TEST,1,2026-08-20 09:00:00+00:00,tt_thamrin,18.0,12.0,17.615384615384617,15.548451,14.416653,20.801651,17.740429
TEST,1,2026-08-20 11:00:00+00:00,tt_bekasi,18.0,14.0,14.692307692307692,16.539816,15.64716,22.841362,14.542585
TEST,1,2026-08-20 11:00:00+00:00,tt_bogor,35.0,34.0,33.07692307692308,35.727802,33.673294,38.161587,30.073368
TEST,1,2026-08-20 11:00:00+00:00,tt_bsd,34.0,28.0,32.07692307692308,32.670418,28.508436,34.16074,26.761711
TEST,1,2026-08-20 11:00:00+00:00,tt_cawang,33.0,30.0,29.23076923076923,34.79378,28.407148,26.103619,26.628788
TEST,1,2026-08-20 11:00:00+00:00,tt_depok,26.0,26.0,24.846153846153847,25.404394,26.089708,38.161587,23.302744
TEST,1,2026-08-20 11:00:00+00:00,tt_gatsu,7.0,32.0,16.615384615384617,31.803213,32.884235,26.800886,33.521008
TEST,1,2026-08-20 11:00:00+00:00,tt_grogol,29.0,31.0,32.69230769230769,34.372875,30.436152,29.294813,29.779427
TEST,1,2026-08-20 11:00:00+00:00,tt_kebonjeruk,18.0,21.0,21.923076923076923,22.459288,21.904514,30.117386,23.394249
TEST,1,2026-08-20 11:00:00+00:00,tt_kelapagading,21.0,21.0,20.076923076923077,21.6265,21.592333,21.976387,21.444012
TEST,1,2026-08-20 11:00:00+00:00,tt_kuningan,16.0,13.0,15.153846153846152,16.178104,16.29461,28.015984,14.998808
TEST,1,2026-08-20 11:00:00+00:00,tt_sudirman,12.0,23.0,18.53846153846154,26.032097,23.884708,21.683744,25.433563
TEST,1,2026-08-20 11:00:00+00:00,tt_tangerang,35.0,34.0,38.0,41.422558,34.522434,31.34431,36.878452
TEST,1,2026-08-20 11:00:00+00:00,tt_tbsimatupang,24.0,47.0,39.92307692307692,53.19659,46.916965,34.590057,48.27291
TEST,1,2026-08-20 11:00:00+00:00,tt_thamrin,10.0,18.0,13.0,16.157776,17.725712,21.501207,16.767384
TEST,1,2026-08-20 12:00:00+00:00,tt_bekasi,14.0,18.0,14.857142857142858,16.545362,17.127445,19.861832,14.987164
TEST,1,2026-08-20 12:00:00+00:00,tt_bogor,37.0,35.0,34.0,35.709114,34.04129,37.668785,31.056313
TEST,1,2026-08-20 12:00:00+00:00,tt_bsd,34.0,34.0,32.642857142857146,33.004993,31.363043,31.588017,31.624634
TEST,1,2026-08-20 12:00:00+00:00,tt_cawang,43.0,33.0,34.142857142857146,34.807724,31.00309,21.675053,25.515974
TEST,1,2026-08-20 12:00:00+00:00,tt_depok,24.0,26.0,23.857142857142858,23.219246,26.03696,37.668785,20.68344
TEST,1,2026-08-20 12:00:00+00:00,tt_gatsu,10.0,7.0,24.785714285714285,28.336208,23.257168,21.67875,25.30496
TEST,1,2026-08-20 12:00:00+00:00,tt_grogol,32.0,29.0,33.07142857142857,33.613976,29.381905,25.893435,28.532446
TEST,1,2026-08-20 12:00:00+00:00,tt_kebonjeruk,23.0,18.0,23.571428571428573,19.648962,20.418423,27.919516,21.093819
TEST,1,2026-08-20 12:00:00+00:00,tt_kelapagading,21.0,21.0,20.714285714285715,20.479067,21.479656,20.517982,19.160011
TEST,1,2026-08-20 12:00:00+00:00,tt_kuningan,13.0,16.0,13.785714285714286,15.450711,16.925486,22.084667,14.557386
TEST,1,2026-08-20 12:00:00+00:00,tt_sudirman,22.0,12.0,23.714285714285715,22.592768,19.031343,17.7625,22.584969
TEST,1,2026-08-20 12:00:00+00:00,tt_tangerang,48.0,35.0,43.57142857142857,39.31363,34.791794,33.125813,35.15481
TEST,1,2026-08-20 12:00:00+00:00,tt_tbsimatupang,40.0,24.0,58.92857142857143,47.900406,33.457596,33.9855,40.096558
TEST,1,2026-08-20 12:00:00+00:00,tt_thamrin,9.0,10.0,12.785714285714286,17.343447,14.839922,19.571053,14.611721
TEST,1,2026-08-20 14:00:00+00:00,tt_bekasi,18.0,14.0,17.23076923076923,15.175181,15.663204,22.814823,13.585794
TEST,1,2026-08-20 14:00:00+00:00,tt_bogor,38.0,37.0,39.30769230769231,38.750645,35.91353,37.372326,34.67111
TEST,1,2026-08-20 14:00:00+00:00,tt_bsd,27.0,34.0,33.23076923076923,33.82258,33.45661,40.16683,32.232777
TEST,1,2026-08-20 14:00:00+00:00,tt_cawang,32.0,43.0,39.53846153846154,38.266396,41.06156,23.092945,28.21062
TEST,1,2026-08-20 14:00:00+00:00,tt_depok,31.0,24.0,27.0,24.64634,24.517492,37.372326,21.78281
TEST,1,2026-08-20 14:00:00+00:00,tt_gatsu,45.0,10.0,45.0,31.812555,20.512985,23.610172,21.825882
TEST,1,2026-08-20 14:00:00+00:00,tt_grogol,40.0,32.0,38.30769230769231,36.402996,31.087791,24.5005,31.09681
TEST,1,2026-08-20 14:00:00+00:00,tt_kebonjeruk,28.0,23.0,28.692307692307693,22.819683,22.678185,23.936779,22.644608
TEST,1,2026-08-20 14:00:00+00:00,tt_kelapagading,29.0,21.0,25.615384615384617,22.20896,21.118244,22.55752,19.951944
TEST,1,2026-08-20 14:00:00+00:00,tt_kuningan,16.0,13.0,18.23076923076923,16.901846,15.492298,23.931776,13.542461
TEST,1,2026-08-20 14:00:00+00:00,tt_sudirman,39.0,22.0,31.153846153846153,25.34319,21.868988,22.193848,23.932251
TEST,1,2026-08-20 14:00:00+00:00,tt_tangerang,48.0,48.0,48.0,43.95738,45.828346,41.487923,42.885452
TEST,1,2026-08-20 14:00:00+00:00,tt_tbsimatupang,59.0,40.0,68.23076923076923,58.045277,39.412136,28.50308,42.165447
TEST,1,2026-08-20 14:00:00+00:00,tt_thamrin,13.0,9.0,17.846153846153847,18.211123,12.506285,21.855198,14.321495
TEST,1,2026-08-20 16:00:00+00:00,tt_bekasi,15.0,18.0,18.0,18.302177,17.82595,26.200405,16.872631
TEST,1,2026-08-20 16:00:00+00:00,tt_bogor,45.0,38.0,43.44444444444444,40.514797,36.846336,41.71002,34.587906
TEST,1,2026-08-20 16:00:00+00:00,tt_bsd,34.0,27.0,34.0,33.19078,28.04857,42.65764,26.376982
TEST,1,2026-08-20 16:00:00+00:00,tt_cawang,43.0,32.0,42.22222222222222,39.06375,33.14463,34.596016,31.744469
TEST,1,2026-08-20 16:00:00+00:00,tt_depok,31.0,31.0,31.0,30.286554,29.70066,41.71002,26.86868
TEST,1,2026-08-20 16:00:00+00:00,tt_gatsu,45.0,45.0,45.0,40.85111,45.496445,34.121243,45.3738
TEST,1,2026-08-20 16:00:00+00:00,tt_grogol,40.0,40.0,40.0,38.06152,38.082928,34.74944,37.720177
TEST,1,2026-08-20 16:00:00+00:00,tt_kebonjeruk,35.0,28.0,34.333333333333336,31.81817,26.71715,30.153795,27.879929
TEST,1,2026-08-20 16:00:00+00:00,tt_kelapagading,29.0,29.0,28.555555555555557,27.68355,27.197273,24.023642,23.998571
TEST,1,2026-08-20 16:00:00+00:00,tt_kuningan,21.0,16.0,20.11111111111111,21.064432,16.793243,33.12665,16.168236
TEST,1,2026-08-20 16:00:00+00:00,tt_sudirman,39.0,39.0,37.22222222222222,33.9423,37.072357,25.998386,31.19732
TEST,1,2026-08-20 16:00:00+00:00,tt_tangerang,48.0,48.0,48.0,47.690697,46.4357,43.6529,47.28184
TEST,1,2026-08-20 16:00:00+00:00,tt_tbsimatupang,72.0,59.0,72.0,71.60299,55.36844,42.44743,59.811836
TEST,1,2026-08-20 16:00:00+00:00,tt_thamrin,22.0,13.0,20.0,19.833878,14.32192,24.703112,17.444157
TEST,1,2026-08-20 17:00:00+00:00,tt_bekasi,18.0,15.0,18.0,18.18088,16.855747,26.775864,16.708744
TEST,1,2026-08-20 17:00:00+00:00,tt_bogor,45.0,45.0,44.27272727272727,42.881313,41.166836,44.89031,44.604305
TEST,1,2026-08-20 17:00:00+00:00,tt_bsd,34.0,34.0,33.63636363636363,32.900436,31.24699,44.157654,36.820072
TEST,1,2026-08-20 17:00:00+00:00,tt_cawang,43.0,43.0,43.0,41.82087,38.56881,38.42968,40.069817
TEST,1,2026-08-20 17:00:00+00:00,tt_depok,31.0,31.0,31.0,31.103886,30.382074,44.89031,32.41974
TEST,1,2026-08-20 17:00:00+00:00,tt_gatsu,45.0,45.0,45.0,43.55143,46.712505,37.632374,45.303497
TEST,1,2026-08-20 17:00:00+00:00,tt_grogol,40.0,40.0,39.45454545454545,39.828926,38.81944,38.288483,41.383255
TEST,1,2026-08-20 17:00:00+00:00,tt_kebonjeruk,35.0,35.0,35.0,35.406124,31.306496,36.61144,34.02521
TEST,1,2026-08-20 17:00:00+00:00,tt_kelapagading,29.0,29.0,29.0,28.669952,28.020796,25.37175,28.321302
TEST,1,2026-08-20 17:00:00+00:00,tt_kuningan,21.0,21.0,21.0,21.185886,19.036695,39.318523,19.281204
TEST,1,2026-08-20 17:00:00+00:00,tt_sudirman,39.0,39.0,38.0,37.241837,38.646103,33.501102,36.883743
TEST,1,2026-08-20 17:00:00+00:00,tt_tangerang,48.0,48.0,48.0,49.62229,46.18448,44.45134,49.29233
TEST,1,2026-08-20 17:00:00+00:00,tt_tbsimatupang,72.0,72.0,72.0,77.52721,63.125134,46.074734,70.259926
TEST,1,2026-08-20 17:00:00+00:00,tt_thamrin,22.0,22.0,22.0,21.208654,18.433006,27.328873,20.529417
TEST,1,2026-08-20 19:00:00+00:00,tt_bekasi,18.0,18.0,18.0,19.39259,18.025238,27.26376,18.133635
TEST,1,2026-08-20 19:00:00+00:00,tt_bogor,45.0,45.0,44.72727272727273,44.86841,43.30864,45.022385,42.804466
TEST,1,2026-08-20 19:00:00+00:00,tt_bsd,34.0,34.0,34.0,33.223125,33.47961,45.095535,36.45052
TEST,1,2026-08-20 19:00:00+00:00,tt_cawang,43.0,43.0,43.0,42.786747,41.69855,38.2754,38.849762
TEST,1,2026-08-20 19:00:00+00:00,tt_depok,31.0,31.0,31.0,32.065193,30.431528,45.022385,32.179348
TEST,1,2026-08-20 19:00:00+00:00,tt_gatsu,45.0,45.0,45.0,45.19313,44.91123,37.62386,43.754494
TEST,1,2026-08-20 19:00:00+00:00,tt_grogol,40.0,40.0,40.0,40.264343,38.842598,38.937958,40.45256
TEST,1,2026-08-20 19:00:00+00:00,tt_kebonjeruk,35.0,35.0,35.0,36.39886,34.12168,39.103203,33.747498
TEST,1,2026-08-20 19:00:00+00:00,tt_kelapagading,29.0,29.0,29.0,29.52782,28.220982,25.377672,28.742268
TEST,1,2026-08-20 19:00:00+00:00,tt_kuningan,21.0,21.0,21.0,20.927105,20.475758,38.972034,19.02565
TEST,1,2026-08-20 19:00:00+00:00,tt_sudirman,39.0,39.0,38.0,38.702145,38.3393,34.172306,36.101086
TEST,1,2026-08-20 19:00:00+00:00,tt_tangerang,48.0,48.0,48.0,48.543674,45.834545,43.83311,47.344383
TEST,1,2026-08-20 19:00:00+00:00,tt_tbsimatupang,72.0,72.0,72.0,75.2007,64.38125,46.261044,69.58991
TEST,1,2026-08-20 19:00:00+00:00,tt_thamrin,22.0,22.0,22.0,21.737394,21.377903,26.083767,20.619343
TEST,1,2026-08-20 21:00:00+00:00,tt_bekasi,18.0,18.0,18.0,19.445015,18.29406,24.0523,18.359856
TEST,1,2026-08-20 21:00:00+00:00,tt_bogor,45.0,45.0,45.0,44.671318,43.268517,43.144283,42.662296
TEST,1,2026-08-20 21:00:00+00:00,tt_bsd,34.0,34.0,34.0,33.611816,33.50834,43.91057,36.028038
TEST,1,2026-08-20 21:00:00+00:00,tt_cawang,43.0,43.0,43.0,40.610718,41.72694,35.711777,38.864212
TEST,1,2026-08-20 21:00:00+00:00,tt_depok,31.0,31.0,31.0,32.155174,30.309254,43.144283,32.411068
TEST,1,2026-08-20 21:00:00+00:00,tt_gatsu,45.0,45.0,45.0,46.21204,43.774498,35.354725,43.98073
TEST,1,2026-08-20 21:00:00+00:00,tt_grogol,40.0,40.0,40.0,39.525234,38.720284,37.48,40.376602
TEST,1,2026-08-20 21:00:00+00:00,tt_kebonjeruk,35.0,35.0,35.0,34.935753,34.117653,38.227577,33.876846
TEST,1,2026-08-20 21:00:00+00:00,tt_kelapagading,29.0,29.0,29.0,29.43751,28.192596,24.930784,29.031136
TEST,1,2026-08-20 21:00:00+00:00,tt_kuningan,21.0,21.0,21.0,21.06896,20.622921,36.502728,19.313147
TEST,1,2026-08-20 21:00:00+00:00,tt_sudirman,39.0,39.0,38.0,38.6132,37.847824,33.639603,36.25037
TEST,1,2026-08-20 21:00:00+00:00,tt_tangerang,48.0,48.0,48.0,47.39957,45.786263,41.150627,47.067825
TEST,1,2026-08-20 21:00:00+00:00,tt_tbsimatupang,72.0,72.0,72.0,68.84723,64.08091,44.740482,67.092445
TEST,1,2026-08-20 21:00:00+00:00,tt_thamrin,22.0,22.0,21.8,21.482677,21.530636,24.921446,21.103378
TEST,1,2026-08-20 22:00:00+00:00,tt_bekasi,18.0,18.0,18.0,18.722017,18.325996,22.339493,18.647354
TEST,1,2026-08-20 22:00:00+00:00,tt_bogor,45.0,45.0,45.0,43.661987,43.220985,41.34968,42.643005
TEST,1,2026-08-20 22:00:00+00:00,tt_bsd,34.0,34.0,33.6,33.6593,33.4376,41.488556,36.140305
TEST,1,2026-08-20 22:00:00+00:00,tt_cawang,43.0,43.0,40.9,38.92132,41.64252,34.202282,38.973938
TEST,1,2026-08-20 22:00:00+00:00,tt_depok,31.0,31.0,31.0,31.598957,30.304678,41.34968,32.65582
TEST,1,2026-08-20 22:00:00+00:00,tt_gatsu,45.0,45.0,45.0,46.532898,43.511818,34.041866,43.992424
TEST,1,2026-08-20 22:00:00+00:00,tt_grogol,40.0,40.0,40.0,39.364056,38.715523,36.373283,40.348083
TEST,1,2026-08-20 22:00:00+00:00,tt_kebonjeruk,35.0,35.0,35.0,33.82888,34.043545,37.372433,34.125553
TEST,1,2026-08-20 22:00:00+00:00,tt_kelapagading,29.0,29.0,29.0,29.281393,28.237173,24.673607,29.395016
TEST,1,2026-08-20 22:00:00+00:00,tt_kuningan,21.0,21.0,21.0,21.126997,20.67434,34.827133,19.687689
TEST,1,2026-08-20 22:00:00+00:00,tt_sudirman,39.0,39.0,38.0,38.29636,37.791813,33.22447,36.4125
TEST,1,2026-08-20 22:00:00+00:00,tt_tangerang,48.0,48.0,48.0,47.000626,45.81412,38.75505,46.96634
TEST,1,2026-08-20 22:00:00+00:00,tt_tbsimatupang,72.0,72.0,72.0,65.15018,63.92994,43.163734,65.79878
TEST,1,2026-08-20 22:00:00+00:00,tt_thamrin,22.0,22.0,22.0,21.585358,21.54197,23.831114,21.498161
TEST,1,2026-08-21 00:00:00+00:00,tt_bekasi,18.0,18.0,18.0,16.403772,18.377054,20.02441,19.323727
TEST,1,2026-08-21 00:00:00+00:00,tt_bogor,35.0,45.0,36.2,42.38298,43.218773,37.08931,42.514904
TEST,1,2026-08-21 00:00:00+00:00,tt_bsd,29.0,34.0,31.5,33.595127,33.31884,37.10019,36.137547
TEST,1,2026-08-21 00:00:00+00:00,tt_cawang,18.0,43.0,22.6,33.33163,41.5866,33.843754,38.904037
TEST,1,2026-08-21 00:00:00+00:00,tt_depok,25.0,31.0,30.2,30.603827,30.368774,37.08931,33.29015
TEST,1,2026-08-21 00:00:00+00:00,tt_gatsu,45.0,45.0,44.2,47.246243,43.408195,33.69304,44.561256
TEST,1,2026-08-21 00:00:00+00:00,tt_grogol,34.0,40.0,35.9,38.43661,38.782143,36.559185,40.034676
TEST,1,2026-08-21 00:00:00+00:00,tt_kebonjeruk,25.0,35.0,29.5,31.348244,34.04157,37.07044,34.66344
TEST,1,2026-08-21 00:00:00+00:00,tt_kelapagading,26.0,29.0,28.3,28.783901,28.378572,23.54602,30.32813
TEST,1,2026-08-21 00:00:00+00:00,tt_kuningan,21.0,21.0,21.0,22.218788,20.839611,34.351597,20.655748
TEST,1,2026-08-21 00:00:00+00:00,tt_sudirman,31.0,39.0,31.4,37.42871,37.84824,31.85955,36.791283
TEST,1,2026-08-21 00:00:00+00:00,tt_tangerang,37.0,48.0,44.3,46.492588,45.90544,34.957207,46.46764
TEST,1,2026-08-21 00:00:00+00:00,tt_tbsimatupang,32.0,72.0,42.1,58.010956,63.729492,40.041557,62.380646
TEST,1,2026-08-21 00:00:00+00:00,tt_thamrin,22.0,22.0,20.3,22.312338,21.768211,20.429897,22.669367
TEST,1,2026-08-21 02:00:00+00:00,tt_bekasi,17.0,18.0,17.692307692307693,17.561773,18.381552,18.435501,18.271832
TEST,1,2026-08-21 02:00:00+00:00,tt_bogor,37.0,35.0,36.46153846153846,35.84847,35.52004,29.51067,29.63552
TEST,1,2026-08-21 02:00:00+00:00,tt_bsd,28.0,29.0,32.30769230769231,31.985443,29.202246,30.31628,27.176945
TEST,1,2026-08-21 02:00:00+00:00,tt_cawang,19.0,18.0,21.0,19.460941,24.88628,27.257643,25.855553
TEST,1,2026-08-21 02:00:00+00:00,tt_depok,26.0,25.0,29.23076923076923,27.236979,26.063414,29.51067,24.9241
TEST,1,2026-08-21 02:00:00+00:00,tt_gatsu,45.0,45.0,40.76923076923077,42.217693,43.35295,27.251953,37.385593
TEST,1,2026-08-21 02:00:00+00:00,tt_grogol,31.0,34.0,31.076923076923077,31.674725,34.237274,27.888687,29.001495
TEST,1,2026-08-21 02:00:00+00:00,tt_kebonjeruk,26.0,25.0,25.307692307692307,24.958735,26.701687,27.360186,24.947212
TEST,1,2026-08-21 02:00:00+00:00,tt_kelapagading,29.0,26.0,26.846153846153847,24.770515,26.264683,21.285099,24.277178
TEST,1,2026-08-21 02:00:00+00:00,tt_kuningan,21.0,21.0,18.23076923076923,19.89936,20.97053,28.222012,20.111526
TEST,1,2026-08-21 02:00:00+00:00,tt_sudirman,23.0,31.0,25.384615384615383,28.496597,31.708033,30.624586,25.418978
TEST,1,2026-08-21 02:00:00+00:00,tt_tangerang,37.0,37.0,43.84615384615385,38.835827,37.368313,30.3128,32.734467
TEST,1,2026-08-21 02:00:00+00:00,tt_tbsimatupang,37.0,32.0,29.923076923076923,32.585953,35.70318,29.23788,26.521358
TEST,1,2026-08-21 02:00:00+00:00,tt_thamrin,22.0,22.0,17.846153846153847,19.124237,21.937038,19.801922,21.563456
TEST,1,2026-08-21 03:00:00+00:00,tt_bekasi,15.0,17.0,17.727272727272727,17.69628,17.973797,19.061224,18.213345
TEST,1,2026-08-21 03:00:00+00:00,tt_bogor,38.0,37.0,37.90909090909091,35.734463,36.09478,32.663483,34.19669
TEST,1,2026-08-21 03:00:00+00:00,tt_bsd,34.0,28.0,32.0,32.49857,28.252895,33.266685,27.977163
TEST,1,2026-08-21 03:00:00+00:00,tt_cawang,21.0,19.0,21.818181818181817,19.855444,24.419443,30.67114,28.626383
TEST,1,2026-08-21 03:00:00+00:00,tt_depok,31.0,26.0,26.545454545454547,27.776995,26.030422,32.663483,26.143139
TEST,1,2026-08-21 03:00:00+00:00,tt_gatsu,45.0,45.0,43.90909090909091,41.643154,43.35295,30.18029,38.840195
TEST,1,2026-08-21 03:00:00+00:00,tt_grogol,27.0,31.0,31.272727272727273,31.423092,32.091053,29.313261,30.782333
TEST,1,2026-08-21 03:00:00+00:00,tt_kebonjeruk,24.0,26.0,25.0,24.094973,26.458185,29.043652,26.487995
TEST,1,2026-08-21 03:00:00+00:00,tt_kelapagading,23.0,29.0,24.636363636363637,23.53452,27.52221,22.903797,25.06642
TEST,1,2026-08-21 03:00:00+00:00,tt_kuningan,16.0,21.0,18.545454545454547,18.695133,21.007278,31.180058,20.641075
TEST,1,2026-08-21 03:00:00+00:00,tt_sudirman,28.0,23.0,32.27272727272727,27.757057,27.25314,28.631409,27.493883
TEST,1,2026-08-21 03:00:00+00:00,tt_tangerang,48.0,37.0,39.54545454545455,39.1044,36.89152,31.789057,36.322964
TEST,1,2026-08-21 03:00:00+00:00,tt_tbsimatupang,48.0,37.0,37.45454545454545,35.203857,38.479332,32.601402,35.745132
TEST,1,2026-08-21 03:00:00+00:00,tt_thamrin,16.0,22.0,18.90909090909091,17.58031,21.98069,19.68349,22.13633
TEST,1,2026-08-21 05:00:00+00:00,tt_bekasi,16.0,15.0,18.0,16.3199,16.515884,17.754238,16.984104
TEST,1,2026-08-21 05:00:00+00:00,tt_bogor,45.0,38.0,39.6,35.71134,37.352173,36.134285,38.338924
TEST,1,2026-08-21 05:00:00+00:00,tt_bsd,34.0,34.0,32.4,32.476192,32.8925,37.098904,33.850544
TEST,1,2026-08-21 05:00:00+00:00,tt_cawang,43.0,21.0,23.3,23.29137,25.446636,30.710783,31.433231
TEST,1,2026-08-21 05:00:00+00:00,tt_depok,31.0,31.0,28.2,27.428865,30.110418,36.134285,26.844273
TEST,1,2026-08-21 05:00:00+00:00,tt_gatsu,45.0,45.0,45.0,41.121166,43.35295,30.5215,40.2457
TEST,1,2026-08-21 05:00:00+00:00,tt_grogol,32.0,27.0,32.0,31.895973,28.108593,31.148167,34.827106
TEST,1,2026-08-21 05:00:00+00:00,tt_kebonjeruk,27.0,24.0,25.2,24.66514,25.234423,31.778257,27.28599
TEST,1,2026-08-21 05:00:00+00:00,tt_kelapagading,23.0,23.0,21.4,22.843014,24.204838,21.551502,24.44394
TEST,1,2026-08-21 05:00:00+00:00,tt_kuningan,21.0,16.0,18.2,17.453157,17.954323,31.7712,18.197353
TEST,1,2026-08-21 05:00:00+00:00,tt_sudirman,34.0,28.0,28.4,27.083977,28.291603,26.88394,29.671993
TEST,1,2026-08-21 05:00:00+00:00,tt_tangerang,48.0,48.0,39.6,41.723873,45.86649,38.365112,45.631344
TEST,1,2026-08-21 05:00:00+00:00,tt_tbsimatupang,72.0,48.0,45.0,42.421307,48.218315,37.002037,50.25055
TEST,1,2026-08-21 05:00:00+00:00,tt_thamrin,21.0,16.0,18.9,15.835832,18.239231,17.660267,20.243187
TEST,1,2026-08-21 07:00:00+00:00,tt_bekasi,14.0,16.0,17.75,16.64206,16.853731,23.047491,18.520102
TEST,1,2026-08-21 07:00:00+00:00,tt_bogor,35.0,45.0,36.083333333333336,37.93114,43.22004,37.304848,45.873398
TEST,1,2026-08-21 07:00:00+00:00,tt_bsd,34.0,34.0,31.75,33.12176,33.5925,36.3593,35.83959
TEST,1,2026-08-21 07:00:00+00:00,tt_cawang,28.0,43.0,28.666666666666668,32.340534,42.84425,39.566902,40.47999
TEST,1,2026-08-21 07:00:00+00:00,tt_depok,25.0,31.0,26.5,28.717752,30.683374,37.304848,32.000214
TEST,1,2026-08-21 07:00:00+00:00,tt_gatsu,36.0,45.0,34.5,40.41311,43.35295,40.31845,43.518303
TEST,1,2026-08-21 07:00:00+00:00,tt_grogol,28.0,32.0,31.666666666666668,35.05008,31.581894,36.898003,40.1285
TEST,1,2026-08-21 07:00:00+00:00,tt_kebonjeruk,21.0,27.0,22.416666666666668,28.30711,27.057283,37.507908,33.590942
TEST,1,2026-08-21 07:00:00+00:00,tt_kelapagading,20.0,23.0,21.166666666666668,24.65655,23.6132,23.703773,28.145405
TEST,1,2026-08-21 07:00:00+00:00,tt_kuningan,21.0,21.0,18.666666666666668,19.61923,20.57975,40.317657,21.259432
TEST,1,2026-08-21 07:00:00+00:00,tt_sudirman,18.0,34.0,24.583333333333332,32.505215,33.499237,30.023973,36.857723
TEST,1,2026-08-21 07:00:00+00:00,tt_tangerang,39.0,48.0,43.666666666666664,45.209633,46.338676,40.21019,48.797997
TEST,1,2026-08-21 07:00:00+00:00,tt_tbsimatupang,52.0,72.0,56.416666666666664,57.59749,64.848495,39.19853,69.86628
TEST,1,2026-08-21 07:00:00+00:00,tt_thamrin,18.0,21.0,17.0,16.351439,20.74454,21.571537,22.864391
TEST,1,2026-08-21 08:00:00+00:00,tt_bekasi,16.0,14.0,15.923076923076923,17.474749,16.062885,19.331976,15.649418
TEST,1,2026-08-21 08:00:00+00:00,tt_bogor,34.0,35.0,34.61538461538461,35.72117,37.73462,32.77458,35.29035
TEST,1,2026-08-21 08:00:00+00:00,tt_bsd,34.0,34.0,32.07692307692308,32.55122,33.523895,32.414497,32.004585
TEST,1,2026-08-21 08:00:00+00:00,tt_cawang,31.0,28.0,35.15384615384615,31.674856,35.112026,33.75013,30.74399
TEST,1,2026-08-21 08:00:00+00:00,tt_depok,25.0,25.0,27.384615384615383,25.688545,27.515594,32.77458,25.012257
TEST,1,2026-08-21 08:00:00+00:00,tt_gatsu,35.0,36.0,30.46153846153846,34.45994,38.060265,35.23885,32.63253
TEST,1,2026-08-21 08:00:00+00:00,tt_grogol,29.0,28.0,31.384615384615383,32.583614,29.770054,32.66485,31.8682
TEST,1,2026-08-21 08:00:00+00:00,tt_kebonjeruk,24.0,21.0,21.923076923076923,24.267334,24.328932,33.657413,25.993202
TEST,1,2026-08-21 08:00:00+00:00,tt_kelapagading,21.0,20.0,20.923076923076923,22.135132,22.165728,18.750607,23.206009
TEST,1,2026-08-21 08:00:00+00:00,tt_kuningan,17.0,21.0,19.53846153846154,17.65092,20.918425,35.84511,18.826628
TEST,1,2026-08-21 08:00:00+00:00,tt_sudirman,24.0,18.0,22.846153846153847,28.004658,26.201084,24.597298,28.067932
TEST,1,2026-08-21 08:00:00+00:00,tt_tangerang,40.0,39.0,37.61538461538461,41.39286,40.680668,37.40038,38.711452
TEST,1,2026-08-21 08:00:00+00:00,tt_tbsimatupang,38.0,52.0,43.0,48.398415,53.411438,35.189003,53.723
TEST,1,2026-08-21 08:00:00+00:00,tt_thamrin,10.0,18.0,15.461538461538462,15.406285,19.760529,17.65903,19.554424
TEST,3,2026-08-18 04:00:00+00:00,tt_bekasi,15.0,16.0,17.666666666666668,17.940643,17.800102,24.651468,18.0634
TEST,3,2026-08-18 04:00:00+00:00,tt_bogor,33.0,34.0,39.25,34.874413,36.06963,34.035683,32.972157
TEST,3,2026-08-18 04:00:00+00:00,tt_bsd,28.0,34.0,32.833333333333336,31.424238,33.2175,32.76779,29.456507
TEST,3,2026-08-18 04:00:00+00:00,tt_cawang,22.0,19.0,20.25,20.200747,27.427332,30.716011,26.717068
TEST,3,2026-08-18 04:00:00+00:00,tt_depok,31.0,27.0,26.916666666666668,27.041712,27.826485,34.035683,25.9292
TEST,3,2026-08-18 04:00:00+00:00,tt_gatsu,32.0,45.0,45.0,40.028217,42.524235,29.630018,37.8667
TEST,3,2026-08-18 04:00:00+00:00,tt_grogol,27.0,24.0,31.5,28.567148,29.411095,30.135462,29.512905
TEST,3,2026-08-18 04:00:00+00:00,tt_kebonjeruk,25.0,27.0,25.166666666666668,23.733143,28.908497,29.004131,25.277145
TEST,3,2026-08-18 04:00:00+00:00,tt_kelapagading,29.0,29.0,22.5,22.178877,28.574854,23.414661,25.423985
TEST,3,2026-08-18 04:00:00+00:00,tt_kuningan,16.0,21.0,19.166666666666668,18.01638,21.54364,30.323015,20.578293
TEST,3,2026-08-18 04:00:00+00:00,tt_sudirman,24.0,33.0,31.666666666666668,27.47357,33.649174,34.29182,25.964525
TEST,3,2026-08-18 04:00:00+00:00,tt_tangerang,36.0,38.0,38.166666666666664,38.882313,38.908607,33.38781,36.085045
TEST,3,2026-08-18 04:00:00+00:00,tt_tbsimatupang,55.0,31.0,38.5,33.68158,39.67809,33.70843,35.54172
TEST,3,2026-08-18 04:00:00+00:00,tt_thamrin,18.0,19.0,19.166666666666668,18.114326,20.717014,19.202637,21.484379
TEST,3,2026-08-18 05:00:00+00:00,tt_bekasi,15.0,16.0,18.0,18.418705,17.742727,20.611423,18.047432
TEST,3,2026-08-18 05:00:00+00:00,tt_bogor,38.0,36.0,39.6,35.395233,36.41527,34.46097,36.184868
TEST,3,2026-08-18 05:00:00+00:00,tt_bsd,28.0,34.0,32.4,32.144104,33.2175,33.827488,30.50762
TEST,3,2026-08-18 05:00:00+00:00,tt_cawang,28.0,21.0,23.3,21.530233,27.20914,30.558067,28.46753
TEST,3,2026-08-18 05:00:00+00:00,tt_depok,26.0,31.0,28.2,26.685844,29.336367,34.46097,26.058416
TEST,3,2026-08-18 05:00:00+00:00,tt_gatsu,45.0,33.0,45.0,37.593456,36.986164,29.407255,32.77272
TEST,3,2026-08-18 05:00:00+00:00,tt_grogol,36.0,26.0,32.0,28.230022,29.213324,30.651371,32.651157
TEST,3,2026-08-18 05:00:00+00:00,tt_kebonjeruk,22.0,26.0,25.2,23.554245,27.90282,30.265747,25.72559
TEST,3,2026-08-18 05:00:00+00:00,tt_kelapagading,22.0,29.0,21.4,21.98005,28.574854,23.131943,25.082066
TEST,3,2026-08-18 05:00:00+00:00,tt_kuningan,21.0,21.0,18.2,16.72393,21.54364,30.492262,20.532347
TEST,3,2026-08-18 05:00:00+00:00,tt_sudirman,31.0,23.0,28.4,25.131174,29.385563,31.931604,26.938242
TEST,3,2026-08-18 05:00:00+00:00,tt_tangerang,41.0,48.0,39.6,38.733593,43.372414,36.7984,42.010197
TEST,3,2026-08-18 05:00:00+00:00,tt_tbsimatupang,51.0,16.0,45.0,36.70061,36.032,33.378212,41.07627
TEST,3,2026-08-18 05:00:00+00:00,tt_thamrin,20.0,17.0,18.9,17.928465,19.854084,21.501816,21.567696
TEST,3,2026-08-18 07:00:00+00:00,tt_bekasi,15.0,15.0,17.75,16.135695,17.331093,18.95879,17.567905
TEST,3,2026-08-18 07:00:00+00:00,tt_bogor,34.0,33.0,36.083333333333336,34.579617,34.95486,34.759785,34.872753
TEST,3,2026-08-18 07:00:00+00:00,tt_bsd,30.0,28.0,31.75,33.78231,30.392445,35.056374,26.740585
TEST,3,2026-08-18 07:00:00+00:00,tt_cawang,43.0,22.0,28.666666666666668,26.897621,26.781868,27.694466,29.82085
TEST,3,2026-08-18 07:00:00+00:00,tt_depok,31.0,31.0,26.5,26.811052,30.432821,34.759785,26.120518
TEST,3,2026-08-18 07:00:00+00:00,tt_gatsu,45.0,32.0,34.5,34.023094,34.363937,27.396416,35.706944
TEST,3,2026-08-18 07:00:00+00:00,tt_grogol,32.0,27.0,31.666666666666668,32.040413,29.126284,28.651737,32.533466
TEST,3,2026-08-18 07:00:00+00:00,tt_kebonjeruk,25.0,25.0,22.416666666666668,24.270868,26.855568,28.744368,26.294466
TEST,3,2026-08-18 07:00:00+00:00,tt_kelapagading,22.0,29.0,21.166666666666668,22.199242,28.574854,23.68396,24.289072
TEST,3,2026-08-18 07:00:00+00:00,tt_kuningan,15.0,16.0,18.666666666666668,19.55143,19.694057,28.276146,19.204575
TEST,3,2026-08-18 07:00:00+00:00,tt_sudirman,28.0,24.0,24.583333333333332,23.609663,27.2968,26.12819,28.49212
TEST,3,2026-08-18 07:00:00+00:00,tt_tangerang,38.0,36.0,43.666666666666664,38.05203,39.238293,35.093246,39.679375
TEST,3,2026-08-18 07:00:00+00:00,tt_tbsimatupang,57.0,55.0,56.416666666666664,43.370544,51.320366,31.520964,53.390686
TEST,3,2026-08-18 07:00:00+00:00,tt_thamrin,22.0,18.0,17.0,17.396914,19.494446,18.891693,21.087559
TEST,3,2026-08-18 09:00:00+00:00,tt_bekasi,14.0,15.0,15.692307692307692,15.024367,17.071125,22.335583,17.490803
TEST,3,2026-08-18 09:00:00+00:00,tt_bogor,35.0,38.0,33.84615384615385,34.46556,36.939384,32.52238,38.692207
TEST,3,2026-08-18 09:00:00+00:00,tt_bsd,28.0,28.0,32.69230769230769,33.584293,28.66439,34.35375,28.164114
TEST,3,2026-08-18 09:00:00+00:00,tt_cawang,29.0,28.0,30.923076923076923,31.854145,29.28589,27.254587,31.410858
TEST,3,2026-08-18 09:00:00+00:00,tt_depok,24.0,26.0,23.846153846153847,25.939642,27.254347,32.52238,26.424652
TEST,3,2026-08-18 09:00:00+00:00,tt_gatsu,45.0,45.0,36.0,33.094734,42.075718,27.757599,43.71694
TEST,3,2026-08-18 09:00:00+00:00,tt_grogol,32.0,36.0,32.15384615384615,34.539036,35.07212,30.91418,36.826515
TEST,3,2026-08-18 09:00:00+00:00,tt_kebonjeruk,23.0,22.0,22.692307692307693,24.88323,24.633482,30.777506,27.134644
TEST,3,2026-08-18 09:00:00+00:00,tt_kelapagading,23.0,22.0,21.692307692307693,22.052301,24.50669,23.34238,24.622799
TEST,3,2026-08-18 09:00:00+00:00,tt_kuningan,21.0,21.0,18.46153846153846,17.863253,21.294952,29.780748,20.383814
TEST,3,2026-08-18 09:00:00+00:00,tt_sudirman,31.0,31.0,24.0,25.380865,31.190804,27.07356,29.633957
TEST,3,2026-08-18 09:00:00+00:00,tt_tangerang,38.0,41.0,40.53846153846154,40.29962,40.11263,36.147892,43.584957
TEST,3,2026-08-18 09:00:00+00:00,tt_tbsimatupang,43.0,51.0,40.46153846153846,49.52347,50.983517,32.88683,53.60595
TEST,3,2026-08-18 09:00:00+00:00,tt_thamrin,22.0,20.0,17.615384615384617,15.943318,20.649788,21.076927,21.211891
TEST,3,2026-08-18 10:00:00+00:00,tt_bekasi,14.0,15.0,15.3,15.524142,17.023846,24.684475,17.332241
TEST,3,2026-08-18 10:00:00+00:00,tt_bogor,35.0,34.0,31.5,35.86047,35.248116,34.729828,37.37399
TEST,3,2026-08-18 10:00:00+00:00,tt_bsd,34.0,30.0,32.0,34.164856,29.407913,35.612034,29.708754
TEST,3,2026-08-18 10:00:00+00:00,tt_cawang,30.0,43.0,29.9,34.81567,36.718357,29.481113,33.9668
TEST,3,2026-08-18 10:00:00+00:00,tt_depok,25.0,31.0,23.6,26.364021,29.085062,34.729828,27.437721
TEST,3,2026-08-18 10:00:00+00:00,tt_gatsu,4.0,45.0,23.1,33.65524,42.524918,30.722723,43.299385
TEST,3,2026-08-18 10:00:00+00:00,tt_grogol,31.0,32.0,32.1,35.92591,33.573284,31.22917,35.938408
TEST,3,2026-08-18 10:00:00+00:00,tt_kebonjeruk,21.0,25.0,21.4,26.573845,25.417618,31.28172,27.618477
TEST,3,2026-08-18 10:00:00+00:00,tt_kelapagading,21.0,22.0,20.9,23.60814,23.965553,24.33143,24.722368
TEST,3,2026-08-18 10:00:00+00:00,tt_kuningan,14.0,15.0,15.3,18.346794,19.28993,32.85734,18.51334
TEST,3,2026-08-18 10:00:00+00:00,tt_sudirman,23.0,28.0,19.4,27.280365,30.030376,26.920015,30.490297
TEST,3,2026-08-18 10:00:00+00:00,tt_tangerang,34.0,38.0,36.3,41.14338,38.663254,35.953773,42.68311
TEST,3,2026-08-18 10:00:00+00:00,tt_tbsimatupang,44.0,57.0,34.0,54.39174,52.623184,35.20598,57.76322
TEST,3,2026-08-18 10:00:00+00:00,tt_thamrin,22.0,22.0,15.5,15.734967,21.546825,20.952648,20.63223
TEST,3,2026-08-18 12:00:00+00:00,tt_bekasi,14.0,14.0,14.857142857142858,17.63782,16.59643,21.468534,16.389717
TEST,3,2026-08-18 12:00:00+00:00,tt_bogor,35.0,35.0,34.0,38.33819,34.460293,34.37109,38.00543
TEST,3,2026-08-18 12:00:00+00:00,tt_bsd,34.0,28.0,32.642857142857146,32.823986,28.934025,35.315887,28.117193
TEST,3,2026-08-18 12:00:00+00:00,tt_cawang,34.0,29.0,34.142857142857146,37.380848,33.729607,30.399849,31.452362
TEST,3,2026-08-18 12:00:00+00:00,tt_depok,26.0,24.0,23.857142857142858,26.614433,27.38839,34.37109,26.349789
TEST,3,2026-08-18 12:00:00+00:00,tt_gatsu,45.0,45.0,24.785714285714285,35.493504,42.45992,30.607145,42.42062
TEST,3,2026-08-18 12:00:00+00:00,tt_grogol,32.0,32.0,33.07142857142857,35.930546,32.130306,34.719864,36.125862
TEST,3,2026-08-18 12:00:00+00:00,tt_kebonjeruk,25.0,23.0,23.571428571428573,28.103703,24.789948,34.453815,27.114214
TEST,3,2026-08-18 12:00:00+00:00,tt_kelapagading,22.0,23.0,20.714285714285715,25.732185,24.001223,23.236135,23.915646
TEST,3,2026-08-18 12:00:00+00:00,tt_kuningan,13.0,21.0,13.785714285714286,17.67279,20.239506,33.872562,19.789904
TEST,3,2026-08-18 12:00:00+00:00,tt_sudirman,29.0,31.0,23.714285714285715,30.189425,30.129595,26.075489,29.86684
TEST,3,2026-08-18 12:00:00+00:00,tt_tangerang,48.0,38.0,43.57142857142857,43.293175,37.75183,37.05833,43.124626
TEST,3,2026-08-18 12:00:00+00:00,tt_tbsimatupang,72.0,43.0,58.92857142857143,60.131584,45.23641,36.71397,56.283638
TEST,3,2026-08-18 12:00:00+00:00,tt_thamrin,17.0,22.0,12.785714285714286,16.893808,21.996265,23.693619,20.188196
TEST,3,2026-08-18 14:00:00+00:00,tt_bekasi,16.0,14.0,17.23076923076923,19.894102,16.33567,23.595606,15.57653
TEST,3,2026-08-18 14:00:00+00:00,tt_bogor,45.0,35.0,39.30769230769231,40.302666,34.129635,38.383038,30.726404
TEST,3,2026-08-18 14:00:00+00:00,tt_bsd,34.0,34.0,33.23076923076923,33.87004,32.64128,31.15171,31.686743
TEST,3,2026-08-18 14:00:00+00:00,tt_cawang,32.0,30.0,39.53846153846154,38.15783,31.018518,22.557674,26.893242
TEST,3,2026-08-18 14:00:00+00:00,tt_depok,26.0,25.0,27.0,28.451635,26.01708,38.383038,23.960024
TEST,3,2026-08-18 14:00:00+00:00,tt_gatsu,45.0,4.0,45.0,40.23162,27.270325,22.65231,33.76866
TEST,3,2026-08-18 14:00:00+00:00,tt_grogol,40.0,31.0,38.30769230769231,35.837406,30.645649,24.208874,27.957985
TEST,3,2026-08-18 14:00:00+00:00,tt_kebonjeruk,31.0,21.0,28.692307692307693,30.094118,22.518742,24.065178,23.735302
TEST,3,2026-08-18 14:00:00+00:00,tt_kelapagading,29.0,21.0,25.615384615384617,26.978142,22.789082,24.038528,21.912258
TEST,3,2026-08-18 14:00:00+00:00,tt_kuningan,16.0,14.0,18.23076923076923,18.951357,17.630514,27.180033,16.644934
TEST,3,2026-08-18 14:00:00+00:00,tt_sudirman,30.0,23.0,31.153846153846153,30.221025,25.43343,23.728199,24.963972
TEST,3,2026-08-18 14:00:00+00:00,tt_tangerang,48.0,34.0,48.0,46.295326,34.85807,35.981457,29.80275
TEST,3,2026-08-18 14:00:00+00:00,tt_tbsimatupang,72.0,44.0,68.23076923076923,65.147224,43.387844,38.677536,48.17543
TEST,3,2026-08-18 14:00:00+00:00,tt_thamrin,22.0,22.0,17.846153846153847,16.020844,22.038181,23.388786,18.282856
TEST,3,2026-08-18 15:00:00+00:00,tt_bekasi,16.0,14.0,18.0,17.531141,16.29147,28.943853,16.430046
TEST,3,2026-08-18 15:00:00+00:00,tt_bogor,45.0,35.0,43.416666666666664,41.959858,34.14291,39.097683,33.385204
TEST,3,2026-08-18 15:00:00+00:00,tt_bsd,34.0,34.0,34.0,34.750015,33.055923,40.735504,33.129852
TEST,3,2026-08-18 15:00:00+00:00,tt_cawang,43.0,34.0,39.75,44.457214,32.741253,31.326414,32.41591
TEST,3,2026-08-18 15:00:00+00:00,tt_depok,31.0,26.0,30.5,29.539282,26.271793,39.097683,26.838434
TEST,3,2026-08-18 15:00:00+00:00,tt_gatsu,45.0,45.0,45.0,42.103043,41.46243,37.23997,48.64296
TEST,3,2026-08-18 15:00:00+00:00,tt_grogol,40.0,32.0,40.0,40.057674,31.112955,28.287525,36.038033
TEST,3,2026-08-18 15:00:00+00:00,tt_kebonjeruk,35.0,25.0,34.166666666666664,32.960686,23.934805,28.609982,27.46628
TEST,3,2026-08-18 15:00:00+00:00,tt_kelapagading,29.0,22.0,28.333333333333332,27.85331,22.888992,24.140944,24.457363
TEST,3,2026-08-18 15:00:00+00:00,tt_kuningan,21.0,13.0,19.666666666666668,20.844896,16.869293,40.383087,17.089838
TEST,3,2026-08-18 15:00:00+00:00,tt_sudirman,39.0,29.0,35.833333333333336,35.861073,27.29214,27.736717,30.335331
TEST,3,2026-08-18 15:00:00+00:00,tt_tangerang,48.0,48.0,46.333333333333336,47.07102,41.26364,41.58673,47.738884
TEST,3,2026-08-18 15:00:00+00:00,tt_tbsimatupang,72.0,72.0,72.0,70.54609,56.61242,42.386536,65.76043
TEST,3,2026-08-18 15:00:00+00:00,tt_thamrin,22.0,17.0,18.583333333333332,20.711365,20.195206,24.12648,18.839432
TEST,3,2026-08-18 17:00:00+00:00,tt_bekasi,17.0,16.0,18.0,17.574112,16.974869,24.717068,17.635246
TEST,3,2026-08-18 17:00:00+00:00,tt_bogor,45.0,45.0,44.27272727272727,43.852715,38.918594,36.970108,43.193092
TEST,3,2026-08-18 17:00:00+00:00,tt_bsd,34.0,34.0,33.63636363636363,34.468338,33.07303,42.17361,35.05506
TEST,3,2026-08-18 17:00:00+00:00,tt_cawang,43.0,32.0,43.0,45.179104,32.808083,33.343685,36.062553
TEST,3,2026-08-18 17:00:00+00:00,tt_depok,31.0,26.0,31.0,30.759653,26.353706,36.970108,29.613014
TEST,3,2026-08-18 17:00:00+00:00,tt_gatsu,45.0,45.0,45.0,44.24667,46.256527,38.507175,45.472984
TEST,3,2026-08-18 17:00:00+00:00,tt_grogol,40.0,40.0,39.45454545454545,41.867584,35.25566,34.71202,40.05078
TEST,3,2026-08-18 17:00:00+00:00,tt_kebonjeruk,35.0,31.0,35.0,34.60483,27.846897,35.0342,31.153728
TEST,3,2026-08-18 17:00:00+00:00,tt_kelapagading,29.0,29.0,29.0,28.518541,25.957624,24.734093,26.280708
TEST,3,2026-08-18 17:00:00+00:00,tt_kuningan,21.0,16.0,21.0,21.83323,17.360207,42.52865,18.630526
TEST,3,2026-08-18 17:00:00+00:00,tt_sudirman,39.0,30.0,38.0,39.343697,29.152874,26.130915,33.871143
TEST,3,2026-08-18 17:00:00+00:00,tt_tangerang,48.0,48.0,48.0,49.282265,44.34325,46.235077,47.928635
TEST,3,2026-08-18 17:00:00+00:00,tt_tbsimatupang,72.0,72.0,72.0,74.23758,59.36963,44.26057,69.67813
TEST,3,2026-08-18 17:00:00+00:00,tt_thamrin,22.0,22.0,22.0,22.6533,21.144436,25.903017,20.600117
TEST,3,2026-08-18 19:00:00+00:00,tt_bekasi,17.0,16.0,18.0,17.961458,17.396755,26.456308,17.645935
TEST,3,2026-08-18 19:00:00+00:00,tt_bogor,45.0,45.0,44.72727272727273,44.387753,41.67359,39.556763,41.276985
TEST,3,2026-08-18 19:00:00+00:00,tt_bsd,34.0,34.0,34.0,33.80306,33.030975,39.558235,34.795696
TEST,3,2026-08-18 19:00:00+00:00,tt_cawang,43.0,43.0,43.0,41.746304,39.757137,39.62207,38.604645
TEST,3,2026-08-18 19:00:00+00:00,tt_depok,31.0,31.0,31.0,31.90494,29.786833,39.556763,33.421032
TEST,3,2026-08-18 19:00:00+00:00,tt_gatsu,45.0,45.0,45.0,45.449276,44.444855,42.936184,46.108376
TEST,3,2026-08-18 19:00:00+00:00,tt_grogol,40.0,40.0,40.0,40.955128,37.74908,41.371933,39.37044
TEST,3,2026-08-18 19:00:00+00:00,tt_kebonjeruk,35.0,35.0,35.0,34.816788,33.07032,42.13379,34.570232
TEST,3,2026-08-18 19:00:00+00:00,tt_kelapagading,29.0,29.0,29.0,29.377445,27.923248,24.640833,29.557804
TEST,3,2026-08-18 19:00:00+00:00,tt_kuningan,21.0,21.0,21.0,21.228584,20.704004,45.97508,19.582458
TEST,3,2026-08-18 19:00:00+00:00,tt_sudirman,39.0,39.0,38.0,39.543358,36.219532,32.805683,36.818703
TEST,3,2026-08-18 19:00:00+00:00,tt_tangerang,48.0,48.0,48.0,49.094418,44.37901,44.184875,47.4187
TEST,3,2026-08-18 19:00:00+00:00,tt_tbsimatupang,72.0,72.0,72.0,72.51576,59.134987,45.504677,64.49302
TEST,3,2026-08-18 19:00:00+00:00,tt_thamrin,22.0,22.0,22.0,22.520548,22.29831,25.53006,21.401169
TEST,3,2026-08-18 20:00:00+00:00,tt_bekasi,17.0,17.0,18.0,17.705254,17.810085,25.651052,18.007538
TEST,3,2026-08-18 20:00:00+00:00,tt_bogor,45.0,45.0,45.0,43.87897,41.841667,37.87427,40.548256
TEST,3,2026-08-18 20:00:00+00:00,tt_bsd,34.0,34.0,34.0,33.646465,33.068386,37.397255,34.35734
TEST,3,2026-08-18 20:00:00+00:00,tt_cawang,43.0,43.0,43.0,39.329998,40.410683,38.30276,37.662563
TEST,3,2026-08-18 20:00:00+00:00,tt_depok,31.0,31.0,31.0,31.271732,30.219318,37.87427,32.828278
TEST,3,2026-08-18 20:00:00+00:00,tt_gatsu,45.0,45.0,45.0,45.422997,43.84513,41.010403,46.292206
TEST,3,2026-08-18 20:00:00+00:00,tt_grogol,40.0,40.0,40.0,40.19035,37.89504,42.218674,38.94147
TEST,3,2026-08-18 20:00:00+00:00,tt_kebonjeruk,35.0,35.0,35.0,34.498093,33.586918,42.475895,33.92212
TEST,3,2026-08-18 20:00:00+00:00,tt_kelapagading,29.0,29.0,29.0,29.337536,28.098295,24.593729,29.427832
TEST,3,2026-08-18 20:00:00+00:00,tt_kuningan,21.0,21.0,21.0,20.699871,21.029804,44.636402,19.366005
TEST,3,2026-08-18 20:00:00+00:00,tt_sudirman,39.0,39.0,38.0,38.4566,36.947296,32.40698,36.014397
TEST,3,2026-08-18 20:00:00+00:00,tt_tangerang,48.0,48.0,48.0,48.795143,44.393463,44.27479,46.945118
TEST,3,2026-08-18 20:00:00+00:00,tt_tbsimatupang,72.0,72.0,72.0,69.07552,59.01036,44.06056,61.92119
TEST,3,2026-08-18 20:00:00+00:00,tt_thamrin,22.0,22.0,22.0,22.319727,22.360256,24.802797,21.421946
TEST,3,2026-08-18 22:00:00+00:00,tt_bekasi,17.0,17.0,18.0,17.66623,18.083359,23.757683,18.184216
TEST,3,2026-08-18 22:00:00+00:00,tt_bogor,45.0,45.0,45.0,41.871063,41.991383,34.801914,39.624535
TEST,3,2026-08-18 22:00:00+00:00,tt_bsd,34.0,34.0,33.6,33.46405,33.147144,34.710922,33.785496
TEST,3,2026-08-18 22:00:00+00:00,tt_cawang,43.0,43.0,40.9,33.861656,40.47706,34.106167,37.158634
TEST,3,2026-08-18 22:00:00+00:00,tt_depok,31.0,31.0,31.0,29.926172,30.258322,34.801914,32.47353
TEST,3,2026-08-18 22:00:00+00:00,tt_gatsu,45.0,45.0,45.0,44.964314,43.194836,34.33119,47.601707
TEST,3,2026-08-18 22:00:00+00:00,tt_grogol,40.0,40.0,40.0,38.350872,37.962597,40.099335,38.581875
TEST,3,2026-08-18 22:00:00+00:00,tt_kebonjeruk,35.0,35.0,35.0,33.203438,33.66444,40.245358,33.42977
TEST,3,2026-08-18 22:00:00+00:00,tt_kelapagading,29.0,29.0,29.0,28.435503,28.161219,24.776741,29.429737
TEST,3,2026-08-18 22:00:00+00:00,tt_kuningan,21.0,21.0,21.0,20.303007,21.121193,39.41497,19.774624
TEST,3,2026-08-18 22:00:00+00:00,tt_sudirman,39.0,39.0,38.0,35.82388,37.09391,31.90368,35.412437
TEST,3,2026-08-18 22:00:00+00:00,tt_tangerang,48.0,48.0,48.0,46.980705,44.499096,40.473522,46.022545
TEST,3,2026-08-18 22:00:00+00:00,tt_tbsimatupang,72.0,72.0,72.0,59.616405,58.826366,40.62561,59.024994
TEST,3,2026-08-18 22:00:00+00:00,tt_thamrin,22.0,22.0,22.0,21.375977,22.28517,23.871304,21.869759
TEST,3,2026-08-19 00:00:00+00:00,tt_bekasi,15.0,17.0,18.0,18.015814,18.194824,22.01744,18.627321
TEST,3,2026-08-19 00:00:00+00:00,tt_bogor,35.0,45.0,36.2,39.49193,42.18081,33.265377,38.965343
TEST,3,2026-08-19 00:00:00+00:00,tt_bsd,29.0,34.0,31.5,33.492947,33.2175,33.598682,32.91702
TEST,3,2026-08-19 00:00:00+00:00,tt_cawang,20.0,43.0,22.6,27.449461,40.49196,30.250908,36.327435
TEST,3,2026-08-19 00:00:00+00:00,tt_depok,31.0,31.0,30.2,29.73477,30.240501,33.265377,32.293217
TEST,3,2026-08-19 00:00:00+00:00,tt_gatsu,45.0,45.0,44.2,44.206367,42.777756,29.78987,43.432976
TEST,3,2026-08-19 00:00:00+00:00,tt_grogol,40.0,40.0,35.9,36.605396,38.093155,35.13278,37.822067
TEST,3,2026-08-19 00:00:00+00:00,tt_kebonjeruk,27.0,35.0,29.5,30.879696,33.745686,35.37097,33.116165
TEST,3,2026-08-19 00:00:00+00:00,tt_kelapagading,29.0,29.0,28.3,27.233717,28.30666,24.353718,29.680319
TEST,3,2026-08-19 00:00:00+00:00,tt_kuningan,21.0,21.0,21.0,20.992334,21.204056,30.538284,20.242298
TEST,3,2026-08-19 00:00:00+00:00,tt_sudirman,39.0,39.0,31.4,32.90228,37.131622,30.98963,34.82565
TEST,3,2026-08-19 00:00:00+00:00,tt_tangerang,48.0,48.0,44.3,44.34493,44.647503,32.64634,43.67582
TEST,3,2026-08-19 00:00:00+00:00,tt_tbsimatupang,39.0,72.0,42.1,48.614857,58.75941,34.511986,51.30693
TEST,3,2026-08-19 00:00:00+00:00,tt_thamrin,19.0,22.0,20.3,19.81532,22.269714,21.372782,22.45914
TEST,3,2026-08-19 01:00:00+00:00,tt_bekasi,16.0,17.0,17.818181818181817,17.926455,18.24311,21.075912,18.974453
TEST,3,2026-08-19 01:00:00+00:00,tt_bogor,37.0,45.0,37.18181818181818,38.385647,42.272396,33.679817,38.825764
TEST,3,2026-08-19 01:00:00+00:00,tt_bsd,34.0,34.0,31.181818181818183,33.640457,33.2175,34.284122,32.8456
TEST,3,2026-08-19 01:00:00+00:00,tt_cawang,13.0,43.0,23.818181818181817,25.068645,40.589554,30.470602,36.040596
TEST,3,2026-08-19 01:00:00+00:00,tt_depok,27.0,31.0,28.363636363636363,29.494701,30.293917,33.679817,32.534515
TEST,3,2026-08-19 01:00:00+00:00,tt_gatsu,13.0,45.0,42.27272727272727,43.641167,42.709305,29.946848,43.629387
TEST,3,2026-08-19 01:00:00+00:00,tt_grogol,32.0,40.0,34.36363636363637,36.05288,38.172577,33.250706,37.400215
TEST,3,2026-08-19 01:00:00+00:00,tt_kebonjeruk,25.0,35.0,29.181818181818183,29.525665,33.828564,32.68663,33.353043
TEST,3,2026-08-19 01:00:00+00:00,tt_kelapagading,29.0,29.0,28.181818181818183,26.495155,28.407082,23.909382,30.179861
TEST,3,2026-08-19 01:00:00+00:00,tt_kuningan,21.0,21.0,21.0,21.104433,21.330906,30.40123,20.75684
TEST,3,2026-08-19 01:00:00+00:00,tt_sudirman,22.0,39.0,26.363636363636363,31.87166,37.220722,30.698015,34.87191
TEST,3,2026-08-19 01:00:00+00:00,tt_tangerang,39.0,48.0,42.45454545454545,43.44296,44.73077,30.681967,43.301014
TEST,3,2026-08-19 01:00:00+00:00,tt_tbsimatupang,18.0,72.0,35.45454545454545,45.09101,58.742077,32.07704,50.87809
TEST,3,2026-08-19 01:00:00+00:00,tt_thamrin,22.0,22.0,18.454545454545453,18.985743,22.302584,19.697405,23.021343
TEST,3,2026-08-19 03:00:00+00:00,tt_bekasi,16.0,15.0,17.727272727272727,20.61348,17.583841,24.250036,17.926495
TEST,3,2026-08-19 03:00:00+00:00,tt_bogor,37.0,35.0,37.90909090909091,33.398613,37.84611,30.869534,29.27015
TEST,3,2026-08-19 03:00:00+00:00,tt_bsd,34.0,29.0,32.0,31.155704,30.826838,31.507828,25.458736
TEST,3,2026-08-19 03:00:00+00:00,tt_cawang,20.0,20.0,21.818181818181817,19.4523,31.568205,27.791424,25.776798
TEST,3,2026-08-19 03:00:00+00:00,tt_depok,31.0,31.0,26.545454545454547,28.47746,30.402407,30.869534,26.513947
TEST,3,2026-08-19 03:00:00+00:00,tt_gatsu,45.0,45.0,43.90909090909091,42.94603,42.51831,28.234247,36.1035
TEST,3,2026-08-19 03:00:00+00:00,tt_grogol,31.0,40.0,31.272727272727273,31.056286,38.313816,29.4568,31.670153
TEST,3,2026-08-19 03:00:00+00:00,tt_kebonjeruk,23.0,27.0,25.0,23.795914,30.342594,29.186216,25.965992
TEST,3,2026-08-19 03:00:00+00:00,tt_kelapagading,29.0,29.0,24.636363636363637,22.43522,28.549242,22.018738,26.032242
TEST,3,2026-08-19 03:00:00+00:00,tt_kuningan,16.0,21.0,18.545454545454547,20.47636,21.544333,29.780844,20.783142
TEST,3,2026-08-19 03:00:00+00:00,tt_sudirman,24.0,39.0,32.27272727272727,29.517294,37.375427,32.07301,26.913448
TEST,3,2026-08-19 03:00:00+00:00,tt_tangerang,40.0,48.0,39.54545454545455,40.26169,44.810112,33.327522,38.378227
TEST,3,2026-08-19 03:00:00+00:00,tt_tbsimatupang,33.0,39.0,37.45454545454545,31.90447,44.426506,30.982912,30.174566
TEST,3,2026-08-19 03:00:00+00:00,tt_thamrin,20.0,19.0,18.90909090909091,19.821568,21.229,18.382523,22.478432
TEST,3,2026-08-19 05:00:00+00:00,tt_bekasi,15.0,16.0,18.0,20.160568,17.679634,15.724337,18.141363
TEST,3,2026-08-19 05:00:00+00:00,tt_bogor,32.0,37.0,39.6,35.801193,37.300484,34.30684,36.764145
TEST,3,2026-08-19 05:00:00+00:00,tt_bsd,34.0,34.0,32.4,31.640377,32.89621,33.385532,31.702524
TEST,3,2026-08-19 05:00:00+00:00,tt_cawang,17.0,13.0,23.3,22.171299,26.46881,31.19677,30.020449
TEST,3,2026-08-19 05:00:00+00:00,tt_depok,31.0,27.0,28.2,27.963354,27.826485,34.30684,25.14518
TEST,3,2026-08-19 05:00:00+00:00,tt_gatsu,45.0,13.0,45.0,38.85266,28.60219,30.670422,31.53682
TEST,3,2026-08-19 05:00:00+00:00,tt_grogol,31.0,32.0,32.0,28.850986,33.471806,30.748455,31.328022
TEST,3,2026-08-19 05:00:00+00:00,tt_kebonjeruk,24.0,25.0,25.2,23.284311,27.243723,30.4845,25.626564
TEST,3,2026-08-19 05:00:00+00:00,tt_kelapagading,21.0,29.0,21.4,21.584486,28.574854,24.919924,24.136925
TEST,3,2026-08-19 05:00:00+00:00,tt_kuningan,17.0,21.0,18.2,16.621614,21.54364,31.541273,21.024406
TEST,3,2026-08-19 05:00:00+00:00,tt_sudirman,27.0,22.0,28.4,25.59953,28.23938,28.405083,27.348553
TEST,3,2026-08-19 05:00:00+00:00,tt_tangerang,40.0,39.0,39.6,39.87211,39.468414,33.730717,37.232475
TEST,3,2026-08-19 05:00:00+00:00,tt_tbsimatupang,43.0,18.0,45.0,38.369606,36.511463,33.091827,40.794086
TEST,3,2026-08-19 05:00:00+00:00,tt_thamrin,17.0,22.0,18.9,18.75487,22.215954,16.191193,22.460503
TEST,3,2026-08-19 06:00:00+00:00,tt_bekasi,18.0,16.0,17.083333333333332,18.086296,17.697346,23.132622,18.34383
TEST,3,2026-08-19 06:00:00+00:00,tt_bogor,35.0,37.0,36.166666666666664,34.493195,37.147564,33.81519,37.995865
TEST,3,2026-08-19 06:00:00+00:00,tt_bsd,34.0,34.0,33.666666666666664,33.236572,33.177895,34.841244,32.70175
TEST,3,2026-08-19 06:00:00+00:00,tt_cawang,19.0,20.0,21.333333333333332,26.388391,27.630741,29.564344,31.501122
TEST,3,2026-08-19 06:00:00+00:00,tt_depok,27.0,31.0,26.25,26.889181,29.336367,33.81519,27.0028
TEST,3,2026-08-19 06:00:00+00:00,tt_gatsu,30.0,45.0,42.5,37.021248,40.776436,29.035265,45.096237
TEST,3,2026-08-19 06:00:00+00:00,tt_grogol,27.0,31.0,31.333333333333332,31.402267,32.485504,30.54183,34.35028
TEST,3,2026-08-19 06:00:00+00:00,tt_kebonjeruk,21.0,23.0,24.083333333333332,23.747532,26.097618,30.237196,27.234278
TEST,3,2026-08-19 06:00:00+00:00,tt_kelapagading,21.0,29.0,20.083333333333332,22.608597,28.574854,24.81524,25.136845
TEST,3,2026-08-19 06:00:00+00:00,tt_kuningan,21.0,16.0,19.166666666666668,19.03916,19.694057,29.728662,19.816319
TEST,3,2026-08-19 06:00:00+00:00,tt_sudirman,18.0,24.0,26.75,24.964556,27.959639,29.487167,29.250885
TEST,3,2026-08-19 06:00:00+00:00,tt_tangerang,38.0,40.0,38.583333333333336,38.313225,39.62998,34.072197,40.757195
TEST,3,2026-08-19 06:00:00+00:00,tt_tbsimatupang,48.0,33.0,48.833333333333336,41.486423,41.45773,33.05008,45.084694
TEST,3,2026-08-19 06:00:00+00:00,tt_thamrin,13.0,20.0,18.75,19.249743,21.545889,17.2757,22.074516
TEST,3,2026-08-19 08:00:00+00:00,tt_bekasi,15.0,15.0,15.923076923076923,16.064648,17.301823,18.861702,17.12878
TEST,3,2026-08-19 08:00:00+00:00,tt_bogor,34.0,32.0,34.61538461538461,34.11798,34.526398,30.508736,34.50224
TEST,3,2026-08-19 08:00:00+00:00,tt_bsd,28.0,34.0,32.07692307692308,32.91208,33.258068,34.25668,31.666698
TEST,3,2026-08-19 08:00:00+00:00,tt_cawang,32.0,17.0,35.15384615384615,30.480268,26.036478,24.834347,29.858274
TEST,3,2026-08-19 08:00:00+00:00,tt_depok,25.0,31.0,27.384615384615383,25.371977,30.432821,30.508736,25.646484
TEST,3,2026-08-19 08:00:00+00:00,tt_gatsu,26.0,45.0,30.46153846153846,34.511356,45.24981,24.598686,41.688034
TEST,3,2026-08-19 08:00:00+00:00,tt_grogol,27.0,31.0,31.384615384615383,33.205082,31.765495,28.506338,33.443626
TEST,3,2026-08-19 08:00:00+00:00,tt_kebonjeruk,18.0,24.0,21.923076923076923,23.5013,25.63133,28.850342,25.798735
TEST,3,2026-08-19 08:00:00+00:00,tt_kelapagading,22.0,21.0,20.923076923076923,22.362587,25.44553,22.280348,23.586536
TEST,3,2026-08-19 08:00:00+00:00,tt_kuningan,21.0,17.0,19.53846153846154,18.73682,18.890575,25.191786,19.188622
TEST,3,2026-08-19 08:00:00+00:00,tt_sudirman,22.0,27.0,22.846153846153847,25.40738,28.57193,25.21098,27.900393
TEST,3,2026-08-19 08:00:00+00:00,tt_tangerang,48.0,40.0,37.61538461538461,39.1189,39.459297,34.611004,40.37892
TEST,3,2026-08-19 08:00:00+00:00,tt_tbsimatupang,32.0,43.0,43.0,44.869812,45.295174,29.04038,48.428467
TEST,3,2026-08-19 08:00:00+00:00,tt_thamrin,8.0,17.0,15.461538461538462,18.681221,19.935968,18.94178,20.615932
TEST,3,2026-08-19 10:00:00+00:00,tt_bekasi,13.0,18.0,15.3,15.581925,18.685349,23.077835,17.399498
TEST,3,2026-08-19 10:00:00+00:00,tt_bogor,30.0,35.0,31.5,36.012436,34.929653,30.985876,36.331642
TEST,3,2026-08-19 10:00:00+00:00,tt_bsd,34.0,34.0,32.0,32.753197,33.215008,34.13685,31.965292
TEST,3,2026-08-19 10:00:00+00:00,tt_cawang,43.0,19.0,29.9,34.03995,24.802319,26.444923,29.66099
TEST,3,2026-08-19 10:00:00+00:00,tt_depok,23.0,27.0,23.6,25.89678,27.815216,30.985876,24.573002
TEST,3,2026-08-19 10:00:00+00:00,tt_gatsu,23.0,30.0,23.1,33.36173,35.21782,26.130621,36.93725
TEST,3,2026-08-19 10:00:00+00:00,tt_grogol,30.0,27.0,32.1,34.706482,28.90486,28.390217,31.831688
TEST,3,2026-08-19 10:00:00+00:00,tt_kebonjeruk,19.0,21.0,21.4,23.657528,23.694717,29.108376,25.087036
TEST,3,2026-08-19 10:00:00+00:00,tt_kelapagading,22.0,21.0,20.9,23.491898,23.415808,23.08282,22.797949
TEST,3,2026-08-19 10:00:00+00:00,tt_kuningan,16.0,21.0,15.3,17.886667,21.18504,26.391872,18.917282
TEST,3,2026-08-19 10:00:00+00:00,tt_sudirman,19.0,18.0,19.4,25.259087,23.995201,25.924397,26.949774
TEST,3,2026-08-19 10:00:00+00:00,tt_tangerang,28.0,38.0,36.3,41.945557,37.88175,32.812263,39.21712
TEST,3,2026-08-19 10:00:00+00:00,tt_tbsimatupang,34.0,48.0,34.0,53.805973,47.27419,29.94059,52.13973
TEST,3,2026-08-19 10:00:00+00:00,tt_thamrin,17.0,13.0,15.5,17.061071,17.2032,21.237503,19.506428
TEST,3,2026-08-19 11:00:00+00:00,tt_bekasi,18.0,15.0,14.692307692307692,17.55094,17.722836,23.915516,15.756757
TEST,3,2026-08-19 11:00:00+00:00,tt_bogor,33.0,34.0,33.07692307692308,36.75845,34.379852,31.281979,35.70853
TEST,3,2026-08-19 11:00:00+00:00,tt_bsd,27.0,28.0,32.07692307692308,32.420692,30.371399,33.73955,28.57374
TEST,3,2026-08-19 11:00:00+00:00,tt_cawang,43.0,32.0,29.23076923076923,35.377007,29.855059,26.559406,30.06214
TEST,3,2026-08-19 11:00:00+00:00,tt_depok,25.0,25.0,24.846153846153847,25.732712,26.624065,31.281979,24.101837
TEST,3,2026-08-19 11:00:00+00:00,tt_gatsu,35.0,26.0,16.615384615384617,33.78186,32.816975,26.502468,37.387184
TEST,3,2026-08-19 11:00:00+00:00,tt_grogol,32.0,27.0,32.69230769230769,34.488094,28.38977,29.580784,32.44786
TEST,3,2026-08-19 11:00:00+00:00,tt_kebonjeruk,21.0,18.0,21.923076923076923,24.63564,22.15025,30.18823,24.852776
TEST,3,2026-08-19 11:00:00+00:00,tt_kelapagading,20.0,22.0,20.076923076923077,23.900084,23.541302,23.203411,22.022316
TEST,3,2026-08-19 11:00:00+00:00,tt_kuningan,16.0,21.0,15.153846153846152,15.921408,21.405453,26.710308,17.84962
TEST,3,2026-08-19 11:00:00+00:00,tt_sudirman,16.0,22.0,18.53846153846154,25.655928,24.495789,25.820824,26.86504
TEST,3,2026-08-19 11:00:00+00:00,tt_tangerang,26.0,48.0,38.0,43.61654,42.506393,33.4855,42.945705
TEST,3,2026-08-19 11:00:00+00:00,tt_tbsimatupang,44.0,32.0,39.92307692307692,58.49094,39.30632,30.451641,50.49106
TEST,3,2026-08-19 11:00:00+00:00,tt_thamrin,10.0,8.0,13.0,15.678073,15.347801,21.626305,17.9407
TEST,3,2026-08-19 13:00:00+00:00,tt_bekasi,18.0,13.0,17.2,18.780918,16.419174,24.024467,15.259392
TEST,3,2026-08-19 13:00:00+00:00,tt_bogor,45.0,30.0,40.9,39.312557,31.794949,37.50643,35.61016
TEST,3,2026-08-19 13:00:00+00:00,tt_bsd,34.0,34.0,31.6,32.843403,31.54242,34.819004,33.422867
TEST,3,2026-08-19 13:00:00+00:00,tt_cawang,43.0,43.0,40.6,38.646076,37.469604,27.112812,31.164845
TEST,3,2026-08-19 13:00:00+00:00,tt_depok,25.0,23.0,25.0,26.711716,25.052353,37.50643,23.787247
TEST,3,2026-08-19 13:00:00+00:00,tt_gatsu,45.0,23.0,43.3,37.49329,29.905901,27.3606,37.772163
TEST,3,2026-08-19 13:00:00+00:00,tt_grogol,31.0,30.0,37.9,35.642548,29.169819,29.750774,32.60413
TEST,3,2026-08-19 13:00:00+00:00,tt_kebonjeruk,27.0,19.0,25.3,27.744211,20.993198,31.424343,24.474285
TEST,3,2026-08-19 13:00:00+00:00,tt_kelapagading,23.0,22.0,24.2,25.286076,23.456465,24.09239,21.308582
TEST,3,2026-08-19 13:00:00+00:00,tt_kuningan,13.0,16.0,16.2,15.885667,19.502295,28.31384,16.593014
TEST,3,2026-08-19 13:00:00+00:00,tt_sudirman,30.0,19.0,30.6,28.0224,22.924171,25.161295,26.717499
TEST,3,2026-08-19 13:00:00+00:00,tt_tangerang,48.0,28.0,46.2,45.435863,35.0662,34.17902,38.69695
TEST,3,2026-08-19 13:00:00+00:00,tt_tbsimatupang,72.0,34.0,67.6,65.90971,36.825264,35.245617,51.722794
TEST,3,2026-08-19 13:00:00+00:00,tt_thamrin,20.0,17.0,15.7,14.786149,17.166403,22.886204,17.785519
TEST,3,2026-08-19 15:00:00+00:00,tt_bekasi,16.0,18.0,18.0,18.901804,18.623142,24.798565,16.308472
TEST,3,2026-08-19 15:00:00+00:00,tt_bogor,38.0,33.0,43.416666666666664,41.310535,32.436996,33.237045,29.104511
TEST,3,2026-08-19 15:00:00+00:00,tt_bsd,34.0,27.0,34.0,32.693806,28.45105,34.5467,26.027855
TEST,3,2026-08-19 15:00:00+00:00,tt_cawang,32.0,43.0,39.75,42.923607,40.392647,24.337786,26.26154
TEST,3,2026-08-19 15:00:00+00:00,tt_depok,31.0,25.0,30.5,27.280478,25.498009,33.237045,22.009495
TEST,3,2026-08-19 15:00:00+00:00,tt_gatsu,45.0,35.0,45.0,39.39547,35.204796,24.86368,33.280106
TEST,3,2026-08-19 15:00:00+00:00,tt_grogol,40.0,32.0,40.0,36.885326,31.140501,23.90723,27.209127
TEST,3,2026-08-19 15:00:00+00:00,tt_kebonjeruk,31.0,21.0,34.166666666666664,31.472023,21.62954,23.335321,22.467037
TEST,3,2026-08-19 15:00:00+00:00,tt_kelapagading,29.0,20.0,28.333333333333332,27.134293,21.946613,23.685387,20.550184
TEST,3,2026-08-19 15:00:00+00:00,tt_kuningan,21.0,16.0,19.666666666666668,16.642166,18.291607,24.268398,16.001163
TEST,3,2026-08-19 15:00:00+00:00,tt_sudirman,29.0,16.0,35.833333333333336,32.003788,19.182524,23.716274,23.37584
TEST,3,2026-08-19 15:00:00+00:00,tt_tangerang,48.0,26.0,46.333333333333336,45.998516,30.67375,19.632004,28.87395
TEST,3,2026-08-19 15:00:00+00:00,tt_tbsimatupang,72.0,44.0,72.0,70.84925,41.273296,24.526821,41.68286
TEST,3,2026-08-19 15:00:00+00:00,tt_thamrin,21.0,10.0,18.583333333333332,16.326878,14.95899,23.051525,16.332806
TEST,3,2026-08-19 16:00:00+00:00,tt_bekasi,18.0,18.0,18.0,17.000467,18.888021,26.8749,17.744547
TEST,3,2026-08-19 16:00:00+00:00,tt_bogor,45.0,45.0,43.44444444444444,43.361443,38.319386,45.843887,45.102898
TEST,3,2026-08-19 16:00:00+00:00,tt_bsd,34.0,34.0,34.0,33.585342,31.339933,47.39097,36.055084
TEST,3,2026-08-19 16:00:00+00:00,tt_cawang,43.0,43.0,42.22222222222222,46.15037,40.475647,35.69198,37.35067
TEST,3,2026-08-19 16:00:00+00:00,tt_depok,31.0,25.0,31.0,29.573364,25.540737,45.843887,27.010437
TEST,3,2026-08-19 16:00:00+00:00,tt_gatsu,45.0,45.0,45.0,41.298607,40.40589,36.698376,44.745407
TEST,3,2026-08-19 16:00:00+00:00,tt_grogol,40.0,31.0,40.0,39.576378,30.835907,31.976006,37.988983
TEST,3,2026-08-19 16:00:00+00:00,tt_kebonjeruk,35.0,27.0,34.333333333333336,34.08027,24.369488,33.12206,29.198933
TEST,3,2026-08-19 16:00:00+00:00,tt_kelapagading,29.0,23.0,28.555555555555557,28.645428,22.818508,26.116344,24.344923
TEST,3,2026-08-19 16:00:00+00:00,tt_kuningan,21.0,13.0,20.11111111111111,20.141733,17.151928,38.631924,17.105644
TEST,3,2026-08-19 16:00:00+00:00,tt_sudirman,39.0,30.0,37.22222222222222,35.80783,25.16614,26.45686,32.460373
TEST,3,2026-08-19 16:00:00+00:00,tt_tangerang,48.0,48.0,48.0,47.27302,40.754044,35.115692,50.81111
TEST,3,2026-08-19 16:00:00+00:00,tt_tbsimatupang,72.0,72.0,72.0,74.763916,55.58171,41.698456,68.66492
TEST,3,2026-08-19 16:00:00+00:00,tt_thamrin,22.0,20.0,20.0,20.583208,18.227169,25.31775,19.202477
TEST,3,2026-08-19 18:00:00+00:00,tt_bekasi,18.0,16.0,18.0,17.848202,18.224154,23.57853,17.110912
TEST,3,2026-08-19 18:00:00+00:00,tt_bogor,45.0,38.0,45.0,44.431313,38.332806,46.997738,38.43902
TEST,3,2026-08-19 18:00:00+00:00,tt_bsd,34.0,34.0,34.0,34.25316,33.225334,51.50779,34.404987
TEST,3,2026-08-19 18:00:00+00:00,tt_cawang,43.0,32.0,43.0,45.42474,35.339653,35.268517,34.140797
TEST,3,2026-08-19 18:00:00+00:00,tt_depok,31.0,31.0,31.0,30.733326,28.25916,46.997738,28.972023
TEST,3,2026-08-19 18:00:00+00:00,tt_gatsu,45.0,45.0,45.0,43.522964,42.339916,37.32376,44.191914
TEST,3,2026-08-19 18:00:00+00:00,tt_grogol,40.0,40.0,40.0,41.979973,34.75332,31.723715,39.233986
TEST,3,2026-08-19 18:00:00+00:00,tt_kebonjeruk,35.0,31.0,35.0,34.671707,28.197569,32.515533,29.771973
TEST,3,2026-08-19 18:00:00+00:00,tt_kelapagading,29.0,29.0,29.0,29.62097,26.000013,24.0961,25.305155
TEST,3,2026-08-19 18:00:00+00:00,tt_kuningan,21.0,21.0,20.636363636363637,21.97915,19.560751,39.988693,19.31661
TEST,3,2026-08-19 18:00:00+00:00,tt_sudirman,39.0,29.0,38.0,39.88859,28.65221,27.272228,32.407543
TEST,3,2026-08-19 18:00:00+00:00,tt_tangerang,44.0,48.0,48.0,49.20641,45.562122,45.686012,49.638912
TEST,3,2026-08-19 18:00:00+00:00,tt_tbsimatupang,72.0,72.0,72.0,75.769905,59.569283,47.12326,68.70456
TEST,3,2026-08-19 18:00:00+00:00,tt_thamrin,22.0,21.0,22.0,22.847254,20.56939,26.191576,19.623608
TEST,3,2026-08-19 20:00:00+00:00,tt_bekasi,18.0,18.0,18.0,17.823416,18.843786,26.839663,18.346027
TEST,3,2026-08-19 20:00:00+00:00,tt_bogor,45.0,45.0,45.0,45.061043,41.679688,45.099762,44.909576
TEST,3,2026-08-19 20:00:00+00:00,tt_bsd,34.0,34.0,34.0,33.623272,33.24111,49.089302,36.110546
TEST,3,2026-08-19 20:00:00+00:00,tt_cawang,43.0,43.0,43.0,42.081608,40.32981,38.300457,39.18323
TEST,3,2026-08-19 20:00:00+00:00,tt_depok,31.0,31.0,31.0,32.271317,30.017738,45.099762,31.741827
TEST,3,2026-08-19 20:00:00+00:00,tt_gatsu,45.0,45.0,45.0,45.20783,41.993187,39.244385,41.959282
TEST,3,2026-08-19 20:00:00+00:00,tt_grogol,40.0,40.0,40.0,40.993168,37.547497,35.12909,40.124947
TEST,3,2026-08-19 20:00:00+00:00,tt_kebonjeruk,35.0,35.0,35.0,35.30306,32.87841,34.999535,33.36568
TEST,3,2026-08-19 20:00:00+00:00,tt_kelapagading,29.0,29.0,29.0,29.869722,27.886087,25.928596,28.65031
TEST,3,2026-08-19 20:00:00+00:00,tt_kuningan,21.0,21.0,21.0,21.187126,21.22702,40.716522,19.077084
TEST,3,2026-08-19 20:00:00+00:00,tt_sudirman,39.0,39.0,38.0,39.734253,36.019066,34.290726,35.598213
TEST,3,2026-08-19 20:00:00+00:00,tt_tangerang,48.0,48.0,48.0,49.522545,45.118137,46.728745,49.633953
TEST,3,2026-08-19 20:00:00+00:00,tt_tbsimatupang,72.0,72.0,72.0,73.94817,59.282715,46.293423,65.92178
TEST,3,2026-08-19 20:00:00+00:00,tt_thamrin,22.0,22.0,22.0,22.754745,21.680534,26.374657,20.261398
TEST,3,2026-08-19 21:00:00+00:00,tt_bekasi,18.0,18.0,18.0,17.732416,18.952429,25.487667,18.28965
TEST,3,2026-08-19 21:00:00+00:00,tt_bogor,45.0,45.0,45.0,44.568512,41.939194,42.67906,43.939396
TEST,3,2026-08-19 21:00:00+00:00,tt_bsd,34.0,34.0,34.0,33.362335,33.15728,47.466286,35.885452
TEST,3,2026-08-19 21:00:00+00:00,tt_cawang,43.0,43.0,43.0,39.592194,40.7626,37.125286,38.1139
TEST,3,2026-08-19 21:00:00+00:00,tt_depok,31.0,31.0,31.0,31.486822,30.152718,42.67906,30.912971
TEST,3,2026-08-19 21:00:00+00:00,tt_gatsu,45.0,45.0,45.0,45.11786,42.021137,38.134514,41.127625
TEST,3,2026-08-19 21:00:00+00:00,tt_grogol,40.0,40.0,40.0,39.851074,37.795673,33.641594,38.579754
TEST,3,2026-08-19 21:00:00+00:00,tt_kebonjeruk,35.0,35.0,35.0,34.893047,33.39247,33.381805,32.2986
TEST,3,2026-08-19 21:00:00+00:00,tt_kelapagading,29.0,29.0,29.0,30.056433,28.050184,25.176657,28.107725
TEST,3,2026-08-19 21:00:00+00:00,tt_kuningan,21.0,21.0,21.0,20.538988,21.264317,39.04411,19.08157
TEST,3,2026-08-19 21:00:00+00:00,tt_sudirman,39.0,39.0,38.0,38.63556,36.817223,34.508354,34.404636
TEST,3,2026-08-19 21:00:00+00:00,tt_tangerang,48.0,44.0,48.0,49.073982,43.0085,45.142113,47.330967
TEST,3,2026-08-19 21:00:00+00:00,tt_tbsimatupang,72.0,72.0,72.0,69.78908,59.106594,44.149902,62.735443
TEST,3,2026-08-19 21:00:00+00:00,tt_thamrin,22.0,22.0,21.8,22.633677,21.856272,25.786718,20.348991
TEST,3,2026-08-19 23:00:00+00:00,tt_bekasi,17.0,18.0,18.0,17.789604,19.087662,24.462555,18.923668
TEST,3,2026-08-19 23:00:00+00:00,tt_bogor,35.0,45.0,40.72727272727273,41.83172,42.117046,35.949547,43.434406
TEST,3,2026-08-19 23:00:00+00:00,tt_bsd,34.0,34.0,34.0,33.26078,33.114426,44.29542,35.38391
TEST,3,2026-08-19 23:00:00+00:00,tt_cawang,26.0,43.0,27.636363636363637,33.520245,40.86689,33.02003,38.154003
TEST,3,2026-08-19 23:00:00+00:00,tt_depok,31.0,31.0,30.363636363636363,29.909184,30.179123,35.949547,31.770239
TEST,3,2026-08-19 23:00:00+00:00,tt_gatsu,45.0,45.0,45.0,44.469696,42.190483,34.555004,41.006134
TEST,3,2026-08-19 23:00:00+00:00,tt_grogol,35.0,40.0,36.27272727272727,38.018925,37.951633,31.6308,39.197342
TEST,3,2026-08-19 23:00:00+00:00,tt_kebonjeruk,30.0,35.0,32.09090909090909,33.190964,33.61407,31.13699,32.956734
TEST,3,2026-08-19 23:00:00+00:00,tt_kelapagading,29.0,29.0,27.181818181818183,28.795013,28.13757,24.788263,29.275082
TEST,3,2026-08-19 23:00:00+00:00,tt_kuningan,21.0,21.0,21.0,20.356215,21.183771,34.79681,19.726765
TEST,3,2026-08-19 23:00:00+00:00,tt_sudirman,39.0,39.0,36.54545454545455,35.712486,37.03107,33.860226,34.945885
TEST,3,2026-08-19 23:00:00+00:00,tt_tangerang,48.0,48.0,47.36363636363637,46.789364,44.19374,39.77202,50.405167
TEST,3,2026-08-19 23:00:00+00:00,tt_tbsimatupang,72.0,72.0,53.90909090909091,58.833294,58.860935,39.02168,54.164925
TEST,3,2026-08-19 23:00:00+00:00,tt_thamrin,20.0,22.0,20.181818181818183,21.576475,22.119184,24.783512,21.408974
TEST,3,2026-08-20 01:00:00+00:00,tt_bekasi,18.0,18.0,17.818181818181817,18.12163,19.080336,30.76516,19.741331
TEST,3,2026-08-20 01:00:00+00:00,tt_bogor,35.0,45.0,37.18181818181818,39.106564,42.29437,33.854527,42.85098
TEST,3,2026-08-20 01:00:00+00:00,tt_bsd,29.0,34.0,31.181818181818183,33.378937,33.13396,36.771084,34.553997
TEST,3,2026-08-20 01:00:00+00:00,tt_cawang,14.0,43.0,23.818181818181817,27.250814,40.878723,32.654625,37.720993
TEST,3,2026-08-20 01:00:00+00:00,tt_depok,31.0,31.0,28.363636363636363,29.699455,30.278069,33.854527,32.35154
TEST,3,2026-08-20 01:00:00+00:00,tt_gatsu,37.0,45.0,42.27272727272727,43.693016,42.358765,33.862206,40.709198
TEST,3,2026-08-20 01:00:00+00:00,tt_grogol,30.0,40.0,34.36363636363637,36.483856,38.10416,30.136557,38.319466
TEST,3,2026-08-20 01:00:00+00:00,tt_kebonjeruk,26.0,35.0,29.181818181818183,30.641771,33.758976,29.924288,33.280384
TEST,3,2026-08-20 01:00:00+00:00,tt_kelapagading,29.0,29.0,28.181818181818183,27.375566,28.314365,23.8904,30.279282
TEST,3,2026-08-20 01:00:00+00:00,tt_kuningan,21.0,21.0,21.0,21.246067,21.31845,33.12572,20.581577
TEST,3,2026-08-20 01:00:00+00:00,tt_sudirman,27.0,39.0,26.363636363636363,32.75577,37.1824,32.359604,35.054783
TEST,3,2026-08-20 01:00:00+00:00,tt_tangerang,36.0,48.0,42.45454545454545,44.049614,44.674725,32.459312,46.652763
TEST,3,2026-08-20 01:00:00+00:00,tt_tbsimatupang,18.0,72.0,35.45454545454545,47.973396,58.75941,33.004696,51.517662
TEST,3,2026-08-20 01:00:00+00:00,tt_thamrin,18.0,22.0,18.454545454545453,19.948545,22.336994,21.695541,22.698463
TEST,3,2026-08-20 02:00:00+00:00,tt_bekasi,18.0,17.0,17.692307692307693,18.784224,18.701664,25.93455,19.19524
TEST,3,2026-08-20 02:00:00+00:00,tt_bogor,40.0,35.0,36.46153846153846,37.342613,37.78434,32.004005,35.358833
TEST,3,2026-08-20 02:00:00+00:00,tt_bsd,34.0,34.0,32.30769230769231,33.115906,33.181,33.487568,31.691792
TEST,3,2026-08-20 02:00:00+00:00,tt_cawang,18.0,26.0,21.0,23.433342,33.452496,28.632732,31.285095
TEST,3,2026-08-20 02:00:00+00:00,tt_depok,31.0,31.0,29.23076923076923,29.294357,30.33934,32.004005,29.386839
TEST,3,2026-08-20 02:00:00+00:00,tt_gatsu,45.0,45.0,40.76923076923077,42.674473,42.440296,29.119509,38.595634
TEST,3,2026-08-20 02:00:00+00:00,tt_grogol,30.0,35.0,31.076923076923077,34.685738,35.93475,28.79737,33.615982
TEST,3,2026-08-20 02:00:00+00:00,tt_kebonjeruk,26.0,30.0,25.307692307692307,28.533144,31.46016,28.66363,29.220413
TEST,3,2026-08-20 02:00:00+00:00,tt_kelapagading,25.0,29.0,26.846153846153847,25.73375,28.416462,21.6958,27.633562
TEST,3,2026-08-20 02:00:00+00:00,tt_kuningan,21.0,21.0,18.23076923076923,21.265085,21.433289,29.344637,20.537254
TEST,3,2026-08-20 02:00:00+00:00,tt_sudirman,25.0,39.0,25.384615384615383,32.418686,37.264317,31.096088,31.157381
TEST,3,2026-08-20 02:00:00+00:00,tt_tangerang,48.0,48.0,43.84615384615385,43.091297,44.716118,29.414553,44.139423
TEST,3,2026-08-20 02:00:00+00:00,tt_tbsimatupang,21.0,72.0,29.923076923076923,40.31591,58.742077,30.853987,49.597557
TEST,3,2026-08-20 02:00:00+00:00,tt_thamrin,18.0,20.0,17.846153846153847,19.298414,21.604698,17.594711,22.45628
TEST,3,2026-08-20 04:00:00+00:00,tt_bekasi,15.0,18.0,17.666666666666668,19.758974,18.865002,20.784904,18.79507
TEST,3,2026-08-20 04:00:00+00:00,tt_bogor,35.0,35.0,39.25,34.61967,36.068184,30.844435,34.91885
TEST,3,2026-08-20 04:00:00+00:00,tt_bsd,34.0,29.0,32.833333333333336,31.207401,30.826838,31.501614,25.721634
TEST,3,2026-08-20 04:00:00+00:00,tt_cawang,20.0,14.0,20.25,20.192566,27.102936,28.247425,27.07186
TEST,3,2026-08-20 04:00:00+00:00,tt_depok,27.0,31.0,26.916666666666668,28.741648,30.444103,30.844435,25.109581
TEST,3,2026-08-20 04:00:00+00:00,tt_gatsu,45.0,37.0,45.0,41.546574,38.783924,28.602821,30.69955
TEST,3,2026-08-20 04:00:00+00:00,tt_grogol,25.0,30.0,31.5,28.642347,32.6184,26.457375,26.925177
TEST,3,2026-08-20 04:00:00+00:00,tt_kebonjeruk,25.0,26.0,25.166666666666668,23.04272,28.524343,26.713646,24.586428
TEST,3,2026-08-20 04:00:00+00:00,tt_kelapagading,22.0,29.0,22.5,22.971985,28.546343,22.355417,25.138775
TEST,3,2026-08-20 04:00:00+00:00,tt_kuningan,21.0,21.0,19.166666666666668,17.624016,21.594982,30.064163,20.48273
TEST,3,2026-08-20 04:00:00+00:00,tt_sudirman,26.0,27.0,31.666666666666668,28.26421,32.076965,32.983467,24.635193
TEST,3,2026-08-20 04:00:00+00:00,tt_tangerang,48.0,36.0,38.166666666666664,40.5047,39.159878,30.775677,31.96974
TEST,3,2026-08-20 04:00:00+00:00,tt_tbsimatupang,45.0,18.0,38.5,32.562885,37.294086,31.273413,28.373142
TEST,3,2026-08-20 04:00:00+00:00,tt_thamrin,13.0,18.0,19.166666666666668,19.457623,20.307983,18.712051,21.990772
TEST,3,2026-08-20 06:00:00+00:00,tt_bekasi,15.0,18.0,17.083333333333332,17.392744,19.075808,17.656185,19.184282
TEST,3,2026-08-20 06:00:00+00:00,tt_bogor,39.0,40.0,36.166666666666664,34.43781,38.735775,34.142475,39.198803
TEST,3,2026-08-20 06:00:00+00:00,tt_bsd,34.0,34.0,33.666666666666664,32.428936,32.89621,36.45555,32.866753
TEST,3,2026-08-20 06:00:00+00:00,tt_cawang,28.0,18.0,21.333333333333332,22.85467,26.219105,30.944365,30.518225
TEST,3,2026-08-20 06:00:00+00:00,tt_depok,29.0,31.0,26.25,25.599129,30.47387,34.142475,26.45325
TEST,3,2026-08-20 06:00:00+00:00,tt_gatsu,28.0,45.0,42.5,36.998432,42.33706,30.821407,41.2491
TEST,3,2026-08-20 06:00:00+00:00,tt_grogol,29.0,30.0,31.333333333333332,29.168642,31.149927,31.367018,35.390537
TEST,3,2026-08-20 06:00:00+00:00,tt_kebonjeruk,25.0,26.0,24.083333333333332,23.518177,27.31298,32.133183,26.887486
TEST,3,2026-08-20 06:00:00+00:00,tt_kelapagading,20.0,25.0,20.083333333333332,21.853691,26.101196,23.9561,25.370121
TEST,3,2026-08-20 06:00:00+00:00,tt_kuningan,16.0,21.0,19.166666666666668,16.905764,21.54364,31.70062,21.023842
TEST,3,2026-08-20 06:00:00+00:00,tt_sudirman,21.0,25.0,26.75,24.60045,28.580462,27.594345,28.677073
TEST,3,2026-08-20 06:00:00+00:00,tt_tangerang,38.0,48.0,38.583333333333336,39.152737,44.647602,38.494297,44.40886
TEST,3,2026-08-20 06:00:00+00:00,tt_tbsimatupang,27.0,21.0,48.833333333333336,37.68682,38.27444,34.359043,42.67438
TEST,3,2026-08-20 06:00:00+00:00,tt_thamrin,12.0,18.0,18.75,17.802834,19.753456,18.482735,22.408611
TEST,3,2026-08-20 07:00:00+00:00,tt_bekasi,16.0,15.0,17.75,14.80646,17.982746,18.103226,17.706917
TEST,3,2026-08-20 07:00:00+00:00,tt_bogor,36.0,35.0,36.083333333333336,33.99516,36.57706,33.6576,35.83834
TEST,3,2026-08-20 07:00:00+00:00,tt_bsd,34.0,34.0,31.75,32.80472,33.177895,38.22177,31.622713
TEST,3,2026-08-20 07:00:00+00:00,tt_cawang,21.0,20.0,28.666666666666668,26.034704,26.243416,28.402613,29.97597
TEST,3,2026-08-20 07:00:00+00:00,tt_depok,26.0,27.0,26.5,24.83624,28.679888,33.6576,25.710375
TEST,3,2026-08-20 07:00:00+00:00,tt_gatsu,20.0,45.0,34.5,35.72649,42.516895,28.650791,40.55467
TEST,3,2026-08-20 07:00:00+00:00,tt_grogol,29.0,25.0,31.666666666666668,31.286768,28.920582,29.302284,33.401867
TEST,3,2026-08-20 07:00:00+00:00,tt_kebonjeruk,22.0,25.0,22.416666666666668,23.561892,26.722485,30.079231,26.506134
TEST,3,2026-08-20 07:00:00+00:00,tt_kelapagading,20.0,22.0,21.166666666666668,21.159782,24.606985,22.632341,24.59479
TEST,3,2026-08-20 07:00:00+00:00,tt_kuningan,21.0,21.0,18.666666666666668,17.232534,21.54364,29.35467,20.191517
TEST,3,2026-08-20 07:00:00+00:00,tt_sudirman,20.0,26.0,24.583333333333332,23.770102,28.445948,26.337704,28.496004
TEST,3,2026-08-20 07:00:00+00:00,tt_tangerang,37.0,48.0,43.666666666666664,39.633972,44.84443,37.87458,44.565254
TEST,3,2026-08-20 07:00:00+00:00,tt_tbsimatupang,49.0,45.0,56.416666666666664,41.725475,47.787254,34.561985,49.387794
TEST,3,2026-08-20 07:00:00+00:00,tt_thamrin,12.0,13.0,17.0,16.638693,17.924774,18.38158,20.964397
TEST,3,2026-08-20 09:00:00+00:00,tt_bekasi,14.0,15.0,15.692307692307692,16.084694,17.295996,20.382217,16.938255
TEST,3,2026-08-20 09:00:00+00:00,tt_bogor,34.0,39.0,33.84615384615385,35.058735,37.004517,31.466526,38.692
TEST,3,2026-08-20 09:00:00+00:00,tt_bsd,28.0,34.0,32.69230769230769,32.18497,33.258068,33.870193,32.172
TEST,3,2026-08-20 09:00:00+00:00,tt_cawang,30.0,28.0,30.923076923076923,28.491293,28.393269,25.754297,29.45882
TEST,3,2026-08-20 09:00:00+00:00,tt_depok,26.0,29.0,23.846153846153847,24.856857,28.340187,31.466526,24.326075
TEST,3,2026-08-20 09:00:00+00:00,tt_gatsu,32.0,28.0,36.0,33.868156,34.794434,25.104977,33.781082
TEST,3,2026-08-20 09:00:00+00:00,tt_grogol,31.0,29.0,32.15384615384615,31.100903,28.90864,28.703384,31.813112
TEST,3,2026-08-20 09:00:00+00:00,tt_kebonjeruk,21.0,25.0,22.692307692307693,22.197323,26.16794,29.408842,24.768702
TEST,3,2026-08-20 09:00:00+00:00,tt_kelapagading,21.0,20.0,21.692307692307693,21.674393,22.90775,22.83561,22.94867
TEST,3,2026-08-20 09:00:00+00:00,tt_kuningan,13.0,16.0,18.46153846153846,16.282885,19.694057,25.672335,17.8558
TEST,3,2026-08-20 09:00:00+00:00,tt_sudirman,23.0,21.0,24.0,22.549541,26.206314,25.944334,26.597279
TEST,3,2026-08-20 09:00:00+00:00,tt_tangerang,34.0,38.0,40.53846153846154,40.39313,40.026825,36.19811,38.492897
TEST,3,2026-08-20 09:00:00+00:00,tt_tbsimatupang,47.0,27.0,40.46153846153846,48.14107,39.8407,32.293804,45.190685
TEST,3,2026-08-20 09:00:00+00:00,tt_thamrin,18.0,12.0,17.615384615384617,15.928654,16.364384,20.580318,19.043104
TEST,3,2026-08-20 11:00:00+00:00,tt_bekasi,18.0,16.0,14.692307692307692,15.588548,17.688221,23.440945,16.816347
TEST,3,2026-08-20 11:00:00+00:00,tt_bogor,35.0,36.0,33.07692307692308,36.94003,35.667587,33.457054,37.779213
TEST,3,2026-08-20 11:00:00+00:00,tt_bsd,34.0,34.0,32.07692307692308,33.011715,33.215008,36.25015,32.063896
TEST,3,2026-08-20 11:00:00+00:00,tt_cawang,33.0,21.0,29.23076923076923,34.847275,24.718023,27.504816,29.842545
TEST,3,2026-08-20 11:00:00+00:00,tt_depok,26.0,26.0,24.846153846153847,26.159239,26.84803,33.457054,24.311195
TEST,3,2026-08-20 11:00:00+00:00,tt_gatsu,7.0,20.0,16.615384615384617,35.0876,28.936148,27.664196,35.006878
TEST,3,2026-08-20 11:00:00+00:00,tt_grogol,29.0,29.0,32.69230769230769,34.68859,29.344316,30.467745,32.585426
TEST,3,2026-08-20 11:00:00+00:00,tt_kebonjeruk,18.0,22.0,21.923076923076923,23.465843,24.024555,31.347069,25.197514
TEST,3,2026-08-20 11:00:00+00:00,tt_kelapagading,21.0,20.0,20.076923076923077,23.772827,22.121449,22.683102,22.924458
TEST,3,2026-08-20 11:00:00+00:00,tt_kuningan,16.0,21.0,15.153846153846152,17.210415,21.294952,27.680656,18.792763
TEST,3,2026-08-20 11:00:00+00:00,tt_sudirman,12.0,20.0,18.53846153846154,25.18341,23.96966,25.746359,27.155045
TEST,3,2026-08-20 11:00:00+00:00,tt_tangerang,35.0,37.0,38.0,42.992947,37.95393,34.469406,42.086445
TEST,3,2026-08-20 11:00:00+00:00,tt_tbsimatupang,24.0,49.0,39.92307692307692,57.678978,48.352493,33.6148,54.14405
TEST,3,2026-08-20 11:00:00+00:00,tt_thamrin,10.0,12.0,13.0,16.334589,15.715269,22.225079,18.7164
TEST,3,2026-08-20 12:00:00+00:00,tt_bekasi,14.0,14.0,14.857142857142858,16.290312,16.987968,25.233727,15.952246
TEST,3,2026-08-20 12:00:00+00:00,tt_bogor,37.0,34.0,34.0,38.12516,34.486435,35.311302,36.74157
TEST,3,2026-08-20 12:00:00+00:00,tt_bsd,34.0,28.0,32.642857142857146,32.957317,30.371399,35.321617,28.445988
TEST,3,2026-08-20 12:00:00+00:00,tt_cawang,43.0,30.0,34.142857142857146,38.286617,27.4416,28.26017,30.065779
TEST,3,2026-08-20 12:00:00+00:00,tt_depok,24.0,26.0,23.857142857142858,26.547247,26.605917,35.311302,24.516764
TEST,3,2026-08-20 12:00:00+00:00,tt_gatsu,10.0,32.0,24.785714285714285,36.271236,32.80564,28.283312,36.483204
TEST,3,2026-08-20 12:00:00+00:00,tt_grogol,32.0,31.0,33.07142857142857,35.390507,30.150126,31.600044,32.657017
TEST,3,2026-08-20 12:00:00+00:00,tt_kebonjeruk,23.0,21.0,23.571428571428573,25.691568,23.166939,32.336433,25.083885
TEST,3,2026-08-20 12:00:00+00:00,tt_kelapagading,21.0,21.0,20.714285714285715,24.92544,22.279867,24.025646,22.590073
TEST,3,2026-08-20 12:00:00+00:00,tt_kuningan,13.0,13.0,13.785714285714286,17.068846,18.652723,28.717897,16.503479
TEST,3,2026-08-20 12:00:00+00:00,tt_sudirman,22.0,23.0,23.714285714285715,27.622782,24.531523,26.05052,27.38175
TEST,3,2026-08-20 12:00:00+00:00,tt_tangerang,48.0,34.0,43.57142857142857,43.90928,36.40858,33.059956,41.612717
TEST,3,2026-08-20 12:00:00+00:00,tt_tbsimatupang,40.0,47.0,58.92857142857143,61.79551,46.83747,34.390495,54.951797
TEST,3,2026-08-20 12:00:00+00:00,tt_thamrin,9.0,18.0,12.785714285714286,16.81029,17.725554,22.810167,18.136086
TEST,3,2026-08-20 14:00:00+00:00,tt_bekasi,18.0,18.0,17.23076923076923,19.258305,18.001133,21.850565,16.103252
TEST,3,2026-08-20 14:00:00+00:00,tt_bogor,38.0,35.0,39.30769230769231,39.35825,34.13545,41.24575,31.553308
TEST,3,2026-08-20 14:00:00+00:00,tt_bsd,27.0,34.0,33.23076923076923,32.45311,31.54242,33.847126,32.148075
TEST,3,2026-08-20 14:00:00+00:00,tt_cawang,32.0,33.0,39.53846153846154,37.655,30.556879,25.07036,26.193623
TEST,3,2026-08-20 14:00:00+00:00,tt_depok,31.0,26.0,27.0,26.342913,26.381142,41.24575,21.567245
TEST,3,2026-08-20 14:00:00+00:00,tt_gatsu,45.0,7.0,45.0,37.924664,26.79272,25.412823,30.54582
TEST,3,2026-08-20 14:00:00+00:00,tt_grogol,40.0,29.0,38.30769230769231,35.195583,29.431381,29.103754,29.795544
TEST,3,2026-08-20 14:00:00+00:00,tt_kebonjeruk,28.0,18.0,28.692307692307693,27.394323,21.265251,31.02212,21.997429
TEST,3,2026-08-20 14:00:00+00:00,tt_kelapagading,29.0,21.0,25.615384615384617,25.052488,22.078056,22.719181,20.035282
TEST,3,2026-08-20 14:00:00+00:00,tt_kuningan,16.0,16.0,18.23076923076923,15.992131,17.981274,26.390171,15.993732
TEST,3,2026-08-20 14:00:00+00:00,tt_sudirman,39.0,12.0,31.153846153846153,27.914234,20.40134,20.944424,23.837526
TEST,3,2026-08-20 14:00:00+00:00,tt_tangerang,48.0,35.0,48.0,45.356762,35.649223,34.953045,39.99964
TEST,3,2026-08-20 14:00:00+00:00,tt_tbsimatupang,59.0,24.0,68.23076923076923,65.96216,35.507336,38.845684,50.91087
TEST,3,2026-08-20 14:00:00+00:00,tt_thamrin,13.0,10.0,17.846153846153847,14.440579,16.018105,22.027843,15.819468
TEST,3,2026-08-20 16:00:00+00:00,tt_bekasi,15.0,14.0,18.0,19.426851,16.638853,23.95525,14.943409
TEST,3,2026-08-20 16:00:00+00:00,tt_bogor,45.0,37.0,43.44444444444444,41.193817,35.570766,38.172703,34.419598
TEST,3,2026-08-20 16:00:00+00:00,tt_bsd,34.0,34.0,34.0,34.317085,33.234768,40.333797,31.849262
TEST,3,2026-08-20 16:00:00+00:00,tt_cawang,43.0,43.0,42.22222222222222,42.12522,39.300316,23.993553,28.070606
TEST,3,2026-08-20 16:00:00+00:00,tt_depok,31.0,24.0,31.0,27.796831,24.985943,38.172703,22.195923
TEST,3,2026-08-20 16:00:00+00:00,tt_gatsu,45.0,10.0,45.0,42.527958,23.628826,24.410053,24.172892
TEST,3,2026-08-20 16:00:00+00:00,tt_grogol,40.0,32.0,40.0,38.405178,30.940344,24.415506,31.062849
TEST,3,2026-08-20 16:00:00+00:00,tt_kebonjeruk,35.0,23.0,34.333333333333336,31.36231,23.137121,23.650635,22.88325
TEST,3,2026-08-20 16:00:00+00:00,tt_kelapagading,29.0,21.0,28.555555555555557,25.853493,21.665802,23.97302,20.4583
TEST,3,2026-08-20 16:00:00+00:00,tt_kuningan,21.0,13.0,20.11111111111111,16.394405,16.667957,24.761536,15.104296
TEST,3,2026-08-20 16:00:00+00:00,tt_sudirman,39.0,22.0,37.22222222222222,31.602428,22.471855,23.65343,24.158531
TEST,3,2026-08-20 16:00:00+00:00,tt_tangerang,48.0,48.0,48.0,48.04206,44.052357,41.589592,42.473427
TEST,3,2026-08-20 16:00:00+00:00,tt_tbsimatupang,72.0,40.0,72.0,70.71131,39.960644,29.869883,46.575695
TEST,3,2026-08-20 16:00:00+00:00,tt_thamrin,22.0,9.0,20.0,15.131072,13.998768,23.44622,15.719578
TEST,3,2026-08-20 17:00:00+00:00,tt_bekasi,18.0,18.0,18.0,18.276049,17.949608,28.264894,17.812883
TEST,3,2026-08-20 17:00:00+00:00,tt_bogor,45.0,38.0,44.27272727272727,42.368984,36.089622,41.087868,35.27425
TEST,3,2026-08-20 17:00:00+00:00,tt_bsd,34.0,27.0,33.63636363636363,34.326317,30.089218,43.14109,26.852432
TEST,3,2026-08-20 17:00:00+00:00,tt_cawang,43.0,32.0,43.0,46.221157,34.801666,35.63389,31.803385
TEST,3,2026-08-20 17:00:00+00:00,tt_depok,31.0,31.0,31.0,29.93615,28.044558,41.087868,26.880213
TEST,3,2026-08-20 17:00:00+00:00,tt_gatsu,45.0,45.0,45.0,43.64696,37.925564,35.23048,47.942047
TEST,3,2026-08-20 17:00:00+00:00,tt_grogol,40.0,40.0,39.45454545454545,40.98622,34.962364,33.497005,37.897556
TEST,3,2026-08-20 17:00:00+00:00,tt_kebonjeruk,35.0,28.0,35.0,34.19276,25.586058,29.628338,27.8847
TEST,3,2026-08-20 17:00:00+00:00,tt_kelapagading,29.0,29.0,29.0,26.834139,25.313889,25.613209,24.01611
TEST,3,2026-08-20 17:00:00+00:00,tt_kuningan,21.0,16.0,21.0,19.846733,17.458273,34.599884,17.468609
TEST,3,2026-08-20 17:00:00+00:00,tt_sudirman,39.0,39.0,38.0,36.734886,31.373108,28.450592,31.494087
TEST,3,2026-08-20 17:00:00+00:00,tt_tangerang,48.0,48.0,48.0,47.414066,44.511417,44.185455,46.947876
TEST,3,2026-08-20 17:00:00+00:00,tt_tbsimatupang,72.0,59.0,72.0,73.26525,49.698067,40.600357,57.74881
TEST,3,2026-08-20 17:00:00+00:00,tt_thamrin,22.0,13.0,22.0,21.369003,15.07489,26.639414,18.473007
TEST,3,2026-08-20 19:00:00+00:00,tt_bekasi,18.0,15.0,18.0,18.385605,17.678057,26.29605,16.974136
TEST,3,2026-08-20 19:00:00+00:00,tt_bogor,45.0,45.0,44.72727272727273,44.70974,39.800606,45.078316,43.76574
TEST,3,2026-08-20 19:00:00+00:00,tt_bsd,34.0,34.0,34.0,34.2796,31.371885,46.167175,37.501907
TEST,3,2026-08-20 19:00:00+00:00,tt_cawang,43.0,43.0,43.0,44.488995,37.761074,37.687588,40.048862
TEST,3,2026-08-20 19:00:00+00:00,tt_depok,31.0,31.0,31.0,32.298943,30.13844,45.078316,32.174103
TEST,3,2026-08-20 19:00:00+00:00,tt_gatsu,45.0,45.0,45.0,45.24136,44.954468,36.786705,46.146194
TEST,3,2026-08-20 19:00:00+00:00,tt_grogol,40.0,40.0,40.0,41.75247,37.60326,37.341072,40.710285
TEST,3,2026-08-20 19:00:00+00:00,tt_kebonjeruk,35.0,35.0,35.0,35.730885,30.769081,35.849247,33.80519
TEST,3,2026-08-20 19:00:00+00:00,tt_kelapagading,29.0,29.0,29.0,28.791227,27.82809,25.757938,27.941902
TEST,3,2026-08-20 19:00:00+00:00,tt_kuningan,21.0,21.0,21.0,21.391567,19.768085,38.68514,19.301281
TEST,3,2026-08-20 19:00:00+00:00,tt_sudirman,39.0,39.0,38.0,39.64316,37.406948,32.86716,36.562496
TEST,3,2026-08-20 19:00:00+00:00,tt_tangerang,48.0,48.0,48.0,48.61104,44.41472,46.008865,48.805313
TEST,3,2026-08-20 19:00:00+00:00,tt_tbsimatupang,72.0,72.0,72.0,75.301,58.158073,47.329258,68.95547
TEST,3,2026-08-20 19:00:00+00:00,tt_thamrin,22.0,22.0,22.0,23.377216,19.36528,27.323952,20.283867
TEST,3,2026-08-20 21:00:00+00:00,tt_bekasi,18.0,18.0,18.0,17.701435,18.72432,26.573875,18.095749
TEST,3,2026-08-20 21:00:00+00:00,tt_bogor,45.0,45.0,45.0,44.574326,41.643944,43.817673,40.713486
TEST,3,2026-08-20 21:00:00+00:00,tt_bsd,34.0,34.0,34.0,33.572086,33.204067,44.287132,36.3441
TEST,3,2026-08-20 21:00:00+00:00,tt_cawang,43.0,43.0,43.0,39.898026,40.414368,36.443676,38.008198
TEST,3,2026-08-20 21:00:00+00:00,tt_depok,31.0,31.0,31.0,31.382494,30.256405,43.817673,31.429039
TEST,3,2026-08-20 21:00:00+00:00,tt_gatsu,45.0,45.0,45.0,45.36211,43.582874,35.723694,43.123814
TEST,3,2026-08-20 21:00:00+00:00,tt_grogol,40.0,40.0,40.0,39.918297,37.88604,37.628826,38.95595
TEST,3,2026-08-20 21:00:00+00:00,tt_kebonjeruk,35.0,35.0,35.0,35.07703,33.396954,37.78729,32.861305
TEST,3,2026-08-20 21:00:00+00:00,tt_kelapagading,29.0,29.0,29.0,29.676525,28.094482,25.48341,28.082201
TEST,3,2026-08-20 21:00:00+00:00,tt_kuningan,21.0,21.0,21.0,20.144115,20.927498,37.196075,18.63155
TEST,3,2026-08-20 21:00:00+00:00,tt_sudirman,39.0,39.0,38.0,38.50908,37.409637,33.163147,35.031685
TEST,3,2026-08-20 21:00:00+00:00,tt_tangerang,48.0,48.0,48.0,48.937134,44.39637,44.091682,44.020702
TEST,3,2026-08-20 21:00:00+00:00,tt_tbsimatupang,72.0,72.0,72.0,69.6562,59.10829,46.544613,65.426834
TEST,3,2026-08-20 21:00:00+00:00,tt_thamrin,22.0,22.0,21.8,22.852041,21.741646,25.973282,19.988008
TEST,3,2026-08-20 22:00:00+00:00,tt_bekasi,18.0,18.0,18.0,17.650484,18.881092,25.27117,18.149014
TEST,3,2026-08-20 22:00:00+00:00,tt_bogor,45.0,45.0,45.0,43.2734,41.808807,41.82587,40.17622
TEST,3,2026-08-20 22:00:00+00:00,tt_bsd,34.0,34.0,33.6,33.447983,33.29636,42.595135,36.15064
TEST,3,2026-08-20 22:00:00+00:00,tt_cawang,43.0,43.0,40.9,36.88796,40.5841,34.370106,37.64879
TEST,3,2026-08-20 22:00:00+00:00,tt_depok,31.0,31.0,31.0,30.442373,30.24361,41.82587,31.401041
TEST,3,2026-08-20 22:00:00+00:00,tt_gatsu,45.0,45.0,45.0,45.13707,43.121292,33.850307,43.065796
TEST,3,2026-08-20 22:00:00+00:00,tt_grogol,40.0,40.0,40.0,39.065235,37.943375,36.571804,38.493507
TEST,3,2026-08-20 22:00:00+00:00,tt_kebonjeruk,35.0,35.0,35.0,34.496696,33.582054,37.312,32.68622
TEST,3,2026-08-20 22:00:00+00:00,tt_kelapagading,29.0,29.0,29.0,29.297813,28.136028,25.344181,28.171606
TEST,3,2026-08-20 22:00:00+00:00,tt_kuningan,21.0,21.0,21.0,19.974756,20.997168,35.011086,18.75312
TEST,3,2026-08-20 22:00:00+00:00,tt_sudirman,39.0,39.0,38.0,37.021355,37.287693,32.88235,34.794254
TEST,3,2026-08-20 22:00:00+00:00,tt_tangerang,48.0,48.0,48.0,48.16001,44.47476,42.026722,43.51857
TEST,3,2026-08-20 22:00:00+00:00,tt_tbsimatupang,72.0,72.0,72.0,64.911804,59.031025,44.702385,62.94861
TEST,3,2026-08-20 22:00:00+00:00,tt_thamrin,22.0,22.0,22.0,22.328405,21.86446,25.595272,20.231178
TEST,3,2026-08-21 00:00:00+00:00,tt_bekasi,18.0,18.0,18.0,17.848015,19.002132,21.399231,18.711239
TEST,3,2026-08-21 00:00:00+00:00,tt_bogor,35.0,45.0,36.2,40.872818,42.013943,36.71476,39.308014
TEST,3,2026-08-21 00:00:00+00:00,tt_bsd,29.0,34.0,31.5,33.24402,33.225872,36.69316,35.875294
TEST,3,2026-08-21 00:00:00+00:00,tt_cawang,18.0,43.0,22.6,30.430546,40.671658,30.313658,37.34259
TEST,3,2026-08-21 00:00:00+00:00,tt_depok,25.0,31.0,30.2,29.589966,30.288782,36.71476,31.74901
TEST,3,2026-08-21 00:00:00+00:00,tt_gatsu,45.0,45.0,44.2,44.256756,42.713966,30.289675,42.559532
TEST,3,2026-08-21 00:00:00+00:00,tt_grogol,34.0,40.0,35.9,37.07543,38.09081,33.37014,37.819466
TEST,3,2026-08-21 00:00:00+00:00,tt_kebonjeruk,25.0,35.0,29.5,32.362633,33.671085,34.808147,32.928352
TEST,3,2026-08-21 00:00:00+00:00,tt_kelapagading,26.0,29.0,28.3,28.039158,28.29943,24.89571,28.894014
TEST,3,2026-08-21 00:00:00+00:00,tt_kuningan,21.0,21.0,21.0,20.509413,21.136644,30.758183,19.455666
TEST,3,2026-08-21 00:00:00+00:00,tt_sudirman,31.0,39.0,31.4,34.03943,37.30769,31.86201,34.742596
TEST,3,2026-08-21 00:00:00+00:00,tt_tangerang,37.0,48.0,44.3,45.41588,44.644424,35.03366,42.57611
TEST,3,2026-08-21 00:00:00+00:00,tt_tbsimatupang,32.0,72.0,42.1,53.423298,58.860893,39.296036,57.753796
TEST,3,2026-08-21 00:00:00+00:00,tt_thamrin,22.0,22.0,20.3,20.790068,21.873611,23.791803,21.080023
TEST,3,2026-08-21 02:00:00+00:00,tt_bekasi,17.0,18.0,17.692307692307693,17.989088,19.06812,18.815134,19.459625
TEST,3,2026-08-21 02:00:00+00:00,tt_bogor,37.0,45.0,36.46153846153846,38.053375,42.219276,33.19392,38.810654
TEST,3,2026-08-21 02:00:00+00:00,tt_bsd,28.0,34.0,32.30769230769231,33.511986,33.17356,33.739994,35.560963
TEST,3,2026-08-21 02:00:00+00:00,tt_cawang,19.0,43.0,21.0,24.207405,40.798443,29.806454,36.870926
TEST,3,2026-08-21 02:00:00+00:00,tt_depok,26.0,31.0,29.23076923076923,29.384193,30.396149,33.19392,32.48612
TEST,3,2026-08-21 02:00:00+00:00,tt_gatsu,45.0,45.0,40.76923076923077,43.431522,42.670254,29.716156,43.56691
TEST,3,2026-08-21 02:00:00+00:00,tt_grogol,31.0,40.0,31.076923076923077,35.887432,38.247932,33.30144,36.98137
TEST,3,2026-08-21 02:00:00+00:00,tt_kebonjeruk,26.0,35.0,25.307692307692307,29.358284,33.81552,34.05139,33.516144
TEST,3,2026-08-21 02:00:00+00:00,tt_kelapagading,29.0,29.0,26.846153846153847,26.577602,28.493723,23.732018,30.045406
TEST,3,2026-08-21 02:00:00+00:00,tt_kuningan,21.0,21.0,18.23076923076923,21.344593,21.359259,30.16043,20.545424
TEST,3,2026-08-21 02:00:00+00:00,tt_sudirman,23.0,39.0,25.384615384615383,31.515345,37.4281,29.920822,35.106586
TEST,3,2026-08-21 02:00:00+00:00,tt_tangerang,37.0,48.0,43.84615384615385,43.085224,44.810112,31.70948,41.322884
TEST,3,2026-08-21 02:00:00+00:00,tt_tbsimatupang,37.0,72.0,29.923076923076923,43.88499,58.763157,35.10684,50.887543
TEST,3,2026-08-21 02:00:00+00:00,tt_thamrin,22.0,22.0,17.846153846153847,18.811443,22.197655,20.115744,22.440914
TEST,3,2026-08-21 03:00:00+00:00,tt_bekasi,15.0,18.0,17.727272727272727,19.991035,19.09304,15.323126,18.507776
TEST,3,2026-08-21 03:00:00+00:00,tt_bogor,38.0,35.0,37.90909090909091,34.074577,37.69761,30.368736,27.931505
TEST,3,2026-08-21 03:00:00+00:00,tt_bsd,34.0,29.0,32.0,30.825144,30.752481,30.258528,28.566109
TEST,3,2026-08-21 03:00:00+00:00,tt_cawang,21.0,18.0,21.818181818181817,19.379486,31.098396,27.461597,26.275589
TEST,3,2026-08-21 03:00:00+00:00,tt_depok,31.0,25.0,26.545454545454547,28.242039,27.90222,30.368736,25.63903
TEST,3,2026-08-21 03:00:00+00:00,tt_gatsu,45.0,45.0,43.90909090909091,42.81968,42.636826,27.199175,39.342213
TEST,3,2026-08-21 03:00:00+00:00,tt_grogol,27.0,34.0,31.272727272727273,29.846443,35.644497,27.455833,27.186302
TEST,3,2026-08-21 03:00:00+00:00,tt_kebonjeruk,24.0,25.0,25.0,23.54776,29.553493,28.230272,25.575768
TEST,3,2026-08-21 03:00:00+00:00,tt_kelapagading,23.0,26.0,24.636363636363637,23.21346,27.26645,20.912815,25.023905
TEST,3,2026-08-21 03:00:00+00:00,tt_kuningan,16.0,21.0,18.545454545454547,18.98661,21.462246,27.809145,19.902918
TEST,3,2026-08-21 03:00:00+00:00,tt_sudirman,28.0,31.0,32.27272727272727,29.437696,33.821095,27.986479,25.863667
TEST,3,2026-08-21 03:00:00+00:00,tt_tangerang,48.0,37.0,39.54545454545455,40.416367,39.65654,28.874287,29.146086
TEST,3,2026-08-21 03:00:00+00:00,tt_tbsimatupang,48.0,32.0,37.45454545454545,32.037846,41.384075,29.768894,23.85112
TEST,3,2026-08-21 03:00:00+00:00,tt_thamrin,16.0,22.0,18.90909090909091,19.372416,22.339119,16.123272,21.391083
TEST,3,2026-08-21 05:00:00+00:00,tt_bekasi,16.0,17.0,18.0,16.545486,18.72042,19.825819,19.025494
TEST,3,2026-08-21 05:00:00+00:00,tt_bogor,45.0,37.0,39.6,35.288292,36.909462,35.101524,35.215794
TEST,3,2026-08-21 05:00:00+00:00,tt_bsd,34.0,28.0,32.4,31.850517,28.869074,34.671555,28.84712
TEST,3,2026-08-21 05:00:00+00:00,tt_cawang,43.0,19.0,23.3,20.437687,27.963852,32.10103,29.983519
TEST,3,2026-08-21 05:00:00+00:00,tt_depok,31.0,26.0,28.2,25.900251,26.624352,35.101524,26.864794
TEST,3,2026-08-21 05:00:00+00:00,tt_gatsu,45.0,45.0,45.0,38.174423,42.51831,31.555988,37.514427
TEST,3,2026-08-21 05:00:00+00:00,tt_grogol,32.0,31.0,32.0,29.264345,32.914165,29.937984,31.604765
TEST,3,2026-08-21 05:00:00+00:00,tt_kebonjeruk,27.0,26.0,25.2,23.883856,27.498432,29.854498,27.282122
TEST,3,2026-08-21 05:00:00+00:00,tt_kelapagading,23.0,29.0,21.4,21.76024,27.742023,24.38978,25.796278
TEST,3,2026-08-21 05:00:00+00:00,tt_kuningan,21.0,21.0,18.2,16.769112,21.555222,32.46241,21.23936
TEST,3,2026-08-21 05:00:00+00:00,tt_sudirman,34.0,23.0,28.4,25.580242,28.984962,31.845179,28.353918
TEST,3,2026-08-21 05:00:00+00:00,tt_tangerang,48.0,37.0,39.6,39.337242,38.001038,32.135708,38.454132
TEST,3,2026-08-21 05:00:00+00:00,tt_tbsimatupang,72.0,37.0,45.0,35.930737,42.350857,34.188793,41.06894
TEST,3,2026-08-21 05:00:00+00:00,tt_thamrin,21.0,22.0,18.9,16.149813,22.453287,20.802895,22.84245
TEST,3,2026-08-21 07:00:00+00:00,tt_bekasi,14.0,15.0,17.75,14.265218,17.4557,17.94999,18.11259
TEST,3,2026-08-21 07:00:00+00:00,tt_bogor,35.0,38.0,36.083333333333336,34.083378,37.53779,35.13094,38.561817
TEST,3,2026-08-21 07:00:00+00:00,tt_bsd,34.0,34.0,31.75,33.005116,32.7404,36.917614,33.46367
TEST,3,2026-08-21 07:00:00+00:00,tt_cawang,28.0,21.0,28.666666666666668,25.531881,27.752396,28.883598,31.704481
TEST,3,2026-08-21 07:00:00+00:00,tt_depok,25.0,31.0,26.5,25.204693,30.085258,35.13094,26.77932
TEST,3,2026-08-21 07:00:00+00:00,tt_gatsu,36.0,45.0,34.5,35.56096,42.51831,28.74937,39.28218
TEST,3,2026-08-21 07:00:00+00:00,tt_grogol,28.0,27.0,31.666666666666668,32.126926,29.447659,29.66249,35.26405
TEST,3,2026-08-21 07:00:00+00:00,tt_kebonjeruk,21.0,24.0,22.416666666666668,23.453928,26.164211,30.046703,27.34068
TEST,3,2026-08-21 07:00:00+00:00,tt_kelapagading,20.0,23.0,21.166666666666668,21.055147,24.852043,23.279484,24.675465
TEST,3,2026-08-21 07:00:00+00:00,tt_kuningan,21.0,16.0,18.666666666666668,17.420908,18.866108,30.072289,19.4491
TEST,3,2026-08-21 07:00:00+00:00,tt_sudirman,18.0,28.0,24.583333333333332,24.291042,29.355913,27.538181,29.765392
TEST,3,2026-08-21 07:00:00+00:00,tt_tangerang,39.0,48.0,43.666666666666664,40.373005,44.577374,36.626472,44.847015
TEST,3,2026-08-21 07:00:00+00:00,tt_tbsimatupang,52.0,48.0,56.416666666666664,42.19115,48.134453,35.295498,50.025543
TEST,3,2026-08-21 07:00:00+00:00,tt_thamrin,18.0,16.0,17.0,15.658214,19.184671,18.718182,21.319887
TEST,3,2026-08-21 08:00:00+00:00,tt_bekasi,16.0,16.0,15.923076923076923,12.8728895,17.664806,22.607124,19.484888
TEST,3,2026-08-21 08:00:00+00:00,tt_bogor,34.0,45.0,34.61538461538461,34.19597,40.8105,39.452126,45.191574
TEST,3,2026-08-21 08:00:00+00:00,tt_bsd,34.0,34.0,32.07692307692308,34.45646,33.206085,38.32267,35.81565
TEST,3,2026-08-21 08:00:00+00:00,tt_cawang,31.0,43.0,35.15384615384615,29.599438,37.603355,37.104195,40.149666
TEST,3,2026-08-21 08:00:00+00:00,tt_depok,25.0,31.0,27.384615384615383,25.811735,30.496078,39.452126,31.890472
TEST,3,2026-08-21 08:00:00+00:00,tt_gatsu,35.0,45.0,30.46153846153846,34.498146,42.51831,37.780735,42.33104
TEST,3,2026-08-21 08:00:00+00:00,tt_grogol,29.0,32.0,31.384615384615383,35.538876,31.208754,33.663113,40.056305
TEST,3,2026-08-21 08:00:00+00:00,tt_kebonjeruk,24.0,27.0,21.923076923076923,24.989107,27.096579,34.104797,33.50555
TEST,3,2026-08-21 08:00:00+00:00,tt_kelapagading,21.0,23.0,20.923076923076923,21.988857,24.418688,25.876663,27.94376
TEST,3,2026-08-21 08:00:00+00:00,tt_kuningan,17.0,21.0,19.53846153846154,18.905128,20.453638,38.628933,22.043451
TEST,3,2026-08-21 08:00:00+00:00,tt_sudirman,24.0,34.0,22.846153846153847,25.65399,32.221394,30.438469,36.68814
TEST,3,2026-08-21 08:00:00+00:00,tt_tangerang,40.0,48.0,37.61538461538461,40.349377,44.8062,38.341824,48.104584
TEST,3,2026-08-21 08:00:00+00:00,tt_tbsimatupang,38.0,72.0,43.0,48.862717,58.338703,39.954937,63.550392
TEST,3,2026-08-21 08:00:00+00:00,tt_thamrin,10.0,21.0,15.461538461538462,15.31952,20.683311,22.290003,23.513844
TEST,3,2026-08-21 10:00:00+00:00,tt_bekasi,15.0,14.0,15.3,15.418548,17.045132,20.476841,16.578592
TEST,3,2026-08-21 10:00:00+00:00,tt_bogor,32.0,35.0,31.5,36.67756,37.47913,33.69081,38.001858
TEST,3,2026-08-21 10:00:00+00:00,tt_bsd,34.0,34.0,32.0,33.863956,33.262203,32.918575,32.483944
TEST,3,2026-08-21 10:00:00+00:00,tt_cawang,22.0,28.0,29.9,32.119896,35.094986,35.61083,33.15291
TEST,3,2026-08-21 10:00:00+00:00,tt_depok,24.0,25.0,23.6,25.884712,27.920536,33.69081,26.06067
TEST,3,2026-08-21 10:00:00+00:00,tt_gatsu,34.0,36.0,23.1,35.10013,38.36148,36.54837,33.95272
TEST,3,2026-08-21 10:00:00+00:00,tt_grogol,32.0,28.0,32.1,35.414642,30.281094,34.24891,33.851067
TEST,3,2026-08-21 10:00:00+00:00,tt_kebonjeruk,20.0,21.0,21.4,24.71818,25.0998,35.068756,27.237669
TEST,3,2026-08-21 10:00:00+00:00,tt_kelapagading,19.0,20.0,20.9,22.972204,22.933374,21.234947,23.809996
TEST,3,2026-08-21 10:00:00+00:00,tt_kuningan,13.0,21.0,15.3,17.29355,21.467691,36.95253,19.246393
TEST,3,2026-08-21 10:00:00+00:00,tt_sudirman,22.0,18.0,19.4,27.182676,27.510487,27.14454,29.990744
TEST,3,2026-08-21 10:00:00+00:00,tt_tangerang,29.0,39.0,36.3,43.45622,40.359524,37.918312,41.809677
TEST,3,2026-08-21 10:00:00+00:00,tt_tbsimatupang,27.0,52.0,34.0,54.252106,51.062065,36.0094,58.58333
TEST,3,2026-08-21 10:00:00+00:00,tt_thamrin,19.0,18.0,15.5,14.122756,20.464218,19.31527,20.121181
TEST,6,2026-08-18 07:00:00+00:00,tt_bekasi,15.0,16.0,17.75,16.231527,17.015697,25.021667,18.742378
TEST,6,2026-08-18 07:00:00+00:00,tt_bogor,34.0,34.0,36.083333333333336,34.87058,37.76006,35.479298,34.91769
TEST,6,2026-08-18 07:00:00+00:00,tt_bsd,30.0,34.0,31.75,33.014824,32.529877,34.533485,27.66108
TEST,6,2026-08-18 07:00:00+00:00,tt_cawang,43.0,19.0,28.666666666666668,25.297392,33.24906,30.082327,27.20743
TEST,6,2026-08-18 07:00:00+00:00,tt_depok,31.0,27.0,26.5,26.523607,28.7356,35.479298,26.63225
TEST,6,2026-08-18 07:00:00+00:00,tt_gatsu,45.0,45.0,34.5,34.01866,40.816273,28.22083,37.662823
TEST,6,2026-08-18 07:00:00+00:00,tt_grogol,32.0,24.0,31.666666666666668,30.20835,33.375008,28.970596,31.504147
TEST,6,2026-08-18 07:00:00+00:00,tt_kebonjeruk,25.0,27.0,22.416666666666668,22.813509,30.502357,27.587257,25.555779
TEST,6,2026-08-18 07:00:00+00:00,tt_kelapagading,22.0,29.0,21.166666666666668,21.724371,28.657003,24.124851,26.532091
TEST,6,2026-08-18 07:00:00+00:00,tt_kuningan,15.0,21.0,18.666666666666668,17.179218,20.93667,29.316349,21.676033
TEST,6,2026-08-18 07:00:00+00:00,tt_sudirman,28.0,33.0,24.583333333333332,22.651266,33.839684,36.152584,26.320044
TEST,6,2026-08-18 07:00:00+00:00,tt_tangerang,38.0,38.0,43.666666666666664,38.685734,39.792698,35.520042,39.944637
TEST,6,2026-08-18 07:00:00+00:00,tt_tbsimatupang,57.0,31.0,56.416666666666664,43.01361,47.257885,35.42112,51.77376
TEST,6,2026-08-18 07:00:00+00:00,tt_thamrin,22.0,19.0,17.0,17.424768,20.814518,16.961243,22.809242
TEST,6,2026-08-18 09:00:00+00:00,tt_bekasi,14.0,16.0,15.692307692307692,17.469358,16.944386,14.040815,18.859825
TEST,6,2026-08-18 09:00:00+00:00,tt_bogor,35.0,36.0,33.84615384615385,35.471577,37.337112,32.279926,37.27751
TEST,6,2026-08-18 09:00:00+00:00,tt_bsd,28.0,34.0,32.69230769230769,30.340061,32.529877,33.68404,29.367113
TEST,6,2026-08-18 09:00:00+00:00,tt_cawang,29.0,21.0,30.923076923076923,32.622723,33.424595,28.626017,30.606827
TEST,6,2026-08-18 09:00:00+00:00,tt_depok,24.0,31.0,23.846153846153847,25.868082,30.276127,32.279926,26.163385
TEST,6,2026-08-18 09:00:00+00:00,tt_gatsu,45.0,33.0,36.0,32.16133,37.41278,27.689735,37.424957
TEST,6,2026-08-18 09:00:00+00:00,tt_grogol,32.0,26.0,32.15384615384615,32.618965,33.248634,29.162922,34.42563
TEST,6,2026-08-18 09:00:00+00:00,tt_kebonjeruk,23.0,26.0,22.692307692307693,24.54859,29.864254,29.373466,26.402054
TEST,6,2026-08-18 09:00:00+00:00,tt_kelapagading,23.0,29.0,21.692307692307693,22.308775,28.657003,26.284384,25.545612
TEST,6,2026-08-18 09:00:00+00:00,tt_kuningan,21.0,21.0,18.46153846153846,17.27257,20.93667,28.714005,21.886349
TEST,6,2026-08-18 09:00:00+00:00,tt_sudirman,31.0,23.0,24.0,23.433321,31.330502,26.451529,28.225828
TEST,6,2026-08-18 09:00:00+00:00,tt_tangerang,38.0,48.0,40.53846153846154,39.408016,42.662174,38.652267,43.127434
TEST,6,2026-08-18 09:00:00+00:00,tt_tbsimatupang,43.0,16.0,40.46153846153846,50.308414,48.317566,31.930323,50.489708
TEST,6,2026-08-18 09:00:00+00:00,tt_thamrin,22.0,17.0,17.615384615384617,17.994726,19.791136,21.541744,23.337559
TEST,6,2026-08-18 10:00:00+00:00,tt_bekasi,14.0,15.0,15.3,18.39616,16.631945,16.936596,18.48471
TEST,6,2026-08-18 10:00:00+00:00,tt_bogor,35.0,33.0,31.5,37.347824,36.2997,32.610542,37.482082
TEST,6,2026-08-18 10:00:00+00:00,tt_bsd,34.0,28.0,32.0,31.774399,30.904945,34.857407,27.616497
TEST,6,2026-08-18 10:00:00+00:00,tt_cawang,30.0,22.0,29.9,36.252884,32.742046,27.974731,31.766876
TEST,6,2026-08-18 10:00:00+00:00,tt_depok,25.0,31.0,23.6,26.399477,30.28077,32.610542,27.161392
TEST,6,2026-08-18 10:00:00+00:00,tt_gatsu,4.0,32.0,23.1,30.727972,36.66734,27.301186,37.945328
TEST,6,2026-08-18 10:00:00+00:00,tt_grogol,31.0,27.0,32.1,33.745625,32.977673,30.68116,35.201363
TEST,6,2026-08-18 10:00:00+00:00,tt_kebonjeruk,21.0,25.0,21.4,24.619907,29.363602,31.059378,27.433178
TEST,6,2026-08-18 10:00:00+00:00,tt_kelapagading,21.0,29.0,20.9,22.416794,28.657003,26.429665,25.528255
TEST,6,2026-08-18 10:00:00+00:00,tt_kuningan,14.0,16.0,15.3,18.46805,19.65306,27.963453,20.898998
TEST,6,2026-08-18 10:00:00+00:00,tt_sudirman,23.0,24.0,19.4,25.603415,31.430521,28.059084,29.847193
TEST,6,2026-08-18 10:00:00+00:00,tt_tangerang,34.0,36.0,36.3,38.98412,40.21019,39.483383,43.596863
TEST,6,2026-08-18 10:00:00+00:00,tt_tbsimatupang,44.0,55.0,34.0,50.700584,53.56733,31.007048,57.11184
TEST,6,2026-08-18 10:00:00+00:00,tt_thamrin,22.0,18.0,15.5,18.105158,19.757093,17.92574,22.864891
TEST,6,2026-08-18 12:00:00+00:00,tt_bekasi,14.0,15.0,14.857142857142858,16.626278,16.387203,22.610674,18.159199
TEST,6,2026-08-18 12:00:00+00:00,tt_bogor,35.0,38.0,34.0,38.489403,36.74724,33.932873,41.18826
TEST,6,2026-08-18 12:00:00+00:00,tt_bsd,34.0,28.0,32.642857142857146,32.0538,30.183033,36.69021,28.938469
TEST,6,2026-08-18 12:00:00+00:00,tt_cawang,34.0,28.0,34.142857142857146,39.182747,32.3095,29.037561,34.38401
TEST,6,2026-08-18 12:00:00+00:00,tt_depok,26.0,26.0,23.857142857142858,26.505678,28.232746,33.932873,28.364016
TEST,6,2026-08-18 12:00:00+00:00,tt_gatsu,45.0,45.0,24.785714285714285,33.61639,40.798046,29.490961,45.91231
TEST,6,2026-08-18 12:00:00+00:00,tt_grogol,32.0,36.0,33.07142857142857,35.939682,35.35049,33.39837,39.514988
TEST,6,2026-08-18 12:00:00+00:00,tt_kebonjeruk,25.0,22.0,23.571428571428573,26.465572,27.481413,33.334053,29.224754
TEST,6,2026-08-18 12:00:00+00:00,tt_kelapagading,22.0,22.0,20.714285714285715,22.470322,26.272284,25.967857,26.26239
TEST,6,2026-08-18 12:00:00+00:00,tt_kuningan,13.0,21.0,13.785714285714286,18.641474,20.875528,31.362822,21.41453
TEST,6,2026-08-18 12:00:00+00:00,tt_sudirman,29.0,31.0,23.714285714285715,29.361803,33.121284,29.819769,32.177124
TEST,6,2026-08-18 12:00:00+00:00,tt_tangerang,48.0,41.0,43.57142857142857,41.228905,40.00816,39.556915,46.713364
TEST,6,2026-08-18 12:00:00+00:00,tt_tbsimatupang,72.0,51.0,58.92857142857143,56.19156,51.72796,34.613182,62.35333
TEST,6,2026-08-18 12:00:00+00:00,tt_thamrin,17.0,20.0,12.785714285714286,17.379517,20.11081,21.37606,22.613129
TEST,6,2026-08-18 14:00:00+00:00,tt_bekasi,16.0,15.0,17.23076923076923,18.219221,16.200672,23.558706,17.529045
TEST,6,2026-08-18 14:00:00+00:00,tt_bogor,45.0,34.0,39.30769230769231,41.35619,34.818096,37.64279,42.191288
TEST,6,2026-08-18 14:00:00+00:00,tt_bsd,34.0,30.0,33.23076923076923,32.104816,30.725447,39.886627,31.028362
TEST,6,2026-08-18 14:00:00+00:00,tt_cawang,32.0,43.0,39.53846153846154,40.439915,37.76853,33.60711,37.24372
TEST,6,2026-08-18 14:00:00+00:00,tt_depok,26.0,31.0,27.0,27.418741,30.07056,37.64279,29.534338
TEST,6,2026-08-18 14:00:00+00:00,tt_gatsu,45.0,45.0,45.0,37.7366,40.600105,34.509094,42.43666
TEST,6,2026-08-18 14:00:00+00:00,tt_grogol,40.0,32.0,38.30769230769231,38.831795,32.702824,37.226887,40.347656
TEST,6,2026-08-18 14:00:00+00:00,tt_kebonjeruk,31.0,25.0,28.692307692307693,30.11001,27.248121,37.16205,30.12549
TEST,6,2026-08-18 14:00:00+00:00,tt_kelapagading,29.0,22.0,25.615384615384617,25.302086,25.738686,26.048859,26.368769
TEST,6,2026-08-18 14:00:00+00:00,tt_kuningan,16.0,15.0,18.23076923076923,20.076866,18.733397,37.102276,19.466251
TEST,6,2026-08-18 14:00:00+00:00,tt_sudirman,30.0,28.0,31.153846153846153,33.683147,30.690525,27.860943,33.616802
TEST,6,2026-08-18 14:00:00+00:00,tt_tangerang,48.0,38.0,48.0,43.92806,38.436676,40.780754,48.060978
TEST,6,2026-08-18 14:00:00+00:00,tt_tbsimatupang,72.0,57.0,68.23076923076923,61.224976,50.690853,40.268875,66.16394
TEST,6,2026-08-18 14:00:00+00:00,tt_thamrin,22.0,22.0,17.846153846153847,18.753105,20.6553,23.079882,21.415981
TEST,6,2026-08-18 15:00:00+00:00,tt_bekasi,16.0,14.0,18.0,17.359133,15.850372,21.874699,16.840445
TEST,6,2026-08-18 15:00:00+00:00,tt_bogor,45.0,35.0,43.416666666666664,40.707443,34.456104,37.408432,43.11796
TEST,6,2026-08-18 15:00:00+00:00,tt_bsd,34.0,28.0,34.0,33.000687,29.959639,39.64654,30.691175
TEST,6,2026-08-18 15:00:00+00:00,tt_cawang,43.0,29.0,39.75,40.273857,33.73719,34.90768,36.18693
TEST,6,2026-08-18 15:00:00+00:00,tt_depok,31.0,24.0,30.5,28.791914,28.217823,37.408432,29.21885
TEST,6,2026-08-18 15:00:00+00:00,tt_gatsu,45.0,45.0,45.0,40.166313,40.648773,34.08665,45.219376
TEST,6,2026-08-18 15:00:00+00:00,tt_grogol,40.0,32.0,40.0,39.285717,31.930588,39.627537,41.38028
TEST,6,2026-08-18 15:00:00+00:00,tt_kebonjeruk,35.0,23.0,34.166666666666664,32.082207,25.976456,39.58988,30.198612
TEST,6,2026-08-18 15:00:00+00:00,tt_kelapagading,29.0,23.0,28.333333333333332,25.353281,25.664059,25.783825,25.85598
TEST,6,2026-08-18 15:00:00+00:00,tt_kuningan,21.0,21.0,19.666666666666668,20.189816,20.186779,36.67325,20.108406
TEST,6,2026-08-18 15:00:00+00:00,tt_sudirman,39.0,31.0,35.833333333333336,33.661716,30.848677,28.050133,34.030663
TEST,6,2026-08-18 15:00:00+00:00,tt_tangerang,48.0,38.0,46.333333333333336,45.2066,37.93911,41.96405,49.412132
TEST,6,2026-08-18 15:00:00+00:00,tt_tbsimatupang,72.0,43.0,72.0,64.53969,47.519768,40.476807,67.83156
TEST,6,2026-08-18 15:00:00+00:00,tt_thamrin,22.0,22.0,18.583333333333332,19.405174,20.643143,24.49909,20.992882
TEST,6,2026-08-18 17:00:00+00:00,tt_bekasi,17.0,14.0,18.0,17.991772,15.602806,23.632315,15.837828
TEST,6,2026-08-18 17:00:00+00:00,tt_bogor,45.0,35.0,44.27272727272727,42.992542,33.392437,36.109592,29.759922
TEST,6,2026-08-18 17:00:00+00:00,tt_bsd,34.0,34.0,33.63636363636363,34.024525,32.032948,28.74043,31.840801
TEST,6,2026-08-18 17:00:00+00:00,tt_cawang,43.0,30.0,43.0,41.078957,31.64835,20.795734,28.409369
TEST,6,2026-08-18 17:00:00+00:00,tt_depok,31.0,25.0,31.0,30.247168,27.402077,36.109592,25.80987
TEST,6,2026-08-18 17:00:00+00:00,tt_gatsu,45.0,4.0,45.0,43.54405,37.881317,19.43148,39.577644
TEST,6,2026-08-18 17:00:00+00:00,tt_grogol,40.0,31.0,39.45454545454545,40.286217,30.188522,24.893293,29.110983
TEST,6,2026-08-18 17:00:00+00:00,tt_kebonjeruk,35.0,21.0,35.0,36.02181,23.222439,24.575768,25.603718
TEST,6,2026-08-18 17:00:00+00:00,tt_kelapagading,29.0,21.0,29.0,28.838673,24.042686,26.110868,23.465076
TEST,6,2026-08-18 17:00:00+00:00,tt_kuningan,21.0,14.0,21.0,21.138926,17.9501,25.563942,17.45228
TEST,6,2026-08-18 17:00:00+00:00,tt_sudirman,39.0,23.0,38.0,36.02026,27.027914,24.755608,26.918016
TEST,6,2026-08-18 17:00:00+00:00,tt_tangerang,48.0,34.0,48.0,48.020298,35.671177,40.10187,29.46055
TEST,6,2026-08-18 17:00:00+00:00,tt_tbsimatupang,72.0,44.0,72.0,70.605705,43.482533,41.328888,51.66712
TEST,6,2026-08-18 17:00:00+00:00,tt_thamrin,22.0,22.0,22.0,22.214485,20.825268,25.464159,18.953972
TEST,6,2026-08-18 19:00:00+00:00,tt_bekasi,17.0,14.0,18.0,18.465155,15.447403,26.840876,16.308243
TEST,6,2026-08-18 19:00:00+00:00,tt_bogor,45.0,35.0,44.72727272727273,45.94907,33.385384,34.41282,31.974764
TEST,6,2026-08-18 19:00:00+00:00,tt_bsd,34.0,34.0,34.0,34.123146,31.887417,38.465965,32.855587
TEST,6,2026-08-18 19:00:00+00:00,tt_cawang,43.0,34.0,43.0,41.44116,33.592255,27.461246,32.382343
TEST,6,2026-08-18 19:00:00+00:00,tt_depok,31.0,26.0,31.0,30.23473,27.5515,34.41282,27.998074
TEST,6,2026-08-18 19:00:00+00:00,tt_gatsu,45.0,45.0,45.0,44.72535,47.29408,33.800858,47.06908
TEST,6,2026-08-18 19:00:00+00:00,tt_grogol,40.0,32.0,40.0,40.859673,31.053715,27.556831,35.444305
TEST,6,2026-08-18 19:00:00+00:00,tt_kebonjeruk,35.0,25.0,35.0,36.450382,24.41401,28.040552,28.343582
TEST,6,2026-08-18 19:00:00+00:00,tt_kelapagading,29.0,22.0,29.0,29.898315,23.273003,26.261164,25.283958
TEST,6,2026-08-18 19:00:00+00:00,tt_kuningan,21.0,13.0,21.0,20.657835,16.843044,38.973915,17.405516
TEST,6,2026-08-18 19:00:00+00:00,tt_sudirman,39.0,29.0,38.0,39.206078,28.658895,26.964653,30.62974
TEST,6,2026-08-18 19:00:00+00:00,tt_tangerang,48.0,48.0,48.0,48.70823,41.487717,46.913937,46.5827
TEST,6,2026-08-18 19:00:00+00:00,tt_tbsimatupang,72.0,72.0,72.0,72.059845,52.915222,43.849644,63.42636
TEST,6,2026-08-18 19:00:00+00:00,tt_thamrin,22.0,17.0,22.0,21.975996,19.491493,26.079927,19.239391
TEST,6,2026-08-18 20:00:00+00:00,tt_bekasi,17.0,16.0,18.0,18.457458,15.945519,25.784428,17.298428
TEST,6,2026-08-18 20:00:00+00:00,tt_bogor,45.0,45.0,45.0,46.05337,36.884724,34.7386,39.6171
TEST,6,2026-08-18 20:00:00+00:00,tt_bsd,34.0,34.0,34.0,34.421112,31.774342,37.647007,33.999916
TEST,6,2026-08-18 20:00:00+00:00,tt_cawang,43.0,32.0,43.0,40.424683,33.134335,32.054577,35.380703
TEST,6,2026-08-18 20:00:00+00:00,tt_depok,31.0,26.0,31.0,30.520327,27.260136,34.7386,30.249695
TEST,6,2026-08-18 20:00:00+00:00,tt_gatsu,45.0,45.0,45.0,46.237335,46.410915,36.839176,47.829437
TEST,6,2026-08-18 20:00:00+00:00,tt_grogol,40.0,40.0,40.0,40.42491,33.92432,34.088634,38.476192
TEST,6,2026-08-18 20:00:00+00:00,tt_kebonjeruk,35.0,31.0,35.0,36.389557,26.843922,34.419178,31.438011
TEST,6,2026-08-18 20:00:00+00:00,tt_kelapagading,29.0,29.0,29.0,29.959156,25.500048,26.4668,26.987885
TEST,6,2026-08-18 20:00:00+00:00,tt_kuningan,21.0,16.0,21.0,20.87524,17.288593,42.0426,18.580482
TEST,6,2026-08-18 20:00:00+00:00,tt_sudirman,39.0,30.0,38.0,39.767025,29.18806,26.921412,33.84493
TEST,6,2026-08-18 20:00:00+00:00,tt_tangerang,48.0,48.0,48.0,48.97523,41.596466,47.927597,46.422844
TEST,6,2026-08-18 20:00:00+00:00,tt_tbsimatupang,72.0,72.0,72.0,70.768074,52.871357,44.00744,61.172775
TEST,6,2026-08-18 20:00:00+00:00,tt_thamrin,22.0,22.0,22.0,22.202257,21.047886,26.914019,20.649239
TEST,6,2026-08-18 22:00:00+00:00,tt_bekasi,17.0,16.0,18.0,17.445963,16.129555,26.376438,17.438698
TEST,6,2026-08-18 22:00:00+00:00,tt_bogor,45.0,45.0,45.0,43.457966,38.891285,36.31694,37.80683
TEST,6,2026-08-18 22:00:00+00:00,tt_bsd,34.0,34.0,33.6,32.853992,31.882975,34.18765,32.957626
TEST,6,2026-08-18 22:00:00+00:00,tt_cawang,43.0,43.0,40.9,33.775013,37.838493,35.867878,36.861973
TEST,6,2026-08-18 22:00:00+00:00,tt_depok,31.0,31.0,31.0,31.491428,29.111252,36.31694,33.14897
TEST,6,2026-08-18 22:00:00+00:00,tt_gatsu,45.0,45.0,45.0,47.12593,44.312767,39.77323,47.364845
TEST,6,2026-08-18 22:00:00+00:00,tt_grogol,40.0,40.0,40.0,38.27579,35.609684,38.484394,36.769756
TEST,6,2026-08-18 22:00:00+00:00,tt_kebonjeruk,35.0,35.0,35.0,33.13151,30.307356,39.961655,33.958023
TEST,6,2026-08-18 22:00:00+00:00,tt_kelapagading,29.0,29.0,29.0,28.867773,26.195118,26.321339,29.341934
TEST,6,2026-08-18 22:00:00+00:00,tt_kuningan,21.0,21.0,21.0,22.283037,19.217724,42.919834,19.578667
TEST,6,2026-08-18 22:00:00+00:00,tt_sudirman,39.0,39.0,38.0,36.58276,33.970936,31.828245,35.720127
TEST,6,2026-08-18 22:00:00+00:00,tt_tangerang,48.0,48.0,48.0,47.405025,41.561142,39.63262,44.394333
TEST,6,2026-08-18 22:00:00+00:00,tt_tbsimatupang,72.0,72.0,72.0,60.359665,52.269833,41.31398,50.724068
TEST,6,2026-08-18 22:00:00+00:00,tt_thamrin,22.0,22.0,22.0,21.165571,21.632618,26.482737,21.718239
TEST,6,2026-08-19 00:00:00+00:00,tt_bekasi,15.0,17.0,18.0,17.237328,16.585869,22.429695,17.709736
TEST,6,2026-08-19 00:00:00+00:00,tt_bogor,35.0,45.0,36.2,39.12175,39.291035,33.30091,35.19761
TEST,6,2026-08-19 00:00:00+00:00,tt_bsd,29.0,34.0,31.5,31.744625,32.217754,32.06791,31.459948
TEST,6,2026-08-19 00:00:00+00:00,tt_cawang,20.0,43.0,22.6,26.487663,38.433548,31.354431,34.24392
TEST,6,2026-08-19 00:00:00+00:00,tt_depok,31.0,31.0,30.2,29.792768,29.214134,33.30091,31.175129
TEST,6,2026-08-19 00:00:00+00:00,tt_gatsu,45.0,45.0,44.2,46.075397,42.958187,32.949257,47.860878
TEST,6,2026-08-19 00:00:00+00:00,tt_grogol,40.0,40.0,35.9,36.14036,35.823654,37.720436,35.218937
TEST,6,2026-08-19 00:00:00+00:00,tt_kebonjeruk,27.0,35.0,29.5,29.980349,31.070637,38.036114,31.658358
TEST,6,2026-08-19 00:00:00+00:00,tt_kelapagading,29.0,29.0,28.3,27.302444,26.729378,25.389032,28.257923
TEST,6,2026-08-19 00:00:00+00:00,tt_kuningan,21.0,21.0,21.0,21.343683,19.33799,36.540115,19.229153
TEST,6,2026-08-19 00:00:00+00:00,tt_sudirman,39.0,39.0,31.4,33.3651,34.51548,30.426516,33.17142
TEST,6,2026-08-19 00:00:00+00:00,tt_tangerang,48.0,48.0,44.3,44.13513,41.72661,36.9002,42.52485
TEST,6,2026-08-19 00:00:00+00:00,tt_tbsimatupang,39.0,72.0,42.1,48.810337,52.10094,35.932026,47.876312
TEST,6,2026-08-19 00:00:00+00:00,tt_thamrin,19.0,22.0,20.3,20.857248,21.515747,23.985577,21.77165
TEST,6,2026-08-19 01:00:00+00:00,tt_bekasi,16.0,17.0,17.818181818181817,17.384989,16.704859,21.491634,17.817638
TEST,6,2026-08-19 01:00:00+00:00,tt_bogor,37.0,45.0,37.18181818181818,37.656677,39.54574,32.169285,34.809105
TEST,6,2026-08-19 01:00:00+00:00,tt_bsd,34.0,34.0,31.181818181818183,31.698774,32.33079,31.85989,30.878048
TEST,6,2026-08-19 01:00:00+00:00,tt_cawang,13.0,43.0,23.818181818181817,23.505041,38.274998,29.374825,33.777336
TEST,6,2026-08-19 01:00:00+00:00,tt_depok,27.0,31.0,28.363636363636363,28.682882,29.123526,32.169285,30.432034
TEST,6,2026-08-19 01:00:00+00:00,tt_gatsu,13.0,45.0,42.27272727272727,45.032967,42.477898,29.483541,49.074203
TEST,6,2026-08-19 01:00:00+00:00,tt_grogol,32.0,40.0,34.36363636363637,34.824665,36.0288,35.4535,34.941505
TEST,6,2026-08-19 01:00:00+00:00,tt_kebonjeruk,25.0,35.0,29.181818181818183,28.474388,31.374352,35.722637,30.860634
TEST,6,2026-08-19 01:00:00+00:00,tt_kelapagading,29.0,29.0,28.181818181818183,26.527805,27.06625,25.231543,27.85368
TEST,6,2026-08-19 01:00:00+00:00,tt_kuningan,21.0,21.0,21.0,20.748224,19.474613,33.08593,19.497997
TEST,6,2026-08-19 01:00:00+00:00,tt_sudirman,22.0,39.0,26.363636363636363,31.829191,34.7451,30.069,32.35979
TEST,6,2026-08-19 01:00:00+00:00,tt_tangerang,39.0,48.0,42.45454545454545,42.219765,41.89328,33.965294,42.420105
TEST,6,2026-08-19 01:00:00+00:00,tt_tbsimatupang,18.0,72.0,35.45454545454545,43.596786,51.933784,34.347507,45.996056
TEST,6,2026-08-19 01:00:00+00:00,tt_thamrin,22.0,22.0,18.454545454545453,20.485132,21.479057,22.582615,21.990932
TEST,6,2026-08-19 03:00:00+00:00,tt_bekasi,16.0,17.0,17.727272727272727,17.209135,16.99041,18.785023,18.43922
TEST,6,2026-08-19 03:00:00+00:00,tt_bogor,37.0,45.0,37.90909090909091,35.809715,40.019855,32.133144,34.229412
TEST,6,2026-08-19 03:00:00+00:00,tt_bsd,34.0,34.0,32.0,32.242058,32.529877,32.973724,29.442171
TEST,6,2026-08-19 03:00:00+00:00,tt_cawang,20.0,43.0,21.818181818181817,18.964294,38.414783,28.161715,32.487976
TEST,6,2026-08-19 03:00:00+00:00,tt_depok,31.0,31.0,26.545454545454547,25.98864,29.378231,32.133144,29.84881
TEST,6,2026-08-19 03:00:00+00:00,tt_gatsu,45.0,45.0,43.90909090909091,42.24331,41.48444,28.58646,41.767754
TEST,6,2026-08-19 03:00:00+00:00,tt_grogol,31.0,40.0,31.272727272727273,32.089275,36.45495,30.137228,33.91975
TEST,6,2026-08-19 03:00:00+00:00,tt_kebonjeruk,23.0,35.0,25.0,24.954248,32.12607,30.352858,30.156015
TEST,6,2026-08-19 03:00:00+00:00,tt_kelapagading,29.0,29.0,24.636363636363637,24.71847,27.804441,24.549938,27.915438
TEST,6,2026-08-19 03:00:00+00:00,tt_kuningan,16.0,21.0,18.545454545454547,20.077475,19.946676,28.421934,20.096174
TEST,6,2026-08-19 03:00:00+00:00,tt_sudirman,24.0,39.0,32.27272727272727,28.97388,35.22564,28.867512,31.350424
TEST,6,2026-08-19 03:00:00+00:00,tt_tangerang,40.0,48.0,39.54545454545455,39.51409,42.222366,28.533226,39.361473
TEST,6,2026-08-19 03:00:00+00:00,tt_tbsimatupang,33.0,72.0,37.45454545454545,35.497627,51.80522,30.047197,39.16076
TEST,6,2026-08-19 03:00:00+00:00,tt_thamrin,20.0,22.0,18.90909090909091,18.72647,21.558731,18.725765,22.779049
TEST,6,2026-08-19 05:00:00+00:00,tt_bekasi,15.0,17.0,18.0,16.374018,17.251778,28.850931,19.568142
TEST,6,2026-08-19 05:00:00+00:00,tt_bogor,32.0,45.0,39.6,35.703743,40.42852,35.66455,34.335426
TEST,6,2026-08-19 05:00:00+00:00,tt_bsd,34.0,34.0,32.4,32.91433,32.529877,36.20767,29.536152
TEST,6,2026-08-19 05:00:00+00:00,tt_cawang,17.0,43.0,23.3,17.461603,38.92418,28.511904,31.382301
TEST,6,2026-08-19 05:00:00+00:00,tt_depok,31.0,31.0,28.2,25.296705,29.836931,35.66455,30.460238
TEST,6,2026-08-19 05:00:00+00:00,tt_gatsu,45.0,45.0,45.0,40.62867,40.804512,29.954653,35.61114
TEST,6,2026-08-19 05:00:00+00:00,tt_grogol,31.0,40.0,32.0,31.09619,36.85947,27.97268,32.323097
TEST,6,2026-08-19 05:00:00+00:00,tt_kebonjeruk,24.0,35.0,25.2,22.782953,32.736145,28.14752,30.701015
TEST,6,2026-08-19 05:00:00+00:00,tt_kelapagading,21.0,29.0,21.4,23.026073,28.410824,23.601284,29.332098
TEST,6,2026-08-19 05:00:00+00:00,tt_kuningan,17.0,21.0,18.2,19.355747,20.70551,32.90883,21.86958
TEST,6,2026-08-19 05:00:00+00:00,tt_sudirman,27.0,39.0,28.4,27.288757,35.817345,32.30581,31.116709
TEST,6,2026-08-19 05:00:00+00:00,tt_tangerang,40.0,48.0,39.6,39.61201,42.60702,34.597015,38.920723
TEST,6,2026-08-19 05:00:00+00:00,tt_tbsimatupang,43.0,72.0,45.0,34.48457,52.4241,35.774582,43.13652
TEST,6,2026-08-19 05:00:00+00:00,tt_thamrin,17.0,22.0,18.9,16.981974,21.823748,15.519365,24.655098
TEST,6,2026-08-19 06:00:00+00:00,tt_bekasi,18.0,15.0,17.083333333333332,16.287127,16.800045,24.522366,18.89537
TEST,6,2026-08-19 06:00:00+00:00,tt_bogor,35.0,35.0,36.166666666666664,34.8595,38.54707,35.568413,31.263798
TEST,6,2026-08-19 06:00:00+00:00,tt_bsd,34.0,29.0,33.666666666666664,33.680546,31.122957,34.465878,25.757446
TEST,6,2026-08-19 06:00:00+00:00,tt_cawang,19.0,20.0,21.333333333333332,20.54566,35.738785,30.639828,27.267103
TEST,6,2026-08-19 06:00:00+00:00,tt_depok,27.0,31.0,26.25,26.419703,30.004269,35.568413,26.94112
TEST,6,2026-08-19 06:00:00+00:00,tt_gatsu,30.0,45.0,42.5,36.7385,40.804512,31.310537,33.993183
TEST,6,2026-08-19 06:00:00+00:00,tt_grogol,27.0,40.0,31.333333333333332,28.695007,37.02156,28.88801,29.920681
TEST,6,2026-08-19 06:00:00+00:00,tt_kebonjeruk,21.0,27.0,24.083333333333332,21.617506,30.941227,29.052742,26.61721
TEST,6,2026-08-19 06:00:00+00:00,tt_kelapagading,21.0,29.0,20.083333333333332,20.872742,28.580936,23.517176,26.922232
TEST,6,2026-08-19 06:00:00+00:00,tt_kuningan,21.0,21.0,19.166666666666668,19.04255,20.934725,33.799244,22.052643
TEST,6,2026-08-19 06:00:00+00:00,tt_sudirman,18.0,39.0,26.75,24.709242,36.01917,31.684788,27.099243
TEST,6,2026-08-19 06:00:00+00:00,tt_tangerang,38.0,48.0,38.583333333333336,39.87336,42.60702,35.21045,37.062614
TEST,6,2026-08-19 06:00:00+00:00,tt_tbsimatupang,48.0,39.0,48.833333333333336,39.907063,48.076122,35.64501,41.68683
TEST,6,2026-08-19 06:00:00+00:00,tt_thamrin,13.0,19.0,18.75,17.461872,21.093742,15.964791,24.44629
TEST,6,2026-08-19 08:00:00+00:00,tt_bekasi,15.0,16.0,15.923076923076923,17.671507,16.944061,10.019016,18.944553
TEST,6,2026-08-19 08:00:00+00:00,tt_bogor,34.0,37.0,34.61538461538461,33.849926,37.950108,32.726566,36.79155
TEST,6,2026-08-19 08:00:00+00:00,tt_bsd,28.0,34.0,32.07692307692308,31.739319,32.56023,32.502964,30.345774
TEST,6,2026-08-19 08:00:00+00:00,tt_cawang,32.0,13.0,35.15384615384615,29.752096,35.373398,29.634201,30.667458
TEST,6,2026-08-19 08:00:00+00:00,tt_depok,25.0,27.0,27.384615384615383,26.888401,28.7356,32.726566,25.316887
TEST,6,2026-08-19 08:00:00+00:00,tt_gatsu,26.0,13.0,30.46153846153846,34.153698,37.302486,28.971743,34.75751
TEST,6,2026-08-19 08:00:00+00:00,tt_grogol,27.0,32.0,31.384615384615383,33.50531,34.59892,30.969406,32.37788
TEST,6,2026-08-19 08:00:00+00:00,tt_kebonjeruk,18.0,25.0,21.923076923076923,26.517567,29.791626,30.351048,25.701323
TEST,6,2026-08-19 08:00:00+00:00,tt_kelapagading,22.0,29.0,20.923076923076923,22.153372,28.657003,26.815296,24.673096
TEST,6,2026-08-19 08:00:00+00:00,tt_kuningan,21.0,21.0,19.53846153846154,18.444181,20.93667,30.132019,22.399239
TEST,6,2026-08-19 08:00:00+00:00,tt_sudirman,22.0,22.0,22.846153846153847,23.745974,32.490437,26.409138,27.565613
TEST,6,2026-08-19 08:00:00+00:00,tt_tangerang,48.0,39.0,37.61538461538461,40.609207,40.028713,35.54448,39.848873
TEST,6,2026-08-19 08:00:00+00:00,tt_tbsimatupang,32.0,18.0,43.0,50.425713,48.12432,31.41169,48.09749
TEST,6,2026-08-19 08:00:00+00:00,tt_thamrin,8.0,22.0,15.461538461538462,19.517414,21.848648,12.277086,24.23455
TEST,6,2026-08-19 10:00:00+00:00,tt_bekasi,13.0,16.0,15.3,18.182405,16.86702,19.099167,18.853458
TEST,6,2026-08-19 10:00:00+00:00,tt_bogor,30.0,37.0,31.5,35.62785,37.249023,30.28468,38.284836
TEST,6,2026-08-19 10:00:00+00:00,tt_bsd,34.0,34.0,32.0,32.278973,32.590523,33.486107,31.951345
TEST,6,2026-08-19 10:00:00+00:00,tt_cawang,43.0,20.0,29.9,36.286808,35.49612,26.58619,32.19198
TEST,6,2026-08-19 10:00:00+00:00,tt_depok,23.0,31.0,23.6,26.61063,30.276127,30.28468,27.300598
TEST,6,2026-08-19 10:00:00+00:00,tt_gatsu,23.0,45.0,23.1,32.34861,45.785595,26.025906,43.729256
TEST,6,2026-08-19 10:00:00+00:00,tt_grogol,30.0,31.0,32.1,33.562847,33.594006,29.28479,34.508755
TEST,6,2026-08-19 10:00:00+00:00,tt_kebonjeruk,19.0,23.0,21.4,25.300549,28.737467,29.380201,27.465282
TEST,6,2026-08-19 10:00:00+00:00,tt_kelapagading,22.0,29.0,20.9,23.177118,28.657003,26.66894,25.597404
TEST,6,2026-08-19 10:00:00+00:00,tt_kuningan,16.0,16.0,15.3,18.669846,19.172203,26.367222,21.04345
TEST,6,2026-08-19 10:00:00+00:00,tt_sudirman,19.0,24.0,19.4,26.758919,32.38406,27.920124,29.43446
TEST,6,2026-08-19 10:00:00+00:00,tt_tangerang,28.0,40.0,36.3,39.710827,39.69687,36.09822,41.000885
TEST,6,2026-08-19 10:00:00+00:00,tt_tbsimatupang,34.0,33.0,34.0,51.33601,49.18878,29.185951,48.78259
TEST,6,2026-08-19 10:00:00+00:00,tt_thamrin,17.0,20.0,15.5,18.710253,20.997187,16.665453,23.36216
TEST,6,2026-08-19 11:00:00+00:00,tt_bekasi,18.0,15.0,14.692307692307692,18.082376,16.53761,19.096807,18.114437
TEST,6,2026-08-19 11:00:00+00:00,tt_bogor,33.0,32.0,33.07692307692308,36.227238,35.782364,30.358866,37.972805
TEST,6,2026-08-19 11:00:00+00:00,tt_bsd,27.0,34.0,32.07692307692308,32.636562,32.53018,34.834835,31.71083
TEST,6,2026-08-19 11:00:00+00:00,tt_cawang,43.0,17.0,29.23076923076923,38.682243,33.877094,26.602802,32.733234
TEST,6,2026-08-19 11:00:00+00:00,tt_depok,25.0,31.0,24.846153846153847,26.611254,30.28077,30.358866,27.387909
TEST,6,2026-08-19 11:00:00+00:00,tt_gatsu,35.0,45.0,16.615384615384617,32.12515,45.096107,26.000854,44.550934
TEST,6,2026-08-19 11:00:00+00:00,tt_grogol,32.0,31.0,32.69230769230769,34.820507,33.257133,29.904022,34.996433
TEST,6,2026-08-19 11:00:00+00:00,tt_kebonjeruk,21.0,24.0,21.923076923076923,25.632607,28.514183,30.25458,27.645613
TEST,6,2026-08-19 11:00:00+00:00,tt_kelapagading,20.0,21.0,20.076923076923077,22.827105,26.735989,25.937956,25.261238
TEST,6,2026-08-19 11:00:00+00:00,tt_kuningan,16.0,17.0,15.153846153846152,18.644876,19.194857,26.265772,20.53405
TEST,6,2026-08-19 11:00:00+00:00,tt_sudirman,16.0,27.0,18.53846153846154,28.178236,32.570316,28.08298,29.953121
TEST,6,2026-08-19 11:00:00+00:00,tt_tangerang,26.0,40.0,38.0,40.53218,39.41348,36.931576,41.968117
TEST,6,2026-08-19 11:00:00+00:00,tt_tbsimatupang,44.0,43.0,39.92307692307692,54.33664,49.24122,29.63651,53.03477
TEST,6,2026-08-19 11:00:00+00:00,tt_thamrin,10.0,17.0,13.0,17.24491,20.071388,18.510517,22.46907
TEST,6,2026-08-19 13:00:00+00:00,tt_bekasi,18.0,18.0,17.2,17.75069,17.471796,23.018314,17.944164
TEST,6,2026-08-19 13:00:00+00:00,tt_bogor,45.0,35.0,40.9,38.126686,35.42268,31.939417,39.483055
TEST,6,2026-08-19 13:00:00+00:00,tt_bsd,34.0,34.0,31.6,33.634865,32.45782,36.94124,32.05836
TEST,6,2026-08-19 13:00:00+00:00,tt_cawang,43.0,19.0,40.6,43.026302,30.935087,27.97341,33.64463
TEST,6,2026-08-19 13:00:00+00:00,tt_depok,25.0,27.0,25.0,27.764654,28.548796,31.939417,26.835234
TEST,6,2026-08-19 13:00:00+00:00,tt_gatsu,45.0,30.0,43.3,35.76924,39.894554,27.831444,44.655525
TEST,6,2026-08-19 13:00:00+00:00,tt_grogol,31.0,27.0,37.9,39.49283,31.316933,31.478271,35.438522
TEST,6,2026-08-19 13:00:00+00:00,tt_kebonjeruk,27.0,21.0,25.3,30.481922,26.282442,32.55896,27.54998
TEST,6,2026-08-19 13:00:00+00:00,tt_kelapagading,23.0,21.0,24.2,24.287603,25.734594,26.24138,24.538883
TEST,6,2026-08-19 13:00:00+00:00,tt_kuningan,13.0,21.0,16.2,19.142778,20.531818,27.69755,19.972488
TEST,6,2026-08-19 13:00:00+00:00,tt_sudirman,30.0,18.0,30.6,30.91427,29.008728,28.844826,30.061169
TEST,6,2026-08-19 13:00:00+00:00,tt_tangerang,48.0,38.0,46.2,44.114986,38.093468,36.32183,43.146626
TEST,6,2026-08-19 13:00:00+00:00,tt_tbsimatupang,72.0,48.0,67.6,65.45602,48.141724,31.29495,60.903934
TEST,6,2026-08-19 13:00:00+00:00,tt_thamrin,20.0,13.0,15.7,18.102156,18.234837,22.268898,20.929077
TEST,6,2026-08-19 15:00:00+00:00,tt_bekasi,16.0,15.0,18.0,16.559658,16.44819,25.654858,16.299599
TEST,6,2026-08-19 15:00:00+00:00,tt_bogor,38.0,34.0,43.416666666666664,40.90758,34.227406,35.10396,41.648933
TEST,6,2026-08-19 15:00:00+00:00,tt_bsd,34.0,28.0,34.0,34.15761,30.24022,37.665165,31.224142
TEST,6,2026-08-19 15:00:00+00:00,tt_cawang,32.0,32.0,39.75,44.250904,32.49779,30.209013,35.799686
TEST,6,2026-08-19 15:00:00+00:00,tt_depok,31.0,25.0,30.5,30.663496,27.534172,35.10396,26.58623
TEST,6,2026-08-19 15:00:00+00:00,tt_gatsu,45.0,26.0,45.0,40.89568,37.59978,30.245104,44.408264
TEST,6,2026-08-19 15:00:00+00:00,tt_grogol,40.0,27.0,40.0,40.29516,30.317137,33.619267,37.4612
TEST,6,2026-08-19 15:00:00+00:00,tt_kebonjeruk,31.0,18.0,34.166666666666664,34.171627,23.451096,35.178974,27.850899
TEST,6,2026-08-19 15:00:00+00:00,tt_kelapagading,29.0,22.0,28.333333333333332,26.74779,25.363722,26.434227,23.532116
TEST,6,2026-08-19 15:00:00+00:00,tt_kuningan,21.0,21.0,19.666666666666668,20.206007,20.346653,30.02157,18.417507
TEST,6,2026-08-19 15:00:00+00:00,tt_sudirman,29.0,22.0,35.833333333333336,34.02381,27.680382,29.344688,30.91109
TEST,6,2026-08-19 15:00:00+00:00,tt_tangerang,48.0,48.0,46.333333333333336,48.373707,41.56902,37.50709,47.405926
TEST,6,2026-08-19 15:00:00+00:00,tt_tbsimatupang,72.0,32.0,72.0,73.34471,42.708218,34.49721,67.414894
TEST,6,2026-08-19 15:00:00+00:00,tt_thamrin,21.0,8.0,18.583333333333332,20.717955,16.174728,24.897154,18.733953
TEST,6,2026-08-19 16:00:00+00:00,tt_bekasi,18.0,13.0,18.0,16.947226,15.903481,26.007204,15.749689
TEST,6,2026-08-19 16:00:00+00:00,tt_bogor,45.0,30.0,43.44444444444444,41.845383,32.55166,39.864597,41.682236
TEST,6,2026-08-19 16:00:00+00:00,tt_bsd,34.0,34.0,34.0,33.99487,32.03871,37.437855,33.706364
TEST,6,2026-08-19 16:00:00+00:00,tt_cawang,43.0,43.0,42.22222222222222,43.796227,35.051414,31.28154,36.21475
TEST,6,2026-08-19 16:00:00+00:00,tt_depok,31.0,23.0,31.0,30.568039,26.791918,39.864597,26.197155
TEST,6,2026-08-19 16:00:00+00:00,tt_gatsu,45.0,23.0,45.0,42.55105,36.316925,31.119257,45.53987
TEST,6,2026-08-19 16:00:00+00:00,tt_grogol,40.0,30.0,40.0,40.42472,30.639336,34.77214,38.073833
TEST,6,2026-08-19 16:00:00+00:00,tt_kebonjeruk,35.0,19.0,34.333333333333336,34.922886,22.460697,36.57702,27.329782
TEST,6,2026-08-19 16:00:00+00:00,tt_kelapagading,29.0,22.0,28.555555555555557,28.413973,24.859888,26.843182,22.9366
TEST,6,2026-08-19 16:00:00+00:00,tt_kuningan,21.0,16.0,20.11111111111111,19.973835,18.957294,31.490839,17.404602
TEST,6,2026-08-19 16:00:00+00:00,tt_sudirman,39.0,19.0,37.22222222222222,35.280807,25.49553,28.86895,30.530804
TEST,6,2026-08-19 16:00:00+00:00,tt_tangerang,48.0,28.0,48.0,49.24847,37.858925,39.22878,48.520977
TEST,6,2026-08-19 16:00:00+00:00,tt_tbsimatupang,72.0,34.0,72.0,74.58299,40.929157,38.342484,66.65005
TEST,6,2026-08-19 16:00:00+00:00,tt_thamrin,22.0,17.0,20.0,21.14214,17.925327,25.819834,18.471024
TEST,6,2026-08-19 18:00:00+00:00,tt_bekasi,18.0,18.0,18.0,17.349476,17.564207,26.453592,16.408146
TEST,6,2026-08-19 18:00:00+00:00,tt_bogor,45.0,33.0,45.0,42.993576,32.521553,30.402521,29.773468
TEST,6,2026-08-19 18:00:00+00:00,tt_bsd,34.0,27.0,34.0,34.016895,30.00977,36.165157,27.714958
TEST,6,2026-08-19 18:00:00+00:00,tt_cawang,43.0,43.0,43.0,43.51868,36.33298,26.488335,28.16858
TEST,6,2026-08-19 18:00:00+00:00,tt_depok,31.0,25.0,31.0,30.686588,26.723238,30.402521,23.521376
TEST,6,2026-08-19 18:00:00+00:00,tt_gatsu,45.0,35.0,45.0,44.56841,37.17894,26.602028,36.971207
TEST,6,2026-08-19 18:00:00+00:00,tt_grogol,40.0,32.0,40.0,41.147614,30.593334,25.876572,29.206966
TEST,6,2026-08-19 18:00:00+00:00,tt_kebonjeruk,35.0,21.0,35.0,35.755814,21.48605,25.067251,23.845306
TEST,6,2026-08-19 18:00:00+00:00,tt_kelapagading,29.0,20.0,29.0,30.217464,22.951216,26.903152,21.643219
TEST,6,2026-08-19 18:00:00+00:00,tt_kuningan,21.0,16.0,20.636363636363637,19.515818,18.275324,26.03008,16.455051
TEST,6,2026-08-19 18:00:00+00:00,tt_sudirman,39.0,16.0,38.0,37.24717,20.171635,26.721422,25.036118
TEST,6,2026-08-19 18:00:00+00:00,tt_tangerang,44.0,26.0,48.0,50.00111,35.28691,16.95324,29.534075
TEST,6,2026-08-19 18:00:00+00:00,tt_tbsimatupang,72.0,44.0,72.0,75.344574,39.770176,23.398344,42.092358
TEST,6,2026-08-19 18:00:00+00:00,tt_thamrin,22.0,10.0,22.0,22.833616,15.329803,26.58233,16.977737
TEST,6,2026-08-19 20:00:00+00:00,tt_bekasi,18.0,18.0,18.0,18.459599,17.696775,25.808144,17.215437
TEST,6,2026-08-19 20:00:00+00:00,tt_bogor,45.0,45.0,45.0,46.18304,38.44991,42.6174,44.00459
TEST,6,2026-08-19 20:00:00+00:00,tt_bsd,34.0,34.0,34.0,34.066658,32.551903,48.492687,35.889576
TEST,6,2026-08-19 20:00:00+00:00,tt_cawang,43.0,43.0,43.0,43.306965,37.3851,34.374065,36.994766
TEST,6,2026-08-19 20:00:00+00:00,tt_depok,31.0,25.0,31.0,30.433249,26.225792,42.6174,27.072155
TEST,6,2026-08-19 20:00:00+00:00,tt_gatsu,45.0,45.0,45.0,44.46987,40.11385,36.022827,45.551773
TEST,6,2026-08-19 20:00:00+00:00,tt_grogol,40.0,31.0,40.0,40.92601,29.850595,29.336658,37.539764
TEST,6,2026-08-19 20:00:00+00:00,tt_kebonjeruk,35.0,27.0,35.0,36.15341,24.116554,30.16242,28.618538
TEST,6,2026-08-19 20:00:00+00:00,tt_kelapagading,29.0,23.0,29.0,30.261913,22.994335,27.473606,24.417637
TEST,6,2026-08-19 20:00:00+00:00,tt_kuningan,21.0,13.0,21.0,20.214848,17.188103,37.816723,16.868975
TEST,6,2026-08-19 20:00:00+00:00,tt_sudirman,39.0,30.0,38.0,39.420845,26.922949,27.24155,31.801775
TEST,6,2026-08-19 20:00:00+00:00,tt_tangerang,48.0,48.0,48.0,48.50242,43.71044,36.169838,50.260994
TEST,6,2026-08-19 20:00:00+00:00,tt_tbsimatupang,72.0,72.0,72.0,72.43741,52.585323,40.841793,60.87664
TEST,6,2026-08-19 20:00:00+00:00,tt_thamrin,22.0,20.0,22.0,21.659363,18.146723,27.302784,18.529469
TEST,6,2026-08-19 21:00:00+00:00,tt_bekasi,18.0,16.0,18.0,19.245615,17.18146,23.791836,16.915916
TEST,6,2026-08-19 21:00:00+00:00,tt_bogor,45.0,38.0,45.0,45.720406,36.97398,40.916847,40.973217
TEST,6,2026-08-19 21:00:00+00:00,tt_bsd,34.0,34.0,34.0,34.413834,32.521507,46.349342,35.028893
TEST,6,2026-08-19 21:00:00+00:00,tt_cawang,43.0,32.0,43.0,41.60793,35.31609,33.97918,34.78751
TEST,6,2026-08-19 21:00:00+00:00,tt_depok,31.0,31.0,31.0,30.890825,28.084217,40.916847,28.488316
TEST,6,2026-08-19 21:00:00+00:00,tt_gatsu,45.0,45.0,45.0,45.795116,39.903473,35.590908,45.86814
TEST,6,2026-08-19 21:00:00+00:00,tt_grogol,40.0,40.0,40.0,41.170902,33.011314,30.699228,38.51305
TEST,6,2026-08-19 21:00:00+00:00,tt_kebonjeruk,35.0,31.0,35.0,36.36107,26.07691,31.172264,29.030819
TEST,6,2026-08-19 21:00:00+00:00,tt_kelapagading,29.0,29.0,29.0,30.726967,25.003914,26.883228,25.255121
TEST,6,2026-08-19 21:00:00+00:00,tt_kuningan,21.0,21.0,21.0,20.803402,19.437372,37.412563,18.676155
TEST,6,2026-08-19 21:00:00+00:00,tt_sudirman,39.0,29.0,38.0,39.989494,26.876352,28.068558,31.708393
TEST,6,2026-08-19 21:00:00+00:00,tt_tangerang,48.0,48.0,48.0,49.22473,43.731087,43.714733,50.047737
TEST,6,2026-08-19 21:00:00+00:00,tt_tbsimatupang,72.0,72.0,72.0,71.685326,52.790894,42.42246,57.431854
TEST,6,2026-08-19 21:00:00+00:00,tt_thamrin,22.0,21.0,21.8,21.88411,18.545324,27.767029,19.1452
TEST,6,2026-08-19 23:00:00+00:00,tt_bekasi,17.0,18.0,18.0,17.70248,17.729546,25.503563,17.848295
TEST,6,2026-08-19 23:00:00+00:00,tt_bogor,35.0,45.0,40.72727272727273,43.261227,39.125225,37.237038,42.71518
TEST,6,2026-08-19 23:00:00+00:00,tt_bsd,34.0,34.0,34.0,32.821064,32.168514,41.2358,35.334633
TEST,6,2026-08-19 23:00:00+00:00,tt_cawang,26.0,43.0,27.636363636363637,34.324738,38.766865,35.22313,37.012543
TEST,6,2026-08-19 23:00:00+00:00,tt_depok,31.0,31.0,30.363636363636363,31.794912,28.52974,37.237038,29.602892
TEST,6,2026-08-19 23:00:00+00:00,tt_gatsu,45.0,45.0,45.0,47.31719,39.11748,35.875122,38.48937
TEST,6,2026-08-19 23:00:00+00:00,tt_grogol,35.0,40.0,36.27272727272727,38.53829,34.974823,32.325325,37.787983
TEST,6,2026-08-19 23:00:00+00:00,tt_kebonjeruk,30.0,35.0,32.09090909090909,33.51418,29.648676,32.01895,30.844782
TEST,6,2026-08-19 23:00:00+00:00,tt_kelapagading,29.0,29.0,27.181818181818183,29.269299,26.047123,27.377003,27.080606
TEST,6,2026-08-19 23:00:00+00:00,tt_kuningan,21.0,21.0,21.0,22.004576,19.874117,36.01326,18.713375
TEST,6,2026-08-19 23:00:00+00:00,tt_sudirman,39.0,39.0,36.54545454545455,36.3457,32.528675,33.757668,32.725315
TEST,6,2026-08-19 23:00:00+00:00,tt_tangerang,48.0,48.0,47.36363636363637,47.61456,43.07821,42.564472,48.043102
TEST,6,2026-08-19 23:00:00+00:00,tt_tbsimatupang,72.0,72.0,53.90909090909091,60.825268,52.429386,39.12441,52.43145
TEST,6,2026-08-19 23:00:00+00:00,tt_thamrin,20.0,22.0,20.181818181818183,21.11294,19.577576,27.706367,19.588888
TEST,6,2026-08-20 01:00:00+00:00,tt_bekasi,18.0,18.0,17.818181818181817,17.49284,17.99448,21.96109,18.098925
TEST,6,2026-08-20 01:00:00+00:00,tt_bogor,35.0,45.0,37.18181818181818,38.81169,39.65788,32.774704,41.738914
TEST,6,2026-08-20 01:00:00+00:00,tt_bsd,29.0,34.0,31.181818181818183,31.91752,32.001663,37.304672,34.167816
TEST,6,2026-08-20 01:00:00+00:00,tt_cawang,14.0,43.0,23.818181818181817,26.608383,39.217644,30.90479,35.594753
TEST,6,2026-08-20 01:00:00+00:00,tt_depok,31.0,31.0,28.363636363636363,29.847425,28.748611,32.774704,28.30347
TEST,6,2026-08-20 01:00:00+00:00,tt_gatsu,37.0,45.0,42.27272727272727,45.86987,39.6844,31.620785,37.151657
TEST,6,2026-08-20 01:00:00+00:00,tt_grogol,30.0,40.0,34.36363636363637,36.280632,35.669716,28.773882,35.4828
TEST,6,2026-08-20 01:00:00+00:00,tt_kebonjeruk,26.0,35.0,29.181818181818183,30.098757,30.843016,28.36747,29.263271
TEST,6,2026-08-20 01:00:00+00:00,tt_kelapagading,29.0,29.0,28.181818181818183,27.39101,26.674114,25.761347,26.406012
TEST,6,2026-08-20 01:00:00+00:00,tt_kuningan,21.0,21.0,21.0,21.366001,19.65887,31.100863,18.842316
TEST,6,2026-08-20 01:00:00+00:00,tt_sudirman,27.0,39.0,26.363636363636363,33.127422,33.93952,33.173992,30.964678
TEST,6,2026-08-20 01:00:00+00:00,tt_tangerang,36.0,44.0,42.45454545454545,44.110085,41.67842,36.50502,48.05249
TEST,6,2026-08-20 01:00:00+00:00,tt_tbsimatupang,18.0,72.0,35.45454545454545,48.219997,51.908577,33.804546,42.28061
TEST,6,2026-08-20 01:00:00+00:00,tt_thamrin,18.0,22.0,18.454545454545453,20.711609,20.633156,25.41242,20.191677
TEST,6,2026-08-20 02:00:00+00:00,tt_bekasi,18.0,18.0,17.692307692307693,17.692368,18.127184,21.977741,18.672709
TEST,6,2026-08-20 02:00:00+00:00,tt_bogor,40.0,45.0,36.46153846153846,37.21953,39.872105,31.38045,41.337467
TEST,6,2026-08-20 02:00:00+00:00,tt_bsd,34.0,34.0,32.30769230769231,31.785402,32.152905,35.312996,33.69358
TEST,6,2026-08-20 02:00:00+00:00,tt_cawang,18.0,43.0,21.0,23.255701,39.327496,29.156826,35.472473
TEST,6,2026-08-20 02:00:00+00:00,tt_depok,31.0,31.0,29.23076923076923,28.589195,28.993732,31.38045,28.846169
TEST,6,2026-08-20 02:00:00+00:00,tt_gatsu,45.0,45.0,40.76923076923077,44.78193,39.996185,29.923866,37.35934
TEST,6,2026-08-20 02:00:00+00:00,tt_grogol,30.0,40.0,31.076923076923077,34.733406,35.961746,28.376362,35.554695
TEST,6,2026-08-20 02:00:00+00:00,tt_kebonjeruk,26.0,35.0,25.307692307692307,28.393036,31.343729,27.987402,29.65252
TEST,6,2026-08-20 02:00:00+00:00,tt_kelapagading,25.0,29.0,26.846153846153847,26.483633,27.042904,25.088604,27.188507
TEST,6,2026-08-20 02:00:00+00:00,tt_kuningan,21.0,21.0,18.23076923076923,20.799295,19.741425,29.631657,19.282684
TEST,6,2026-08-20 02:00:00+00:00,tt_sudirman,25.0,39.0,25.384615384615383,31.512562,34.406166,32.227592,31.26396
TEST,6,2026-08-20 02:00:00+00:00,tt_tangerang,48.0,48.0,43.84615384615385,41.907394,42.24076,33.160385,48.6303
TEST,6,2026-08-20 02:00:00+00:00,tt_tbsimatupang,21.0,72.0,29.923076923076923,42.53892,51.833237,32.09861,41.096813
TEST,6,2026-08-20 02:00:00+00:00,tt_thamrin,18.0,22.0,17.846153846153847,20.47107,21.021486,24.00135,21.04977
TEST,6,2026-08-20 04:00:00+00:00,tt_bekasi,15.0,18.0,17.666666666666668,17.4363,18.127275,30.425045,19.98745
TEST,6,2026-08-20 04:00:00+00:00,tt_bogor,35.0,45.0,39.25,35.684456,40.305954,34.232067,40.491615
TEST,6,2026-08-20 04:00:00+00:00,tt_bsd,34.0,34.0,32.833333333333336,32.270046,32.287395,32.01175,32.246872
TEST,6,2026-08-20 04:00:00+00:00,tt_cawang,20.0,43.0,20.25,19.081482,39.408417,28.460165,34.92165
TEST,6,2026-08-20 04:00:00+00:00,tt_depok,27.0,31.0,26.916666666666668,25.919237,29.555996,34.232067,29.900833
TEST,6,2026-08-20 04:00:00+00:00,tt_gatsu,45.0,45.0,45.0,41.995113,40.42852,29.122673,37.27866
TEST,6,2026-08-20 04:00:00+00:00,tt_grogol,25.0,40.0,31.5,32.131992,36.47715,27.942232,34.84542
TEST,6,2026-08-20 04:00:00+00:00,tt_kebonjeruk,25.0,35.0,25.166666666666668,24.90497,32.20275,28.022734,30.37589
TEST,6,2026-08-20 04:00:00+00:00,tt_kelapagading,22.0,29.0,22.5,24.638882,27.839542,23.668304,28.766312
TEST,6,2026-08-20 04:00:00+00:00,tt_kuningan,21.0,21.0,19.166666666666668,20.231493,20.293564,28.873379,20.609497
TEST,6,2026-08-20 04:00:00+00:00,tt_sudirman,26.0,39.0,31.666666666666668,28.855179,35.332714,30.05316,31.771486
TEST,6,2026-08-20 04:00:00+00:00,tt_tangerang,48.0,48.0,38.166666666666664,39.32598,42.35225,28.55484,43.95643
TEST,6,2026-08-20 04:00:00+00:00,tt_tbsimatupang,45.0,72.0,38.5,35.243347,51.80522,30.675787,39.414093
TEST,6,2026-08-20 04:00:00+00:00,tt_thamrin,13.0,22.0,19.166666666666668,18.728064,21.734812,19.225399,23.086233
TEST,6,2026-08-20 06:00:00+00:00,tt_bekasi,15.0,17.0,17.083333333333332,16.602184,17.771803,18.735027,20.271597
TEST,6,2026-08-20 06:00:00+00:00,tt_bogor,39.0,35.0,36.166666666666664,35.77386,37.77957,35.340244,37.9209
TEST,6,2026-08-20 06:00:00+00:00,tt_bsd,34.0,34.0,33.666666666666664,34.106007,32.529877,36.20538,28.761885
TEST,6,2026-08-20 06:00:00+00:00,tt_cawang,28.0,26.0,21.333333333333332,19.515867,35.415997,30.01666,30.120426
TEST,6,2026-08-20 06:00:00+00:00,tt_depok,29.0,31.0,26.25,26.007313,29.98674,35.340244,28.36869
TEST,6,2026-08-20 06:00:00+00:00,tt_gatsu,28.0,45.0,42.5,37.800022,40.804512,31.542377,35.790092
TEST,6,2026-08-20 06:00:00+00:00,tt_grogol,29.0,35.0,31.333333333333332,31.650356,35.086746,26.840841,30.681997
TEST,6,2026-08-20 06:00:00+00:00,tt_kebonjeruk,25.0,30.0,24.083333333333332,23.875574,30.857487,27.290024,27.57054
TEST,6,2026-08-20 06:00:00+00:00,tt_kelapagading,20.0,29.0,20.083333333333332,22.337582,28.417418,22.824778,28.421772
TEST,6,2026-08-20 06:00:00+00:00,tt_kuningan,16.0,21.0,19.166666666666668,18.483889,20.954302,33.966957,22.059147
TEST,6,2026-08-20 06:00:00+00:00,tt_sudirman,21.0,39.0,26.75,26.190802,35.834984,35.63166,28.377731
TEST,6,2026-08-20 06:00:00+00:00,tt_tangerang,38.0,48.0,38.583333333333336,39.94336,42.49486,33.800674,39.513447
TEST,6,2026-08-20 06:00:00+00:00,tt_tbsimatupang,27.0,72.0,48.833333333333336,37.033512,52.4241,36.15877,42.913822
TEST,6,2026-08-20 06:00:00+00:00,tt_thamrin,12.0,20.0,18.75,17.723398,20.971096,15.053339,24.653275
TEST,6,2026-08-20 07:00:00+00:00,tt_bekasi,16.0,18.0,17.75,16.913816,18.051048,19.55535,19.826431
TEST,6,2026-08-20 07:00:00+00:00,tt_bogor,36.0,35.0,36.083333333333336,34.40571,37.276894,36.124348,36.081337
TEST,6,2026-08-20 07:00:00+00:00,tt_bsd,34.0,29.0,31.75,32.76291,31.122957,37.782215,25.886433
TEST,6,2026-08-20 07:00:00+00:00,tt_cawang,21.0,14.0,28.666666666666668,24.802633,34.10258,31.418886,27.702288
TEST,6,2026-08-20 07:00:00+00:00,tt_depok,26.0,31.0,26.5,27.027985,30.129128,36.124348,25.613361
TEST,6,2026-08-20 07:00:00+00:00,tt_gatsu,20.0,37.0,34.5,35.23424,39.051125,32.6994,33.037006
TEST,6,2026-08-20 07:00:00+00:00,tt_grogol,29.0,30.0,31.666666666666668,30.709543,33.812965,27.575264,27.856699
TEST,6,2026-08-20 07:00:00+00:00,tt_kebonjeruk,22.0,26.0,22.416666666666668,24.853258,29.92605,28.18481,24.889086
TEST,6,2026-08-20 07:00:00+00:00,tt_kelapagading,20.0,29.0,21.166666666666668,21.96022,28.574867,23.979355,26.74236
TEST,6,2026-08-20 07:00:00+00:00,tt_kuningan,21.0,21.0,18.666666666666668,18.008738,21.068073,35.16996,21.982944
TEST,6,2026-08-20 07:00:00+00:00,tt_sudirman,20.0,27.0,24.583333333333332,22.772469,33.49605,34.46414,25.089241
TEST,6,2026-08-20 07:00:00+00:00,tt_tangerang,37.0,36.0,43.666666666666664,40.45342,40.131752,34.08771,37.98881
TEST,6,2026-08-20 07:00:00+00:00,tt_tbsimatupang,49.0,18.0,56.416666666666664,45.05087,47.63346,36.622234,46.106033
TEST,6,2026-08-20 07:00:00+00:00,tt_thamrin,12.0,18.0,17.0,17.539215,20.412199,17.488274,24.115849
TEST,6,2026-08-20 09:00:00+00:00,tt_bekasi,14.0,18.0,15.692307692307692,16.656124,18.147564,13.425226,20.08241
TEST,6,2026-08-20 09:00:00+00:00,tt_bogor,34.0,40.0,33.84615384615385,34.86668,38.381256,32.39726,39.226387
TEST,6,2026-08-20 09:00:00+00:00,tt_bsd,28.0,34.0,32.69230769230769,30.76853,32.56023,36.710266,31.482761
TEST,6,2026-08-20 09:00:00+00:00,tt_cawang,30.0,18.0,30.923076923076923,30.136833,34.068966,30.013615,31.017897
TEST,6,2026-08-20 09:00:00+00:00,tt_depok,26.0,31.0,23.846153846153847,24.935808,30.217735,32.39726,26.660942
TEST,6,2026-08-20 09:00:00+00:00,tt_gatsu,32.0,45.0,36.0,33.161255,40.76283,29.349596,40.28439
TEST,6,2026-08-20 09:00:00+00:00,tt_grogol,31.0,30.0,32.15384615384615,32.284004,33.06266,30.436861,34.97094
TEST,6,2026-08-20 09:00:00+00:00,tt_kebonjeruk,21.0,26.0,22.692307692307693,23.194664,29.590229,31.417984,27.040058
TEST,6,2026-08-20 09:00:00+00:00,tt_kelapagading,21.0,25.0,21.692307692307693,22.006565,27.13541,26.395,26.241959
TEST,6,2026-08-20 09:00:00+00:00,tt_kuningan,13.0,21.0,18.46153846153846,16.760777,20.93667,30.346617,22.332691
TEST,6,2026-08-20 09:00:00+00:00,tt_sudirman,23.0,25.0,24.0,23.166006,32.320793,27.722866,28.851873
TEST,6,2026-08-20 09:00:00+00:00,tt_tangerang,34.0,48.0,40.53846153846154,39.36758,42.63988,40.1995,45.04886
TEST,6,2026-08-20 09:00:00+00:00,tt_tbsimatupang,47.0,21.0,40.46153846153846,47.89382,49.59835,33.453876,50.529022
TEST,6,2026-08-20 09:00:00+00:00,tt_thamrin,18.0,18.0,17.615384615384617,17.015125,19.96003,15.953075,24.122662
TEST,6,2026-08-20 11:00:00+00:00,tt_bekasi,18.0,15.0,14.692307692307692,16.400673,17.040176,18.273186,18.672977
TEST,6,2026-08-20 11:00:00+00:00,tt_bogor,35.0,35.0,33.07692307692308,37.317444,36.25959,32.481213,39.072594
TEST,6,2026-08-20 11:00:00+00:00,tt_bsd,34.0,34.0,32.07692307692308,31.846014,32.590523,38.534584,31.363169
TEST,6,2026-08-20 11:00:00+00:00,tt_cawang,33.0,20.0,29.23076923076923,37.781723,32.341236,28.563644,31.993479
TEST,6,2026-08-20 11:00:00+00:00,tt_depok,26.0,27.0,24.846153846153847,25.574781,28.7356,32.481213,26.862314
TEST,6,2026-08-20 11:00:00+00:00,tt_gatsu,7.0,45.0,16.615384615384617,32.035847,40.789562,28.102034,41.019073
TEST,6,2026-08-20 11:00:00+00:00,tt_grogol,29.0,25.0,32.69230769230769,34.78241,31.038475,30.667076,34.33815
TEST,6,2026-08-20 11:00:00+00:00,tt_kebonjeruk,18.0,25.0,21.923076923076923,24.013994,28.63265,31.514145,27.63472
TEST,6,2026-08-20 11:00:00+00:00,tt_kelapagading,21.0,22.0,20.076923076923077,21.252758,25.799934,26.00579,25.996328
TEST,6,2026-08-20 11:00:00+00:00,tt_kuningan,16.0,21.0,15.153846153846152,16.306152,20.93667,28.550932,21.28828
TEST,6,2026-08-20 11:00:00+00:00,tt_sudirman,12.0,26.0,18.53846153846154,26.277792,31.920818,29.420973,29.758835
TEST,6,2026-08-20 11:00:00+00:00,tt_tangerang,35.0,48.0,38.0,40.37087,42.531414,40.638077,44.629036
TEST,6,2026-08-20 11:00:00+00:00,tt_tbsimatupang,24.0,45.0,39.92307692307692,55.397266,51.475792,35.657303,54.91635
TEST,6,2026-08-20 11:00:00+00:00,tt_thamrin,10.0,13.0,13.0,15.058911,17.897732,20.113392,22.382936
TEST,6,2026-08-20 12:00:00+00:00,tt_bekasi,14.0,15.0,14.857142857142858,16.32229,16.903584,20.715555,17.997044
TEST,6,2026-08-20 12:00:00+00:00,tt_bogor,37.0,39.0,34.0,36.72565,36.735947,33.05304,40.668816
TEST,6,2026-08-20 12:00:00+00:00,tt_bsd,34.0,34.0,32.642857142857146,32.04095,32.53018,37.670387,31.847565
TEST,6,2026-08-20 12:00:00+00:00,tt_cawang,43.0,28.0,34.142857142857146,39.258415,32.946453,28.807219,32.551773
TEST,6,2026-08-20 12:00:00+00:00,tt_depok,24.0,29.0,23.857142857142858,25.94534,29.222887,33.05304,26.426804
TEST,6,2026-08-20 12:00:00+00:00,tt_gatsu,10.0,28.0,24.785714285714285,34.184135,37.72576,28.64203,40.06249
TEST,6,2026-08-20 12:00:00+00:00,tt_grogol,32.0,29.0,33.07142857142857,37.277275,31.571917,31.947283,34.49913
TEST,6,2026-08-20 12:00:00+00:00,tt_kebonjeruk,23.0,25.0,23.571428571428573,26.440163,28.147327,32.67363,27.165033
TEST,6,2026-08-20 12:00:00+00:00,tt_kelapagading,21.0,20.0,20.714285714285715,22.215067,24.993843,26.093523,25.183033
TEST,6,2026-08-20 12:00:00+00:00,tt_kuningan,13.0,16.0,13.785714285714286,17.359762,19.65306,29.01381,19.670471
TEST,6,2026-08-20 12:00:00+00:00,tt_sudirman,22.0,21.0,23.714285714285715,26.485638,30.335302,29.846807,29.502726
TEST,6,2026-08-20 12:00:00+00:00,tt_tangerang,48.0,38.0,43.57142857142857,42.27597,40.46644,40.136787,44.456154
TEST,6,2026-08-20 12:00:00+00:00,tt_tbsimatupang,40.0,27.0,58.92857142857143,60.650414,48.243008,36.671986,58.96488
TEST,6,2026-08-20 12:00:00+00:00,tt_thamrin,9.0,12.0,12.785714285714286,16.128956,17.189457,21.993645,20.998516
TEST,6,2026-08-20 14:00:00+00:00,tt_bekasi,18.0,16.0,17.23076923076923,17.268192,17.031311,25.310116,17.503214
TEST,6,2026-08-20 14:00:00+00:00,tt_bogor,38.0,36.0,39.30769230769231,39.748726,35.37535,35.7604,42.043133
TEST,6,2026-08-20 14:00:00+00:00,tt_bsd,27.0,34.0,33.23076923076923,33.754234,32.45782,38.029697,32.128098
TEST,6,2026-08-20 14:00:00+00:00,tt_cawang,32.0,21.0,39.53846153846154,43.840298,27.649754,29.97088,34.091152
TEST,6,2026-08-20 14:00:00+00:00,tt_depok,31.0,26.0,27.0,28.31819,28.135384,35.7604,26.486824
TEST,6,2026-08-20 14:00:00+00:00,tt_gatsu,45.0,20.0,45.0,37.045773,35.897015,29.942436,38.864845
TEST,6,2026-08-20 14:00:00+00:00,tt_grogol,40.0,29.0,38.30769230769231,40.07849,30.75426,34.48834,36.507534
TEST,6,2026-08-20 14:00:00+00:00,tt_kebonjeruk,28.0,22.0,28.692307692307693,31.242962,25.919752,35.509697,27.655739
TEST,6,2026-08-20 14:00:00+00:00,tt_kelapagading,29.0,20.0,25.615384615384617,24.950817,23.88683,26.245283,24.842766
TEST,6,2026-08-20 14:00:00+00:00,tt_kuningan,16.0,21.0,18.23076923076923,18.961758,20.875528,29.512766,19.701584
TEST,6,2026-08-20 14:00:00+00:00,tt_sudirman,39.0,20.0,31.153846153846153,31.89977,28.081528,30.054972,30.30544
TEST,6,2026-08-20 14:00:00+00:00,tt_tangerang,48.0,37.0,48.0,45.29404,39.077564,37.661167,47.066223
TEST,6,2026-08-20 14:00:00+00:00,tt_tbsimatupang,59.0,49.0,68.23076923076923,69.37865,49.426216,36.294315,64.49528
TEST,6,2026-08-20 14:00:00+00:00,tt_thamrin,13.0,12.0,17.846153846153847,18.640968,16.099113,24.765152,19.928015
TEST,6,2026-08-20 16:00:00+00:00,tt_bekasi,15.0,14.0,18.0,17.50892,16.145721,25.9377,16.291481
TEST,6,2026-08-20 16:00:00+00:00,tt_bogor,45.0,34.0,43.44444444444444,42.36176,33.664375,43.86063,31.325819
TEST,6,2026-08-20 16:00:00+00:00,tt_bsd,34.0,28.0,34.0,34.03445,30.24022,38.337593,29.168148
TEST,6,2026-08-20 16:00:00+00:00,tt_cawang,43.0,30.0,42.22222222222222,44.252308,26.709347,31.657732,29.552258
TEST,6,2026-08-20 16:00:00+00:00,tt_depok,31.0,26.0,31.0,29.842075,27.652899,43.86063,25.55201
TEST,6,2026-08-20 16:00:00+00:00,tt_gatsu,45.0,32.0,45.0,40.83568,37.958725,31.77499,38.548546
TEST,6,2026-08-20 16:00:00+00:00,tt_grogol,40.0,31.0,40.0,40.34758,30.130777,36.244095,34.204597
TEST,6,2026-08-20 16:00:00+00:00,tt_kebonjeruk,35.0,21.0,34.333333333333336,34.263264,23.856686,37.839245,25.832466
TEST,6,2026-08-20 16:00:00+00:00,tt_kelapagading,29.0,21.0,28.555555555555557,27.118353,22.989204,26.960842,23.733612
TEST,6,2026-08-20 16:00:00+00:00,tt_kuningan,21.0,13.0,20.11111111111111,19.942137,18.249802,32.29099,17.35497
TEST,6,2026-08-20 16:00:00+00:00,tt_sudirman,39.0,23.0,37.22222222222222,35.97644,26.665876,25.71831,28.7017
TEST,6,2026-08-20 16:00:00+00:00,tt_tangerang,48.0,34.0,48.0,47.45237,37.43272,35.675304,47.50719
TEST,6,2026-08-20 16:00:00+00:00,tt_tbsimatupang,72.0,47.0,72.0,72.77099,46.648193,42.17572,67.54774
TEST,6,2026-08-20 16:00:00+00:00,tt_thamrin,22.0,18.0,20.0,20.411463,17.460415,26.19635,18.458332
TEST,6,2026-08-20 17:00:00+00:00,tt_bekasi,18.0,18.0,18.0,16.891151,17.12846,25.293196,16.343987
TEST,6,2026-08-20 17:00:00+00:00,tt_bogor,45.0,35.0,44.27272727272727,41.25248,33.799267,46.463554,31.913425
TEST,6,2026-08-20 17:00:00+00:00,tt_bsd,34.0,34.0,33.63636363636363,34.344498,32.03871,36.12651,31.849846
TEST,6,2026-08-20 17:00:00+00:00,tt_cawang,43.0,33.0,43.0,43.710114,28.346542,30.44819,29.14451
TEST,6,2026-08-20 17:00:00+00:00,tt_depok,31.0,26.0,31.0,30.312391,27.389034,46.463554,24.080788
TEST,6,2026-08-20 17:00:00+00:00,tt_gatsu,45.0,7.0,45.0,42.70734,35.095387,31.053858,37.72257
TEST,6,2026-08-20 17:00:00+00:00,tt_grogol,40.0,29.0,39.45454545454545,40.7745,29.219341,34.743565,33.81043
TEST,6,2026-08-20 17:00:00+00:00,tt_kebonjeruk,35.0,18.0,35.0,35.269028,22.548393,36.75506,24.530361
TEST,6,2026-08-20 17:00:00+00:00,tt_kelapagading,29.0,21.0,29.0,28.76676,22.364231,26.738512,22.003975
TEST,6,2026-08-20 17:00:00+00:00,tt_kuningan,21.0,16.0,21.0,19.982107,18.582924,32.6201,16.804852
TEST,6,2026-08-20 17:00:00+00:00,tt_sudirman,39.0,12.0,38.0,35.62508,23.064545,25.70819,27.340986
TEST,6,2026-08-20 17:00:00+00:00,tt_tangerang,48.0,35.0,48.0,49.832726,36.94672,38.346596,47.761597
TEST,6,2026-08-20 17:00:00+00:00,tt_tbsimatupang,72.0,24.0,72.0,75.024895,42.321915,45.900692,68.86523
TEST,6,2026-08-20 17:00:00+00:00,tt_thamrin,22.0,10.0,22.0,21.000116,15.467342,26.158625,16.917915
TEST,6,2026-08-20 19:00:00+00:00,tt_bekasi,18.0,14.0,18.0,17.977081,15.882919,26.342522,15.26062
TEST,6,2026-08-20 19:00:00+00:00,tt_bogor,45.0,37.0,44.72727272727273,44.201817,34.57131,38.066273,34.143093
TEST,6,2026-08-20 19:00:00+00:00,tt_bsd,34.0,34.0,34.0,33.744247,32.74713,40.689808,31.380068
TEST,6,2026-08-20 19:00:00+00:00,tt_cawang,43.0,43.0,43.0,42.913715,35.54079,26.568623,29.792274
TEST,6,2026-08-20 19:00:00+00:00,tt_depok,31.0,24.0,31.0,30.49916,26.0056,38.066273,23.629528
TEST,6,2026-08-20 19:00:00+00:00,tt_gatsu,45.0,10.0,45.0,45.559868,33.5756,26.819427,26.725637
TEST,6,2026-08-20 19:00:00+00:00,tt_grogol,40.0,32.0,40.0,41.123158,30.074318,25.288761,31.644165
TEST,6,2026-08-20 19:00:00+00:00,tt_kebonjeruk,35.0,23.0,35.0,36.401573,23.237616,23.90799,24.375666
TEST,6,2026-08-20 19:00:00+00:00,tt_kelapagading,29.0,21.0,29.0,30.175762,21.212067,27.29603,21.536419
TEST,6,2026-08-20 19:00:00+00:00,tt_kuningan,21.0,13.0,21.0,20.51005,17.145535,26.998047,15.788854
TEST,6,2026-08-20 19:00:00+00:00,tt_sudirman,39.0,22.0,38.0,38.246223,22.96282,27.241455,25.89267
TEST,6,2026-08-20 19:00:00+00:00,tt_tangerang,48.0,48.0,48.0,51.114273,41.88767,42.83829,43.09412
TEST,6,2026-08-20 19:00:00+00:00,tt_tbsimatupang,72.0,40.0,72.0,76.31692,40.90535,33.12654,52.349438
TEST,6,2026-08-20 19:00:00+00:00,tt_thamrin,22.0,9.0,22.0,23.527586,14.142599,27.032738,16.241657
TEST,6,2026-08-20 21:00:00+00:00,tt_bekasi,18.0,18.0,18.0,19.679417,17.281944,27.131737,16.859707
TEST,6,2026-08-20 21:00:00+00:00,tt_bogor,45.0,38.0,45.0,44.842785,34.7346,37.981804,32.18669
TEST,6,2026-08-20 21:00:00+00:00,tt_bsd,34.0,27.0,34.0,32.99685,29.951376,43.96312,28.405512
TEST,6,2026-08-20 21:00:00+00:00,tt_cawang,43.0,32.0,43.0,41.621017,32.778004,33.493965,32.070656
TEST,6,2026-08-20 21:00:00+00:00,tt_depok,31.0,31.0,31.0,31.444944,28.807276,37.981804,26.517483
TEST,6,2026-08-20 21:00:00+00:00,tt_gatsu,45.0,45.0,45.0,44.935055,44.852375,32.98682,48.72601
TEST,6,2026-08-20 21:00:00+00:00,tt_grogol,40.0,40.0,40.0,39.75926,34.39933,32.791,36.489677
TEST,6,2026-08-20 21:00:00+00:00,tt_kebonjeruk,35.0,28.0,35.0,35.58715,25.420189,28.60992,27.436977
TEST,6,2026-08-20 21:00:00+00:00,tt_kelapagading,29.0,29.0,29.0,30.29824,25.339693,27.447771,23.720877
TEST,6,2026-08-20 21:00:00+00:00,tt_kuningan,21.0,16.0,21.0,22.048803,17.294432,32.152454,16.808178
TEST,6,2026-08-20 21:00:00+00:00,tt_sudirman,39.0,39.0,38.0,39.0413,33.104797,27.985846,30.64218
TEST,6,2026-08-20 21:00:00+00:00,tt_tangerang,48.0,48.0,48.0,47.57871,41.855827,44.867226,46.89808
TEST,6,2026-08-20 21:00:00+00:00,tt_tbsimatupang,72.0,59.0,72.0,69.865166,47.97082,42.724865,59.774963
TEST,6,2026-08-20 21:00:00+00:00,tt_thamrin,22.0,13.0,21.8,24.788038,15.162895,27.696726,17.61797
TEST,6,2026-08-20 22:00:00+00:00,tt_bekasi,18.0,15.0,18.0,18.616575,16.584381,26.75069,16.640463
TEST,6,2026-08-20 22:00:00+00:00,tt_bogor,45.0,45.0,45.0,44.80985,37.313343,41.47503,39.34673
TEST,6,2026-08-20 22:00:00+00:00,tt_bsd,34.0,34.0,33.6,32.683372,31.947105,43.876915,36.26334
TEST,6,2026-08-20 22:00:00+00:00,tt_cawang,43.0,43.0,40.9,38.268597,36.2024,36.336533,38.051407
TEST,6,2026-08-20 22:00:00+00:00,tt_depok,31.0,31.0,31.0,31.843542,28.968966,41.47503,30.851538
TEST,6,2026-08-20 22:00:00+00:00,tt_gatsu,45.0,45.0,45.0,45.999737,43.77353,35.442566,48.571903
TEST,6,2026-08-20 22:00:00+00:00,tt_grogol,40.0,40.0,40.0,38.951435,35.045887,35.765404,38.235664
TEST,6,2026-08-20 22:00:00+00:00,tt_kebonjeruk,35.0,35.0,35.0,34.23626,28.509216,34.25319,32.185844
TEST,6,2026-08-20 22:00:00+00:00,tt_kelapagading,29.0,29.0,29.0,29.986149,25.838799,27.466719,26.720451
TEST,6,2026-08-20 22:00:00+00:00,tt_kuningan,21.0,21.0,21.0,22.370922,18.645771,37.351257,18.44814
TEST,6,2026-08-20 22:00:00+00:00,tt_sudirman,39.0,39.0,38.0,38.032112,33.942398,32.86596,34.5571
TEST,6,2026-08-20 22:00:00+00:00,tt_tangerang,48.0,48.0,48.0,47.655636,41.677505,45.096638,46.848473
TEST,6,2026-08-20 22:00:00+00:00,tt_tbsimatupang,72.0,72.0,72.0,65.0652,51.4264,45.984093,61.69085
TEST,6,2026-08-20 22:00:00+00:00,tt_thamrin,22.0,22.0,22.0,22.54052,18.230425,28.369183,19.338158
TEST,6,2026-08-21 00:00:00+00:00,tt_bekasi,18.0,18.0,18.0,17.563267,17.46267,25.865044,17.499752
TEST,6,2026-08-21 00:00:00+00:00,tt_bogor,35.0,45.0,36.2,41.19696,38.797634,37.45198,36.903698
TEST,6,2026-08-21 00:00:00+00:00,tt_bsd,29.0,34.0,31.5,32.052353,32.570705,38.108772,36.57367
TEST,6,2026-08-21 00:00:00+00:00,tt_cawang,18.0,43.0,22.6,30.404146,38.22003,32.87808,35.947327
TEST,6,2026-08-21 00:00:00+00:00,tt_depok,25.0,31.0,30.2,31.183905,28.973133,37.45198,29.443373
TEST,6,2026-08-21 00:00:00+00:00,tt_gatsu,45.0,45.0,44.2,46.473747,41.472725,32.391697,41.030983
TEST,6,2026-08-21 00:00:00+00:00,tt_grogol,34.0,40.0,35.9,37.027542,35.67337,34.432644,35.811382
TEST,6,2026-08-21 00:00:00+00:00,tt_kebonjeruk,25.0,35.0,29.5,32.00487,30.37722,34.509785,30.598806
TEST,6,2026-08-21 00:00:00+00:00,tt_kelapagading,26.0,29.0,28.3,27.961843,26.531113,26.948446,26.236433
TEST,6,2026-08-21 00:00:00+00:00,tt_kuningan,21.0,21.0,21.0,21.93923,19.025826,33.179714,17.978863
TEST,6,2026-08-21 00:00:00+00:00,tt_sudirman,31.0,39.0,31.4,34.60428,34.45525,32.735245,32.312565
TEST,6,2026-08-21 00:00:00+00:00,tt_tangerang,37.0,48.0,44.3,45.663895,41.63626,39.573204,39.05129
TEST,6,2026-08-21 00:00:00+00:00,tt_tbsimatupang,32.0,72.0,42.1,53.940586,52.020298,40.376,51.764114
TEST,6,2026-08-21 00:00:00+00:00,tt_thamrin,22.0,22.0,20.3,21.076624,19.61185,26.750467,19.27747
TEST,6,2026-08-21 02:00:00+00:00,tt_bekasi,17.0,18.0,17.692307692307693,17.571333,17.778591,20.519497,17.890686
TEST,6,2026-08-21 02:00:00+00:00,tt_bogor,37.0,45.0,36.46153846153846,37.428993,39.35165,33.31313,34.965557
TEST,6,2026-08-21 02:00:00+00:00,tt_bsd,28.0,34.0,32.30769230769231,31.484226,32.240795,33.3126,35.141266
TEST,6,2026-08-21 02:00:00+00:00,tt_cawang,19.0,43.0,21.0,23.317312,38.692272,28.783604,34.373787
TEST,6,2026-08-21 02:00:00+00:00,tt_depok,26.0,31.0,29.23076923076923,28.687435,29.341957,33.31313,28.799055
TEST,6,2026-08-21 02:00:00+00:00,tt_gatsu,45.0,45.0,40.76923076923077,44.634613,41.15062,28.677797,40.3769
TEST,6,2026-08-21 02:00:00+00:00,tt_grogol,31.0,40.0,31.076923076923077,34.71017,36.21064,30.861288,34.180466
TEST,6,2026-08-21 02:00:00+00:00,tt_kebonjeruk,26.0,35.0,25.307692307692307,28.433867,31.226133,31.860981,29.637852
TEST,6,2026-08-21 02:00:00+00:00,tt_kelapagading,29.0,29.0,26.846153846153847,26.277159,27.360023,25.788013,26.090862
TEST,6,2026-08-21 02:00:00+00:00,tt_kuningan,21.0,21.0,18.23076923076923,20.745049,19.356903,28.995575,18.235981
TEST,6,2026-08-21 02:00:00+00:00,tt_sudirman,23.0,39.0,25.384615384615383,31.424574,35.186676,31.11768,31.148972
TEST,6,2026-08-21 02:00:00+00:00,tt_tangerang,37.0,48.0,43.84615384615385,41.767136,42.007256,32.80422,37.883
TEST,6,2026-08-21 02:00:00+00:00,tt_tbsimatupang,37.0,72.0,29.923076923076923,42.423008,51.704517,34.624752,46.403915
TEST,6,2026-08-21 02:00:00+00:00,tt_thamrin,22.0,22.0,17.846153846153847,20.576498,19.809185,24.255821,19.905518
TEST,6,2026-08-21 03:00:00+00:00,tt_bekasi,15.0,18.0,17.727272727272727,17.695812,17.875822,17.77866,18.339634
TEST,6,2026-08-21 03:00:00+00:00,tt_bogor,38.0,45.0,37.90909090909091,36.26006,39.62214,31.793753,34.39318
TEST,6,2026-08-21 03:00:00+00:00,tt_bsd,34.0,34.0,32.0,31.811453,32.27911,31.71886,34.60711
TEST,6,2026-08-21 03:00:00+00:00,tt_cawang,21.0,43.0,21.818181818181817,20.722706,38.868965,28.281906,33.965565
TEST,6,2026-08-21 03:00:00+00:00,tt_depok,31.0,31.0,26.545454545454547,27.318502,29.567604,31.793753,28.839237
TEST,6,2026-08-21 03:00:00+00:00,tt_gatsu,45.0,45.0,43.90909090909091,43.27749,41.07509,28.174017,40.04539
TEST,6,2026-08-21 03:00:00+00:00,tt_grogol,27.0,40.0,31.272727272727273,33.31525,36.441048,29.202827,33.689518
TEST,6,2026-08-21 03:00:00+00:00,tt_kebonjeruk,24.0,35.0,25.0,26.645124,31.667725,30.287006,29.671474
TEST,6,2026-08-21 03:00:00+00:00,tt_kelapagading,23.0,29.0,24.636363636363637,25.616846,27.76712,25.248646,26.47884
TEST,6,2026-08-21 03:00:00+00:00,tt_kuningan,16.0,21.0,18.545454545454547,20.254522,19.691954,28.408382,18.813187
TEST,6,2026-08-21 03:00:00+00:00,tt_sudirman,28.0,39.0,32.27272727272727,29.92493,35.579437,30.17132,31.018747
TEST,6,2026-08-21 03:00:00+00:00,tt_tangerang,48.0,48.0,39.54545454545455,40.043007,42.211296,29.823917,37.50084
TEST,6,2026-08-21 03:00:00+00:00,tt_tbsimatupang,48.0,72.0,37.45454545454545,37.566597,51.57545,32.24287,44.395164
TEST,6,2026-08-21 03:00:00+00:00,tt_thamrin,16.0,22.0,18.90909090909091,20.167244,20.182732,22.40797,20.50365
TEST,6,2026-08-21 05:00:00+00:00,tt_bekasi,16.0,18.0,18.0,16.638573,18.088707,14.045174,19.51007
TEST,6,2026-08-21 05:00:00+00:00,tt_bogor,45.0,45.0,39.6,35.653923,40.108025,32.903194,34.05409
TEST,6,2026-08-21 05:00:00+00:00,tt_bsd,34.0,34.0,32.4,32.626766,32.313156,33.896706,33.979927
TEST,6,2026-08-21 05:00:00+00:00,tt_cawang,43.0,43.0,23.3,17.466988,39.218903,28.574171,33.425655
TEST,6,2026-08-21 05:00:00+00:00,tt_depok,31.0,31.0,28.2,25.328255,29.97657,32.903194,30.114687
TEST,6,2026-08-21 05:00:00+00:00,tt_gatsu,45.0,45.0,45.0,41.147034,41.21112,28.197998,41.989735
TEST,6,2026-08-21 05:00:00+00:00,tt_grogol,32.0,40.0,32.0,31.097631,36.85947,28.884203,32.59588
TEST,6,2026-08-21 05:00:00+00:00,tt_kebonjeruk,27.0,35.0,25.2,23.277609,32.42593,29.383297,30.765224
TEST,6,2026-08-21 05:00:00+00:00,tt_kelapagading,23.0,29.0,21.4,23.432632,28.412695,23.460917,28.306404
TEST,6,2026-08-21 05:00:00+00:00,tt_kuningan,21.0,21.0,18.2,19.843328,20.419659,28.818834,20.533955
TEST,6,2026-08-21 05:00:00+00:00,tt_sudirman,34.0,39.0,28.4,27.671219,36.113716,27.65541,31.844337
TEST,6,2026-08-21 05:00:00+00:00,tt_tangerang,48.0,48.0,39.6,39.29968,42.60702,31.621569,35.993702
TEST,6,2026-08-21 05:00:00+00:00,tt_tbsimatupang,72.0,72.0,45.0,33.859104,51.399567,30.32544,38.15345
TEST,6,2026-08-21 05:00:00+00:00,tt_thamrin,21.0,22.0,18.9,17.421818,21.325209,16.860256,22.644386
TEST,6,2026-08-21 07:00:00+00:00,tt_bekasi,14.0,18.0,17.75,15.420789,18.137852,17.547916,19.801407
TEST,6,2026-08-21 07:00:00+00:00,tt_bogor,35.0,35.0,36.083333333333336,34.5662,37.504894,35.595898,31.864838
TEST,6,2026-08-21 07:00:00+00:00,tt_bsd,34.0,29.0,31.75,32.778206,30.350332,34.50604,29.580877
TEST,6,2026-08-21 07:00:00+00:00,tt_cawang,28.0,18.0,28.666666666666668,24.093376,34.965065,30.764412,29.04226
TEST,6,2026-08-21 07:00:00+00:00,tt_depok,25.0,25.0,26.5,25.921133,28.153643,35.595898,26.96394
TEST,6,2026-08-21 07:00:00+00:00,tt_gatsu,36.0,45.0,34.5,35.749733,40.804512,30.051876,34.390903
TEST,6,2026-08-21 07:00:00+00:00,tt_grogol,28.0,34.0,31.666666666666668,30.553806,35.20918,28.17395,30.278927
TEST,6,2026-08-21 07:00:00+00:00,tt_kebonjeruk,21.0,25.0,22.416666666666668,22.83068,29.78434,27.535282,26.942038
TEST,6,2026-08-21 07:00:00+00:00,tt_kelapagading,20.0,26.0,21.166666666666668,21.386196,27.47528,23.954945,26.439568
TEST,6,2026-08-21 07:00:00+00:00,tt_kuningan,21.0,21.0,18.666666666666668,16.836014,20.859468,31.176872,21.728018
TEST,6,2026-08-21 07:00:00+00:00,tt_sudirman,18.0,31.0,24.583333333333332,21.82287,33.714725,35.981888,27.199924
TEST,6,2026-08-21 07:00:00+00:00,tt_tangerang,39.0,37.0,43.666666666666664,39.88928,39.590656,31.83797,38.584766
TEST,6,2026-08-21 07:00:00+00:00,tt_tbsimatupang,52.0,32.0,56.416666666666664,43.488686,46.28504,33.67904,47.077534
TEST,6,2026-08-21 07:00:00+00:00,tt_thamrin,18.0,22.0,17.0,16.724758,21.944857,20.39716,23.80894
TEST,6,2026-08-21 08:00:00+00:00,tt_bekasi,16.0,17.0,15.923076923076923,15.560456,17.907928,15.822525,19.864473
TEST,6,2026-08-21 08:00:00+00:00,tt_bogor,34.0,37.0,34.61538461538461,34.746574,37.625893,33.623665,33.79429
TEST,6,2026-08-21 08:00:00+00:00,tt_bsd,34.0,28.0,32.07692307692308,32.405533,30.08683,33.6553,29.380686
TEST,6,2026-08-21 08:00:00+00:00,tt_cawang,31.0,19.0,35.15384615384615,26.421595,35.310913,29.76529,29.951178
TEST,6,2026-08-21 08:00:00+00:00,tt_depok,25.0,26.0,27.384615384615383,25.228588,28.241976,33.623665,26.991798
TEST,6,2026-08-21 08:00:00+00:00,tt_gatsu,35.0,45.0,30.46153846153846,34.478867,40.804512,29.368795,35.018913
TEST,6,2026-08-21 08:00:00+00:00,tt_grogol,29.0,31.0,31.384615384615383,31.570541,34.10974,28.545202,31.056833
TEST,6,2026-08-21 08:00:00+00:00,tt_kebonjeruk,24.0,26.0,21.923076923076923,22.844357,29.958273,28.125654,27.239182
TEST,6,2026-08-21 08:00:00+00:00,tt_kelapagading,21.0,29.0,20.923076923076923,21.009949,28.325563,25.9085,26.329597
TEST,6,2026-08-21 08:00:00+00:00,tt_kuningan,17.0,21.0,19.53846153846154,16.344244,20.966185,30.763285,22.397652
TEST,6,2026-08-21 08:00:00+00:00,tt_sudirman,24.0,23.0,22.846153846153847,21.980032,32.012745,31.547451,28.180174
TEST,6,2026-08-21 08:00:00+00:00,tt_tangerang,40.0,37.0,37.61538461538461,39.22654,39.15586,31.894096,38.565643
TEST,6,2026-08-21 08:00:00+00:00,tt_tbsimatupang,38.0,37.0,43.0,45.077965,47.178932,32.58203,46.782444
TEST,6,2026-08-21 08:00:00+00:00,tt_thamrin,10.0,22.0,15.461538461538462,16.38499,22.074432,19.434574,24.419098
TEST,6,2026-08-21 10:00:00+00:00,tt_bekasi,15.0,15.0,15.3,15.890794,17.093678,14.551302,19.159264
TEST,6,2026-08-21 10:00:00+00:00,tt_bogor,32.0,38.0,31.5,36.707405,37.591858,34.97596,39.560246
TEST,6,2026-08-21 10:00:00+00:00,tt_bsd,34.0,34.0,32.0,32.222145,32.600273,37.21589,33.40238
TEST,6,2026-08-21 10:00:00+00:00,tt_cawang,22.0,21.0,29.9,34.074673,34.943085,29.975187,33.44913
TEST,6,2026-08-21 10:00:00+00:00,tt_depok,24.0,31.0,23.6,25.183254,30.304716,34.97596,27.940855
TEST,6,2026-08-21 10:00:00+00:00,tt_gatsu,34.0,45.0,23.1,32.624905,40.804512,29.866337,38.19393
TEST,6,2026-08-21 10:00:00+00:00,tt_grogol,32.0,27.0,32.1,34.153095,32.27503,30.583204,35.989426
TEST,6,2026-08-21 10:00:00+00:00,tt_kebonjeruk,20.0,24.0,21.4,23.08758,29.074045,30.858414,28.621813
TEST,6,2026-08-21 10:00:00+00:00,tt_kelapagading,19.0,23.0,20.9,20.409866,26.295454,26.146763,25.909517
TEST,6,2026-08-21 10:00:00+00:00,tt_kuningan,13.0,16.0,15.3,16.15652,19.172203,31.176388,20.966278
TEST,6,2026-08-21 10:00:00+00:00,tt_sudirman,22.0,28.0,19.4,25.215408,32.353703,29.032843,31.26417
TEST,6,2026-08-21 10:00:00+00:00,tt_tangerang,29.0,48.0,36.3,40.445847,42.556522,38.276802,45.764565
TEST,6,2026-08-21 10:00:00+00:00,tt_tbsimatupang,27.0,48.0,34.0,51.64912,48.93075,36.056404,56.48809
TEST,6,2026-08-21 10:00:00+00:00,tt_thamrin,19.0,16.0,15.5,15.178058,19.85318,17.16674,23.19342
TEST,6,2026-08-21 12:00:00+00:00,tt_bekasi,13.0,16.0,14.857142857142858,16.627645,17.205227,21.371635,19.683584
TEST,6,2026-08-21 12:00:00+00:00,tt_bogor,32.0,45.0,34.0,40.474335,39.967464,38.241543,45.967667
TEST,6,2026-08-21 12:00:00+00:00,tt_bsd,34.0,34.0,32.642857142857146,31.554588,32.46852,37.71635,35.686924
TEST,6,2026-08-21 12:00:00+00:00,tt_cawang,34.0,43.0,34.142857142857146,37.292694,42.10435,39.308495,42.07776
TEST,6,2026-08-21 12:00:00+00:00,tt_depok,26.0,31.0,23.857142857142858,25.724571,30.028225,38.241543,32.3314
TEST,6,2026-08-21 12:00:00+00:00,tt_gatsu,15.0,45.0,24.785714285714285,34.647953,40.804512,40.051292,40.518555
TEST,6,2026-08-21 12:00:00+00:00,tt_grogol,32.0,32.0,33.07142857142857,37.36869,33.360695,38.025917,41.20757
TEST,6,2026-08-21 12:00:00+00:00,tt_kebonjeruk,19.0,27.0,23.571428571428573,25.442474,29.17296,38.738686,34.12865
TEST,6,2026-08-21 12:00:00+00:00,tt_kelapagading,18.0,23.0,20.714285714285715,22.206186,25.673733,26.325098,28.741175
TEST,6,2026-08-21 12:00:00+00:00,tt_kuningan,13.0,21.0,13.785714285714286,18.724554,20.748402,40.623444,22.330065
TEST,6,2026-08-21 12:00:00+00:00,tt_sudirman,18.0,34.0,23.714285714285715,30.81298,34.029594,31.972073,37.99041
TEST,6,2026-08-21 12:00:00+00:00,tt_tangerang,32.0,48.0,43.57142857142857,41.392258,42.46975,42.665382,49.044384
TEST,6,2026-08-21 12:00:00+00:00,tt_tbsimatupang,27.0,72.0,58.92857142857143,54.371284,54.327988,40.626057,66.548325
TEST,6,2026-08-21 12:00:00+00:00,tt_thamrin,9.0,21.0,12.785714285714286,17.040901,21.2767,21.768805,24.22839
TEST,6,2026-08-21 13:00:00+00:00,tt_bekasi,18.0,14.0,17.2,16.037327,16.581863,21.775015,17.91618
TEST,6,2026-08-21 13:00:00+00:00,tt_bogor,45.0,35.0,40.9,39.0791,37.73396,36.36227,44.92532
TEST,6,2026-08-21 13:00:00+00:00,tt_bsd,34.0,34.0,31.6,32.856148,32.33018,35.767487,33.932354
TEST,6,2026-08-21 13:00:00+00:00,tt_cawang,32.0,28.0,40.6,37.6525,38.344162,41.684944,40.55896
TEST,6,2026-08-21 13:00:00+00:00,tt_depok,25.0,25.0,25.0,26.54619,28.283047,36.36227,29.545212
TEST,6,2026-08-21 13:00:00+00:00,tt_gatsu,45.0,36.0,43.3,38.170998,38.893227,42.036484,38.444275
TEST,6,2026-08-21 13:00:00+00:00,tt_grogol,40.0,28.0,37.9,39.488483,31.895016,40.745678,39.80294
TEST,6,2026-08-21 13:00:00+00:00,tt_kebonjeruk,25.0,21.0,25.3,29.187569,27.166433,41.403515,31.42911
TEST,6,2026-08-21 13:00:00+00:00,tt_kelapagading,21.0,20.0,24.2,22.962181,24.55179,25.098637,26.704197
TEST,6,2026-08-21 13:00:00+00:00,tt_kuningan,21.0,21.0,16.2,18.197447,20.72184,42.196075,20.820404
TEST,6,2026-08-21 13:00:00+00:00,tt_sudirman,31.0,18.0,30.6,31.042725,30.669926,32.327076,35.759003
TEST,6,2026-08-21 13:00:00+00:00,tt_tangerang,48.0,39.0,46.2,44.703873,40.402367,42.87979,48.643803
TEST,6,2026-08-21 13:00:00+00:00,tt_tbsimatupang,72.0,52.0,67.6,62.4768,50.682323,39.1819,67.7498
TEST,6,2026-08-21 13:00:00+00:00,tt_thamrin,16.0,18.0,15.7,17.15943,20.330677,21.570763,22.297153
