horizon,target_time,corridor,y_true,fixed_stgnn_pred
1,2026-08-18 02:00:00+00:00,tt_bekasi,15.999999,16.946743
1,2026-08-18 02:00:00+00:00,tt_bogor,36.0,33.82544
1,2026-08-18 02:00:00+00:00,tt_bsd,34.0,31.818903
1,2026-08-18 02:00:00+00:00,tt_cawang,21.0,23.443138
1,2026-08-18 02:00:00+00:00,tt_depok,31.0,25.947182
1,2026-08-18 02:00:00+00:00,tt_gatsu,33.0,41.874336
1,2026-08-18 02:00:00+00:00,tt_grogol,26.0,27.247046
1,2026-08-18 02:00:00+00:00,tt_kebonjeruk,26.0,27.304907
1,2026-08-18 02:00:00+00:00,tt_kelapagading,29.0,30.109465
1,2026-08-18 02:00:00+00:00,tt_kuningan,21.0,19.833885
1,2026-08-18 02:00:00+00:00,tt_sudirman,23.0,34.36183
1,2026-08-18 02:00:00+00:00,tt_tangerang,48.0,38.499973
1,2026-08-18 02:00:00+00:00,tt_tbsimatupang,15.999999,39.296955
1,2026-08-18 02:00:00+00:00,tt_thamrin,17.0,19.506554
1,2026-08-18 04:00:00+00:00,tt_bekasi,15.0,16.774578
1,2026-08-18 04:00:00+00:00,tt_bogor,33.0,34.84629
1,2026-08-18 04:00:00+00:00,tt_bsd,28.0,32.045452
1,2026-08-18 04:00:00+00:00,tt_cawang,22.0,22.112814
1,2026-08-18 04:00:00+00:00,tt_depok,31.0,28.590345
1,2026-08-18 04:00:00+00:00,tt_gatsu,32.0,36.94056
1,2026-08-18 04:00:00+00:00,tt_grogol,27.0,26.099167
1,2026-08-18 04:00:00+00:00,tt_kebonjeruk,25.0,25.520578
1,2026-08-18 04:00:00+00:00,tt_kelapagading,29.0,30.68869
1,2026-08-18 04:00:00+00:00,tt_kuningan,15.999999,19.512743
1,2026-08-18 04:00:00+00:00,tt_sudirman,24.0,27.086525
1,2026-08-18 04:00:00+00:00,tt_tangerang,36.0,44.695854
1,2026-08-18 04:00:00+00:00,tt_tbsimatupang,55.0,27.234913
1,2026-08-18 04:00:00+00:00,tt_thamrin,18.0,18.107708
1,2026-08-18 05:00:00+00:00,tt_bekasi,15.0,16.515
1,2026-08-18 05:00:00+00:00,tt_bogor,38.0,34.43959
1,2026-08-18 05:00:00+00:00,tt_bsd,28.0,29.687466
1,2026-08-18 05:00:00+00:00,tt_cawang,28.0,22.805464
1,2026-08-18 05:00:00+00:00,tt_depok,26.0,29.995226
1,2026-08-18 05:00:00+00:00,tt_gatsu,45.0,36.35521
1,2026-08-18 05:00:00+00:00,tt_grogol,36.0,26.414703
1,2026-08-18 05:00:00+00:00,tt_kebonjeruk,22.0,24.838268
1,2026-08-18 05:00:00+00:00,tt_kelapagading,22.0,31.129126
1,2026-08-18 05:00:00+00:00,tt_kuningan,21.0,18.39369
1,2026-08-18 05:00:00+00:00,tt_sudirman,31.0,26.604753
1,2026-08-18 05:00:00+00:00,tt_tangerang,41.0,40.38248
1,2026-08-18 05:00:00+00:00,tt_tbsimatupang,51.0,43.78794
1,2026-08-18 05:00:00+00:00,tt_thamrin,20.0,18.375975
1,2026-08-18 07:00:00+00:00,tt_bekasi,15.0,16.679085
1,2026-08-18 07:00:00+00:00,tt_bogor,34.0,37.095547
1,2026-08-18 07:00:00+00:00,tt_bsd,30.0,27.851177
1,2026-08-18 07:00:00+00:00,tt_cawang,43.0,26.967916
1,2026-08-18 07:00:00+00:00,tt_depok,31.0,26.792778
1,2026-08-18 07:00:00+00:00,tt_gatsu,45.0,44.407005
1,2026-08-18 07:00:00+00:00,tt_grogol,32.0,34.085415
1,2026-08-18 07:00:00+00:00,tt_kebonjeruk,25.0,22.993465
1,2026-08-18 07:00:00+00:00,tt_kelapagading,22.0,26.27546
1,2026-08-18 07:00:00+00:00,tt_kuningan,15.0,20.737171
1,2026-08-18 07:00:00+00:00,tt_sudirman,28.0,31.708338
1,2026-08-18 07:00:00+00:00,tt_tangerang,38.0,41.00753
1,2026-08-18 07:00:00+00:00,tt_tbsimatupang,57.0,50.913834
1,2026-08-18 07:00:00+00:00,tt_thamrin,22.0,20.138931
1,2026-08-18 09:00:00+00:00,tt_bekasi,14.0,16.918623
1,2026-08-18 09:00:00+00:00,tt_bogor,35.0,35.075428
1,2026-08-18 09:00:00+00:00,tt_bsd,28.0,29.586588
1,2026-08-18 09:00:00+00:00,tt_cawang,29.0,38.878586
1,2026-08-18 09:00:00+00:00,tt_depok,24.0,30.691309
1,2026-08-18 09:00:00+00:00,tt_gatsu,45.0,45.716778
1,2026-08-18 09:00:00+00:00,tt_grogol,32.0,32.546524
1,2026-08-18 09:00:00+00:00,tt_kebonjeruk,23.0,24.247889
1,2026-08-18 09:00:00+00:00,tt_kelapagading,23.0,25.174679
1,2026-08-18 09:00:00+00:00,tt_kuningan,21.0,17.885067
1,2026-08-18 09:00:00+00:00,tt_sudirman,31.0,29.94946
1,2026-08-18 09:00:00+00:00,tt_tangerang,38.0,39.281597
1,2026-08-18 09:00:00+00:00,tt_tbsimatupang,43.0,54.720894
1,2026-08-18 09:00:00+00:00,tt_thamrin,22.0,21.654232
1,2026-08-18 10:00:00+00:00,tt_bekasi,14.0,16.364834
1,2026-08-18 10:00:00+00:00,tt_bogor,35.0,34.474762
1,2026-08-18 10:00:00+00:00,tt_bsd,34.0,27.951077
1,2026-08-18 10:00:00+00:00,tt_cawang,30.0,34.245735
1,2026-08-18 10:00:00+00:00,tt_depok,25.0,26.931454
1,2026-08-18 10:00:00+00:00,tt_gatsu,3.999998,45.27597
1,2026-08-18 10:00:00+00:00,tt_grogol,31.0,32.249844
1,2026-08-18 10:00:00+00:00,tt_kebonjeruk,21.0,23.606903
1,2026-08-18 10:00:00+00:00,tt_kelapagading,21.0,25.233517
1,2026-08-18 10:00:00+00:00,tt_kuningan,14.0,19.414946
1,2026-08-18 10:00:00+00:00,tt_sudirman,23.0,31.035517
1,2026-08-18 10:00:00+00:00,tt_tangerang,34.0,38.899002
1,2026-08-18 10:00:00+00:00,tt_tbsimatupang,44.0,48.4973
1,2026-08-18 10:00:00+00:00,tt_thamrin,22.0,22.066948
1,2026-08-18 12:00:00+00:00,tt_bekasi,14.0,15.295097
1,2026-08-18 12:00:00+00:00,tt_bogor,35.0,34.267017
1,2026-08-18 12:00:00+00:00,tt_bsd,34.0,31.470484
1,2026-08-18 12:00:00+00:00,tt_cawang,34.0,32.44263
1,2026-08-18 12:00:00+00:00,tt_depok,26.0,24.699331
1,2026-08-18 12:00:00+00:00,tt_gatsu,45.0,23.946838
1,2026-08-18 12:00:00+00:00,tt_grogol,32.0,31.714256
1,2026-08-18 12:00:00+00:00,tt_kebonjeruk,25.0,21.844625
1,2026-08-18 12:00:00+00:00,tt_kelapagading,22.0,23.71534
1,2026-08-18 12:00:00+00:00,tt_kuningan,13.0,16.231113
1,2026-08-18 12:00:00+00:00,tt_sudirman,29.0,26.330458
1,2026-08-18 12:00:00+00:00,tt_tangerang,48.0,36.067677
1,2026-08-18 12:00:00+00:00,tt_tbsimatupang,72.0,44.145473
1,2026-08-18 12:00:00+00:00,tt_thamrin,17.0,22.355202
1,2026-08-18 14:00:00+00:00,tt_bekasi,15.999999,16.500835
1,2026-08-18 14:00:00+00:00,tt_bogor,45.0,34.682884
1,2026-08-18 14:00:00+00:00,tt_bsd,34.0,33.977135
1,2026-08-18 14:00:00+00:00,tt_cawang,32.0,35.63994
1,2026-08-18 14:00:00+00:00,tt_depok,26.0,27.002932
1,2026-08-18 14:00:00+00:00,tt_gatsu,45.0,44.643864
1,2026-08-18 14:00:00+00:00,tt_grogol,40.0,32.25141
1,2026-08-18 14:00:00+00:00,tt_kebonjeruk,31.0,24.012386
1,2026-08-18 14:00:00+00:00,tt_kelapagading,29.0,23.736435
1,2026-08-18 14:00:00+00:00,tt_kuningan,15.999999,16.26292
1,2026-08-18 14:00:00+00:00,tt_sudirman,30.0,29.97145
1,2026-08-18 14:00:00+00:00,tt_tangerang,48.0,45.052063
1,2026-08-18 14:00:00+00:00,tt_tbsimatupang,72.0,63.046906
1,2026-08-18 14:00:00+00:00,tt_thamrin,22.0,19.729225
1,2026-08-18 15:00:00+00:00,tt_bekasi,15.999999,17.32196
1,2026-08-18 15:00:00+00:00,tt_bogor,45.0,39.057274
1,2026-08-18 15:00:00+00:00,tt_bsd,34.0,34.244762
1,2026-08-18 15:00:00+00:00,tt_cawang,43.0,34.889122
1,2026-08-18 15:00:00+00:00,tt_depok,31.0,27.581532
1,2026-08-18 15:00:00+00:00,tt_gatsu,45.0,46.06066
1,2026-08-18 15:00:00+00:00,tt_grogol,40.0,36.51682
1,2026-08-18 15:00:00+00:00,tt_kebonjeruk,35.0,27.716175
1,2026-08-18 15:00:00+00:00,tt_kelapagading,29.0,27.276657
1,2026-08-18 15:00:00+00:00,tt_kuningan,21.0,17.066292
1,2026-08-18 15:00:00+00:00,tt_sudirman,39.0,30.68744
1,2026-08-18 15:00:00+00:00,tt_tangerang,48.0,46.451046
1,2026-08-18 15:00:00+00:00,tt_tbsimatupang,72.0,64.55183
1,2026-08-18 15:00:00+00:00,tt_thamrin,22.0,21.832533
1,2026-08-18 17:00:00+00:00,tt_bekasi,17.0,17.697361
1,2026-08-18 17:00:00+00:00,tt_bogor,45.0,41.58976
1,2026-08-18 17:00:00+00:00,tt_bsd,34.0,34.278816
1,2026-08-18 17:00:00+00:00,tt_cawang,43.0,41.228157
1,2026-08-18 17:00:00+00:00,tt_depok,31.0,31.237183
1,2026-08-18 17:00:00+00:00,tt_gatsu,45.0,45.90837
1,2026-08-18 17:00:00+00:00,tt_grogol,40.0,38.959854
1,2026-08-18 17:00:00+00:00,tt_kebonjeruk,35.0,32.69123
1,2026-08-18 17:00:00+00:00,tt_kelapagading,29.0,28.952917
1,2026-08-18 17:00:00+00:00,tt_kuningan,21.0,21.086626
1,2026-08-18 17:00:00+00:00,tt_sudirman,39.0,37.802887
1,2026-08-18 17:00:00+00:00,tt_tangerang,48.0,46.496704
1,2026-08-18 17:00:00+00:00,tt_tbsimatupang,72.0,64.48841
1,2026-08-18 17:00:00+00:00,tt_thamrin,22.0,22.956005
1,2026-08-18 19:00:00+00:00,tt_bekasi,17.0,18.07081
1,2026-08-18 19:00:00+00:00,tt_bogor,45.0,41.4812
1,2026-08-18 19:00:00+00:00,tt_bsd,34.0,34.065994
1,2026-08-18 19:00:00+00:00,tt_cawang,43.0,41.557198
1,2026-08-18 19:00:00+00:00,tt_depok,31.0,31.6881
1,2026-08-18 19:00:00+00:00,tt_gatsu,45.0,44.560932
1,2026-08-18 19:00:00+00:00,tt_grogol,40.0,38.66009
1,2026-08-18 19:00:00+00:00,tt_kebonjeruk,35.0,33.41399
1,2026-08-18 19:00:00+00:00,tt_kelapagading,29.0,29.047083
1,2026-08-18 19:00:00+00:00,tt_kuningan,21.0,21.638964
1,2026-08-18 19:00:00+00:00,tt_sudirman,39.0,38.47626
1,2026-08-18 19:00:00+00:00,tt_tangerang,48.0,45.933594
1,2026-08-18 19:00:00+00:00,tt_tbsimatupang,72.0,63.80008
1,2026-08-18 19:00:00+00:00,tt_thamrin,22.0,22.650024
1,2026-08-18 20:00:00+00:00,tt_bekasi,17.0,18.092087
1,2026-08-18 20:00:00+00:00,tt_bogor,45.0,41.378048
1,2026-08-18 20:00:00+00:00,tt_bsd,34.0,33.974796
1,2026-08-18 20:00:00+00:00,tt_cawang,43.0,41.233124
1,2026-08-18 20:00:00+00:00,tt_depok,31.0,31.663456
1,2026-08-18 20:00:00+00:00,tt_gatsu,45.0,44.04205
1,2026-08-18 20:00:00+00:00,tt_grogol,40.0,38.473034
1,2026-08-18 20:00:00+00:00,tt_kebonjeruk,35.0,33.41379
1,2026-08-18 20:00:00+00:00,tt_kelapagading,29.0,29.01472
1,2026-08-18 20:00:00+00:00,tt_kuningan,21.0,21.64741
1,2026-08-18 20:00:00+00:00,tt_sudirman,39.0,38.437508
1,2026-08-18 20:00:00+00:00,tt_tangerang,48.0,45.7446
1,2026-08-18 20:00:00+00:00,tt_tbsimatupang,72.0,63.615494
1,2026-08-18 20:00:00+00:00,tt_thamrin,22.0,22.417646
1,2026-08-18 22:00:00+00:00,tt_bekasi,17.0,18.061588
1,2026-08-18 22:00:00+00:00,tt_bogor,45.0,41.197933
1,2026-08-18 22:00:00+00:00,tt_bsd,34.0,33.838356
1,2026-08-18 22:00:00+00:00,tt_cawang,43.0,40.8302
1,2026-08-18 22:00:00+00:00,tt_depok,31.0,31.580395
1,2026-08-18 22:00:00+00:00,tt_gatsu,45.0,43.30916
1,2026-08-18 22:00:00+00:00,tt_grogol,40.0,38.204586
1,2026-08-18 22:00:00+00:00,tt_kebonjeruk,35.0,33.36218
1,2026-08-18 22:00:00+00:00,tt_kelapagading,29.0,28.952757
1,2026-08-18 22:00:00+00:00,tt_kuningan,21.0,21.564362
1,2026-08-18 22:00:00+00:00,tt_sudirman,39.0,38.279312
1,2026-08-18 22:00:00+00:00,tt_tangerang,48.0,45.498535
1,2026-08-18 22:00:00+00:00,tt_tbsimatupang,72.0,63.41987
1,2026-08-18 22:00:00+00:00,tt_thamrin,22.0,22.064587
1,2026-08-19 00:00:00+00:00,tt_bekasi,15.0,17.730106
1,2026-08-19 00:00:00+00:00,tt_bogor,35.0,41.092476
1,2026-08-19 00:00:00+00:00,tt_bsd,29.0,33.71263
1,2026-08-19 00:00:00+00:00,tt_cawang,20.0,40.554886
1,2026-08-19 00:00:00+00:00,tt_depok,31.0,31.517029
1,2026-08-19 00:00:00+00:00,tt_gatsu,45.0,42.967983
1,2026-08-19 00:00:00+00:00,tt_grogol,40.0,38.02653
1,2026-08-19 00:00:00+00:00,tt_kebonjeruk,27.0,33.31013
1,2026-08-19 00:00:00+00:00,tt_kelapagading,29.0,28.892612
1,2026-08-19 00:00:00+00:00,tt_kuningan,21.0,21.28585
1,2026-08-19 00:00:00+00:00,tt_sudirman,39.0,38.137398
1,2026-08-19 00:00:00+00:00,tt_tangerang,48.0,45.399075
1,2026-08-19 00:00:00+00:00,tt_tbsimatupang,39.0,63.30071
1,2026-08-19 00:00:00+00:00,tt_thamrin,19.0,21.738466
1,2026-08-19 01:00:00+00:00,tt_bekasi,15.999999,16.723156
1,2026-08-19 01:00:00+00:00,tt_bogor,37.0,36.18941
1,2026-08-19 01:00:00+00:00,tt_bsd,34.0,30.357052
1,2026-08-19 01:00:00+00:00,tt_cawang,13.0,30.33849
1,2026-08-19 01:00:00+00:00,tt_depok,27.0,29.459806
1,2026-08-19 01:00:00+00:00,tt_gatsu,13.0,41.82453
1,2026-08-19 01:00:00+00:00,tt_grogol,32.0,37.93658
1,2026-08-19 01:00:00+00:00,tt_kebonjeruk,25.0,29.303528
1,2026-08-19 01:00:00+00:00,tt_kelapagading,29.0,29.096127
1,2026-08-19 01:00:00+00:00,tt_kuningan,21.0,20.32137
1,2026-08-19 01:00:00+00:00,tt_sudirman,22.0,37.6983
1,2026-08-19 01:00:00+00:00,tt_tangerang,39.0,45.05336
1,2026-08-19 01:00:00+00:00,tt_tbsimatupang,18.0,49.52257
1,2026-08-19 01:00:00+00:00,tt_thamrin,22.0,20.420935
1,2026-08-19 03:00:00+00:00,tt_bekasi,15.999999,16.016312
1,2026-08-19 03:00:00+00:00,tt_bogor,37.0,35.05528
1,2026-08-19 03:00:00+00:00,tt_bsd,34.0,31.33593
1,2026-08-19 03:00:00+00:00,tt_cawang,20.0,19.3938
1,2026-08-19 03:00:00+00:00,tt_depok,31.0,25.749508
1,2026-08-19 03:00:00+00:00,tt_gatsu,45.0,23.528809
1,2026-08-19 03:00:00+00:00,tt_grogol,31.0,32.45839
1,2026-08-19 03:00:00+00:00,tt_kebonjeruk,23.0,24.989193
1,2026-08-19 03:00:00+00:00,tt_kelapagading,29.0,29.988588
1,2026-08-19 03:00:00+00:00,tt_kuningan,15.999999,19.175343
1,2026-08-19 03:00:00+00:00,tt_sudirman,24.0,26.85326
1,2026-08-19 03:00:00+00:00,tt_tangerang,40.0,39.457214
1,2026-08-19 03:00:00+00:00,tt_tbsimatupang,33.0,30.573135
1,2026-08-19 03:00:00+00:00,tt_thamrin,20.0,20.873718
1,2026-08-19 05:00:00+00:00,tt_bekasi,15.0,17.272331
1,2026-08-19 05:00:00+00:00,tt_bogor,32.0,36.669964
1,2026-08-19 05:00:00+00:00,tt_bsd,34.0,32.43142
1,2026-08-19 05:00:00+00:00,tt_cawang,17.0,22.124035
1,2026-08-19 05:00:00+00:00,tt_depok,31.0,28.544804
1,2026-08-19 05:00:00+00:00,tt_gatsu,45.0,41.83113
1,2026-08-19 05:00:00+00:00,tt_grogol,31.0,31.198084
1,2026-08-19 05:00:00+00:00,tt_kebonjeruk,24.0,23.171711
1,2026-08-19 05:00:00+00:00,tt_kelapagading,21.0,31.100895
1,2026-08-19 05:00:00+00:00,tt_kuningan,17.0,17.736404
1,2026-08-19 05:00:00+00:00,tt_sudirman,27.0,26.31946
1,2026-08-19 05:00:00+00:00,tt_tangerang,40.0,39.368103
1,2026-08-19 05:00:00+00:00,tt_tbsimatupang,43.0,35.95119
1,2026-08-19 05:00:00+00:00,tt_thamrin,17.0,20.14882
1,2026-08-19 06:00:00+00:00,tt_bekasi,18.0,16.837921
1,2026-08-19 06:00:00+00:00,tt_bogor,35.0,34.36638
1,2026-08-19 06:00:00+00:00,tt_bsd,34.0,32.780144
1,2026-08-19 06:00:00+00:00,tt_cawang,19.0,21.040024
1,2026-08-19 06:00:00+00:00,tt_depok,27.0,29.098932
1,2026-08-19 06:00:00+00:00,tt_gatsu,30.0,44.570286
1,2026-08-19 06:00:00+00:00,tt_grogol,27.0,31.214054
1,2026-08-19 06:00:00+00:00,tt_kebonjeruk,21.0,23.38291
1,2026-08-19 06:00:00+00:00,tt_kelapagading,21.0,27.32551
1,2026-08-19 06:00:00+00:00,tt_kuningan,21.0,18.013525
1,2026-08-19 06:00:00+00:00,tt_sudirman,18.0,27.776665
1,2026-08-19 06:00:00+00:00,tt_tangerang,38.0,39.55999
1,2026-08-19 06:00:00+00:00,tt_tbsimatupang,48.0,40.794846
1,2026-08-19 06:00:00+00:00,tt_thamrin,13.0,18.977604
1,2026-08-19 08:00:00+00:00,tt_bekasi,15.0,18.088764
1,2026-08-19 08:00:00+00:00,tt_bogor,34.0,35.215057
1,2026-08-19 08:00:00+00:00,tt_bsd,28.0,32.831863
1,2026-08-19 08:00:00+00:00,tt_cawang,32.0,20.950169
1,2026-08-19 08:00:00+00:00,tt_depok,25.0,26.825876
1,2026-08-19 08:00:00+00:00,tt_gatsu,26.0,37.150974
1,2026-08-19 08:00:00+00:00,tt_grogol,27.0,28.711021
1,2026-08-19 08:00:00+00:00,tt_kebonjeruk,18.0,21.573137
1,2026-08-19 08:00:00+00:00,tt_kelapagading,22.0,24.905842
1,2026-08-19 08:00:00+00:00,tt_kuningan,21.0,20.239197
1,2026-08-19 08:00:00+00:00,tt_sudirman,22.0,22.395334
1,2026-08-19 08:00:00+00:00,tt_tangerang,48.0,38.384205
1,2026-08-19 08:00:00+00:00,tt_tbsimatupang,32.0,46.68622
1,2026-08-19 08:00:00+00:00,tt_thamrin,8.0,16.10743
1,2026-08-19 10:00:00+00:00,tt_bekasi,13.0,17.150393
1,2026-08-19 10:00:00+00:00,tt_bogor,30.0,34.497425
1,2026-08-19 10:00:00+00:00,tt_bsd,34.0,28.032057
1,2026-08-19 10:00:00+00:00,tt_cawang,43.0,30.65617
1,2026-08-19 10:00:00+00:00,tt_depok,23.0,24.981045
1,2026-08-19 10:00:00+00:00,tt_gatsu,23.0,32.280636
1,2026-08-19 10:00:00+00:00,tt_grogol,30.0,28.306301
1,2026-08-19 10:00:00+00:00,tt_kebonjeruk,19.0,19.697252
1,2026-08-19 10:00:00+00:00,tt_kelapagading,22.0,25.260962
1,2026-08-19 10:00:00+00:00,tt_kuningan,15.999999,20.868656
1,2026-08-19 10:00:00+00:00,tt_sudirman,19.0,23.98358
1,2026-08-19 10:00:00+00:00,tt_tangerang,28.0,45.073708
1,2026-08-19 10:00:00+00:00,tt_tbsimatupang,34.0,37.64573
1,2026-08-19 10:00:00+00:00,tt_thamrin,17.0,13.408827
1,2026-08-19 11:00:00+00:00,tt_bekasi,18.0,16.468807
1,2026-08-19 11:00:00+00:00,tt_bogor,33.0,32.24088
1,2026-08-19 11:00:00+00:00,tt_bsd,27.0,30.456617
1,2026-08-19 11:00:00+00:00,tt_cawang,43.0,37.09768
1,2026-08-19 11:00:00+00:00,tt_depok,25.0,23.988737
1,2026-08-19 11:00:00+00:00,tt_gatsu,35.0,29.982374
1,2026-08-19 11:00:00+00:00,tt_grogol,32.0,30.01203
1,2026-08-19 11:00:00+00:00,tt_kebonjeruk,21.0,19.722769
1,2026-08-19 11:00:00+00:00,tt_kelapagading,20.0,25.289291
1,2026-08-19 11:00:00+00:00,tt_kuningan,15.999999,19.424099
1,2026-08-19 11:00:00+00:00,tt_sudirman,15.999999,22.774487
1,2026-08-19 11:00:00+00:00,tt_tangerang,26.0,37.478516
1,2026-08-19 11:00:00+00:00,tt_tbsimatupang,44.0,36.98884
1,2026-08-19 11:00:00+00:00,tt_thamrin,10.0,16.480967
1,2026-08-19 13:00:00+00:00,tt_bekasi,18.0,19.035765
1,2026-08-19 13:00:00+00:00,tt_bogor,45.0,33.08849
1,2026-08-19 13:00:00+00:00,tt_bsd,34.0,27.461882
1,2026-08-19 13:00:00+00:00,tt_cawang,43.0,42.277702
1,2026-08-19 13:00:00+00:00,tt_depok,25.0,24.58335
1,2026-08-19 13:00:00+00:00,tt_gatsu,45.0,36.7166
1,2026-08-19 13:00:00+00:00,tt_grogol,31.0,33.417694
1,2026-08-19 13:00:00+00:00,tt_kebonjeruk,27.0,20.891472
1,2026-08-19 13:00:00+00:00,tt_kelapagading,23.0,23.48928
1,2026-08-19 13:00:00+00:00,tt_kuningan,13.0,18.716572
1,2026-08-19 13:00:00+00:00,tt_sudirman,30.0,19.729174
1,2026-08-19 13:00:00+00:00,tt_tangerang,48.0,30.74035
1,2026-08-19 13:00:00+00:00,tt_tbsimatupang,72.0,42.978504
1,2026-08-19 13:00:00+00:00,tt_thamrin,20.0,14.641575
1,2026-08-19 15:00:00+00:00,tt_bekasi,15.999999,19.260674
1,2026-08-19 15:00:00+00:00,tt_bogor,38.0,41.27123
1,2026-08-19 15:00:00+00:00,tt_bsd,34.0,34.10906
1,2026-08-19 15:00:00+00:00,tt_cawang,32.0,44.611122
1,2026-08-19 15:00:00+00:00,tt_depok,31.0,27.52626
1,2026-08-19 15:00:00+00:00,tt_gatsu,45.0,44.406067
1,2026-08-19 15:00:00+00:00,tt_grogol,40.0,32.813396
1,2026-08-19 15:00:00+00:00,tt_kebonjeruk,31.0,25.772686
1,2026-08-19 15:00:00+00:00,tt_kelapagading,29.0,24.656532
1,2026-08-19 15:00:00+00:00,tt_kuningan,21.0,17.091755
1,2026-08-19 15:00:00+00:00,tt_sudirman,29.0,28.746363
1,2026-08-19 15:00:00+00:00,tt_tangerang,48.0,45.387367
1,2026-08-19 15:00:00+00:00,tt_tbsimatupang,72.0,62.37548
1,2026-08-19 15:00:00+00:00,tt_thamrin,21.0,20.109589
1,2026-08-19 16:00:00+00:00,tt_bekasi,18.0,18.421185
1,2026-08-19 16:00:00+00:00,tt_bogor,45.0,38.700687
1,2026-08-19 16:00:00+00:00,tt_bsd,34.0,34.690407
1,2026-08-19 16:00:00+00:00,tt_cawang,43.0,39.29228
1,2026-08-19 16:00:00+00:00,tt_depok,31.0,29.618107
1,2026-08-19 16:00:00+00:00,tt_gatsu,45.0,44.548256
1,2026-08-19 16:00:00+00:00,tt_grogol,40.0,37.076454
1,2026-08-19 16:00:00+00:00,tt_kebonjeruk,35.0,28.758158
1,2026-08-19 16:00:00+00:00,tt_kelapagading,29.0,27.597813
1,2026-08-19 16:00:00+00:00,tt_kuningan,21.0,19.597313
1,2026-08-19 16:00:00+00:00,tt_sudirman,39.0,29.222704
1,2026-08-19 16:00:00+00:00,tt_tangerang,48.0,47.100918
1,2026-08-19 16:00:00+00:00,tt_tbsimatupang,72.0,63.755188
1,2026-08-19 16:00:00+00:00,tt_thamrin,22.0,21.488522
1,2026-08-19 18:00:00+00:00,tt_bekasi,18.0,18.980255
1,2026-08-19 18:00:00+00:00,tt_bogor,45.0,41.341873
1,2026-08-19 18:00:00+00:00,tt_bsd,34.0,34.650566
1,2026-08-19 18:00:00+00:00,tt_cawang,43.0,42.552166
1,2026-08-19 18:00:00+00:00,tt_depok,31.0,31.57658
1,2026-08-19 18:00:00+00:00,tt_gatsu,45.0,44.2276
1,2026-08-19 18:00:00+00:00,tt_grogol,40.0,39.33321
1,2026-08-19 18:00:00+00:00,tt_kebonjeruk,35.0,33.194695
1,2026-08-19 18:00:00+00:00,tt_kelapagading,29.0,29.122305
1,2026-08-19 18:00:00+00:00,tt_kuningan,21.0,22.023743
1,2026-08-19 18:00:00+00:00,tt_sudirman,39.0,36.927593
1,2026-08-19 18:00:00+00:00,tt_tangerang,44.0,46.961792
1,2026-08-19 18:00:00+00:00,tt_tbsimatupang,72.0,64.06124
1,2026-08-19 18:00:00+00:00,tt_thamrin,22.0,22.616396
1,2026-08-19 20:00:00+00:00,tt_bekasi,18.0,18.781525
1,2026-08-19 20:00:00+00:00,tt_bogor,45.0,41.377113
1,2026-08-19 20:00:00+00:00,tt_bsd,34.0,34.03282
1,2026-08-19 20:00:00+00:00,tt_cawang,43.0,42.121902
1,2026-08-19 20:00:00+00:00,tt_depok,31.0,31.702776
1,2026-08-19 20:00:00+00:00,tt_gatsu,45.0,43.573666
1,2026-08-19 20:00:00+00:00,tt_grogol,40.0,38.965775
1,2026-08-19 20:00:00+00:00,tt_kebonjeruk,35.0,33.521404
1,2026-08-19 20:00:00+00:00,tt_kelapagading,29.0,29.021261
1,2026-08-19 20:00:00+00:00,tt_kuningan,21.0,21.956644
1,2026-08-19 20:00:00+00:00,tt_sudirman,39.0,38.08117
1,2026-08-19 20:00:00+00:00,tt_tangerang,48.0,43.583332
1,2026-08-19 20:00:00+00:00,tt_tbsimatupang,72.0,63.61697
1,2026-08-19 20:00:00+00:00,tt_thamrin,22.0,22.384462
1,2026-08-19 21:00:00+00:00,tt_bekasi,18.0,18.680374
1,2026-08-19 21:00:00+00:00,tt_bogor,45.0,41.269115
1,2026-08-19 21:00:00+00:00,tt_bsd,34.0,34.052574
1,2026-08-19 21:00:00+00:00,tt_cawang,43.0,41.718708
1,2026-08-19 21:00:00+00:00,tt_depok,31.0,31.650501
1,2026-08-19 21:00:00+00:00,tt_gatsu,45.0,43.338047
1,2026-08-19 21:00:00+00:00,tt_grogol,40.0,38.81924
1,2026-08-19 21:00:00+00:00,tt_kebonjeruk,35.0,33.5618
1,2026-08-19 21:00:00+00:00,tt_kelapagading,29.0,28.912422
1,2026-08-19 21:00:00+00:00,tt_kuningan,21.0,21.766548
1,2026-08-19 21:00:00+00:00,tt_sudirman,39.0,38.116035
1,2026-08-19 21:00:00+00:00,tt_tangerang,48.0,44.67425
1,2026-08-19 21:00:00+00:00,tt_tbsimatupang,72.0,63.488487
1,2026-08-19 21:00:00+00:00,tt_thamrin,22.0,22.242817
1,2026-08-19 23:00:00+00:00,tt_bekasi,17.0,18.481941
1,2026-08-19 23:00:00+00:00,tt_bogor,35.0,41.128014
1,2026-08-19 23:00:00+00:00,tt_bsd,34.0,33.869682
1,2026-08-19 23:00:00+00:00,tt_cawang,26.0,41.009598
1,2026-08-19 23:00:00+00:00,tt_depok,31.0,31.5545
1,2026-08-19 23:00:00+00:00,tt_gatsu,45.0,43.012634
1,2026-08-19 23:00:00+00:00,tt_grogol,35.0,38.432976
1,2026-08-19 23:00:00+00:00,tt_kebonjeruk,30.0,33.481716
1,2026-08-19 23:00:00+00:00,tt_kelapagading,29.0,28.785263
1,2026-08-19 23:00:00+00:00,tt_kuningan,21.0,21.458584
1,2026-08-19 23:00:00+00:00,tt_sudirman,39.0,38.103374
1,2026-08-19 23:00:00+00:00,tt_tangerang,48.0,45.2756
1,2026-08-19 23:00:00+00:00,tt_tbsimatupang,72.0,63.345627
1,2026-08-19 23:00:00+00:00,tt_thamrin,20.0,21.973406
1,2026-08-20 01:00:00+00:00,tt_bekasi,18.0,17.624882
1,2026-08-20 01:00:00+00:00,tt_bogor,35.0,34.646408
1,2026-08-20 01:00:00+00:00,tt_bsd,29.0,33.503815
1,2026-08-20 01:00:00+00:00,tt_cawang,14.0,28.976057
1,2026-08-20 01:00:00+00:00,tt_depok,31.0,30.397017
1,2026-08-20 01:00:00+00:00,tt_gatsu,37.0,42.672745
1,2026-08-20 01:00:00+00:00,tt_grogol,30.0,34.589493
1,2026-08-20 01:00:00+00:00,tt_kebonjeruk,26.0,30.042118
1,2026-08-20 01:00:00+00:00,tt_kelapagading,29.0,29.12766
1,2026-08-20 01:00:00+00:00,tt_kuningan,21.0,20.3482
1,2026-08-20 01:00:00+00:00,tt_sudirman,27.0,37.913383
1,2026-08-20 01:00:00+00:00,tt_tangerang,36.0,45.22682
1,2026-08-20 01:00:00+00:00,tt_tbsimatupang,18.0,63.22133
1,2026-08-20 01:00:00+00:00,tt_thamrin,18.0,20.470318
1,2026-08-20 02:00:00+00:00,tt_bekasi,18.0,17.692543
1,2026-08-20 02:00:00+00:00,tt_bogor,40.0,33.24469
1,2026-08-20 02:00:00+00:00,tt_bsd,34.0,29.59998
1,2026-08-20 02:00:00+00:00,tt_cawang,18.0,22.59507
1,2026-08-20 02:00:00+00:00,tt_depok,31.0,29.24468
1,2026-08-20 02:00:00+00:00,tt_gatsu,45.0,38.789734
1,2026-08-20 02:00:00+00:00,tt_grogol,30.0,31.499565
1,2026-08-20 02:00:00+00:00,tt_kebonjeruk,26.0,27.133759
1,2026-08-20 02:00:00+00:00,tt_kelapagading,25.0,29.498266
1,2026-08-20 02:00:00+00:00,tt_kuningan,21.0,19.379509
1,2026-08-20 02:00:00+00:00,tt_sudirman,25.0,32.803867
1,2026-08-20 02:00:00+00:00,tt_tangerang,48.0,39.828533
1,2026-08-20 02:00:00+00:00,tt_tbsimatupang,21.0,42.337887
1,2026-08-20 02:00:00+00:00,tt_thamrin,18.0,19.242828
1,2026-08-20 04:00:00+00:00,tt_bekasi,15.0,18.210196
1,2026-08-20 04:00:00+00:00,tt_bogor,35.0,36.81149
1,2026-08-20 04:00:00+00:00,tt_bsd,34.0,31.394787
1,2026-08-20 04:00:00+00:00,tt_cawang,20.0,20.418848
1,2026-08-20 04:00:00+00:00,tt_depok,27.0,29.09968
1,2026-08-20 04:00:00+00:00,tt_gatsu,45.0,42.20697
1,2026-08-20 04:00:00+00:00,tt_grogol,25.0,29.424437
1,2026-08-20 04:00:00+00:00,tt_kebonjeruk,25.0,25.355635
1,2026-08-20 04:00:00+00:00,tt_kelapagading,22.0,27.291508
1,2026-08-20 04:00:00+00:00,tt_kuningan,21.0,19.614693
1,2026-08-20 04:00:00+00:00,tt_sudirman,26.0,27.9973
1,2026-08-20 04:00:00+00:00,tt_tangerang,48.0,44.85317
1,2026-08-20 04:00:00+00:00,tt_tbsimatupang,45.0,31.481926
1,2026-08-20 04:00:00+00:00,tt_thamrin,13.0,18.521444
1,2026-08-20 06:00:00+00:00,tt_bekasi,15.0,16.808819
1,2026-08-20 06:00:00+00:00,tt_bogor,39.0,35.770096
1,2026-08-20 06:00:00+00:00,tt_bsd,34.0,32.65746
1,2026-08-20 06:00:00+00:00,tt_cawang,28.0,21.290352
1,2026-08-20 06:00:00+00:00,tt_depok,29.0,26.77383
1,2026-08-20 06:00:00+00:00,tt_gatsu,28.0,45.005722
1,2026-08-20 06:00:00+00:00,tt_grogol,29.0,25.980198
1,2026-08-20 06:00:00+00:00,tt_kebonjeruk,25.0,24.470383
1,2026-08-20 06:00:00+00:00,tt_kelapagading,20.0,24.919228
1,2026-08-20 06:00:00+00:00,tt_kuningan,15.999999,20.529938
1,2026-08-20 06:00:00+00:00,tt_sudirman,21.0,28.017185
1,2026-08-20 06:00:00+00:00,tt_tangerang,38.0,46.180695
1,2026-08-20 06:00:00+00:00,tt_tbsimatupang,27.0,44.850346
1,2026-08-20 06:00:00+00:00,tt_thamrin,12.0,15.860001
1,2026-08-20 07:00:00+00:00,tt_bekasi,15.999999,16.457436
1,2026-08-20 07:00:00+00:00,tt_bogor,36.0,37.225132
1,2026-08-20 07:00:00+00:00,tt_bsd,34.0,32.40447
1,2026-08-20 07:00:00+00:00,tt_cawang,21.0,25.034134
1,2026-08-20 07:00:00+00:00,tt_depok,26.0,27.221004
1,2026-08-20 07:00:00+00:00,tt_gatsu,20.0,38.636395
1,2026-08-20 07:00:00+00:00,tt_grogol,29.0,27.480164
1,2026-08-20 07:00:00+00:00,tt_kebonjeruk,22.0,24.307407
1,2026-08-20 07:00:00+00:00,tt_kelapagading,20.0,23.718105
1,2026-08-20 07:00:00+00:00,tt_kuningan,21.0,18.415554
1,2026-08-20 07:00:00+00:00,tt_sudirman,20.0,25.600529
1,2026-08-20 07:00:00+00:00,tt_tangerang,37.0,42.200512
1,2026-08-20 07:00:00+00:00,tt_tbsimatupang,49.0,37.478626
1,2026-08-20 07:00:00+00:00,tt_thamrin,12.0,15.161793
1,2026-08-20 09:00:00+00:00,tt_bekasi,14.0,16.788498
1,2026-08-20 09:00:00+00:00,tt_bogor,34.0,36.59383
1,2026-08-20 09:00:00+00:00,tt_bsd,28.0,32.612648
1,2026-08-20 09:00:00+00:00,tt_cawang,30.0,22.456505
1,2026-08-20 09:00:00+00:00,tt_depok,26.0,25.82277
1,2026-08-20 09:00:00+00:00,tt_gatsu,32.0,29.283249
1,2026-08-20 09:00:00+00:00,tt_grogol,31.0,29.15564
1,2026-08-20 09:00:00+00:00,tt_kebonjeruk,21.0,22.528488
1,2026-08-20 09:00:00+00:00,tt_kelapagading,21.0,22.98162
1,2026-08-20 09:00:00+00:00,tt_kuningan,13.0,20.312544
1,2026-08-20 09:00:00+00:00,tt_sudirman,23.0,23.376486
1,2026-08-20 09:00:00+00:00,tt_tangerang,34.0,38.82457
1,2026-08-20 09:00:00+00:00,tt_tbsimatupang,47.0,46.938877
1,2026-08-20 09:00:00+00:00,tt_thamrin,18.0,14.970263
1,2026-08-20 11:00:00+00:00,tt_bekasi,18.0,16.600536
1,2026-08-20 11:00:00+00:00,tt_bogor,35.0,34.68192
1,2026-08-20 11:00:00+00:00,tt_bsd,34.0,27.87306
1,2026-08-20 11:00:00+00:00,tt_cawang,33.0,28.772675
1,2026-08-20 11:00:00+00:00,tt_depok,26.0,25.445686
1,2026-08-20 11:00:00+00:00,tt_gatsu,7.0,35.547405
1,2026-08-20 11:00:00+00:00,tt_grogol,29.0,31.459772
1,2026-08-20 11:00:00+00:00,tt_kebonjeruk,18.0,21.715496
1,2026-08-20 11:00:00+00:00,tt_kelapagading,21.0,23.595985
1,2026-08-20 11:00:00+00:00,tt_kuningan,15.999999,17.061039
1,2026-08-20 11:00:00+00:00,tt_sudirman,12.0,25.015509
1,2026-08-20 11:00:00+00:00,tt_tangerang,35.0,36.243473
1,2026-08-20 11:00:00+00:00,tt_tbsimatupang,24.0,47.415092
1,2026-08-20 11:00:00+00:00,tt_thamrin,10.0,18.373306
1,2026-08-20 12:00:00+00:00,tt_bekasi,14.0,17.691029
1,2026-08-20 12:00:00+00:00,tt_bogor,37.0,34.75387
1,2026-08-20 12:00:00+00:00,tt_bsd,34.0,30.301802
1,2026-08-20 12:00:00+00:00,tt_cawang,43.0,31.537706
1,2026-08-20 12:00:00+00:00,tt_depok,24.0,25.140673
1,2026-08-20 12:00:00+00:00,tt_gatsu,10.0,25.993595
1,2026-08-20 12:00:00+00:00,tt_grogol,32.0,30.981853
1,2026-08-20 12:00:00+00:00,tt_kebonjeruk,23.0,20.33738
1,2026-08-20 12:00:00+00:00,tt_kelapagading,21.0,23.39428
1,2026-08-20 12:00:00+00:00,tt_kuningan,13.0,16.86065
1,2026-08-20 12:00:00+00:00,tt_sudirman,22.0,20.030903
1,2026-08-20 12:00:00+00:00,tt_tangerang,48.0,36.444412
1,2026-08-20 12:00:00+00:00,tt_tbsimatupang,40.0,37.544456
1,2026-08-20 12:00:00+00:00,tt_thamrin,9.0,15.760369
1,2026-08-20 14:00:00+00:00,tt_bekasi,18.0,16.643913
1,2026-08-20 14:00:00+00:00,tt_bogor,38.0,36.370865
1,2026-08-20 14:00:00+00:00,tt_bsd,27.0,32.932774
1,2026-08-20 14:00:00+00:00,tt_cawang,32.0,41.654526
1,2026-08-20 14:00:00+00:00,tt_depok,31.0,23.919842
1,2026-08-20 14:00:00+00:00,tt_gatsu,45.0,20.709747
1,2026-08-20 14:00:00+00:00,tt_grogol,40.0,33.03839
1,2026-08-20 14:00:00+00:00,tt_kebonjeruk,28.0,22.872627
1,2026-08-20 14:00:00+00:00,tt_kelapagading,29.0,23.06985
1,2026-08-20 14:00:00+00:00,tt_kuningan,15.999999,16.164675
1,2026-08-20 14:00:00+00:00,tt_sudirman,39.0,23.261953
1,2026-08-20 14:00:00+00:00,tt_tangerang,48.0,45.43371
1,2026-08-20 14:00:00+00:00,tt_tbsimatupang,59.0,41.045837
1,2026-08-20 14:00:00+00:00,tt_thamrin,13.0,14.013308
1,2026-08-20 16:00:00+00:00,tt_bekasi,15.0,19.39326
1,2026-08-20 16:00:00+00:00,tt_bogor,45.0,36.931282
1,2026-08-20 16:00:00+00:00,tt_bsd,34.0,29.688557
1,2026-08-20 16:00:00+00:00,tt_cawang,43.0,37.19643
1,2026-08-20 16:00:00+00:00,tt_depok,31.0,29.617977
1,2026-08-20 16:00:00+00:00,tt_gatsu,45.0,42.7958
1,2026-08-20 16:00:00+00:00,tt_grogol,40.0,39.3082
1,2026-08-20 16:00:00+00:00,tt_kebonjeruk,35.0,26.547478
1,2026-08-20 16:00:00+00:00,tt_kelapagading,29.0,29.039665
1,2026-08-20 16:00:00+00:00,tt_kuningan,21.0,18.375675
1,2026-08-20 16:00:00+00:00,tt_sudirman,39.0,37.164394
1,2026-08-20 16:00:00+00:00,tt_tangerang,48.0,46.849537
1,2026-08-20 16:00:00+00:00,tt_tbsimatupang,72.0,55.020996
1,2026-08-20 16:00:00+00:00,tt_thamrin,22.0,16.392887
1,2026-08-20 17:00:00+00:00,tt_bekasi,18.0,18.507568
1,2026-08-20 17:00:00+00:00,tt_bogor,45.0,40.376686
1,2026-08-20 17:00:00+00:00,tt_bsd,34.0,32.7261
1,2026-08-20 17:00:00+00:00,tt_cawang,43.0,41.159874
1,2026-08-20 17:00:00+00:00,tt_depok,31.0,31.388054
1,2026-08-20 17:00:00+00:00,tt_gatsu,45.0,44.862526
1,2026-08-20 17:00:00+00:00,tt_grogol,40.0,39.977184
1,2026-08-20 17:00:00+00:00,tt_kebonjeruk,35.0,30.857817
1,2026-08-20 17:00:00+00:00,tt_kelapagading,29.0,29.610624
1,2026-08-20 17:00:00+00:00,tt_kuningan,21.0,21.220997
1,2026-08-20 17:00:00+00:00,tt_sudirman,39.0,39.254288
1,2026-08-20 17:00:00+00:00,tt_tangerang,48.0,47.125416
1,2026-08-20 17:00:00+00:00,tt_tbsimatupang,72.0,61.82434
1,2026-08-20 17:00:00+00:00,tt_thamrin,22.0,20.175856
1,2026-08-20 19:00:00+00:00,tt_bekasi,18.0,19.216883
1,2026-08-20 19:00:00+00:00,tt_bogor,45.0,41.712296
1,2026-08-20 19:00:00+00:00,tt_bsd,34.0,34.185276
1,2026-08-20 19:00:00+00:00,tt_cawang,43.0,42.503986
1,2026-08-20 19:00:00+00:00,tt_depok,31.0,32.019382
1,2026-08-20 19:00:00+00:00,tt_gatsu,45.0,44.460407
1,2026-08-20 19:00:00+00:00,tt_grogol,40.0,39.49193
1,2026-08-20 19:00:00+00:00,tt_kebonjeruk,35.0,33.36585
1,2026-08-20 19:00:00+00:00,tt_kelapagading,29.0,29.529163
1,2026-08-20 19:00:00+00:00,tt_kuningan,21.0,22.367443
1,2026-08-20 19:00:00+00:00,tt_sudirman,39.0,39.45939
1,2026-08-20 19:00:00+00:00,tt_tangerang,48.0,46.50827
1,2026-08-20 19:00:00+00:00,tt_tbsimatupang,72.0,63.881126
1,2026-08-20 19:00:00+00:00,tt_thamrin,22.0,22.068787
1,2026-08-20 21:00:00+00:00,tt_bekasi,18.0,18.968729
1,2026-08-20 21:00:00+00:00,tt_bogor,45.0,41.46976
1,2026-08-20 21:00:00+00:00,tt_bsd,34.0,34.090603
1,2026-08-20 21:00:00+00:00,tt_cawang,43.0,41.831512
1,2026-08-20 21:00:00+00:00,tt_depok,31.0,31.863548
1,2026-08-20 21:00:00+00:00,tt_gatsu,45.0,43.72356
1,2026-08-20 21:00:00+00:00,tt_grogol,40.0,38.806355
1,2026-08-20 21:00:00+00:00,tt_kebonjeruk,35.0,33.515717
1,2026-08-20 21:00:00+00:00,tt_kelapagading,29.0,29.194908
1,2026-08-20 21:00:00+00:00,tt_kuningan,21.0,22.01075
1,2026-08-20 21:00:00+00:00,tt_sudirman,39.0,38.925682
1,2026-08-20 21:00:00+00:00,tt_tangerang,48.0,45.953503
1,2026-08-20 21:00:00+00:00,tt_tbsimatupang,72.0,63.566544
1,2026-08-20 21:00:00+00:00,tt_thamrin,22.0,22.033108
1,2026-08-20 22:00:00+00:00,tt_bekasi,18.0,18.869667
1,2026-08-20 22:00:00+00:00,tt_bogor,45.0,41.35059
1,2026-08-20 22:00:00+00:00,tt_bsd,34.0,33.989784
1,2026-08-20 22:00:00+00:00,tt_cawang,43.0,41.48232
1,2026-08-20 22:00:00+00:00,tt_depok,31.0,31.778942
1,2026-08-20 22:00:00+00:00,tt_gatsu,45.0,43.394485
1,2026-08-20 22:00:00+00:00,tt_grogol,40.0,38.560226
1,2026-08-20 22:00:00+00:00,tt_kebonjeruk,35.0,33.464874
1,2026-08-20 22:00:00+00:00,tt_kelapagading,29.0,29.095966
1,2026-08-20 22:00:00+00:00,tt_kuningan,21.0,21.886854
1,2026-08-20 22:00:00+00:00,tt_sudirman,39.0,38.74531
1,2026-08-20 22:00:00+00:00,tt_tangerang,48.0,45.76915
1,2026-08-20 22:00:00+00:00,tt_tbsimatupang,72.0,63.461147
1,2026-08-20 22:00:00+00:00,tt_thamrin,22.0,21.899628
1,2026-08-21 00:00:00+00:00,tt_bekasi,18.0,18.615364
1,2026-08-21 00:00:00+00:00,tt_bogor,35.0,41.15629
1,2026-08-21 00:00:00+00:00,tt_bsd,29.0,33.76378
1,2026-08-21 00:00:00+00:00,tt_cawang,18.0,40.9164
1,2026-08-21 00:00:00+00:00,tt_depok,25.0,31.627989
1,2026-08-21 00:00:00+00:00,tt_gatsu,45.0,43.020348
1,2026-08-21 00:00:00+00:00,tt_grogol,34.0,38.209972
1,2026-08-21 00:00:00+00:00,tt_kebonjeruk,25.0,33.353333
1,2026-08-21 00:00:00+00:00,tt_kelapagading,26.0,28.931128
1,2026-08-21 00:00:00+00:00,tt_kuningan,21.0,21.568092
1,2026-08-21 00:00:00+00:00,tt_sudirman,31.0,38.477398
1,2026-08-21 00:00:00+00:00,tt_tangerang,37.0,45.53544
1,2026-08-21 00:00:00+00:00,tt_tbsimatupang,32.0,63.340088
1,2026-08-21 00:00:00+00:00,tt_thamrin,22.0,21.68612
1,2026-08-21 02:00:00+00:00,tt_bekasi,17.0,18.04613
1,2026-08-21 02:00:00+00:00,tt_bogor,37.0,34.343613
1,2026-08-21 02:00:00+00:00,tt_bsd,28.0,27.765436
1,2026-08-21 02:00:00+00:00,tt_cawang,19.0,24.450762
1,2026-08-21 02:00:00+00:00,tt_depok,26.0,24.73326
1,2026-08-21 02:00:00+00:00,tt_gatsu,45.0,41.7374
1,2026-08-21 02:00:00+00:00,tt_grogol,31.0,33.98796
1,2026-08-21 02:00:00+00:00,tt_kebonjeruk,26.0,25.936247
1,2026-08-21 02:00:00+00:00,tt_kelapagading,29.0,26.987167
1,2026-08-21 02:00:00+00:00,tt_kuningan,21.0,19.866005
1,2026-08-21 02:00:00+00:00,tt_sudirman,23.0,32.71083
1,2026-08-21 02:00:00+00:00,tt_tangerang,37.0,38.007416
1,2026-08-21 02:00:00+00:00,tt_tbsimatupang,37.0,40.014545
1,2026-08-21 02:00:00+00:00,tt_thamrin,22.0,21.257313
1,2026-08-21 03:00:00+00:00,tt_bekasi,15.0,17.80577
1,2026-08-21 03:00:00+00:00,tt_bogor,38.0,34.91261
1,2026-08-21 03:00:00+00:00,tt_bsd,34.0,26.6834
1,2026-08-21 03:00:00+00:00,tt_cawang,21.0,22.6218
1,2026-08-21 03:00:00+00:00,tt_depok,31.0,24.398382
1,2026-08-21 03:00:00+00:00,tt_gatsu,45.0,42.473175
1,2026-08-21 03:00:00+00:00,tt_grogol,27.0,32.06618
1,2026-08-21 03:00:00+00:00,tt_kebonjeruk,24.0,25.275599
1,2026-08-21 03:00:00+00:00,tt_kelapagading,23.0,28.561682
1,2026-08-21 03:00:00+00:00,tt_kuningan,15.999999,19.8216
1,2026-08-21 03:00:00+00:00,tt_sudirman,28.0,28.404665
1,2026-08-21 03:00:00+00:00,tt_tangerang,48.0,37.14809
1,2026-08-21 03:00:00+00:00,tt_tbsimatupang,48.0,39.598804
1,2026-08-21 03:00:00+00:00,tt_thamrin,15.999999,21.296398
1,2026-08-21 05:00:00+00:00,tt_bekasi,15.999999,16.593655
1,2026-08-21 05:00:00+00:00,tt_bogor,45.0,36.913155
1,2026-08-21 05:00:00+00:00,tt_bsd,34.0,31.679237
1,2026-08-21 05:00:00+00:00,tt_cawang,43.0,22.755486
1,2026-08-21 05:00:00+00:00,tt_depok,31.0,28.918354
1,2026-08-21 05:00:00+00:00,tt_gatsu,45.0,44.415855
1,2026-08-21 05:00:00+00:00,tt_grogol,32.0,28.095518
1,2026-08-21 05:00:00+00:00,tt_kebonjeruk,27.0,24.062035
1,2026-08-21 05:00:00+00:00,tt_kelapagading,23.0,25.42524
1,2026-08-21 05:00:00+00:00,tt_kuningan,21.0,17.455942
1,2026-08-21 05:00:00+00:00,tt_sudirman,34.0,29.238667
1,2026-08-21 05:00:00+00:00,tt_tangerang,48.0,44.595863
1,2026-08-21 05:00:00+00:00,tt_tbsimatupang,72.0,46.773483
1,2026-08-21 05:00:00+00:00,tt_thamrin,21.0,17.956825
1,2026-08-21 07:00:00+00:00,tt_bekasi,14.0,17.330711
1,2026-08-21 07:00:00+00:00,tt_bogor,35.0,42.310818
1,2026-08-21 07:00:00+00:00,tt_bsd,34.0,33.786324
1,2026-08-21 07:00:00+00:00,tt_cawang,28.0,39.153282
1,2026-08-21 07:00:00+00:00,tt_depok,25.0,32.100872
1,2026-08-21 07:00:00+00:00,tt_gatsu,36.0,46.17617
1,2026-08-21 07:00:00+00:00,tt_grogol,28.0,31.188803
1,2026-08-21 07:00:00+00:00,tt_kebonjeruk,21.0,25.819956
1,2026-08-21 07:00:00+00:00,tt_kelapagading,20.0,25.055988
1,2026-08-21 07:00:00+00:00,tt_kuningan,21.0,21.03111
1,2026-08-21 07:00:00+00:00,tt_sudirman,18.0,34.26754
1,2026-08-21 07:00:00+00:00,tt_tangerang,39.0,46.574387
1,2026-08-21 07:00:00+00:00,tt_tbsimatupang,52.0,62.624542
1,2026-08-21 07:00:00+00:00,tt_thamrin,18.0,20.861736
1,2026-08-21 08:00:00+00:00,tt_bekasi,15.999999,16.283634
1,2026-08-21 08:00:00+00:00,tt_bogor,34.0,37.451107
1,2026-08-21 08:00:00+00:00,tt_bsd,34.0,32.82679
1,2026-08-21 08:00:00+00:00,tt_cawang,31.0,33.424282
1,2026-08-21 08:00:00+00:00,tt_depok,25.0,27.694
1,2026-08-21 08:00:00+00:00,tt_gatsu,35.0,41.167686
1,2026-08-21 08:00:00+00:00,tt_grogol,29.0,29.419655
1,2026-08-21 08:00:00+00:00,tt_kebonjeruk,24.0,23.31884
1,2026-08-21 08:00:00+00:00,tt_kelapagading,21.0,23.232792
1,2026-08-21 08:00:00+00:00,tt_kuningan,17.0,20.52705
1,2026-08-21 08:00:00+00:00,tt_sudirman,24.0,27.58004
1,2026-08-21 08:00:00+00:00,tt_tangerang,40.0,42.47969
1,2026-08-21 08:00:00+00:00,tt_tbsimatupang,38.0,54.98676
1,2026-08-21 08:00:00+00:00,tt_thamrin,10.0,19.68388
3,2026-08-18 04:00:00+00:00,tt_bekasi,15.0,16.851238
3,2026-08-18 04:00:00+00:00,tt_bogor,33.0,33.348167
3,2026-08-18 04:00:00+00:00,tt_bsd,28.0,31.014616
3,2026-08-18 04:00:00+00:00,tt_cawang,22.0,25.03641
3,2026-08-18 04:00:00+00:00,tt_depok,31.0,25.635677
3,2026-08-18 04:00:00+00:00,tt_gatsu,32.0,41.102543
3,2026-08-18 04:00:00+00:00,tt_grogol,27.0,28.68203
3,2026-08-18 04:00:00+00:00,tt_kebonjeruk,25.0,27.835512
3,2026-08-18 04:00:00+00:00,tt_kelapagading,29.0,31.170118
3,2026-08-18 04:00:00+00:00,tt_kuningan,15.999999,19.5744
3,2026-08-18 04:00:00+00:00,tt_sudirman,24.0,35.210976
3,2026-08-18 04:00:00+00:00,tt_tangerang,36.0,38.457615
3,2026-08-18 04:00:00+00:00,tt_tbsimatupang,55.0,41.836628
3,2026-08-18 04:00:00+00:00,tt_thamrin,18.0,19.7328
3,2026-08-18 05:00:00+00:00,tt_bekasi,15.0,16.657146
3,2026-08-18 05:00:00+00:00,tt_bogor,38.0,34.057903
3,2026-08-18 05:00:00+00:00,tt_bsd,28.0,31.365337
3,2026-08-18 05:00:00+00:00,tt_cawang,28.0,23.98312
3,2026-08-18 05:00:00+00:00,tt_depok,26.0,27.286516
3,2026-08-18 05:00:00+00:00,tt_gatsu,45.0,38.61899
3,2026-08-18 05:00:00+00:00,tt_grogol,36.0,27.852459
3,2026-08-18 05:00:00+00:00,tt_kebonjeruk,22.0,26.754957
3,2026-08-18 05:00:00+00:00,tt_kelapagading,22.0,31.278574
3,2026-08-18 05:00:00+00:00,tt_kuningan,21.0,19.168797
3,2026-08-18 05:00:00+00:00,tt_sudirman,31.0,31.398573
3,2026-08-18 05:00:00+00:00,tt_tangerang,41.0,41.30716
3,2026-08-18 05:00:00+00:00,tt_tbsimatupang,51.0,35.817772
3,2026-08-18 05:00:00+00:00,tt_thamrin,20.0,18.827606
3,2026-08-18 07:00:00+00:00,tt_bekasi,15.0,16.52278
3,2026-08-18 07:00:00+00:00,tt_bogor,34.0,35.22902
3,2026-08-18 07:00:00+00:00,tt_bsd,30.0,29.978437
3,2026-08-18 07:00:00+00:00,tt_cawang,43.0,24.353762
3,2026-08-18 07:00:00+00:00,tt_depok,31.0,30.224535
3,2026-08-18 07:00:00+00:00,tt_gatsu,45.0,38.065594
3,2026-08-18 07:00:00+00:00,tt_grogol,32.0,27.571747
3,2026-08-18 07:00:00+00:00,tt_kebonjeruk,25.0,25.612835
3,2026-08-18 07:00:00+00:00,tt_kelapagading,22.0,32.159813
3,2026-08-18 07:00:00+00:00,tt_kuningan,15.0,18.597881
3,2026-08-18 07:00:00+00:00,tt_sudirman,28.0,29.133072
3,2026-08-18 07:00:00+00:00,tt_tangerang,38.0,40.62016
3,2026-08-18 07:00:00+00:00,tt_tbsimatupang,57.0,43.868443
3,2026-08-18 07:00:00+00:00,tt_thamrin,22.0,18.884441
3,2026-08-18 09:00:00+00:00,tt_bekasi,14.0,16.834824
3,2026-08-18 09:00:00+00:00,tt_bogor,35.0,37.27642
3,2026-08-18 09:00:00+00:00,tt_bsd,28.0,28.361225
3,2026-08-18 09:00:00+00:00,tt_cawang,29.0,28.054317
3,2026-08-18 09:00:00+00:00,tt_depok,24.0,27.592693
3,2026-08-18 09:00:00+00:00,tt_gatsu,45.0,44.432
3,2026-08-18 09:00:00+00:00,tt_grogol,32.0,34.663826
3,2026-08-18 09:00:00+00:00,tt_kebonjeruk,23.0,24.018131
3,2026-08-18 09:00:00+00:00,tt_kelapagading,23.0,28.717533
3,2026-08-18 09:00:00+00:00,tt_kuningan,21.0,21.178703
3,2026-08-18 09:00:00+00:00,tt_sudirman,31.0,33.39943
3,2026-08-18 09:00:00+00:00,tt_tangerang,38.0,41.356956
3,2026-08-18 09:00:00+00:00,tt_tbsimatupang,43.0,49.697838
3,2026-08-18 09:00:00+00:00,tt_thamrin,22.0,20.757584
3,2026-08-18 10:00:00+00:00,tt_bekasi,14.0,17.124695
3,2026-08-18 10:00:00+00:00,tt_bogor,35.0,36.249977
3,2026-08-18 10:00:00+00:00,tt_bsd,34.0,29.271238
3,2026-08-18 10:00:00+00:00,tt_cawang,30.0,34.665924
3,2026-08-18 10:00:00+00:00,tt_depok,25.0,29.557045
3,2026-08-18 10:00:00+00:00,tt_gatsu,3.999998,45.467827
3,2026-08-18 10:00:00+00:00,tt_grogol,31.0,34.004513
3,2026-08-18 10:00:00+00:00,tt_kebonjeruk,21.0,24.735832
3,2026-08-18 10:00:00+00:00,tt_kelapagading,21.0,28.173716
3,2026-08-18 10:00:00+00:00,tt_kuningan,14.0,19.403286
3,2026-08-18 10:00:00+00:00,tt_sudirman,23.0,32.560204
3,2026-08-18 10:00:00+00:00,tt_tangerang,34.0,40.68988
3,2026-08-18 10:00:00+00:00,tt_tbsimatupang,44.0,51.70578
3,2026-08-18 10:00:00+00:00,tt_thamrin,22.0,21.723953
3,2026-08-18 12:00:00+00:00,tt_bekasi,14.0,16.551231
3,2026-08-18 12:00:00+00:00,tt_bogor,35.0,34.874805
3,2026-08-18 12:00:00+00:00,tt_bsd,34.0,28.278912
3,2026-08-18 12:00:00+00:00,tt_cawang,34.0,34.89363
3,2026-08-18 12:00:00+00:00,tt_depok,26.0,27.315176
3,2026-08-18 12:00:00+00:00,tt_gatsu,45.0,45.502113
3,2026-08-18 12:00:00+00:00,tt_grogol,32.0,33.416073
3,2026-08-18 12:00:00+00:00,tt_kebonjeruk,25.0,24.38211
3,2026-08-18 12:00:00+00:00,tt_kelapagading,22.0,27.552382
3,2026-08-18 12:00:00+00:00,tt_kuningan,13.0,19.919529
3,2026-08-18 12:00:00+00:00,tt_sudirman,29.0,32.607307
3,2026-08-18 12:00:00+00:00,tt_tangerang,48.0,40.008892
3,2026-08-18 12:00:00+00:00,tt_tbsimatupang,72.0,48.292545
3,2026-08-18 12:00:00+00:00,tt_thamrin,17.0,22.839745
3,2026-08-18 14:00:00+00:00,tt_bekasi,15.999999,15.467764
3,2026-08-18 14:00:00+00:00,tt_bogor,45.0,34.693623
3,2026-08-18 14:00:00+00:00,tt_bsd,34.0,31.590176
3,2026-08-18 14:00:00+00:00,tt_cawang,32.0,33.352894
3,2026-08-18 14:00:00+00:00,tt_depok,26.0,25.373014
3,2026-08-18 14:00:00+00:00,tt_gatsu,45.0,30.155853
3,2026-08-18 14:00:00+00:00,tt_grogol,40.0,32.817955
3,2026-08-18 14:00:00+00:00,tt_kebonjeruk,31.0,22.608257
3,2026-08-18 14:00:00+00:00,tt_kelapagading,29.0,25.927036
3,2026-08-18 14:00:00+00:00,tt_kuningan,15.999999,16.589195
3,2026-08-18 14:00:00+00:00,tt_sudirman,30.0,28.14623
3,2026-08-18 14:00:00+00:00,tt_tangerang,48.0,37.907875
3,2026-08-18 14:00:00+00:00,tt_tbsimatupang,72.0,44.643692
3,2026-08-18 14:00:00+00:00,tt_thamrin,22.0,23.303938
3,2026-08-18 15:00:00+00:00,tt_bekasi,15.999999,16.690884
3,2026-08-18 15:00:00+00:00,tt_bogor,45.0,34.718487
3,2026-08-18 15:00:00+00:00,tt_bsd,34.0,32.586937
3,2026-08-18 15:00:00+00:00,tt_cawang,43.0,36.22924
3,2026-08-18 15:00:00+00:00,tt_depok,31.0,26.657082
3,2026-08-18 15:00:00+00:00,tt_gatsu,45.0,41.37442
3,2026-08-18 15:00:00+00:00,tt_grogol,40.0,33.580574
3,2026-08-18 15:00:00+00:00,tt_kebonjeruk,35.0,24.13549
3,2026-08-18 15:00:00+00:00,tt_kelapagading,29.0,25.850681
3,2026-08-18 15:00:00+00:00,tt_kuningan,21.0,17.059998
3,2026-08-18 15:00:00+00:00,tt_sudirman,39.0,30.574358
3,2026-08-18 15:00:00+00:00,tt_tangerang,48.0,41.885532
3,2026-08-18 15:00:00+00:00,tt_tbsimatupang,72.0,53.634125
3,2026-08-18 15:00:00+00:00,tt_thamrin,22.0,21.76035
3,2026-08-18 17:00:00+00:00,tt_bekasi,17.0,17.81413
3,2026-08-18 17:00:00+00:00,tt_bogor,45.0,37.314247
3,2026-08-18 17:00:00+00:00,tt_bsd,34.0,32.838688
3,2026-08-18 17:00:00+00:00,tt_cawang,43.0,36.592194
3,2026-08-18 17:00:00+00:00,tt_depok,31.0,27.393976
3,2026-08-18 17:00:00+00:00,tt_gatsu,45.0,46.106625
3,2026-08-18 17:00:00+00:00,tt_grogol,40.0,36.850204
3,2026-08-18 17:00:00+00:00,tt_kebonjeruk,35.0,28.05506
3,2026-08-18 17:00:00+00:00,tt_kelapagading,29.0,28.595306
3,2026-08-18 17:00:00+00:00,tt_kuningan,21.0,17.65076
3,2026-08-18 17:00:00+00:00,tt_sudirman,39.0,32.33577
3,2026-08-18 17:00:00+00:00,tt_tangerang,48.0,45.086277
3,2026-08-18 17:00:00+00:00,tt_tbsimatupang,72.0,59.248196
3,2026-08-18 17:00:00+00:00,tt_thamrin,22.0,23.191082
3,2026-08-18 19:00:00+00:00,tt_bekasi,17.0,18.0736
3,2026-08-18 19:00:00+00:00,tt_bogor,45.0,39.225166
3,2026-08-18 19:00:00+00:00,tt_bsd,34.0,32.48215
3,2026-08-18 19:00:00+00:00,tt_cawang,43.0,40.64503
3,2026-08-18 19:00:00+00:00,tt_depok,31.0,29.638384
3,2026-08-18 19:00:00+00:00,tt_gatsu,45.0,45.782722
3,2026-08-18 19:00:00+00:00,tt_grogol,40.0,38.632244
3,2026-08-18 19:00:00+00:00,tt_kebonjeruk,35.0,32.088314
3,2026-08-18 19:00:00+00:00,tt_kelapagading,29.0,30.083473
3,2026-08-18 19:00:00+00:00,tt_kuningan,21.0,21.22907
3,2026-08-18 19:00:00+00:00,tt_sudirman,39.0,37.94556
3,2026-08-18 19:00:00+00:00,tt_tangerang,48.0,44.92141
3,2026-08-18 19:00:00+00:00,tt_tbsimatupang,72.0,59.447113
3,2026-08-18 19:00:00+00:00,tt_thamrin,22.0,24.121975
3,2026-08-18 20:00:00+00:00,tt_bekasi,17.0,18.329712
3,2026-08-18 20:00:00+00:00,tt_bogor,45.0,39.16618
3,2026-08-18 20:00:00+00:00,tt_bsd,34.0,32.276608
3,2026-08-18 20:00:00+00:00,tt_cawang,43.0,40.826065
3,2026-08-18 20:00:00+00:00,tt_depok,31.0,29.887493
3,2026-08-18 20:00:00+00:00,tt_gatsu,45.0,44.90118
3,2026-08-18 20:00:00+00:00,tt_grogol,40.0,38.400974
3,2026-08-18 20:00:00+00:00,tt_kebonjeruk,35.0,32.58948
3,2026-08-18 20:00:00+00:00,tt_kelapagading,29.0,30.208147
3,2026-08-18 20:00:00+00:00,tt_kuningan,21.0,21.540562
3,2026-08-18 20:00:00+00:00,tt_sudirman,39.0,38.419212
3,2026-08-18 20:00:00+00:00,tt_tangerang,48.0,44.512985
3,2026-08-18 20:00:00+00:00,tt_tbsimatupang,72.0,58.998634
3,2026-08-18 20:00:00+00:00,tt_thamrin,22.0,23.875095
3,2026-08-18 22:00:00+00:00,tt_bekasi,17.0,18.342941
3,2026-08-18 22:00:00+00:00,tt_bogor,45.0,38.80623
3,2026-08-18 22:00:00+00:00,tt_bsd,34.0,31.93145
3,2026-08-18 22:00:00+00:00,tt_cawang,43.0,40.07743
3,2026-08-18 22:00:00+00:00,tt_depok,31.0,29.824577
3,2026-08-18 22:00:00+00:00,tt_gatsu,45.0,43.230354
3,2026-08-18 22:00:00+00:00,tt_grogol,40.0,37.770836
3,2026-08-18 22:00:00+00:00,tt_kebonjeruk,35.0,32.728897
3,2026-08-18 22:00:00+00:00,tt_kelapagading,29.0,30.17537
3,2026-08-18 22:00:00+00:00,tt_kuningan,21.0,21.524353
3,2026-08-18 22:00:00+00:00,tt_sudirman,39.0,38.415653
3,2026-08-18 22:00:00+00:00,tt_tangerang,48.0,43.844814
3,2026-08-18 22:00:00+00:00,tt_tbsimatupang,72.0,58.229923
3,2026-08-18 22:00:00+00:00,tt_thamrin,22.0,23.191463
3,2026-08-19 00:00:00+00:00,tt_bekasi,15.0,18.30484
3,2026-08-19 00:00:00+00:00,tt_bogor,35.0,38.507137
3,2026-08-19 00:00:00+00:00,tt_bsd,29.0,31.69698
3,2026-08-19 00:00:00+00:00,tt_cawang,20.0,39.432003
3,2026-08-19 00:00:00+00:00,tt_depok,31.0,29.675383
3,2026-08-19 00:00:00+00:00,tt_gatsu,45.0,42.041245
3,2026-08-19 00:00:00+00:00,tt_grogol,40.0,37.35937
3,2026-08-19 00:00:00+00:00,tt_kebonjeruk,27.0,32.676258
3,2026-08-19 00:00:00+00:00,tt_kelapagading,29.0,30.153145
3,2026-08-19 00:00:00+00:00,tt_kuningan,21.0,21.41103
3,2026-08-19 00:00:00+00:00,tt_sudirman,39.0,38.241177
3,2026-08-19 00:00:00+00:00,tt_tangerang,48.0,43.441036
3,2026-08-19 00:00:00+00:00,tt_tbsimatupang,39.0,57.75889
3,2026-08-19 00:00:00+00:00,tt_thamrin,19.0,22.633553
3,2026-08-19 01:00:00+00:00,tt_bekasi,15.999999,18.03116
3,2026-08-19 01:00:00+00:00,tt_bogor,37.0,38.395565
3,2026-08-19 01:00:00+00:00,tt_bsd,34.0,31.572067
3,2026-08-19 01:00:00+00:00,tt_cawang,13.0,39.16691
3,2026-08-19 01:00:00+00:00,tt_depok,27.0,29.619045
3,2026-08-19 01:00:00+00:00,tt_gatsu,13.0,41.762524
3,2026-08-19 01:00:00+00:00,tt_grogol,32.0,37.19392
3,2026-08-19 01:00:00+00:00,tt_kebonjeruk,25.0,32.646324
3,2026-08-19 01:00:00+00:00,tt_kelapagading,29.0,30.126451
3,2026-08-19 01:00:00+00:00,tt_kuningan,21.0,21.193333
3,2026-08-19 01:00:00+00:00,tt_sudirman,22.0,38.134743
3,2026-08-19 01:00:00+00:00,tt_tangerang,39.0,43.34221
3,2026-08-19 01:00:00+00:00,tt_tbsimatupang,18.0,57.51677
3,2026-08-19 01:00:00+00:00,tt_thamrin,22.0,22.34911
3,2026-08-19 03:00:00+00:00,tt_bekasi,15.999999,16.589668
3,2026-08-19 03:00:00+00:00,tt_bogor,37.0,34.848328
3,2026-08-19 03:00:00+00:00,tt_bsd,34.0,29.197681
3,2026-08-19 03:00:00+00:00,tt_cawang,20.0,31.2005
3,2026-08-19 03:00:00+00:00,tt_depok,31.0,28.488445
3,2026-08-19 03:00:00+00:00,tt_gatsu,45.0,40.59856
3,2026-08-19 03:00:00+00:00,tt_grogol,31.0,37.008606
3,2026-08-19 03:00:00+00:00,tt_kebonjeruk,23.0,29.40372
3,2026-08-19 03:00:00+00:00,tt_kelapagading,29.0,30.00217
3,2026-08-19 03:00:00+00:00,tt_kuningan,15.999999,19.912697
3,2026-08-19 03:00:00+00:00,tt_sudirman,24.0,37.776154
3,2026-08-19 03:00:00+00:00,tt_tangerang,40.0,42.956215
3,2026-08-19 03:00:00+00:00,tt_tbsimatupang,33.0,48.5114
3,2026-08-19 03:00:00+00:00,tt_thamrin,20.0,20.695992
3,2026-08-19 05:00:00+00:00,tt_bekasi,15.0,15.90194
3,2026-08-19 05:00:00+00:00,tt_bogor,32.0,34.669212
3,2026-08-19 05:00:00+00:00,tt_bsd,34.0,30.929863
3,2026-08-19 05:00:00+00:00,tt_cawang,17.0,21.988178
3,2026-08-19 05:00:00+00:00,tt_depok,31.0,25.671858
3,2026-08-19 05:00:00+00:00,tt_gatsu,45.0,27.045502
3,2026-08-19 05:00:00+00:00,tt_grogol,31.0,32.981544
3,2026-08-19 05:00:00+00:00,tt_kebonjeruk,24.0,25.567223
3,2026-08-19 05:00:00+00:00,tt_kelapagading,21.0,30.681625
3,2026-08-19 05:00:00+00:00,tt_kuningan,17.0,18.89368
3,2026-08-19 05:00:00+00:00,tt_sudirman,27.0,29.262043
3,2026-08-19 05:00:00+00:00,tt_tangerang,40.0,39.27162
3,2026-08-19 05:00:00+00:00,tt_tbsimatupang,43.0,35.408653
3,2026-08-19 05:00:00+00:00,tt_thamrin,17.0,21.09442
3,2026-08-19 06:00:00+00:00,tt_bekasi,18.0,17.09142
3,2026-08-19 06:00:00+00:00,tt_bogor,35.0,36.099247
3,2026-08-19 06:00:00+00:00,tt_bsd,34.0,31.873272
3,2026-08-19 06:00:00+00:00,tt_cawang,19.0,23.774637
3,2026-08-19 06:00:00+00:00,tt_depok,27.0,27.82162
3,2026-08-19 06:00:00+00:00,tt_gatsu,30.0,37.48184
3,2026-08-19 06:00:00+00:00,tt_grogol,27.0,32.3275
3,2026-08-19 06:00:00+00:00,tt_kebonjeruk,21.0,24.415838
3,2026-08-19 06:00:00+00:00,tt_kelapagading,21.0,31.488491
3,2026-08-19 06:00:00+00:00,tt_kuningan,21.0,18.354591
3,2026-08-19 06:00:00+00:00,tt_sudirman,18.0,29.025396
3,2026-08-19 06:00:00+00:00,tt_tangerang,38.0,39.22609
3,2026-08-19 06:00:00+00:00,tt_tbsimatupang,48.0,38.673172
3,2026-08-19 06:00:00+00:00,tt_thamrin,13.0,20.611944
3,2026-08-19 08:00:00+00:00,tt_bekasi,15.0,17.026962
3,2026-08-19 08:00:00+00:00,tt_bogor,34.0,35.58785
3,2026-08-19 08:00:00+00:00,tt_bsd,28.0,32.851692
3,2026-08-19 08:00:00+00:00,tt_cawang,32.0,23.011608
3,2026-08-19 08:00:00+00:00,tt_depok,25.0,29.651794
3,2026-08-19 08:00:00+00:00,tt_gatsu,26.0,44.804184
3,2026-08-19 08:00:00+00:00,tt_grogol,27.0,32.390644
3,2026-08-19 08:00:00+00:00,tt_kebonjeruk,18.0,24.133747
3,2026-08-19 08:00:00+00:00,tt_kelapagading,22.0,29.36907
3,2026-08-19 08:00:00+00:00,tt_kuningan,21.0,18.467611
3,2026-08-19 08:00:00+00:00,tt_sudirman,22.0,29.751709
3,2026-08-19 08:00:00+00:00,tt_tangerang,48.0,39.715313
3,2026-08-19 08:00:00+00:00,tt_tbsimatupang,32.0,42.23677
3,2026-08-19 08:00:00+00:00,tt_thamrin,8.0,19.564705
3,2026-08-19 10:00:00+00:00,tt_bekasi,13.0,18.354733
3,2026-08-19 10:00:00+00:00,tt_bogor,30.0,36.331127
3,2026-08-19 10:00:00+00:00,tt_bsd,34.0,32.93656
3,2026-08-19 10:00:00+00:00,tt_cawang,43.0,22.463123
3,2026-08-19 10:00:00+00:00,tt_depok,23.0,27.61446
3,2026-08-19 10:00:00+00:00,tt_gatsu,23.0,39.900436
3,2026-08-19 10:00:00+00:00,tt_grogol,30.0,30.235672
3,2026-08-19 10:00:00+00:00,tt_kebonjeruk,19.0,22.354675
3,2026-08-19 10:00:00+00:00,tt_kelapagading,22.0,27.4757
3,2026-08-19 10:00:00+00:00,tt_kuningan,15.999999,20.658943
3,2026-08-19 10:00:00+00:00,tt_sudirman,19.0,24.966768
3,2026-08-19 10:00:00+00:00,tt_tangerang,28.0,39.138393
3,2026-08-19 10:00:00+00:00,tt_tbsimatupang,34.0,46.318684
3,2026-08-19 10:00:00+00:00,tt_thamrin,17.0,17.012196
3,2026-08-19 11:00:00+00:00,tt_bekasi,18.0,17.797531
3,2026-08-19 11:00:00+00:00,tt_bogor,33.0,35.962082
3,2026-08-19 11:00:00+00:00,tt_bsd,27.0,30.200867
3,2026-08-19 11:00:00+00:00,tt_cawang,43.0,28.221844
3,2026-08-19 11:00:00+00:00,tt_depok,25.0,26.394499
3,2026-08-19 11:00:00+00:00,tt_gatsu,35.0,37.390335
3,2026-08-19 11:00:00+00:00,tt_grogol,32.0,30.138302
3,2026-08-19 11:00:00+00:00,tt_kebonjeruk,21.0,21.153898
3,2026-08-19 11:00:00+00:00,tt_kelapagading,20.0,27.722992
3,2026-08-19 11:00:00+00:00,tt_kuningan,15.999999,21.025173
3,2026-08-19 11:00:00+00:00,tt_sudirman,15.999999,25.815468
3,2026-08-19 11:00:00+00:00,tt_tangerang,26.0,42.16499
3,2026-08-19 11:00:00+00:00,tt_tbsimatupang,44.0,42.302692
3,2026-08-19 11:00:00+00:00,tt_thamrin,10.0,15.246178
3,2026-08-19 13:00:00+00:00,tt_bekasi,18.0,17.088257
3,2026-08-19 13:00:00+00:00,tt_bogor,45.0,33.926933
3,2026-08-19 13:00:00+00:00,tt_bsd,34.0,30.98367
3,2026-08-19 13:00:00+00:00,tt_cawang,43.0,37.151108
3,2026-08-19 13:00:00+00:00,tt_depok,25.0,24.891874
3,2026-08-19 13:00:00+00:00,tt_gatsu,45.0,33.965218
3,2026-08-19 13:00:00+00:00,tt_grogol,31.0,31.292953
3,2026-08-19 13:00:00+00:00,tt_kebonjeruk,27.0,20.556952
3,2026-08-19 13:00:00+00:00,tt_kelapagading,23.0,27.841133
3,2026-08-19 13:00:00+00:00,tt_kuningan,13.0,20.257666
3,2026-08-19 13:00:00+00:00,tt_sudirman,30.0,24.966581
3,2026-08-19 13:00:00+00:00,tt_tangerang,48.0,39.2091
3,2026-08-19 13:00:00+00:00,tt_tbsimatupang,72.0,39.16948
3,2026-08-19 13:00:00+00:00,tt_thamrin,20.0,17.60039
3,2026-08-19 15:00:00+00:00,tt_bekasi,15.999999,19.7397
3,2026-08-19 15:00:00+00:00,tt_bogor,38.0,34.237278
3,2026-08-19 15:00:00+00:00,tt_bsd,34.0,28.509527
3,2026-08-19 15:00:00+00:00,tt_cawang,32.0,42.4369
3,2026-08-19 15:00:00+00:00,tt_depok,31.0,25.423557
3,2026-08-19 15:00:00+00:00,tt_gatsu,45.0,38.823143
3,2026-08-19 15:00:00+00:00,tt_grogol,40.0,34.30075
3,2026-08-19 15:00:00+00:00,tt_kebonjeruk,31.0,21.674164
3,2026-08-19 15:00:00+00:00,tt_kelapagading,29.0,26.002821
3,2026-08-19 15:00:00+00:00,tt_kuningan,21.0,19.81541
3,2026-08-19 15:00:00+00:00,tt_sudirman,29.0,21.671097
3,2026-08-19 15:00:00+00:00,tt_tangerang,48.0,33.856964
3,2026-08-19 15:00:00+00:00,tt_tbsimatupang,72.0,43.153492
3,2026-08-19 15:00:00+00:00,tt_thamrin,21.0,15.834807
3,2026-08-19 16:00:00+00:00,tt_bekasi,18.0,19.97041
3,2026-08-19 16:00:00+00:00,tt_bogor,45.0,37.90264
3,2026-08-19 16:00:00+00:00,tt_bsd,34.0,31.96474
3,2026-08-19 16:00:00+00:00,tt_cawang,43.0,44.452057
3,2026-08-19 16:00:00+00:00,tt_depok,31.0,26.961887
3,2026-08-19 16:00:00+00:00,tt_gatsu,45.0,42.818108
3,2026-08-19 16:00:00+00:00,tt_grogol,40.0,35.015156
3,2026-08-19 16:00:00+00:00,tt_kebonjeruk,35.0,25.368816
3,2026-08-19 16:00:00+00:00,tt_kelapagading,29.0,26.768818
3,2026-08-19 16:00:00+00:00,tt_kuningan,21.0,19.041294
3,2026-08-19 16:00:00+00:00,tt_sudirman,39.0,27.64459
3,2026-08-19 16:00:00+00:00,tt_tangerang,48.0,41.10195
3,2026-08-19 16:00:00+00:00,tt_tbsimatupang,72.0,52.473305
3,2026-08-19 16:00:00+00:00,tt_thamrin,22.0,19.69233
3,2026-08-19 18:00:00+00:00,tt_bekasi,18.0,18.876959
3,2026-08-19 18:00:00+00:00,tt_bogor,45.0,37.5818
3,2026-08-19 18:00:00+00:00,tt_bsd,34.0,33.55764
3,2026-08-19 18:00:00+00:00,tt_cawang,43.0,41.25065
3,2026-08-19 18:00:00+00:00,tt_depok,31.0,28.864338
3,2026-08-19 18:00:00+00:00,tt_gatsu,45.0,44.074593
3,2026-08-19 18:00:00+00:00,tt_grogol,40.0,37.62512
3,2026-08-19 18:00:00+00:00,tt_kebonjeruk,35.0,29.284235
3,2026-08-19 18:00:00+00:00,tt_kelapagading,29.0,28.88863
3,2026-08-19 18:00:00+00:00,tt_kuningan,21.0,20.606085
3,2026-08-19 18:00:00+00:00,tt_sudirman,39.0,30.485893
3,2026-08-19 18:00:00+00:00,tt_tangerang,44.0,45.823578
3,2026-08-19 18:00:00+00:00,tt_tbsimatupang,72.0,58.01271
3,2026-08-19 18:00:00+00:00,tt_thamrin,22.0,22.4614
3,2026-08-19 20:00:00+00:00,tt_bekasi,18.0,19.441385
3,2026-08-19 20:00:00+00:00,tt_bogor,45.0,39.016296
3,2026-08-19 20:00:00+00:00,tt_bsd,34.0,33.07662
3,2026-08-19 20:00:00+00:00,tt_cawang,43.0,42.677402
3,2026-08-19 20:00:00+00:00,tt_depok,31.0,29.923561
3,2026-08-19 20:00:00+00:00,tt_gatsu,45.0,43.242058
3,2026-08-19 20:00:00+00:00,tt_grogol,40.0,39.155033
3,2026-08-19 20:00:00+00:00,tt_kebonjeruk,35.0,32.789555
3,2026-08-19 20:00:00+00:00,tt_kelapagading,29.0,30.347084
3,2026-08-19 20:00:00+00:00,tt_kuningan,21.0,22.518353
3,2026-08-19 20:00:00+00:00,tt_sudirman,39.0,36.722237
3,2026-08-19 20:00:00+00:00,tt_tangerang,48.0,45.58445
3,2026-08-19 20:00:00+00:00,tt_tbsimatupang,72.0,58.584618
3,2026-08-19 20:00:00+00:00,tt_thamrin,22.0,23.432804
3,2026-08-19 21:00:00+00:00,tt_bekasi,18.0,19.264694
3,2026-08-19 21:00:00+00:00,tt_bogor,45.0,38.980988
3,2026-08-19 21:00:00+00:00,tt_bsd,34.0,32.644356
3,2026-08-19 21:00:00+00:00,tt_cawang,43.0,42.24444
3,2026-08-19 21:00:00+00:00,tt_depok,31.0,29.963709
3,2026-08-19 21:00:00+00:00,tt_gatsu,45.0,42.808292
3,2026-08-19 21:00:00+00:00,tt_grogol,40.0,38.873474
3,2026-08-19 21:00:00+00:00,tt_kebonjeruk,35.0,33.064045
3,2026-08-19 21:00:00+00:00,tt_kelapagading,29.0,30.313318
3,2026-08-19 21:00:00+00:00,tt_kuningan,21.0,22.364296
3,2026-08-19 21:00:00+00:00,tt_sudirman,39.0,37.537262
3,2026-08-19 21:00:00+00:00,tt_tangerang,48.0,43.88661
3,2026-08-19 21:00:00+00:00,tt_tbsimatupang,72.0,58.272415
3,2026-08-19 21:00:00+00:00,tt_thamrin,22.0,23.262548
3,2026-08-19 23:00:00+00:00,tt_bekasi,17.0,18.881237
3,2026-08-19 23:00:00+00:00,tt_bogor,35.0,38.62273
3,2026-08-19 23:00:00+00:00,tt_bsd,34.0,32.16072
3,2026-08-19 23:00:00+00:00,tt_cawang,26.0,40.952156
3,2026-08-19 23:00:00+00:00,tt_depok,31.0,29.795145
3,2026-08-19 23:00:00+00:00,tt_gatsu,45.0,42.044662
3,2026-08-19 23:00:00+00:00,tt_grogol,35.0,38.329445
3,2026-08-19 23:00:00+00:00,tt_kebonjeruk,30.0,33.04825
3,2026-08-19 23:00:00+00:00,tt_kelapagading,29.0,30.04454
3,2026-08-19 23:00:00+00:00,tt_kuningan,21.0,21.73698
3,2026-08-19 23:00:00+00:00,tt_sudirman,39.0,37.889877
3,2026-08-19 23:00:00+00:00,tt_tangerang,48.0,43.06048
3,2026-08-19 23:00:00+00:00,tt_tbsimatupang,72.0,57.747746
3,2026-08-19 23:00:00+00:00,tt_thamrin,20.0,22.846386
3,2026-08-20 01:00:00+00:00,tt_bekasi,18.0,18.560925
3,2026-08-20 01:00:00+00:00,tt_bogor,35.0,38.378536
3,2026-08-20 01:00:00+00:00,tt_bsd,29.0,31.75796
3,2026-08-20 01:00:00+00:00,tt_cawang,14.0,39.752365
3,2026-08-20 01:00:00+00:00,tt_depok,31.0,29.631561
3,2026-08-20 01:00:00+00:00,tt_gatsu,37.0,41.542885
3,2026-08-20 01:00:00+00:00,tt_grogol,30.0,37.735104
3,2026-08-20 01:00:00+00:00,tt_kebonjeruk,26.0,32.897842
3,2026-08-20 01:00:00+00:00,tt_kelapagading,29.0,29.906847
3,2026-08-20 01:00:00+00:00,tt_kuningan,21.0,21.23307
3,2026-08-20 01:00:00+00:00,tt_sudirman,27.0,37.943645
3,2026-08-20 01:00:00+00:00,tt_tangerang,36.0,43.183563
3,2026-08-20 01:00:00+00:00,tt_tbsimatupang,18.0,57.4157
3,2026-08-20 01:00:00+00:00,tt_thamrin,18.0,22.458427
3,2026-08-20 02:00:00+00:00,tt_bekasi,18.0,17.830591
3,2026-08-20 02:00:00+00:00,tt_bogor,40.0,34.997074
3,2026-08-20 02:00:00+00:00,tt_bsd,34.0,31.550201
3,2026-08-20 02:00:00+00:00,tt_cawang,18.0,33.448063
3,2026-08-20 02:00:00+00:00,tt_depok,31.0,29.22791
3,2026-08-20 02:00:00+00:00,tt_gatsu,45.0,41.17437
3,2026-08-20 02:00:00+00:00,tt_grogol,30.0,35.748104
3,2026-08-20 02:00:00+00:00,tt_kebonjeruk,26.0,31.008
3,2026-08-20 02:00:00+00:00,tt_kelapagading,25.0,29.862085
3,2026-08-20 02:00:00+00:00,tt_kuningan,21.0,20.579529
3,2026-08-20 02:00:00+00:00,tt_sudirman,25.0,37.792114
3,2026-08-20 02:00:00+00:00,tt_tangerang,48.0,43.034157
3,2026-08-20 02:00:00+00:00,tt_tbsimatupang,21.0,56.89556
3,2026-08-20 02:00:00+00:00,tt_thamrin,18.0,21.383734
3,2026-08-20 04:00:00+00:00,tt_bekasi,15.0,17.586012
3,2026-08-20 04:00:00+00:00,tt_bogor,35.0,32.442066
3,2026-08-20 04:00:00+00:00,tt_bsd,34.0,28.56535
3,2026-08-20 04:00:00+00:00,tt_cawang,20.0,24.285818
3,2026-08-20 04:00:00+00:00,tt_depok,27.0,28.329208
3,2026-08-20 04:00:00+00:00,tt_gatsu,45.0,38.337727
3,2026-08-20 04:00:00+00:00,tt_grogol,25.0,31.950096
3,2026-08-20 04:00:00+00:00,tt_kebonjeruk,25.0,27.343857
3,2026-08-20 04:00:00+00:00,tt_kelapagading,22.0,30.241
3,2026-08-20 04:00:00+00:00,tt_kuningan,21.0,19.01156
3,2026-08-20 04:00:00+00:00,tt_sudirman,26.0,34.118553
3,2026-08-20 04:00:00+00:00,tt_tangerang,48.0,39.525444
3,2026-08-20 04:00:00+00:00,tt_tbsimatupang,45.0,44.20208
3,2026-08-20 04:00:00+00:00,tt_thamrin,13.0,19.512268
3,2026-08-20 06:00:00+00:00,tt_bekasi,15.0,18.213497
3,2026-08-20 06:00:00+00:00,tt_bogor,39.0,36.342705
3,2026-08-20 06:00:00+00:00,tt_bsd,34.0,31.032087
3,2026-08-20 06:00:00+00:00,tt_cawang,28.0,22.163843
3,2026-08-20 06:00:00+00:00,tt_depok,29.0,29.146866
3,2026-08-20 06:00:00+00:00,tt_gatsu,28.0,41.87488
3,2026-08-20 06:00:00+00:00,tt_grogol,29.0,30.40534
3,2026-08-20 06:00:00+00:00,tt_kebonjeruk,25.0,25.994278
3,2026-08-20 06:00:00+00:00,tt_kelapagading,20.0,28.71417
3,2026-08-20 06:00:00+00:00,tt_kuningan,15.999999,19.520649
3,2026-08-20 06:00:00+00:00,tt_sudirman,21.0,30.37262
3,2026-08-20 06:00:00+00:00,tt_tangerang,38.0,43.265335
3,2026-08-20 06:00:00+00:00,tt_tbsimatupang,27.0,36.797512
3,2026-08-20 06:00:00+00:00,tt_thamrin,12.0,18.86997
3,2026-08-20 07:00:00+00:00,tt_bekasi,15.999999,17.260931
3,2026-08-20 07:00:00+00:00,tt_bogor,36.0,36.482277
3,2026-08-20 07:00:00+00:00,tt_bsd,34.0,31.7415
3,2026-08-20 07:00:00+00:00,tt_cawang,21.0,22.600666
3,2026-08-20 07:00:00+00:00,tt_depok,26.0,28.05727
3,2026-08-20 07:00:00+00:00,tt_gatsu,20.0,43.885433
3,2026-08-20 07:00:00+00:00,tt_grogol,29.0,28.310347
3,2026-08-20 07:00:00+00:00,tt_kebonjeruk,22.0,25.368954
3,2026-08-20 07:00:00+00:00,tt_kelapagading,20.0,27.42165
3,2026-08-20 07:00:00+00:00,tt_kuningan,21.0,20.296537
3,2026-08-20 07:00:00+00:00,tt_sudirman,20.0,30.118069
3,2026-08-20 07:00:00+00:00,tt_tangerang,37.0,44.082138
3,2026-08-20 07:00:00+00:00,tt_tbsimatupang,49.0,42.990982
3,2026-08-20 07:00:00+00:00,tt_thamrin,12.0,17.084553
3,2026-08-20 09:00:00+00:00,tt_bekasi,14.0,16.602621
3,2026-08-20 09:00:00+00:00,tt_bogor,34.0,37.646122
3,2026-08-20 09:00:00+00:00,tt_bsd,28.0,32.204582
3,2026-08-20 09:00:00+00:00,tt_cawang,30.0,25.72509
3,2026-08-20 09:00:00+00:00,tt_depok,26.0,27.896742
3,2026-08-20 09:00:00+00:00,tt_gatsu,32.0,40.70256
3,2026-08-20 09:00:00+00:00,tt_grogol,31.0,28.483843
3,2026-08-20 09:00:00+00:00,tt_kebonjeruk,21.0,24.976974
3,2026-08-20 09:00:00+00:00,tt_kelapagading,21.0,25.984262
3,2026-08-20 09:00:00+00:00,tt_kuningan,13.0,18.59499
3,2026-08-20 09:00:00+00:00,tt_sudirman,23.0,28.008846
3,2026-08-20 09:00:00+00:00,tt_tangerang,34.0,42.345238
3,2026-08-20 09:00:00+00:00,tt_tbsimatupang,47.0,40.490818
3,2026-08-20 09:00:00+00:00,tt_thamrin,18.0,15.809266
3,2026-08-20 11:00:00+00:00,tt_bekasi,18.0,17.100412
3,2026-08-20 11:00:00+00:00,tt_bogor,35.0,37.458595
3,2026-08-20 11:00:00+00:00,tt_bsd,34.0,32.520615
3,2026-08-20 11:00:00+00:00,tt_cawang,33.0,23.509506
3,2026-08-20 11:00:00+00:00,tt_depok,26.0,26.658417
3,2026-08-20 11:00:00+00:00,tt_gatsu,7.0,33.999855
3,2026-08-20 11:00:00+00:00,tt_grogol,29.0,29.986364
3,2026-08-20 11:00:00+00:00,tt_kebonjeruk,18.0,23.38612
3,2026-08-20 11:00:00+00:00,tt_kelapagading,21.0,25.304893
3,2026-08-20 11:00:00+00:00,tt_kuningan,15.999999,20.789211
3,2026-08-20 11:00:00+00:00,tt_sudirman,12.0,25.908264
3,2026-08-20 11:00:00+00:00,tt_tangerang,35.0,40.076015
3,2026-08-20 11:00:00+00:00,tt_tbsimatupang,24.0,46.72779
3,2026-08-20 11:00:00+00:00,tt_thamrin,10.0,15.723852
3,2026-08-20 12:00:00+00:00,tt_bekasi,14.0,17.165646
3,2026-08-20 12:00:00+00:00,tt_bogor,37.0,36.5738
3,2026-08-20 12:00:00+00:00,tt_bsd,34.0,29.857002
3,2026-08-20 12:00:00+00:00,tt_cawang,43.0,27.32013
3,2026-08-20 12:00:00+00:00,tt_depok,24.0,26.427633
3,2026-08-20 12:00:00+00:00,tt_gatsu,10.0,37.14036
3,2026-08-20 12:00:00+00:00,tt_grogol,32.0,31.477085
3,2026-08-20 12:00:00+00:00,tt_kebonjeruk,23.0,22.863626
3,2026-08-20 12:00:00+00:00,tt_kelapagading,21.0,25.780952
3,2026-08-20 12:00:00+00:00,tt_kuningan,13.0,18.885267
3,2026-08-20 12:00:00+00:00,tt_sudirman,22.0,26.968147
3,2026-08-20 12:00:00+00:00,tt_tangerang,48.0,38.694595
3,2026-08-20 12:00:00+00:00,tt_tbsimatupang,40.0,47.258266
3,2026-08-20 12:00:00+00:00,tt_thamrin,9.0,18.050219
3,2026-08-20 14:00:00+00:00,tt_bekasi,18.0,18.2682
3,2026-08-20 14:00:00+00:00,tt_bogor,38.0,35.83605
3,2026-08-20 14:00:00+00:00,tt_bsd,27.0,30.725462
3,2026-08-20 14:00:00+00:00,tt_cawang,32.0,31.660439
3,2026-08-20 14:00:00+00:00,tt_depok,31.0,25.797592
3,2026-08-20 14:00:00+00:00,tt_gatsu,45.0,30.821924
3,2026-08-20 14:00:00+00:00,tt_grogol,40.0,31.85759
3,2026-08-20 14:00:00+00:00,tt_kebonjeruk,28.0,21.334797
3,2026-08-20 14:00:00+00:00,tt_kelapagading,29.0,25.487328
3,2026-08-20 14:00:00+00:00,tt_kuningan,15.999999,17.642887
3,2026-08-20 14:00:00+00:00,tt_sudirman,39.0,22.468956
3,2026-08-20 14:00:00+00:00,tt_tangerang,48.0,38.225067
3,2026-08-20 14:00:00+00:00,tt_tbsimatupang,59.0,40.431904
3,2026-08-20 14:00:00+00:00,tt_thamrin,13.0,16.638655
3,2026-08-20 16:00:00+00:00,tt_bekasi,15.0,17.361511
3,2026-08-20 16:00:00+00:00,tt_bogor,45.0,36.836807
3,2026-08-20 16:00:00+00:00,tt_bsd,34.0,32.965294
3,2026-08-20 16:00:00+00:00,tt_cawang,43.0,41.610085
3,2026-08-20 16:00:00+00:00,tt_depok,31.0,24.605255
3,2026-08-20 16:00:00+00:00,tt_gatsu,45.0,25.837446
3,2026-08-20 16:00:00+00:00,tt_grogol,40.0,34.298023
3,2026-08-20 16:00:00+00:00,tt_kebonjeruk,35.0,23.807322
3,2026-08-20 16:00:00+00:00,tt_kelapagading,29.0,24.96015
3,2026-08-20 16:00:00+00:00,tt_kuningan,21.0,17.120495
3,2026-08-20 16:00:00+00:00,tt_sudirman,39.0,25.011282
3,2026-08-20 16:00:00+00:00,tt_tangerang,48.0,44.529434
3,2026-08-20 16:00:00+00:00,tt_tbsimatupang,72.0,42.69974
3,2026-08-20 16:00:00+00:00,tt_thamrin,22.0,15.156908
3,2026-08-20 17:00:00+00:00,tt_bekasi,18.0,19.59478
3,2026-08-20 17:00:00+00:00,tt_bogor,45.0,37.045235
3,2026-08-20 17:00:00+00:00,tt_bsd,34.0,31.209974
3,2026-08-20 17:00:00+00:00,tt_cawang,43.0,40.835747
3,2026-08-20 17:00:00+00:00,tt_depok,31.0,27.720518
3,2026-08-20 17:00:00+00:00,tt_gatsu,45.0,38.198814
3,2026-08-20 17:00:00+00:00,tt_grogol,40.0,37.89872
3,2026-08-20 17:00:00+00:00,tt_kebonjeruk,35.0,26.359081
3,2026-08-20 17:00:00+00:00,tt_kelapagading,29.0,28.696125
3,2026-08-20 17:00:00+00:00,tt_kuningan,21.0,19.08691
3,2026-08-20 17:00:00+00:00,tt_sudirman,39.0,33.970547
3,2026-08-20 17:00:00+00:00,tt_tangerang,48.0,45.450844
3,2026-08-20 17:00:00+00:00,tt_tbsimatupang,72.0,49.30081
3,2026-08-20 17:00:00+00:00,tt_thamrin,22.0,17.059517
3,2026-08-20 19:00:00+00:00,tt_bekasi,18.0,19.32544
3,2026-08-20 19:00:00+00:00,tt_bogor,45.0,38.823185
3,2026-08-20 19:00:00+00:00,tt_bsd,34.0,31.775051
3,2026-08-20 19:00:00+00:00,tt_cawang,43.0,41.793003
3,2026-08-20 19:00:00+00:00,tt_depok,31.0,30.162922
3,2026-08-20 19:00:00+00:00,tt_gatsu,45.0,44.045406
3,2026-08-20 19:00:00+00:00,tt_grogol,40.0,40.023716
3,2026-08-20 19:00:00+00:00,tt_kebonjeruk,35.0,30.769749
3,2026-08-20 19:00:00+00:00,tt_kelapagading,29.0,30.930578
3,2026-08-20 19:00:00+00:00,tt_kuningan,21.0,22.060865
3,2026-08-20 19:00:00+00:00,tt_sudirman,39.0,39.565918
3,2026-08-20 19:00:00+00:00,tt_tangerang,48.0,45.79461
3,2026-08-20 19:00:00+00:00,tt_tbsimatupang,72.0,56.933605
3,2026-08-20 19:00:00+00:00,tt_thamrin,22.0,21.179565
3,2026-08-20 21:00:00+00:00,tt_bekasi,18.0,19.89074
3,2026-08-20 21:00:00+00:00,tt_bogor,45.0,39.475395
3,2026-08-20 21:00:00+00:00,tt_bsd,34.0,32.49087
3,2026-08-20 21:00:00+00:00,tt_cawang,43.0,42.192516
3,2026-08-20 21:00:00+00:00,tt_depok,31.0,30.428198
3,2026-08-20 21:00:00+00:00,tt_gatsu,45.0,43.38526
3,2026-08-20 21:00:00+00:00,tt_grogol,40.0,39.338882
3,2026-08-20 21:00:00+00:00,tt_kebonjeruk,35.0,32.82795
3,2026-08-20 21:00:00+00:00,tt_kelapagading,29.0,30.87196
3,2026-08-20 21:00:00+00:00,tt_kuningan,21.0,22.82119
3,2026-08-20 21:00:00+00:00,tt_sudirman,39.0,39.750214
3,2026-08-20 21:00:00+00:00,tt_tangerang,48.0,44.977867
3,2026-08-20 21:00:00+00:00,tt_tbsimatupang,72.0,58.52244
3,2026-08-20 21:00:00+00:00,tt_thamrin,22.0,22.71806
3,2026-08-20 22:00:00+00:00,tt_bekasi,18.0,19.656052
3,2026-08-20 22:00:00+00:00,tt_bogor,45.0,39.250336
3,2026-08-20 22:00:00+00:00,tt_bsd,34.0,32.35285
3,2026-08-20 22:00:00+00:00,tt_cawang,43.0,41.664677
3,2026-08-20 22:00:00+00:00,tt_depok,31.0,30.293636
3,2026-08-20 22:00:00+00:00,tt_gatsu,45.0,42.981014
3,2026-08-20 22:00:00+00:00,tt_grogol,40.0,38.800358
3,2026-08-20 22:00:00+00:00,tt_kebonjeruk,35.0,32.93624
3,2026-08-20 22:00:00+00:00,tt_kelapagading,29.0,30.671352
3,2026-08-20 22:00:00+00:00,tt_kuningan,21.0,22.491386
3,2026-08-20 22:00:00+00:00,tt_sudirman,39.0,39.45874
3,2026-08-20 22:00:00+00:00,tt_tangerang,48.0,44.55065
3,2026-08-20 22:00:00+00:00,tt_tbsimatupang,72.0,58.28282
3,2026-08-20 22:00:00+00:00,tt_thamrin,22.0,22.649517
3,2026-08-21 00:00:00+00:00,tt_bekasi,18.0,19.208796
3,2026-08-21 00:00:00+00:00,tt_bogor,35.0,38.780823
3,2026-08-21 00:00:00+00:00,tt_bsd,29.0,31.966722
3,2026-08-21 00:00:00+00:00,tt_cawang,18.0,40.534958
3,2026-08-21 00:00:00+00:00,tt_depok,25.0,30.000471
3,2026-08-21 00:00:00+00:00,tt_gatsu,45.0,42.118034
3,2026-08-21 00:00:00+00:00,tt_grogol,34.0,37.95183
3,2026-08-21 00:00:00+00:00,tt_kebonjeruk,25.0,32.82538
3,2026-08-21 00:00:00+00:00,tt_kelapagading,26.0,30.377281
3,2026-08-21 00:00:00+00:00,tt_kuningan,21.0,21.934053
3,2026-08-21 00:00:00+00:00,tt_sudirman,31.0,38.965042
3,2026-08-21 00:00:00+00:00,tt_tangerang,37.0,43.900356
3,2026-08-21 00:00:00+00:00,tt_tbsimatupang,32.0,57.760956
3,2026-08-21 00:00:00+00:00,tt_thamrin,22.0,22.27402
3,2026-08-21 02:00:00+00:00,tt_bekasi,17.0,18.788212
3,2026-08-21 02:00:00+00:00,tt_bogor,37.0,38.436203
3,2026-08-21 02:00:00+00:00,tt_bsd,28.0,31.56755
3,2026-08-21 02:00:00+00:00,tt_cawang,19.0,39.594578
3,2026-08-21 02:00:00+00:00,tt_depok,26.0,29.753893
3,2026-08-21 02:00:00+00:00,tt_gatsu,45.0,41.550003
3,2026-08-21 02:00:00+00:00,tt_grogol,31.0,37.38034
3,2026-08-21 02:00:00+00:00,tt_kebonjeruk,26.0,32.67216
3,2026-08-21 02:00:00+00:00,tt_kelapagading,29.0,30.165249
3,2026-08-21 02:00:00+00:00,tt_kuningan,21.0,21.434752
3,2026-08-21 02:00:00+00:00,tt_sudirman,23.0,38.598907
3,2026-08-21 02:00:00+00:00,tt_tangerang,37.0,43.510822
3,2026-08-21 02:00:00+00:00,tt_tbsimatupang,37.0,57.4146
3,2026-08-21 02:00:00+00:00,tt_thamrin,22.0,21.958931
3,2026-08-21 03:00:00+00:00,tt_bekasi,15.0,18.165642
3,2026-08-21 03:00:00+00:00,tt_bogor,38.0,34.73439
3,2026-08-21 03:00:00+00:00,tt_bsd,34.0,28.581528
3,2026-08-21 03:00:00+00:00,tt_cawang,21.0,30.883335
3,2026-08-21 03:00:00+00:00,tt_depok,31.0,26.116356
3,2026-08-21 03:00:00+00:00,tt_gatsu,45.0,40.411358
3,2026-08-21 03:00:00+00:00,tt_grogol,27.0,35.161263
3,2026-08-21 03:00:00+00:00,tt_kebonjeruk,24.0,28.512041
3,2026-08-21 03:00:00+00:00,tt_kelapagading,23.0,28.692476
3,2026-08-21 03:00:00+00:00,tt_kuningan,15.999999,20.057926
3,2026-08-21 03:00:00+00:00,tt_sudirman,28.0,35.340313
3,2026-08-21 03:00:00+00:00,tt_tangerang,48.0,39.737743
3,2026-08-21 03:00:00+00:00,tt_tbsimatupang,48.0,46.477337
3,2026-08-21 03:00:00+00:00,tt_thamrin,15.999999,21.516462
3,2026-08-21 05:00:00+00:00,tt_bekasi,15.999999,17.737528
3,2026-08-21 05:00:00+00:00,tt_bogor,45.0,34.640156
3,2026-08-21 05:00:00+00:00,tt_bsd,34.0,26.599182
3,2026-08-21 05:00:00+00:00,tt_cawang,43.0,24.739357
3,2026-08-21 05:00:00+00:00,tt_depok,31.0,24.48294
3,2026-08-21 05:00:00+00:00,tt_gatsu,45.0,41.87162
3,2026-08-21 05:00:00+00:00,tt_grogol,32.0,32.7998
3,2026-08-21 05:00:00+00:00,tt_kebonjeruk,27.0,25.907442
3,2026-08-21 05:00:00+00:00,tt_kelapagading,23.0,29.460476
3,2026-08-21 05:00:00+00:00,tt_kuningan,21.0,19.567305
3,2026-08-21 05:00:00+00:00,tt_sudirman,34.0,30.359875
3,2026-08-21 05:00:00+00:00,tt_tangerang,48.0,37.633984
3,2026-08-21 05:00:00+00:00,tt_tbsimatupang,72.0,41.716713
3,2026-08-21 05:00:00+00:00,tt_thamrin,21.0,21.57877
3,2026-08-21 07:00:00+00:00,tt_bekasi,14.0,16.611742
3,2026-08-21 07:00:00+00:00,tt_bogor,35.0,36.77226
3,2026-08-21 07:00:00+00:00,tt_bsd,34.0,30.907612
3,2026-08-21 07:00:00+00:00,tt_cawang,28.0,24.532734
3,2026-08-21 07:00:00+00:00,tt_depok,25.0,28.877247
3,2026-08-21 07:00:00+00:00,tt_gatsu,36.0,44.26857
3,2026-08-21 07:00:00+00:00,tt_grogol,28.0,29.564579
3,2026-08-21 07:00:00+00:00,tt_kebonjeruk,21.0,24.907545
3,2026-08-21 07:00:00+00:00,tt_kelapagading,20.0,27.108166
3,2026-08-21 07:00:00+00:00,tt_kuningan,21.0,17.444971
3,2026-08-21 07:00:00+00:00,tt_sudirman,18.0,30.728806
3,2026-08-21 07:00:00+00:00,tt_tangerang,39.0,43.25005
3,2026-08-21 07:00:00+00:00,tt_tbsimatupang,52.0,46.375774
3,2026-08-21 07:00:00+00:00,tt_thamrin,18.0,18.559696
3,2026-08-21 08:00:00+00:00,tt_bekasi,15.999999,17.31025
3,2026-08-21 08:00:00+00:00,tt_bogor,34.0,39.6342
3,2026-08-21 08:00:00+00:00,tt_bsd,34.0,31.944258
3,2026-08-21 08:00:00+00:00,tt_cawang,31.0,33.795193
3,2026-08-21 08:00:00+00:00,tt_depok,25.0,30.259789
3,2026-08-21 08:00:00+00:00,tt_gatsu,35.0,45.946835
3,2026-08-21 08:00:00+00:00,tt_grogol,29.0,31.538916
3,2026-08-21 08:00:00+00:00,tt_kebonjeruk,24.0,26.12215
3,2026-08-21 08:00:00+00:00,tt_kelapagading,21.0,27.209816
3,2026-08-21 08:00:00+00:00,tt_kuningan,17.0,20.203785
3,2026-08-21 08:00:00+00:00,tt_sudirman,24.0,34.15736
3,2026-08-21 08:00:00+00:00,tt_tangerang,40.0,44.604523
3,2026-08-21 08:00:00+00:00,tt_tbsimatupang,38.0,53.8332
3,2026-08-21 08:00:00+00:00,tt_thamrin,10.0,20.680061
3,2026-08-21 10:00:00+00:00,tt_bekasi,15.0,16.349892
3,2026-08-21 10:00:00+00:00,tt_bogor,32.0,37.13531
3,2026-08-21 10:00:00+00:00,tt_bsd,34.0,31.907164
3,2026-08-21 10:00:00+00:00,tt_cawang,22.0,33.66208
3,2026-08-21 10:00:00+00:00,tt_depok,24.0,27.474468
3,2026-08-21 10:00:00+00:00,tt_gatsu,34.0,42.352684
3,2026-08-21 10:00:00+00:00,tt_grogol,32.0,30.406597
3,2026-08-21 10:00:00+00:00,tt_kebonjeruk,20.0,23.954027
3,2026-08-21 10:00:00+00:00,tt_kelapagading,19.0,25.148865
3,2026-08-21 10:00:00+00:00,tt_kuningan,13.0,20.521587
3,2026-08-21 10:00:00+00:00,tt_sudirman,22.0,29.906355
3,2026-08-21 10:00:00+00:00,tt_tangerang,29.0,42.50901
3,2026-08-21 10:00:00+00:00,tt_tbsimatupang,27.0,52.16082
3,2026-08-21 10:00:00+00:00,tt_thamrin,19.0,20.404842
6,2026-08-18 07:00:00+00:00,tt_bekasi,15.0,16.992973
6,2026-08-18 07:00:00+00:00,tt_bogor,34.0,34.261784
6,2026-08-18 07:00:00+00:00,tt_bsd,30.0,30.062044
6,2026-08-18 07:00:00+00:00,tt_cawang,43.0,28.85833
6,2026-08-18 07:00:00+00:00,tt_depok,31.0,26.368343
6,2026-08-18 07:00:00+00:00,tt_gatsu,45.0,42.37483
6,2026-08-18 07:00:00+00:00,tt_grogol,32.0,31.346045
6,2026-08-18 07:00:00+00:00,tt_kebonjeruk,25.0,29.153845
6,2026-08-18 07:00:00+00:00,tt_kelapagading,22.0,33.640903
6,2026-08-18 07:00:00+00:00,tt_kuningan,15.0,19.730125
6,2026-08-18 07:00:00+00:00,tt_sudirman,28.0,36.925953
6,2026-08-18 07:00:00+00:00,tt_tangerang,38.0,38.990677
6,2026-08-18 07:00:00+00:00,tt_tbsimatupang,57.0,45.026516
6,2026-08-18 07:00:00+00:00,tt_thamrin,22.0,20.659332
6,2026-08-18 09:00:00+00:00,tt_bekasi,14.0,17.154055
6,2026-08-18 09:00:00+00:00,tt_bogor,35.0,36.7425
6,2026-08-18 09:00:00+00:00,tt_bsd,28.0,31.307037
6,2026-08-18 09:00:00+00:00,tt_cawang,29.0,27.628473
6,2026-08-18 09:00:00+00:00,tt_depok,24.0,29.179853
6,2026-08-18 09:00:00+00:00,tt_gatsu,45.0,41.613052
6,2026-08-18 09:00:00+00:00,tt_grogol,32.0,29.64224
6,2026-08-18 09:00:00+00:00,tt_kebonjeruk,23.0,27.739103
6,2026-08-18 09:00:00+00:00,tt_kelapagading,23.0,34.46528
6,2026-08-18 09:00:00+00:00,tt_kuningan,21.0,20.200317
6,2026-08-18 09:00:00+00:00,tt_sudirman,31.0,33.98812
6,2026-08-18 09:00:00+00:00,tt_tangerang,38.0,42.602455
6,2026-08-18 09:00:00+00:00,tt_tbsimatupang,43.0,40.28474
6,2026-08-18 09:00:00+00:00,tt_thamrin,22.0,20.19271
6,2026-08-18 10:00:00+00:00,tt_bekasi,14.0,17.163929
6,2026-08-18 10:00:00+00:00,tt_bogor,35.0,35.91276
6,2026-08-18 10:00:00+00:00,tt_bsd,34.0,30.025831
6,2026-08-18 10:00:00+00:00,tt_cawang,30.0,27.387493
6,2026-08-18 10:00:00+00:00,tt_depok,25.0,29.76617
6,2026-08-18 10:00:00+00:00,tt_gatsu,3.999998,41.37165
6,2026-08-18 10:00:00+00:00,tt_grogol,31.0,29.539608
6,2026-08-18 10:00:00+00:00,tt_kebonjeruk,21.0,27.391138
6,2026-08-18 10:00:00+00:00,tt_kelapagading,21.0,35.126114
6,2026-08-18 10:00:00+00:00,tt_kuningan,14.0,19.609684
6,2026-08-18 10:00:00+00:00,tt_sudirman,23.0,33.56864
6,2026-08-18 10:00:00+00:00,tt_tangerang,34.0,41.443684
6,2026-08-18 10:00:00+00:00,tt_tbsimatupang,44.0,47.12339
6,2026-08-18 10:00:00+00:00,tt_thamrin,22.0,20.467888
6,2026-08-18 12:00:00+00:00,tt_bekasi,14.0,17.319664
6,2026-08-18 12:00:00+00:00,tt_bogor,35.0,36.575756
6,2026-08-18 12:00:00+00:00,tt_bsd,34.0,28.654268
6,2026-08-18 12:00:00+00:00,tt_cawang,34.0,28.595861
6,2026-08-18 12:00:00+00:00,tt_depok,26.0,27.933622
6,2026-08-18 12:00:00+00:00,tt_gatsu,45.0,45.324368
6,2026-08-18 12:00:00+00:00,tt_grogol,32.0,34.582424
6,2026-08-18 12:00:00+00:00,tt_kebonjeruk,25.0,25.686743
6,2026-08-18 12:00:00+00:00,tt_kelapagading,22.0,32.970657
6,2026-08-18 12:00:00+00:00,tt_kuningan,13.0,20.731133
6,2026-08-18 12:00:00+00:00,tt_sudirman,29.0,35.625427
6,2026-08-18 12:00:00+00:00,tt_tangerang,48.0,41.870876
6,2026-08-18 12:00:00+00:00,tt_tbsimatupang,72.0,49.87285
6,2026-08-18 12:00:00+00:00,tt_thamrin,17.0,21.643867
6,2026-08-18 14:00:00+00:00,tt_bekasi,15.999999,17.397026
6,2026-08-18 14:00:00+00:00,tt_bogor,45.0,34.59747
6,2026-08-18 14:00:00+00:00,tt_bsd,34.0,29.126017
6,2026-08-18 14:00:00+00:00,tt_cawang,32.0,37.21923
6,2026-08-18 14:00:00+00:00,tt_depok,26.0,29.371138
6,2026-08-18 14:00:00+00:00,tt_gatsu,45.0,45.78496
6,2026-08-18 14:00:00+00:00,tt_grogol,40.0,34.295967
6,2026-08-18 14:00:00+00:00,tt_kebonjeruk,31.0,25.815168
6,2026-08-18 14:00:00+00:00,tt_kelapagading,29.0,31.68822
6,2026-08-18 14:00:00+00:00,tt_kuningan,15.999999,19.163792
6,2026-08-18 14:00:00+00:00,tt_sudirman,30.0,34.022243
6,2026-08-18 14:00:00+00:00,tt_tangerang,48.0,41.1228
6,2026-08-18 14:00:00+00:00,tt_tbsimatupang,72.0,50.478325
6,2026-08-18 14:00:00+00:00,tt_thamrin,22.0,23.111454
6,2026-08-18 15:00:00+00:00,tt_bekasi,15.999999,17.104782
6,2026-08-18 15:00:00+00:00,tt_bogor,45.0,34.585495
6,2026-08-18 15:00:00+00:00,tt_bsd,34.0,28.240795
6,2026-08-18 15:00:00+00:00,tt_cawang,43.0,35.21858
6,2026-08-18 15:00:00+00:00,tt_depok,31.0,27.662992
6,2026-08-18 15:00:00+00:00,tt_gatsu,45.0,46.19904
6,2026-08-18 15:00:00+00:00,tt_grogol,40.0,34.28299
6,2026-08-18 15:00:00+00:00,tt_kebonjeruk,35.0,25.242281
6,2026-08-18 15:00:00+00:00,tt_kelapagading,29.0,31.323868
6,2026-08-18 15:00:00+00:00,tt_kuningan,21.0,19.981457
6,2026-08-18 15:00:00+00:00,tt_sudirman,39.0,34.374428
6,2026-08-18 15:00:00+00:00,tt_tangerang,48.0,41.082806
6,2026-08-18 15:00:00+00:00,tt_tbsimatupang,72.0,48.471386
6,2026-08-18 15:00:00+00:00,tt_thamrin,22.0,23.690563
6,2026-08-18 17:00:00+00:00,tt_bekasi,17.0,17.395733
6,2026-08-18 17:00:00+00:00,tt_bogor,45.0,34.455406
6,2026-08-18 17:00:00+00:00,tt_bsd,34.0,30.617275
6,2026-08-18 17:00:00+00:00,tt_cawang,43.0,36.28083
6,2026-08-18 17:00:00+00:00,tt_depok,31.0,26.059166
6,2026-08-18 17:00:00+00:00,tt_gatsu,45.0,39.575775
6,2026-08-18 17:00:00+00:00,tt_grogol,40.0,34.560448
6,2026-08-18 17:00:00+00:00,tt_kebonjeruk,35.0,23.910336
6,2026-08-18 17:00:00+00:00,tt_kelapagading,29.0,29.904566
6,2026-08-18 17:00:00+00:00,tt_kuningan,21.0,18.694347
6,2026-08-18 17:00:00+00:00,tt_sudirman,39.0,32.293747
6,2026-08-18 17:00:00+00:00,tt_tangerang,48.0,39.43122
6,2026-08-18 17:00:00+00:00,tt_tbsimatupang,72.0,46.937653
6,2026-08-18 17:00:00+00:00,tt_thamrin,22.0,24.882042
6,2026-08-18 19:00:00+00:00,tt_bekasi,17.0,17.951042
6,2026-08-18 19:00:00+00:00,tt_bogor,45.0,33.341026
6,2026-08-18 19:00:00+00:00,tt_bsd,34.0,30.908161
6,2026-08-18 19:00:00+00:00,tt_cawang,43.0,38.16638
6,2026-08-18 19:00:00+00:00,tt_depok,31.0,26.632938
6,2026-08-18 19:00:00+00:00,tt_gatsu,45.0,46.262405
6,2026-08-18 19:00:00+00:00,tt_grogol,40.0,34.67852
6,2026-08-18 19:00:00+00:00,tt_kebonjeruk,35.0,24.41699
6,2026-08-18 19:00:00+00:00,tt_kelapagading,29.0,28.712955
6,2026-08-18 19:00:00+00:00,tt_kuningan,21.0,18.085907
6,2026-08-18 19:00:00+00:00,tt_sudirman,39.0,33.466316
6,2026-08-18 19:00:00+00:00,tt_tangerang,48.0,43.141544
6,2026-08-18 19:00:00+00:00,tt_tbsimatupang,72.0,54.108818
6,2026-08-18 19:00:00+00:00,tt_thamrin,22.0,23.897
6,2026-08-18 20:00:00+00:00,tt_bekasi,17.0,18.155243
6,2026-08-18 20:00:00+00:00,tt_bogor,45.0,34.917896
6,2026-08-18 20:00:00+00:00,tt_bsd,34.0,30.712757
6,2026-08-18 20:00:00+00:00,tt_cawang,43.0,37.154095
6,2026-08-18 20:00:00+00:00,tt_depok,31.0,26.552776
6,2026-08-18 20:00:00+00:00,tt_gatsu,45.0,46.284668
6,2026-08-18 20:00:00+00:00,tt_grogol,40.0,36.466522
6,2026-08-18 20:00:00+00:00,tt_kebonjeruk,35.0,26.494537
6,2026-08-18 20:00:00+00:00,tt_kelapagading,29.0,30.160069
6,2026-08-18 20:00:00+00:00,tt_kuningan,21.0,17.979427
6,2026-08-18 20:00:00+00:00,tt_sudirman,39.0,33.537773
6,2026-08-18 20:00:00+00:00,tt_tangerang,48.0,43.07051
6,2026-08-18 20:00:00+00:00,tt_tbsimatupang,72.0,54.369408
6,2026-08-18 20:00:00+00:00,tt_thamrin,22.0,24.876835
6,2026-08-18 22:00:00+00:00,tt_bekasi,17.0,17.907368
6,2026-08-18 22:00:00+00:00,tt_bogor,45.0,35.54539
6,2026-08-18 22:00:00+00:00,tt_bsd,34.0,30.336775
6,2026-08-18 22:00:00+00:00,tt_cawang,43.0,38.788338
6,2026-08-18 22:00:00+00:00,tt_depok,31.0,27.523327
6,2026-08-18 22:00:00+00:00,tt_gatsu,45.0,44.327206
6,2026-08-18 22:00:00+00:00,tt_grogol,40.0,36.793266
6,2026-08-18 22:00:00+00:00,tt_kebonjeruk,35.0,29.299652
6,2026-08-18 22:00:00+00:00,tt_kelapagading,29.0,30.24142
6,2026-08-18 22:00:00+00:00,tt_kuningan,21.0,19.760908
6,2026-08-18 22:00:00+00:00,tt_sudirman,39.0,36.81075
6,2026-08-18 22:00:00+00:00,tt_tangerang,48.0,42.21208
6,2026-08-18 22:00:00+00:00,tt_tbsimatupang,72.0,53.17659
6,2026-08-18 22:00:00+00:00,tt_thamrin,22.0,24.651676
6,2026-08-19 00:00:00+00:00,tt_bekasi,15.0,17.988789
6,2026-08-19 00:00:00+00:00,tt_bogor,35.0,35.258484
6,2026-08-19 00:00:00+00:00,tt_bsd,29.0,30.054817
6,2026-08-19 00:00:00+00:00,tt_cawang,20.0,38.319458
6,2026-08-19 00:00:00+00:00,tt_depok,31.0,27.776932
6,2026-08-19 00:00:00+00:00,tt_gatsu,45.0,42.187363
6,2026-08-19 00:00:00+00:00,tt_grogol,40.0,35.98692
6,2026-08-19 00:00:00+00:00,tt_kebonjeruk,27.0,30.344873
6,2026-08-19 00:00:00+00:00,tt_kelapagading,29.0,30.622355
6,2026-08-19 00:00:00+00:00,tt_kuningan,21.0,20.23272
6,2026-08-19 00:00:00+00:00,tt_sudirman,39.0,37.117928
6,2026-08-19 00:00:00+00:00,tt_tangerang,48.0,41.47086
6,2026-08-19 00:00:00+00:00,tt_tbsimatupang,39.0,52.44496
6,2026-08-19 00:00:00+00:00,tt_thamrin,19.0,23.928001
6,2026-08-19 01:00:00+00:00,tt_bekasi,15.999999,18.043154
6,2026-08-19 01:00:00+00:00,tt_bogor,37.0,35.19985
6,2026-08-19 01:00:00+00:00,tt_bsd,34.0,29.924417
6,2026-08-19 01:00:00+00:00,tt_cawang,13.0,37.671955
6,2026-08-19 01:00:00+00:00,tt_depok,27.0,27.780958
6,2026-08-19 01:00:00+00:00,tt_gatsu,13.0,41.330956
6,2026-08-19 01:00:00+00:00,tt_grogol,32.0,35.73685
6,2026-08-19 01:00:00+00:00,tt_kebonjeruk,25.0,30.561087
6,2026-08-19 01:00:00+00:00,tt_kelapagading,29.0,30.821987
6,2026-08-19 01:00:00+00:00,tt_kuningan,21.0,20.44339
6,2026-08-19 01:00:00+00:00,tt_sudirman,22.0,37.227898
6,2026-08-19 01:00:00+00:00,tt_tangerang,39.0,41.23826
6,2026-08-19 01:00:00+00:00,tt_tbsimatupang,18.0,52.18519
6,2026-08-19 01:00:00+00:00,tt_thamrin,22.0,23.468151
6,2026-08-19 03:00:00+00:00,tt_bekasi,15.999999,18.122158
6,2026-08-19 03:00:00+00:00,tt_bogor,37.0,35.020264
6,2026-08-19 03:00:00+00:00,tt_bsd,34.0,29.70568
6,2026-08-19 03:00:00+00:00,tt_cawang,20.0,37.023186
6,2026-08-19 03:00:00+00:00,tt_depok,31.0,27.800941
6,2026-08-19 03:00:00+00:00,tt_gatsu,45.0,39.969868
6,2026-08-19 03:00:00+00:00,tt_grogol,31.0,35.377457
6,2026-08-19 03:00:00+00:00,tt_kebonjeruk,23.0,30.845299
6,2026-08-19 03:00:00+00:00,tt_kelapagading,29.0,31.066032
6,2026-08-19 03:00:00+00:00,tt_kuningan,15.999999,20.661224
6,2026-08-19 03:00:00+00:00,tt_sudirman,24.0,37.26589
6,2026-08-19 03:00:00+00:00,tt_tangerang,40.0,40.884872
6,2026-08-19 03:00:00+00:00,tt_tbsimatupang,33.0,51.922577
6,2026-08-19 03:00:00+00:00,tt_thamrin,20.0,22.744091
6,2026-08-19 05:00:00+00:00,tt_bekasi,15.0,17.258408
6,2026-08-19 05:00:00+00:00,tt_bogor,32.0,34.869766
6,2026-08-19 05:00:00+00:00,tt_bsd,34.0,29.41638
6,2026-08-19 05:00:00+00:00,tt_cawang,17.0,36.522133
6,2026-08-19 05:00:00+00:00,tt_depok,31.0,27.780466
6,2026-08-19 05:00:00+00:00,tt_gatsu,45.0,39.32913
6,2026-08-19 05:00:00+00:00,tt_grogol,31.0,35.073566
6,2026-08-19 05:00:00+00:00,tt_kebonjeruk,24.0,30.931519
6,2026-08-19 05:00:00+00:00,tt_kelapagading,21.0,31.108847
6,2026-08-19 05:00:00+00:00,tt_kuningan,17.0,20.17077
6,2026-08-19 05:00:00+00:00,tt_sudirman,27.0,37.15064
6,2026-08-19 05:00:00+00:00,tt_tangerang,40.0,40.745247
6,2026-08-19 05:00:00+00:00,tt_tbsimatupang,43.0,51.630913
6,2026-08-19 05:00:00+00:00,tt_thamrin,17.0,21.941772
6,2026-08-19 06:00:00+00:00,tt_bekasi,18.0,16.72301
6,2026-08-19 06:00:00+00:00,tt_bogor,35.0,33.85296
6,2026-08-19 06:00:00+00:00,tt_bsd,34.0,28.24749
6,2026-08-19 06:00:00+00:00,tt_cawang,19.0,33.17986
6,2026-08-19 06:00:00+00:00,tt_depok,27.0,27.546228
6,2026-08-19 06:00:00+00:00,tt_gatsu,30.0,40.46569
6,2026-08-19 06:00:00+00:00,tt_grogol,27.0,35.408794
6,2026-08-19 06:00:00+00:00,tt_kebonjeruk,21.0,29.219452
6,2026-08-19 06:00:00+00:00,tt_kelapagading,21.0,31.645428
6,2026-08-19 06:00:00+00:00,tt_kuningan,21.0,19.595085
6,2026-08-19 06:00:00+00:00,tt_sudirman,18.0,37.923023
6,2026-08-19 06:00:00+00:00,tt_tangerang,38.0,41.04284
6,2026-08-19 06:00:00+00:00,tt_tbsimatupang,48.0,48.736298
6,2026-08-19 06:00:00+00:00,tt_thamrin,13.0,21.05436
6,2026-08-19 08:00:00+00:00,tt_bekasi,15.0,17.090275
6,2026-08-19 08:00:00+00:00,tt_bogor,34.0,36.48826
6,2026-08-19 08:00:00+00:00,tt_bsd,28.0,30.88103
6,2026-08-19 08:00:00+00:00,tt_cawang,32.0,28.267797
6,2026-08-19 08:00:00+00:00,tt_depok,25.0,26.843956
6,2026-08-19 08:00:00+00:00,tt_gatsu,26.0,34.21146
6,2026-08-19 08:00:00+00:00,tt_grogol,27.0,34.10975
6,2026-08-19 08:00:00+00:00,tt_kebonjeruk,18.0,27.157925
6,2026-08-19 08:00:00+00:00,tt_kelapagading,22.0,33.355618
6,2026-08-19 08:00:00+00:00,tt_kuningan,21.0,20.092815
6,2026-08-19 08:00:00+00:00,tt_sudirman,22.0,33.84843
6,2026-08-19 08:00:00+00:00,tt_tangerang,48.0,39.279
6,2026-08-19 08:00:00+00:00,tt_tbsimatupang,32.0,42.67552
6,2026-08-19 08:00:00+00:00,tt_thamrin,8.0,21.600788
6,2026-08-19 10:00:00+00:00,tt_bekasi,13.0,17.853317
6,2026-08-19 10:00:00+00:00,tt_bogor,30.0,37.87839
6,2026-08-19 10:00:00+00:00,tt_bsd,34.0,31.91991
6,2026-08-19 10:00:00+00:00,tt_cawang,43.0,28.031298
6,2026-08-19 10:00:00+00:00,tt_depok,23.0,28.843164
6,2026-08-19 10:00:00+00:00,tt_gatsu,23.0,45.05633
6,2026-08-19 10:00:00+00:00,tt_grogol,30.0,33.99628
6,2026-08-19 10:00:00+00:00,tt_kebonjeruk,19.0,25.697262
6,2026-08-19 10:00:00+00:00,tt_kelapagading,22.0,35.00535
6,2026-08-19 10:00:00+00:00,tt_kuningan,15.999999,19.464127
6,2026-08-19 10:00:00+00:00,tt_sudirman,19.0,32.773964
6,2026-08-19 10:00:00+00:00,tt_tangerang,28.0,39.74675
6,2026-08-19 10:00:00+00:00,tt_tbsimatupang,34.0,42.873386
6,2026-08-19 10:00:00+00:00,tt_thamrin,17.0,21.769247
6,2026-08-19 11:00:00+00:00,tt_bekasi,18.0,17.70578
6,2026-08-19 11:00:00+00:00,tt_bogor,33.0,36.71763
6,2026-08-19 11:00:00+00:00,tt_bsd,27.0,31.91168
6,2026-08-19 11:00:00+00:00,tt_cawang,43.0,26.737556
6,2026-08-19 11:00:00+00:00,tt_depok,25.0,29.37492
6,2026-08-19 11:00:00+00:00,tt_gatsu,35.0,46.920815
6,2026-08-19 11:00:00+00:00,tt_grogol,32.0,34.14053
6,2026-08-19 11:00:00+00:00,tt_kebonjeruk,21.0,25.50077
6,2026-08-19 11:00:00+00:00,tt_kelapagading,20.0,33.636192
6,2026-08-19 11:00:00+00:00,tt_kuningan,15.999999,19.467125
6,2026-08-19 11:00:00+00:00,tt_sudirman,15.999999,33.14986
6,2026-08-19 11:00:00+00:00,tt_tangerang,26.0,39.954304
6,2026-08-19 11:00:00+00:00,tt_tbsimatupang,44.0,44.451263
6,2026-08-19 11:00:00+00:00,tt_thamrin,10.0,21.365974
6,2026-08-19 13:00:00+00:00,tt_bekasi,18.0,19.074247
6,2026-08-19 13:00:00+00:00,tt_bogor,45.0,36.777103
6,2026-08-19 13:00:00+00:00,tt_bsd,34.0,31.790531
6,2026-08-19 13:00:00+00:00,tt_cawang,43.0,25.322884
6,2026-08-19 13:00:00+00:00,tt_depok,25.0,28.038612
6,2026-08-19 13:00:00+00:00,tt_gatsu,45.0,43.656055
6,2026-08-19 13:00:00+00:00,tt_grogol,31.0,33.166527
6,2026-08-19 13:00:00+00:00,tt_kebonjeruk,27.0,24.271671
6,2026-08-19 13:00:00+00:00,tt_kelapagading,23.0,32.47658
6,2026-08-19 13:00:00+00:00,tt_kuningan,13.0,21.13044
6,2026-08-19 13:00:00+00:00,tt_sudirman,30.0,30.207418
6,2026-08-19 13:00:00+00:00,tt_tangerang,48.0,40.080082
6,2026-08-19 13:00:00+00:00,tt_tbsimatupang,72.0,47.337715
6,2026-08-19 13:00:00+00:00,tt_thamrin,20.0,20.247868
6,2026-08-19 15:00:00+00:00,tt_bekasi,15.999999,19.082905
6,2026-08-19 15:00:00+00:00,tt_bogor,38.0,36.702454
6,2026-08-19 15:00:00+00:00,tt_bsd,34.0,29.445093
6,2026-08-19 15:00:00+00:00,tt_cawang,32.0,31.793661
6,2026-08-19 15:00:00+00:00,tt_depok,31.0,26.870333
6,2026-08-19 15:00:00+00:00,tt_gatsu,45.0,40.980755
6,2026-08-19 15:00:00+00:00,tt_grogol,40.0,32.71036
6,2026-08-19 15:00:00+00:00,tt_kebonjeruk,31.0,22.743454
6,2026-08-19 15:00:00+00:00,tt_kelapagading,29.0,32.32542
6,2026-08-19 15:00:00+00:00,tt_kuningan,21.0,22.381609
6,2026-08-19 15:00:00+00:00,tt_sudirman,29.0,30.044737
6,2026-08-19 15:00:00+00:00,tt_tangerang,48.0,44.45749
6,2026-08-19 15:00:00+00:00,tt_tbsimatupang,72.0,42.968266
6,2026-08-19 15:00:00+00:00,tt_thamrin,21.0,18.956505
6,2026-08-19 16:00:00+00:00,tt_bekasi,18.0,18.906479
6,2026-08-19 16:00:00+00:00,tt_bogor,45.0,35.329388
6,2026-08-19 16:00:00+00:00,tt_bsd,34.0,31.547857
6,2026-08-19 16:00:00+00:00,tt_cawang,43.0,37.94304
6,2026-08-19 16:00:00+00:00,tt_depok,31.0,26.103527
6,2026-08-19 16:00:00+00:00,tt_gatsu,45.0,39.603302
6,2026-08-19 16:00:00+00:00,tt_grogol,40.0,33.864735
6,2026-08-19 16:00:00+00:00,tt_kebonjeruk,35.0,22.478718
6,2026-08-19 16:00:00+00:00,tt_kelapagading,29.0,32.078167
6,2026-08-19 16:00:00+00:00,tt_kuningan,21.0,21.988699
6,2026-08-19 16:00:00+00:00,tt_sudirman,39.0,28.955496
6,2026-08-19 16:00:00+00:00,tt_tangerang,48.0,41.63315
6,2026-08-19 16:00:00+00:00,tt_tbsimatupang,72.0,41.79012
6,2026-08-19 16:00:00+00:00,tt_thamrin,22.0,20.63934
6,2026-08-19 18:00:00+00:00,tt_bekasi,18.0,20.364365
6,2026-08-19 18:00:00+00:00,tt_bogor,45.0,34.308144
6,2026-08-19 18:00:00+00:00,tt_bsd,34.0,30.102028
6,2026-08-19 18:00:00+00:00,tt_cawang,43.0,43.517605
6,2026-08-19 18:00:00+00:00,tt_depok,31.0,25.695812
6,2026-08-19 18:00:00+00:00,tt_gatsu,45.0,41.52768
6,2026-08-19 18:00:00+00:00,tt_grogol,40.0,36.98311
6,2026-08-19 18:00:00+00:00,tt_kebonjeruk,35.0,23.293633
6,2026-08-19 18:00:00+00:00,tt_kelapagading,29.0,30.401257
6,2026-08-19 18:00:00+00:00,tt_kuningan,21.0,21.809126
6,2026-08-19 18:00:00+00:00,tt_sudirman,39.0,25.492546
6,2026-08-19 18:00:00+00:00,tt_tangerang,44.0,37.87046
6,2026-08-19 18:00:00+00:00,tt_tbsimatupang,72.0,43.92372
6,2026-08-19 18:00:00+00:00,tt_thamrin,22.0,19.716679
6,2026-08-19 20:00:00+00:00,tt_bekasi,18.0,19.655409
6,2026-08-19 20:00:00+00:00,tt_bogor,45.0,36.41378
6,2026-08-19 20:00:00+00:00,tt_bsd,34.0,31.739244
6,2026-08-19 20:00:00+00:00,tt_cawang,43.0,44.01136
6,2026-08-19 20:00:00+00:00,tt_depok,31.0,26.533295
6,2026-08-19 20:00:00+00:00,tt_gatsu,45.0,43.42395
6,2026-08-19 20:00:00+00:00,tt_grogol,40.0,35.667633
6,2026-08-19 20:00:00+00:00,tt_kebonjeruk,35.0,25.683687
6,2026-08-19 20:00:00+00:00,tt_kelapagading,29.0,29.144264
6,2026-08-19 20:00:00+00:00,tt_kuningan,21.0,19.57692
6,2026-08-19 20:00:00+00:00,tt_sudirman,39.0,30.175144
6,2026-08-19 20:00:00+00:00,tt_tangerang,48.0,43.88256
6,2026-08-19 20:00:00+00:00,tt_tbsimatupang,72.0,51.73515
6,2026-08-19 20:00:00+00:00,tt_thamrin,22.0,22.310192
6,2026-08-19 21:00:00+00:00,tt_bekasi,18.0,19.18907
6,2026-08-19 21:00:00+00:00,tt_bogor,45.0,34.95613
6,2026-08-19 21:00:00+00:00,tt_bsd,34.0,31.607546
6,2026-08-19 21:00:00+00:00,tt_cawang,43.0,41.512394
6,2026-08-19 21:00:00+00:00,tt_depok,31.0,27.18649
6,2026-08-19 21:00:00+00:00,tt_gatsu,45.0,42.910206
6,2026-08-19 21:00:00+00:00,tt_grogol,40.0,37.30621
6,2026-08-19 21:00:00+00:00,tt_kebonjeruk,35.0,27.453571
6,2026-08-19 21:00:00+00:00,tt_kelapagading,29.0,30.302485
6,2026-08-19 21:00:00+00:00,tt_kuningan,21.0,20.799896
6,2026-08-19 21:00:00+00:00,tt_sudirman,39.0,30.242641
6,2026-08-19 21:00:00+00:00,tt_tangerang,48.0,44.030743
6,2026-08-19 21:00:00+00:00,tt_tbsimatupang,72.0,52.559036
6,2026-08-19 21:00:00+00:00,tt_thamrin,22.0,22.801277
6,2026-08-19 23:00:00+00:00,tt_bekasi,17.0,19.35179
6,2026-08-19 23:00:00+00:00,tt_bogor,35.0,35.458767
6,2026-08-19 23:00:00+00:00,tt_bsd,34.0,30.963198
6,2026-08-19 23:00:00+00:00,tt_cawang,26.0,41.208702
6,2026-08-19 23:00:00+00:00,tt_depok,31.0,27.637276
6,2026-08-19 23:00:00+00:00,tt_gatsu,45.0,40.80567
6,2026-08-19 23:00:00+00:00,tt_grogol,35.0,37.33187
6,2026-08-19 23:00:00+00:00,tt_kebonjeruk,30.0,30.158955
6,2026-08-19 23:00:00+00:00,tt_kelapagading,29.0,30.655172
6,2026-08-19 23:00:00+00:00,tt_kuningan,21.0,21.7501
6,2026-08-19 23:00:00+00:00,tt_sudirman,39.0,34.747112
6,2026-08-19 23:00:00+00:00,tt_tangerang,48.0,43.04476
6,2026-08-19 23:00:00+00:00,tt_tbsimatupang,72.0,52.249077
6,2026-08-19 23:00:00+00:00,tt_thamrin,20.0,23.060703
6,2026-08-20 01:00:00+00:00,tt_bekasi,18.0,18.736195
6,2026-08-20 01:00:00+00:00,tt_bogor,35.0,35.209496
6,2026-08-20 01:00:00+00:00,tt_bsd,29.0,30.351519
6,2026-08-20 01:00:00+00:00,tt_cawang,14.0,39.839268
6,2026-08-20 01:00:00+00:00,tt_depok,31.0,27.794353
6,2026-08-20 01:00:00+00:00,tt_gatsu,37.0,40.030777
6,2026-08-20 01:00:00+00:00,tt_grogol,30.0,36.79878
6,2026-08-20 01:00:00+00:00,tt_kebonjeruk,26.0,30.829315
6,2026-08-20 01:00:00+00:00,tt_kelapagading,29.0,30.665308
6,2026-08-20 01:00:00+00:00,tt_kuningan,21.0,21.261585
6,2026-08-20 01:00:00+00:00,tt_sudirman,27.0,36.137325
6,2026-08-20 01:00:00+00:00,tt_tangerang,36.0,40.849575
6,2026-08-20 01:00:00+00:00,tt_tbsimatupang,18.0,51.72178
6,2026-08-20 01:00:00+00:00,tt_thamrin,18.0,22.869299
6,2026-08-20 02:00:00+00:00,tt_bekasi,18.0,18.528225
6,2026-08-20 02:00:00+00:00,tt_bogor,40.0,35.051804
6,2026-08-20 02:00:00+00:00,tt_bsd,34.0,30.207714
6,2026-08-20 02:00:00+00:00,tt_cawang,18.0,39.04835
6,2026-08-20 02:00:00+00:00,tt_depok,31.0,27.804325
6,2026-08-20 02:00:00+00:00,tt_gatsu,45.0,39.769535
6,2026-08-20 02:00:00+00:00,tt_grogol,30.0,36.49518
6,2026-08-20 02:00:00+00:00,tt_kebonjeruk,26.0,31.02638
6,2026-08-20 02:00:00+00:00,tt_kelapagading,25.0,30.660587
6,2026-08-20 02:00:00+00:00,tt_kuningan,21.0,20.939423
6,2026-08-20 02:00:00+00:00,tt_sudirman,25.0,36.42853
6,2026-08-20 02:00:00+00:00,tt_tangerang,48.0,40.687035
6,2026-08-20 02:00:00+00:00,tt_tbsimatupang,21.0,51.664673
6,2026-08-20 02:00:00+00:00,tt_thamrin,18.0,22.78598
6,2026-08-20 04:00:00+00:00,tt_bekasi,15.0,18.097847
6,2026-08-20 04:00:00+00:00,tt_bogor,35.0,34.89073
6,2026-08-20 04:00:00+00:00,tt_bsd,34.0,29.733498
6,2026-08-20 04:00:00+00:00,tt_cawang,20.0,37.579353
6,2026-08-20 04:00:00+00:00,tt_depok,27.0,27.791468
6,2026-08-20 04:00:00+00:00,tt_gatsu,45.0,39.3264
6,2026-08-20 04:00:00+00:00,tt_grogol,25.0,35.846848
6,2026-08-20 04:00:00+00:00,tt_kebonjeruk,25.0,31.163528
6,2026-08-20 04:00:00+00:00,tt_kelapagading,22.0,30.711372
6,2026-08-20 04:00:00+00:00,tt_kuningan,21.0,20.469528
6,2026-08-20 04:00:00+00:00,tt_sudirman,26.0,36.84253
6,2026-08-20 04:00:00+00:00,tt_tangerang,48.0,40.582047
6,2026-08-20 04:00:00+00:00,tt_tbsimatupang,45.0,51.574547
6,2026-08-20 04:00:00+00:00,tt_thamrin,13.0,22.421696
6,2026-08-20 06:00:00+00:00,tt_bekasi,15.0,17.492443
6,2026-08-20 06:00:00+00:00,tt_bogor,39.0,32.166203
6,2026-08-20 06:00:00+00:00,tt_bsd,34.0,29.41962
6,2026-08-20 06:00:00+00:00,tt_cawang,28.0,31.497225
6,2026-08-20 06:00:00+00:00,tt_depok,29.0,27.622456
6,2026-08-20 06:00:00+00:00,tt_gatsu,28.0,39.70584
6,2026-08-20 06:00:00+00:00,tt_grogol,29.0,33.530315
6,2026-08-20 06:00:00+00:00,tt_kebonjeruk,25.0,29.383835
6,2026-08-20 06:00:00+00:00,tt_kelapagading,20.0,31.581083
6,2026-08-20 06:00:00+00:00,tt_kuningan,15.999999,19.658033
6,2026-08-20 06:00:00+00:00,tt_sudirman,21.0,38.476578
6,2026-08-20 06:00:00+00:00,tt_tangerang,38.0,41.164425
6,2026-08-20 06:00:00+00:00,tt_tbsimatupang,27.0,52.65111
6,2026-08-20 06:00:00+00:00,tt_thamrin,12.0,21.307182
6,2026-08-20 07:00:00+00:00,tt_bekasi,15.999999,17.744701
6,2026-08-20 07:00:00+00:00,tt_bogor,36.0,33.14247
6,2026-08-20 07:00:00+00:00,tt_bsd,34.0,28.531134
6,2026-08-20 07:00:00+00:00,tt_cawang,21.0,28.720226
6,2026-08-20 07:00:00+00:00,tt_depok,26.0,28.371487
6,2026-08-20 07:00:00+00:00,tt_gatsu,20.0,39.86291
6,2026-08-20 07:00:00+00:00,tt_grogol,29.0,32.738926
6,2026-08-20 07:00:00+00:00,tt_kebonjeruk,22.0,28.410006
6,2026-08-20 07:00:00+00:00,tt_kelapagading,20.0,32.467564
6,2026-08-20 07:00:00+00:00,tt_kuningan,21.0,19.486551
6,2026-08-20 07:00:00+00:00,tt_sudirman,20.0,36.6491
6,2026-08-20 07:00:00+00:00,tt_tangerang,37.0,39.651024
6,2026-08-20 07:00:00+00:00,tt_tbsimatupang,49.0,49.283424
6,2026-08-20 07:00:00+00:00,tt_thamrin,12.0,20.56929
6,2026-08-20 09:00:00+00:00,tt_bekasi,14.0,18.268097
6,2026-08-20 09:00:00+00:00,tt_bogor,34.0,37.36085
6,2026-08-20 09:00:00+00:00,tt_bsd,28.0,30.195312
6,2026-08-20 09:00:00+00:00,tt_cawang,30.0,26.372334
6,2026-08-20 09:00:00+00:00,tt_depok,26.0,29.593657
6,2026-08-20 09:00:00+00:00,tt_gatsu,32.0,44.256733
6,2026-08-20 09:00:00+00:00,tt_grogol,31.0,31.594883
6,2026-08-20 09:00:00+00:00,tt_kebonjeruk,21.0,27.14452
6,2026-08-20 09:00:00+00:00,tt_kelapagading,21.0,31.960352
6,2026-08-20 09:00:00+00:00,tt_kuningan,13.0,20.126717
6,2026-08-20 09:00:00+00:00,tt_sudirman,23.0,34.20685
6,2026-08-20 09:00:00+00:00,tt_tangerang,34.0,42.284523
6,2026-08-20 09:00:00+00:00,tt_tbsimatupang,47.0,43.15519
6,2026-08-20 09:00:00+00:00,tt_thamrin,18.0,20.18425
6,2026-08-20 11:00:00+00:00,tt_bekasi,18.0,17.725527
6,2026-08-20 11:00:00+00:00,tt_bogor,35.0,36.934666
6,2026-08-20 11:00:00+00:00,tt_bsd,34.0,30.657007
6,2026-08-20 11:00:00+00:00,tt_cawang,33.0,25.307838
6,2026-08-20 11:00:00+00:00,tt_depok,26.0,28.182562
6,2026-08-20 11:00:00+00:00,tt_gatsu,7.0,46.575497
6,2026-08-20 11:00:00+00:00,tt_grogol,29.0,29.689442
6,2026-08-20 11:00:00+00:00,tt_kebonjeruk,18.0,26.4007
6,2026-08-20 11:00:00+00:00,tt_kelapagading,21.0,31.061846
6,2026-08-20 11:00:00+00:00,tt_kuningan,15.999999,20.768063
6,2026-08-20 11:00:00+00:00,tt_sudirman,12.0,33.791058
6,2026-08-20 11:00:00+00:00,tt_tangerang,35.0,43.924538
6,2026-08-20 11:00:00+00:00,tt_tbsimatupang,24.0,47.323975
6,2026-08-20 11:00:00+00:00,tt_thamrin,10.0,18.96503
6,2026-08-20 12:00:00+00:00,tt_bekasi,14.0,17.719894
6,2026-08-20 12:00:00+00:00,tt_bogor,37.0,38.091923
6,2026-08-20 12:00:00+00:00,tt_bsd,34.0,31.362352
6,2026-08-20 12:00:00+00:00,tt_cawang,43.0,27.311226
6,2026-08-20 12:00:00+00:00,tt_depok,24.0,28.38057
6,2026-08-20 12:00:00+00:00,tt_gatsu,10.0,44.598213
6,2026-08-20 12:00:00+00:00,tt_grogol,32.0,30.462767
6,2026-08-20 12:00:00+00:00,tt_kebonjeruk,23.0,26.29547
6,2026-08-20 12:00:00+00:00,tt_kelapagading,21.0,30.458189
6,2026-08-20 12:00:00+00:00,tt_kuningan,13.0,19.903082
6,2026-08-20 12:00:00+00:00,tt_sudirman,22.0,32.569633
6,2026-08-20 12:00:00+00:00,tt_tangerang,48.0,42.57716
6,2026-08-20 12:00:00+00:00,tt_tbsimatupang,40.0,44.519592
6,2026-08-20 12:00:00+00:00,tt_thamrin,9.0,18.651415
6,2026-08-20 14:00:00+00:00,tt_bekasi,18.0,18.621048
6,2026-08-20 14:00:00+00:00,tt_bogor,38.0,37.55313
6,2026-08-20 14:00:00+00:00,tt_bsd,27.0,31.345514
6,2026-08-20 14:00:00+00:00,tt_cawang,32.0,25.511234
6,2026-08-20 14:00:00+00:00,tt_depok,31.0,27.257477
6,2026-08-20 14:00:00+00:00,tt_gatsu,45.0,40.528915
6,2026-08-20 14:00:00+00:00,tt_grogol,40.0,31.799026
6,2026-08-20 14:00:00+00:00,tt_kebonjeruk,28.0,25.229162
6,2026-08-20 14:00:00+00:00,tt_kelapagading,29.0,29.857128
6,2026-08-20 14:00:00+00:00,tt_kuningan,15.999999,21.73656
6,2026-08-20 14:00:00+00:00,tt_sudirman,39.0,30.936295
6,2026-08-20 14:00:00+00:00,tt_tangerang,48.0,41.264328
6,2026-08-20 14:00:00+00:00,tt_tbsimatupang,59.0,48.312393
6,2026-08-20 14:00:00+00:00,tt_thamrin,13.0,18.599691
6,2026-08-20 16:00:00+00:00,tt_bekasi,15.0,18.87119
6,2026-08-20 16:00:00+00:00,tt_bogor,45.0,35.980995
6,2026-08-20 16:00:00+00:00,tt_bsd,34.0,29.105146
6,2026-08-20 16:00:00+00:00,tt_cawang,43.0,29.530123
6,2026-08-20 16:00:00+00:00,tt_depok,31.0,26.5851
6,2026-08-20 16:00:00+00:00,tt_gatsu,45.0,42.316753
6,2026-08-20 16:00:00+00:00,tt_grogol,40.0,33.785275
6,2026-08-20 16:00:00+00:00,tt_kebonjeruk,35.0,24.475502
6,2026-08-20 16:00:00+00:00,tt_kelapagading,29.0,29.696842
6,2026-08-20 16:00:00+00:00,tt_kuningan,21.0,20.173046
6,2026-08-20 16:00:00+00:00,tt_sudirman,39.0,30.744644
6,2026-08-20 16:00:00+00:00,tt_tangerang,48.0,40.218742
6,2026-08-20 16:00:00+00:00,tt_tbsimatupang,72.0,48.549706
6,2026-08-20 16:00:00+00:00,tt_thamrin,22.0,20.803226
6,2026-08-20 17:00:00+00:00,tt_bekasi,18.0,19.765762
6,2026-08-20 17:00:00+00:00,tt_bogor,45.0,36.553886
6,2026-08-20 17:00:00+00:00,tt_bsd,34.0,31.29339
6,2026-08-20 17:00:00+00:00,tt_cawang,43.0,33.042267
6,2026-08-20 17:00:00+00:00,tt_depok,31.0,26.414787
6,2026-08-20 17:00:00+00:00,tt_gatsu,45.0,39.255646
6,2026-08-20 17:00:00+00:00,tt_grogol,40.0,34.199753
6,2026-08-20 17:00:00+00:00,tt_kebonjeruk,35.0,23.721184
6,2026-08-20 17:00:00+00:00,tt_kelapagading,29.0,29.239712
6,2026-08-20 17:00:00+00:00,tt_kuningan,21.0,20.400696
6,2026-08-20 17:00:00+00:00,tt_sudirman,39.0,27.855816
6,2026-08-20 17:00:00+00:00,tt_tangerang,48.0,40.166477
6,2026-08-20 17:00:00+00:00,tt_tbsimatupang,72.0,44.633236
6,2026-08-20 17:00:00+00:00,tt_thamrin,22.0,19.731007
6,2026-08-20 19:00:00+00:00,tt_bekasi,18.0,19.478771
6,2026-08-20 19:00:00+00:00,tt_bogor,45.0,36.308193
6,2026-08-20 19:00:00+00:00,tt_bsd,34.0,31.866926
6,2026-08-20 19:00:00+00:00,tt_cawang,43.0,43.469444
6,2026-08-20 19:00:00+00:00,tt_depok,31.0,24.907024
6,2026-08-20 19:00:00+00:00,tt_gatsu,45.0,34.510197
6,2026-08-20 19:00:00+00:00,tt_grogol,40.0,35.757942
6,2026-08-20 19:00:00+00:00,tt_kebonjeruk,35.0,24.527027
6,2026-08-20 19:00:00+00:00,tt_kelapagading,29.0,28.11752
6,2026-08-20 19:00:00+00:00,tt_kuningan,21.0,19.97755
6,2026-08-20 19:00:00+00:00,tt_sudirman,39.0,28.286783
6,2026-08-20 19:00:00+00:00,tt_tangerang,48.0,43.855038
6,2026-08-20 19:00:00+00:00,tt_tbsimatupang,72.0,45.04346
6,2026-08-20 19:00:00+00:00,tt_thamrin,22.0,19.075596
6,2026-08-20 21:00:00+00:00,tt_bekasi,18.0,20.571342
6,2026-08-20 21:00:00+00:00,tt_bogor,45.0,34.98231
6,2026-08-20 21:00:00+00:00,tt_bsd,34.0,29.859854
6,2026-08-20 21:00:00+00:00,tt_cawang,43.0,40.278854
6,2026-08-20 21:00:00+00:00,tt_depok,31.0,27.269638
6,2026-08-20 21:00:00+00:00,tt_gatsu,45.0,42.591133
6,2026-08-20 21:00:00+00:00,tt_grogol,40.0,38.66645
6,2026-08-20 21:00:00+00:00,tt_kebonjeruk,35.0,26.244543
6,2026-08-20 21:00:00+00:00,tt_kelapagading,29.0,31.202408
6,2026-08-20 21:00:00+00:00,tt_kuningan,21.0,20.066065
6,2026-08-20 21:00:00+00:00,tt_sudirman,39.0,37.495773
6,2026-08-20 21:00:00+00:00,tt_tangerang,48.0,44.038723
6,2026-08-20 21:00:00+00:00,tt_tbsimatupang,72.0,50.558586
6,2026-08-20 21:00:00+00:00,tt_thamrin,22.0,19.485268
6,2026-08-20 22:00:00+00:00,tt_bekasi,18.0,19.906631
6,2026-08-20 22:00:00+00:00,tt_bogor,45.0,35.90011
6,2026-08-20 22:00:00+00:00,tt_bsd,34.0,30.56491
6,2026-08-20 22:00:00+00:00,tt_cawang,43.0,40.98543
6,2026-08-20 22:00:00+00:00,tt_depok,31.0,27.961426
6,2026-08-20 22:00:00+00:00,tt_gatsu,45.0,42.122993
6,2026-08-20 22:00:00+00:00,tt_grogol,40.0,38.509357
6,2026-08-20 22:00:00+00:00,tt_kebonjeruk,35.0,28.564333
6,2026-08-20 22:00:00+00:00,tt_kelapagading,29.0,31.488983
6,2026-08-20 22:00:00+00:00,tt_kuningan,21.0,21.503979
6,2026-08-20 22:00:00+00:00,tt_sudirman,39.0,38.2667
6,2026-08-20 22:00:00+00:00,tt_tangerang,48.0,43.413647
6,2026-08-20 22:00:00+00:00,tt_tbsimatupang,72.0,51.847046
6,2026-08-20 22:00:00+00:00,tt_thamrin,22.0,21.281239
6,2026-08-21 00:00:00+00:00,tt_bekasi,18.0,19.97501
6,2026-08-21 00:00:00+00:00,tt_bogor,35.0,35.8342
6,2026-08-21 00:00:00+00:00,tt_bsd,29.0,30.440853
6,2026-08-21 00:00:00+00:00,tt_cawang,18.0,40.327465
6,2026-08-21 00:00:00+00:00,tt_depok,25.0,28.229977
6,2026-08-21 00:00:00+00:00,tt_gatsu,45.0,40.567596
6,2026-08-21 00:00:00+00:00,tt_grogol,34.0,37.536915
6,2026-08-21 00:00:00+00:00,tt_kebonjeruk,25.0,30.213081
6,2026-08-21 00:00:00+00:00,tt_kelapagading,26.0,31.504154
6,2026-08-21 00:00:00+00:00,tt_kuningan,21.0,21.829075
6,2026-08-21 00:00:00+00:00,tt_sudirman,31.0,38.445488
6,2026-08-21 00:00:00+00:00,tt_tangerang,37.0,42.368885
6,2026-08-21 00:00:00+00:00,tt_tbsimatupang,32.0,52.35481
6,2026-08-21 00:00:00+00:00,tt_thamrin,22.0,21.924988
6,2026-08-21 02:00:00+00:00,tt_bekasi,17.0,19.20366
6,2026-08-21 02:00:00+00:00,tt_bogor,37.0,35.37909
6,2026-08-21 02:00:00+00:00,tt_bsd,28.0,30.0182
6,2026-08-21 02:00:00+00:00,tt_cawang,19.0,39.084984
6,2026-08-21 02:00:00+00:00,tt_depok,26.0,28.204346
6,2026-08-21 02:00:00+00:00,tt_gatsu,45.0,40.192055
6,2026-08-21 02:00:00+00:00,tt_grogol,31.0,36.530907
6,2026-08-21 02:00:00+00:00,tt_kebonjeruk,26.0,30.716118
6,2026-08-21 02:00:00+00:00,tt_kelapagading,29.0,31.370394
6,2026-08-21 02:00:00+00:00,tt_kuningan,21.0,21.264832
6,2026-08-21 02:00:00+00:00,tt_sudirman,23.0,38.254726
6,2026-08-21 02:00:00+00:00,tt_tangerang,37.0,41.672634
6,2026-08-21 02:00:00+00:00,tt_tbsimatupang,37.0,51.838753
6,2026-08-21 02:00:00+00:00,tt_thamrin,22.0,21.904968
6,2026-08-21 03:00:00+00:00,tt_bekasi,15.0,19.028526
6,2026-08-21 03:00:00+00:00,tt_bogor,38.0,35.24777
6,2026-08-21 03:00:00+00:00,tt_bsd,34.0,29.870777
6,2026-08-21 03:00:00+00:00,tt_cawang,21.0,38.479416
6,2026-08-21 03:00:00+00:00,tt_depok,31.0,28.170794
6,2026-08-21 03:00:00+00:00,tt_gatsu,45.0,39.78501
6,2026-08-21 03:00:00+00:00,tt_grogol,27.0,36.132668
6,2026-08-21 03:00:00+00:00,tt_kebonjeruk,24.0,30.84497
6,2026-08-21 03:00:00+00:00,tt_kelapagading,23.0,31.354015
6,2026-08-21 03:00:00+00:00,tt_kuningan,15.999999,21.263376
6,2026-08-21 03:00:00+00:00,tt_sudirman,28.0,38.16855
6,2026-08-21 03:00:00+00:00,tt_tangerang,48.0,41.416637
6,2026-08-21 03:00:00+00:00,tt_tbsimatupang,48.0,51.66417
6,2026-08-21 03:00:00+00:00,tt_thamrin,15.999999,21.768608
6,2026-08-21 05:00:00+00:00,tt_bekasi,15.999999,18.445683
6,2026-08-21 05:00:00+00:00,tt_bogor,45.0,34.965244
6,2026-08-21 05:00:00+00:00,tt_bsd,34.0,29.447353
6,2026-08-21 05:00:00+00:00,tt_cawang,43.0,37.377674
6,2026-08-21 05:00:00+00:00,tt_depok,31.0,28.01055
6,2026-08-21 05:00:00+00:00,tt_gatsu,45.0,39.315212
6,2026-08-21 05:00:00+00:00,tt_grogol,32.0,35.492577
6,2026-08-21 05:00:00+00:00,tt_kebonjeruk,27.0,30.924255
6,2026-08-21 05:00:00+00:00,tt_kelapagading,23.0,31.201057
6,2026-08-21 05:00:00+00:00,tt_kuningan,21.0,20.821827
6,2026-08-21 05:00:00+00:00,tt_sudirman,34.0,37.905167
6,2026-08-21 05:00:00+00:00,tt_tangerang,48.0,41.042786
6,2026-08-21 05:00:00+00:00,tt_tbsimatupang,72.0,51.497528
6,2026-08-21 05:00:00+00:00,tt_thamrin,21.0,21.550463
6,2026-08-21 07:00:00+00:00,tt_bekasi,14.0,17.954147
6,2026-08-21 07:00:00+00:00,tt_bogor,35.0,34.584297
6,2026-08-21 07:00:00+00:00,tt_bsd,34.0,27.51908
6,2026-08-21 07:00:00+00:00,tt_cawang,28.0,30.386772
6,2026-08-21 07:00:00+00:00,tt_depok,25.0,25.638262
6,2026-08-21 07:00:00+00:00,tt_gatsu,36.0,42.070297
6,2026-08-21 07:00:00+00:00,tt_grogol,28.0,34.77642
6,2026-08-21 07:00:00+00:00,tt_kebonjeruk,21.0,27.852886
6,2026-08-21 07:00:00+00:00,tt_kelapagading,20.0,30.664227
6,2026-08-21 07:00:00+00:00,tt_kuningan,21.0,19.59343
6,2026-08-21 07:00:00+00:00,tt_sudirman,18.0,35.8843
6,2026-08-21 07:00:00+00:00,tt_tangerang,39.0,38.698833
6,2026-08-21 07:00:00+00:00,tt_tbsimatupang,52.0,45.221966
6,2026-08-21 07:00:00+00:00,tt_thamrin,18.0,21.771059
6,2026-08-21 08:00:00+00:00,tt_bekasi,15.999999,17.825397
6,2026-08-21 08:00:00+00:00,tt_bogor,34.0,35.57957
6,2026-08-21 08:00:00+00:00,tt_bsd,34.0,27.047918
6,2026-08-21 08:00:00+00:00,tt_cawang,31.0,29.001913
6,2026-08-21 08:00:00+00:00,tt_depok,25.0,25.377747
6,2026-08-21 08:00:00+00:00,tt_gatsu,35.0,43.50821
6,2026-08-21 08:00:00+00:00,tt_grogol,29.0,34.160957
6,2026-08-21 08:00:00+00:00,tt_kebonjeruk,24.0,27.572674
6,2026-08-21 08:00:00+00:00,tt_kelapagading,21.0,31.804031
6,2026-08-21 08:00:00+00:00,tt_kuningan,17.0,19.640053
6,2026-08-21 08:00:00+00:00,tt_sudirman,24.0,33.838608
6,2026-08-21 08:00:00+00:00,tt_tangerang,40.0,38.583515
6,2026-08-21 08:00:00+00:00,tt_tbsimatupang,38.0,44.59324
6,2026-08-21 08:00:00+00:00,tt_thamrin,10.0,22.130783
6,2026-08-21 10:00:00+00:00,tt_bekasi,15.0,17.306067
6,2026-08-21 10:00:00+00:00,tt_bogor,32.0,36.303333
6,2026-08-21 10:00:00+00:00,tt_bsd,34.0,29.444357
6,2026-08-21 10:00:00+00:00,tt_cawang,22.0,27.609386
6,2026-08-21 10:00:00+00:00,tt_depok,24.0,27.696684
6,2026-08-21 10:00:00+00:00,tt_gatsu,34.0,45.673283
6,2026-08-21 10:00:00+00:00,tt_grogol,32.0,31.856588
6,2026-08-21 10:00:00+00:00,tt_kebonjeruk,20.0,26.344118
6,2026-08-21 10:00:00+00:00,tt_kelapagading,19.0,30.539112
6,2026-08-21 10:00:00+00:00,tt_kuningan,13.0,18.118858
6,2026-08-21 10:00:00+00:00,tt_sudirman,22.0,33.933205
6,2026-08-21 10:00:00+00:00,tt_tangerang,29.0,42.702366
6,2026-08-21 10:00:00+00:00,tt_tbsimatupang,27.0,46.88424
6,2026-08-21 10:00:00+00:00,tt_thamrin,19.0,20.825493
6,2026-08-21 12:00:00+00:00,tt_bekasi,13.0,17.546616
6,2026-08-21 12:00:00+00:00,tt_bogor,32.0,37.513783
6,2026-08-21 12:00:00+00:00,tt_bsd,34.0,30.184675
6,2026-08-21 12:00:00+00:00,tt_cawang,34.0,35.71287
6,2026-08-21 12:00:00+00:00,tt_depok,26.0,28.844423
6,2026-08-21 12:00:00+00:00,tt_gatsu,15.0,44.727848
6,2026-08-21 12:00:00+00:00,tt_grogol,32.0,32.50214
6,2026-08-21 12:00:00+00:00,tt_kebonjeruk,19.0,26.463026
6,2026-08-21 12:00:00+00:00,tt_kelapagading,18.0,29.842457
6,2026-08-21 12:00:00+00:00,tt_kuningan,13.0,20.20958
6,2026-08-21 12:00:00+00:00,tt_sudirman,18.0,36.48968
6,2026-08-21 12:00:00+00:00,tt_tangerang,32.0,43.6617
6,2026-08-21 12:00:00+00:00,tt_tbsimatupang,27.0,51.61065
6,2026-08-21 12:00:00+00:00,tt_thamrin,9.0,22.56261
6,2026-08-21 13:00:00+00:00,tt_bekasi,18.0,17.091475
6,2026-08-21 13:00:00+00:00,tt_bogor,45.0,35.678825
6,2026-08-21 13:00:00+00:00,tt_bsd,34.0,30.064114
6,2026-08-21 13:00:00+00:00,tt_cawang,32.0,33.78883
6,2026-08-21 13:00:00+00:00,tt_depok,25.0,27.074276
6,2026-08-21 13:00:00+00:00,tt_gatsu,45.0,43.522987
6,2026-08-21 13:00:00+00:00,tt_grogol,40.0,31.866003
6,2026-08-21 13:00:00+00:00,tt_kebonjeruk,25.0,25.21179
6,2026-08-21 13:00:00+00:00,tt_kelapagading,21.0,28.842617
6,2026-08-21 13:00:00+00:00,tt_kuningan,21.0,20.001247
6,2026-08-21 13:00:00+00:00,tt_sudirman,31.0,33.919662
6,2026-08-21 13:00:00+00:00,tt_tangerang,48.0,42.57291
6,2026-08-21 13:00:00+00:00,tt_tbsimatupang,72.0,50.494316
6,2026-08-21 13:00:00+00:00,tt_thamrin,15.999999,22.150654
