horizon,target_time,corridor,y_true,fixed_stgnn_pred
1,2026-08-18 02:00:00+00:00,tt_bekasi,15.999999,16.33582
1,2026-08-18 02:00:00+00:00,tt_bogor,36.0,33.524883
1,2026-08-18 02:00:00+00:00,tt_bsd,34.0,32.16898
1,2026-08-18 02:00:00+00:00,tt_cawang,21.0,22.903725
1,2026-08-18 02:00:00+00:00,tt_depok,31.0,25.762756
1,2026-08-18 02:00:00+00:00,tt_gatsu,33.0,42.81603
1,2026-08-18 02:00:00+00:00,tt_grogol,26.0,26.594872
1,2026-08-18 02:00:00+00:00,tt_kebonjeruk,26.0,26.915247
1,2026-08-18 02:00:00+00:00,tt_kelapagading,29.0,29.143858
1,2026-08-18 02:00:00+00:00,tt_kuningan,21.0,18.596256
1,2026-08-18 02:00:00+00:00,tt_sudirman,23.0,33.91514
1,2026-08-18 02:00:00+00:00,tt_tangerang,48.0,37.77859
1,2026-08-18 02:00:00+00:00,tt_tbsimatupang,15.999999,35.30267
1,2026-08-18 02:00:00+00:00,tt_thamrin,17.0,19.44315
1,2026-08-18 04:00:00+00:00,tt_bekasi,15.0,15.878367
1,2026-08-18 04:00:00+00:00,tt_bogor,33.0,34.133286
1,2026-08-18 04:00:00+00:00,tt_bsd,28.0,31.550982
1,2026-08-18 04:00:00+00:00,tt_cawang,22.0,22.161053
1,2026-08-18 04:00:00+00:00,tt_depok,31.0,28.183815
1,2026-08-18 04:00:00+00:00,tt_gatsu,32.0,36.046005
1,2026-08-18 04:00:00+00:00,tt_grogol,27.0,26.308348
1,2026-08-18 04:00:00+00:00,tt_kebonjeruk,25.0,25.308662
1,2026-08-18 04:00:00+00:00,tt_kelapagading,29.0,29.595608
1,2026-08-18 04:00:00+00:00,tt_kuningan,15.999999,17.44056
1,2026-08-18 04:00:00+00:00,tt_sudirman,24.0,25.72736
1,2026-08-18 04:00:00+00:00,tt_tangerang,36.0,44.48588
1,2026-08-18 04:00:00+00:00,tt_tbsimatupang,55.0,27.928658
1,2026-08-18 04:00:00+00:00,tt_thamrin,18.0,17.596424
1,2026-08-18 05:00:00+00:00,tt_bekasi,15.0,15.670389
1,2026-08-18 05:00:00+00:00,tt_bogor,38.0,33.750793
1,2026-08-18 05:00:00+00:00,tt_bsd,28.0,29.211004
1,2026-08-18 05:00:00+00:00,tt_cawang,28.0,23.56495
1,2026-08-18 05:00:00+00:00,tt_depok,26.0,30.043148
1,2026-08-18 05:00:00+00:00,tt_gatsu,45.0,35.5871
1,2026-08-18 05:00:00+00:00,tt_grogol,36.0,26.39669
1,2026-08-18 05:00:00+00:00,tt_kebonjeruk,22.0,24.188236
1,2026-08-18 05:00:00+00:00,tt_kelapagading,22.0,30.198126
1,2026-08-18 05:00:00+00:00,tt_kuningan,21.0,16.951784
1,2026-08-18 05:00:00+00:00,tt_sudirman,31.0,25.935501
1,2026-08-18 05:00:00+00:00,tt_tangerang,41.0,39.56428
1,2026-08-18 05:00:00+00:00,tt_tbsimatupang,51.0,46.893612
1,2026-08-18 05:00:00+00:00,tt_thamrin,20.0,17.728767
1,2026-08-18 07:00:00+00:00,tt_bekasi,15.0,16.281725
1,2026-08-18 07:00:00+00:00,tt_bogor,34.0,36.43919
1,2026-08-18 07:00:00+00:00,tt_bsd,30.0,27.756203
1,2026-08-18 07:00:00+00:00,tt_cawang,43.0,28.492842
1,2026-08-18 07:00:00+00:00,tt_depok,31.0,27.380163
1,2026-08-18 07:00:00+00:00,tt_gatsu,45.0,45.128487
1,2026-08-18 07:00:00+00:00,tt_grogol,32.0,34.509445
1,2026-08-18 07:00:00+00:00,tt_kebonjeruk,25.0,23.05637
1,2026-08-18 07:00:00+00:00,tt_kelapagading,22.0,26.198502
1,2026-08-18 07:00:00+00:00,tt_kuningan,15.0,20.686947
1,2026-08-18 07:00:00+00:00,tt_sudirman,28.0,32.662064
1,2026-08-18 07:00:00+00:00,tt_tangerang,38.0,40.49149
1,2026-08-18 07:00:00+00:00,tt_tbsimatupang,57.0,53.947678
1,2026-08-18 07:00:00+00:00,tt_thamrin,22.0,19.775703
1,2026-08-18 09:00:00+00:00,tt_bekasi,14.0,17.058268
1,2026-08-18 09:00:00+00:00,tt_bogor,35.0,35.233025
1,2026-08-18 09:00:00+00:00,tt_bsd,28.0,29.633995
1,2026-08-18 09:00:00+00:00,tt_cawang,29.0,39.74565
1,2026-08-18 09:00:00+00:00,tt_depok,24.0,31.369713
1,2026-08-18 09:00:00+00:00,tt_gatsu,45.0,46.14986
1,2026-08-18 09:00:00+00:00,tt_grogol,32.0,32.706856
1,2026-08-18 09:00:00+00:00,tt_kebonjeruk,23.0,24.559004
1,2026-08-18 09:00:00+00:00,tt_kelapagading,23.0,26.207718
1,2026-08-18 09:00:00+00:00,tt_kuningan,21.0,18.341362
1,2026-08-18 09:00:00+00:00,tt_sudirman,31.0,30.735685
1,2026-08-18 09:00:00+00:00,tt_tangerang,38.0,38.664032
1,2026-08-18 09:00:00+00:00,tt_tbsimatupang,43.0,56.8216
1,2026-08-18 09:00:00+00:00,tt_thamrin,22.0,21.139778
1,2026-08-18 10:00:00+00:00,tt_bekasi,14.0,16.34792
1,2026-08-18 10:00:00+00:00,tt_bogor,35.0,34.776886
1,2026-08-18 10:00:00+00:00,tt_bsd,34.0,28.063492
1,2026-08-18 10:00:00+00:00,tt_cawang,30.0,33.904522
1,2026-08-18 10:00:00+00:00,tt_depok,25.0,27.494282
1,2026-08-18 10:00:00+00:00,tt_gatsu,3.999998,46.00073
1,2026-08-18 10:00:00+00:00,tt_grogol,31.0,32.35077
1,2026-08-18 10:00:00+00:00,tt_kebonjeruk,21.0,23.803595
1,2026-08-18 10:00:00+00:00,tt_kelapagading,21.0,26.1904
1,2026-08-18 10:00:00+00:00,tt_kuningan,14.0,19.835428
1,2026-08-18 10:00:00+00:00,tt_sudirman,23.0,31.87108
1,2026-08-18 10:00:00+00:00,tt_tangerang,34.0,38.4111
1,2026-08-18 10:00:00+00:00,tt_tbsimatupang,44.0,49.123672
1,2026-08-18 10:00:00+00:00,tt_thamrin,22.0,21.730743
1,2026-08-18 12:00:00+00:00,tt_bekasi,14.0,14.493572
1,2026-08-18 12:00:00+00:00,tt_bogor,35.0,34.052143
1,2026-08-18 12:00:00+00:00,tt_bsd,34.0,31.559351
1,2026-08-18 12:00:00+00:00,tt_cawang,34.0,31.931305
1,2026-08-18 12:00:00+00:00,tt_depok,26.0,25.565752
1,2026-08-18 12:00:00+00:00,tt_gatsu,45.0,25.777369
1,2026-08-18 12:00:00+00:00,tt_grogol,32.0,31.077887
1,2026-08-18 12:00:00+00:00,tt_kebonjeruk,25.0,21.751049
1,2026-08-18 12:00:00+00:00,tt_kelapagading,22.0,24.620277
1,2026-08-18 12:00:00+00:00,tt_kuningan,13.0,15.721891
1,2026-08-18 12:00:00+00:00,tt_sudirman,29.0,25.73596
1,2026-08-18 12:00:00+00:00,tt_tangerang,48.0,35.425995
1,2026-08-18 12:00:00+00:00,tt_tbsimatupang,72.0,44.73982
1,2026-08-18 12:00:00+00:00,tt_thamrin,17.0,21.922012
1,2026-08-18 14:00:00+00:00,tt_bekasi,15.999999,16.71326
1,2026-08-18 14:00:00+00:00,tt_bogor,45.0,34.44816
1,2026-08-18 14:00:00+00:00,tt_bsd,34.0,33.87964
1,2026-08-18 14:00:00+00:00,tt_cawang,32.0,36.389767
1,2026-08-18 14:00:00+00:00,tt_depok,26.0,27.474354
1,2026-08-18 14:00:00+00:00,tt_gatsu,45.0,47.5004
1,2026-08-18 14:00:00+00:00,tt_grogol,40.0,32.397694
1,2026-08-18 14:00:00+00:00,tt_kebonjeruk,31.0,24.712803
1,2026-08-18 14:00:00+00:00,tt_kelapagading,29.0,24.428905
1,2026-08-18 14:00:00+00:00,tt_kuningan,15.999999,17.007956
1,2026-08-18 14:00:00+00:00,tt_sudirman,30.0,30.218048
1,2026-08-18 14:00:00+00:00,tt_tangerang,48.0,45.211113
1,2026-08-18 14:00:00+00:00,tt_tbsimatupang,72.0,63.148533
1,2026-08-18 14:00:00+00:00,tt_thamrin,22.0,19.964245
1,2026-08-18 15:00:00+00:00,tt_bekasi,15.999999,17.759424
1,2026-08-18 15:00:00+00:00,tt_bogor,45.0,37.938423
1,2026-08-18 15:00:00+00:00,tt_bsd,34.0,34.391346
1,2026-08-18 15:00:00+00:00,tt_cawang,43.0,35.837364
1,2026-08-18 15:00:00+00:00,tt_depok,31.0,27.66035
1,2026-08-18 15:00:00+00:00,tt_gatsu,45.0,48.489582
1,2026-08-18 15:00:00+00:00,tt_grogol,40.0,36.290665
1,2026-08-18 15:00:00+00:00,tt_kebonjeruk,35.0,28.641079
1,2026-08-18 15:00:00+00:00,tt_kelapagading,29.0,27.76754
1,2026-08-18 15:00:00+00:00,tt_kuningan,21.0,17.817787
1,2026-08-18 15:00:00+00:00,tt_sudirman,39.0,31.669704
1,2026-08-18 15:00:00+00:00,tt_tangerang,48.0,46.33203
1,2026-08-18 15:00:00+00:00,tt_tbsimatupang,72.0,64.75366
1,2026-08-18 15:00:00+00:00,tt_thamrin,22.0,22.64647
1,2026-08-18 17:00:00+00:00,tt_bekasi,17.0,18.278316
1,2026-08-18 17:00:00+00:00,tt_bogor,45.0,40.963024
1,2026-08-18 17:00:00+00:00,tt_bsd,34.0,34.81476
1,2026-08-18 17:00:00+00:00,tt_cawang,43.0,41.37991
1,2026-08-18 17:00:00+00:00,tt_depok,31.0,31.561852
1,2026-08-18 17:00:00+00:00,tt_gatsu,45.0,47.116196
1,2026-08-18 17:00:00+00:00,tt_grogol,40.0,38.65478
1,2026-08-18 17:00:00+00:00,tt_kebonjeruk,35.0,33.07068
1,2026-08-18 17:00:00+00:00,tt_kelapagading,29.0,29.139866
1,2026-08-18 17:00:00+00:00,tt_kuningan,21.0,21.40804
1,2026-08-18 17:00:00+00:00,tt_sudirman,39.0,38.155888
1,2026-08-18 17:00:00+00:00,tt_tangerang,48.0,46.321743
1,2026-08-18 17:00:00+00:00,tt_tbsimatupang,72.0,64.72642
1,2026-08-18 17:00:00+00:00,tt_thamrin,22.0,24.187176
1,2026-08-18 19:00:00+00:00,tt_bekasi,17.0,18.511955
1,2026-08-18 19:00:00+00:00,tt_bogor,45.0,41.166145
1,2026-08-18 19:00:00+00:00,tt_bsd,34.0,34.712017
1,2026-08-18 19:00:00+00:00,tt_cawang,43.0,41.75161
1,2026-08-18 19:00:00+00:00,tt_depok,31.0,32.56845
1,2026-08-18 19:00:00+00:00,tt_gatsu,45.0,45.331123
1,2026-08-18 19:00:00+00:00,tt_grogol,40.0,38.335052
1,2026-08-18 19:00:00+00:00,tt_kebonjeruk,35.0,33.76979
1,2026-08-18 19:00:00+00:00,tt_kelapagading,29.0,28.951582
1,2026-08-18 19:00:00+00:00,tt_kuningan,21.0,21.778738
1,2026-08-18 19:00:00+00:00,tt_sudirman,39.0,38.477573
1,2026-08-18 19:00:00+00:00,tt_tangerang,48.0,45.662743
1,2026-08-18 19:00:00+00:00,tt_tbsimatupang,72.0,63.911613
1,2026-08-18 19:00:00+00:00,tt_thamrin,22.0,23.648155
1,2026-08-18 20:00:00+00:00,tt_bekasi,17.0,18.522114
1,2026-08-18 20:00:00+00:00,tt_bogor,45.0,41.032085
1,2026-08-18 20:00:00+00:00,tt_bsd,34.0,34.60539
1,2026-08-18 20:00:00+00:00,tt_cawang,43.0,41.194458
1,2026-08-18 20:00:00+00:00,tt_depok,31.0,32.62531
1,2026-08-18 20:00:00+00:00,tt_gatsu,45.0,44.598934
1,2026-08-18 20:00:00+00:00,tt_grogol,40.0,38.093746
1,2026-08-18 20:00:00+00:00,tt_kebonjeruk,35.0,33.73085
1,2026-08-18 20:00:00+00:00,tt_kelapagading,29.0,28.81125
1,2026-08-18 20:00:00+00:00,tt_kuningan,21.0,21.700533
1,2026-08-18 20:00:00+00:00,tt_sudirman,39.0,38.277023
1,2026-08-18 20:00:00+00:00,tt_tangerang,48.0,45.40528
1,2026-08-18 20:00:00+00:00,tt_tbsimatupang,72.0,63.532715
1,2026-08-18 20:00:00+00:00,tt_thamrin,22.0,23.277653
1,2026-08-18 22:00:00+00:00,tt_bekasi,17.0,18.540033
1,2026-08-18 22:00:00+00:00,tt_bogor,45.0,40.67964
1,2026-08-18 22:00:00+00:00,tt_bsd,34.0,34.38066
1,2026-08-18 22:00:00+00:00,tt_cawang,43.0,40.43009
1,2026-08-18 22:00:00+00:00,tt_depok,31.0,32.524876
1,2026-08-18 22:00:00+00:00,tt_gatsu,45.0,43.242798
1,2026-08-18 22:00:00+00:00,tt_grogol,40.0,37.694305
1,2026-08-18 22:00:00+00:00,tt_kebonjeruk,35.0,33.596756
1,2026-08-18 22:00:00+00:00,tt_kelapagading,29.0,28.65786
1,2026-08-18 22:00:00+00:00,tt_kuningan,21.0,21.570858
1,2026-08-18 22:00:00+00:00,tt_sudirman,39.0,37.858807
1,2026-08-18 22:00:00+00:00,tt_tangerang,48.0,45.038662
1,2026-08-18 22:00:00+00:00,tt_tbsimatupang,72.0,63.044052
1,2026-08-18 22:00:00+00:00,tt_thamrin,22.0,22.77124
1,2026-08-19 00:00:00+00:00,tt_bekasi,15.0,17.700336
1,2026-08-19 00:00:00+00:00,tt_bogor,35.0,40.41925
1,2026-08-19 00:00:00+00:00,tt_bsd,29.0,34.187157
1,2026-08-19 00:00:00+00:00,tt_cawang,20.0,39.93813
1,2026-08-19 00:00:00+00:00,tt_depok,31.0,32.38595
1,2026-08-19 00:00:00+00:00,tt_gatsu,45.0,42.42486
1,2026-08-19 00:00:00+00:00,tt_grogol,40.0,37.39863
1,2026-08-19 00:00:00+00:00,tt_kebonjeruk,27.0,33.437244
1,2026-08-19 00:00:00+00:00,tt_kelapagading,29.0,28.511036
1,2026-08-19 00:00:00+00:00,tt_kuningan,21.0,21.043102
1,2026-08-19 00:00:00+00:00,tt_sudirman,39.0,37.533184
1,2026-08-19 00:00:00+00:00,tt_tangerang,48.0,44.86713
1,2026-08-19 00:00:00+00:00,tt_tbsimatupang,39.0,62.747757
1,2026-08-19 00:00:00+00:00,tt_thamrin,19.0,22.337994
1,2026-08-19 01:00:00+00:00,tt_bekasi,15.999999,16.24244
1,2026-08-19 01:00:00+00:00,tt_bogor,37.0,36.31968
1,2026-08-19 01:00:00+00:00,tt_bsd,34.0,31.35841
1,2026-08-19 01:00:00+00:00,tt_cawang,13.0,29.35602
1,2026-08-19 01:00:00+00:00,tt_depok,27.0,30.327429
1,2026-08-19 01:00:00+00:00,tt_gatsu,13.0,42.59364
1,2026-08-19 01:00:00+00:00,tt_grogol,32.0,37.48418
1,2026-08-19 01:00:00+00:00,tt_kebonjeruk,25.0,29.692108
1,2026-08-19 01:00:00+00:00,tt_kelapagading,29.0,28.109934
1,2026-08-19 01:00:00+00:00,tt_kuningan,21.0,19.449524
1,2026-08-19 01:00:00+00:00,tt_sudirman,22.0,37.49739
1,2026-08-19 01:00:00+00:00,tt_tangerang,39.0,44.967377
1,2026-08-19 01:00:00+00:00,tt_tbsimatupang,18.0,45.985023
1,2026-08-19 01:00:00+00:00,tt_thamrin,22.0,20.627655
1,2026-08-19 03:00:00+00:00,tt_bekasi,15.999999,14.50869
1,2026-08-19 03:00:00+00:00,tt_bogor,37.0,34.891792
1,2026-08-19 03:00:00+00:00,tt_bsd,34.0,31.325655
1,2026-08-19 03:00:00+00:00,tt_cawang,20.0,19.168451
1,2026-08-19 03:00:00+00:00,tt_depok,31.0,24.826717
1,2026-08-19 03:00:00+00:00,tt_gatsu,45.0,22.743427
1,2026-08-19 03:00:00+00:00,tt_grogol,31.0,31.856155
1,2026-08-19 03:00:00+00:00,tt_kebonjeruk,23.0,24.600363
1,2026-08-19 03:00:00+00:00,tt_kelapagading,29.0,28.629322
1,2026-08-19 03:00:00+00:00,tt_kuningan,15.999999,16.690872
1,2026-08-19 03:00:00+00:00,tt_sudirman,24.0,25.07284
1,2026-08-19 03:00:00+00:00,tt_tangerang,40.0,38.59914
1,2026-08-19 03:00:00+00:00,tt_tbsimatupang,33.0,28.411655
1,2026-08-19 03:00:00+00:00,tt_thamrin,20.0,20.264824
1,2026-08-19 05:00:00+00:00,tt_bekasi,15.0,16.71114
1,2026-08-19 05:00:00+00:00,tt_bogor,32.0,35.562054
1,2026-08-19 05:00:00+00:00,tt_bsd,34.0,31.829857
1,2026-08-19 05:00:00+00:00,tt_cawang,17.0,23.981281
1,2026-08-19 05:00:00+00:00,tt_depok,31.0,28.547209
1,2026-08-19 05:00:00+00:00,tt_gatsu,45.0,44.60088
1,2026-08-19 05:00:00+00:00,tt_grogol,31.0,30.324554
1,2026-08-19 05:00:00+00:00,tt_kebonjeruk,24.0,22.921553
1,2026-08-19 05:00:00+00:00,tt_kelapagading,21.0,30.147882
1,2026-08-19 05:00:00+00:00,tt_kuningan,17.0,16.545105
1,2026-08-19 05:00:00+00:00,tt_sudirman,27.0,26.642105
1,2026-08-19 05:00:00+00:00,tt_tangerang,40.0,38.71366
1,2026-08-19 05:00:00+00:00,tt_tbsimatupang,43.0,39.49253
1,2026-08-19 05:00:00+00:00,tt_thamrin,17.0,19.395332
1,2026-08-19 06:00:00+00:00,tt_bekasi,18.0,16.290096
1,2026-08-19 06:00:00+00:00,tt_bogor,35.0,33.271065
1,2026-08-19 06:00:00+00:00,tt_bsd,34.0,32.25493
1,2026-08-19 06:00:00+00:00,tt_cawang,19.0,23.256256
1,2026-08-19 06:00:00+00:00,tt_depok,27.0,29.143642
1,2026-08-19 06:00:00+00:00,tt_gatsu,30.0,47.053917
1,2026-08-19 06:00:00+00:00,tt_grogol,27.0,30.46695
1,2026-08-19 06:00:00+00:00,tt_kebonjeruk,21.0,23.344448
1,2026-08-19 06:00:00+00:00,tt_kelapagading,21.0,26.478693
1,2026-08-19 06:00:00+00:00,tt_kuningan,21.0,17.251873
1,2026-08-19 06:00:00+00:00,tt_sudirman,18.0,28.302917
1,2026-08-19 06:00:00+00:00,tt_tangerang,38.0,38.948097
1,2026-08-19 06:00:00+00:00,tt_tbsimatupang,48.0,44.764656
1,2026-08-19 06:00:00+00:00,tt_thamrin,13.0,18.255138
1,2026-08-19 08:00:00+00:00,tt_bekasi,15.0,17.388084
1,2026-08-19 08:00:00+00:00,tt_bogor,34.0,34.565918
1,2026-08-19 08:00:00+00:00,tt_bsd,28.0,32.699368
1,2026-08-19 08:00:00+00:00,tt_cawang,32.0,23.498539
1,2026-08-19 08:00:00+00:00,tt_depok,25.0,27.173355
1,2026-08-19 08:00:00+00:00,tt_gatsu,26.0,37.485035
1,2026-08-19 08:00:00+00:00,tt_grogol,27.0,27.50192
1,2026-08-19 08:00:00+00:00,tt_kebonjeruk,18.0,21.164547
1,2026-08-19 08:00:00+00:00,tt_kelapagading,22.0,25.137508
1,2026-08-19 08:00:00+00:00,tt_kuningan,21.0,19.485262
1,2026-08-19 08:00:00+00:00,tt_sudirman,22.0,23.477669
1,2026-08-19 08:00:00+00:00,tt_tangerang,48.0,37.789165
1,2026-08-19 08:00:00+00:00,tt_tbsimatupang,32.0,50.002304
1,2026-08-19 08:00:00+00:00,tt_thamrin,8.0,15.665848
1,2026-08-19 10:00:00+00:00,tt_bekasi,13.0,16.910828
1,2026-08-19 10:00:00+00:00,tt_bogor,30.0,34.082485
1,2026-08-19 10:00:00+00:00,tt_bsd,34.0,28.1277
1,2026-08-19 10:00:00+00:00,tt_cawang,43.0,33.041103
1,2026-08-19 10:00:00+00:00,tt_depok,23.0,25.222784
1,2026-08-19 10:00:00+00:00,tt_gatsu,23.0,34.1544
1,2026-08-19 10:00:00+00:00,tt_grogol,30.0,27.985306
1,2026-08-19 10:00:00+00:00,tt_kebonjeruk,19.0,19.497707
1,2026-08-19 10:00:00+00:00,tt_kelapagading,22.0,26.44896
1,2026-08-19 10:00:00+00:00,tt_kuningan,15.999999,20.198967
1,2026-08-19 10:00:00+00:00,tt_sudirman,19.0,25.618437
1,2026-08-19 10:00:00+00:00,tt_tangerang,28.0,45.33043
1,2026-08-19 10:00:00+00:00,tt_tbsimatupang,34.0,38.705868
1,2026-08-19 10:00:00+00:00,tt_thamrin,17.0,13.66268
1,2026-08-19 11:00:00+00:00,tt_bekasi,18.0,16.575047
1,2026-08-19 11:00:00+00:00,tt_bogor,33.0,31.81401
1,2026-08-19 11:00:00+00:00,tt_bsd,27.0,30.68709
1,2026-08-19 11:00:00+00:00,tt_cawang,43.0,38.99701
1,2026-08-19 11:00:00+00:00,tt_depok,25.0,24.40183
1,2026-08-19 11:00:00+00:00,tt_gatsu,35.0,32.663567
1,2026-08-19 11:00:00+00:00,tt_grogol,32.0,29.86614
1,2026-08-19 11:00:00+00:00,tt_kebonjeruk,21.0,19.475876
1,2026-08-19 11:00:00+00:00,tt_kelapagading,20.0,26.968773
1,2026-08-19 11:00:00+00:00,tt_kuningan,15.999999,19.19587
1,2026-08-19 11:00:00+00:00,tt_sudirman,15.999999,24.741047
1,2026-08-19 11:00:00+00:00,tt_tangerang,26.0,35.7359
1,2026-08-19 11:00:00+00:00,tt_tbsimatupang,44.0,38.370804
1,2026-08-19 11:00:00+00:00,tt_thamrin,10.0,16.469666
1,2026-08-19 13:00:00+00:00,tt_bekasi,18.0,19.799099
1,2026-08-19 13:00:00+00:00,tt_bogor,45.0,33.66852
1,2026-08-19 13:00:00+00:00,tt_bsd,34.0,27.18444
1,2026-08-19 13:00:00+00:00,tt_cawang,43.0,43.59298
1,2026-08-19 13:00:00+00:00,tt_depok,25.0,25.844639
1,2026-08-19 13:00:00+00:00,tt_gatsu,45.0,40.125763
1,2026-08-19 13:00:00+00:00,tt_grogol,31.0,33.88438
1,2026-08-19 13:00:00+00:00,tt_kebonjeruk,27.0,20.15086
1,2026-08-19 13:00:00+00:00,tt_kelapagading,23.0,25.36611
1,2026-08-19 13:00:00+00:00,tt_kuningan,13.0,19.426662
1,2026-08-19 13:00:00+00:00,tt_sudirman,30.0,20.92044
1,2026-08-19 13:00:00+00:00,tt_tangerang,48.0,30.047516
1,2026-08-19 13:00:00+00:00,tt_tbsimatupang,72.0,43.76796
1,2026-08-19 13:00:00+00:00,tt_thamrin,20.0,15.136066
1,2026-08-19 15:00:00+00:00,tt_bekasi,15.999999,20.020535
1,2026-08-19 15:00:00+00:00,tt_bogor,38.0,40.380173
1,2026-08-19 15:00:00+00:00,tt_bsd,34.0,34.365128
1,2026-08-19 15:00:00+00:00,tt_cawang,32.0,44.55198
1,2026-08-19 15:00:00+00:00,tt_depok,31.0,27.665232
1,2026-08-19 15:00:00+00:00,tt_gatsu,45.0,46.0796
1,2026-08-19 15:00:00+00:00,tt_grogol,40.0,33.787525
1,2026-08-19 15:00:00+00:00,tt_kebonjeruk,31.0,26.811022
1,2026-08-19 15:00:00+00:00,tt_kelapagading,29.0,26.363943
1,2026-08-19 15:00:00+00:00,tt_kuningan,21.0,18.614243
1,2026-08-19 15:00:00+00:00,tt_sudirman,29.0,29.685616
1,2026-08-19 15:00:00+00:00,tt_tangerang,48.0,46.63644
1,2026-08-19 15:00:00+00:00,tt_tbsimatupang,72.0,62.25586
1,2026-08-19 15:00:00+00:00,tt_thamrin,21.0,20.579075
1,2026-08-19 16:00:00+00:00,tt_bekasi,18.0,19.075905
1,2026-08-19 16:00:00+00:00,tt_bogor,45.0,38.806488
1,2026-08-19 16:00:00+00:00,tt_bsd,34.0,35.33334
1,2026-08-19 16:00:00+00:00,tt_cawang,43.0,39.2749
1,2026-08-19 16:00:00+00:00,tt_depok,31.0,29.931623
1,2026-08-19 16:00:00+00:00,tt_gatsu,45.0,45.854805
1,2026-08-19 16:00:00+00:00,tt_grogol,40.0,37.52412
1,2026-08-19 16:00:00+00:00,tt_kebonjeruk,35.0,29.823174
1,2026-08-19 16:00:00+00:00,tt_kelapagading,29.0,28.595867
1,2026-08-19 16:00:00+00:00,tt_kuningan,21.0,21.23153
1,2026-08-19 16:00:00+00:00,tt_sudirman,39.0,30.3576
1,2026-08-19 16:00:00+00:00,tt_tangerang,48.0,48.235794
1,2026-08-19 16:00:00+00:00,tt_tbsimatupang,72.0,64.32177
1,2026-08-19 16:00:00+00:00,tt_thamrin,22.0,22.391577
1,2026-08-19 18:00:00+00:00,tt_bekasi,18.0,19.723377
1,2026-08-19 18:00:00+00:00,tt_bogor,45.0,41.04841
1,2026-08-19 18:00:00+00:00,tt_bsd,34.0,35.563156
1,2026-08-19 18:00:00+00:00,tt_cawang,43.0,42.690247
1,2026-08-19 18:00:00+00:00,tt_depok,31.0,32.153057
1,2026-08-19 18:00:00+00:00,tt_gatsu,45.0,44.028633
1,2026-08-19 18:00:00+00:00,tt_grogol,40.0,39.358524
1,2026-08-19 18:00:00+00:00,tt_kebonjeruk,35.0,33.646454
1,2026-08-19 18:00:00+00:00,tt_kelapagading,29.0,29.830307
1,2026-08-19 18:00:00+00:00,tt_kuningan,21.0,22.867157
1,2026-08-19 18:00:00+00:00,tt_sudirman,39.0,37.23806
1,2026-08-19 18:00:00+00:00,tt_tangerang,44.0,47.755714
1,2026-08-19 18:00:00+00:00,tt_tbsimatupang,72.0,64.66788
1,2026-08-19 18:00:00+00:00,tt_thamrin,22.0,24.259449
1,2026-08-19 20:00:00+00:00,tt_bekasi,18.0,19.341702
1,2026-08-19 20:00:00+00:00,tt_bogor,45.0,41.109295
1,2026-08-19 20:00:00+00:00,tt_bsd,34.0,34.878075
1,2026-08-19 20:00:00+00:00,tt_cawang,43.0,42.32937
1,2026-08-19 20:00:00+00:00,tt_depok,31.0,32.62093
1,2026-08-19 20:00:00+00:00,tt_gatsu,45.0,43.306843
1,2026-08-19 20:00:00+00:00,tt_grogol,40.0,38.942314
1,2026-08-19 20:00:00+00:00,tt_kebonjeruk,35.0,33.968994
1,2026-08-19 20:00:00+00:00,tt_kelapagading,29.0,29.138977
1,2026-08-19 20:00:00+00:00,tt_kuningan,21.0,22.218227
1,2026-08-19 20:00:00+00:00,tt_sudirman,39.0,38.069653
1,2026-08-19 20:00:00+00:00,tt_tangerang,48.0,43.729733
1,2026-08-19 20:00:00+00:00,tt_tbsimatupang,72.0,63.809868
1,2026-08-19 20:00:00+00:00,tt_thamrin,22.0,23.92226
1,2026-08-19 21:00:00+00:00,tt_bekasi,18.0,19.118465
1,2026-08-19 21:00:00+00:00,tt_bogor,45.0,40.904007
1,2026-08-19 21:00:00+00:00,tt_bsd,34.0,34.75563
1,2026-08-19 21:00:00+00:00,tt_cawang,43.0,41.80769
1,2026-08-19 21:00:00+00:00,tt_depok,31.0,32.606647
1,2026-08-19 21:00:00+00:00,tt_gatsu,45.0,43.017433
1,2026-08-19 21:00:00+00:00,tt_grogol,40.0,38.56433
1,2026-08-19 21:00:00+00:00,tt_kebonjeruk,35.0,33.90073
1,2026-08-19 21:00:00+00:00,tt_kelapagading,29.0,28.845737
1,2026-08-19 21:00:00+00:00,tt_kuningan,21.0,21.833952
1,2026-08-19 21:00:00+00:00,tt_sudirman,39.0,37.94851
1,2026-08-19 21:00:00+00:00,tt_tangerang,48.0,44.75581
1,2026-08-19 21:00:00+00:00,tt_tbsimatupang,72.0,63.439384
1,2026-08-19 21:00:00+00:00,tt_thamrin,22.0,23.583681
1,2026-08-19 23:00:00+00:00,tt_bekasi,17.0,18.51469
1,2026-08-19 23:00:00+00:00,tt_bogor,35.0,40.548462
1,2026-08-19 23:00:00+00:00,tt_bsd,34.0,34.432304
1,2026-08-19 23:00:00+00:00,tt_cawang,26.0,40.70952
1,2026-08-19 23:00:00+00:00,tt_depok,31.0,32.472195
1,2026-08-19 23:00:00+00:00,tt_gatsu,45.0,42.513527
1,2026-08-19 23:00:00+00:00,tt_grogol,35.0,37.98419
1,2026-08-19 23:00:00+00:00,tt_kebonjeruk,30.0,33.723686
1,2026-08-19 23:00:00+00:00,tt_kelapagading,29.0,28.56549
1,2026-08-19 23:00:00+00:00,tt_kuningan,21.0,21.3297
1,2026-08-19 23:00:00+00:00,tt_sudirman,39.0,37.717186
1,2026-08-19 23:00:00+00:00,tt_tangerang,48.0,45.092148
1,2026-08-19 23:00:00+00:00,tt_tbsimatupang,72.0,62.893105
1,2026-08-19 23:00:00+00:00,tt_thamrin,20.0,23.042023
1,2026-08-20 01:00:00+00:00,tt_bekasi,18.0,17.1263
1,2026-08-20 01:00:00+00:00,tt_bogor,35.0,34.716324
1,2026-08-20 01:00:00+00:00,tt_bsd,29.0,33.970192
1,2026-08-20 01:00:00+00:00,tt_cawang,14.0,29.335146
1,2026-08-20 01:00:00+00:00,tt_depok,31.0,31.293325
1,2026-08-20 01:00:00+00:00,tt_gatsu,37.0,42.42656
1,2026-08-20 01:00:00+00:00,tt_grogol,30.0,34.379135
1,2026-08-20 01:00:00+00:00,tt_kebonjeruk,26.0,30.278141
1,2026-08-20 01:00:00+00:00,tt_kelapagading,29.0,28.185316
1,2026-08-20 01:00:00+00:00,tt_kuningan,21.0,20.317135
1,2026-08-20 01:00:00+00:00,tt_sudirman,27.0,37.550102
1,2026-08-20 01:00:00+00:00,tt_tangerang,36.0,45.072563
1,2026-08-20 01:00:00+00:00,tt_tbsimatupang,18.0,62.88234
1,2026-08-20 01:00:00+00:00,tt_thamrin,18.0,20.59546
1,2026-08-20 02:00:00+00:00,tt_bekasi,18.0,16.871342
1,2026-08-20 02:00:00+00:00,tt_bogor,40.0,33.64274
1,2026-08-20 02:00:00+00:00,tt_bsd,34.0,29.704502
1,2026-08-20 02:00:00+00:00,tt_cawang,18.0,21.596222
1,2026-08-20 02:00:00+00:00,tt_depok,31.0,29.325699
1,2026-08-20 02:00:00+00:00,tt_gatsu,45.0,39.00664
1,2026-08-20 02:00:00+00:00,tt_grogol,30.0,30.482687
1,2026-08-20 02:00:00+00:00,tt_kebonjeruk,26.0,26.248232
1,2026-08-20 02:00:00+00:00,tt_kelapagading,25.0,28.285492
1,2026-08-20 02:00:00+00:00,tt_kuningan,21.0,17.94123
1,2026-08-20 02:00:00+00:00,tt_sudirman,25.0,30.696373
1,2026-08-20 02:00:00+00:00,tt_tangerang,48.0,39.069725
1,2026-08-20 02:00:00+00:00,tt_tbsimatupang,21.0,36.92341
1,2026-08-20 02:00:00+00:00,tt_thamrin,18.0,18.915762
1,2026-08-20 04:00:00+00:00,tt_bekasi,15.0,17.39905
1,2026-08-20 04:00:00+00:00,tt_bogor,35.0,36.695503
1,2026-08-20 04:00:00+00:00,tt_bsd,34.0,31.523815
1,2026-08-20 04:00:00+00:00,tt_cawang,20.0,20.804756
1,2026-08-20 04:00:00+00:00,tt_depok,27.0,28.5748
1,2026-08-20 04:00:00+00:00,tt_gatsu,45.0,42.85393
1,2026-08-20 04:00:00+00:00,tt_grogol,25.0,28.927032
1,2026-08-20 04:00:00+00:00,tt_kebonjeruk,25.0,25.175123
1,2026-08-20 04:00:00+00:00,tt_kelapagading,22.0,25.994442
1,2026-08-20 04:00:00+00:00,tt_kuningan,21.0,17.814674
1,2026-08-20 04:00:00+00:00,tt_sudirman,26.0,26.804352
1,2026-08-20 04:00:00+00:00,tt_tangerang,48.0,44.47771
1,2026-08-20 04:00:00+00:00,tt_tbsimatupang,45.0,32.77123
1,2026-08-20 04:00:00+00:00,tt_thamrin,13.0,17.863194
1,2026-08-20 06:00:00+00:00,tt_bekasi,15.0,16.126608
1,2026-08-20 06:00:00+00:00,tt_bogor,39.0,34.709663
1,2026-08-20 06:00:00+00:00,tt_bsd,34.0,32.616955
1,2026-08-20 06:00:00+00:00,tt_cawang,28.0,22.635399
1,2026-08-20 06:00:00+00:00,tt_depok,29.0,26.728565
1,2026-08-20 06:00:00+00:00,tt_gatsu,28.0,44.762268
1,2026-08-20 06:00:00+00:00,tt_grogol,29.0,25.420378
1,2026-08-20 06:00:00+00:00,tt_kebonjeruk,25.0,24.283379
1,2026-08-20 06:00:00+00:00,tt_kelapagading,20.0,24.395733
1,2026-08-20 06:00:00+00:00,tt_kuningan,15.999999,19.515118
1,2026-08-20 06:00:00+00:00,tt_sudirman,21.0,27.744923
1,2026-08-20 06:00:00+00:00,tt_tangerang,38.0,45.984684
1,2026-08-20 06:00:00+00:00,tt_tbsimatupang,27.0,48.542885
1,2026-08-20 06:00:00+00:00,tt_thamrin,12.0,15.363617
1,2026-08-20 07:00:00+00:00,tt_bekasi,15.999999,15.688972
1,2026-08-20 07:00:00+00:00,tt_bogor,36.0,36.40884
1,2026-08-20 07:00:00+00:00,tt_bsd,34.0,32.38545
1,2026-08-20 07:00:00+00:00,tt_cawang,21.0,25.980482
1,2026-08-20 07:00:00+00:00,tt_depok,26.0,27.388672
1,2026-08-20 07:00:00+00:00,tt_gatsu,20.0,35.63821
1,2026-08-20 07:00:00+00:00,tt_grogol,29.0,26.836164
1,2026-08-20 07:00:00+00:00,tt_kebonjeruk,22.0,23.891445
1,2026-08-20 07:00:00+00:00,tt_kelapagading,20.0,23.682232
1,2026-08-20 07:00:00+00:00,tt_kuningan,21.0,17.128822
1,2026-08-20 07:00:00+00:00,tt_sudirman,20.0,25.5699
1,2026-08-20 07:00:00+00:00,tt_tangerang,37.0,41.085846
1,2026-08-20 07:00:00+00:00,tt_tbsimatupang,49.0,39.698254
1,2026-08-20 07:00:00+00:00,tt_thamrin,12.0,14.723043
1,2026-08-20 09:00:00+00:00,tt_bekasi,14.0,15.875865
1,2026-08-20 09:00:00+00:00,tt_bogor,34.0,35.853344
1,2026-08-20 09:00:00+00:00,tt_bsd,28.0,32.544456
1,2026-08-20 09:00:00+00:00,tt_cawang,30.0,23.329815
1,2026-08-20 09:00:00+00:00,tt_depok,26.0,26.386576
1,2026-08-20 09:00:00+00:00,tt_gatsu,32.0,29.38105
1,2026-08-20 09:00:00+00:00,tt_grogol,31.0,28.31356
1,2026-08-20 09:00:00+00:00,tt_kebonjeruk,21.0,22.04153
1,2026-08-20 09:00:00+00:00,tt_kelapagading,21.0,23.648823
1,2026-08-20 09:00:00+00:00,tt_kuningan,13.0,19.366245
1,2026-08-20 09:00:00+00:00,tt_sudirman,23.0,24.314629
1,2026-08-20 09:00:00+00:00,tt_tangerang,34.0,37.747375
1,2026-08-20 09:00:00+00:00,tt_tbsimatupang,47.0,51.03969
1,2026-08-20 09:00:00+00:00,tt_thamrin,18.0,14.715143
1,2026-08-20 11:00:00+00:00,tt_bekasi,18.0,16.526354
1,2026-08-20 11:00:00+00:00,tt_bogor,35.0,34.38046
1,2026-08-20 11:00:00+00:00,tt_bsd,34.0,27.922949
1,2026-08-20 11:00:00+00:00,tt_cawang,33.0,28.565506
1,2026-08-20 11:00:00+00:00,tt_depok,26.0,26.337921
1,2026-08-20 11:00:00+00:00,tt_gatsu,7.0,38.182095
1,2026-08-20 11:00:00+00:00,tt_grogol,29.0,31.144617
1,2026-08-20 11:00:00+00:00,tt_kebonjeruk,18.0,21.382885
1,2026-08-20 11:00:00+00:00,tt_kelapagading,21.0,24.89523
1,2026-08-20 11:00:00+00:00,tt_kuningan,15.999999,17.23825
1,2026-08-20 11:00:00+00:00,tt_sudirman,12.0,26.681156
1,2026-08-20 11:00:00+00:00,tt_tangerang,35.0,35.635952
1,2026-08-20 11:00:00+00:00,tt_tbsimatupang,24.0,49.759846
1,2026-08-20 11:00:00+00:00,tt_thamrin,10.0,18.074158
1,2026-08-20 12:00:00+00:00,tt_bekasi,14.0,17.36958
1,2026-08-20 12:00:00+00:00,tt_bogor,37.0,34.40238
1,2026-08-20 12:00:00+00:00,tt_bsd,34.0,30.487099
1,2026-08-20 12:00:00+00:00,tt_cawang,43.0,32.051357
1,2026-08-20 12:00:00+00:00,tt_depok,24.0,25.584627
1,2026-08-20 12:00:00+00:00,tt_gatsu,10.0,28.541481
1,2026-08-20 12:00:00+00:00,tt_grogol,32.0,30.161055
1,2026-08-20 12:00:00+00:00,tt_kebonjeruk,23.0,19.910267
1,2026-08-20 12:00:00+00:00,tt_kelapagading,21.0,24.542942
1,2026-08-20 12:00:00+00:00,tt_kuningan,13.0,16.4589
1,2026-08-20 12:00:00+00:00,tt_sudirman,22.0,21.36822
1,2026-08-20 12:00:00+00:00,tt_tangerang,48.0,35.98487
1,2026-08-20 12:00:00+00:00,tt_tbsimatupang,40.0,36.504997
1,2026-08-20 12:00:00+00:00,tt_thamrin,9.0,15.787191
1,2026-08-20 14:00:00+00:00,tt_bekasi,18.0,16.598944
1,2026-08-20 14:00:00+00:00,tt_bogor,38.0,35.887
1,2026-08-20 14:00:00+00:00,tt_bsd,27.0,33.1814
1,2026-08-20 14:00:00+00:00,tt_cawang,32.0,42.72
1,2026-08-20 14:00:00+00:00,tt_depok,31.0,24.854136
1,2026-08-20 14:00:00+00:00,tt_gatsu,45.0,26.814787
1,2026-08-20 14:00:00+00:00,tt_grogol,40.0,33.288982
1,2026-08-20 14:00:00+00:00,tt_kebonjeruk,28.0,23.19904
1,2026-08-20 14:00:00+00:00,tt_kelapagading,29.0,24.063942
1,2026-08-20 14:00:00+00:00,tt_kuningan,15.999999,16.31118
1,2026-08-20 14:00:00+00:00,tt_sudirman,39.0,23.83978
1,2026-08-20 14:00:00+00:00,tt_tangerang,48.0,45.774345
1,2026-08-20 14:00:00+00:00,tt_tbsimatupang,59.0,42.54114
1,2026-08-20 14:00:00+00:00,tt_thamrin,13.0,14.827148
1,2026-08-20 16:00:00+00:00,tt_bekasi,15.0,20.48376
1,2026-08-20 16:00:00+00:00,tt_bogor,45.0,36.49615
1,2026-08-20 16:00:00+00:00,tt_bsd,34.0,29.81374
1,2026-08-20 16:00:00+00:00,tt_cawang,43.0,37.591957
1,2026-08-20 16:00:00+00:00,tt_depok,31.0,30.44676
1,2026-08-20 16:00:00+00:00,tt_gatsu,45.0,46.4021
1,2026-08-20 16:00:00+00:00,tt_grogol,40.0,39.332806
1,2026-08-20 16:00:00+00:00,tt_kebonjeruk,35.0,27.646017
1,2026-08-20 16:00:00+00:00,tt_kelapagading,29.0,29.792622
1,2026-08-20 16:00:00+00:00,tt_kuningan,21.0,19.584648
1,2026-08-20 16:00:00+00:00,tt_sudirman,39.0,38.331005
1,2026-08-20 16:00:00+00:00,tt_tangerang,48.0,47.18433
1,2026-08-20 16:00:00+00:00,tt_tbsimatupang,72.0,56.19375
1,2026-08-20 16:00:00+00:00,tt_thamrin,22.0,17.984947
1,2026-08-20 17:00:00+00:00,tt_bekasi,18.0,19.737984
1,2026-08-20 17:00:00+00:00,tt_bogor,45.0,39.38182
1,2026-08-20 17:00:00+00:00,tt_bsd,34.0,32.480865
1,2026-08-20 17:00:00+00:00,tt_cawang,43.0,41.32582
1,2026-08-20 17:00:00+00:00,tt_depok,31.0,31.94112
1,2026-08-20 17:00:00+00:00,tt_gatsu,45.0,47.069122
1,2026-08-20 17:00:00+00:00,tt_grogol,40.0,39.73184
1,2026-08-20 17:00:00+00:00,tt_kebonjeruk,35.0,31.420345
1,2026-08-20 17:00:00+00:00,tt_kelapagading,29.0,30.369795
1,2026-08-20 17:00:00+00:00,tt_kuningan,21.0,22.709206
1,2026-08-20 17:00:00+00:00,tt_sudirman,39.0,39.911156
1,2026-08-20 17:00:00+00:00,tt_tangerang,48.0,46.790676
1,2026-08-20 17:00:00+00:00,tt_tbsimatupang,72.0,62.322914
1,2026-08-20 17:00:00+00:00,tt_thamrin,22.0,22.04981
1,2026-08-20 19:00:00+00:00,tt_bekasi,18.0,20.38981
1,2026-08-20 19:00:00+00:00,tt_bogor,45.0,41.300278
1,2026-08-20 19:00:00+00:00,tt_bsd,34.0,34.65274
1,2026-08-20 19:00:00+00:00,tt_cawang,43.0,43.024044
1,2026-08-20 19:00:00+00:00,tt_depok,31.0,32.93014
1,2026-08-20 19:00:00+00:00,tt_gatsu,45.0,45.474
1,2026-08-20 19:00:00+00:00,tt_grogol,40.0,39.237297
1,2026-08-20 19:00:00+00:00,tt_kebonjeruk,35.0,33.844776
1,2026-08-20 19:00:00+00:00,tt_kelapagading,29.0,30.024557
1,2026-08-20 19:00:00+00:00,tt_kuningan,21.0,23.304523
1,2026-08-20 19:00:00+00:00,tt_sudirman,39.0,39.797653
1,2026-08-20 19:00:00+00:00,tt_tangerang,48.0,46.10913
1,2026-08-20 19:00:00+00:00,tt_tbsimatupang,72.0,64.662285
1,2026-08-20 19:00:00+00:00,tt_thamrin,22.0,23.572193
1,2026-08-20 21:00:00+00:00,tt_bekasi,18.0,19.74413
1,2026-08-20 21:00:00+00:00,tt_bogor,45.0,41.171307
1,2026-08-20 21:00:00+00:00,tt_bsd,34.0,34.873833
1,2026-08-20 21:00:00+00:00,tt_cawang,43.0,42.14554
1,2026-08-20 21:00:00+00:00,tt_depok,31.0,32.910282
1,2026-08-20 21:00:00+00:00,tt_gatsu,45.0,44.14088
1,2026-08-20 21:00:00+00:00,tt_grogol,40.0,38.446815
1,2026-08-20 21:00:00+00:00,tt_kebonjeruk,35.0,33.917294
1,2026-08-20 21:00:00+00:00,tt_kelapagading,29.0,29.258184
1,2026-08-20 21:00:00+00:00,tt_kuningan,21.0,22.546734
1,2026-08-20 21:00:00+00:00,tt_sudirman,39.0,38.884262
1,2026-08-20 21:00:00+00:00,tt_tangerang,48.0,45.54662
1,2026-08-20 21:00:00+00:00,tt_tbsimatupang,72.0,64.03347
1,2026-08-20 21:00:00+00:00,tt_thamrin,22.0,22.906225
1,2026-08-20 22:00:00+00:00,tt_bekasi,18.0,19.507542
1,2026-08-20 22:00:00+00:00,tt_bogor,45.0,40.97903
1,2026-08-20 22:00:00+00:00,tt_bsd,34.0,34.761177
1,2026-08-20 22:00:00+00:00,tt_cawang,43.0,41.620026
1,2026-08-20 22:00:00+00:00,tt_depok,31.0,32.809525
1,2026-08-20 22:00:00+00:00,tt_gatsu,45.0,43.582508
1,2026-08-20 22:00:00+00:00,tt_grogol,40.0,38.131165
1,2026-08-20 22:00:00+00:00,tt_kebonjeruk,35.0,33.804512
1,2026-08-20 22:00:00+00:00,tt_kelapagading,29.0,29.068798
1,2026-08-20 22:00:00+00:00,tt_kuningan,21.0,22.271458
1,2026-08-20 22:00:00+00:00,tt_sudirman,39.0,38.605095
1,2026-08-20 22:00:00+00:00,tt_tangerang,48.0,45.328827
1,2026-08-20 22:00:00+00:00,tt_tbsimatupang,72.0,63.64347
1,2026-08-20 22:00:00+00:00,tt_thamrin,22.0,22.73323
1,2026-08-21 00:00:00+00:00,tt_bekasi,18.0,18.999317
1,2026-08-21 00:00:00+00:00,tt_bogor,35.0,40.579712
1,2026-08-21 00:00:00+00:00,tt_bsd,29.0,34.385654
1,2026-08-21 00:00:00+00:00,tt_cawang,18.0,40.678402
1,2026-08-21 00:00:00+00:00,tt_depok,25.0,32.581635
1,2026-08-21 00:00:00+00:00,tt_gatsu,45.0,42.860718
1,2026-08-21 00:00:00+00:00,tt_grogol,34.0,37.644413
1,2026-08-21 00:00:00+00:00,tt_kebonjeruk,25.0,33.548824
1,2026-08-21 00:00:00+00:00,tt_kelapagading,26.0,28.75025
1,2026-08-21 00:00:00+00:00,tt_kuningan,21.0,21.683868
1,2026-08-21 00:00:00+00:00,tt_sudirman,31.0,38.139668
1,2026-08-21 00:00:00+00:00,tt_tangerang,37.0,45.037914
1,2026-08-21 00:00:00+00:00,tt_tbsimatupang,32.0,62.954628
1,2026-08-21 00:00:00+00:00,tt_thamrin,22.0,22.566021
1,2026-08-21 02:00:00+00:00,tt_bekasi,17.0,17.272667
1,2026-08-21 02:00:00+00:00,tt_bogor,37.0,34.27679
1,2026-08-21 02:00:00+00:00,tt_bsd,28.0,28.310316
1,2026-08-21 02:00:00+00:00,tt_cawang,19.0,23.939474
1,2026-08-21 02:00:00+00:00,tt_depok,26.0,24.703081
1,2026-08-21 02:00:00+00:00,tt_gatsu,45.0,42.58751
1,2026-08-21 02:00:00+00:00,tt_grogol,31.0,33.483276
1,2026-08-21 02:00:00+00:00,tt_kebonjeruk,26.0,25.671152
1,2026-08-21 02:00:00+00:00,tt_kelapagading,29.0,25.774076
1,2026-08-21 02:00:00+00:00,tt_kuningan,21.0,18.557888
1,2026-08-21 02:00:00+00:00,tt_sudirman,23.0,31.705223
1,2026-08-21 02:00:00+00:00,tt_tangerang,37.0,37.16993
1,2026-08-21 02:00:00+00:00,tt_tbsimatupang,37.0,36.149323
1,2026-08-21 02:00:00+00:00,tt_thamrin,22.0,21.044895
1,2026-08-21 03:00:00+00:00,tt_bekasi,15.0,17.074085
1,2026-08-21 03:00:00+00:00,tt_bogor,38.0,34.371235
1,2026-08-21 03:00:00+00:00,tt_bsd,34.0,27.065933
1,2026-08-21 03:00:00+00:00,tt_cawang,21.0,23.021208
1,2026-08-21 03:00:00+00:00,tt_depok,31.0,24.539326
1,2026-08-21 03:00:00+00:00,tt_gatsu,45.0,42.87382
1,2026-08-21 03:00:00+00:00,tt_grogol,27.0,30.961721
1,2026-08-21 03:00:00+00:00,tt_kebonjeruk,24.0,24.86454
1,2026-08-21 03:00:00+00:00,tt_kelapagading,23.0,27.458076
1,2026-08-21 03:00:00+00:00,tt_kuningan,15.999999,18.486885
1,2026-08-21 03:00:00+00:00,tt_sudirman,28.0,27.058296
1,2026-08-21 03:00:00+00:00,tt_tangerang,48.0,36.314087
1,2026-08-21 03:00:00+00:00,tt_tbsimatupang,48.0,38.193577
1,2026-08-21 03:00:00+00:00,tt_thamrin,15.999999,20.896986
1,2026-08-21 05:00:00+00:00,tt_bekasi,15.999999,15.842512
1,2026-08-21 05:00:00+00:00,tt_bogor,45.0,35.815346
1,2026-08-21 05:00:00+00:00,tt_bsd,34.0,31.93869
1,2026-08-21 05:00:00+00:00,tt_cawang,43.0,24.40414
1,2026-08-21 05:00:00+00:00,tt_depok,31.0,29.467936
1,2026-08-21 05:00:00+00:00,tt_gatsu,45.0,44.083508
1,2026-08-21 05:00:00+00:00,tt_grogol,32.0,27.313856
1,2026-08-21 05:00:00+00:00,tt_kebonjeruk,27.0,24.113401
1,2026-08-21 05:00:00+00:00,tt_kelapagading,23.0,24.605974
1,2026-08-21 05:00:00+00:00,tt_kuningan,21.0,16.40468
1,2026-08-21 05:00:00+00:00,tt_sudirman,34.0,28.280874
1,2026-08-21 05:00:00+00:00,tt_tangerang,48.0,44.512104
1,2026-08-21 05:00:00+00:00,tt_tbsimatupang,72.0,48.162888
1,2026-08-21 05:00:00+00:00,tt_thamrin,21.0,17.197407
1,2026-08-21 07:00:00+00:00,tt_bekasi,14.0,17.224361
1,2026-08-21 07:00:00+00:00,tt_bogor,35.0,41.08232
1,2026-08-21 07:00:00+00:00,tt_bsd,34.0,33.996166
1,2026-08-21 07:00:00+00:00,tt_cawang,28.0,40.530354
1,2026-08-21 07:00:00+00:00,tt_depok,25.0,32.532192
1,2026-08-21 07:00:00+00:00,tt_gatsu,36.0,45.065678
1,2026-08-21 07:00:00+00:00,tt_grogol,28.0,31.70289
1,2026-08-21 07:00:00+00:00,tt_kebonjeruk,21.0,26.768879
1,2026-08-21 07:00:00+00:00,tt_kelapagading,20.0,25.612843
1,2026-08-21 07:00:00+00:00,tt_kuningan,21.0,21.306322
1,2026-08-21 07:00:00+00:00,tt_sudirman,18.0,34.799282
1,2026-08-21 07:00:00+00:00,tt_tangerang,39.0,46.436966
1,2026-08-21 07:00:00+00:00,tt_tbsimatupang,52.0,63.348446
1,2026-08-21 07:00:00+00:00,tt_thamrin,18.0,20.652199
1,2026-08-21 08:00:00+00:00,tt_bekasi,15.999999,15.809887
1,2026-08-21 08:00:00+00:00,tt_bogor,34.0,37.64836
1,2026-08-21 08:00:00+00:00,tt_bsd,34.0,33.612118
1,2026-08-21 08:00:00+00:00,tt_cawang,31.0,34.45371
1,2026-08-21 08:00:00+00:00,tt_depok,25.0,28.728569
1,2026-08-21 08:00:00+00:00,tt_gatsu,35.0,40.580635
1,2026-08-21 08:00:00+00:00,tt_grogol,29.0,28.86252
1,2026-08-21 08:00:00+00:00,tt_kebonjeruk,24.0,23.244658
1,2026-08-21 08:00:00+00:00,tt_kelapagading,21.0,23.334934
1,2026-08-21 08:00:00+00:00,tt_kuningan,17.0,20.09367
1,2026-08-21 08:00:00+00:00,tt_sudirman,24.0,27.004269
1,2026-08-21 08:00:00+00:00,tt_tangerang,40.0,41.988907
1,2026-08-21 08:00:00+00:00,tt_tbsimatupang,38.0,55.975426
1,2026-08-21 08:00:00+00:00,tt_thamrin,10.0,19.157278
3,2026-08-18 04:00:00+00:00,tt_bekasi,15.0,16.629333
3,2026-08-18 04:00:00+00:00,tt_bogor,33.0,32.20936
3,2026-08-18 04:00:00+00:00,tt_bsd,28.0,30.500126
3,2026-08-18 04:00:00+00:00,tt_cawang,22.0,25.008482
3,2026-08-18 04:00:00+00:00,tt_depok,31.0,25.436075
3,2026-08-18 04:00:00+00:00,tt_gatsu,32.0,41.692596
3,2026-08-18 04:00:00+00:00,tt_grogol,27.0,28.167833
3,2026-08-18 04:00:00+00:00,tt_kebonjeruk,25.0,27.300697
3,2026-08-18 04:00:00+00:00,tt_kelapagading,29.0,30.386366
3,2026-08-18 04:00:00+00:00,tt_kuningan,15.999999,18.9164
3,2026-08-18 04:00:00+00:00,tt_sudirman,24.0,34.52134
3,2026-08-18 04:00:00+00:00,tt_tangerang,36.0,37.305355
3,2026-08-18 04:00:00+00:00,tt_tbsimatupang,55.0,40.77778
3,2026-08-18 04:00:00+00:00,tt_thamrin,18.0,20.370567
3,2026-08-18 05:00:00+00:00,tt_bekasi,15.0,16.3667
3,2026-08-18 05:00:00+00:00,tt_bogor,38.0,33.377636
3,2026-08-18 05:00:00+00:00,tt_bsd,28.0,30.595272
3,2026-08-18 05:00:00+00:00,tt_cawang,28.0,25.072622
3,2026-08-18 05:00:00+00:00,tt_depok,26.0,27.267244
3,2026-08-18 05:00:00+00:00,tt_gatsu,45.0,37.786938
3,2026-08-18 05:00:00+00:00,tt_grogol,36.0,28.365671
3,2026-08-18 05:00:00+00:00,tt_kebonjeruk,22.0,26.508545
3,2026-08-18 05:00:00+00:00,tt_kelapagading,22.0,30.386797
3,2026-08-18 05:00:00+00:00,tt_kuningan,21.0,18.096186
3,2026-08-18 05:00:00+00:00,tt_sudirman,31.0,29.684595
3,2026-08-18 05:00:00+00:00,tt_tangerang,41.0,42.127815
3,2026-08-18 05:00:00+00:00,tt_tbsimatupang,51.0,36.852993
3,2026-08-18 05:00:00+00:00,tt_thamrin,20.0,19.326433
3,2026-08-18 07:00:00+00:00,tt_bekasi,15.0,16.150326
3,2026-08-18 07:00:00+00:00,tt_bogor,34.0,33.768288
3,2026-08-18 07:00:00+00:00,tt_bsd,30.0,28.99337
3,2026-08-18 07:00:00+00:00,tt_cawang,43.0,26.245195
3,2026-08-18 07:00:00+00:00,tt_depok,31.0,29.901215
3,2026-08-18 07:00:00+00:00,tt_gatsu,45.0,37.460983
3,2026-08-18 07:00:00+00:00,tt_grogol,32.0,28.167929
3,2026-08-18 07:00:00+00:00,tt_kebonjeruk,25.0,25.27203
3,2026-08-18 07:00:00+00:00,tt_kelapagading,22.0,31.068695
3,2026-08-18 07:00:00+00:00,tt_kuningan,15.0,17.306673
3,2026-08-18 07:00:00+00:00,tt_sudirman,28.0,29.04496
3,2026-08-18 07:00:00+00:00,tt_tangerang,38.0,38.76756
3,2026-08-18 07:00:00+00:00,tt_tbsimatupang,57.0,52.680088
3,2026-08-18 07:00:00+00:00,tt_thamrin,22.0,18.741669
3,2026-08-18 09:00:00+00:00,tt_bekasi,14.0,16.666002
3,2026-08-18 09:00:00+00:00,tt_bogor,35.0,36.348053
3,2026-08-18 09:00:00+00:00,tt_bsd,28.0,28.180433
3,2026-08-18 09:00:00+00:00,tt_cawang,29.0,29.589731
3,2026-08-18 09:00:00+00:00,tt_depok,24.0,27.588886
3,2026-08-18 09:00:00+00:00,tt_gatsu,45.0,45.135136
3,2026-08-18 09:00:00+00:00,tt_grogol,32.0,34.9373
3,2026-08-18 09:00:00+00:00,tt_kebonjeruk,23.0,24.070404
3,2026-08-18 09:00:00+00:00,tt_kelapagading,23.0,27.643753
3,2026-08-18 09:00:00+00:00,tt_kuningan,21.0,20.688194
3,2026-08-18 09:00:00+00:00,tt_sudirman,31.0,34.23109
3,2026-08-18 09:00:00+00:00,tt_tangerang,38.0,40.786846
3,2026-08-18 09:00:00+00:00,tt_tbsimatupang,43.0,52.787453
3,2026-08-18 09:00:00+00:00,tt_thamrin,22.0,20.448198
3,2026-08-18 10:00:00+00:00,tt_bekasi,14.0,17.105862
3,2026-08-18 10:00:00+00:00,tt_bogor,35.0,35.19096
3,2026-08-18 10:00:00+00:00,tt_bsd,34.0,29.343447
3,2026-08-18 10:00:00+00:00,tt_cawang,30.0,36.937485
3,2026-08-18 10:00:00+00:00,tt_depok,25.0,30.134283
3,2026-08-18 10:00:00+00:00,tt_gatsu,3.999998,45.393505
3,2026-08-18 10:00:00+00:00,tt_grogol,31.0,33.64575
3,2026-08-18 10:00:00+00:00,tt_kebonjeruk,21.0,25.027946
3,2026-08-18 10:00:00+00:00,tt_kelapagading,21.0,27.870892
3,2026-08-18 10:00:00+00:00,tt_kuningan,14.0,18.920052
3,2026-08-18 10:00:00+00:00,tt_sudirman,23.0,32.758755
3,2026-08-18 10:00:00+00:00,tt_tangerang,34.0,39.570305
3,2026-08-18 10:00:00+00:00,tt_tbsimatupang,44.0,54.712868
3,2026-08-18 10:00:00+00:00,tt_thamrin,22.0,21.255104
3,2026-08-18 12:00:00+00:00,tt_bekasi,14.0,16.584927
3,2026-08-18 12:00:00+00:00,tt_bogor,35.0,34.40897
3,2026-08-18 12:00:00+00:00,tt_bsd,34.0,28.38562
3,2026-08-18 12:00:00+00:00,tt_cawang,34.0,33.651386
3,2026-08-18 12:00:00+00:00,tt_depok,26.0,27.473097
3,2026-08-18 12:00:00+00:00,tt_gatsu,45.0,45.33765
3,2026-08-18 12:00:00+00:00,tt_grogol,32.0,33.030743
3,2026-08-18 12:00:00+00:00,tt_kebonjeruk,25.0,24.433353
3,2026-08-18 12:00:00+00:00,tt_kelapagading,22.0,28.04708
3,2026-08-18 12:00:00+00:00,tt_kuningan,13.0,20.046928
3,2026-08-18 12:00:00+00:00,tt_sudirman,29.0,33.14121
3,2026-08-18 12:00:00+00:00,tt_tangerang,48.0,39.208237
3,2026-08-18 12:00:00+00:00,tt_tbsimatupang,72.0,47.42456
3,2026-08-18 12:00:00+00:00,tt_thamrin,17.0,22.214874
3,2026-08-18 14:00:00+00:00,tt_bekasi,15.999999,15.731464
3,2026-08-18 14:00:00+00:00,tt_bogor,45.0,34.04016
3,2026-08-18 14:00:00+00:00,tt_bsd,34.0,31.511604
3,2026-08-18 14:00:00+00:00,tt_cawang,32.0,33.351048
3,2026-08-18 14:00:00+00:00,tt_depok,26.0,26.286633
3,2026-08-18 14:00:00+00:00,tt_gatsu,45.0,30.651093
3,2026-08-18 14:00:00+00:00,tt_grogol,40.0,32.106995
3,2026-08-18 14:00:00+00:00,tt_kebonjeruk,31.0,22.510746
3,2026-08-18 14:00:00+00:00,tt_kelapagading,29.0,26.719765
3,2026-08-18 14:00:00+00:00,tt_kuningan,15.999999,16.779123
3,2026-08-18 14:00:00+00:00,tt_sudirman,30.0,27.671558
3,2026-08-18 14:00:00+00:00,tt_tangerang,48.0,36.952187
3,2026-08-18 14:00:00+00:00,tt_tbsimatupang,72.0,45.332832
3,2026-08-18 14:00:00+00:00,tt_thamrin,22.0,22.586143
3,2026-08-18 15:00:00+00:00,tt_bekasi,15.999999,17.085289
3,2026-08-18 15:00:00+00:00,tt_bogor,45.0,33.987732
3,2026-08-18 15:00:00+00:00,tt_bsd,34.0,32.521915
3,2026-08-18 15:00:00+00:00,tt_cawang,43.0,36.161663
3,2026-08-18 15:00:00+00:00,tt_depok,31.0,27.602757
3,2026-08-18 15:00:00+00:00,tt_gatsu,45.0,45.702263
3,2026-08-18 15:00:00+00:00,tt_grogol,40.0,32.97327
3,2026-08-18 15:00:00+00:00,tt_kebonjeruk,35.0,24.504318
3,2026-08-18 15:00:00+00:00,tt_kelapagading,29.0,26.6114
3,2026-08-18 15:00:00+00:00,tt_kuningan,21.0,17.702534
3,2026-08-18 15:00:00+00:00,tt_sudirman,39.0,30.666632
3,2026-08-18 15:00:00+00:00,tt_tangerang,48.0,43.263855
3,2026-08-18 15:00:00+00:00,tt_tbsimatupang,72.0,58.005486
3,2026-08-18 15:00:00+00:00,tt_thamrin,22.0,21.139736
3,2026-08-18 17:00:00+00:00,tt_bekasi,17.0,18.226082
3,2026-08-18 17:00:00+00:00,tt_bogor,45.0,37.464314
3,2026-08-18 17:00:00+00:00,tt_bsd,34.0,33.002075
3,2026-08-18 17:00:00+00:00,tt_cawang,43.0,36.191162
3,2026-08-18 17:00:00+00:00,tt_depok,31.0,27.74864
3,2026-08-18 17:00:00+00:00,tt_gatsu,45.0,47.333904
3,2026-08-18 17:00:00+00:00,tt_grogol,40.0,36.91263
3,2026-08-18 17:00:00+00:00,tt_kebonjeruk,35.0,28.519796
3,2026-08-18 17:00:00+00:00,tt_kelapagading,29.0,28.89394
3,2026-08-18 17:00:00+00:00,tt_kuningan,21.0,18.31631
3,2026-08-18 17:00:00+00:00,tt_sudirman,39.0,32.172638
3,2026-08-18 17:00:00+00:00,tt_tangerang,48.0,45.09641
3,2026-08-18 17:00:00+00:00,tt_tbsimatupang,72.0,60.111298
3,2026-08-18 17:00:00+00:00,tt_thamrin,22.0,23.560871
3,2026-08-18 19:00:00+00:00,tt_bekasi,17.0,18.376047
3,2026-08-18 19:00:00+00:00,tt_bogor,45.0,38.468956
3,2026-08-18 19:00:00+00:00,tt_bsd,34.0,32.87895
3,2026-08-18 19:00:00+00:00,tt_cawang,43.0,41.006615
3,2026-08-18 19:00:00+00:00,tt_depok,31.0,30.670906
3,2026-08-18 19:00:00+00:00,tt_gatsu,45.0,46.01032
3,2026-08-18 19:00:00+00:00,tt_grogol,40.0,37.920456
3,2026-08-18 19:00:00+00:00,tt_kebonjeruk,35.0,31.872257
3,2026-08-18 19:00:00+00:00,tt_kelapagading,29.0,29.247852
3,2026-08-18 19:00:00+00:00,tt_kuningan,21.0,21.22005
3,2026-08-18 19:00:00+00:00,tt_sudirman,39.0,37.66131
3,2026-08-18 19:00:00+00:00,tt_tangerang,48.0,44.280457
3,2026-08-18 19:00:00+00:00,tt_tbsimatupang,72.0,59.062874
3,2026-08-18 19:00:00+00:00,tt_thamrin,22.0,24.436575
3,2026-08-18 20:00:00+00:00,tt_bekasi,17.0,18.644596
3,2026-08-18 20:00:00+00:00,tt_bogor,45.0,38.255276
3,2026-08-18 20:00:00+00:00,tt_bsd,34.0,32.718735
3,2026-08-18 20:00:00+00:00,tt_cawang,43.0,40.85735
3,2026-08-18 20:00:00+00:00,tt_depok,31.0,31.049557
3,2026-08-18 20:00:00+00:00,tt_gatsu,45.0,45.180046
3,2026-08-18 20:00:00+00:00,tt_grogol,40.0,37.536255
3,2026-08-18 20:00:00+00:00,tt_kebonjeruk,35.0,32.189606
3,2026-08-18 20:00:00+00:00,tt_kelapagading,29.0,29.278996
3,2026-08-18 20:00:00+00:00,tt_kuningan,21.0,21.402975
3,2026-08-18 20:00:00+00:00,tt_sudirman,39.0,37.708664
3,2026-08-18 20:00:00+00:00,tt_tangerang,48.0,43.873634
3,2026-08-18 20:00:00+00:00,tt_tbsimatupang,72.0,58.580128
3,2026-08-18 20:00:00+00:00,tt_thamrin,22.0,24.219185
3,2026-08-18 22:00:00+00:00,tt_bekasi,17.0,18.69341
3,2026-08-18 22:00:00+00:00,tt_bogor,45.0,37.7265
3,2026-08-18 22:00:00+00:00,tt_bsd,34.0,32.372673
3,2026-08-18 22:00:00+00:00,tt_cawang,43.0,39.651043
3,2026-08-18 22:00:00+00:00,tt_depok,31.0,31.056433
3,2026-08-18 22:00:00+00:00,tt_gatsu,45.0,43.551594
3,2026-08-18 22:00:00+00:00,tt_grogol,40.0,36.832664
3,2026-08-18 22:00:00+00:00,tt_kebonjeruk,35.0,32.192917
3,2026-08-18 22:00:00+00:00,tt_kelapagading,29.0,29.254486
3,2026-08-18 22:00:00+00:00,tt_kuningan,21.0,21.48986
3,2026-08-18 22:00:00+00:00,tt_sudirman,39.0,37.369316
3,2026-08-18 22:00:00+00:00,tt_tangerang,48.0,43.24123
3,2026-08-18 22:00:00+00:00,tt_tbsimatupang,72.0,57.74483
3,2026-08-18 22:00:00+00:00,tt_thamrin,22.0,23.627602
3,2026-08-19 00:00:00+00:00,tt_bekasi,15.0,18.883743
3,2026-08-19 00:00:00+00:00,tt_bogor,35.0,37.28141
3,2026-08-19 00:00:00+00:00,tt_bsd,29.0,32.055004
3,2026-08-19 00:00:00+00:00,tt_cawang,20.0,38.709244
3,2026-08-19 00:00:00+00:00,tt_depok,31.0,30.885595
3,2026-08-19 00:00:00+00:00,tt_gatsu,45.0,41.780792
3,2026-08-19 00:00:00+00:00,tt_grogol,40.0,36.407528
3,2026-08-19 00:00:00+00:00,tt_kebonjeruk,27.0,32.148605
3,2026-08-19 00:00:00+00:00,tt_kelapagading,29.0,29.370928
3,2026-08-19 00:00:00+00:00,tt_kuningan,21.0,21.564735
3,2026-08-19 00:00:00+00:00,tt_sudirman,39.0,37.14142
3,2026-08-19 00:00:00+00:00,tt_tangerang,48.0,42.83787
3,2026-08-19 00:00:00+00:00,tt_tbsimatupang,39.0,57.227356
3,2026-08-19 00:00:00+00:00,tt_thamrin,19.0,23.213993
3,2026-08-19 01:00:00+00:00,tt_bekasi,15.999999,18.414116
3,2026-08-19 01:00:00+00:00,tt_bogor,37.0,37.095142
3,2026-08-19 01:00:00+00:00,tt_bsd,34.0,31.901537
3,2026-08-19 01:00:00+00:00,tt_cawang,13.0,38.36935
3,2026-08-19 01:00:00+00:00,tt_depok,27.0,30.807364
3,2026-08-19 01:00:00+00:00,tt_gatsu,13.0,41.36386
3,2026-08-19 01:00:00+00:00,tt_grogol,32.0,36.211792
3,2026-08-19 01:00:00+00:00,tt_kebonjeruk,25.0,32.095875
3,2026-08-19 01:00:00+00:00,tt_kelapagading,29.0,29.359968
3,2026-08-19 01:00:00+00:00,tt_kuningan,21.0,21.280617
3,2026-08-19 01:00:00+00:00,tt_sudirman,22.0,37.00446
3,2026-08-19 01:00:00+00:00,tt_tangerang,39.0,42.728245
3,2026-08-19 01:00:00+00:00,tt_tbsimatupang,18.0,57.033333
3,2026-08-19 01:00:00+00:00,tt_thamrin,22.0,22.932669
3,2026-08-19 03:00:00+00:00,tt_bekasi,15.999999,16.420639
3,2026-08-19 03:00:00+00:00,tt_bogor,37.0,32.971386
3,2026-08-19 03:00:00+00:00,tt_bsd,34.0,29.181587
3,2026-08-19 03:00:00+00:00,tt_cawang,20.0,29.030724
3,2026-08-19 03:00:00+00:00,tt_depok,31.0,28.835455
3,2026-08-19 03:00:00+00:00,tt_gatsu,45.0,40.699966
3,2026-08-19 03:00:00+00:00,tt_grogol,31.0,36.08918
3,2026-08-19 03:00:00+00:00,tt_kebonjeruk,23.0,28.888037
3,2026-08-19 03:00:00+00:00,tt_kelapagading,29.0,29.07729
3,2026-08-19 03:00:00+00:00,tt_kuningan,15.999999,19.433342
3,2026-08-19 03:00:00+00:00,tt_sudirman,24.0,36.929863
3,2026-08-19 03:00:00+00:00,tt_tangerang,40.0,42.598526
3,2026-08-19 03:00:00+00:00,tt_tbsimatupang,33.0,42.988583
3,2026-08-19 03:00:00+00:00,tt_thamrin,20.0,21.02982
3,2026-08-19 05:00:00+00:00,tt_bekasi,15.0,15.463587
3,2026-08-19 05:00:00+00:00,tt_bogor,32.0,34.23087
3,2026-08-19 05:00:00+00:00,tt_bsd,34.0,30.566315
3,2026-08-19 05:00:00+00:00,tt_cawang,17.0,23.363647
3,2026-08-19 05:00:00+00:00,tt_depok,31.0,24.868992
3,2026-08-19 05:00:00+00:00,tt_gatsu,45.0,27.32182
3,2026-08-19 05:00:00+00:00,tt_grogol,31.0,31.983545
3,2026-08-19 05:00:00+00:00,tt_kebonjeruk,24.0,25.393202
3,2026-08-19 05:00:00+00:00,tt_kelapagading,21.0,29.62228
3,2026-08-19 05:00:00+00:00,tt_kuningan,17.0,17.089672
3,2026-08-19 05:00:00+00:00,tt_sudirman,27.0,27.946095
3,2026-08-19 05:00:00+00:00,tt_tangerang,40.0,37.9974
3,2026-08-19 05:00:00+00:00,tt_tbsimatupang,43.0,37.679405
3,2026-08-19 05:00:00+00:00,tt_thamrin,17.0,20.899033
3,2026-08-19 06:00:00+00:00,tt_bekasi,18.0,16.796711
3,2026-08-19 06:00:00+00:00,tt_bogor,35.0,34.904854
3,2026-08-19 06:00:00+00:00,tt_bsd,34.0,31.045967
3,2026-08-19 06:00:00+00:00,tt_cawang,19.0,26.925396
3,2026-08-19 06:00:00+00:00,tt_depok,27.0,27.526596
3,2026-08-19 06:00:00+00:00,tt_gatsu,30.0,41.72906
3,2026-08-19 06:00:00+00:00,tt_grogol,27.0,31.3862
3,2026-08-19 06:00:00+00:00,tt_kebonjeruk,21.0,24.39809
3,2026-08-19 06:00:00+00:00,tt_kelapagading,21.0,30.337318
3,2026-08-19 06:00:00+00:00,tt_kuningan,21.0,16.82695
3,2026-08-19 06:00:00+00:00,tt_sudirman,18.0,29.285034
3,2026-08-19 06:00:00+00:00,tt_tangerang,38.0,38.508415
3,2026-08-19 06:00:00+00:00,tt_tbsimatupang,48.0,44.681755
3,2026-08-19 06:00:00+00:00,tt_thamrin,13.0,20.184696
3,2026-08-19 08:00:00+00:00,tt_bekasi,15.0,16.660969
3,2026-08-19 08:00:00+00:00,tt_bogor,34.0,33.790287
3,2026-08-19 08:00:00+00:00,tt_bsd,28.0,31.70246
3,2026-08-19 08:00:00+00:00,tt_cawang,32.0,26.535301
3,2026-08-19 08:00:00+00:00,tt_depok,25.0,29.245207
3,2026-08-19 08:00:00+00:00,tt_gatsu,26.0,46.85575
3,2026-08-19 08:00:00+00:00,tt_grogol,27.0,31.689089
3,2026-08-19 08:00:00+00:00,tt_kebonjeruk,18.0,24.455776
3,2026-08-19 08:00:00+00:00,tt_kelapagading,22.0,27.423302
3,2026-08-19 08:00:00+00:00,tt_kuningan,21.0,17.5822
3,2026-08-19 08:00:00+00:00,tt_sudirman,22.0,30.93436
3,2026-08-19 08:00:00+00:00,tt_tangerang,48.0,39.00372
3,2026-08-19 08:00:00+00:00,tt_tbsimatupang,32.0,48.25444
3,2026-08-19 08:00:00+00:00,tt_thamrin,8.0,19.00562
3,2026-08-19 10:00:00+00:00,tt_bekasi,13.0,18.009216
3,2026-08-19 10:00:00+00:00,tt_bogor,30.0,35.26333
3,2026-08-19 10:00:00+00:00,tt_bsd,34.0,31.991177
3,2026-08-19 10:00:00+00:00,tt_cawang,43.0,26.390032
3,2026-08-19 10:00:00+00:00,tt_depok,23.0,27.571156
3,2026-08-19 10:00:00+00:00,tt_gatsu,23.0,40.371582
3,2026-08-19 10:00:00+00:00,tt_grogol,30.0,29.219805
3,2026-08-19 10:00:00+00:00,tt_kebonjeruk,19.0,22.353264
3,2026-08-19 10:00:00+00:00,tt_kelapagading,22.0,26.769142
3,2026-08-19 10:00:00+00:00,tt_kuningan,15.999999,19.847641
3,2026-08-19 10:00:00+00:00,tt_sudirman,19.0,26.505915
3,2026-08-19 10:00:00+00:00,tt_tangerang,28.0,38.199196
3,2026-08-19 10:00:00+00:00,tt_tbsimatupang,34.0,50.34729
3,2026-08-19 10:00:00+00:00,tt_thamrin,17.0,16.838968
3,2026-08-19 11:00:00+00:00,tt_bekasi,18.0,17.457586
3,2026-08-19 11:00:00+00:00,tt_bogor,33.0,35.01965
3,2026-08-19 11:00:00+00:00,tt_bsd,27.0,29.457691
3,2026-08-19 11:00:00+00:00,tt_cawang,43.0,32.39579
3,2026-08-19 11:00:00+00:00,tt_depok,25.0,26.414913
3,2026-08-19 11:00:00+00:00,tt_gatsu,35.0,38.566883
3,2026-08-19 11:00:00+00:00,tt_grogol,32.0,29.382805
3,2026-08-19 11:00:00+00:00,tt_kebonjeruk,21.0,21.08117
3,2026-08-19 11:00:00+00:00,tt_kelapagading,20.0,27.619162
3,2026-08-19 11:00:00+00:00,tt_kuningan,15.999999,20.175123
3,2026-08-19 11:00:00+00:00,tt_sudirman,15.999999,27.749193
3,2026-08-19 11:00:00+00:00,tt_tangerang,26.0,43.228085
3,2026-08-19 11:00:00+00:00,tt_tbsimatupang,44.0,43.3549
3,2026-08-19 11:00:00+00:00,tt_thamrin,10.0,15.295212
3,2026-08-19 13:00:00+00:00,tt_bekasi,18.0,17.225311
3,2026-08-19 13:00:00+00:00,tt_bogor,45.0,33.10915
3,2026-08-19 13:00:00+00:00,tt_bsd,34.0,31.426945
3,2026-08-19 13:00:00+00:00,tt_cawang,43.0,39.923477
3,2026-08-19 13:00:00+00:00,tt_depok,25.0,25.38787
3,2026-08-19 13:00:00+00:00,tt_gatsu,45.0,37.25182
3,2026-08-19 13:00:00+00:00,tt_grogol,31.0,31.316366
3,2026-08-19 13:00:00+00:00,tt_kebonjeruk,27.0,20.573679
3,2026-08-19 13:00:00+00:00,tt_kelapagading,23.0,28.525284
3,2026-08-19 13:00:00+00:00,tt_kuningan,13.0,19.654736
3,2026-08-19 13:00:00+00:00,tt_sudirman,30.0,26.725496
3,2026-08-19 13:00:00+00:00,tt_tangerang,48.0,36.623024
3,2026-08-19 13:00:00+00:00,tt_tbsimatupang,72.0,41.478966
3,2026-08-19 13:00:00+00:00,tt_thamrin,20.0,18.317392
3,2026-08-19 15:00:00+00:00,tt_bekasi,15.999999,20.432762
3,2026-08-19 15:00:00+00:00,tt_bogor,38.0,34.203438
3,2026-08-19 15:00:00+00:00,tt_bsd,34.0,28.379108
3,2026-08-19 15:00:00+00:00,tt_cawang,32.0,43.109142
3,2026-08-19 15:00:00+00:00,tt_depok,31.0,26.550922
3,2026-08-19 15:00:00+00:00,tt_gatsu,45.0,41.899723
3,2026-08-19 15:00:00+00:00,tt_grogol,40.0,34.531902
3,2026-08-19 15:00:00+00:00,tt_kebonjeruk,31.0,21.18205
3,2026-08-19 15:00:00+00:00,tt_kelapagading,29.0,27.139435
3,2026-08-19 15:00:00+00:00,tt_kuningan,21.0,20.238567
3,2026-08-19 15:00:00+00:00,tt_sudirman,29.0,22.11694
3,2026-08-19 15:00:00+00:00,tt_tangerang,48.0,34.011776
3,2026-08-19 15:00:00+00:00,tt_tbsimatupang,72.0,44.05857
3,2026-08-19 15:00:00+00:00,tt_thamrin,21.0,16.5662
3,2026-08-19 16:00:00+00:00,tt_bekasi,18.0,20.564571
3,2026-08-19 16:00:00+00:00,tt_bogor,45.0,38.48287
3,2026-08-19 16:00:00+00:00,tt_bsd,34.0,32.38995
3,2026-08-19 16:00:00+00:00,tt_cawang,43.0,43.695568
3,2026-08-19 16:00:00+00:00,tt_depok,31.0,27.735994
3,2026-08-19 16:00:00+00:00,tt_gatsu,45.0,45.7587
3,2026-08-19 16:00:00+00:00,tt_grogol,40.0,34.26745
3,2026-08-19 16:00:00+00:00,tt_kebonjeruk,35.0,25.55284
3,2026-08-19 16:00:00+00:00,tt_kelapagading,29.0,28.0065
3,2026-08-19 16:00:00+00:00,tt_kuningan,21.0,19.769926
3,2026-08-19 16:00:00+00:00,tt_sudirman,39.0,28.435232
3,2026-08-19 16:00:00+00:00,tt_tangerang,48.0,44.180393
3,2026-08-19 16:00:00+00:00,tt_tbsimatupang,72.0,57.00941
3,2026-08-19 16:00:00+00:00,tt_thamrin,22.0,20.569225
3,2026-08-19 18:00:00+00:00,tt_bekasi,18.0,19.208584
3,2026-08-19 18:00:00+00:00,tt_bogor,45.0,36.571926
3,2026-08-19 18:00:00+00:00,tt_bsd,34.0,34.015575
3,2026-08-19 18:00:00+00:00,tt_cawang,43.0,39.06762
3,2026-08-19 18:00:00+00:00,tt_depok,31.0,29.5155
3,2026-08-19 18:00:00+00:00,tt_gatsu,45.0,44.695194
3,2026-08-19 18:00:00+00:00,tt_grogol,40.0,37.727936
3,2026-08-19 18:00:00+00:00,tt_kebonjeruk,35.0,29.451185
3,2026-08-19 18:00:00+00:00,tt_kelapagading,29.0,29.404755
3,2026-08-19 18:00:00+00:00,tt_kuningan,21.0,21.683098
3,2026-08-19 18:00:00+00:00,tt_sudirman,39.0,30.341297
3,2026-08-19 18:00:00+00:00,tt_tangerang,44.0,46.829834
3,2026-08-19 18:00:00+00:00,tt_tbsimatupang,72.0,59.936394
3,2026-08-19 18:00:00+00:00,tt_thamrin,22.0,22.980127
3,2026-08-19 20:00:00+00:00,tt_bekasi,18.0,19.990587
3,2026-08-19 20:00:00+00:00,tt_bogor,45.0,38.43868
3,2026-08-19 20:00:00+00:00,tt_bsd,34.0,33.648827
3,2026-08-19 20:00:00+00:00,tt_cawang,43.0,42.708275
3,2026-08-19 20:00:00+00:00,tt_depok,31.0,30.970058
3,2026-08-19 20:00:00+00:00,tt_gatsu,45.0,42.337723
3,2026-08-19 20:00:00+00:00,tt_grogol,40.0,38.520493
3,2026-08-19 20:00:00+00:00,tt_kebonjeruk,35.0,32.453163
3,2026-08-19 20:00:00+00:00,tt_kelapagading,29.0,30.056852
3,2026-08-19 20:00:00+00:00,tt_kuningan,21.0,22.851124
3,2026-08-19 20:00:00+00:00,tt_sudirman,39.0,36.626987
3,2026-08-19 20:00:00+00:00,tt_tangerang,48.0,45.766468
3,2026-08-19 20:00:00+00:00,tt_tbsimatupang,72.0,59.094406
3,2026-08-19 20:00:00+00:00,tt_thamrin,22.0,24.420721
3,2026-08-19 21:00:00+00:00,tt_bekasi,18.0,19.774027
3,2026-08-19 21:00:00+00:00,tt_bogor,45.0,38.220196
3,2026-08-19 21:00:00+00:00,tt_bsd,34.0,33.17851
3,2026-08-19 21:00:00+00:00,tt_cawang,43.0,42.21207
3,2026-08-19 21:00:00+00:00,tt_depok,31.0,31.100306
3,2026-08-19 21:00:00+00:00,tt_gatsu,45.0,41.95046
3,2026-08-19 21:00:00+00:00,tt_grogol,40.0,38.196884
3,2026-08-19 21:00:00+00:00,tt_kebonjeruk,35.0,32.57745
3,2026-08-19 21:00:00+00:00,tt_kelapagading,29.0,29.811914
3,2026-08-19 21:00:00+00:00,tt_kuningan,21.0,22.500408
3,2026-08-19 21:00:00+00:00,tt_sudirman,39.0,37.020473
3,2026-08-19 21:00:00+00:00,tt_tangerang,48.0,43.29916
3,2026-08-19 21:00:00+00:00,tt_tbsimatupang,72.0,58.493027
3,2026-08-19 21:00:00+00:00,tt_thamrin,22.0,24.317814
3,2026-08-19 23:00:00+00:00,tt_bekasi,17.0,19.34904
3,2026-08-19 23:00:00+00:00,tt_bogor,35.0,37.582024
3,2026-08-19 23:00:00+00:00,tt_bsd,34.0,32.68177
3,2026-08-19 23:00:00+00:00,tt_cawang,26.0,40.770332
3,2026-08-19 23:00:00+00:00,tt_depok,31.0,31.010164
3,2026-08-19 23:00:00+00:00,tt_gatsu,45.0,41.33131
3,2026-08-19 23:00:00+00:00,tt_grogol,35.0,37.51709
3,2026-08-19 23:00:00+00:00,tt_kebonjeruk,30.0,32.55053
3,2026-08-19 23:00:00+00:00,tt_kelapagading,29.0,29.361893
3,2026-08-19 23:00:00+00:00,tt_kuningan,21.0,21.754108
3,2026-08-19 23:00:00+00:00,tt_sudirman,39.0,36.943268
3,2026-08-19 23:00:00+00:00,tt_tangerang,48.0,43.477486
3,2026-08-19 23:00:00+00:00,tt_tbsimatupang,72.0,57.59078
3,2026-08-19 23:00:00+00:00,tt_thamrin,20.0,24.079266
3,2026-08-20 01:00:00+00:00,tt_bekasi,18.0,18.610836
3,2026-08-20 01:00:00+00:00,tt_bogor,35.0,37.10857
3,2026-08-20 01:00:00+00:00,tt_bsd,29.0,32.162758
3,2026-08-20 01:00:00+00:00,tt_cawang,14.0,39.272366
3,2026-08-20 01:00:00+00:00,tt_depok,31.0,30.827063
3,2026-08-20 01:00:00+00:00,tt_gatsu,37.0,40.7695
3,2026-08-20 01:00:00+00:00,tt_grogol,30.0,36.8604
3,2026-08-20 01:00:00+00:00,tt_kebonjeruk,26.0,32.400043
3,2026-08-20 01:00:00+00:00,tt_kelapagading,29.0,29.265137
3,2026-08-20 01:00:00+00:00,tt_kuningan,21.0,21.26028
3,2026-08-20 01:00:00+00:00,tt_sudirman,27.0,36.937016
3,2026-08-20 01:00:00+00:00,tt_tangerang,36.0,42.958786
3,2026-08-20 01:00:00+00:00,tt_tbsimatupang,18.0,57.035835
3,2026-08-20 01:00:00+00:00,tt_thamrin,18.0,23.62291
3,2026-08-20 02:00:00+00:00,tt_bekasi,18.0,17.661636
3,2026-08-20 02:00:00+00:00,tt_bogor,40.0,33.214813
3,2026-08-20 02:00:00+00:00,tt_bsd,34.0,31.848156
3,2026-08-20 02:00:00+00:00,tt_cawang,18.0,32.223698
3,2026-08-20 02:00:00+00:00,tt_depok,31.0,30.158592
3,2026-08-20 02:00:00+00:00,tt_gatsu,45.0,40.633102
3,2026-08-20 02:00:00+00:00,tt_grogol,30.0,34.298027
3,2026-08-20 02:00:00+00:00,tt_kebonjeruk,26.0,30.592169
3,2026-08-20 02:00:00+00:00,tt_kelapagading,25.0,29.05789
3,2026-08-20 02:00:00+00:00,tt_kuningan,21.0,20.623856
3,2026-08-20 02:00:00+00:00,tt_sudirman,25.0,37.026497
3,2026-08-20 02:00:00+00:00,tt_tangerang,48.0,42.855274
3,2026-08-20 02:00:00+00:00,tt_tbsimatupang,21.0,56.87774
3,2026-08-20 02:00:00+00:00,tt_thamrin,18.0,22.201149
3,2026-08-20 04:00:00+00:00,tt_bekasi,15.0,17.261726
3,2026-08-20 04:00:00+00:00,tt_bogor,35.0,32.192005
3,2026-08-20 04:00:00+00:00,tt_bsd,34.0,27.955667
3,2026-08-20 04:00:00+00:00,tt_cawang,20.0,24.117685
3,2026-08-20 04:00:00+00:00,tt_depok,27.0,28.489323
3,2026-08-20 04:00:00+00:00,tt_gatsu,45.0,37.948418
3,2026-08-20 04:00:00+00:00,tt_grogol,25.0,30.624172
3,2026-08-20 04:00:00+00:00,tt_kebonjeruk,25.0,26.648922
3,2026-08-20 04:00:00+00:00,tt_kelapagading,22.0,29.32429
3,2026-08-20 04:00:00+00:00,tt_kuningan,21.0,18.309692
3,2026-08-20 04:00:00+00:00,tt_sudirman,26.0,31.781982
3,2026-08-20 04:00:00+00:00,tt_tangerang,48.0,37.394127
3,2026-08-20 04:00:00+00:00,tt_tbsimatupang,45.0,38.093674
3,2026-08-20 04:00:00+00:00,tt_thamrin,13.0,19.617943
3,2026-08-20 06:00:00+00:00,tt_bekasi,15.0,17.748886
3,2026-08-20 06:00:00+00:00,tt_bogor,39.0,36.131657
3,2026-08-20 06:00:00+00:00,tt_bsd,34.0,30.45144
3,2026-08-20 06:00:00+00:00,tt_cawang,28.0,24.499245
3,2026-08-20 06:00:00+00:00,tt_depok,29.0,28.587627
3,2026-08-20 06:00:00+00:00,tt_gatsu,28.0,42.56449
3,2026-08-20 06:00:00+00:00,tt_grogol,29.0,29.927677
3,2026-08-20 06:00:00+00:00,tt_kebonjeruk,25.0,26.109776
3,2026-08-20 06:00:00+00:00,tt_kelapagading,20.0,27.093298
3,2026-08-20 06:00:00+00:00,tt_kuningan,15.999999,18.355255
3,2026-08-20 06:00:00+00:00,tt_sudirman,21.0,29.80034
3,2026-08-20 06:00:00+00:00,tt_tangerang,38.0,43.416645
3,2026-08-20 06:00:00+00:00,tt_tbsimatupang,27.0,41.71484
3,2026-08-20 06:00:00+00:00,tt_thamrin,12.0,18.75095
3,2026-08-20 07:00:00+00:00,tt_bekasi,15.999999,16.709255
3,2026-08-20 07:00:00+00:00,tt_bogor,36.0,34.82337
3,2026-08-20 07:00:00+00:00,tt_bsd,34.0,31.092628
3,2026-08-20 07:00:00+00:00,tt_cawang,21.0,25.399925
3,2026-08-20 07:00:00+00:00,tt_depok,26.0,27.457005
3,2026-08-20 07:00:00+00:00,tt_gatsu,20.0,43.716568
3,2026-08-20 07:00:00+00:00,tt_grogol,29.0,27.709467
3,2026-08-20 07:00:00+00:00,tt_kebonjeruk,22.0,25.449387
3,2026-08-20 07:00:00+00:00,tt_kelapagading,20.0,25.777653
3,2026-08-20 07:00:00+00:00,tt_kuningan,21.0,19.262993
3,2026-08-20 07:00:00+00:00,tt_sudirman,20.0,30.15809
3,2026-08-20 07:00:00+00:00,tt_tangerang,37.0,43.936554
3,2026-08-20 07:00:00+00:00,tt_tbsimatupang,49.0,50.650192
3,2026-08-20 07:00:00+00:00,tt_thamrin,12.0,16.844002
3,2026-08-20 09:00:00+00:00,tt_bekasi,14.0,16.270523
3,2026-08-20 09:00:00+00:00,tt_bogor,34.0,36.75757
3,2026-08-20 09:00:00+00:00,tt_bsd,28.0,31.500664
3,2026-08-20 09:00:00+00:00,tt_cawang,30.0,28.244766
3,2026-08-20 09:00:00+00:00,tt_depok,26.0,27.896263
3,2026-08-20 09:00:00+00:00,tt_gatsu,32.0,37.89105
3,2026-08-20 09:00:00+00:00,tt_grogol,31.0,28.397951
3,2026-08-20 09:00:00+00:00,tt_kebonjeruk,21.0,24.900078
3,2026-08-20 09:00:00+00:00,tt_kelapagading,21.0,25.085037
3,2026-08-20 09:00:00+00:00,tt_kuningan,13.0,17.365198
3,2026-08-20 09:00:00+00:00,tt_sudirman,23.0,28.247202
3,2026-08-20 09:00:00+00:00,tt_tangerang,34.0,39.979057
3,2026-08-20 09:00:00+00:00,tt_tbsimatupang,47.0,43.260857
3,2026-08-20 09:00:00+00:00,tt_thamrin,18.0,15.894591
3,2026-08-20 11:00:00+00:00,tt_bekasi,18.0,16.854698
3,2026-08-20 11:00:00+00:00,tt_bogor,35.0,36.096478
3,2026-08-20 11:00:00+00:00,tt_bsd,34.0,31.645782
3,2026-08-20 11:00:00+00:00,tt_cawang,33.0,24.82108
3,2026-08-20 11:00:00+00:00,tt_depok,26.0,27.00336
3,2026-08-20 11:00:00+00:00,tt_gatsu,7.0,34.867264
3,2026-08-20 11:00:00+00:00,tt_grogol,29.0,29.376728
3,2026-08-20 11:00:00+00:00,tt_kebonjeruk,18.0,23.129866
3,2026-08-20 11:00:00+00:00,tt_kelapagading,21.0,25.076294
3,2026-08-20 11:00:00+00:00,tt_kuningan,15.999999,19.95185
3,2026-08-20 11:00:00+00:00,tt_sudirman,12.0,27.025402
3,2026-08-20 11:00:00+00:00,tt_tangerang,35.0,38.95257
3,2026-08-20 11:00:00+00:00,tt_tbsimatupang,24.0,51.949852
3,2026-08-20 11:00:00+00:00,tt_thamrin,10.0,16.00605
3,2026-08-20 12:00:00+00:00,tt_bekasi,14.0,17.020723
3,2026-08-20 12:00:00+00:00,tt_bogor,37.0,35.12557
3,2026-08-20 12:00:00+00:00,tt_bsd,34.0,29.117851
3,2026-08-20 12:00:00+00:00,tt_cawang,43.0,28.399525
3,2026-08-20 12:00:00+00:00,tt_depok,24.0,27.030382
3,2026-08-20 12:00:00+00:00,tt_gatsu,10.0,40.43187
3,2026-08-20 12:00:00+00:00,tt_grogol,32.0,31.033323
3,2026-08-20 12:00:00+00:00,tt_kebonjeruk,23.0,22.595654
3,2026-08-20 12:00:00+00:00,tt_kelapagading,21.0,26.005066
3,2026-08-20 12:00:00+00:00,tt_kuningan,13.0,18.021389
3,2026-08-20 12:00:00+00:00,tt_sudirman,22.0,28.485819
3,2026-08-20 12:00:00+00:00,tt_tangerang,48.0,37.92389
3,2026-08-20 12:00:00+00:00,tt_tbsimatupang,40.0,50.63259
3,2026-08-20 12:00:00+00:00,tt_thamrin,9.0,18.371767
3,2026-08-20 14:00:00+00:00,tt_bekasi,18.0,18.391277
3,2026-08-20 14:00:00+00:00,tt_bogor,38.0,35.14819
3,2026-08-20 14:00:00+00:00,tt_bsd,27.0,31.138649
3,2026-08-20 14:00:00+00:00,tt_cawang,32.0,32.44739
3,2026-08-20 14:00:00+00:00,tt_depok,31.0,26.41727
3,2026-08-20 14:00:00+00:00,tt_gatsu,45.0,32.385815
3,2026-08-20 14:00:00+00:00,tt_grogol,40.0,30.876469
3,2026-08-20 14:00:00+00:00,tt_kebonjeruk,28.0,20.933403
3,2026-08-20 14:00:00+00:00,tt_kelapagading,29.0,25.701328
3,2026-08-20 14:00:00+00:00,tt_kuningan,15.999999,17.64964
3,2026-08-20 14:00:00+00:00,tt_sudirman,39.0,22.961792
3,2026-08-20 14:00:00+00:00,tt_tangerang,48.0,37.963318
3,2026-08-20 14:00:00+00:00,tt_tbsimatupang,59.0,39.703968
3,2026-08-20 14:00:00+00:00,tt_thamrin,13.0,16.672585
3,2026-08-20 16:00:00+00:00,tt_bekasi,15.0,17.485008
3,2026-08-20 16:00:00+00:00,tt_bogor,45.0,36.110786
3,2026-08-20 16:00:00+00:00,tt_bsd,34.0,32.641785
3,2026-08-20 16:00:00+00:00,tt_cawang,43.0,42.69027
3,2026-08-20 16:00:00+00:00,tt_depok,31.0,25.515049
3,2026-08-20 16:00:00+00:00,tt_gatsu,45.0,31.58445
3,2026-08-20 16:00:00+00:00,tt_grogol,40.0,33.64301
3,2026-08-20 16:00:00+00:00,tt_kebonjeruk,35.0,23.757418
3,2026-08-20 16:00:00+00:00,tt_kelapagading,29.0,25.095917
3,2026-08-20 16:00:00+00:00,tt_kuningan,21.0,17.55661
3,2026-08-20 16:00:00+00:00,tt_sudirman,39.0,24.837612
3,2026-08-20 16:00:00+00:00,tt_tangerang,48.0,45.667023
3,2026-08-20 16:00:00+00:00,tt_tbsimatupang,72.0,44.100765
3,2026-08-20 16:00:00+00:00,tt_thamrin,22.0,16.121706
3,2026-08-20 17:00:00+00:00,tt_bekasi,18.0,20.134768
3,2026-08-20 17:00:00+00:00,tt_bogor,45.0,35.903927
3,2026-08-20 17:00:00+00:00,tt_bsd,34.0,30.755564
3,2026-08-20 17:00:00+00:00,tt_cawang,43.0,38.817017
3,2026-08-20 17:00:00+00:00,tt_depok,31.0,28.850113
3,2026-08-20 17:00:00+00:00,tt_gatsu,45.0,44.721127
3,2026-08-20 17:00:00+00:00,tt_grogol,40.0,37.64491
3,2026-08-20 17:00:00+00:00,tt_kebonjeruk,35.0,26.663464
3,2026-08-20 17:00:00+00:00,tt_kelapagading,29.0,29.082224
3,2026-08-20 17:00:00+00:00,tt_kuningan,21.0,19.885935
3,2026-08-20 17:00:00+00:00,tt_sudirman,39.0,34.985687
3,2026-08-20 17:00:00+00:00,tt_tangerang,48.0,45.787468
3,2026-08-20 17:00:00+00:00,tt_tbsimatupang,72.0,52.998436
3,2026-08-20 17:00:00+00:00,tt_thamrin,22.0,18.382992
3,2026-08-20 19:00:00+00:00,tt_bekasi,18.0,19.870464
3,2026-08-20 19:00:00+00:00,tt_bogor,45.0,38.17378
3,2026-08-20 19:00:00+00:00,tt_bsd,34.0,32.114628
3,2026-08-20 19:00:00+00:00,tt_cawang,43.0,42.03747
3,2026-08-20 19:00:00+00:00,tt_depok,31.0,31.26238
3,2026-08-20 19:00:00+00:00,tt_gatsu,45.0,45.591442
3,2026-08-20 19:00:00+00:00,tt_grogol,40.0,38.910038
3,2026-08-20 19:00:00+00:00,tt_kebonjeruk,35.0,30.783352
3,2026-08-20 19:00:00+00:00,tt_kelapagading,29.0,30.503553
3,2026-08-20 19:00:00+00:00,tt_kuningan,21.0,22.881004
3,2026-08-20 19:00:00+00:00,tt_sudirman,39.0,39.102303
3,2026-08-20 19:00:00+00:00,tt_tangerang,48.0,45.024494
3,2026-08-20 19:00:00+00:00,tt_tbsimatupang,72.0,59.584698
3,2026-08-20 19:00:00+00:00,tt_thamrin,22.0,22.860939
3,2026-08-20 21:00:00+00:00,tt_bekasi,18.0,20.673729
3,2026-08-20 21:00:00+00:00,tt_bogor,45.0,38.585384
3,2026-08-20 21:00:00+00:00,tt_bsd,34.0,33.113808
3,2026-08-20 21:00:00+00:00,tt_cawang,43.0,42.28182
3,2026-08-20 21:00:00+00:00,tt_depok,31.0,31.656345
3,2026-08-20 21:00:00+00:00,tt_gatsu,45.0,43.466755
3,2026-08-20 21:00:00+00:00,tt_grogol,40.0,38.21589
3,2026-08-20 21:00:00+00:00,tt_kebonjeruk,35.0,32.436882
3,2026-08-20 21:00:00+00:00,tt_kelapagading,29.0,30.347946
3,2026-08-20 21:00:00+00:00,tt_kuningan,21.0,23.09998
3,2026-08-20 21:00:00+00:00,tt_sudirman,39.0,38.896763
3,2026-08-20 21:00:00+00:00,tt_tangerang,48.0,44.08495
3,2026-08-20 21:00:00+00:00,tt_tbsimatupang,72.0,59.509457
3,2026-08-20 21:00:00+00:00,tt_thamrin,22.0,23.748878
3,2026-08-20 22:00:00+00:00,tt_bekasi,18.0,20.36906
3,2026-08-20 22:00:00+00:00,tt_bogor,45.0,38.280525
3,2026-08-20 22:00:00+00:00,tt_bsd,34.0,33.010616
3,2026-08-20 22:00:00+00:00,tt_cawang,43.0,41.689255
3,2026-08-20 22:00:00+00:00,tt_depok,31.0,31.563032
3,2026-08-20 22:00:00+00:00,tt_gatsu,45.0,42.982048
3,2026-08-20 22:00:00+00:00,tt_grogol,40.0,37.778534
3,2026-08-20 22:00:00+00:00,tt_kebonjeruk,35.0,32.467022
3,2026-08-20 22:00:00+00:00,tt_kelapagading,29.0,30.119467
3,2026-08-20 22:00:00+00:00,tt_kuningan,21.0,22.73119
3,2026-08-20 22:00:00+00:00,tt_sudirman,39.0,38.59997
3,2026-08-20 22:00:00+00:00,tt_tangerang,48.0,43.75579
3,2026-08-20 22:00:00+00:00,tt_tbsimatupang,72.0,58.91864
3,2026-08-20 22:00:00+00:00,tt_thamrin,22.0,23.49134
3,2026-08-21 00:00:00+00:00,tt_bekasi,18.0,19.82819
3,2026-08-21 00:00:00+00:00,tt_bogor,35.0,37.67041
3,2026-08-21 00:00:00+00:00,tt_bsd,29.0,32.578575
3,2026-08-21 00:00:00+00:00,tt_cawang,18.0,40.421555
3,2026-08-21 00:00:00+00:00,tt_depok,25.0,31.2905
3,2026-08-21 00:00:00+00:00,tt_gatsu,45.0,41.984432
3,2026-08-21 00:00:00+00:00,tt_grogol,34.0,37.032265
3,2026-08-21 00:00:00+00:00,tt_kebonjeruk,25.0,32.341755
3,2026-08-21 00:00:00+00:00,tt_kelapagading,26.0,29.83607
3,2026-08-21 00:00:00+00:00,tt_kuningan,21.0,22.363344
3,2026-08-21 00:00:00+00:00,tt_sudirman,31.0,38.184254
3,2026-08-21 00:00:00+00:00,tt_tangerang,37.0,43.232506
3,2026-08-21 00:00:00+00:00,tt_tbsimatupang,32.0,57.859604
3,2026-08-21 00:00:00+00:00,tt_thamrin,22.0,23.015862
3,2026-08-21 02:00:00+00:00,tt_bekasi,17.0,19.275984
3,2026-08-21 02:00:00+00:00,tt_bogor,37.0,37.1521
3,2026-08-21 02:00:00+00:00,tt_bsd,28.0,32.02431
3,2026-08-21 02:00:00+00:00,tt_cawang,19.0,39.227222
3,2026-08-21 02:00:00+00:00,tt_depok,26.0,31.008331
3,2026-08-21 02:00:00+00:00,tt_gatsu,45.0,41.2372
3,2026-08-21 02:00:00+00:00,tt_grogol,31.0,36.418724
3,2026-08-21 02:00:00+00:00,tt_kebonjeruk,26.0,32.118984
3,2026-08-21 02:00:00+00:00,tt_kelapagading,29.0,29.601196
3,2026-08-21 02:00:00+00:00,tt_kuningan,21.0,21.7876
3,2026-08-21 02:00:00+00:00,tt_sudirman,23.0,37.768036
3,2026-08-21 02:00:00+00:00,tt_tangerang,37.0,42.891846
3,2026-08-21 02:00:00+00:00,tt_tbsimatupang,37.0,57.106476
3,2026-08-21 02:00:00+00:00,tt_thamrin,22.0,23.005844
3,2026-08-21 03:00:00+00:00,tt_bekasi,15.0,18.236376
3,2026-08-21 03:00:00+00:00,tt_bogor,38.0,33.29468
3,2026-08-21 03:00:00+00:00,tt_bsd,34.0,28.51161
3,2026-08-21 03:00:00+00:00,tt_cawang,21.0,28.769564
3,2026-08-21 03:00:00+00:00,tt_depok,31.0,26.153934
3,2026-08-21 03:00:00+00:00,tt_gatsu,45.0,41.072456
3,2026-08-21 03:00:00+00:00,tt_grogol,27.0,33.88344
3,2026-08-21 03:00:00+00:00,tt_kebonjeruk,24.0,27.579403
3,2026-08-21 03:00:00+00:00,tt_kelapagading,23.0,27.609484
3,2026-08-21 03:00:00+00:00,tt_kuningan,15.999999,19.71751
3,2026-08-21 03:00:00+00:00,tt_sudirman,28.0,34.02155
3,2026-08-21 03:00:00+00:00,tt_tangerang,48.0,37.78196
3,2026-08-21 03:00:00+00:00,tt_tbsimatupang,48.0,40.946957
3,2026-08-21 03:00:00+00:00,tt_thamrin,15.999999,22.170153
3,2026-08-21 05:00:00+00:00,tt_bekasi,15.999999,17.379799
3,2026-08-21 05:00:00+00:00,tt_bogor,45.0,33.683537
3,2026-08-21 05:00:00+00:00,tt_bsd,34.0,26.663528
3,2026-08-21 05:00:00+00:00,tt_cawang,43.0,26.17969
3,2026-08-21 05:00:00+00:00,tt_depok,31.0,24.697659
3,2026-08-21 05:00:00+00:00,tt_gatsu,45.0,42.065456
3,2026-08-21 05:00:00+00:00,tt_grogol,32.0,31.588873
3,2026-08-21 05:00:00+00:00,tt_kebonjeruk,27.0,25.737232
3,2026-08-21 05:00:00+00:00,tt_kelapagading,23.0,28.64634
3,2026-08-21 05:00:00+00:00,tt_kuningan,21.0,18.817886
3,2026-08-21 05:00:00+00:00,tt_sudirman,34.0,29.115746
3,2026-08-21 05:00:00+00:00,tt_tangerang,48.0,36.89806
3,2026-08-21 05:00:00+00:00,tt_tbsimatupang,72.0,43.621204
3,2026-08-21 05:00:00+00:00,tt_thamrin,21.0,21.582573
3,2026-08-21 07:00:00+00:00,tt_bekasi,14.0,16.26387
3,2026-08-21 07:00:00+00:00,tt_bogor,35.0,35.428757
3,2026-08-21 07:00:00+00:00,tt_bsd,34.0,30.961872
3,2026-08-21 07:00:00+00:00,tt_cawang,28.0,27.49823
3,2026-08-21 07:00:00+00:00,tt_depok,25.0,29.13881
3,2026-08-21 07:00:00+00:00,tt_gatsu,36.0,43.760433
3,2026-08-21 07:00:00+00:00,tt_grogol,28.0,28.9994
3,2026-08-21 07:00:00+00:00,tt_kebonjeruk,21.0,25.095566
3,2026-08-21 07:00:00+00:00,tt_kelapagading,20.0,25.651508
3,2026-08-21 07:00:00+00:00,tt_kuningan,21.0,16.615662
3,2026-08-21 07:00:00+00:00,tt_sudirman,18.0,30.49205
3,2026-08-21 07:00:00+00:00,tt_tangerang,39.0,43.98591
3,2026-08-21 07:00:00+00:00,tt_tbsimatupang,52.0,49.29456
3,2026-08-21 07:00:00+00:00,tt_thamrin,18.0,18.15411
3,2026-08-21 08:00:00+00:00,tt_bekasi,15.999999,17.183144
3,2026-08-21 08:00:00+00:00,tt_bogor,34.0,38.473454
3,2026-08-21 08:00:00+00:00,tt_bsd,34.0,32.03787
3,2026-08-21 08:00:00+00:00,tt_cawang,31.0,37.33272
3,2026-08-21 08:00:00+00:00,tt_depok,25.0,30.948889
3,2026-08-21 08:00:00+00:00,tt_gatsu,35.0,44.27386
3,2026-08-21 08:00:00+00:00,tt_grogol,29.0,31.59487
3,2026-08-21 08:00:00+00:00,tt_kebonjeruk,24.0,26.761852
3,2026-08-21 08:00:00+00:00,tt_kelapagading,21.0,26.453793
3,2026-08-21 08:00:00+00:00,tt_kuningan,17.0,20.124535
3,2026-08-21 08:00:00+00:00,tt_sudirman,24.0,34.42873
3,2026-08-21 08:00:00+00:00,tt_tangerang,40.0,44.553787
3,2026-08-21 08:00:00+00:00,tt_tbsimatupang,38.0,58.883266
3,2026-08-21 08:00:00+00:00,tt_thamrin,10.0,20.6004
3,2026-08-21 10:00:00+00:00,tt_bekasi,15.0,16.082275
3,2026-08-21 10:00:00+00:00,tt_bogor,32.0,35.257866
3,2026-08-21 10:00:00+00:00,tt_bsd,34.0,31.771383
3,2026-08-21 10:00:00+00:00,tt_cawang,22.0,34.111618
3,2026-08-21 10:00:00+00:00,tt_depok,24.0,27.915094
3,2026-08-21 10:00:00+00:00,tt_gatsu,34.0,40.372955
3,2026-08-21 10:00:00+00:00,tt_grogol,32.0,29.844917
3,2026-08-21 10:00:00+00:00,tt_kebonjeruk,20.0,23.90038
3,2026-08-21 10:00:00+00:00,tt_kelapagading,19.0,24.554045
3,2026-08-21 10:00:00+00:00,tt_kuningan,13.0,19.912933
3,2026-08-21 10:00:00+00:00,tt_sudirman,22.0,28.46167
3,2026-08-21 10:00:00+00:00,tt_tangerang,29.0,40.57403
3,2026-08-21 10:00:00+00:00,tt_tbsimatupang,27.0,51.676846
3,2026-08-21 10:00:00+00:00,tt_thamrin,19.0,19.863106
6,2026-08-18 07:00:00+00:00,tt_bekasi,15.0,16.69796
6,2026-08-18 07:00:00+00:00,tt_bogor,34.0,32.611015
6,2026-08-18 07:00:00+00:00,tt_bsd,30.0,29.011555
6,2026-08-18 07:00:00+00:00,tt_cawang,43.0,29.27828
6,2026-08-18 07:00:00+00:00,tt_depok,31.0,25.687294
6,2026-08-18 07:00:00+00:00,tt_gatsu,45.0,40.483734
6,2026-08-18 07:00:00+00:00,tt_grogol,32.0,31.46801
6,2026-08-18 07:00:00+00:00,tt_kebonjeruk,25.0,28.480032
6,2026-08-18 07:00:00+00:00,tt_kelapagading,22.0,32.227173
6,2026-08-18 07:00:00+00:00,tt_kuningan,15.0,18.723526
6,2026-08-18 07:00:00+00:00,tt_sudirman,28.0,35.946526
6,2026-08-18 07:00:00+00:00,tt_tangerang,38.0,38.125336
6,2026-08-18 07:00:00+00:00,tt_tbsimatupang,57.0,48.607983
6,2026-08-18 07:00:00+00:00,tt_thamrin,22.0,21.631012
6,2026-08-18 09:00:00+00:00,tt_bekasi,14.0,16.477386
6,2026-08-18 09:00:00+00:00,tt_bogor,35.0,34.573463
6,2026-08-18 09:00:00+00:00,tt_bsd,28.0,29.80284
6,2026-08-18 09:00:00+00:00,tt_cawang,29.0,28.648254
6,2026-08-18 09:00:00+00:00,tt_depok,24.0,28.125431
6,2026-08-18 09:00:00+00:00,tt_gatsu,45.0,40.58664
6,2026-08-18 09:00:00+00:00,tt_grogol,32.0,30.282608
6,2026-08-18 09:00:00+00:00,tt_kebonjeruk,23.0,27.09817
6,2026-08-18 09:00:00+00:00,tt_kelapagading,23.0,32.304462
6,2026-08-18 09:00:00+00:00,tt_kuningan,21.0,18.053978
6,2026-08-18 09:00:00+00:00,tt_sudirman,31.0,33.040646
6,2026-08-18 09:00:00+00:00,tt_tangerang,38.0,40.977905
6,2026-08-18 09:00:00+00:00,tt_tbsimatupang,43.0,47.24794
6,2026-08-18 09:00:00+00:00,tt_thamrin,22.0,19.87112
6,2026-08-18 10:00:00+00:00,tt_bekasi,14.0,16.42706
6,2026-08-18 10:00:00+00:00,tt_bogor,35.0,34.91223
6,2026-08-18 10:00:00+00:00,tt_bsd,34.0,28.984665
6,2026-08-18 10:00:00+00:00,tt_cawang,30.0,28.921724
6,2026-08-18 10:00:00+00:00,tt_depok,25.0,29.501617
6,2026-08-18 10:00:00+00:00,tt_gatsu,3.999998,41.072857
6,2026-08-18 10:00:00+00:00,tt_grogol,31.0,30.033224
6,2026-08-18 10:00:00+00:00,tt_kebonjeruk,21.0,26.377882
6,2026-08-18 10:00:00+00:00,tt_kelapagading,21.0,33.03564
6,2026-08-18 10:00:00+00:00,tt_kuningan,14.0,17.38691
6,2026-08-18 10:00:00+00:00,tt_sudirman,23.0,33.102356
6,2026-08-18 10:00:00+00:00,tt_tangerang,34.0,40.955788
6,2026-08-18 10:00:00+00:00,tt_tbsimatupang,44.0,53.056942
6,2026-08-18 10:00:00+00:00,tt_thamrin,22.0,19.733046
6,2026-08-18 12:00:00+00:00,tt_bekasi,14.0,16.956188
6,2026-08-18 12:00:00+00:00,tt_bogor,35.0,35.583973
6,2026-08-18 12:00:00+00:00,tt_bsd,34.0,28.44454
6,2026-08-18 12:00:00+00:00,tt_cawang,34.0,31.067554
6,2026-08-18 12:00:00+00:00,tt_depok,26.0,28.000309
6,2026-08-18 12:00:00+00:00,tt_gatsu,45.0,45.089622
6,2026-08-18 12:00:00+00:00,tt_grogol,32.0,34.822754
6,2026-08-18 12:00:00+00:00,tt_kebonjeruk,25.0,25.253714
6,2026-08-18 12:00:00+00:00,tt_kelapagading,22.0,31.506327
6,2026-08-18 12:00:00+00:00,tt_kuningan,13.0,20.084612
6,2026-08-18 12:00:00+00:00,tt_sudirman,29.0,36.75004
6,2026-08-18 12:00:00+00:00,tt_tangerang,48.0,41.05882
6,2026-08-18 12:00:00+00:00,tt_tbsimatupang,72.0,55.725334
6,2026-08-18 12:00:00+00:00,tt_thamrin,17.0,20.943317
6,2026-08-18 14:00:00+00:00,tt_bekasi,15.999999,17.535366
6,2026-08-18 14:00:00+00:00,tt_bogor,45.0,35.164223
6,2026-08-18 14:00:00+00:00,tt_bsd,34.0,29.700672
6,2026-08-18 14:00:00+00:00,tt_cawang,32.0,37.457077
6,2026-08-18 14:00:00+00:00,tt_depok,26.0,30.721462
6,2026-08-18 14:00:00+00:00,tt_gatsu,45.0,45.70087
6,2026-08-18 14:00:00+00:00,tt_grogol,40.0,34.512524
6,2026-08-18 14:00:00+00:00,tt_kebonjeruk,31.0,25.931314
6,2026-08-18 14:00:00+00:00,tt_kelapagading,29.0,31.593996
6,2026-08-18 14:00:00+00:00,tt_kuningan,15.999999,18.73413
6,2026-08-18 14:00:00+00:00,tt_sudirman,30.0,35.26119
6,2026-08-18 14:00:00+00:00,tt_tangerang,48.0,40.750977
6,2026-08-18 14:00:00+00:00,tt_tbsimatupang,72.0,54.407272
6,2026-08-18 14:00:00+00:00,tt_thamrin,22.0,22.139439
6,2026-08-18 15:00:00+00:00,tt_bekasi,15.999999,17.164558
6,2026-08-18 15:00:00+00:00,tt_bogor,45.0,34.637962
6,2026-08-18 15:00:00+00:00,tt_bsd,34.0,28.721603
6,2026-08-18 15:00:00+00:00,tt_cawang,43.0,35.587685
6,2026-08-18 15:00:00+00:00,tt_depok,31.0,28.432114
6,2026-08-18 15:00:00+00:00,tt_gatsu,45.0,45.997147
6,2026-08-18 15:00:00+00:00,tt_grogol,40.0,34.29641
6,2026-08-18 15:00:00+00:00,tt_kebonjeruk,35.0,25.233397
6,2026-08-18 15:00:00+00:00,tt_kelapagading,29.0,31.63614
6,2026-08-18 15:00:00+00:00,tt_kuningan,21.0,20.168304
6,2026-08-18 15:00:00+00:00,tt_sudirman,39.0,35.41299
6,2026-08-18 15:00:00+00:00,tt_tangerang,48.0,40.618526
6,2026-08-18 15:00:00+00:00,tt_tbsimatupang,72.0,52.667404
6,2026-08-18 15:00:00+00:00,tt_thamrin,22.0,22.74503
6,2026-08-18 17:00:00+00:00,tt_bekasi,17.0,17.230534
6,2026-08-18 17:00:00+00:00,tt_bogor,45.0,34.089893
6,2026-08-18 17:00:00+00:00,tt_bsd,34.0,30.773016
6,2026-08-18 17:00:00+00:00,tt_cawang,43.0,35.743744
6,2026-08-18 17:00:00+00:00,tt_depok,31.0,27.235477
6,2026-08-18 17:00:00+00:00,tt_gatsu,45.0,45.161354
6,2026-08-18 17:00:00+00:00,tt_grogol,40.0,33.433422
6,2026-08-18 17:00:00+00:00,tt_kebonjeruk,35.0,23.58456
6,2026-08-18 17:00:00+00:00,tt_kelapagading,29.0,30.556818
6,2026-08-18 17:00:00+00:00,tt_kuningan,21.0,18.685059
6,2026-08-18 17:00:00+00:00,tt_sudirman,39.0,31.828972
6,2026-08-18 17:00:00+00:00,tt_tangerang,48.0,39.668777
6,2026-08-18 17:00:00+00:00,tt_tbsimatupang,72.0,47.04412
6,2026-08-18 17:00:00+00:00,tt_thamrin,22.0,23.949043
6,2026-08-18 19:00:00+00:00,tt_bekasi,17.0,18.281372
6,2026-08-18 19:00:00+00:00,tt_bogor,45.0,33.375725
6,2026-08-18 19:00:00+00:00,tt_bsd,34.0,31.68792
6,2026-08-18 19:00:00+00:00,tt_cawang,43.0,38.98669
6,2026-08-18 19:00:00+00:00,tt_depok,31.0,27.773901
6,2026-08-18 19:00:00+00:00,tt_gatsu,45.0,50.487465
6,2026-08-18 19:00:00+00:00,tt_grogol,40.0,34.478477
6,2026-08-18 19:00:00+00:00,tt_kebonjeruk,35.0,25.162548
6,2026-08-18 19:00:00+00:00,tt_kelapagading,29.0,29.055847
6,2026-08-18 19:00:00+00:00,tt_kuningan,21.0,18.667236
6,2026-08-18 19:00:00+00:00,tt_sudirman,39.0,33.37702
6,2026-08-18 19:00:00+00:00,tt_tangerang,48.0,42.77034
6,2026-08-18 19:00:00+00:00,tt_tbsimatupang,72.0,54.547134
6,2026-08-18 19:00:00+00:00,tt_thamrin,22.0,23.311253
6,2026-08-18 20:00:00+00:00,tt_bekasi,17.0,18.755295
6,2026-08-18 20:00:00+00:00,tt_bogor,45.0,33.764275
6,2026-08-18 20:00:00+00:00,tt_bsd,34.0,31.524014
6,2026-08-18 20:00:00+00:00,tt_cawang,43.0,38.878193
6,2026-08-18 20:00:00+00:00,tt_depok,31.0,27.482891
6,2026-08-18 20:00:00+00:00,tt_gatsu,45.0,50.210773
6,2026-08-18 20:00:00+00:00,tt_grogol,40.0,35.818542
6,2026-08-18 20:00:00+00:00,tt_kebonjeruk,35.0,28.064583
6,2026-08-18 20:00:00+00:00,tt_kelapagading,29.0,30.612322
6,2026-08-18 20:00:00+00:00,tt_kuningan,21.0,18.580608
6,2026-08-18 20:00:00+00:00,tt_sudirman,39.0,34.143166
6,2026-08-18 20:00:00+00:00,tt_tangerang,48.0,42.62894
6,2026-08-18 20:00:00+00:00,tt_tbsimatupang,72.0,54.66564
6,2026-08-18 20:00:00+00:00,tt_thamrin,22.0,25.1524
6,2026-08-18 22:00:00+00:00,tt_bekasi,17.0,18.591465
6,2026-08-18 22:00:00+00:00,tt_bogor,45.0,33.98435
6,2026-08-18 22:00:00+00:00,tt_bsd,34.0,31.09544
6,2026-08-18 22:00:00+00:00,tt_cawang,43.0,39.305447
6,2026-08-18 22:00:00+00:00,tt_depok,31.0,29.197287
6,2026-08-18 22:00:00+00:00,tt_gatsu,45.0,47.477715
6,2026-08-18 22:00:00+00:00,tt_grogol,40.0,36.243332
6,2026-08-18 22:00:00+00:00,tt_kebonjeruk,35.0,30.264063
6,2026-08-18 22:00:00+00:00,tt_kelapagading,29.0,29.956547
6,2026-08-18 22:00:00+00:00,tt_kuningan,21.0,19.993023
6,2026-08-18 22:00:00+00:00,tt_sudirman,39.0,36.595142
6,2026-08-18 22:00:00+00:00,tt_tangerang,48.0,41.382633
6,2026-08-18 22:00:00+00:00,tt_tbsimatupang,72.0,52.53283
6,2026-08-18 22:00:00+00:00,tt_thamrin,22.0,25.471874
6,2026-08-19 00:00:00+00:00,tt_bekasi,15.0,18.67934
6,2026-08-19 00:00:00+00:00,tt_bogor,35.0,33.38704
6,2026-08-19 00:00:00+00:00,tt_bsd,29.0,30.668146
6,2026-08-19 00:00:00+00:00,tt_cawang,20.0,38.46518
6,2026-08-19 00:00:00+00:00,tt_depok,31.0,29.330349
6,2026-08-19 00:00:00+00:00,tt_gatsu,45.0,44.271465
6,2026-08-19 00:00:00+00:00,tt_grogol,40.0,35.186115
6,2026-08-19 00:00:00+00:00,tt_kebonjeruk,27.0,30.725172
6,2026-08-19 00:00:00+00:00,tt_kelapagading,29.0,30.005404
6,2026-08-19 00:00:00+00:00,tt_kuningan,21.0,20.363407
6,2026-08-19 00:00:00+00:00,tt_sudirman,39.0,36.353855
6,2026-08-19 00:00:00+00:00,tt_tangerang,48.0,40.328793
6,2026-08-19 00:00:00+00:00,tt_tbsimatupang,39.0,50.900986
6,2026-08-19 00:00:00+00:00,tt_thamrin,19.0,24.860197
6,2026-08-19 01:00:00+00:00,tt_bekasi,15.999999,18.841702
6,2026-08-19 01:00:00+00:00,tt_bogor,37.0,33.18919
6,2026-08-19 01:00:00+00:00,tt_bsd,34.0,30.456253
6,2026-08-19 01:00:00+00:00,tt_cawang,13.0,37.28309
6,2026-08-19 01:00:00+00:00,tt_depok,27.0,29.245987
6,2026-08-19 01:00:00+00:00,tt_gatsu,13.0,42.864468
6,2026-08-19 01:00:00+00:00,tt_grogol,32.0,34.86539
6,2026-08-19 01:00:00+00:00,tt_kebonjeruk,25.0,30.791954
6,2026-08-19 01:00:00+00:00,tt_kelapagading,29.0,30.133188
6,2026-08-19 01:00:00+00:00,tt_kuningan,21.0,20.524275
6,2026-08-19 01:00:00+00:00,tt_sudirman,22.0,36.326313
6,2026-08-19 01:00:00+00:00,tt_tangerang,39.0,39.99246
6,2026-08-19 01:00:00+00:00,tt_tbsimatupang,18.0,50.16062
6,2026-08-19 01:00:00+00:00,tt_thamrin,22.0,24.43998
6,2026-08-19 03:00:00+00:00,tt_bekasi,15.999999,19.205612
6,2026-08-19 03:00:00+00:00,tt_bogor,37.0,32.707977
6,2026-08-19 03:00:00+00:00,tt_bsd,34.0,30.024042
6,2026-08-19 03:00:00+00:00,tt_cawang,20.0,35.94885
6,2026-08-19 03:00:00+00:00,tt_depok,31.0,29.069345
6,2026-08-19 03:00:00+00:00,tt_gatsu,45.0,39.805096
6,2026-08-19 03:00:00+00:00,tt_grogol,31.0,34.35166
6,2026-08-19 03:00:00+00:00,tt_kebonjeruk,23.0,30.914198
6,2026-08-19 03:00:00+00:00,tt_kelapagading,29.0,30.383118
6,2026-08-19 03:00:00+00:00,tt_kuningan,15.999999,20.819317
6,2026-08-19 03:00:00+00:00,tt_sudirman,24.0,36.15066
6,2026-08-19 03:00:00+00:00,tt_tangerang,40.0,39.4649
6,2026-08-19 03:00:00+00:00,tt_tbsimatupang,33.0,49.32942
6,2026-08-19 03:00:00+00:00,tt_thamrin,20.0,23.83849
6,2026-08-19 05:00:00+00:00,tt_bekasi,15.0,17.553501
6,2026-08-19 05:00:00+00:00,tt_bogor,32.0,32.3002
6,2026-08-19 05:00:00+00:00,tt_bsd,34.0,29.598267
6,2026-08-19 05:00:00+00:00,tt_cawang,17.0,35.089508
6,2026-08-19 05:00:00+00:00,tt_depok,31.0,28.880535
6,2026-08-19 05:00:00+00:00,tt_gatsu,45.0,38.04092
6,2026-08-19 05:00:00+00:00,tt_grogol,31.0,33.85782
6,2026-08-19 05:00:00+00:00,tt_kebonjeruk,24.0,30.77431
6,2026-08-19 05:00:00+00:00,tt_kelapagading,21.0,30.29155
6,2026-08-19 05:00:00+00:00,tt_kuningan,17.0,19.89254
6,2026-08-19 05:00:00+00:00,tt_sudirman,27.0,35.76981
6,2026-08-19 05:00:00+00:00,tt_tangerang,40.0,39.249878
6,2026-08-19 05:00:00+00:00,tt_tbsimatupang,43.0,48.981003
6,2026-08-19 05:00:00+00:00,tt_thamrin,17.0,23.090628
6,2026-08-19 06:00:00+00:00,tt_bekasi,18.0,16.590267
6,2026-08-19 06:00:00+00:00,tt_bogor,35.0,32.026302
6,2026-08-19 06:00:00+00:00,tt_bsd,34.0,28.176914
6,2026-08-19 06:00:00+00:00,tt_cawang,19.0,33.090767
6,2026-08-19 06:00:00+00:00,tt_depok,27.0,27.876259
6,2026-08-19 06:00:00+00:00,tt_gatsu,30.0,38.621605
6,2026-08-19 06:00:00+00:00,tt_grogol,27.0,33.96855
6,2026-08-19 06:00:00+00:00,tt_kebonjeruk,21.0,29.12701
6,2026-08-19 06:00:00+00:00,tt_kelapagading,21.0,30.23707
6,2026-08-19 06:00:00+00:00,tt_kuningan,21.0,18.955498
6,2026-08-19 06:00:00+00:00,tt_sudirman,18.0,36.153053
6,2026-08-19 06:00:00+00:00,tt_tangerang,38.0,39.333633
6,2026-08-19 06:00:00+00:00,tt_tbsimatupang,48.0,48.911743
6,2026-08-19 06:00:00+00:00,tt_thamrin,13.0,21.714733
6,2026-08-19 08:00:00+00:00,tt_bekasi,15.0,16.069695
6,2026-08-19 08:00:00+00:00,tt_bogor,34.0,34.02795
6,2026-08-19 08:00:00+00:00,tt_bsd,28.0,29.59757
6,2026-08-19 08:00:00+00:00,tt_cawang,32.0,30.126965
6,2026-08-19 08:00:00+00:00,tt_depok,25.0,25.535791
6,2026-08-19 08:00:00+00:00,tt_gatsu,26.0,36.540707
6,2026-08-19 08:00:00+00:00,tt_grogol,27.0,33.095764
6,2026-08-19 08:00:00+00:00,tt_kebonjeruk,18.0,26.570135
6,2026-08-19 08:00:00+00:00,tt_kelapagading,22.0,31.010958
6,2026-08-19 08:00:00+00:00,tt_kuningan,21.0,17.804253
6,2026-08-19 08:00:00+00:00,tt_sudirman,22.0,33.108227
6,2026-08-19 08:00:00+00:00,tt_tangerang,48.0,38.33626
6,2026-08-19 08:00:00+00:00,tt_tbsimatupang,32.0,48.54242
6,2026-08-19 08:00:00+00:00,tt_thamrin,8.0,21.199898
6,2026-08-19 10:00:00+00:00,tt_bekasi,13.0,17.230255
6,2026-08-19 10:00:00+00:00,tt_bogor,30.0,35.611202
6,2026-08-19 10:00:00+00:00,tt_bsd,34.0,30.598993
6,2026-08-19 10:00:00+00:00,tt_cawang,43.0,31.822622
6,2026-08-19 10:00:00+00:00,tt_depok,23.0,28.48307
6,2026-08-19 10:00:00+00:00,tt_gatsu,23.0,47.683037
6,2026-08-19 10:00:00+00:00,tt_grogol,30.0,32.88802
6,2026-08-19 10:00:00+00:00,tt_kebonjeruk,19.0,25.284597
6,2026-08-19 10:00:00+00:00,tt_kelapagading,22.0,32.915638
6,2026-08-19 10:00:00+00:00,tt_kuningan,15.999999,17.372627
6,2026-08-19 10:00:00+00:00,tt_sudirman,19.0,33.505013
6,2026-08-19 10:00:00+00:00,tt_tangerang,28.0,38.662086
6,2026-08-19 10:00:00+00:00,tt_tbsimatupang,34.0,51.21976
6,2026-08-19 10:00:00+00:00,tt_thamrin,17.0,20.791752
6,2026-08-19 11:00:00+00:00,tt_bekasi,18.0,17.005571
6,2026-08-19 11:00:00+00:00,tt_bogor,33.0,35.537567
6,2026-08-19 11:00:00+00:00,tt_bsd,27.0,31.00766
6,2026-08-19 11:00:00+00:00,tt_cawang,43.0,31.08388
6,2026-08-19 11:00:00+00:00,tt_depok,25.0,29.043688
6,2026-08-19 11:00:00+00:00,tt_gatsu,35.0,49.422638
6,2026-08-19 11:00:00+00:00,tt_grogol,32.0,33.0747
6,2026-08-19 11:00:00+00:00,tt_kebonjeruk,21.0,25.344429
6,2026-08-19 11:00:00+00:00,tt_kelapagading,20.0,31.55116
6,2026-08-19 11:00:00+00:00,tt_kuningan,15.999999,17.855272
6,2026-08-19 11:00:00+00:00,tt_sudirman,15.999999,34.33725
6,2026-08-19 11:00:00+00:00,tt_tangerang,26.0,38.89804
6,2026-08-19 11:00:00+00:00,tt_tbsimatupang,44.0,51.684505
6,2026-08-19 11:00:00+00:00,tt_thamrin,10.0,20.145185
6,2026-08-19 13:00:00+00:00,tt_bekasi,18.0,18.362782
6,2026-08-19 13:00:00+00:00,tt_bogor,45.0,36.059483
6,2026-08-19 13:00:00+00:00,tt_bsd,34.0,31.397633
6,2026-08-19 13:00:00+00:00,tt_cawang,43.0,30.47024
6,2026-08-19 13:00:00+00:00,tt_depok,25.0,27.998127
6,2026-08-19 13:00:00+00:00,tt_gatsu,45.0,48.055252
6,2026-08-19 13:00:00+00:00,tt_grogol,31.0,31.739235
6,2026-08-19 13:00:00+00:00,tt_kebonjeruk,27.0,23.691986
6,2026-08-19 13:00:00+00:00,tt_kelapagading,23.0,31.357359
6,2026-08-19 13:00:00+00:00,tt_kuningan,13.0,19.804909
6,2026-08-19 13:00:00+00:00,tt_sudirman,30.0,31.842566
6,2026-08-19 13:00:00+00:00,tt_tangerang,48.0,39.093258
6,2026-08-19 13:00:00+00:00,tt_tbsimatupang,72.0,52.659634
6,2026-08-19 13:00:00+00:00,tt_thamrin,20.0,19.103775
6,2026-08-19 15:00:00+00:00,tt_bekasi,15.999999,18.604923
6,2026-08-19 15:00:00+00:00,tt_bogor,38.0,36.369404
6,2026-08-19 15:00:00+00:00,tt_bsd,34.0,29.548992
6,2026-08-19 15:00:00+00:00,tt_cawang,32.0,35.8736
6,2026-08-19 15:00:00+00:00,tt_depok,31.0,27.065159
6,2026-08-19 15:00:00+00:00,tt_gatsu,45.0,46.188614
6,2026-08-19 15:00:00+00:00,tt_grogol,40.0,31.924623
6,2026-08-19 15:00:00+00:00,tt_kebonjeruk,31.0,22.194494
6,2026-08-19 15:00:00+00:00,tt_kelapagading,29.0,32.523827
6,2026-08-19 15:00:00+00:00,tt_kuningan,21.0,21.148895
6,2026-08-19 15:00:00+00:00,tt_sudirman,29.0,32.33184
6,2026-08-19 15:00:00+00:00,tt_tangerang,48.0,42.78053
6,2026-08-19 15:00:00+00:00,tt_tbsimatupang,72.0,49.22906
6,2026-08-19 15:00:00+00:00,tt_thamrin,21.0,18.335258
6,2026-08-19 16:00:00+00:00,tt_bekasi,18.0,18.756334
6,2026-08-19 16:00:00+00:00,tt_bogor,45.0,35.539505
6,2026-08-19 16:00:00+00:00,tt_bsd,34.0,31.497803
6,2026-08-19 16:00:00+00:00,tt_cawang,43.0,39.369152
6,2026-08-19 16:00:00+00:00,tt_depok,31.0,26.549194
6,2026-08-19 16:00:00+00:00,tt_gatsu,45.0,45.332455
6,2026-08-19 16:00:00+00:00,tt_grogol,40.0,33.17749
6,2026-08-19 16:00:00+00:00,tt_kebonjeruk,35.0,21.936504
6,2026-08-19 16:00:00+00:00,tt_kelapagading,29.0,32.94334
6,2026-08-19 16:00:00+00:00,tt_kuningan,21.0,20.963757
6,2026-08-19 16:00:00+00:00,tt_sudirman,39.0,31.276867
6,2026-08-19 16:00:00+00:00,tt_tangerang,48.0,41.966553
6,2026-08-19 16:00:00+00:00,tt_tbsimatupang,72.0,46.537647
6,2026-08-19 16:00:00+00:00,tt_thamrin,22.0,20.516068
6,2026-08-19 18:00:00+00:00,tt_bekasi,18.0,21.474934
6,2026-08-19 18:00:00+00:00,tt_bogor,45.0,35.46421
6,2026-08-19 18:00:00+00:00,tt_bsd,34.0,29.99445
6,2026-08-19 18:00:00+00:00,tt_cawang,43.0,43.149963
6,2026-08-19 18:00:00+00:00,tt_depok,31.0,27.146109
6,2026-08-19 18:00:00+00:00,tt_gatsu,45.0,46.573017
6,2026-08-19 18:00:00+00:00,tt_grogol,40.0,35.99577
6,2026-08-19 18:00:00+00:00,tt_kebonjeruk,35.0,22.226671
6,2026-08-19 18:00:00+00:00,tt_kelapagading,29.0,31.783854
6,2026-08-19 18:00:00+00:00,tt_kuningan,21.0,22.205338
6,2026-08-19 18:00:00+00:00,tt_sudirman,39.0,25.644377
6,2026-08-19 18:00:00+00:00,tt_tangerang,44.0,39.13341
6,2026-08-19 18:00:00+00:00,tt_tbsimatupang,72.0,43.862587
6,2026-08-19 18:00:00+00:00,tt_thamrin,22.0,19.639355
6,2026-08-19 20:00:00+00:00,tt_bekasi,18.0,20.568592
6,2026-08-19 20:00:00+00:00,tt_bogor,45.0,35.719444
6,2026-08-19 20:00:00+00:00,tt_bsd,34.0,33.04908
6,2026-08-19 20:00:00+00:00,tt_cawang,43.0,43.89834
6,2026-08-19 20:00:00+00:00,tt_depok,31.0,27.504503
6,2026-08-19 20:00:00+00:00,tt_gatsu,45.0,46.082115
6,2026-08-19 20:00:00+00:00,tt_grogol,40.0,36.227455
6,2026-08-19 20:00:00+00:00,tt_kebonjeruk,35.0,26.72271
6,2026-08-19 20:00:00+00:00,tt_kelapagading,29.0,30.350685
6,2026-08-19 20:00:00+00:00,tt_kuningan,21.0,20.336887
6,2026-08-19 20:00:00+00:00,tt_sudirman,39.0,31.256006
6,2026-08-19 20:00:00+00:00,tt_tangerang,48.0,45.694717
6,2026-08-19 20:00:00+00:00,tt_tbsimatupang,72.0,52.95632
6,2026-08-19 20:00:00+00:00,tt_thamrin,22.0,22.966637
6,2026-08-19 21:00:00+00:00,tt_bekasi,18.0,20.015629
6,2026-08-19 21:00:00+00:00,tt_bogor,45.0,34.85263
6,2026-08-19 21:00:00+00:00,tt_bsd,34.0,32.98503
6,2026-08-19 21:00:00+00:00,tt_cawang,43.0,43.373943
6,2026-08-19 21:00:00+00:00,tt_depok,31.0,28.689526
6,2026-08-19 21:00:00+00:00,tt_gatsu,45.0,44.482574
6,2026-08-19 21:00:00+00:00,tt_grogol,40.0,37.169327
6,2026-08-19 21:00:00+00:00,tt_kebonjeruk,35.0,28.939884
6,2026-08-19 21:00:00+00:00,tt_kelapagading,29.0,31.283775
6,2026-08-19 21:00:00+00:00,tt_kuningan,21.0,22.17787
6,2026-08-19 21:00:00+00:00,tt_sudirman,39.0,31.437168
6,2026-08-19 21:00:00+00:00,tt_tangerang,48.0,45.915863
6,2026-08-19 21:00:00+00:00,tt_tbsimatupang,72.0,53.548004
6,2026-08-19 21:00:00+00:00,tt_thamrin,22.0,23.90613
6,2026-08-19 23:00:00+00:00,tt_bekasi,17.0,20.418804
6,2026-08-19 23:00:00+00:00,tt_bogor,35.0,34.18409
6,2026-08-19 23:00:00+00:00,tt_bsd,34.0,32.189342
6,2026-08-19 23:00:00+00:00,tt_cawang,26.0,42.21889
6,2026-08-19 23:00:00+00:00,tt_depok,31.0,29.269943
6,2026-08-19 23:00:00+00:00,tt_gatsu,45.0,40.115036
6,2026-08-19 23:00:00+00:00,tt_grogol,35.0,37.209763
6,2026-08-19 23:00:00+00:00,tt_kebonjeruk,30.0,31.0929
6,2026-08-19 23:00:00+00:00,tt_kelapagading,29.0,31.301186
6,2026-08-19 23:00:00+00:00,tt_kuningan,21.0,22.421288
6,2026-08-19 23:00:00+00:00,tt_sudirman,39.0,34.958298
6,2026-08-19 23:00:00+00:00,tt_tangerang,48.0,44.256332
6,2026-08-19 23:00:00+00:00,tt_tbsimatupang,72.0,52.160915
6,2026-08-19 23:00:00+00:00,tt_thamrin,20.0,25.387478
6,2026-08-20 01:00:00+00:00,tt_bekasi,18.0,19.79567
6,2026-08-20 01:00:00+00:00,tt_bogor,35.0,33.466393
6,2026-08-20 01:00:00+00:00,tt_bsd,29.0,31.256493
6,2026-08-20 01:00:00+00:00,tt_cawang,14.0,40.407757
6,2026-08-20 01:00:00+00:00,tt_depok,31.0,29.26868
6,2026-08-20 01:00:00+00:00,tt_gatsu,37.0,39.178017
6,2026-08-20 01:00:00+00:00,tt_grogol,30.0,36.42006
6,2026-08-20 01:00:00+00:00,tt_kebonjeruk,26.0,31.35507
6,2026-08-20 01:00:00+00:00,tt_kelapagading,29.0,30.540741
6,2026-08-20 01:00:00+00:00,tt_kuningan,21.0,21.46634
6,2026-08-20 01:00:00+00:00,tt_sudirman,27.0,35.52703
6,2026-08-20 01:00:00+00:00,tt_tangerang,36.0,41.757328
6,2026-08-20 01:00:00+00:00,tt_tbsimatupang,18.0,50.146152
6,2026-08-20 01:00:00+00:00,tt_thamrin,18.0,25.475931
6,2026-08-20 02:00:00+00:00,tt_bekasi,18.0,19.454319
6,2026-08-20 02:00:00+00:00,tt_bogor,40.0,33.060364
6,2026-08-20 02:00:00+00:00,tt_bsd,34.0,30.989021
6,2026-08-20 02:00:00+00:00,tt_cawang,18.0,39.347973
6,2026-08-20 02:00:00+00:00,tt_depok,31.0,29.192932
6,2026-08-20 02:00:00+00:00,tt_gatsu,45.0,38.858337
6,2026-08-20 02:00:00+00:00,tt_grogol,30.0,36.02442
6,2026-08-20 02:00:00+00:00,tt_kebonjeruk,26.0,31.446789
6,2026-08-20 02:00:00+00:00,tt_kelapagading,25.0,30.307743
6,2026-08-20 02:00:00+00:00,tt_kuningan,21.0,20.995588
6,2026-08-20 02:00:00+00:00,tt_sudirman,25.0,35.591564
6,2026-08-20 02:00:00+00:00,tt_tangerang,48.0,40.633175
6,2026-08-20 02:00:00+00:00,tt_tbsimatupang,21.0,49.62262
6,2026-08-20 02:00:00+00:00,tt_thamrin,18.0,25.160261
6,2026-08-20 04:00:00+00:00,tt_bekasi,15.0,18.3344
6,2026-08-20 04:00:00+00:00,tt_bogor,35.0,32.48892
6,2026-08-20 04:00:00+00:00,tt_bsd,34.0,30.167606
6,2026-08-20 04:00:00+00:00,tt_cawang,20.0,37.02008
6,2026-08-20 04:00:00+00:00,tt_depok,27.0,29.002106
6,2026-08-20 04:00:00+00:00,tt_gatsu,45.0,38.11757
6,2026-08-20 04:00:00+00:00,tt_grogol,25.0,35.077744
6,2026-08-20 04:00:00+00:00,tt_kebonjeruk,25.0,31.336334
6,2026-08-20 04:00:00+00:00,tt_kelapagading,22.0,30.197077
6,2026-08-20 04:00:00+00:00,tt_kuningan,21.0,20.367285
6,2026-08-20 04:00:00+00:00,tt_sudirman,26.0,35.813347
6,2026-08-20 04:00:00+00:00,tt_tangerang,48.0,39.60529
6,2026-08-20 04:00:00+00:00,tt_tbsimatupang,45.0,48.915787
6,2026-08-20 04:00:00+00:00,tt_thamrin,13.0,24.480455
6,2026-08-20 06:00:00+00:00,tt_bekasi,15.0,17.23647
6,2026-08-20 06:00:00+00:00,tt_bogor,39.0,31.296822
6,2026-08-20 06:00:00+00:00,tt_bsd,34.0,29.5516
6,2026-08-20 06:00:00+00:00,tt_cawang,28.0,32.66004
6,2026-08-20 06:00:00+00:00,tt_depok,29.0,28.503117
6,2026-08-20 06:00:00+00:00,tt_gatsu,28.0,38.09755
6,2026-08-20 06:00:00+00:00,tt_grogol,29.0,33.17434
6,2026-08-20 06:00:00+00:00,tt_kebonjeruk,25.0,29.663548
6,2026-08-20 06:00:00+00:00,tt_kelapagading,20.0,30.213537
6,2026-08-20 06:00:00+00:00,tt_kuningan,15.999999,19.480942
6,2026-08-20 06:00:00+00:00,tt_sudirman,21.0,36.52328
6,2026-08-20 06:00:00+00:00,tt_tangerang,38.0,39.584366
6,2026-08-20 06:00:00+00:00,tt_tbsimatupang,27.0,49.589127
6,2026-08-20 06:00:00+00:00,tt_thamrin,12.0,21.85263
6,2026-08-20 07:00:00+00:00,tt_bekasi,15.999999,17.270243
6,2026-08-20 07:00:00+00:00,tt_bogor,36.0,31.69901
6,2026-08-20 07:00:00+00:00,tt_bsd,34.0,27.622372
6,2026-08-20 07:00:00+00:00,tt_cawang,21.0,29.83478
6,2026-08-20 07:00:00+00:00,tt_depok,26.0,27.822737
6,2026-08-20 07:00:00+00:00,tt_gatsu,20.0,38.685966
6,2026-08-20 07:00:00+00:00,tt_grogol,29.0,32.039867
6,2026-08-20 07:00:00+00:00,tt_kebonjeruk,22.0,27.767485
6,2026-08-20 07:00:00+00:00,tt_kelapagading,20.0,30.636147
6,2026-08-20 07:00:00+00:00,tt_kuningan,21.0,18.35806
6,2026-08-20 07:00:00+00:00,tt_sudirman,20.0,35.24686
6,2026-08-20 07:00:00+00:00,tt_tangerang,37.0,39.065407
6,2026-08-20 07:00:00+00:00,tt_tbsimatupang,49.0,52.96405
6,2026-08-20 07:00:00+00:00,tt_thamrin,12.0,20.645685
6,2026-08-20 09:00:00+00:00,tt_bekasi,14.0,17.575771
6,2026-08-20 09:00:00+00:00,tt_bogor,34.0,34.689293
6,2026-08-20 09:00:00+00:00,tt_bsd,28.0,29.219479
6,2026-08-20 09:00:00+00:00,tt_cawang,30.0,28.436491
6,2026-08-20 09:00:00+00:00,tt_depok,26.0,28.391777
6,2026-08-20 09:00:00+00:00,tt_gatsu,32.0,41.836163
6,2026-08-20 09:00:00+00:00,tt_grogol,31.0,31.168999
6,2026-08-20 09:00:00+00:00,tt_kebonjeruk,21.0,26.884806
6,2026-08-20 09:00:00+00:00,tt_kelapagading,21.0,29.559874
6,2026-08-20 09:00:00+00:00,tt_kuningan,13.0,18.138168
6,2026-08-20 09:00:00+00:00,tt_sudirman,23.0,33.557106
6,2026-08-20 09:00:00+00:00,tt_tangerang,34.0,40.59385
6,2026-08-20 09:00:00+00:00,tt_tbsimatupang,47.0,50.94626
6,2026-08-20 09:00:00+00:00,tt_thamrin,18.0,19.624393
6,2026-08-20 11:00:00+00:00,tt_bekasi,18.0,16.959864
6,2026-08-20 11:00:00+00:00,tt_bogor,35.0,35.400455
6,2026-08-20 11:00:00+00:00,tt_bsd,34.0,30.272
6,2026-08-20 11:00:00+00:00,tt_cawang,33.0,28.419882
6,2026-08-20 11:00:00+00:00,tt_depok,26.0,27.536232
6,2026-08-20 11:00:00+00:00,tt_gatsu,7.0,44.64009
6,2026-08-20 11:00:00+00:00,tt_grogol,29.0,28.950542
6,2026-08-20 11:00:00+00:00,tt_kebonjeruk,18.0,26.066742
6,2026-08-20 11:00:00+00:00,tt_kelapagading,21.0,29.111204
6,2026-08-20 11:00:00+00:00,tt_kuningan,15.999999,19.196129
6,2026-08-20 11:00:00+00:00,tt_sudirman,12.0,33.904972
6,2026-08-20 11:00:00+00:00,tt_tangerang,35.0,42.051037
6,2026-08-20 11:00:00+00:00,tt_tbsimatupang,24.0,54.255234
6,2026-08-20 11:00:00+00:00,tt_thamrin,10.0,18.202847
6,2026-08-20 12:00:00+00:00,tt_bekasi,14.0,16.9533
6,2026-08-20 12:00:00+00:00,tt_bogor,37.0,36.272736
6,2026-08-20 12:00:00+00:00,tt_bsd,34.0,30.42657
6,2026-08-20 12:00:00+00:00,tt_cawang,43.0,30.433563
6,2026-08-20 12:00:00+00:00,tt_depok,24.0,28.167904
6,2026-08-20 12:00:00+00:00,tt_gatsu,10.0,44.52437
6,2026-08-20 12:00:00+00:00,tt_grogol,32.0,29.824432
6,2026-08-20 12:00:00+00:00,tt_kebonjeruk,23.0,25.729137
6,2026-08-20 12:00:00+00:00,tt_kelapagading,21.0,28.887966
6,2026-08-20 12:00:00+00:00,tt_kuningan,13.0,17.902605
6,2026-08-20 12:00:00+00:00,tt_sudirman,22.0,32.828423
6,2026-08-20 12:00:00+00:00,tt_tangerang,48.0,41.813526
6,2026-08-20 12:00:00+00:00,tt_tbsimatupang,40.0,54.01412
6,2026-08-20 12:00:00+00:00,tt_thamrin,9.0,17.895866
6,2026-08-20 14:00:00+00:00,tt_bekasi,18.0,17.731718
6,2026-08-20 14:00:00+00:00,tt_bogor,38.0,36.620396
6,2026-08-20 14:00:00+00:00,tt_bsd,27.0,30.889368
6,2026-08-20 14:00:00+00:00,tt_cawang,32.0,27.532097
6,2026-08-20 14:00:00+00:00,tt_depok,31.0,27.596704
6,2026-08-20 14:00:00+00:00,tt_gatsu,45.0,42.775986
6,2026-08-20 14:00:00+00:00,tt_grogol,40.0,30.72841
6,2026-08-20 14:00:00+00:00,tt_kebonjeruk,28.0,24.343033
6,2026-08-20 14:00:00+00:00,tt_kelapagading,29.0,29.180159
6,2026-08-20 14:00:00+00:00,tt_kuningan,15.999999,20.228287
6,2026-08-20 14:00:00+00:00,tt_sudirman,39.0,31.948805
6,2026-08-20 14:00:00+00:00,tt_tangerang,48.0,41.053734
6,2026-08-20 14:00:00+00:00,tt_tbsimatupang,59.0,54.538387
6,2026-08-20 14:00:00+00:00,tt_thamrin,13.0,17.969746
6,2026-08-20 16:00:00+00:00,tt_bekasi,15.0,18.519833
6,2026-08-20 16:00:00+00:00,tt_bogor,45.0,35.911366
6,2026-08-20 16:00:00+00:00,tt_bsd,34.0,29.044487
6,2026-08-20 16:00:00+00:00,tt_cawang,43.0,29.307426
6,2026-08-20 16:00:00+00:00,tt_depok,31.0,27.649948
6,2026-08-20 16:00:00+00:00,tt_gatsu,45.0,46.442955
6,2026-08-20 16:00:00+00:00,tt_grogol,40.0,32.54512
6,2026-08-20 16:00:00+00:00,tt_kebonjeruk,35.0,23.571913
6,2026-08-20 16:00:00+00:00,tt_kelapagading,29.0,30.000273
6,2026-08-20 16:00:00+00:00,tt_kuningan,21.0,19.413433
6,2026-08-20 16:00:00+00:00,tt_sudirman,39.0,32.551212
6,2026-08-20 16:00:00+00:00,tt_tangerang,48.0,40.81637
6,2026-08-20 16:00:00+00:00,tt_tbsimatupang,72.0,53.036304
6,2026-08-20 16:00:00+00:00,tt_thamrin,22.0,20.436874
6,2026-08-20 17:00:00+00:00,tt_bekasi,18.0,19.479828
6,2026-08-20 17:00:00+00:00,tt_bogor,45.0,36.131
6,2026-08-20 17:00:00+00:00,tt_bsd,34.0,31.062841
6,2026-08-20 17:00:00+00:00,tt_cawang,43.0,32.495335
6,2026-08-20 17:00:00+00:00,tt_depok,31.0,27.218945
6,2026-08-20 17:00:00+00:00,tt_gatsu,45.0,45.44459
6,2026-08-20 17:00:00+00:00,tt_grogol,40.0,32.53617
6,2026-08-20 17:00:00+00:00,tt_kebonjeruk,35.0,22.63697
6,2026-08-20 17:00:00+00:00,tt_kelapagading,29.0,29.544167
6,2026-08-20 17:00:00+00:00,tt_kuningan,21.0,19.851437
6,2026-08-20 17:00:00+00:00,tt_sudirman,39.0,28.715322
6,2026-08-20 17:00:00+00:00,tt_tangerang,48.0,40.610302
6,2026-08-20 17:00:00+00:00,tt_tbsimatupang,72.0,50.81832
6,2026-08-20 17:00:00+00:00,tt_thamrin,22.0,19.169853
6,2026-08-20 19:00:00+00:00,tt_bekasi,18.0,19.109219
6,2026-08-20 19:00:00+00:00,tt_bogor,45.0,35.889572
6,2026-08-20 19:00:00+00:00,tt_bsd,34.0,32.25147
6,2026-08-20 19:00:00+00:00,tt_cawang,43.0,42.28453
6,2026-08-20 19:00:00+00:00,tt_depok,31.0,25.985638
6,2026-08-20 19:00:00+00:00,tt_gatsu,45.0,42.809498
6,2026-08-20 19:00:00+00:00,tt_grogol,40.0,34.861893
6,2026-08-20 19:00:00+00:00,tt_kebonjeruk,35.0,24.400883
6,2026-08-20 19:00:00+00:00,tt_kelapagading,29.0,28.240458
6,2026-08-20 19:00:00+00:00,tt_kuningan,21.0,19.810139
6,2026-08-20 19:00:00+00:00,tt_sudirman,39.0,28.087872
6,2026-08-20 19:00:00+00:00,tt_tangerang,48.0,43.753815
6,2026-08-20 19:00:00+00:00,tt_tbsimatupang,72.0,46.911842
6,2026-08-20 19:00:00+00:00,tt_thamrin,22.0,19.444191
6,2026-08-20 21:00:00+00:00,tt_bekasi,18.0,21.704954
6,2026-08-20 21:00:00+00:00,tt_bogor,45.0,34.3258
6,2026-08-20 21:00:00+00:00,tt_bsd,34.0,30.27925
6,2026-08-20 21:00:00+00:00,tt_cawang,43.0,42.17365
6,2026-08-20 21:00:00+00:00,tt_depok,31.0,29.235352
6,2026-08-20 21:00:00+00:00,tt_gatsu,45.0,48.640526
6,2026-08-20 21:00:00+00:00,tt_grogol,40.0,37.763546
6,2026-08-20 21:00:00+00:00,tt_kebonjeruk,35.0,27.422775
6,2026-08-20 21:00:00+00:00,tt_kelapagading,29.0,31.931576
6,2026-08-20 21:00:00+00:00,tt_kuningan,21.0,20.87228
6,2026-08-20 21:00:00+00:00,tt_sudirman,39.0,38.44967
6,2026-08-20 21:00:00+00:00,tt_tangerang,48.0,43.59491
6,2026-08-20 21:00:00+00:00,tt_tbsimatupang,72.0,52.03569
6,2026-08-20 21:00:00+00:00,tt_thamrin,22.0,21.379414
6,2026-08-20 22:00:00+00:00,tt_bekasi,18.0,21.069494
6,2026-08-20 22:00:00+00:00,tt_bogor,45.0,34.754795
6,2026-08-20 22:00:00+00:00,tt_bsd,34.0,31.64504
6,2026-08-20 22:00:00+00:00,tt_cawang,43.0,42.14945
6,2026-08-20 22:00:00+00:00,tt_depok,31.0,29.987663
6,2026-08-20 22:00:00+00:00,tt_gatsu,45.0,46.81619
6,2026-08-20 22:00:00+00:00,tt_grogol,40.0,37.870476
6,2026-08-20 22:00:00+00:00,tt_kebonjeruk,35.0,29.75646
6,2026-08-20 22:00:00+00:00,tt_kelapagading,29.0,32.08987
6,2026-08-20 22:00:00+00:00,tt_kuningan,21.0,22.966888
6,2026-08-20 22:00:00+00:00,tt_sudirman,39.0,39.144554
6,2026-08-20 22:00:00+00:00,tt_tangerang,48.0,42.706596
6,2026-08-20 22:00:00+00:00,tt_tbsimatupang,72.0,53.609905
6,2026-08-20 22:00:00+00:00,tt_thamrin,22.0,24.1297
6,2026-08-21 00:00:00+00:00,tt_bekasi,18.0,21.48366
6,2026-08-21 00:00:00+00:00,tt_bogor,35.0,34.298557
6,2026-08-21 00:00:00+00:00,tt_bsd,29.0,31.653362
6,2026-08-21 00:00:00+00:00,tt_cawang,18.0,41.38805
6,2026-08-21 00:00:00+00:00,tt_depok,25.0,30.002567
6,2026-08-21 00:00:00+00:00,tt_gatsu,45.0,42.42838
6,2026-08-21 00:00:00+00:00,tt_grogol,34.0,36.952385
6,2026-08-21 00:00:00+00:00,tt_kebonjeruk,25.0,30.994438
6,2026-08-21 00:00:00+00:00,tt_kelapagading,26.0,31.793228
6,2026-08-21 00:00:00+00:00,tt_kuningan,21.0,22.69148
6,2026-08-21 00:00:00+00:00,tt_sudirman,31.0,38.804653
6,2026-08-21 00:00:00+00:00,tt_tangerang,37.0,41.208607
6,2026-08-21 00:00:00+00:00,tt_tbsimatupang,32.0,53.045406
6,2026-08-21 00:00:00+00:00,tt_thamrin,22.0,24.441284
6,2026-08-21 02:00:00+00:00,tt_bekasi,17.0,20.508041
6,2026-08-21 02:00:00+00:00,tt_bogor,37.0,33.496532
6,2026-08-21 02:00:00+00:00,tt_bsd,28.0,31.045845
6,2026-08-21 02:00:00+00:00,tt_cawang,19.0,39.63309
6,2026-08-21 02:00:00+00:00,tt_depok,26.0,29.775597
6,2026-08-21 02:00:00+00:00,tt_gatsu,45.0,40.86898
6,2026-08-21 02:00:00+00:00,tt_grogol,31.0,35.83055
6,2026-08-21 02:00:00+00:00,tt_kebonjeruk,26.0,31.131325
6,2026-08-21 02:00:00+00:00,tt_kelapagading,29.0,31.165693
6,2026-08-21 02:00:00+00:00,tt_kuningan,21.0,22.11549
6,2026-08-21 02:00:00+00:00,tt_sudirman,23.0,38.039803
6,2026-08-21 02:00:00+00:00,tt_tangerang,37.0,40.401592
6,2026-08-21 02:00:00+00:00,tt_tbsimatupang,37.0,50.991516
6,2026-08-21 02:00:00+00:00,tt_thamrin,22.0,23.520016
6,2026-08-21 03:00:00+00:00,tt_bekasi,15.0,20.210423
6,2026-08-21 03:00:00+00:00,tt_bogor,38.0,33.19714
6,2026-08-21 03:00:00+00:00,tt_bsd,34.0,30.735518
6,2026-08-21 03:00:00+00:00,tt_cawang,21.0,38.750263
6,2026-08-21 03:00:00+00:00,tt_depok,31.0,29.646875
6,2026-08-21 03:00:00+00:00,tt_gatsu,45.0,40.036663
6,2026-08-21 03:00:00+00:00,tt_grogol,27.0,35.332596
6,2026-08-21 03:00:00+00:00,tt_kebonjeruk,24.0,31.131367
6,2026-08-21 03:00:00+00:00,tt_kelapagading,23.0,31.091526
6,2026-08-21 03:00:00+00:00,tt_kuningan,15.999999,21.981785
6,2026-08-21 03:00:00+00:00,tt_sudirman,28.0,37.876644
6,2026-08-21 03:00:00+00:00,tt_tangerang,48.0,40.089634
6,2026-08-21 03:00:00+00:00,tt_tbsimatupang,48.0,50.164307
6,2026-08-21 03:00:00+00:00,tt_thamrin,15.999999,23.482765
6,2026-08-21 05:00:00+00:00,tt_bekasi,15.999999,19.376549
6,2026-08-21 05:00:00+00:00,tt_bogor,45.0,32.552795
6,2026-08-21 05:00:00+00:00,tt_bsd,34.0,29.927513
6,2026-08-21 05:00:00+00:00,tt_cawang,43.0,36.939743
6,2026-08-21 05:00:00+00:00,tt_depok,31.0,29.310974
6,2026-08-21 05:00:00+00:00,tt_gatsu,45.0,38.890373
6,2026-08-21 05:00:00+00:00,tt_grogol,32.0,34.450504
6,2026-08-21 05:00:00+00:00,tt_kebonjeruk,27.0,30.912943
6,2026-08-21 05:00:00+00:00,tt_kelapagading,23.0,30.739426
6,2026-08-21 05:00:00+00:00,tt_kuningan,21.0,21.196428
6,2026-08-21 05:00:00+00:00,tt_sudirman,34.0,37.29339
6,2026-08-21 05:00:00+00:00,tt_tangerang,48.0,39.640022
6,2026-08-21 05:00:00+00:00,tt_tbsimatupang,72.0,48.94941
6,2026-08-21 05:00:00+00:00,tt_thamrin,21.0,23.515873
6,2026-08-21 07:00:00+00:00,tt_bekasi,14.0,17.475271
6,2026-08-21 07:00:00+00:00,tt_bogor,35.0,32.72266
6,2026-08-21 07:00:00+00:00,tt_bsd,34.0,27.111813
6,2026-08-21 07:00:00+00:00,tt_cawang,28.0,31.241152
6,2026-08-21 07:00:00+00:00,tt_depok,25.0,25.11549
6,2026-08-21 07:00:00+00:00,tt_gatsu,36.0,39.927902
6,2026-08-21 07:00:00+00:00,tt_grogol,28.0,33.88859
6,2026-08-21 07:00:00+00:00,tt_kebonjeruk,21.0,27.299599
6,2026-08-21 07:00:00+00:00,tt_kelapagading,20.0,28.852549
6,2026-08-21 07:00:00+00:00,tt_kuningan,21.0,18.63242
6,2026-08-21 07:00:00+00:00,tt_sudirman,18.0,35.132042
6,2026-08-21 07:00:00+00:00,tt_tangerang,39.0,38.2284
6,2026-08-21 07:00:00+00:00,tt_tbsimatupang,52.0,48.033188
6,2026-08-21 07:00:00+00:00,tt_thamrin,18.0,22.133963
6,2026-08-21 08:00:00+00:00,tt_bekasi,15.999999,17.341703
6,2026-08-21 08:00:00+00:00,tt_bogor,34.0,33.325176
6,2026-08-21 08:00:00+00:00,tt_bsd,34.0,26.653038
6,2026-08-21 08:00:00+00:00,tt_cawang,31.0,30.73853
6,2026-08-21 08:00:00+00:00,tt_depok,25.0,25.064577
6,2026-08-21 08:00:00+00:00,tt_gatsu,35.0,41.10499
6,2026-08-21 08:00:00+00:00,tt_grogol,29.0,33.104233
6,2026-08-21 08:00:00+00:00,tt_kebonjeruk,24.0,26.915003
6,2026-08-21 08:00:00+00:00,tt_kelapagading,21.0,30.062044
6,2026-08-21 08:00:00+00:00,tt_kuningan,17.0,18.504509
6,2026-08-21 08:00:00+00:00,tt_sudirman,24.0,32.929295
6,2026-08-21 08:00:00+00:00,tt_tangerang,40.0,38.00874
6,2026-08-21 08:00:00+00:00,tt_tbsimatupang,38.0,47.661575
6,2026-08-21 08:00:00+00:00,tt_thamrin,10.0,22.084377
6,2026-08-21 10:00:00+00:00,tt_bekasi,15.0,16.639038
6,2026-08-21 10:00:00+00:00,tt_bogor,32.0,34.435555
6,2026-08-21 10:00:00+00:00,tt_bsd,34.0,29.691128
6,2026-08-21 10:00:00+00:00,tt_cawang,22.0,30.93973
6,2026-08-21 10:00:00+00:00,tt_depok,24.0,28.468287
6,2026-08-21 10:00:00+00:00,tt_gatsu,34.0,43.44365
6,2026-08-21 10:00:00+00:00,tt_grogol,32.0,31.079042
6,2026-08-21 10:00:00+00:00,tt_kebonjeruk,20.0,26.070248
6,2026-08-21 10:00:00+00:00,tt_kelapagading,19.0,28.50535
6,2026-08-21 10:00:00+00:00,tt_kuningan,13.0,16.666412
6,2026-08-21 10:00:00+00:00,tt_sudirman,22.0,33.21937
6,2026-08-21 10:00:00+00:00,tt_tangerang,29.0,41.384174
6,2026-08-21 10:00:00+00:00,tt_tbsimatupang,27.0,49.894493
6,2026-08-21 10:00:00+00:00,tt_thamrin,19.0,19.74138
6,2026-08-21 12:00:00+00:00,tt_bekasi,13.0,17.40924
6,2026-08-21 12:00:00+00:00,tt_bogor,32.0,35.75756
6,2026-08-21 12:00:00+00:00,tt_bsd,34.0,30.801273
6,2026-08-21 12:00:00+00:00,tt_cawang,34.0,39.057213
6,2026-08-21 12:00:00+00:00,tt_depok,26.0,30.323019
6,2026-08-21 12:00:00+00:00,tt_gatsu,15.0,43.77074
6,2026-08-21 12:00:00+00:00,tt_grogol,32.0,33.19118
6,2026-08-21 12:00:00+00:00,tt_kebonjeruk,19.0,27.43562
6,2026-08-21 12:00:00+00:00,tt_kelapagading,18.0,29.004528
6,2026-08-21 12:00:00+00:00,tt_kuningan,13.0,20.079649
6,2026-08-21 12:00:00+00:00,tt_sudirman,18.0,36.801067
6,2026-08-21 12:00:00+00:00,tt_tangerang,32.0,42.47803
6,2026-08-21 12:00:00+00:00,tt_tbsimatupang,27.0,54.612545
6,2026-08-21 12:00:00+00:00,tt_thamrin,9.0,22.00922
6,2026-08-21 13:00:00+00:00,tt_bekasi,18.0,16.63901
6,2026-08-21 13:00:00+00:00,tt_bogor,45.0,35.056183
6,2026-08-21 13:00:00+00:00,tt_bsd,34.0,30.371626
6,2026-08-21 13:00:00+00:00,tt_cawang,32.0,37.515537
6,2026-08-21 13:00:00+00:00,tt_depok,25.0,27.985497
6,2026-08-21 13:00:00+00:00,tt_gatsu,45.0,43.592422
6,2026-08-21 13:00:00+00:00,tt_grogol,40.0,31.737844
6,2026-08-21 13:00:00+00:00,tt_kebonjeruk,25.0,25.315733
6,2026-08-21 13:00:00+00:00,tt_kelapagading,21.0,27.877075
6,2026-08-21 13:00:00+00:00,tt_kuningan,21.0,19.340473
6,2026-08-21 13:00:00+00:00,tt_sudirman,31.0,34.155014
6,2026-08-21 13:00:00+00:00,tt_tangerang,48.0,42.044434
6,2026-08-21 13:00:00+00:00,tt_tbsimatupang,72.0,53.262104
6,2026-08-21 13:00:00+00:00,tt_thamrin,15.999999,21.137033
