horizon,target_time,corridor,y_true,Naive,Historical Average,GRU,Fixed ST-GNN
1,2026-08-18 02:00:00+00:00,tt_bekasi,16.0,16.0,17.692307692307693,18.191147,23.254616
1,2026-08-18 02:00:00+00:00,tt_bogor,36.0,34.0,36.46153846153846,35.227276,29.56937
1,2026-08-18 02:00:00+00:00,tt_bsd,34.0,34.0,32.30769230769231,32.403484,31.145674
1,2026-08-18 02:00:00+00:00,tt_cawang,21.0,19.0,21.0,19.871758,27.356167
1,2026-08-18 02:00:00+00:00,tt_depok,31.0,27.0,29.23076923076923,28.346186,29.56937
1,2026-08-18 02:00:00+00:00,tt_gatsu,33.0,45.0,40.76923076923077,42.225285,26.564625
1,2026-08-18 02:00:00+00:00,tt_grogol,26.0,24.0,31.076923076923077,31.874634,27.86231
1,2026-08-18 02:00:00+00:00,tt_kebonjeruk,26.0,27.0,25.307692307692307,25.452492,27.392704
1,2026-08-18 02:00:00+00:00,tt_kelapagading,29.0,29.0,26.846153846153847,25.060555,21.943184
1,2026-08-18 02:00:00+00:00,tt_kuningan,21.0,21.0,18.23076923076923,19.72948,27.516632
1,2026-08-18 02:00:00+00:00,tt_sudirman,23.0,33.0,25.384615384615383,28.931683,29.81454
1,2026-08-18 02:00:00+00:00,tt_tangerang,48.0,38.0,43.84615384615385,39.444397,31.645563
1,2026-08-18 02:00:00+00:00,tt_tbsimatupang,16.0,31.0,29.923076923076923,34.023712,30.592403
1,2026-08-18 02:00:00+00:00,tt_thamrin,17.0,19.0,17.846153846153847,19.017975,17.638144
1,2026-08-18 04:00:00+00:00,tt_bekasi,15.0,16.0,17.666666666666668,19.831345,16.9506
1,2026-08-18 04:00:00+00:00,tt_bogor,33.0,36.0,39.25,34.48768,32.35117
1,2026-08-18 04:00:00+00:00,tt_bsd,28.0,34.0,32.833333333333336,31.305595,33.812057
1,2026-08-18 04:00:00+00:00,tt_cawang,22.0,21.0,20.25,19.758026,28.728151
1,2026-08-18 04:00:00+00:00,tt_depok,31.0,31.0,26.916666666666668,28.928137,32.35117
1,2026-08-18 04:00:00+00:00,tt_gatsu,32.0,33.0,45.0,38.289867,27.322018
1,2026-08-18 04:00:00+00:00,tt_grogol,27.0,26.0,31.5,28.126917,31.11291
1,2026-08-18 04:00:00+00:00,tt_kebonjeruk,25.0,26.0,25.166666666666668,23.332735,31.318562
1,2026-08-18 04:00:00+00:00,tt_kelapagading,29.0,29.0,22.5,23.590189,22.27773
1,2026-08-18 04:00:00+00:00,tt_kuningan,16.0,21.0,19.166666666666668,18.600954,28.267916
1,2026-08-18 04:00:00+00:00,tt_sudirman,24.0,23.0,31.666666666666668,24.30839,25.654043
1,2026-08-18 04:00:00+00:00,tt_tangerang,36.0,48.0,38.166666666666664,38.701996,38.441017
1,2026-08-18 04:00:00+00:00,tt_tbsimatupang,55.0,16.0,38.5,32.197773,31.903341
1,2026-08-18 04:00:00+00:00,tt_thamrin,18.0,17.0,19.166666666666668,17.140404,20.798672
1,2026-08-18 05:00:00+00:00,tt_bekasi,15.0,15.0,18.0,18.252151,18.556
1,2026-08-18 05:00:00+00:00,tt_bogor,38.0,33.0,39.6,34.42258,36.173412
1,2026-08-18 05:00:00+00:00,tt_bsd,28.0,28.0,32.4,33.22481,36.094154
1,2026-08-18 05:00:00+00:00,tt_cawang,28.0,22.0,23.3,24.780567,29.41158
1,2026-08-18 05:00:00+00:00,tt_depok,26.0,31.0,28.2,28.52653,36.173412
1,2026-08-18 05:00:00+00:00,tt_gatsu,45.0,32.0,45.0,38.932163,29.069212
1,2026-08-18 05:00:00+00:00,tt_grogol,36.0,27.0,32.0,30.555819,29.532917
1,2026-08-18 05:00:00+00:00,tt_kebonjeruk,22.0,25.0,25.2,25.061764,29.361689
1,2026-08-18 05:00:00+00:00,tt_kelapagading,22.0,29.0,21.4,23.575455,22.246033
1,2026-08-18 05:00:00+00:00,tt_kuningan,21.0,16.0,18.2,18.886696,30.081604
1,2026-08-18 05:00:00+00:00,tt_sudirman,31.0,24.0,28.4,26.287447,25.60009
1,2026-08-18 05:00:00+00:00,tt_tangerang,41.0,36.0,39.6,40.564274,35.267746
1,2026-08-18 05:00:00+00:00,tt_tbsimatupang,51.0,55.0,45.0,41.503777,33.120995
1,2026-08-18 05:00:00+00:00,tt_thamrin,20.0,18.0,18.9,17.198387,18.462498
1,2026-08-18 07:00:00+00:00,tt_bekasi,15.0,15.0,17.75,18.225603,22.279835
1,2026-08-18 07:00:00+00:00,tt_bogor,34.0,38.0,36.083333333333336,34.81775,33.92527
1,2026-08-18 07:00:00+00:00,tt_bsd,30.0,28.0,31.75,32.977924,35.392204
1,2026-08-18 07:00:00+00:00,tt_cawang,43.0,28.0,28.666666666666668,27.448864,29.22907
1,2026-08-18 07:00:00+00:00,tt_depok,31.0,26.0,26.5,27.519367,33.92527
1,2026-08-18 07:00:00+00:00,tt_gatsu,45.0,45.0,34.5,37.575706,30.04704
1,2026-08-18 07:00:00+00:00,tt_grogol,32.0,36.0,31.666666666666668,32.61755,32.013756
1,2026-08-18 07:00:00+00:00,tt_kebonjeruk,25.0,22.0,22.416666666666668,24.877838,31.635378
1,2026-08-18 07:00:00+00:00,tt_kelapagading,22.0,22.0,21.166666666666668,23.376936,22.135393
1,2026-08-18 07:00:00+00:00,tt_kuningan,15.0,21.0,18.666666666666668,18.161055,32.8418
1,2026-08-18 07:00:00+00:00,tt_sudirman,28.0,31.0,24.583333333333332,28.280188,26.915274
1,2026-08-18 07:00:00+00:00,tt_tangerang,38.0,41.0,43.666666666666664,41.753723,36.113853
1,2026-08-18 07:00:00+00:00,tt_tbsimatupang,57.0,51.0,56.416666666666664,47.50586,35.508972
1,2026-08-18 07:00:00+00:00,tt_thamrin,22.0,20.0,17.0,16.0169,20.921413
1,2026-08-18 09:00:00+00:00,tt_bekasi,14.0,15.0,15.692307692307692,17.901014,23.90147
1,2026-08-18 09:00:00+00:00,tt_bogor,35.0,34.0,33.84615384615385,35.898506,34.825638
1,2026-08-18 09:00:00+00:00,tt_bsd,28.0,30.0,32.69230769230769,32.686966,36.474068
1,2026-08-18 09:00:00+00:00,tt_cawang,29.0,43.0,30.923076923076923,35.020638,31.275826
1,2026-08-18 09:00:00+00:00,tt_depok,24.0,31.0,23.846153846153847,27.570175,34.825638
1,2026-08-18 09:00:00+00:00,tt_gatsu,45.0,45.0,36.0,36.22897,32.708996
1,2026-08-18 09:00:00+00:00,tt_grogol,32.0,32.0,32.15384615384615,35.015556,31.799397
1,2026-08-18 09:00:00+00:00,tt_kebonjeruk,23.0,25.0,22.692307692307693,26.96812,31.899902
1,2026-08-18 09:00:00+00:00,tt_kelapagading,23.0,22.0,21.692307692307693,24.92269,23.263428
1,2026-08-18 09:00:00+00:00,tt_kuningan,21.0,15.0,18.46153846153846,18.6725,35.812874
1,2026-08-18 09:00:00+00:00,tt_sudirman,31.0,28.0,24.0,30.25205,25.405224
1,2026-08-18 09:00:00+00:00,tt_tangerang,38.0,38.0,40.53846153846154,41.870842,35.81746
1,2026-08-18 09:00:00+00:00,tt_tbsimatupang,43.0,57.0,40.46153846153846,53.93864,37.631092
1,2026-08-18 09:00:00+00:00,tt_thamrin,22.0,22.0,17.615384615384617,16.27826,21.318693
1,2026-08-18 10:00:00+00:00,tt_bekasi,14.0,14.0,15.3,19.068419,21.152855
1,2026-08-18 10:00:00+00:00,tt_bogor,35.0,35.0,31.5,35.64901,33.05784
1,2026-08-18 10:00:00+00:00,tt_bsd,34.0,28.0,32.0,33.088474,34.522415
1,2026-08-18 10:00:00+00:00,tt_cawang,30.0,29.0,29.9,33.31346,29.014585
1,2026-08-18 10:00:00+00:00,tt_depok,25.0,24.0,23.6,25.9919,33.05784
1,2026-08-18 10:00:00+00:00,tt_gatsu,4.0,45.0,23.1,34.446857,29.547422
1,2026-08-18 10:00:00+00:00,tt_grogol,31.0,32.0,32.1,34.939075,32.80036
1,2026-08-18 10:00:00+00:00,tt_kebonjeruk,21.0,23.0,21.4,25.50002,32.563606
1,2026-08-18 10:00:00+00:00,tt_kelapagading,21.0,23.0,20.9,24.217196,22.055277
1,2026-08-18 10:00:00+00:00,tt_kuningan,14.0,21.0,15.3,17.425554,33.50017
1,2026-08-18 10:00:00+00:00,tt_sudirman,23.0,31.0,19.4,29.310349,25.336618
1,2026-08-18 10:00:00+00:00,tt_tangerang,34.0,38.0,36.3,39.916836,35.29089
1,2026-08-18 10:00:00+00:00,tt_tbsimatupang,44.0,43.0,34.0,51.449474,35.525475
1,2026-08-18 10:00:00+00:00,tt_thamrin,22.0,22.0,15.5,16.55335,23.141808
1,2026-08-18 12:00:00+00:00,tt_bekasi,14.0,14.0,14.857142857142858,16.325846,20.46764
1,2026-08-18 12:00:00+00:00,tt_bogor,35.0,35.0,34.0,36.265953,37.934624
1,2026-08-18 12:00:00+00:00,tt_bsd,34.0,34.0,32.642857142857146,34.07956,32.03611
1,2026-08-18 12:00:00+00:00,tt_cawang,34.0,30.0,34.142857142857146,37.09045,19.874844
1,2026-08-18 12:00:00+00:00,tt_depok,26.0,25.0,23.857142857142858,24.29292,37.934624
1,2026-08-18 12:00:00+00:00,tt_gatsu,45.0,4.0,24.785714285714285,31.342476,19.423607
1,2026-08-18 12:00:00+00:00,tt_grogol,32.0,31.0,33.07142857142857,34.935413,22.969593
1,2026-08-18 12:00:00+00:00,tt_kebonjeruk,25.0,21.0,23.571428571428573,23.455032,23.197979
1,2026-08-18 12:00:00+00:00,tt_kelapagading,22.0,21.0,20.714285714285715,22.603243,22.570173
1,2026-08-18 12:00:00+00:00,tt_kuningan,13.0,14.0,13.785714285714286,16.619362,22.493853
1,2026-08-18 12:00:00+00:00,tt_sudirman,29.0,23.0,23.714285714285715,26.699959,20.696339
1,2026-08-18 12:00:00+00:00,tt_tangerang,48.0,34.0,43.57142857142857,40.51349,33.667248
1,2026-08-18 12:00:00+00:00,tt_tbsimatupang,72.0,44.0,58.92857142857143,52.988247,33.41505
1,2026-08-18 12:00:00+00:00,tt_thamrin,17.0,22.0,12.785714285714286,18.353966,21.653255
1,2026-08-18 14:00:00+00:00,tt_bekasi,16.0,14.0,17.23076923076923,15.394811,25.488808
1,2026-08-18 14:00:00+00:00,tt_bogor,45.0,35.0,39.30769230769231,39.863922,38.288315
1,2026-08-18 14:00:00+00:00,tt_bsd,34.0,34.0,33.23076923076923,33.587067,42.18853
1,2026-08-18 14:00:00+00:00,tt_cawang,32.0,34.0,39.53846153846154,41.46673,28.225338
1,2026-08-18 14:00:00+00:00,tt_depok,26.0,26.0,27.0,28.022299,38.288315
1,2026-08-18 14:00:00+00:00,tt_gatsu,45.0,45.0,45.0,40.008842,36.435608
1,2026-08-18 14:00:00+00:00,tt_grogol,40.0,32.0,38.30769230769231,38.372837,27.087704
1,2026-08-18 14:00:00+00:00,tt_kebonjeruk,31.0,25.0,28.692307692307693,30.693438,27.908035
1,2026-08-18 14:00:00+00:00,tt_kelapagading,29.0,22.0,25.615384615384617,26.51702,22.548195
1,2026-08-18 14:00:00+00:00,tt_kuningan,16.0,13.0,18.23076923076923,18.943586,40.710587
1,2026-08-18 14:00:00+00:00,tt_sudirman,30.0,29.0,31.153846153846153,32.20915,24.538954
1,2026-08-18 14:00:00+00:00,tt_tangerang,48.0,48.0,48.0,47.414387,42.32036
1,2026-08-18 14:00:00+00:00,tt_tbsimatupang,72.0,72.0,68.23076923076923,70.761116,39.74847
1,2026-08-18 14:00:00+00:00,tt_thamrin,22.0,17.0,17.846153846153847,17.695787,22.55614
1,2026-08-18 15:00:00+00:00,tt_bekasi,16.0,16.0,18.0,15.763427,24.807323
1,2026-08-18 15:00:00+00:00,tt_bogor,45.0,45.0,43.416666666666664,40.952133,38.38903
1,2026-08-18 15:00:00+00:00,tt_bsd,34.0,34.0,34.0,33.549404,42.60785
1,2026-08-18 15:00:00+00:00,tt_cawang,43.0,32.0,39.75,41.867767,33.69797
1,2026-08-18 15:00:00+00:00,tt_depok,31.0,26.0,30.5,28.889345,38.38903
1,2026-08-18 15:00:00+00:00,tt_gatsu,45.0,45.0,45.0,41.996143,38.441544
1,2026-08-18 15:00:00+00:00,tt_grogol,40.0,40.0,40.0,39.506493,34.438145
1,2026-08-18 15:00:00+00:00,tt_kebonjeruk,35.0,31.0,34.166666666666664,32.769653,34.7738
1,2026-08-18 15:00:00+00:00,tt_kelapagading,29.0,29.0,28.333333333333332,27.476185,23.99721
1,2026-08-18 15:00:00+00:00,tt_kuningan,21.0,16.0,19.666666666666668,19.564943,41.54592
1,2026-08-18 15:00:00+00:00,tt_sudirman,39.0,30.0,35.833333333333336,34.522343,26.118687
1,2026-08-18 15:00:00+00:00,tt_tangerang,48.0,48.0,46.333333333333336,48.661007,44.19654
1,2026-08-18 15:00:00+00:00,tt_tbsimatupang,72.0,72.0,72.0,74.94012,41.353954
1,2026-08-18 15:00:00+00:00,tt_thamrin,22.0,22.0,18.583333333333332,18.86373,25.562803
1,2026-08-18 17:00:00+00:00,tt_bekasi,17.0,16.0,18.0,18.212664,26.974648
1,2026-08-18 17:00:00+00:00,tt_bogor,45.0,45.0,44.27272727272727,44.030293,40.772987
1,2026-08-18 17:00:00+00:00,tt_bsd,34.0,34.0,33.63636363636363,33.900917,41.95132
1,2026-08-18 17:00:00+00:00,tt_cawang,43.0,43.0,43.0,43.004448,40.612953
1,2026-08-18 17:00:00+00:00,tt_depok,31.0,31.0,31.0,30.491686,40.772987
1,2026-08-18 17:00:00+00:00,tt_gatsu,45.0,45.0,45.0,44.026978,42.561836
1,2026-08-18 17:00:00+00:00,tt_grogol,40.0,40.0,39.45454545454545,40.637314,41.746243
1,2026-08-18 17:00:00+00:00,tt_kebonjeruk,35.0,35.0,35.0,36.103844,42.166393
1,2026-08-18 17:00:00+00:00,tt_kelapagading,29.0,29.0,29.0,29.14288,24.750498
1,2026-08-18 17:00:00+00:00,tt_kuningan,21.0,21.0,21.0,20.708557,44.88891
1,2026-08-18 17:00:00+00:00,tt_sudirman,39.0,39.0,38.0,38.212643,33.78906
1,2026-08-18 17:00:00+00:00,tt_tangerang,48.0,48.0,48.0,49.154816,44.434937
1,2026-08-18 17:00:00+00:00,tt_tbsimatupang,72.0,72.0,72.0,76.77125,44.28547
1,2026-08-18 17:00:00+00:00,tt_thamrin,22.0,22.0,22.0,21.738745,26.069973
1,2026-08-18 19:00:00+00:00,tt_bekasi,17.0,17.0,18.0,19.2263,24.946758
1,2026-08-18 19:00:00+00:00,tt_bogor,45.0,45.0,44.72727272727273,45.077667,38.7742
1,2026-08-18 19:00:00+00:00,tt_bsd,34.0,34.0,34.0,33.91865,39.44659
1,2026-08-18 19:00:00+00:00,tt_cawang,43.0,43.0,43.0,41.922565,39.09523
1,2026-08-18 19:00:00+00:00,tt_depok,31.0,31.0,31.0,31.97076,38.7742
1,2026-08-18 19:00:00+00:00,tt_gatsu,45.0,45.0,45.0,45.615204,39.788097
1,2026-08-18 19:00:00+00:00,tt_grogol,40.0,40.0,40.0,39.799995,41.88379
1,2026-08-18 19:00:00+00:00,tt_kebonjeruk,35.0,35.0,35.0,35.610497,41.861576
1,2026-08-18 19:00:00+00:00,tt_kelapagading,29.0,29.0,29.0,29.275623,24.539886
1,2026-08-18 19:00:00+00:00,tt_kuningan,21.0,21.0,21.0,21.111473,43.056923
1,2026-08-18 19:00:00+00:00,tt_sudirman,39.0,39.0,38.0,38.75928,33.41087
1,2026-08-18 19:00:00+00:00,tt_tangerang,48.0,48.0,48.0,48.076973,43.630447
1,2026-08-18 19:00:00+00:00,tt_tbsimatupang,72.0,72.0,72.0,72.06529,43.074104
1,2026-08-18 19:00:00+00:00,tt_thamrin,22.0,22.0,22.0,21.74231,24.67007
1,2026-08-18 20:00:00+00:00,tt_bekasi,17.0,17.0,18.0,19.09683,24.354586
1,2026-08-18 20:00:00+00:00,tt_bogor,45.0,45.0,45.0,44.652607,38.550694
1,2026-08-18 20:00:00+00:00,tt_bsd,34.0,34.0,34.0,33.936,38.805
1,2026-08-18 20:00:00+00:00,tt_cawang,43.0,43.0,43.0,40.706566,37.580784
1,2026-08-18 20:00:00+00:00,tt_depok,31.0,31.0,31.0,31.86755,38.550694
1,2026-08-18 20:00:00+00:00,tt_gatsu,45.0,45.0,45.0,46.03719,37.39456
1,2026-08-18 20:00:00+00:00,tt_grogol,40.0,40.0,40.0,39.505768,40.992146
1,2026-08-18 20:00:00+00:00,tt_kebonjeruk,35.0,35.0,35.0,34.905678,41.005238
1,2026-08-18 20:00:00+00:00,tt_kelapagading,29.0,29.0,29.0,29.311205,24.616879
1,2026-08-18 20:00:00+00:00,tt_kuningan,21.0,21.0,21.0,21.06493,41.7796
1,2026-08-18 20:00:00+00:00,tt_sudirman,39.0,39.0,38.0,38.51684,33.306965
1,2026-08-18 20:00:00+00:00,tt_tangerang,48.0,48.0,48.0,47.733166,42.38485
1,2026-08-18 20:00:00+00:00,tt_tbsimatupang,72.0,72.0,72.0,69.13968,43.10187
1,2026-08-18 20:00:00+00:00,tt_thamrin,22.0,22.0,22.0,21.694244,24.035257
1,2026-08-18 22:00:00+00:00,tt_bekasi,17.0,17.0,18.0,17.448824,22.633987
1,2026-08-18 22:00:00+00:00,tt_bogor,45.0,45.0,45.0,42.90977,37.573437
1,2026-08-18 22:00:00+00:00,tt_bsd,34.0,34.0,33.6,33.655033,37.230484
1,2026-08-18 22:00:00+00:00,tt_cawang,43.0,43.0,40.9,36.572586,34.37361
1,2026-08-18 22:00:00+00:00,tt_depok,31.0,31.0,31.0,31.21406,37.573437
1,2026-08-18 22:00:00+00:00,tt_gatsu,45.0,45.0,45.0,47.00268,33.43177
1,2026-08-18 22:00:00+00:00,tt_grogol,40.0,40.0,40.0,39.002865,37.875317
1,2026-08-18 22:00:00+00:00,tt_kebonjeruk,35.0,35.0,35.0,32.69629,38.021866
1,2026-08-18 22:00:00+00:00,tt_kelapagading,29.0,29.0,29.0,29.130402,24.16047
1,2026-08-18 22:00:00+00:00,tt_kuningan,21.0,21.0,21.0,21.629421,34.958458
1,2026-08-18 22:00:00+00:00,tt_sudirman,39.0,39.0,38.0,37.69725,32.62585
1,2026-08-18 22:00:00+00:00,tt_tangerang,48.0,48.0,48.0,47.194252,37.014893
1,2026-08-18 22:00:00+00:00,tt_tbsimatupang,72.0,72.0,72.0,61.85272,39.561436
1,2026-08-18 22:00:00+00:00,tt_thamrin,22.0,22.0,22.0,21.846474,21.632767
1,2026-08-19 00:00:00+00:00,tt_bekasi,15.0,17.0,18.0,16.053116,28.771875
1,2026-08-19 00:00:00+00:00,tt_bogor,35.0,45.0,36.2,41.984077,37.19077
1,2026-08-19 00:00:00+00:00,tt_bsd,29.0,34.0,31.5,33.6092,37.098186
1,2026-08-19 00:00:00+00:00,tt_cawang,20.0,43.0,22.6,32.35012,35.29529
1,2026-08-19 00:00:00+00:00,tt_depok,31.0,31.0,30.2,30.352129,37.19077
1,2026-08-19 00:00:00+00:00,tt_gatsu,45.0,45.0,44.2,47.279514,34.387894
1,2026-08-19 00:00:00+00:00,tt_grogol,40.0,40.0,35.9,37.815933,34.67081
1,2026-08-19 00:00:00+00:00,tt_kebonjeruk,27.0,35.0,29.5,30.950584,34.18614
1,2026-08-19 00:00:00+00:00,tt_kelapagading,29.0,29.0,28.3,28.422123,23.48228
1,2026-08-19 00:00:00+00:00,tt_kuningan,21.0,21.0,21.0,22.227226,35.161274
1,2026-08-19 00:00:00+00:00,tt_sudirman,39.0,39.0,31.4,37.453793,35.21264
1,2026-08-19 00:00:00+00:00,tt_tangerang,48.0,48.0,44.3,46.107273,35.82455
1,2026-08-19 00:00:00+00:00,tt_tbsimatupang,39.0,72.0,42.1,57.0839,36.54792
1,2026-08-19 00:00:00+00:00,tt_thamrin,19.0,22.0,20.3,21.896925,19.540096
1,2026-08-19 01:00:00+00:00,tt_bekasi,16.0,15.0,17.818181818181817,17.624897,22.812874
1,2026-08-19 01:00:00+00:00,tt_bogor,37.0,35.0,37.18181818181818,37.350227,31.64125
1,2026-08-19 01:00:00+00:00,tt_bsd,34.0,29.0,31.181818181818183,32.502262,33.1274
1,2026-08-19 01:00:00+00:00,tt_cawang,13.0,20.0,23.818181818181817,21.6408,28.22002
1,2026-08-19 01:00:00+00:00,tt_depok,27.0,31.0,28.363636363636363,28.172894,31.64125
1,2026-08-19 01:00:00+00:00,tt_gatsu,13.0,45.0,42.27272727272727,44.885227,28.370308
1,2026-08-19 01:00:00+00:00,tt_grogol,32.0,40.0,34.36363636363637,34.09127,32.395523
1,2026-08-19 01:00:00+00:00,tt_kebonjeruk,25.0,27.0,29.181818181818183,27.924065,31.84703
1,2026-08-19 01:00:00+00:00,tt_kelapagading,29.0,29.0,28.181818181818183,27.190552,20.728191
1,2026-08-19 01:00:00+00:00,tt_kuningan,21.0,21.0,21.0,21.68392,30.053389
1,2026-08-19 01:00:00+00:00,tt_sudirman,22.0,39.0,26.363636363636363,32.753242,31.497543
1,2026-08-19 01:00:00+00:00,tt_tangerang,39.0,48.0,42.45454545454545,41.737457,34.96633
1,2026-08-19 01:00:00+00:00,tt_tbsimatupang,18.0,39.0,35.45454545454545,38.10242,31.422482
1,2026-08-19 01:00:00+00:00,tt_thamrin,22.0,19.0,18.454545454545453,22.0021,18.30223
1,2026-08-19 03:00:00+00:00,tt_bekasi,16.0,16.0,17.727272727272727,19.695377,13.371763
1,2026-08-19 03:00:00+00:00,tt_bogor,37.0,37.0,37.90909090909091,32.202496,30.23844
1,2026-08-19 03:00:00+00:00,tt_bsd,34.0,34.0,32.0,33.160236,30.617598
1,2026-08-19 03:00:00+00:00,tt_cawang,20.0,13.0,21.818181818181817,20.063704,27.152107
1,2026-08-19 03:00:00+00:00,tt_depok,31.0,27.0,26.545454545454547,28.887556,30.23844
1,2026-08-19 03:00:00+00:00,tt_gatsu,45.0,13.0,43.90909090909091,37.936783,25.970598
1,2026-08-19 03:00:00+00:00,tt_grogol,31.0,32.0,31.272727272727273,26.530605,28.750973
1,2026-08-19 03:00:00+00:00,tt_kebonjeruk,23.0,25.0,25.0,22.590471,29.106674
1,2026-08-19 03:00:00+00:00,tt_kelapagading,29.0,29.0,24.636363636363637,23.539276,22.830036
1,2026-08-19 03:00:00+00:00,tt_kuningan,16.0,21.0,18.545454545454547,18.832222,26.962202
1,2026-08-19 03:00:00+00:00,tt_sudirman,24.0,22.0,32.27272727272727,23.49886,23.959875
1,2026-08-19 03:00:00+00:00,tt_tangerang,40.0,39.0,39.54545454545455,38.480995,33.640034
1,2026-08-19 03:00:00+00:00,tt_tbsimatupang,33.0,18.0,37.45454545454545,30.283443,28.915817
1,2026-08-19 03:00:00+00:00,tt_thamrin,20.0,22.0,18.90909090909091,17.154585,15.3375435
1,2026-08-19 05:00:00+00:00,tt_bekasi,15.0,16.0,18.0,18.50339,21.639793
1,2026-08-19 05:00:00+00:00,tt_bogor,32.0,37.0,39.6,34.272972,33.364193
1,2026-08-19 05:00:00+00:00,tt_bsd,34.0,34.0,32.4,33.593372,35.354187
1,2026-08-19 05:00:00+00:00,tt_cawang,17.0,20.0,23.3,23.513536,28.9687
1,2026-08-19 05:00:00+00:00,tt_depok,31.0,31.0,28.2,28.63279,33.364193
1,2026-08-19 05:00:00+00:00,tt_gatsu,45.0,45.0,45.0,38.72392,27.88718
1,2026-08-19 05:00:00+00:00,tt_grogol,31.0,31.0,32.0,30.391338,30.368078
1,2026-08-19 05:00:00+00:00,tt_kebonjeruk,24.0,23.0,25.2,25.071741,30.451105
1,2026-08-19 05:00:00+00:00,tt_kelapagading,21.0,29.0,21.4,23.614796,22.347595
1,2026-08-19 05:00:00+00:00,tt_kuningan,17.0,16.0,18.2,18.684189,28.994244
1,2026-08-19 05:00:00+00:00,tt_sudirman,27.0,24.0,28.4,25.095024,27.679733
1,2026-08-19 05:00:00+00:00,tt_tangerang,40.0,40.0,39.6,40.449486,35.160477
1,2026-08-19 05:00:00+00:00,tt_tbsimatupang,43.0,33.0,45.0,39.631992,33.162502
1,2026-08-19 05:00:00+00:00,tt_thamrin,17.0,20.0,18.9,17.601585,18.090935
1,2026-08-19 06:00:00+00:00,tt_bekasi,18.0,15.0,17.083333333333332,17.749905,18.703014
1,2026-08-19 06:00:00+00:00,tt_bogor,35.0,32.0,36.166666666666664,33.97071,32.2302
1,2026-08-19 06:00:00+00:00,tt_bsd,34.0,34.0,33.666666666666664,33.087975,36.03118
1,2026-08-19 06:00:00+00:00,tt_cawang,19.0,17.0,21.333333333333332,24.883472,26.683346
1,2026-08-19 06:00:00+00:00,tt_depok,27.0,31.0,26.25,27.562689,32.2302
1,2026-08-19 06:00:00+00:00,tt_gatsu,30.0,45.0,42.5,38.482285,26.70442
1,2026-08-19 06:00:00+00:00,tt_grogol,27.0,31.0,31.333333333333332,31.397686,29.955065
1,2026-08-19 06:00:00+00:00,tt_kebonjeruk,21.0,24.0,24.083333333333332,24.95999,30.258675
1,2026-08-19 06:00:00+00:00,tt_kelapagading,21.0,21.0,20.083333333333332,22.974142,20.152729
1,2026-08-19 06:00:00+00:00,tt_kuningan,21.0,17.0,19.166666666666668,18.01395,27.729856
1,2026-08-19 06:00:00+00:00,tt_sudirman,18.0,27.0,26.75,25.241438,24.967402
1,2026-08-19 06:00:00+00:00,tt_tangerang,38.0,40.0,38.583333333333336,40.800446,35.78311
1,2026-08-19 06:00:00+00:00,tt_tbsimatupang,48.0,43.0,48.833333333333336,41.869823,31.791832
1,2026-08-19 06:00:00+00:00,tt_thamrin,13.0,17.0,18.75,16.830952,18.324594
1,2026-08-19 08:00:00+00:00,tt_bekasi,15.0,18.0,15.923076923076923,17.243027,21.830154
1,2026-08-19 08:00:00+00:00,tt_bogor,34.0,35.0,34.61538461538461,33.35465,32.216846
1,2026-08-19 08:00:00+00:00,tt_bsd,28.0,34.0,32.07692307692308,32.322983,34.878365
1,2026-08-19 08:00:00+00:00,tt_cawang,32.0,19.0,35.15384615384615,29.830944,26.57496
1,2026-08-19 08:00:00+00:00,tt_depok,25.0,27.0,27.384615384615383,25.597406,32.216846
1,2026-08-19 08:00:00+00:00,tt_gatsu,26.0,30.0,30.46153846153846,32.086456,26.450245
1,2026-08-19 08:00:00+00:00,tt_grogol,27.0,27.0,31.384615384615383,31.134104,27.612232
1,2026-08-19 08:00:00+00:00,tt_kebonjeruk,18.0,21.0,21.923076923076923,21.627132,28.3898
1,2026-08-19 08:00:00+00:00,tt_kelapagading,22.0,21.0,20.923076923076923,20.550714,21.05701
1,2026-08-19 08:00:00+00:00,tt_kuningan,21.0,21.0,19.53846153846154,17.24453,26.658245
1,2026-08-19 08:00:00+00:00,tt_sudirman,22.0,18.0,22.846153846153847,23.48736,23.563362
1,2026-08-19 08:00:00+00:00,tt_tangerang,48.0,38.0,37.61538461538461,39.896267,32.765
1,2026-08-19 08:00:00+00:00,tt_tbsimatupang,32.0,48.0,43.0,43.848312,30.583744
1,2026-08-19 08:00:00+00:00,tt_thamrin,8.0,13.0,15.461538461538462,15.625047,19.68856
1,2026-08-19 10:00:00+00:00,tt_bekasi,13.0,15.0,15.3,17.748875,22.923378
1,2026-08-19 10:00:00+00:00,tt_bogor,30.0,34.0,31.5,35.14553,31.790625
1,2026-08-19 10:00:00+00:00,tt_bsd,34.0,28.0,32.0,33.17219,33.526184
1,2026-08-19 10:00:00+00:00,tt_cawang,43.0,32.0,29.9,32.147854,26.186209
1,2026-08-19 10:00:00+00:00,tt_depok,23.0,25.0,23.6,24.539751,31.790625
1,2026-08-19 10:00:00+00:00,tt_gatsu,23.0,26.0,23.1,28.945005,26.37467
1,2026-08-19 10:00:00+00:00,tt_grogol,30.0,27.0,32.1,32.969948,28.977089
1,2026-08-19 10:00:00+00:00,tt_kebonjeruk,19.0,18.0,21.4,20.244137,29.567276
1,2026-08-19 10:00:00+00:00,tt_kelapagading,22.0,22.0,20.9,20.721174,21.132458
1,2026-08-19 10:00:00+00:00,tt_kuningan,16.0,21.0,15.3,16.193518,26.53657
1,2026-08-19 10:00:00+00:00,tt_sudirman,19.0,22.0,19.4,23.056423,23.16393
1,2026-08-19 10:00:00+00:00,tt_tangerang,28.0,48.0,36.3,39.625782,33.93332
1,2026-08-19 10:00:00+00:00,tt_tbsimatupang,34.0,32.0,34.0,46.56616,30.611155
1,2026-08-19 10:00:00+00:00,tt_thamrin,17.0,8.0,15.5,17.695454,20.369246
1,2026-08-19 11:00:00+00:00,tt_bekasi,18.0,13.0,14.692307692307692,16.78989,23.17762
1,2026-08-19 11:00:00+00:00,tt_bogor,33.0,30.0,33.07692307692308,35.91423,34.05681
1,2026-08-19 11:00:00+00:00,tt_bsd,27.0,34.0,32.07692307692308,32.8353,32.109303
1,2026-08-19 11:00:00+00:00,tt_cawang,43.0,43.0,29.23076923076923,34.937206,25.26665
1,2026-08-19 11:00:00+00:00,tt_depok,25.0,23.0,24.846153846153847,23.97496,34.05681
1,2026-08-19 11:00:00+00:00,tt_gatsu,35.0,23.0,16.615384615384617,29.179985,25.924091
1,2026-08-19 11:00:00+00:00,tt_grogol,32.0,30.0,32.69230769230769,34.034206,27.385551
1,2026-08-19 11:00:00+00:00,tt_kebonjeruk,21.0,19.0,21.923076923076923,20.691378,29.01588
1,2026-08-19 11:00:00+00:00,tt_kelapagading,20.0,22.0,20.076923076923077,21.11146,22.660889
1,2026-08-19 11:00:00+00:00,tt_kuningan,16.0,16.0,15.153846153846152,15.989339,27.270996
1,2026-08-19 11:00:00+00:00,tt_sudirman,16.0,19.0,18.53846153846154,24.188946,23.33517
1,2026-08-19 11:00:00+00:00,tt_tangerang,26.0,28.0,38.0,39.59999,32.726337
1,2026-08-19 11:00:00+00:00,tt_tbsimatupang,44.0,34.0,39.92307692307692,49.11998,32.137676
1,2026-08-19 11:00:00+00:00,tt_thamrin,10.0,17.0,13.0,17.709301,21.266857
1,2026-08-19 13:00:00+00:00,tt_bekasi,18.0,18.0,17.2,16.010622,24.800373
1,2026-08-19 13:00:00+00:00,tt_bogor,45.0,33.0,40.9,37.73513,33.365826
1,2026-08-19 13:00:00+00:00,tt_bsd,34.0,27.0,31.6,32.257244,31.768122
1,2026-08-19 13:00:00+00:00,tt_cawang,43.0,43.0,40.6,38.24127,24.003088
1,2026-08-19 13:00:00+00:00,tt_depok,25.0,25.0,25.0,24.786531,33.365826
1,2026-08-19 13:00:00+00:00,tt_gatsu,45.0,35.0,43.3,31.915934,24.884476
1,2026-08-19 13:00:00+00:00,tt_grogol,31.0,32.0,37.9,36.720108,22.278969
1,2026-08-19 13:00:00+00:00,tt_kebonjeruk,27.0,21.0,25.3,22.714674,21.583178
1,2026-08-19 13:00:00+00:00,tt_kelapagading,23.0,20.0,24.2,22.774426,21.875347
1,2026-08-19 13:00:00+00:00,tt_kuningan,13.0,16.0,16.2,16.12195,24.01796
1,2026-08-19 13:00:00+00:00,tt_sudirman,30.0,16.0,30.6,27.037975,22.378963
1,2026-08-19 13:00:00+00:00,tt_tangerang,48.0,26.0,46.2,41.968784,18.822117
1,2026-08-19 13:00:00+00:00,tt_tbsimatupang,72.0,44.0,67.6,56.416203,24.851261
1,2026-08-19 13:00:00+00:00,tt_thamrin,20.0,10.0,15.7,16.871696,20.892788
1,2026-08-19 15:00:00+00:00,tt_bekasi,16.0,18.0,18.0,15.577142,25.99529
1,2026-08-19 15:00:00+00:00,tt_bogor,38.0,45.0,43.416666666666664,40.34362,47.37661
1,2026-08-19 15:00:00+00:00,tt_bsd,34.0,34.0,34.0,32.22342,48.175747
1,2026-08-19 15:00:00+00:00,tt_cawang,32.0,43.0,39.75,42.34134,36.271732
1,2026-08-19 15:00:00+00:00,tt_depok,31.0,25.0,30.5,28.72692,47.37661
1,2026-08-19 15:00:00+00:00,tt_gatsu,45.0,45.0,45.0,40.48385,38.51674
1,2026-08-19 15:00:00+00:00,tt_grogol,40.0,31.0,40.0,40.328346,29.399307
1,2026-08-19 15:00:00+00:00,tt_kebonjeruk,31.0,27.0,34.166666666666664,30.546644,30.674051
1,2026-08-19 15:00:00+00:00,tt_kelapagading,29.0,23.0,28.333333333333332,27.053284,24.369953
1,2026-08-19 15:00:00+00:00,tt_kuningan,21.0,13.0,19.666666666666668,18.150717,40.585033
1,2026-08-19 15:00:00+00:00,tt_sudirman,29.0,30.0,35.833333333333336,33.520477,25.079823
1,2026-08-19 15:00:00+00:00,tt_tangerang,48.0,48.0,46.333333333333336,48.306488,38.964058
1,2026-08-19 15:00:00+00:00,tt_tbsimatupang,72.0,72.0,72.0,74.0528,45.29731
1,2026-08-19 15:00:00+00:00,tt_thamrin,21.0,20.0,18.583333333333332,17.51397,23.175194
1,2026-08-19 16:00:00+00:00,tt_bekasi,18.0,16.0,18.0,16.146801,23.652592
1,2026-08-19 16:00:00+00:00,tt_bogor,45.0,38.0,43.44444444444444,41.19342,46.6451
1,2026-08-19 16:00:00+00:00,tt_bsd,34.0,34.0,34.0,32.28522,47.85286
1,2026-08-19 16:00:00+00:00,tt_cawang,43.0,32.0,42.22222222222222,42.947563,36.2362
1,2026-08-19 16:00:00+00:00,tt_depok,31.0,31.0,31.0,28.637579,46.6451
1,2026-08-19 16:00:00+00:00,tt_gatsu,45.0,45.0,45.0,41.423912,38.230846
1,2026-08-19 16:00:00+00:00,tt_grogol,40.0,40.0,40.0,40.687317,32.565514
1,2026-08-19 16:00:00+00:00,tt_kebonjeruk,35.0,31.0,34.333333333333336,32.88499,33.305653
1,2026-08-19 16:00:00+00:00,tt_kelapagading,29.0,29.0,28.555555555555557,28.387629,23.099876
1,2026-08-19 16:00:00+00:00,tt_kuningan,21.0,21.0,20.11111111111111,19.790398,40.700474
1,2026-08-19 16:00:00+00:00,tt_sudirman,39.0,29.0,37.22222222222222,34.578125,27.478786
1,2026-08-19 16:00:00+00:00,tt_tangerang,48.0,48.0,48.0,48.131607,45.233322
1,2026-08-19 16:00:00+00:00,tt_tbsimatupang,72.0,72.0,72.0,75.66534,46.470657
1,2026-08-19 16:00:00+00:00,tt_thamrin,22.0,21.0,20.0,19.287052,25.75425
1,2026-08-19 18:00:00+00:00,tt_bekasi,18.0,18.0,18.0,18.752827,27.263954
1,2026-08-19 18:00:00+00:00,tt_bogor,45.0,45.0,45.0,44.22661,46.359142
1,2026-08-19 18:00:00+00:00,tt_bsd,34.0,34.0,34.0,33.04517,47.473083
1,2026-08-19 18:00:00+00:00,tt_cawang,43.0,43.0,43.0,43.71843,39.544792
1,2026-08-19 18:00:00+00:00,tt_depok,31.0,31.0,31.0,30.866566,46.359142
1,2026-08-19 18:00:00+00:00,tt_gatsu,45.0,45.0,45.0,44.23592,40.231792
1,2026-08-19 18:00:00+00:00,tt_grogol,40.0,40.0,40.0,40.924797,36.895294
1,2026-08-19 18:00:00+00:00,tt_kebonjeruk,35.0,35.0,35.0,36.218777,36.78623
1,2026-08-19 18:00:00+00:00,tt_kelapagading,29.0,29.0,29.0,29.784678,25.962044
1,2026-08-19 18:00:00+00:00,tt_kuningan,21.0,21.0,20.636363636363637,20.681065,41.788372
1,2026-08-19 18:00:00+00:00,tt_sudirman,39.0,39.0,38.0,38.40859,35.207047
1,2026-08-19 18:00:00+00:00,tt_tangerang,44.0,48.0,48.0,49.08113,45.83927
1,2026-08-19 18:00:00+00:00,tt_tbsimatupang,72.0,72.0,72.0,77.57118,46.079224
1,2026-08-19 18:00:00+00:00,tt_thamrin,22.0,22.0,22.0,21.582039,26.714535
1,2026-08-19 20:00:00+00:00,tt_bekasi,18.0,18.0,18.0,19.681664,24.794779
1,2026-08-19 20:00:00+00:00,tt_bogor,45.0,45.0,45.0,44.82639,43.48379
1,2026-08-19 20:00:00+00:00,tt_bsd,34.0,34.0,34.0,33.566017,47.958054
1,2026-08-19 20:00:00+00:00,tt_cawang,43.0,43.0,43.0,42.305832,37.92549
1,2026-08-19 20:00:00+00:00,tt_depok,31.0,31.0,31.0,32.04992,43.48379
1,2026-08-19 20:00:00+00:00,tt_gatsu,45.0,45.0,45.0,45.440643,38.65089
1,2026-08-19 20:00:00+00:00,tt_grogol,40.0,40.0,40.0,40.085495,34.984066
1,2026-08-19 20:00:00+00:00,tt_kebonjeruk,35.0,35.0,35.0,35.566624,34.688
1,2026-08-19 20:00:00+00:00,tt_kelapagading,29.0,29.0,29.0,29.35201,24.738539
1,2026-08-19 20:00:00+00:00,tt_kuningan,21.0,21.0,21.0,20.883776,39.670837
1,2026-08-19 20:00:00+00:00,tt_sudirman,39.0,39.0,38.0,38.92509,35.280216
1,2026-08-19 20:00:00+00:00,tt_tangerang,48.0,44.0,48.0,47.568848,43.647068
1,2026-08-19 20:00:00+00:00,tt_tbsimatupang,72.0,72.0,72.0,71.71773,43.974445
1,2026-08-19 20:00:00+00:00,tt_thamrin,22.0,22.0,22.0,21.465832,25.463324
1,2026-08-19 21:00:00+00:00,tt_bekasi,18.0,18.0,18.0,19.510815,24.767662
1,2026-08-19 21:00:00+00:00,tt_bogor,45.0,45.0,45.0,44.425053,40.71842
1,2026-08-19 21:00:00+00:00,tt_bsd,34.0,34.0,34.0,33.648647,46.497444
1,2026-08-19 21:00:00+00:00,tt_cawang,43.0,43.0,43.0,40.744312,36.65565
1,2026-08-19 21:00:00+00:00,tt_depok,31.0,31.0,31.0,31.964249,40.71842
1,2026-08-19 21:00:00+00:00,tt_gatsu,45.0,45.0,45.0,45.915234,37.735542
1,2026-08-19 21:00:00+00:00,tt_grogol,40.0,40.0,40.0,39.61234,34.785374
1,2026-08-19 21:00:00+00:00,tt_kebonjeruk,35.0,35.0,35.0,34.79068,34.407734
1,2026-08-19 21:00:00+00:00,tt_kelapagading,29.0,29.0,29.0,29.536259,24.566143
1,2026-08-19 21:00:00+00:00,tt_kuningan,21.0,21.0,21.0,21.09639,38.655514
1,2026-08-19 21:00:00+00:00,tt_sudirman,39.0,39.0,38.0,38.546143,34.849586
1,2026-08-19 21:00:00+00:00,tt_tangerang,48.0,48.0,48.0,47.38258,42.019638
1,2026-08-19 21:00:00+00:00,tt_tbsimatupang,72.0,72.0,72.0,68.38079,42.683807
1,2026-08-19 21:00:00+00:00,tt_thamrin,22.0,22.0,21.8,21.658333,24.79584
1,2026-08-19 23:00:00+00:00,tt_bekasi,17.0,18.0,18.0,17.6877,30.150959
1,2026-08-19 23:00:00+00:00,tt_bogor,35.0,45.0,40.72727272727273,42.78626,36.831722
1,2026-08-19 23:00:00+00:00,tt_bsd,34.0,34.0,34.0,33.44795,40.692226
1,2026-08-19 23:00:00+00:00,tt_cawang,26.0,43.0,27.636363636363637,36.281937,36.831516
1,2026-08-19 23:00:00+00:00,tt_depok,31.0,31.0,30.363636363636363,31.12621,36.831722
1,2026-08-19 23:00:00+00:00,tt_gatsu,45.0,45.0,45.0,46.74145,37.556194
1,2026-08-19 23:00:00+00:00,tt_grogol,35.0,40.0,36.27272727272727,38.90657,33.67779
1,2026-08-19 23:00:00+00:00,tt_kebonjeruk,30.0,35.0,32.09090909090909,32.5165,33.443573
1,2026-08-19 23:00:00+00:00,tt_kelapagading,29.0,29.0,27.181818181818183,29.279886,23.73973
1,2026-08-19 23:00:00+00:00,tt_kuningan,21.0,21.0,21.0,21.943066,37.52137
1,2026-08-19 23:00:00+00:00,tt_sudirman,39.0,39.0,36.54545454545455,37.5776,33.70125
1,2026-08-19 23:00:00+00:00,tt_tangerang,48.0,48.0,47.36363636363637,46.96215,36.74795
1,2026-08-19 23:00:00+00:00,tt_tbsimatupang,72.0,72.0,53.90909090909091,61.19474,37.379
1,2026-08-19 23:00:00+00:00,tt_thamrin,20.0,22.0,20.181818181818183,22.076572,21.8922
1,2026-08-20 01:00:00+00:00,tt_bekasi,18.0,17.0,17.818181818181817,16.185148,20.06152
1,2026-08-20 01:00:00+00:00,tt_bogor,35.0,35.0,37.18181818181818,38.85477,34.37205
1,2026-08-20 01:00:00+00:00,tt_bsd,29.0,34.0,31.181818181818183,33.31371,36.55246
1,2026-08-20 01:00:00+00:00,tt_cawang,14.0,26.0,23.818181818181817,29.54413,32.241318
1,2026-08-20 01:00:00+00:00,tt_depok,31.0,31.0,28.363636363636363,28.934832,34.37205
1,2026-08-20 01:00:00+00:00,tt_gatsu,37.0,45.0,42.27272727272727,46.083557,33.456238
1,2026-08-20 01:00:00+00:00,tt_grogol,30.0,35.0,34.36363636363637,35.88376,32.07182
1,2026-08-20 01:00:00+00:00,tt_kebonjeruk,26.0,30.0,29.181818181818183,29.954397,32.16
1,2026-08-20 01:00:00+00:00,tt_kelapagading,29.0,29.0,28.181818181818183,28.628822,21.702473
1,2026-08-20 01:00:00+00:00,tt_kuningan,21.0,21.0,21.0,22.67598,34.50665
1,2026-08-20 01:00:00+00:00,tt_sudirman,27.0,39.0,26.363636363636363,35.407368,32.916008
1,2026-08-20 01:00:00+00:00,tt_tangerang,36.0,48.0,42.45454545454545,44.465485,34.727898
1,2026-08-20 01:00:00+00:00,tt_tbsimatupang,18.0,72.0,35.45454545454545,50.71333,35.040253
1,2026-08-20 01:00:00+00:00,tt_thamrin,18.0,20.0,18.454545454545453,21.906448,18.148174
1,2026-08-20 02:00:00+00:00,tt_bekasi,18.0,18.0,17.692307692307693,18.299337,19.319523
1,2026-08-20 02:00:00+00:00,tt_bogor,40.0,35.0,36.46153846153846,34.656605,28.241472
1,2026-08-20 02:00:00+00:00,tt_bsd,34.0,29.0,32.30769230769231,31.750463,30.000425
1,2026-08-20 02:00:00+00:00,tt_cawang,18.0,14.0,21.0,19.70422,25.926847
1,2026-08-20 02:00:00+00:00,tt_depok,31.0,31.0,29.23076923076923,27.529337,28.241472
1,2026-08-20 02:00:00+00:00,tt_gatsu,45.0,37.0,40.76923076923077,41.103848,25.58534
1,2026-08-20 02:00:00+00:00,tt_grogol,30.0,30.0,31.076923076923077,29.888342,25.939177
1,2026-08-20 02:00:00+00:00,tt_kebonjeruk,26.0,26.0,25.307692307692307,25.2615,26.099684
1,2026-08-20 02:00:00+00:00,tt_kelapagading,25.0,29.0,26.846153846153847,25.993147,20.686861
1,2026-08-20 02:00:00+00:00,tt_kuningan,21.0,21.0,18.23076923076923,21.32713,27.062265
1,2026-08-20 02:00:00+00:00,tt_sudirman,25.0,27.0,25.384615384615383,27.349562,28.77159
1,2026-08-20 02:00:00+00:00,tt_tangerang,48.0,36.0,43.84615384615385,38.702766,30.785368
1,2026-08-20 02:00:00+00:00,tt_tbsimatupang,21.0,18.0,29.923076923076923,30.144356,28.999302
1,2026-08-20 02:00:00+00:00,tt_thamrin,18.0,18.0,17.846153846153847,20.301329,17.759396
1,2026-08-20 04:00:00+00:00,tt_bekasi,15.0,18.0,17.666666666666668,18.972624,17.658028
1,2026-08-20 04:00:00+00:00,tt_bogor,35.0,40.0,39.25,35.74756,32.52229
1,2026-08-20 04:00:00+00:00,tt_bsd,34.0,34.0,32.833333333333336,31.096054,34.627968
1,2026-08-20 04:00:00+00:00,tt_cawang,20.0,18.0,20.25,19.38163,30.539865
1,2026-08-20 04:00:00+00:00,tt_depok,27.0,31.0,26.916666666666668,28.493975,32.52229
1,2026-08-20 04:00:00+00:00,tt_gatsu,45.0,45.0,45.0,40.477455,29.876694
1,2026-08-20 04:00:00+00:00,tt_grogol,25.0,30.0,31.5,29.990803,31.407549
1,2026-08-20 04:00:00+00:00,tt_kebonjeruk,25.0,26.0,25.166666666666668,23.877535,32.25966
1,2026-08-20 04:00:00+00:00,tt_kelapagading,22.0,25.0,22.5,23.92188,22.478142
1,2026-08-20 04:00:00+00:00,tt_kuningan,21.0,21.0,19.166666666666668,18.586838,30.528112
1,2026-08-20 04:00:00+00:00,tt_sudirman,26.0,25.0,31.666666666666668,25.463139,27.20376
1,2026-08-20 04:00:00+00:00,tt_tangerang,48.0,48.0,38.166666666666664,39.378708,38.59487
1,2026-08-20 04:00:00+00:00,tt_tbsimatupang,45.0,21.0,38.5,33.290596,33.646133
1,2026-08-20 04:00:00+00:00,tt_thamrin,13.0,18.0,19.166666666666668,17.332483,17.77148
1,2026-08-20 06:00:00+00:00,tt_bekasi,15.0,15.0,17.083333333333332,16.234207,19.384478
1,2026-08-20 06:00:00+00:00,tt_bogor,39.0,35.0,36.166666666666664,35.202877,34.13237
1,2026-08-20 06:00:00+00:00,tt_bsd,34.0,34.0,33.666666666666664,31.792713,37.267365
1,2026-08-20 06:00:00+00:00,tt_cawang,28.0,20.0,21.333333333333332,23.665634,28.634792
1,2026-08-20 06:00:00+00:00,tt_depok,29.0,27.0,26.25,26.929998,34.13237
1,2026-08-20 06:00:00+00:00,tt_gatsu,28.0,45.0,42.5,39.676186,28.98067
1,2026-08-20 06:00:00+00:00,tt_grogol,29.0,25.0,31.333333333333332,31.742764,29.392344
1,2026-08-20 06:00:00+00:00,tt_kebonjeruk,25.0,25.0,24.083333333333332,23.62653,30.047405
1,2026-08-20 06:00:00+00:00,tt_kelapagading,20.0,22.0,20.083333333333332,22.100946,20.772663
1,2026-08-20 06:00:00+00:00,tt_kuningan,16.0,21.0,19.166666666666668,16.7723,29.67974
1,2026-08-20 06:00:00+00:00,tt_sudirman,21.0,26.0,26.75,25.407108,25.556133
1,2026-08-20 06:00:00+00:00,tt_tangerang,38.0,48.0,38.583333333333336,41.16061,37.69664
1,2026-08-20 06:00:00+00:00,tt_tbsimatupang,27.0,45.0,48.833333333333336,42.643826,35.97915
1,2026-08-20 06:00:00+00:00,tt_thamrin,12.0,13.0,18.75,15.419177,19.005257
1,2026-08-20 07:00:00+00:00,tt_bekasi,16.0,15.0,17.75,17.422194,19.400877
1,2026-08-20 07:00:00+00:00,tt_bogor,36.0,39.0,36.083333333333336,34.167294,32.76562
1,2026-08-20 07:00:00+00:00,tt_bsd,34.0,34.0,31.75,31.355486,33.171394
1,2026-08-20 07:00:00+00:00,tt_cawang,21.0,28.0,28.666666666666668,24.126404,25.653984
1,2026-08-20 07:00:00+00:00,tt_depok,26.0,29.0,26.5,25.24375,32.76562
1,2026-08-20 07:00:00+00:00,tt_gatsu,20.0,28.0,34.5,34.273624,24.694386
1,2026-08-20 07:00:00+00:00,tt_grogol,29.0,29.0,31.666666666666668,29.684433,28.491947
1,2026-08-20 07:00:00+00:00,tt_kebonjeruk,22.0,25.0,22.416666666666668,21.118322,29.130093
1,2026-08-20 07:00:00+00:00,tt_kelapagading,20.0,20.0,21.166666666666668,20.257822,20.917421
1,2026-08-20 07:00:00+00:00,tt_kuningan,21.0,16.0,18.666666666666668,15.9709015,25.362658
1,2026-08-20 07:00:00+00:00,tt_sudirman,20.0,21.0,24.583333333333332,23.059505,24.031094
1,2026-08-20 07:00:00+00:00,tt_tangerang,37.0,38.0,43.666666666666664,38.71574,36.12297
1,2026-08-20 07:00:00+00:00,tt_tbsimatupang,49.0,27.0,56.416666666666664,37.466675,32.71972
1,2026-08-20 07:00:00+00:00,tt_thamrin,12.0,12.0,17.0,15.191688,19.342396
1,2026-08-20 09:00:00+00:00,tt_bekasi,14.0,16.0,15.692307692307692,15.931891,21.702602
1,2026-08-20 09:00:00+00:00,tt_bogor,34.0,36.0,33.84615384615385,34.313286,34.042397
1,2026-08-20 09:00:00+00:00,tt_bsd,28.0,34.0,32.69230769230769,32.11308,35.566216
1,2026-08-20 09:00:00+00:00,tt_cawang,30.0,21.0,30.923076923076923,31.29421,26.933632
1,2026-08-20 09:00:00+00:00,tt_depok,26.0,26.0,23.846153846153847,24.75891,34.042397
1,2026-08-20 09:00:00+00:00,tt_gatsu,32.0,20.0,36.0,30.842897,27.234678
1,2026-08-20 09:00:00+00:00,tt_grogol,31.0,29.0,32.15384615384615,31.699995,29.167324
1,2026-08-20 09:00:00+00:00,tt_kebonjeruk,21.0,22.0,22.692307692307693,21.096401,30.073425
1,2026-08-20 09:00:00+00:00,tt_kelapagading,21.0,20.0,21.692307692307693,19.95937,20.534485
1,2026-08-20 09:00:00+00:00,tt_kuningan,13.0,21.0,18.46153846153846,16.37083,27.384254
1,2026-08-20 09:00:00+00:00,tt_sudirman,23.0,20.0,24.0,23.068867,23.205204
1,2026-08-20 09:00:00+00:00,tt_tangerang,34.0,37.0,40.53846153846154,40.32266,33.64514
1,2026-08-20 09:00:00+00:00,tt_tbsimatupang,47.0,49.0,40.46153846153846,45.967693,32.767544
1,2026-08-20 09:00:00+00:00,tt_thamrin,18.0,12.0,17.615384615384617,15.548451,20.801651
1,2026-08-20 11:00:00+00:00,tt_bekasi,18.0,14.0,14.692307692307692,16.539816,22.841362
1,2026-08-20 11:00:00+00:00,tt_bogor,35.0,34.0,33.07692307692308,35.727802,38.161587
1,2026-08-20 11:00:00+00:00,tt_bsd,34.0,28.0,32.07692307692308,32.670418,34.16074
1,2026-08-20 11:00:00+00:00,tt_cawang,33.0,30.0,29.23076923076923,34.79378,26.103619
1,2026-08-20 11:00:00+00:00,tt_depok,26.0,26.0,24.846153846153847,25.404394,38.161587
1,2026-08-20 11:00:00+00:00,tt_gatsu,7.0,32.0,16.615384615384617,31.803213,26.800886
1,2026-08-20 11:00:00+00:00,tt_grogol,29.0,31.0,32.69230769230769,34.372875,29.294813
1,2026-08-20 11:00:00+00:00,tt_kebonjeruk,18.0,21.0,21.923076923076923,22.459288,30.117386
1,2026-08-20 11:00:00+00:00,tt_kelapagading,21.0,21.0,20.076923076923077,21.6265,21.976387
1,2026-08-20 11:00:00+00:00,tt_kuningan,16.0,13.0,15.153846153846152,16.178104,28.015984
1,2026-08-20 11:00:00+00:00,tt_sudirman,12.0,23.0,18.53846153846154,26.032097,21.683744
1,2026-08-20 11:00:00+00:00,tt_tangerang,35.0,34.0,38.0,41.422558,31.34431
1,2026-08-20 11:00:00+00:00,tt_tbsimatupang,24.0,47.0,39.92307692307692,53.19659,34.590057
1,2026-08-20 11:00:00+00:00,tt_thamrin,10.0,18.0,13.0,16.157776,21.501207
1,2026-08-20 12:00:00+00:00,tt_bekasi,14.0,18.0,14.857142857142858,16.545362,19.861832
1,2026-08-20 12:00:00+00:00,tt_bogor,37.0,35.0,34.0,35.709114,37.668785
1,2026-08-20 12:00:00+00:00,tt_bsd,34.0,34.0,32.642857142857146,33.004993,31.588017
1,2026-08-20 12:00:00+00:00,tt_cawang,43.0,33.0,34.142857142857146,34.807724,21.675053
1,2026-08-20 12:00:00+00:00,tt_depok,24.0,26.0,23.857142857142858,23.219246,37.668785
1,2026-08-20 12:00:00+00:00,tt_gatsu,10.0,7.0,24.785714285714285,28.336208,21.67875
1,2026-08-20 12:00:00+00:00,tt_grogol,32.0,29.0,33.07142857142857,33.613976,25.893435
1,2026-08-20 12:00:00+00:00,tt_kebonjeruk,23.0,18.0,23.571428571428573,19.648962,27.919516
1,2026-08-20 12:00:00+00:00,tt_kelapagading,21.0,21.0,20.714285714285715,20.479067,20.517982
1,2026-08-20 12:00:00+00:00,tt_kuningan,13.0,16.0,13.785714285714286,15.450711,22.084667
1,2026-08-20 12:00:00+00:00,tt_sudirman,22.0,12.0,23.714285714285715,22.592768,17.7625
1,2026-08-20 12:00:00+00:00,tt_tangerang,48.0,35.0,43.57142857142857,39.31363,33.125813
1,2026-08-20 12:00:00+00:00,tt_tbsimatupang,40.0,24.0,58.92857142857143,47.900406,33.9855
1,2026-08-20 12:00:00+00:00,tt_thamrin,9.0,10.0,12.785714285714286,17.343447,19.571053
1,2026-08-20 14:00:00+00:00,tt_bekasi,18.0,14.0,17.23076923076923,15.175181,22.814823
1,2026-08-20 14:00:00+00:00,tt_bogor,38.0,37.0,39.30769230769231,38.750645,37.372326
1,2026-08-20 14:00:00+00:00,tt_bsd,27.0,34.0,33.23076923076923,33.82258,40.16683
1,2026-08-20 14:00:00+00:00,tt_cawang,32.0,43.0,39.53846153846154,38.266396,23.092945
1,2026-08-20 14:00:00+00:00,tt_depok,31.0,24.0,27.0,24.64634,37.372326
1,2026-08-20 14:00:00+00:00,tt_gatsu,45.0,10.0,45.0,31.812555,23.610172
1,2026-08-20 14:00:00+00:00,tt_grogol,40.0,32.0,38.30769230769231,36.402996,24.5005
1,2026-08-20 14:00:00+00:00,tt_kebonjeruk,28.0,23.0,28.692307692307693,22.819683,23.936779
1,2026-08-20 14:00:00+00:00,tt_kelapagading,29.0,21.0,25.615384615384617,22.20896,22.55752
1,2026-08-20 14:00:00+00:00,tt_kuningan,16.0,13.0,18.23076923076923,16.901846,23.931776
1,2026-08-20 14:00:00+00:00,tt_sudirman,39.0,22.0,31.153846153846153,25.34319,22.193848
1,2026-08-20 14:00:00+00:00,tt_tangerang,48.0,48.0,48.0,43.95738,41.487923
1,2026-08-20 14:00:00+00:00,tt_tbsimatupang,59.0,40.0,68.23076923076923,58.045277,28.50308
1,2026-08-20 14:00:00+00:00,tt_thamrin,13.0,9.0,17.846153846153847,18.211123,21.855198
1,2026-08-20 16:00:00+00:00,tt_bekasi,15.0,18.0,18.0,18.302177,26.200405
1,2026-08-20 16:00:00+00:00,tt_bogor,45.0,38.0,43.44444444444444,40.514797,41.71002
1,2026-08-20 16:00:00+00:00,tt_bsd,34.0,27.0,34.0,33.19078,42.65764
1,2026-08-20 16:00:00+00:00,tt_cawang,43.0,32.0,42.22222222222222,39.06375,34.596016
1,2026-08-20 16:00:00+00:00,tt_depok,31.0,31.0,31.0,30.286554,41.71002
1,2026-08-20 16:00:00+00:00,tt_gatsu,45.0,45.0,45.0,40.85111,34.121243
1,2026-08-20 16:00:00+00:00,tt_grogol,40.0,40.0,40.0,38.06152,34.74944
1,2026-08-20 16:00:00+00:00,tt_kebonjeruk,35.0,28.0,34.333333333333336,31.81817,30.153795
1,2026-08-20 16:00:00+00:00,tt_kelapagading,29.0,29.0,28.555555555555557,27.68355,24.023642
1,2026-08-20 16:00:00+00:00,tt_kuningan,21.0,16.0,20.11111111111111,21.064432,33.12665
1,2026-08-20 16:00:00+00:00,tt_sudirman,39.0,39.0,37.22222222222222,33.9423,25.998386
1,2026-08-20 16:00:00+00:00,tt_tangerang,48.0,48.0,48.0,47.690697,43.6529
1,2026-08-20 16:00:00+00:00,tt_tbsimatupang,72.0,59.0,72.0,71.60299,42.44743
1,2026-08-20 16:00:00+00:00,tt_thamrin,22.0,13.0,20.0,19.833878,24.703112
1,2026-08-20 17:00:00+00:00,tt_bekasi,18.0,15.0,18.0,18.18088,26.775864
1,2026-08-20 17:00:00+00:00,tt_bogor,45.0,45.0,44.27272727272727,42.881313,44.89031
1,2026-08-20 17:00:00+00:00,tt_bsd,34.0,34.0,33.63636363636363,32.900436,44.157654
1,2026-08-20 17:00:00+00:00,tt_cawang,43.0,43.0,43.0,41.82087,38.42968
1,2026-08-20 17:00:00+00:00,tt_depok,31.0,31.0,31.0,31.103886,44.89031
1,2026-08-20 17:00:00+00:00,tt_gatsu,45.0,45.0,45.0,43.55143,37.632374
1,2026-08-20 17:00:00+00:00,tt_grogol,40.0,40.0,39.45454545454545,39.828926,38.288483
1,2026-08-20 17:00:00+00:00,tt_kebonjeruk,35.0,35.0,35.0,35.406124,36.61144
1,2026-08-20 17:00:00+00:00,tt_kelapagading,29.0,29.0,29.0,28.669952,25.37175
1,2026-08-20 17:00:00+00:00,tt_kuningan,21.0,21.0,21.0,21.185886,39.318523
1,2026-08-20 17:00:00+00:00,tt_sudirman,39.0,39.0,38.0,37.241837,33.501102
1,2026-08-20 17:00:00+00:00,tt_tangerang,48.0,48.0,48.0,49.62229,44.45134
1,2026-08-20 17:00:00+00:00,tt_tbsimatupang,72.0,72.0,72.0,77.52721,46.074734
1,2026-08-20 17:00:00+00:00,tt_thamrin,22.0,22.0,22.0,21.208654,27.328873
1,2026-08-20 19:00:00+00:00,tt_bekasi,18.0,18.0,18.0,19.39259,27.26376
1,2026-08-20 19:00:00+00:00,tt_bogor,45.0,45.0,44.72727272727273,44.86841,45.022385
1,2026-08-20 19:00:00+00:00,tt_bsd,34.0,34.0,34.0,33.223125,45.095535
1,2026-08-20 19:00:00+00:00,tt_cawang,43.0,43.0,43.0,42.786747,38.2754
1,2026-08-20 19:00:00+00:00,tt_depok,31.0,31.0,31.0,32.065193,45.022385
1,2026-08-20 19:00:00+00:00,tt_gatsu,45.0,45.0,45.0,45.19313,37.62386
1,2026-08-20 19:00:00+00:00,tt_grogol,40.0,40.0,40.0,40.264343,38.937958
1,2026-08-20 19:00:00+00:00,tt_kebonjeruk,35.0,35.0,35.0,36.39886,39.103203
1,2026-08-20 19:00:00+00:00,tt_kelapagading,29.0,29.0,29.0,29.52782,25.377672
1,2026-08-20 19:00:00+00:00,tt_kuningan,21.0,21.0,21.0,20.927105,38.972034
1,2026-08-20 19:00:00+00:00,tt_sudirman,39.0,39.0,38.0,38.702145,34.172306
1,2026-08-20 19:00:00+00:00,tt_tangerang,48.0,48.0,48.0,48.543674,43.83311
1,2026-08-20 19:00:00+00:00,tt_tbsimatupang,72.0,72.0,72.0,75.2007,46.261044
1,2026-08-20 19:00:00+00:00,tt_thamrin,22.0,22.0,22.0,21.737394,26.083767
1,2026-08-20 21:00:00+00:00,tt_bekasi,18.0,18.0,18.0,19.445015,24.0523
1,2026-08-20 21:00:00+00:00,tt_bogor,45.0,45.0,45.0,44.671318,43.144283
1,2026-08-20 21:00:00+00:00,tt_bsd,34.0,34.0,34.0,33.611816,43.91057
1,2026-08-20 21:00:00+00:00,tt_cawang,43.0,43.0,43.0,40.610718,35.711777
1,2026-08-20 21:00:00+00:00,tt_depok,31.0,31.0,31.0,32.155174,43.144283
1,2026-08-20 21:00:00+00:00,tt_gatsu,45.0,45.0,45.0,46.21204,35.354725
1,2026-08-20 21:00:00+00:00,tt_grogol,40.0,40.0,40.0,39.525234,37.48
1,2026-08-20 21:00:00+00:00,tt_kebonjeruk,35.0,35.0,35.0,34.935753,38.227577
1,2026-08-20 21:00:00+00:00,tt_kelapagading,29.0,29.0,29.0,29.43751,24.930784
1,2026-08-20 21:00:00+00:00,tt_kuningan,21.0,21.0,21.0,21.06896,36.502728
1,2026-08-20 21:00:00+00:00,tt_sudirman,39.0,39.0,38.0,38.6132,33.639603
1,2026-08-20 21:00:00+00:00,tt_tangerang,48.0,48.0,48.0,47.39957,41.150627
1,2026-08-20 21:00:00+00:00,tt_tbsimatupang,72.0,72.0,72.0,68.84723,44.740482
1,2026-08-20 21:00:00+00:00,tt_thamrin,22.0,22.0,21.8,21.482677,24.921446
1,2026-08-20 22:00:00+00:00,tt_bekasi,18.0,18.0,18.0,18.722017,22.339493
1,2026-08-20 22:00:00+00:00,tt_bogor,45.0,45.0,45.0,43.661987,41.34968
1,2026-08-20 22:00:00+00:00,tt_bsd,34.0,34.0,33.6,33.6593,41.488556
1,2026-08-20 22:00:00+00:00,tt_cawang,43.0,43.0,40.9,38.92132,34.202282
1,2026-08-20 22:00:00+00:00,tt_depok,31.0,31.0,31.0,31.598957,41.34968
1,2026-08-20 22:00:00+00:00,tt_gatsu,45.0,45.0,45.0,46.532898,34.041866
1,2026-08-20 22:00:00+00:00,tt_grogol,40.0,40.0,40.0,39.364056,36.373283
1,2026-08-20 22:00:00+00:00,tt_kebonjeruk,35.0,35.0,35.0,33.82888,37.372433
1,2026-08-20 22:00:00+00:00,tt_kelapagading,29.0,29.0,29.0,29.281393,24.673607
1,2026-08-20 22:00:00+00:00,tt_kuningan,21.0,21.0,21.0,21.126997,34.827133
1,2026-08-20 22:00:00+00:00,tt_sudirman,39.0,39.0,38.0,38.29636,33.22447
1,2026-08-20 22:00:00+00:00,tt_tangerang,48.0,48.0,48.0,47.000626,38.75505
1,2026-08-20 22:00:00+00:00,tt_tbsimatupang,72.0,72.0,72.0,65.15018,43.163734
1,2026-08-20 22:00:00+00:00,tt_thamrin,22.0,22.0,22.0,21.585358,23.831114
1,2026-08-21 00:00:00+00:00,tt_bekasi,18.0,18.0,18.0,16.403772,20.02441
1,2026-08-21 00:00:00+00:00,tt_bogor,35.0,45.0,36.2,42.38298,37.08931
1,2026-08-21 00:00:00+00:00,tt_bsd,29.0,34.0,31.5,33.595127,37.10019
1,2026-08-21 00:00:00+00:00,tt_cawang,18.0,43.0,22.6,33.33163,33.843754
1,2026-08-21 00:00:00+00:00,tt_depok,25.0,31.0,30.2,30.603827,37.08931
1,2026-08-21 00:00:00+00:00,tt_gatsu,45.0,45.0,44.2,47.246243,33.69304
1,2026-08-21 00:00:00+00:00,tt_grogol,34.0,40.0,35.9,38.43661,36.559185
1,2026-08-21 00:00:00+00:00,tt_kebonjeruk,25.0,35.0,29.5,31.348244,37.07044
1,2026-08-21 00:00:00+00:00,tt_kelapagading,26.0,29.0,28.3,28.783901,23.54602
1,2026-08-21 00:00:00+00:00,tt_kuningan,21.0,21.0,21.0,22.218788,34.351597
1,2026-08-21 00:00:00+00:00,tt_sudirman,31.0,39.0,31.4,37.42871,31.85955
1,2026-08-21 00:00:00+00:00,tt_tangerang,37.0,48.0,44.3,46.492588,34.957207
1,2026-08-21 00:00:00+00:00,tt_tbsimatupang,32.0,72.0,42.1,58.010956,40.041557
1,2026-08-21 00:00:00+00:00,tt_thamrin,22.0,22.0,20.3,22.312338,20.429897
1,2026-08-21 02:00:00+00:00,tt_bekasi,17.0,18.0,17.692307692307693,17.561773,18.435501
1,2026-08-21 02:00:00+00:00,tt_bogor,37.0,35.0,36.46153846153846,35.84847,29.51067
1,2026-08-21 02:00:00+00:00,tt_bsd,28.0,29.0,32.30769230769231,31.985443,30.31628
1,2026-08-21 02:00:00+00:00,tt_cawang,19.0,18.0,21.0,19.460941,27.257643
1,2026-08-21 02:00:00+00:00,tt_depok,26.0,25.0,29.23076923076923,27.236979,29.51067
1,2026-08-21 02:00:00+00:00,tt_gatsu,45.0,45.0,40.76923076923077,42.217693,27.251953
1,2026-08-21 02:00:00+00:00,tt_grogol,31.0,34.0,31.076923076923077,31.674725,27.888687
1,2026-08-21 02:00:00+00:00,tt_kebonjeruk,26.0,25.0,25.307692307692307,24.958735,27.360186
1,2026-08-21 02:00:00+00:00,tt_kelapagading,29.0,26.0,26.846153846153847,24.770515,21.285099
1,2026-08-21 02:00:00+00:00,tt_kuningan,21.0,21.0,18.23076923076923,19.89936,28.222012
1,2026-08-21 02:00:00+00:00,tt_sudirman,23.0,31.0,25.384615384615383,28.496597,30.624586
1,2026-08-21 02:00:00+00:00,tt_tangerang,37.0,37.0,43.84615384615385,38.835827,30.3128
1,2026-08-21 02:00:00+00:00,tt_tbsimatupang,37.0,32.0,29.923076923076923,32.585953,29.23788
1,2026-08-21 02:00:00+00:00,tt_thamrin,22.0,22.0,17.846153846153847,19.124237,19.801922
1,2026-08-21 03:00:00+00:00,tt_bekasi,15.0,17.0,17.727272727272727,17.69628,19.061224
1,2026-08-21 03:00:00+00:00,tt_bogor,38.0,37.0,37.90909090909091,35.734463,32.663483
1,2026-08-21 03:00:00+00:00,tt_bsd,34.0,28.0,32.0,32.49857,33.266685
1,2026-08-21 03:00:00+00:00,tt_cawang,21.0,19.0,21.818181818181817,19.855444,30.67114
1,2026-08-21 03:00:00+00:00,tt_depok,31.0,26.0,26.545454545454547,27.776995,32.663483
1,2026-08-21 03:00:00+00:00,tt_gatsu,45.0,45.0,43.90909090909091,41.643154,30.18029
1,2026-08-21 03:00:00+00:00,tt_grogol,27.0,31.0,31.272727272727273,31.423092,29.313261
1,2026-08-21 03:00:00+00:00,tt_kebonjeruk,24.0,26.0,25.0,24.094973,29.043652
1,2026-08-21 03:00:00+00:00,tt_kelapagading,23.0,29.0,24.636363636363637,23.53452,22.903797
1,2026-08-21 03:00:00+00:00,tt_kuningan,16.0,21.0,18.545454545454547,18.695133,31.180058
1,2026-08-21 03:00:00+00:00,tt_sudirman,28.0,23.0,32.27272727272727,27.757057,28.631409
1,2026-08-21 03:00:00+00:00,tt_tangerang,48.0,37.0,39.54545454545455,39.1044,31.789057
1,2026-08-21 03:00:00+00:00,tt_tbsimatupang,48.0,37.0,37.45454545454545,35.203857,32.601402
1,2026-08-21 03:00:00+00:00,tt_thamrin,16.0,22.0,18.90909090909091,17.58031,19.68349
1,2026-08-21 05:00:00+00:00,tt_bekasi,16.0,15.0,18.0,16.3199,17.754238
1,2026-08-21 05:00:00+00:00,tt_bogor,45.0,38.0,39.6,35.71134,36.134285
1,2026-08-21 05:00:00+00:00,tt_bsd,34.0,34.0,32.4,32.476192,37.098904
1,2026-08-21 05:00:00+00:00,tt_cawang,43.0,21.0,23.3,23.29137,30.710783
1,2026-08-21 05:00:00+00:00,tt_depok,31.0,31.0,28.2,27.428865,36.134285
1,2026-08-21 05:00:00+00:00,tt_gatsu,45.0,45.0,45.0,41.121166,30.5215
1,2026-08-21 05:00:00+00:00,tt_grogol,32.0,27.0,32.0,31.895973,31.148167
1,2026-08-21 05:00:00+00:00,tt_kebonjeruk,27.0,24.0,25.2,24.66514,31.778257
1,2026-08-21 05:00:00+00:00,tt_kelapagading,23.0,23.0,21.4,22.843014,21.551502
1,2026-08-21 05:00:00+00:00,tt_kuningan,21.0,16.0,18.2,17.453157,31.7712
1,2026-08-21 05:00:00+00:00,tt_sudirman,34.0,28.0,28.4,27.083977,26.88394
1,2026-08-21 05:00:00+00:00,tt_tangerang,48.0,48.0,39.6,41.723873,38.365112
1,2026-08-21 05:00:00+00:00,tt_tbsimatupang,72.0,48.0,45.0,42.421307,37.002037
1,2026-08-21 05:00:00+00:00,tt_thamrin,21.0,16.0,18.9,15.835832,17.660267
1,2026-08-21 07:00:00+00:00,tt_bekasi,14.0,16.0,17.75,16.64206,23.047491
1,2026-08-21 07:00:00+00:00,tt_bogor,35.0,45.0,36.083333333333336,37.93114,37.304848
1,2026-08-21 07:00:00+00:00,tt_bsd,34.0,34.0,31.75,33.12176,36.3593
1,2026-08-21 07:00:00+00:00,tt_cawang,28.0,43.0,28.666666666666668,32.340534,39.566902
1,2026-08-21 07:00:00+00:00,tt_depok,25.0,31.0,26.5,28.717752,37.304848
1,2026-08-21 07:00:00+00:00,tt_gatsu,36.0,45.0,34.5,40.41311,40.31845
1,2026-08-21 07:00:00+00:00,tt_grogol,28.0,32.0,31.666666666666668,35.05008,36.898003
1,2026-08-21 07:00:00+00:00,tt_kebonjeruk,21.0,27.0,22.416666666666668,28.30711,37.507908
1,2026-08-21 07:00:00+00:00,tt_kelapagading,20.0,23.0,21.166666666666668,24.65655,23.703773
1,2026-08-21 07:00:00+00:00,tt_kuningan,21.0,21.0,18.666666666666668,19.61923,40.317657
1,2026-08-21 07:00:00+00:00,tt_sudirman,18.0,34.0,24.583333333333332,32.505215,30.023973
1,2026-08-21 07:00:00+00:00,tt_tangerang,39.0,48.0,43.666666666666664,45.209633,40.21019
1,2026-08-21 07:00:00+00:00,tt_tbsimatupang,52.0,72.0,56.416666666666664,57.59749,39.19853
1,2026-08-21 07:00:00+00:00,tt_thamrin,18.0,21.0,17.0,16.351439,21.571537
1,2026-08-21 08:00:00+00:00,tt_bekasi,16.0,14.0,15.923076923076923,17.474749,19.331976
1,2026-08-21 08:00:00+00:00,tt_bogor,34.0,35.0,34.61538461538461,35.72117,32.77458
1,2026-08-21 08:00:00+00:00,tt_bsd,34.0,34.0,32.07692307692308,32.55122,32.414497
1,2026-08-21 08:00:00+00:00,tt_cawang,31.0,28.0,35.15384615384615,31.674856,33.75013
1,2026-08-21 08:00:00+00:00,tt_depok,25.0,25.0,27.384615384615383,25.688545,32.77458
1,2026-08-21 08:00:00+00:00,tt_gatsu,35.0,36.0,30.46153846153846,34.45994,35.23885
1,2026-08-21 08:00:00+00:00,tt_grogol,29.0,28.0,31.384615384615383,32.583614,32.66485
1,2026-08-21 08:00:00+00:00,tt_kebonjeruk,24.0,21.0,21.923076923076923,24.267334,33.657413
1,2026-08-21 08:00:00+00:00,tt_kelapagading,21.0,20.0,20.923076923076923,22.135132,18.750607
1,2026-08-21 08:00:00+00:00,tt_kuningan,17.0,21.0,19.53846153846154,17.65092,35.84511
1,2026-08-21 08:00:00+00:00,tt_sudirman,24.0,18.0,22.846153846153847,28.004658,24.597298
1,2026-08-21 08:00:00+00:00,tt_tangerang,40.0,39.0,37.61538461538461,41.39286,37.40038
1,2026-08-21 08:00:00+00:00,tt_tbsimatupang,38.0,52.0,43.0,48.398415,35.189003
1,2026-08-21 08:00:00+00:00,tt_thamrin,10.0,18.0,15.461538461538462,15.406285,17.65903
3,2026-08-18 04:00:00+00:00,tt_bekasi,15.0,16.0,17.666666666666668,17.940643,24.651468
3,2026-08-18 04:00:00+00:00,tt_bogor,33.0,34.0,39.25,34.874413,34.035683
3,2026-08-18 04:00:00+00:00,tt_bsd,28.0,34.0,32.833333333333336,31.424238,32.76779
3,2026-08-18 04:00:00+00:00,tt_cawang,22.0,19.0,20.25,20.200747,30.716011
3,2026-08-18 04:00:00+00:00,tt_depok,31.0,27.0,26.916666666666668,27.041712,34.035683
3,2026-08-18 04:00:00+00:00,tt_gatsu,32.0,45.0,45.0,40.028217,29.630018
3,2026-08-18 04:00:00+00:00,tt_grogol,27.0,24.0,31.5,28.567148,30.135462
3,2026-08-18 04:00:00+00:00,tt_kebonjeruk,25.0,27.0,25.166666666666668,23.733143,29.004131
3,2026-08-18 04:00:00+00:00,tt_kelapagading,29.0,29.0,22.5,22.178877,23.414661
3,2026-08-18 04:00:00+00:00,tt_kuningan,16.0,21.0,19.166666666666668,18.01638,30.323015
3,2026-08-18 04:00:00+00:00,tt_sudirman,24.0,33.0,31.666666666666668,27.47357,34.29182
3,2026-08-18 04:00:00+00:00,tt_tangerang,36.0,38.0,38.166666666666664,38.882313,33.38781
3,2026-08-18 04:00:00+00:00,tt_tbsimatupang,55.0,31.0,38.5,33.68158,33.70843
3,2026-08-18 04:00:00+00:00,tt_thamrin,18.0,19.0,19.166666666666668,18.114326,19.202637
3,2026-08-18 05:00:00+00:00,tt_bekasi,15.0,16.0,18.0,18.418705,20.611423
3,2026-08-18 05:00:00+00:00,tt_bogor,38.0,36.0,39.6,35.395233,34.46097
3,2026-08-18 05:00:00+00:00,tt_bsd,28.0,34.0,32.4,32.144104,33.827488
3,2026-08-18 05:00:00+00:00,tt_cawang,28.0,21.0,23.3,21.530233,30.558067
3,2026-08-18 05:00:00+00:00,tt_depok,26.0,31.0,28.2,26.685844,34.46097
3,2026-08-18 05:00:00+00:00,tt_gatsu,45.0,33.0,45.0,37.593456,29.407255
3,2026-08-18 05:00:00+00:00,tt_grogol,36.0,26.0,32.0,28.230022,30.651371
3,2026-08-18 05:00:00+00:00,tt_kebonjeruk,22.0,26.0,25.2,23.554245,30.265747
3,2026-08-18 05:00:00+00:00,tt_kelapagading,22.0,29.0,21.4,21.98005,23.131943
3,2026-08-18 05:00:00+00:00,tt_kuningan,21.0,21.0,18.2,16.72393,30.492262
3,2026-08-18 05:00:00+00:00,tt_sudirman,31.0,23.0,28.4,25.131174,31.931604
3,2026-08-18 05:00:00+00:00,tt_tangerang,41.0,48.0,39.6,38.733593,36.7984
3,2026-08-18 05:00:00+00:00,tt_tbsimatupang,51.0,16.0,45.0,36.70061,33.378212
3,2026-08-18 05:00:00+00:00,tt_thamrin,20.0,17.0,18.9,17.928465,21.501816
3,2026-08-18 07:00:00+00:00,tt_bekasi,15.0,15.0,17.75,16.135695,18.95879
3,2026-08-18 07:00:00+00:00,tt_bogor,34.0,33.0,36.083333333333336,34.579617,34.759785
3,2026-08-18 07:00:00+00:00,tt_bsd,30.0,28.0,31.75,33.78231,35.056374
3,2026-08-18 07:00:00+00:00,tt_cawang,43.0,22.0,28.666666666666668,26.897621,27.694466
3,2026-08-18 07:00:00+00:00,tt_depok,31.0,31.0,26.5,26.811052,34.759785
3,2026-08-18 07:00:00+00:00,tt_gatsu,45.0,32.0,34.5,34.023094,27.396416
3,2026-08-18 07:00:00+00:00,tt_grogol,32.0,27.0,31.666666666666668,32.040413,28.651737
3,2026-08-18 07:00:00+00:00,tt_kebonjeruk,25.0,25.0,22.416666666666668,24.270868,28.744368
3,2026-08-18 07:00:00+00:00,tt_kelapagading,22.0,29.0,21.166666666666668,22.199242,23.68396
3,2026-08-18 07:00:00+00:00,tt_kuningan,15.0,16.0,18.666666666666668,19.55143,28.276146
3,2026-08-18 07:00:00+00:00,tt_sudirman,28.0,24.0,24.583333333333332,23.609663,26.12819
3,2026-08-18 07:00:00+00:00,tt_tangerang,38.0,36.0,43.666666666666664,38.05203,35.093246
3,2026-08-18 07:00:00+00:00,tt_tbsimatupang,57.0,55.0,56.416666666666664,43.370544,31.520964
3,2026-08-18 07:00:00+00:00,tt_thamrin,22.0,18.0,17.0,17.396914,18.891693
3,2026-08-18 09:00:00+00:00,tt_bekasi,14.0,15.0,15.692307692307692,15.024367,22.335583
3,2026-08-18 09:00:00+00:00,tt_bogor,35.0,38.0,33.84615384615385,34.46556,32.52238
3,2026-08-18 09:00:00+00:00,tt_bsd,28.0,28.0,32.69230769230769,33.584293,34.35375
3,2026-08-18 09:00:00+00:00,tt_cawang,29.0,28.0,30.923076923076923,31.854145,27.254587
3,2026-08-18 09:00:00+00:00,tt_depok,24.0,26.0,23.846153846153847,25.939642,32.52238
3,2026-08-18 09:00:00+00:00,tt_gatsu,45.0,45.0,36.0,33.094734,27.757599
3,2026-08-18 09:00:00+00:00,tt_grogol,32.0,36.0,32.15384615384615,34.539036,30.91418
3,2026-08-18 09:00:00+00:00,tt_kebonjeruk,23.0,22.0,22.692307692307693,24.88323,30.777506
3,2026-08-18 09:00:00+00:00,tt_kelapagading,23.0,22.0,21.692307692307693,22.052301,23.34238
3,2026-08-18 09:00:00+00:00,tt_kuningan,21.0,21.0,18.46153846153846,17.863253,29.780748
3,2026-08-18 09:00:00+00:00,tt_sudirman,31.0,31.0,24.0,25.380865,27.07356
3,2026-08-18 09:00:00+00:00,tt_tangerang,38.0,41.0,40.53846153846154,40.29962,36.147892
3,2026-08-18 09:00:00+00:00,tt_tbsimatupang,43.0,51.0,40.46153846153846,49.52347,32.88683
3,2026-08-18 09:00:00+00:00,tt_thamrin,22.0,20.0,17.615384615384617,15.943318,21.076927
3,2026-08-18 10:00:00+00:00,tt_bekasi,14.0,15.0,15.3,15.524142,24.684475
3,2026-08-18 10:00:00+00:00,tt_bogor,35.0,34.0,31.5,35.86047,34.729828
3,2026-08-18 10:00:00+00:00,tt_bsd,34.0,30.0,32.0,34.164856,35.612034
3,2026-08-18 10:00:00+00:00,tt_cawang,30.0,43.0,29.9,34.81567,29.481113
3,2026-08-18 10:00:00+00:00,tt_depok,25.0,31.0,23.6,26.364021,34.729828
3,2026-08-18 10:00:00+00:00,tt_gatsu,4.0,45.0,23.1,33.65524,30.722723
3,2026-08-18 10:00:00+00:00,tt_grogol,31.0,32.0,32.1,35.92591,31.22917
3,2026-08-18 10:00:00+00:00,tt_kebonjeruk,21.0,25.0,21.4,26.573845,31.28172
3,2026-08-18 10:00:00+00:00,tt_kelapagading,21.0,22.0,20.9,23.60814,24.33143
3,2026-08-18 10:00:00+00:00,tt_kuningan,14.0,15.0,15.3,18.346794,32.85734
3,2026-08-18 10:00:00+00:00,tt_sudirman,23.0,28.0,19.4,27.280365,26.920015
3,2026-08-18 10:00:00+00:00,tt_tangerang,34.0,38.0,36.3,41.14338,35.953773
3,2026-08-18 10:00:00+00:00,tt_tbsimatupang,44.0,57.0,34.0,54.39174,35.20598
3,2026-08-18 10:00:00+00:00,tt_thamrin,22.0,22.0,15.5,15.734967,20.952648
3,2026-08-18 12:00:00+00:00,tt_bekasi,14.0,14.0,14.857142857142858,17.63782,21.468534
3,2026-08-18 12:00:00+00:00,tt_bogor,35.0,35.0,34.0,38.33819,34.37109
3,2026-08-18 12:00:00+00:00,tt_bsd,34.0,28.0,32.642857142857146,32.823986,35.315887
3,2026-08-18 12:00:00+00:00,tt_cawang,34.0,29.0,34.142857142857146,37.380848,30.399849
3,2026-08-18 12:00:00+00:00,tt_depok,26.0,24.0,23.857142857142858,26.614433,34.37109
3,2026-08-18 12:00:00+00:00,tt_gatsu,45.0,45.0,24.785714285714285,35.493504,30.607145
3,2026-08-18 12:00:00+00:00,tt_grogol,32.0,32.0,33.07142857142857,35.930546,34.719864
3,2026-08-18 12:00:00+00:00,tt_kebonjeruk,25.0,23.0,23.571428571428573,28.103703,34.453815
3,2026-08-18 12:00:00+00:00,tt_kelapagading,22.0,23.0,20.714285714285715,25.732185,23.236135
3,2026-08-18 12:00:00+00:00,tt_kuningan,13.0,21.0,13.785714285714286,17.67279,33.872562
3,2026-08-18 12:00:00+00:00,tt_sudirman,29.0,31.0,23.714285714285715,30.189425,26.075489
3,2026-08-18 12:00:00+00:00,tt_tangerang,48.0,38.0,43.57142857142857,43.293175,37.05833
3,2026-08-18 12:00:00+00:00,tt_tbsimatupang,72.0,43.0,58.92857142857143,60.131584,36.71397
3,2026-08-18 12:00:00+00:00,tt_thamrin,17.0,22.0,12.785714285714286,16.893808,23.693619
3,2026-08-18 14:00:00+00:00,tt_bekasi,16.0,14.0,17.23076923076923,19.894102,23.595606
3,2026-08-18 14:00:00+00:00,tt_bogor,45.0,35.0,39.30769230769231,40.302666,38.383038
3,2026-08-18 14:00:00+00:00,tt_bsd,34.0,34.0,33.23076923076923,33.87004,31.15171
3,2026-08-18 14:00:00+00:00,tt_cawang,32.0,30.0,39.53846153846154,38.15783,22.557674
3,2026-08-18 14:00:00+00:00,tt_depok,26.0,25.0,27.0,28.451635,38.383038
3,2026-08-18 14:00:00+00:00,tt_gatsu,45.0,4.0,45.0,40.23162,22.65231
3,2026-08-18 14:00:00+00:00,tt_grogol,40.0,31.0,38.30769230769231,35.837406,24.208874
3,2026-08-18 14:00:00+00:00,tt_kebonjeruk,31.0,21.0,28.692307692307693,30.094118,24.065178
3,2026-08-18 14:00:00+00:00,tt_kelapagading,29.0,21.0,25.615384615384617,26.978142,24.038528
3,2026-08-18 14:00:00+00:00,tt_kuningan,16.0,14.0,18.23076923076923,18.951357,27.180033
3,2026-08-18 14:00:00+00:00,tt_sudirman,30.0,23.0,31.153846153846153,30.221025,23.728199
3,2026-08-18 14:00:00+00:00,tt_tangerang,48.0,34.0,48.0,46.295326,35.981457
3,2026-08-18 14:00:00+00:00,tt_tbsimatupang,72.0,44.0,68.23076923076923,65.147224,38.677536
3,2026-08-18 14:00:00+00:00,tt_thamrin,22.0,22.0,17.846153846153847,16.020844,23.388786
3,2026-08-18 15:00:00+00:00,tt_bekasi,16.0,14.0,18.0,17.531141,28.943853
3,2026-08-18 15:00:00+00:00,tt_bogor,45.0,35.0,43.416666666666664,41.959858,39.097683
3,2026-08-18 15:00:00+00:00,tt_bsd,34.0,34.0,34.0,34.750015,40.735504
3,2026-08-18 15:00:00+00:00,tt_cawang,43.0,34.0,39.75,44.457214,31.326414
3,2026-08-18 15:00:00+00:00,tt_depok,31.0,26.0,30.5,29.539282,39.097683
3,2026-08-18 15:00:00+00:00,tt_gatsu,45.0,45.0,45.0,42.103043,37.23997
3,2026-08-18 15:00:00+00:00,tt_grogol,40.0,32.0,40.0,40.057674,28.287525
3,2026-08-18 15:00:00+00:00,tt_kebonjeruk,35.0,25.0,34.166666666666664,32.960686,28.609982
3,2026-08-18 15:00:00+00:00,tt_kelapagading,29.0,22.0,28.333333333333332,27.85331,24.140944
3,2026-08-18 15:00:00+00:00,tt_kuningan,21.0,13.0,19.666666666666668,20.844896,40.383087
3,2026-08-18 15:00:00+00:00,tt_sudirman,39.0,29.0,35.833333333333336,35.861073,27.736717
3,2026-08-18 15:00:00+00:00,tt_tangerang,48.0,48.0,46.333333333333336,47.07102,41.58673
3,2026-08-18 15:00:00+00:00,tt_tbsimatupang,72.0,72.0,72.0,70.54609,42.386536
3,2026-08-18 15:00:00+00:00,tt_thamrin,22.0,17.0,18.583333333333332,20.711365,24.12648
3,2026-08-18 17:00:00+00:00,tt_bekasi,17.0,16.0,18.0,17.574112,24.717068
3,2026-08-18 17:00:00+00:00,tt_bogor,45.0,45.0,44.27272727272727,43.852715,36.970108
3,2026-08-18 17:00:00+00:00,tt_bsd,34.0,34.0,33.63636363636363,34.468338,42.17361
3,2026-08-18 17:00:00+00:00,tt_cawang,43.0,32.0,43.0,45.179104,33.343685
3,2026-08-18 17:00:00+00:00,tt_depok,31.0,26.0,31.0,30.759653,36.970108
3,2026-08-18 17:00:00+00:00,tt_gatsu,45.0,45.0,45.0,44.24667,38.507175
3,2026-08-18 17:00:00+00:00,tt_grogol,40.0,40.0,39.45454545454545,41.867584,34.71202
3,2026-08-18 17:00:00+00:00,tt_kebonjeruk,35.0,31.0,35.0,34.60483,35.0342
3,2026-08-18 17:00:00+00:00,tt_kelapagading,29.0,29.0,29.0,28.518541,24.734093
3,2026-08-18 17:00:00+00:00,tt_kuningan,21.0,16.0,21.0,21.83323,42.52865
3,2026-08-18 17:00:00+00:00,tt_sudirman,39.0,30.0,38.0,39.343697,26.130915
3,2026-08-18 17:00:00+00:00,tt_tangerang,48.0,48.0,48.0,49.282265,46.235077
3,2026-08-18 17:00:00+00:00,tt_tbsimatupang,72.0,72.0,72.0,74.23758,44.26057
3,2026-08-18 17:00:00+00:00,tt_thamrin,22.0,22.0,22.0,22.6533,25.903017
3,2026-08-18 19:00:00+00:00,tt_bekasi,17.0,16.0,18.0,17.961458,26.456308
3,2026-08-18 19:00:00+00:00,tt_bogor,45.0,45.0,44.72727272727273,44.387753,39.556763
3,2026-08-18 19:00:00+00:00,tt_bsd,34.0,34.0,34.0,33.80306,39.558235
3,2026-08-18 19:00:00+00:00,tt_cawang,43.0,43.0,43.0,41.746304,39.62207
3,2026-08-18 19:00:00+00:00,tt_depok,31.0,31.0,31.0,31.90494,39.556763
3,2026-08-18 19:00:00+00:00,tt_gatsu,45.0,45.0,45.0,45.449276,42.936184
3,2026-08-18 19:00:00+00:00,tt_grogol,40.0,40.0,40.0,40.955128,41.371933
3,2026-08-18 19:00:00+00:00,tt_kebonjeruk,35.0,35.0,35.0,34.816788,42.13379
3,2026-08-18 19:00:00+00:00,tt_kelapagading,29.0,29.0,29.0,29.377445,24.640833
3,2026-08-18 19:00:00+00:00,tt_kuningan,21.0,21.0,21.0,21.228584,45.97508
3,2026-08-18 19:00:00+00:00,tt_sudirman,39.0,39.0,38.0,39.543358,32.805683
3,2026-08-18 19:00:00+00:00,tt_tangerang,48.0,48.0,48.0,49.094418,44.184875
3,2026-08-18 19:00:00+00:00,tt_tbsimatupang,72.0,72.0,72.0,72.51576,45.504677
3,2026-08-18 19:00:00+00:00,tt_thamrin,22.0,22.0,22.0,22.520548,25.53006
3,2026-08-18 20:00:00+00:00,tt_bekasi,17.0,17.0,18.0,17.705254,25.651052
3,2026-08-18 20:00:00+00:00,tt_bogor,45.0,45.0,45.0,43.87897,37.87427
3,2026-08-18 20:00:00+00:00,tt_bsd,34.0,34.0,34.0,33.646465,37.397255
3,2026-08-18 20:00:00+00:00,tt_cawang,43.0,43.0,43.0,39.329998,38.30276
3,2026-08-18 20:00:00+00:00,tt_depok,31.0,31.0,31.0,31.271732,37.87427
3,2026-08-18 20:00:00+00:00,tt_gatsu,45.0,45.0,45.0,45.422997,41.010403
3,2026-08-18 20:00:00+00:00,tt_grogol,40.0,40.0,40.0,40.19035,42.218674
3,2026-08-18 20:00:00+00:00,tt_kebonjeruk,35.0,35.0,35.0,34.498093,42.475895
3,2026-08-18 20:00:00+00:00,tt_kelapagading,29.0,29.0,29.0,29.337536,24.593729
3,2026-08-18 20:00:00+00:00,tt_kuningan,21.0,21.0,21.0,20.699871,44.636402
3,2026-08-18 20:00:00+00:00,tt_sudirman,39.0,39.0,38.0,38.4566,32.40698
3,2026-08-18 20:00:00+00:00,tt_tangerang,48.0,48.0,48.0,48.795143,44.27479
3,2026-08-18 20:00:00+00:00,tt_tbsimatupang,72.0,72.0,72.0,69.07552,44.06056
3,2026-08-18 20:00:00+00:00,tt_thamrin,22.0,22.0,22.0,22.319727,24.802797
3,2026-08-18 22:00:00+00:00,tt_bekasi,17.0,17.0,18.0,17.66623,23.757683
3,2026-08-18 22:00:00+00:00,tt_bogor,45.0,45.0,45.0,41.871063,34.801914
3,2026-08-18 22:00:00+00:00,tt_bsd,34.0,34.0,33.6,33.46405,34.710922
3,2026-08-18 22:00:00+00:00,tt_cawang,43.0,43.0,40.9,33.861656,34.106167
3,2026-08-18 22:00:00+00:00,tt_depok,31.0,31.0,31.0,29.926172,34.801914
3,2026-08-18 22:00:00+00:00,tt_gatsu,45.0,45.0,45.0,44.964314,34.33119
3,2026-08-18 22:00:00+00:00,tt_grogol,40.0,40.0,40.0,38.350872,40.099335
3,2026-08-18 22:00:00+00:00,tt_kebonjeruk,35.0,35.0,35.0,33.203438,40.245358
3,2026-08-18 22:00:00+00:00,tt_kelapagading,29.0,29.0,29.0,28.435503,24.776741
3,2026-08-18 22:00:00+00:00,tt_kuningan,21.0,21.0,21.0,20.303007,39.41497
3,2026-08-18 22:00:00+00:00,tt_sudirman,39.0,39.0,38.0,35.82388,31.90368
3,2026-08-18 22:00:00+00:00,tt_tangerang,48.0,48.0,48.0,46.980705,40.473522
3,2026-08-18 22:00:00+00:00,tt_tbsimatupang,72.0,72.0,72.0,59.616405,40.62561
3,2026-08-18 22:00:00+00:00,tt_thamrin,22.0,22.0,22.0,21.375977,23.871304
3,2026-08-19 00:00:00+00:00,tt_bekasi,15.0,17.0,18.0,18.015814,22.01744
3,2026-08-19 00:00:00+00:00,tt_bogor,35.0,45.0,36.2,39.49193,33.265377
3,2026-08-19 00:00:00+00:00,tt_bsd,29.0,34.0,31.5,33.492947,33.598682
3,2026-08-19 00:00:00+00:00,tt_cawang,20.0,43.0,22.6,27.449461,30.250908
3,2026-08-19 00:00:00+00:00,tt_depok,31.0,31.0,30.2,29.73477,33.265377
3,2026-08-19 00:00:00+00:00,tt_gatsu,45.0,45.0,44.2,44.206367,29.78987
3,2026-08-19 00:00:00+00:00,tt_grogol,40.0,40.0,35.9,36.605396,35.13278
3,2026-08-19 00:00:00+00:00,tt_kebonjeruk,27.0,35.0,29.5,30.879696,35.37097
3,2026-08-19 00:00:00+00:00,tt_kelapagading,29.0,29.0,28.3,27.233717,24.353718
3,2026-08-19 00:00:00+00:00,tt_kuningan,21.0,21.0,21.0,20.992334,30.538284
3,2026-08-19 00:00:00+00:00,tt_sudirman,39.0,39.0,31.4,32.90228,30.98963
3,2026-08-19 00:00:00+00:00,tt_tangerang,48.0,48.0,44.3,44.34493,32.64634
3,2026-08-19 00:00:00+00:00,tt_tbsimatupang,39.0,72.0,42.1,48.614857,34.511986
3,2026-08-19 00:00:00+00:00,tt_thamrin,19.0,22.0,20.3,19.81532,21.372782
3,2026-08-19 01:00:00+00:00,tt_bekasi,16.0,17.0,17.818181818181817,17.926455,21.075912
3,2026-08-19 01:00:00+00:00,tt_bogor,37.0,45.0,37.18181818181818,38.385647,33.679817
3,2026-08-19 01:00:00+00:00,tt_bsd,34.0,34.0,31.181818181818183,33.640457,34.284122
3,2026-08-19 01:00:00+00:00,tt_cawang,13.0,43.0,23.818181818181817,25.068645,30.470602
3,2026-08-19 01:00:00+00:00,tt_depok,27.0,31.0,28.363636363636363,29.494701,33.679817
3,2026-08-19 01:00:00+00:00,tt_gatsu,13.0,45.0,42.27272727272727,43.641167,29.946848
3,2026-08-19 01:00:00+00:00,tt_grogol,32.0,40.0,34.36363636363637,36.05288,33.250706
3,2026-08-19 01:00:00+00:00,tt_kebonjeruk,25.0,35.0,29.181818181818183,29.525665,32.68663
3,2026-08-19 01:00:00+00:00,tt_kelapagading,29.0,29.0,28.181818181818183,26.495155,23.909382
3,2026-08-19 01:00:00+00:00,tt_kuningan,21.0,21.0,21.0,21.104433,30.40123
3,2026-08-19 01:00:00+00:00,tt_sudirman,22.0,39.0,26.363636363636363,31.87166,30.698015
3,2026-08-19 01:00:00+00:00,tt_tangerang,39.0,48.0,42.45454545454545,43.44296,30.681967
3,2026-08-19 01:00:00+00:00,tt_tbsimatupang,18.0,72.0,35.45454545454545,45.09101,32.07704
3,2026-08-19 01:00:00+00:00,tt_thamrin,22.0,22.0,18.454545454545453,18.985743,19.697405
3,2026-08-19 03:00:00+00:00,tt_bekasi,16.0,15.0,17.727272727272727,20.61348,24.250036
3,2026-08-19 03:00:00+00:00,tt_bogor,37.0,35.0,37.90909090909091,33.398613,30.869534
3,2026-08-19 03:00:00+00:00,tt_bsd,34.0,29.0,32.0,31.155704,31.507828
3,2026-08-19 03:00:00+00:00,tt_cawang,20.0,20.0,21.818181818181817,19.4523,27.791424
3,2026-08-19 03:00:00+00:00,tt_depok,31.0,31.0,26.545454545454547,28.47746,30.869534
3,2026-08-19 03:00:00+00:00,tt_gatsu,45.0,45.0,43.90909090909091,42.94603,28.234247
3,2026-08-19 03:00:00+00:00,tt_grogol,31.0,40.0,31.272727272727273,31.056286,29.4568
3,2026-08-19 03:00:00+00:00,tt_kebonjeruk,23.0,27.0,25.0,23.795914,29.186216
3,2026-08-19 03:00:00+00:00,tt_kelapagading,29.0,29.0,24.636363636363637,22.43522,22.018738
3,2026-08-19 03:00:00+00:00,tt_kuningan,16.0,21.0,18.545454545454547,20.47636,29.780844
3,2026-08-19 03:00:00+00:00,tt_sudirman,24.0,39.0,32.27272727272727,29.517294,32.07301
3,2026-08-19 03:00:00+00:00,tt_tangerang,40.0,48.0,39.54545454545455,40.26169,33.327522
3,2026-08-19 03:00:00+00:00,tt_tbsimatupang,33.0,39.0,37.45454545454545,31.90447,30.982912
3,2026-08-19 03:00:00+00:00,tt_thamrin,20.0,19.0,18.90909090909091,19.821568,18.382523
3,2026-08-19 05:00:00+00:00,tt_bekasi,15.0,16.0,18.0,20.160568,15.724337
3,2026-08-19 05:00:00+00:00,tt_bogor,32.0,37.0,39.6,35.801193,34.30684
3,2026-08-19 05:00:00+00:00,tt_bsd,34.0,34.0,32.4,31.640377,33.385532
3,2026-08-19 05:00:00+00:00,tt_cawang,17.0,13.0,23.3,22.171299,31.19677
3,2026-08-19 05:00:00+00:00,tt_depok,31.0,27.0,28.2,27.963354,34.30684
3,2026-08-19 05:00:00+00:00,tt_gatsu,45.0,13.0,45.0,38.85266,30.670422
3,2026-08-19 05:00:00+00:00,tt_grogol,31.0,32.0,32.0,28.850986,30.748455
3,2026-08-19 05:00:00+00:00,tt_kebonjeruk,24.0,25.0,25.2,23.284311,30.4845
3,2026-08-19 05:00:00+00:00,tt_kelapagading,21.0,29.0,21.4,21.584486,24.919924
3,2026-08-19 05:00:00+00:00,tt_kuningan,17.0,21.0,18.2,16.621614,31.541273
3,2026-08-19 05:00:00+00:00,tt_sudirman,27.0,22.0,28.4,25.59953,28.405083
3,2026-08-19 05:00:00+00:00,tt_tangerang,40.0,39.0,39.6,39.87211,33.730717
3,2026-08-19 05:00:00+00:00,tt_tbsimatupang,43.0,18.0,45.0,38.369606,33.091827
3,2026-08-19 05:00:00+00:00,tt_thamrin,17.0,22.0,18.9,18.75487,16.191193
3,2026-08-19 06:00:00+00:00,tt_bekasi,18.0,16.0,17.083333333333332,18.086296,23.132622
3,2026-08-19 06:00:00+00:00,tt_bogor,35.0,37.0,36.166666666666664,34.493195,33.81519
3,2026-08-19 06:00:00+00:00,tt_bsd,34.0,34.0,33.666666666666664,33.236572,34.841244
3,2026-08-19 06:00:00+00:00,tt_cawang,19.0,20.0,21.333333333333332,26.388391,29.564344
3,2026-08-19 06:00:00+00:00,tt_depok,27.0,31.0,26.25,26.889181,33.81519
3,2026-08-19 06:00:00+00:00,tt_gatsu,30.0,45.0,42.5,37.021248,29.035265
3,2026-08-19 06:00:00+00:00,tt_grogol,27.0,31.0,31.333333333333332,31.402267,30.54183
3,2026-08-19 06:00:00+00:00,tt_kebonjeruk,21.0,23.0,24.083333333333332,23.747532,30.237196
3,2026-08-19 06:00:00+00:00,tt_kelapagading,21.0,29.0,20.083333333333332,22.608597,24.81524
3,2026-08-19 06:00:00+00:00,tt_kuningan,21.0,16.0,19.166666666666668,19.03916,29.728662
3,2026-08-19 06:00:00+00:00,tt_sudirman,18.0,24.0,26.75,24.964556,29.487167
3,2026-08-19 06:00:00+00:00,tt_tangerang,38.0,40.0,38.583333333333336,38.313225,34.072197
3,2026-08-19 06:00:00+00:00,tt_tbsimatupang,48.0,33.0,48.833333333333336,41.486423,33.05008
3,2026-08-19 06:00:00+00:00,tt_thamrin,13.0,20.0,18.75,19.249743,17.2757
3,2026-08-19 08:00:00+00:00,tt_bekasi,15.0,15.0,15.923076923076923,16.064648,18.861702
3,2026-08-19 08:00:00+00:00,tt_bogor,34.0,32.0,34.61538461538461,34.11798,30.508736
3,2026-08-19 08:00:00+00:00,tt_bsd,28.0,34.0,32.07692307692308,32.91208,34.25668
3,2026-08-19 08:00:00+00:00,tt_cawang,32.0,17.0,35.15384615384615,30.480268,24.834347
3,2026-08-19 08:00:00+00:00,tt_depok,25.0,31.0,27.384615384615383,25.371977,30.508736
3,2026-08-19 08:00:00+00:00,tt_gatsu,26.0,45.0,30.46153846153846,34.511356,24.598686
3,2026-08-19 08:00:00+00:00,tt_grogol,27.0,31.0,31.384615384615383,33.205082,28.506338
3,2026-08-19 08:00:00+00:00,tt_kebonjeruk,18.0,24.0,21.923076923076923,23.5013,28.850342
3,2026-08-19 08:00:00+00:00,tt_kelapagading,22.0,21.0,20.923076923076923,22.362587,22.280348
3,2026-08-19 08:00:00+00:00,tt_kuningan,21.0,17.0,19.53846153846154,18.73682,25.191786
3,2026-08-19 08:00:00+00:00,tt_sudirman,22.0,27.0,22.846153846153847,25.40738,25.21098
3,2026-08-19 08:00:00+00:00,tt_tangerang,48.0,40.0,37.61538461538461,39.1189,34.611004
3,2026-08-19 08:00:00+00:00,tt_tbsimatupang,32.0,43.0,43.0,44.869812,29.04038
3,2026-08-19 08:00:00+00:00,tt_thamrin,8.0,17.0,15.461538461538462,18.681221,18.94178
3,2026-08-19 10:00:00+00:00,tt_bekasi,13.0,18.0,15.3,15.581925,23.077835
3,2026-08-19 10:00:00+00:00,tt_bogor,30.0,35.0,31.5,36.012436,30.985876
3,2026-08-19 10:00:00+00:00,tt_bsd,34.0,34.0,32.0,32.753197,34.13685
3,2026-08-19 10:00:00+00:00,tt_cawang,43.0,19.0,29.9,34.03995,26.444923
3,2026-08-19 10:00:00+00:00,tt_depok,23.0,27.0,23.6,25.89678,30.985876
3,2026-08-19 10:00:00+00:00,tt_gatsu,23.0,30.0,23.1,33.36173,26.130621
3,2026-08-19 10:00:00+00:00,tt_grogol,30.0,27.0,32.1,34.706482,28.390217
3,2026-08-19 10:00:00+00:00,tt_kebonjeruk,19.0,21.0,21.4,23.657528,29.108376
3,2026-08-19 10:00:00+00:00,tt_kelapagading,22.0,21.0,20.9,23.491898,23.08282
3,2026-08-19 10:00:00+00:00,tt_kuningan,16.0,21.0,15.3,17.886667,26.391872
3,2026-08-19 10:00:00+00:00,tt_sudirman,19.0,18.0,19.4,25.259087,25.924397
3,2026-08-19 10:00:00+00:00,tt_tangerang,28.0,38.0,36.3,41.945557,32.812263
3,2026-08-19 10:00:00+00:00,tt_tbsimatupang,34.0,48.0,34.0,53.805973,29.94059
3,2026-08-19 10:00:00+00:00,tt_thamrin,17.0,13.0,15.5,17.061071,21.237503
3,2026-08-19 11:00:00+00:00,tt_bekasi,18.0,15.0,14.692307692307692,17.55094,23.915516
3,2026-08-19 11:00:00+00:00,tt_bogor,33.0,34.0,33.07692307692308,36.75845,31.281979
3,2026-08-19 11:00:00+00:00,tt_bsd,27.0,28.0,32.07692307692308,32.420692,33.73955
3,2026-08-19 11:00:00+00:00,tt_cawang,43.0,32.0,29.23076923076923,35.377007,26.559406
3,2026-08-19 11:00:00+00:00,tt_depok,25.0,25.0,24.846153846153847,25.732712,31.281979
3,2026-08-19 11:00:00+00:00,tt_gatsu,35.0,26.0,16.615384615384617,33.78186,26.502468
3,2026-08-19 11:00:00+00:00,tt_grogol,32.0,27.0,32.69230769230769,34.488094,29.580784
3,2026-08-19 11:00:00+00:00,tt_kebonjeruk,21.0,18.0,21.923076923076923,24.63564,30.18823
3,2026-08-19 11:00:00+00:00,tt_kelapagading,20.0,22.0,20.076923076923077,23.900084,23.203411
3,2026-08-19 11:00:00+00:00,tt_kuningan,16.0,21.0,15.153846153846152,15.921408,26.710308
3,2026-08-19 11:00:00+00:00,tt_sudirman,16.0,22.0,18.53846153846154,25.655928,25.820824
3,2026-08-19 11:00:00+00:00,tt_tangerang,26.0,48.0,38.0,43.61654,33.4855
3,2026-08-19 11:00:00+00:00,tt_tbsimatupang,44.0,32.0,39.92307692307692,58.49094,30.451641
3,2026-08-19 11:00:00+00:00,tt_thamrin,10.0,8.0,13.0,15.678073,21.626305
3,2026-08-19 13:00:00+00:00,tt_bekasi,18.0,13.0,17.2,18.780918,24.024467
3,2026-08-19 13:00:00+00:00,tt_bogor,45.0,30.0,40.9,39.312557,37.50643
3,2026-08-19 13:00:00+00:00,tt_bsd,34.0,34.0,31.6,32.843403,34.819004
3,2026-08-19 13:00:00+00:00,tt_cawang,43.0,43.0,40.6,38.646076,27.112812
3,2026-08-19 13:00:00+00:00,tt_depok,25.0,23.0,25.0,26.711716,37.50643
3,2026-08-19 13:00:00+00:00,tt_gatsu,45.0,23.0,43.3,37.49329,27.3606
3,2026-08-19 13:00:00+00:00,tt_grogol,31.0,30.0,37.9,35.642548,29.750774
3,2026-08-19 13:00:00+00:00,tt_kebonjeruk,27.0,19.0,25.3,27.744211,31.424343
3,2026-08-19 13:00:00+00:00,tt_kelapagading,23.0,22.0,24.2,25.286076,24.09239
3,2026-08-19 13:00:00+00:00,tt_kuningan,13.0,16.0,16.2,15.885667,28.31384
3,2026-08-19 13:00:00+00:00,tt_sudirman,30.0,19.0,30.6,28.0224,25.161295
3,2026-08-19 13:00:00+00:00,tt_tangerang,48.0,28.0,46.2,45.435863,34.17902
3,2026-08-19 13:00:00+00:00,tt_tbsimatupang,72.0,34.0,67.6,65.90971,35.245617
3,2026-08-19 13:00:00+00:00,tt_thamrin,20.0,17.0,15.7,14.786149,22.886204
3,2026-08-19 15:00:00+00:00,tt_bekasi,16.0,18.0,18.0,18.901804,24.798565
3,2026-08-19 15:00:00+00:00,tt_bogor,38.0,33.0,43.416666666666664,41.310535,33.237045
3,2026-08-19 15:00:00+00:00,tt_bsd,34.0,27.0,34.0,32.693806,34.5467
3,2026-08-19 15:00:00+00:00,tt_cawang,32.0,43.0,39.75,42.923607,24.337786
3,2026-08-19 15:00:00+00:00,tt_depok,31.0,25.0,30.5,27.280478,33.237045
3,2026-08-19 15:00:00+00:00,tt_gatsu,45.0,35.0,45.0,39.39547,24.86368
3,2026-08-19 15:00:00+00:00,tt_grogol,40.0,32.0,40.0,36.885326,23.90723
3,2026-08-19 15:00:00+00:00,tt_kebonjeruk,31.0,21.0,34.166666666666664,31.472023,23.335321
3,2026-08-19 15:00:00+00:00,tt_kelapagading,29.0,20.0,28.333333333333332,27.134293,23.685387
3,2026-08-19 15:00:00+00:00,tt_kuningan,21.0,16.0,19.666666666666668,16.642166,24.268398
3,2026-08-19 15:00:00+00:00,tt_sudirman,29.0,16.0,35.833333333333336,32.003788,23.716274
3,2026-08-19 15:00:00+00:00,tt_tangerang,48.0,26.0,46.333333333333336,45.998516,19.632004
3,2026-08-19 15:00:00+00:00,tt_tbsimatupang,72.0,44.0,72.0,70.84925,24.526821
3,2026-08-19 15:00:00+00:00,tt_thamrin,21.0,10.0,18.583333333333332,16.326878,23.051525
3,2026-08-19 16:00:00+00:00,tt_bekasi,18.0,18.0,18.0,17.000467,26.8749
3,2026-08-19 16:00:00+00:00,tt_bogor,45.0,45.0,43.44444444444444,43.361443,45.843887
3,2026-08-19 16:00:00+00:00,tt_bsd,34.0,34.0,34.0,33.585342,47.39097
3,2026-08-19 16:00:00+00:00,tt_cawang,43.0,43.0,42.22222222222222,46.15037,35.69198
3,2026-08-19 16:00:00+00:00,tt_depok,31.0,25.0,31.0,29.573364,45.843887
3,2026-08-19 16:00:00+00:00,tt_gatsu,45.0,45.0,45.0,41.298607,36.698376
3,2026-08-19 16:00:00+00:00,tt_grogol,40.0,31.0,40.0,39.576378,31.976006
3,2026-08-19 16:00:00+00:00,tt_kebonjeruk,35.0,27.0,34.333333333333336,34.08027,33.12206
3,2026-08-19 16:00:00+00:00,tt_kelapagading,29.0,23.0,28.555555555555557,28.645428,26.116344
3,2026-08-19 16:00:00+00:00,tt_kuningan,21.0,13.0,20.11111111111111,20.141733,38.631924
3,2026-08-19 16:00:00+00:00,tt_sudirman,39.0,30.0,37.22222222222222,35.80783,26.45686
3,2026-08-19 16:00:00+00:00,tt_tangerang,48.0,48.0,48.0,47.27302,35.115692
3,2026-08-19 16:00:00+00:00,tt_tbsimatupang,72.0,72.0,72.0,74.763916,41.698456
3,2026-08-19 16:00:00+00:00,tt_thamrin,22.0,20.0,20.0,20.583208,25.31775
3,2026-08-19 18:00:00+00:00,tt_bekasi,18.0,16.0,18.0,17.848202,23.57853
3,2026-08-19 18:00:00+00:00,tt_bogor,45.0,38.0,45.0,44.431313,46.997738
3,2026-08-19 18:00:00+00:00,tt_bsd,34.0,34.0,34.0,34.25316,51.50779
3,2026-08-19 18:00:00+00:00,tt_cawang,43.0,32.0,43.0,45.42474,35.268517
3,2026-08-19 18:00:00+00:00,tt_depok,31.0,31.0,31.0,30.733326,46.997738
3,2026-08-19 18:00:00+00:00,tt_gatsu,45.0,45.0,45.0,43.522964,37.32376
3,2026-08-19 18:00:00+00:00,tt_grogol,40.0,40.0,40.0,41.979973,31.723715
3,2026-08-19 18:00:00+00:00,tt_kebonjeruk,35.0,31.0,35.0,34.671707,32.515533
3,2026-08-19 18:00:00+00:00,tt_kelapagading,29.0,29.0,29.0,29.62097,24.0961
3,2026-08-19 18:00:00+00:00,tt_kuningan,21.0,21.0,20.636363636363637,21.97915,39.988693
3,2026-08-19 18:00:00+00:00,tt_sudirman,39.0,29.0,38.0,39.88859,27.272228
3,2026-08-19 18:00:00+00:00,tt_tangerang,44.0,48.0,48.0,49.20641,45.686012
3,2026-08-19 18:00:00+00:00,tt_tbsimatupang,72.0,72.0,72.0,75.769905,47.12326
3,2026-08-19 18:00:00+00:00,tt_thamrin,22.0,21.0,22.0,22.847254,26.191576
3,2026-08-19 20:00:00+00:00,tt_bekasi,18.0,18.0,18.0,17.823416,26.839663
3,2026-08-19 20:00:00+00:00,tt_bogor,45.0,45.0,45.0,45.061043,45.099762
3,2026-08-19 20:00:00+00:00,tt_bsd,34.0,34.0,34.0,33.623272,49.089302
3,2026-08-19 20:00:00+00:00,tt_cawang,43.0,43.0,43.0,42.081608,38.300457
3,2026-08-19 20:00:00+00:00,tt_depok,31.0,31.0,31.0,32.271317,45.099762
3,2026-08-19 20:00:00+00:00,tt_gatsu,45.0,45.0,45.0,45.20783,39.244385
3,2026-08-19 20:00:00+00:00,tt_grogol,40.0,40.0,40.0,40.993168,35.12909
3,2026-08-19 20:00:00+00:00,tt_kebonjeruk,35.0,35.0,35.0,35.30306,34.999535
3,2026-08-19 20:00:00+00:00,tt_kelapagading,29.0,29.0,29.0,29.869722,25.928596
3,2026-08-19 20:00:00+00:00,tt_kuningan,21.0,21.0,21.0,21.187126,40.716522
3,2026-08-19 20:00:00+00:00,tt_sudirman,39.0,39.0,38.0,39.734253,34.290726
3,2026-08-19 20:00:00+00:00,tt_tangerang,48.0,48.0,48.0,49.522545,46.728745
3,2026-08-19 20:00:00+00:00,tt_tbsimatupang,72.0,72.0,72.0,73.94817,46.293423
3,2026-08-19 20:00:00+00:00,tt_thamrin,22.0,22.0,22.0,22.754745,26.374657
3,2026-08-19 21:00:00+00:00,tt_bekasi,18.0,18.0,18.0,17.732416,25.487667
3,2026-08-19 21:00:00+00:00,tt_bogor,45.0,45.0,45.0,44.568512,42.67906
3,2026-08-19 21:00:00+00:00,tt_bsd,34.0,34.0,34.0,33.362335,47.466286
3,2026-08-19 21:00:00+00:00,tt_cawang,43.0,43.0,43.0,39.592194,37.125286
3,2026-08-19 21:00:00+00:00,tt_depok,31.0,31.0,31.0,31.486822,42.67906
3,2026-08-19 21:00:00+00:00,tt_gatsu,45.0,45.0,45.0,45.11786,38.134514
3,2026-08-19 21:00:00+00:00,tt_grogol,40.0,40.0,40.0,39.851074,33.641594
3,2026-08-19 21:00:00+00:00,tt_kebonjeruk,35.0,35.0,35.0,34.893047,33.381805
3,2026-08-19 21:00:00+00:00,tt_kelapagading,29.0,29.0,29.0,30.056433,25.176657
3,2026-08-19 21:00:00+00:00,tt_kuningan,21.0,21.0,21.0,20.538988,39.04411
3,2026-08-19 21:00:00+00:00,tt_sudirman,39.0,39.0,38.0,38.63556,34.508354
3,2026-08-19 21:00:00+00:00,tt_tangerang,48.0,44.0,48.0,49.073982,45.142113
3,2026-08-19 21:00:00+00:00,tt_tbsimatupang,72.0,72.0,72.0,69.78908,44.149902
3,2026-08-19 21:00:00+00:00,tt_thamrin,22.0,22.0,21.8,22.633677,25.786718
3,2026-08-19 23:00:00+00:00,tt_bekasi,17.0,18.0,18.0,17.789604,24.462555
3,2026-08-19 23:00:00+00:00,tt_bogor,35.0,45.0,40.72727272727273,41.83172,35.949547
3,2026-08-19 23:00:00+00:00,tt_bsd,34.0,34.0,34.0,33.26078,44.29542
3,2026-08-19 23:00:00+00:00,tt_cawang,26.0,43.0,27.636363636363637,33.520245,33.02003
3,2026-08-19 23:00:00+00:00,tt_depok,31.0,31.0,30.363636363636363,29.909184,35.949547
3,2026-08-19 23:00:00+00:00,tt_gatsu,45.0,45.0,45.0,44.469696,34.555004
3,2026-08-19 23:00:00+00:00,tt_grogol,35.0,40.0,36.27272727272727,38.018925,31.6308
3,2026-08-19 23:00:00+00:00,tt_kebonjeruk,30.0,35.0,32.09090909090909,33.190964,31.13699
3,2026-08-19 23:00:00+00:00,tt_kelapagading,29.0,29.0,27.181818181818183,28.795013,24.788263
3,2026-08-19 23:00:00+00:00,tt_kuningan,21.0,21.0,21.0,20.356215,34.79681
3,2026-08-19 23:00:00+00:00,tt_sudirman,39.0,39.0,36.54545454545455,35.712486,33.860226
3,2026-08-19 23:00:00+00:00,tt_tangerang,48.0,48.0,47.36363636363637,46.789364,39.77202
3,2026-08-19 23:00:00+00:00,tt_tbsimatupang,72.0,72.0,53.90909090909091,58.833294,39.02168
3,2026-08-19 23:00:00+00:00,tt_thamrin,20.0,22.0,20.181818181818183,21.576475,24.783512
3,2026-08-20 01:00:00+00:00,tt_bekasi,18.0,18.0,17.818181818181817,18.12163,30.76516
3,2026-08-20 01:00:00+00:00,tt_bogor,35.0,45.0,37.18181818181818,39.106564,33.854527
3,2026-08-20 01:00:00+00:00,tt_bsd,29.0,34.0,31.181818181818183,33.378937,36.771084
3,2026-08-20 01:00:00+00:00,tt_cawang,14.0,43.0,23.818181818181817,27.250814,32.654625
3,2026-08-20 01:00:00+00:00,tt_depok,31.0,31.0,28.363636363636363,29.699455,33.854527
3,2026-08-20 01:00:00+00:00,tt_gatsu,37.0,45.0,42.27272727272727,43.693016,33.862206
3,2026-08-20 01:00:00+00:00,tt_grogol,30.0,40.0,34.36363636363637,36.483856,30.136557
3,2026-08-20 01:00:00+00:00,tt_kebonjeruk,26.0,35.0,29.181818181818183,30.641771,29.924288
3,2026-08-20 01:00:00+00:00,tt_kelapagading,29.0,29.0,28.181818181818183,27.375566,23.8904
3,2026-08-20 01:00:00+00:00,tt_kuningan,21.0,21.0,21.0,21.246067,33.12572
3,2026-08-20 01:00:00+00:00,tt_sudirman,27.0,39.0,26.363636363636363,32.75577,32.359604
3,2026-08-20 01:00:00+00:00,tt_tangerang,36.0,48.0,42.45454545454545,44.049614,32.459312
3,2026-08-20 01:00:00+00:00,tt_tbsimatupang,18.0,72.0,35.45454545454545,47.973396,33.004696
3,2026-08-20 01:00:00+00:00,tt_thamrin,18.0,22.0,18.454545454545453,19.948545,21.695541
3,2026-08-20 02:00:00+00:00,tt_bekasi,18.0,17.0,17.692307692307693,18.784224,25.93455
3,2026-08-20 02:00:00+00:00,tt_bogor,40.0,35.0,36.46153846153846,37.342613,32.004005
3,2026-08-20 02:00:00+00:00,tt_bsd,34.0,34.0,32.30769230769231,33.115906,33.487568
3,2026-08-20 02:00:00+00:00,tt_cawang,18.0,26.0,21.0,23.433342,28.632732
3,2026-08-20 02:00:00+00:00,tt_depok,31.0,31.0,29.23076923076923,29.294357,32.004005
3,2026-08-20 02:00:00+00:00,tt_gatsu,45.0,45.0,40.76923076923077,42.674473,29.119509
3,2026-08-20 02:00:00+00:00,tt_grogol,30.0,35.0,31.076923076923077,34.685738,28.79737
3,2026-08-20 02:00:00+00:00,tt_kebonjeruk,26.0,30.0,25.307692307692307,28.533144,28.66363
3,2026-08-20 02:00:00+00:00,tt_kelapagading,25.0,29.0,26.846153846153847,25.73375,21.6958
3,2026-08-20 02:00:00+00:00,tt_kuningan,21.0,21.0,18.23076923076923,21.265085,29.344637
3,2026-08-20 02:00:00+00:00,tt_sudirman,25.0,39.0,25.384615384615383,32.418686,31.096088
3,2026-08-20 02:00:00+00:00,tt_tangerang,48.0,48.0,43.84615384615385,43.091297,29.414553
3,2026-08-20 02:00:00+00:00,tt_tbsimatupang,21.0,72.0,29.923076923076923,40.31591,30.853987
3,2026-08-20 02:00:00+00:00,tt_thamrin,18.0,20.0,17.846153846153847,19.298414,17.594711
3,2026-08-20 04:00:00+00:00,tt_bekasi,15.0,18.0,17.666666666666668,19.758974,20.784904
3,2026-08-20 04:00:00+00:00,tt_bogor,35.0,35.0,39.25,34.61967,30.844435
3,2026-08-20 04:00:00+00:00,tt_bsd,34.0,29.0,32.833333333333336,31.207401,31.501614
3,2026-08-20 04:00:00+00:00,tt_cawang,20.0,14.0,20.25,20.192566,28.247425
3,2026-08-20 04:00:00+00:00,tt_depok,27.0,31.0,26.916666666666668,28.741648,30.844435
3,2026-08-20 04:00:00+00:00,tt_gatsu,45.0,37.0,45.0,41.546574,28.602821
3,2026-08-20 04:00:00+00:00,tt_grogol,25.0,30.0,31.5,28.642347,26.457375
3,2026-08-20 04:00:00+00:00,tt_kebonjeruk,25.0,26.0,25.166666666666668,23.04272,26.713646
3,2026-08-20 04:00:00+00:00,tt_kelapagading,22.0,29.0,22.5,22.971985,22.355417
3,2026-08-20 04:00:00+00:00,tt_kuningan,21.0,21.0,19.166666666666668,17.624016,30.064163
3,2026-08-20 04:00:00+00:00,tt_sudirman,26.0,27.0,31.666666666666668,28.26421,32.983467
3,2026-08-20 04:00:00+00:00,tt_tangerang,48.0,36.0,38.166666666666664,40.5047,30.775677
3,2026-08-20 04:00:00+00:00,tt_tbsimatupang,45.0,18.0,38.5,32.562885,31.273413
3,2026-08-20 04:00:00+00:00,tt_thamrin,13.0,18.0,19.166666666666668,19.457623,18.712051
3,2026-08-20 06:00:00+00:00,tt_bekasi,15.0,18.0,17.083333333333332,17.392744,17.656185
3,2026-08-20 06:00:00+00:00,tt_bogor,39.0,40.0,36.166666666666664,34.43781,34.142475
3,2026-08-20 06:00:00+00:00,tt_bsd,34.0,34.0,33.666666666666664,32.428936,36.45555
3,2026-08-20 06:00:00+00:00,tt_cawang,28.0,18.0,21.333333333333332,22.85467,30.944365
3,2026-08-20 06:00:00+00:00,tt_depok,29.0,31.0,26.25,25.599129,34.142475
3,2026-08-20 06:00:00+00:00,tt_gatsu,28.0,45.0,42.5,36.998432,30.821407
3,2026-08-20 06:00:00+00:00,tt_grogol,29.0,30.0,31.333333333333332,29.168642,31.367018
3,2026-08-20 06:00:00+00:00,tt_kebonjeruk,25.0,26.0,24.083333333333332,23.518177,32.133183
3,2026-08-20 06:00:00+00:00,tt_kelapagading,20.0,25.0,20.083333333333332,21.853691,23.9561
3,2026-08-20 06:00:00+00:00,tt_kuningan,16.0,21.0,19.166666666666668,16.905764,31.70062
3,2026-08-20 06:00:00+00:00,tt_sudirman,21.0,25.0,26.75,24.60045,27.594345
3,2026-08-20 06:00:00+00:00,tt_tangerang,38.0,48.0,38.583333333333336,39.152737,38.494297
3,2026-08-20 06:00:00+00:00,tt_tbsimatupang,27.0,21.0,48.833333333333336,37.68682,34.359043
3,2026-08-20 06:00:00+00:00,tt_thamrin,12.0,18.0,18.75,17.802834,18.482735
3,2026-08-20 07:00:00+00:00,tt_bekasi,16.0,15.0,17.75,14.80646,18.103226
3,2026-08-20 07:00:00+00:00,tt_bogor,36.0,35.0,36.083333333333336,33.99516,33.6576
3,2026-08-20 07:00:00+00:00,tt_bsd,34.0,34.0,31.75,32.80472,38.22177
3,2026-08-20 07:00:00+00:00,tt_cawang,21.0,20.0,28.666666666666668,26.034704,28.402613
3,2026-08-20 07:00:00+00:00,tt_depok,26.0,27.0,26.5,24.83624,33.6576
3,2026-08-20 07:00:00+00:00,tt_gatsu,20.0,45.0,34.5,35.72649,28.650791
3,2026-08-20 07:00:00+00:00,tt_grogol,29.0,25.0,31.666666666666668,31.286768,29.302284
3,2026-08-20 07:00:00+00:00,tt_kebonjeruk,22.0,25.0,22.416666666666668,23.561892,30.079231
3,2026-08-20 07:00:00+00:00,tt_kelapagading,20.0,22.0,21.166666666666668,21.159782,22.632341
3,2026-08-20 07:00:00+00:00,tt_kuningan,21.0,21.0,18.666666666666668,17.232534,29.35467
3,2026-08-20 07:00:00+00:00,tt_sudirman,20.0,26.0,24.583333333333332,23.770102,26.337704
3,2026-08-20 07:00:00+00:00,tt_tangerang,37.0,48.0,43.666666666666664,39.633972,37.87458
3,2026-08-20 07:00:00+00:00,tt_tbsimatupang,49.0,45.0,56.416666666666664,41.725475,34.561985
3,2026-08-20 07:00:00+00:00,tt_thamrin,12.0,13.0,17.0,16.638693,18.38158
3,2026-08-20 09:00:00+00:00,tt_bekasi,14.0,15.0,15.692307692307692,16.084694,20.382217
3,2026-08-20 09:00:00+00:00,tt_bogor,34.0,39.0,33.84615384615385,35.058735,31.466526
3,2026-08-20 09:00:00+00:00,tt_bsd,28.0,34.0,32.69230769230769,32.18497,33.870193
3,2026-08-20 09:00:00+00:00,tt_cawang,30.0,28.0,30.923076923076923,28.491293,25.754297
3,2026-08-20 09:00:00+00:00,tt_depok,26.0,29.0,23.846153846153847,24.856857,31.466526
3,2026-08-20 09:00:00+00:00,tt_gatsu,32.0,28.0,36.0,33.868156,25.104977
3,2026-08-20 09:00:00+00:00,tt_grogol,31.0,29.0,32.15384615384615,31.100903,28.703384
3,2026-08-20 09:00:00+00:00,tt_kebonjeruk,21.0,25.0,22.692307692307693,22.197323,29.408842
3,2026-08-20 09:00:00+00:00,tt_kelapagading,21.0,20.0,21.692307692307693,21.674393,22.83561
3,2026-08-20 09:00:00+00:00,tt_kuningan,13.0,16.0,18.46153846153846,16.282885,25.672335
3,2026-08-20 09:00:00+00:00,tt_sudirman,23.0,21.0,24.0,22.549541,25.944334
3,2026-08-20 09:00:00+00:00,tt_tangerang,34.0,38.0,40.53846153846154,40.39313,36.19811
3,2026-08-20 09:00:00+00:00,tt_tbsimatupang,47.0,27.0,40.46153846153846,48.14107,32.293804
3,2026-08-20 09:00:00+00:00,tt_thamrin,18.0,12.0,17.615384615384617,15.928654,20.580318
3,2026-08-20 11:00:00+00:00,tt_bekasi,18.0,16.0,14.692307692307692,15.588548,23.440945
3,2026-08-20 11:00:00+00:00,tt_bogor,35.0,36.0,33.07692307692308,36.94003,33.457054
3,2026-08-20 11:00:00+00:00,tt_bsd,34.0,34.0,32.07692307692308,33.011715,36.25015
3,2026-08-20 11:00:00+00:00,tt_cawang,33.0,21.0,29.23076923076923,34.847275,27.504816
3,2026-08-20 11:00:00+00:00,tt_depok,26.0,26.0,24.846153846153847,26.159239,33.457054
3,2026-08-20 11:00:00+00:00,tt_gatsu,7.0,20.0,16.615384615384617,35.0876,27.664196
3,2026-08-20 11:00:00+00:00,tt_grogol,29.0,29.0,32.69230769230769,34.68859,30.467745
3,2026-08-20 11:00:00+00:00,tt_kebonjeruk,18.0,22.0,21.923076923076923,23.465843,31.347069
3,2026-08-20 11:00:00+00:00,tt_kelapagading,21.0,20.0,20.076923076923077,23.772827,22.683102
3,2026-08-20 11:00:00+00:00,tt_kuningan,16.0,21.0,15.153846153846152,17.210415,27.680656
3,2026-08-20 11:00:00+00:00,tt_sudirman,12.0,20.0,18.53846153846154,25.18341,25.746359
3,2026-08-20 11:00:00+00:00,tt_tangerang,35.0,37.0,38.0,42.992947,34.469406
3,2026-08-20 11:00:00+00:00,tt_tbsimatupang,24.0,49.0,39.92307692307692,57.678978,33.6148
3,2026-08-20 11:00:00+00:00,tt_thamrin,10.0,12.0,13.0,16.334589,22.225079
3,2026-08-20 12:00:00+00:00,tt_bekasi,14.0,14.0,14.857142857142858,16.290312,25.233727
3,2026-08-20 12:00:00+00:00,tt_bogor,37.0,34.0,34.0,38.12516,35.311302
3,2026-08-20 12:00:00+00:00,tt_bsd,34.0,28.0,32.642857142857146,32.957317,35.321617
3,2026-08-20 12:00:00+00:00,tt_cawang,43.0,30.0,34.142857142857146,38.286617,28.26017
3,2026-08-20 12:00:00+00:00,tt_depok,24.0,26.0,23.857142857142858,26.547247,35.311302
3,2026-08-20 12:00:00+00:00,tt_gatsu,10.0,32.0,24.785714285714285,36.271236,28.283312
3,2026-08-20 12:00:00+00:00,tt_grogol,32.0,31.0,33.07142857142857,35.390507,31.600044
3,2026-08-20 12:00:00+00:00,tt_kebonjeruk,23.0,21.0,23.571428571428573,25.691568,32.336433
3,2026-08-20 12:00:00+00:00,tt_kelapagading,21.0,21.0,20.714285714285715,24.92544,24.025646
3,2026-08-20 12:00:00+00:00,tt_kuningan,13.0,13.0,13.785714285714286,17.068846,28.717897
3,2026-08-20 12:00:00+00:00,tt_sudirman,22.0,23.0,23.714285714285715,27.622782,26.05052
3,2026-08-20 12:00:00+00:00,tt_tangerang,48.0,34.0,43.57142857142857,43.90928,33.059956
3,2026-08-20 12:00:00+00:00,tt_tbsimatupang,40.0,47.0,58.92857142857143,61.79551,34.390495
3,2026-08-20 12:00:00+00:00,tt_thamrin,9.0,18.0,12.785714285714286,16.81029,22.810167
3,2026-08-20 14:00:00+00:00,tt_bekasi,18.0,18.0,17.23076923076923,19.258305,21.850565
3,2026-08-20 14:00:00+00:00,tt_bogor,38.0,35.0,39.30769230769231,39.35825,41.24575
3,2026-08-20 14:00:00+00:00,tt_bsd,27.0,34.0,33.23076923076923,32.45311,33.847126
3,2026-08-20 14:00:00+00:00,tt_cawang,32.0,33.0,39.53846153846154,37.655,25.07036
3,2026-08-20 14:00:00+00:00,tt_depok,31.0,26.0,27.0,26.342913,41.24575
3,2026-08-20 14:00:00+00:00,tt_gatsu,45.0,7.0,45.0,37.924664,25.412823
3,2026-08-20 14:00:00+00:00,tt_grogol,40.0,29.0,38.30769230769231,35.195583,29.103754
3,2026-08-20 14:00:00+00:00,tt_kebonjeruk,28.0,18.0,28.692307692307693,27.394323,31.02212
3,2026-08-20 14:00:00+00:00,tt_kelapagading,29.0,21.0,25.615384615384617,25.052488,22.719181
3,2026-08-20 14:00:00+00:00,tt_kuningan,16.0,16.0,18.23076923076923,15.992131,26.390171
3,2026-08-20 14:00:00+00:00,tt_sudirman,39.0,12.0,31.153846153846153,27.914234,20.944424
3,2026-08-20 14:00:00+00:00,tt_tangerang,48.0,35.0,48.0,45.356762,34.953045
3,2026-08-20 14:00:00+00:00,tt_tbsimatupang,59.0,24.0,68.23076923076923,65.96216,38.845684
3,2026-08-20 14:00:00+00:00,tt_thamrin,13.0,10.0,17.846153846153847,14.440579,22.027843
3,2026-08-20 16:00:00+00:00,tt_bekasi,15.0,14.0,18.0,19.426851,23.95525
3,2026-08-20 16:00:00+00:00,tt_bogor,45.0,37.0,43.44444444444444,41.193817,38.172703
3,2026-08-20 16:00:00+00:00,tt_bsd,34.0,34.0,34.0,34.317085,40.333797
3,2026-08-20 16:00:00+00:00,tt_cawang,43.0,43.0,42.22222222222222,42.12522,23.993553
3,2026-08-20 16:00:00+00:00,tt_depok,31.0,24.0,31.0,27.796831,38.172703
3,2026-08-20 16:00:00+00:00,tt_gatsu,45.0,10.0,45.0,42.527958,24.410053
3,2026-08-20 16:00:00+00:00,tt_grogol,40.0,32.0,40.0,38.405178,24.415506
3,2026-08-20 16:00:00+00:00,tt_kebonjeruk,35.0,23.0,34.333333333333336,31.36231,23.650635
3,2026-08-20 16:00:00+00:00,tt_kelapagading,29.0,21.0,28.555555555555557,25.853493,23.97302
3,2026-08-20 16:00:00+00:00,tt_kuningan,21.0,13.0,20.11111111111111,16.394405,24.761536
3,2026-08-20 16:00:00+00:00,tt_sudirman,39.0,22.0,37.22222222222222,31.602428,23.65343
3,2026-08-20 16:00:00+00:00,tt_tangerang,48.0,48.0,48.0,48.04206,41.589592
3,2026-08-20 16:00:00+00:00,tt_tbsimatupang,72.0,40.0,72.0,70.71131,29.869883
3,2026-08-20 16:00:00+00:00,tt_thamrin,22.0,9.0,20.0,15.131072,23.44622
3,2026-08-20 17:00:00+00:00,tt_bekasi,18.0,18.0,18.0,18.276049,28.264894
3,2026-08-20 17:00:00+00:00,tt_bogor,45.0,38.0,44.27272727272727,42.368984,41.087868
3,2026-08-20 17:00:00+00:00,tt_bsd,34.0,27.0,33.63636363636363,34.326317,43.14109
3,2026-08-20 17:00:00+00:00,tt_cawang,43.0,32.0,43.0,46.221157,35.63389
3,2026-08-20 17:00:00+00:00,tt_depok,31.0,31.0,31.0,29.93615,41.087868
3,2026-08-20 17:00:00+00:00,tt_gatsu,45.0,45.0,45.0,43.64696,35.23048
3,2026-08-20 17:00:00+00:00,tt_grogol,40.0,40.0,39.45454545454545,40.98622,33.497005
3,2026-08-20 17:00:00+00:00,tt_kebonjeruk,35.0,28.0,35.0,34.19276,29.628338
3,2026-08-20 17:00:00+00:00,tt_kelapagading,29.0,29.0,29.0,26.834139,25.613209
3,2026-08-20 17:00:00+00:00,tt_kuningan,21.0,16.0,21.0,19.846733,34.599884
3,2026-08-20 17:00:00+00:00,tt_sudirman,39.0,39.0,38.0,36.734886,28.450592
3,2026-08-20 17:00:00+00:00,tt_tangerang,48.0,48.0,48.0,47.414066,44.185455
3,2026-08-20 17:00:00+00:00,tt_tbsimatupang,72.0,59.0,72.0,73.26525,40.600357
3,2026-08-20 17:00:00+00:00,tt_thamrin,22.0,13.0,22.0,21.369003,26.639414
3,2026-08-20 19:00:00+00:00,tt_bekasi,18.0,15.0,18.0,18.385605,26.29605
3,2026-08-20 19:00:00+00:00,tt_bogor,45.0,45.0,44.72727272727273,44.70974,45.078316
3,2026-08-20 19:00:00+00:00,tt_bsd,34.0,34.0,34.0,34.2796,46.167175
3,2026-08-20 19:00:00+00:00,tt_cawang,43.0,43.0,43.0,44.488995,37.687588
3,2026-08-20 19:00:00+00:00,tt_depok,31.0,31.0,31.0,32.298943,45.078316
3,2026-08-20 19:00:00+00:00,tt_gatsu,45.0,45.0,45.0,45.24136,36.786705
3,2026-08-20 19:00:00+00:00,tt_grogol,40.0,40.0,40.0,41.75247,37.341072
3,2026-08-20 19:00:00+00:00,tt_kebonjeruk,35.0,35.0,35.0,35.730885,35.849247
3,2026-08-20 19:00:00+00:00,tt_kelapagading,29.0,29.0,29.0,28.791227,25.757938
3,2026-08-20 19:00:00+00:00,tt_kuningan,21.0,21.0,21.0,21.391567,38.68514
3,2026-08-20 19:00:00+00:00,tt_sudirman,39.0,39.0,38.0,39.64316,32.86716
3,2026-08-20 19:00:00+00:00,tt_tangerang,48.0,48.0,48.0,48.61104,46.008865
3,2026-08-20 19:00:00+00:00,tt_tbsimatupang,72.0,72.0,72.0,75.301,47.329258
3,2026-08-20 19:00:00+00:00,tt_thamrin,22.0,22.0,22.0,23.377216,27.323952
3,2026-08-20 21:00:00+00:00,tt_bekasi,18.0,18.0,18.0,17.701435,26.573875
3,2026-08-20 21:00:00+00:00,tt_bogor,45.0,45.0,45.0,44.574326,43.817673
3,2026-08-20 21:00:00+00:00,tt_bsd,34.0,34.0,34.0,33.572086,44.287132
3,2026-08-20 21:00:00+00:00,tt_cawang,43.0,43.0,43.0,39.898026,36.443676
3,2026-08-20 21:00:00+00:00,tt_depok,31.0,31.0,31.0,31.382494,43.817673
3,2026-08-20 21:00:00+00:00,tt_gatsu,45.0,45.0,45.0,45.36211,35.723694
3,2026-08-20 21:00:00+00:00,tt_grogol,40.0,40.0,40.0,39.918297,37.628826
3,2026-08-20 21:00:00+00:00,tt_kebonjeruk,35.0,35.0,35.0,35.07703,37.78729
3,2026-08-20 21:00:00+00:00,tt_kelapagading,29.0,29.0,29.0,29.676525,25.48341
3,2026-08-20 21:00:00+00:00,tt_kuningan,21.0,21.0,21.0,20.144115,37.196075
3,2026-08-20 21:00:00+00:00,tt_sudirman,39.0,39.0,38.0,38.50908,33.163147
3,2026-08-20 21:00:00+00:00,tt_tangerang,48.0,48.0,48.0,48.937134,44.091682
3,2026-08-20 21:00:00+00:00,tt_tbsimatupang,72.0,72.0,72.0,69.6562,46.544613
3,2026-08-20 21:00:00+00:00,tt_thamrin,22.0,22.0,21.8,22.852041,25.973282
3,2026-08-20 22:00:00+00:00,tt_bekasi,18.0,18.0,18.0,17.650484,25.27117
3,2026-08-20 22:00:00+00:00,tt_bogor,45.0,45.0,45.0,43.2734,41.82587
3,2026-08-20 22:00:00+00:00,tt_bsd,34.0,34.0,33.6,33.447983,42.595135
3,2026-08-20 22:00:00+00:00,tt_cawang,43.0,43.0,40.9,36.88796,34.370106
3,2026-08-20 22:00:00+00:00,tt_depok,31.0,31.0,31.0,30.442373,41.82587
3,2026-08-20 22:00:00+00:00,tt_gatsu,45.0,45.0,45.0,45.13707,33.850307
3,2026-08-20 22:00:00+00:00,tt_grogol,40.0,40.0,40.0,39.065235,36.571804
3,2026-08-20 22:00:00+00:00,tt_kebonjeruk,35.0,35.0,35.0,34.496696,37.312
3,2026-08-20 22:00:00+00:00,tt_kelapagading,29.0,29.0,29.0,29.297813,25.344181
3,2026-08-20 22:00:00+00:00,tt_kuningan,21.0,21.0,21.0,19.974756,35.011086
3,2026-08-20 22:00:00+00:00,tt_sudirman,39.0,39.0,38.0,37.021355,32.88235
3,2026-08-20 22:00:00+00:00,tt_tangerang,48.0,48.0,48.0,48.16001,42.026722
3,2026-08-20 22:00:00+00:00,tt_tbsimatupang,72.0,72.0,72.0,64.911804,44.702385
3,2026-08-20 22:00:00+00:00,tt_thamrin,22.0,22.0,22.0,22.328405,25.595272
3,2026-08-21 00:00:00+00:00,tt_bekasi,18.0,18.0,18.0,17.848015,21.399231
3,2026-08-21 00:00:00+00:00,tt_bogor,35.0,45.0,36.2,40.872818,36.71476
3,2026-08-21 00:00:00+00:00,tt_bsd,29.0,34.0,31.5,33.24402,36.69316
3,2026-08-21 00:00:00+00:00,tt_cawang,18.0,43.0,22.6,30.430546,30.313658
3,2026-08-21 00:00:00+00:00,tt_depok,25.0,31.0,30.2,29.589966,36.71476
3,2026-08-21 00:00:00+00:00,tt_gatsu,45.0,45.0,44.2,44.256756,30.289675
3,2026-08-21 00:00:00+00:00,tt_grogol,34.0,40.0,35.9,37.07543,33.37014
3,2026-08-21 00:00:00+00:00,tt_kebonjeruk,25.0,35.0,29.5,32.362633,34.808147
3,2026-08-21 00:00:00+00:00,tt_kelapagading,26.0,29.0,28.3,28.039158,24.89571
3,2026-08-21 00:00:00+00:00,tt_kuningan,21.0,21.0,21.0,20.509413,30.758183
3,2026-08-21 00:00:00+00:00,tt_sudirman,31.0,39.0,31.4,34.03943,31.86201
3,2026-08-21 00:00:00+00:00,tt_tangerang,37.0,48.0,44.3,45.41588,35.03366
3,2026-08-21 00:00:00+00:00,tt_tbsimatupang,32.0,72.0,42.1,53.423298,39.296036
3,2026-08-21 00:00:00+00:00,tt_thamrin,22.0,22.0,20.3,20.790068,23.791803
3,2026-08-21 02:00:00+00:00,tt_bekasi,17.0,18.0,17.692307692307693,17.989088,18.815134
3,2026-08-21 02:00:00+00:00,tt_bogor,37.0,45.0,36.46153846153846,38.053375,33.19392
3,2026-08-21 02:00:00+00:00,tt_bsd,28.0,34.0,32.30769230769231,33.511986,33.739994
3,2026-08-21 02:00:00+00:00,tt_cawang,19.0,43.0,21.0,24.207405,29.806454
3,2026-08-21 02:00:00+00:00,tt_depok,26.0,31.0,29.23076923076923,29.384193,33.19392
3,2026-08-21 02:00:00+00:00,tt_gatsu,45.0,45.0,40.76923076923077,43.431522,29.716156
3,2026-08-21 02:00:00+00:00,tt_grogol,31.0,40.0,31.076923076923077,35.887432,33.30144
3,2026-08-21 02:00:00+00:00,tt_kebonjeruk,26.0,35.0,25.307692307692307,29.358284,34.05139
3,2026-08-21 02:00:00+00:00,tt_kelapagading,29.0,29.0,26.846153846153847,26.577602,23.732018
3,2026-08-21 02:00:00+00:00,tt_kuningan,21.0,21.0,18.23076923076923,21.344593,30.16043
3,2026-08-21 02:00:00+00:00,tt_sudirman,23.0,39.0,25.384615384615383,31.515345,29.920822
3,2026-08-21 02:00:00+00:00,tt_tangerang,37.0,48.0,43.84615384615385,43.085224,31.70948
3,2026-08-21 02:00:00+00:00,tt_tbsimatupang,37.0,72.0,29.923076923076923,43.88499,35.10684
3,2026-08-21 02:00:00+00:00,tt_thamrin,22.0,22.0,17.846153846153847,18.811443,20.115744
3,2026-08-21 03:00:00+00:00,tt_bekasi,15.0,18.0,17.727272727272727,19.991035,15.323126
3,2026-08-21 03:00:00+00:00,tt_bogor,38.0,35.0,37.90909090909091,34.074577,30.368736
3,2026-08-21 03:00:00+00:00,tt_bsd,34.0,29.0,32.0,30.825144,30.258528
3,2026-08-21 03:00:00+00:00,tt_cawang,21.0,18.0,21.818181818181817,19.379486,27.461597
3,2026-08-21 03:00:00+00:00,tt_depok,31.0,25.0,26.545454545454547,28.242039,30.368736
3,2026-08-21 03:00:00+00:00,tt_gatsu,45.0,45.0,43.90909090909091,42.81968,27.199175
3,2026-08-21 03:00:00+00:00,tt_grogol,27.0,34.0,31.272727272727273,29.846443,27.455833
3,2026-08-21 03:00:00+00:00,tt_kebonjeruk,24.0,25.0,25.0,23.54776,28.230272
3,2026-08-21 03:00:00+00:00,tt_kelapagading,23.0,26.0,24.636363636363637,23.21346,20.912815
3,2026-08-21 03:00:00+00:00,tt_kuningan,16.0,21.0,18.545454545454547,18.98661,27.809145
3,2026-08-21 03:00:00+00:00,tt_sudirman,28.0,31.0,32.27272727272727,29.437696,27.986479
3,2026-08-21 03:00:00+00:00,tt_tangerang,48.0,37.0,39.54545454545455,40.416367,28.874287
3,2026-08-21 03:00:00+00:00,tt_tbsimatupang,48.0,32.0,37.45454545454545,32.037846,29.768894
3,2026-08-21 03:00:00+00:00,tt_thamrin,16.0,22.0,18.90909090909091,19.372416,16.123272
3,2026-08-21 05:00:00+00:00,tt_bekasi,16.0,17.0,18.0,16.545486,19.825819
3,2026-08-21 05:00:00+00:00,tt_bogor,45.0,37.0,39.6,35.288292,35.101524
3,2026-08-21 05:00:00+00:00,tt_bsd,34.0,28.0,32.4,31.850517,34.671555
3,2026-08-21 05:00:00+00:00,tt_cawang,43.0,19.0,23.3,20.437687,32.10103
3,2026-08-21 05:00:00+00:00,tt_depok,31.0,26.0,28.2,25.900251,35.101524
3,2026-08-21 05:00:00+00:00,tt_gatsu,45.0,45.0,45.0,38.174423,31.555988
3,2026-08-21 05:00:00+00:00,tt_grogol,32.0,31.0,32.0,29.264345,29.937984
3,2026-08-21 05:00:00+00:00,tt_kebonjeruk,27.0,26.0,25.2,23.883856,29.854498
3,2026-08-21 05:00:00+00:00,tt_kelapagading,23.0,29.0,21.4,21.76024,24.38978
3,2026-08-21 05:00:00+00:00,tt_kuningan,21.0,21.0,18.2,16.769112,32.46241
3,2026-08-21 05:00:00+00:00,tt_sudirman,34.0,23.0,28.4,25.580242,31.845179
3,2026-08-21 05:00:00+00:00,tt_tangerang,48.0,37.0,39.6,39.337242,32.135708
3,2026-08-21 05:00:00+00:00,tt_tbsimatupang,72.0,37.0,45.0,35.930737,34.188793
3,2026-08-21 05:00:00+00:00,tt_thamrin,21.0,22.0,18.9,16.149813,20.802895
3,2026-08-21 07:00:00+00:00,tt_bekasi,14.0,15.0,17.75,14.265218,17.94999
3,2026-08-21 07:00:00+00:00,tt_bogor,35.0,38.0,36.083333333333336,34.083378,35.13094
3,2026-08-21 07:00:00+00:00,tt_bsd,34.0,34.0,31.75,33.005116,36.917614
3,2026-08-21 07:00:00+00:00,tt_cawang,28.0,21.0,28.666666666666668,25.531881,28.883598
3,2026-08-21 07:00:00+00:00,tt_depok,25.0,31.0,26.5,25.204693,35.13094
3,2026-08-21 07:00:00+00:00,tt_gatsu,36.0,45.0,34.5,35.56096,28.74937
3,2026-08-21 07:00:00+00:00,tt_grogol,28.0,27.0,31.666666666666668,32.126926,29.66249
3,2026-08-21 07:00:00+00:00,tt_kebonjeruk,21.0,24.0,22.416666666666668,23.453928,30.046703
3,2026-08-21 07:00:00+00:00,tt_kelapagading,20.0,23.0,21.166666666666668,21.055147,23.279484
3,2026-08-21 07:00:00+00:00,tt_kuningan,21.0,16.0,18.666666666666668,17.420908,30.072289
3,2026-08-21 07:00:00+00:00,tt_sudirman,18.0,28.0,24.583333333333332,24.291042,27.538181
3,2026-08-21 07:00:00+00:00,tt_tangerang,39.0,48.0,43.666666666666664,40.373005,36.626472
3,2026-08-21 07:00:00+00:00,tt_tbsimatupang,52.0,48.0,56.416666666666664,42.19115,35.295498
3,2026-08-21 07:00:00+00:00,tt_thamrin,18.0,16.0,17.0,15.658214,18.718182
3,2026-08-21 08:00:00+00:00,tt_bekasi,16.0,16.0,15.923076923076923,12.8728895,22.607124
3,2026-08-21 08:00:00+00:00,tt_bogor,34.0,45.0,34.61538461538461,34.19597,39.452126
3,2026-08-21 08:00:00+00:00,tt_bsd,34.0,34.0,32.07692307692308,34.45646,38.32267
3,2026-08-21 08:00:00+00:00,tt_cawang,31.0,43.0,35.15384615384615,29.599438,37.104195
3,2026-08-21 08:00:00+00:00,tt_depok,25.0,31.0,27.384615384615383,25.811735,39.452126
3,2026-08-21 08:00:00+00:00,tt_gatsu,35.0,45.0,30.46153846153846,34.498146,37.780735
3,2026-08-21 08:00:00+00:00,tt_grogol,29.0,32.0,31.384615384615383,35.538876,33.663113
3,2026-08-21 08:00:00+00:00,tt_kebonjeruk,24.0,27.0,21.923076923076923,24.989107,34.104797
3,2026-08-21 08:00:00+00:00,tt_kelapagading,21.0,23.0,20.923076923076923,21.988857,25.876663
3,2026-08-21 08:00:00+00:00,tt_kuningan,17.0,21.0,19.53846153846154,18.905128,38.628933
3,2026-08-21 08:00:00+00:00,tt_sudirman,24.0,34.0,22.846153846153847,25.65399,30.438469
3,2026-08-21 08:00:00+00:00,tt_tangerang,40.0,48.0,37.61538461538461,40.349377,38.341824
3,2026-08-21 08:00:00+00:00,tt_tbsimatupang,38.0,72.0,43.0,48.862717,39.954937
3,2026-08-21 08:00:00+00:00,tt_thamrin,10.0,21.0,15.461538461538462,15.31952,22.290003
3,2026-08-21 10:00:00+00:00,tt_bekasi,15.0,14.0,15.3,15.418548,20.476841
3,2026-08-21 10:00:00+00:00,tt_bogor,32.0,35.0,31.5,36.67756,33.69081
3,2026-08-21 10:00:00+00:00,tt_bsd,34.0,34.0,32.0,33.863956,32.918575
3,2026-08-21 10:00:00+00:00,tt_cawang,22.0,28.0,29.9,32.119896,35.61083
3,2026-08-21 10:00:00+00:00,tt_depok,24.0,25.0,23.6,25.884712,33.69081
3,2026-08-21 10:00:00+00:00,tt_gatsu,34.0,36.0,23.1,35.10013,36.54837
3,2026-08-21 10:00:00+00:00,tt_grogol,32.0,28.0,32.1,35.414642,34.24891
3,2026-08-21 10:00:00+00:00,tt_kebonjeruk,20.0,21.0,21.4,24.71818,35.068756
3,2026-08-21 10:00:00+00:00,tt_kelapagading,19.0,20.0,20.9,22.972204,21.234947
3,2026-08-21 10:00:00+00:00,tt_kuningan,13.0,21.0,15.3,17.29355,36.95253
3,2026-08-21 10:00:00+00:00,tt_sudirman,22.0,18.0,19.4,27.182676,27.14454
3,2026-08-21 10:00:00+00:00,tt_tangerang,29.0,39.0,36.3,43.45622,37.918312
3,2026-08-21 10:00:00+00:00,tt_tbsimatupang,27.0,52.0,34.0,54.252106,36.0094
3,2026-08-21 10:00:00+00:00,tt_thamrin,19.0,18.0,15.5,14.122756,19.31527
6,2026-08-18 07:00:00+00:00,tt_bekasi,15.0,16.0,17.75,16.231527,25.021667
6,2026-08-18 07:00:00+00:00,tt_bogor,34.0,34.0,36.083333333333336,34.87058,35.479298
6,2026-08-18 07:00:00+00:00,tt_bsd,30.0,34.0,31.75,33.014824,34.533485
6,2026-08-18 07:00:00+00:00,tt_cawang,43.0,19.0,28.666666666666668,25.297392,30.082327
6,2026-08-18 07:00:00+00:00,tt_depok,31.0,27.0,26.5,26.523607,35.479298
6,2026-08-18 07:00:00+00:00,tt_gatsu,45.0,45.0,34.5,34.01866,28.22083
6,2026-08-18 07:00:00+00:00,tt_grogol,32.0,24.0,31.666666666666668,30.20835,28.970596
6,2026-08-18 07:00:00+00:00,tt_kebonjeruk,25.0,27.0,22.416666666666668,22.813509,27.587257
6,2026-08-18 07:00:00+00:00,tt_kelapagading,22.0,29.0,21.166666666666668,21.724371,24.124851
6,2026-08-18 07:00:00+00:00,tt_kuningan,15.0,21.0,18.666666666666668,17.179218,29.316349
6,2026-08-18 07:00:00+00:00,tt_sudirman,28.0,33.0,24.583333333333332,22.651266,36.152584
6,2026-08-18 07:00:00+00:00,tt_tangerang,38.0,38.0,43.666666666666664,38.685734,35.520042
6,2026-08-18 07:00:00+00:00,tt_tbsimatupang,57.0,31.0,56.416666666666664,43.01361,35.42112
6,2026-08-18 07:00:00+00:00,tt_thamrin,22.0,19.0,17.0,17.424768,16.961243
6,2026-08-18 09:00:00+00:00,tt_bekasi,14.0,16.0,15.692307692307692,17.469358,14.040815
6,2026-08-18 09:00:00+00:00,tt_bogor,35.0,36.0,33.84615384615385,35.471577,32.279926
6,2026-08-18 09:00:00+00:00,tt_bsd,28.0,34.0,32.69230769230769,30.340061,33.68404
6,2026-08-18 09:00:00+00:00,tt_cawang,29.0,21.0,30.923076923076923,32.622723,28.626017
6,2026-08-18 09:00:00+00:00,tt_depok,24.0,31.0,23.846153846153847,25.868082,32.279926
6,2026-08-18 09:00:00+00:00,tt_gatsu,45.0,33.0,36.0,32.16133,27.689735
6,2026-08-18 09:00:00+00:00,tt_grogol,32.0,26.0,32.15384615384615,32.618965,29.162922
6,2026-08-18 09:00:00+00:00,tt_kebonjeruk,23.0,26.0,22.692307692307693,24.54859,29.373466
6,2026-08-18 09:00:00+00:00,tt_kelapagading,23.0,29.0,21.692307692307693,22.308775,26.284384
6,2026-08-18 09:00:00+00:00,tt_kuningan,21.0,21.0,18.46153846153846,17.27257,28.714005
6,2026-08-18 09:00:00+00:00,tt_sudirman,31.0,23.0,24.0,23.433321,26.451529
6,2026-08-18 09:00:00+00:00,tt_tangerang,38.0,48.0,40.53846153846154,39.408016,38.652267
6,2026-08-18 09:00:00+00:00,tt_tbsimatupang,43.0,16.0,40.46153846153846,50.308414,31.930323
6,2026-08-18 09:00:00+00:00,tt_thamrin,22.0,17.0,17.615384615384617,17.994726,21.541744
6,2026-08-18 10:00:00+00:00,tt_bekasi,14.0,15.0,15.3,18.39616,16.936596
6,2026-08-18 10:00:00+00:00,tt_bogor,35.0,33.0,31.5,37.347824,32.610542
6,2026-08-18 10:00:00+00:00,tt_bsd,34.0,28.0,32.0,31.774399,34.857407
6,2026-08-18 10:00:00+00:00,tt_cawang,30.0,22.0,29.9,36.252884,27.974731
6,2026-08-18 10:00:00+00:00,tt_depok,25.0,31.0,23.6,26.399477,32.610542
6,2026-08-18 10:00:00+00:00,tt_gatsu,4.0,32.0,23.1,30.727972,27.301186
6,2026-08-18 10:00:00+00:00,tt_grogol,31.0,27.0,32.1,33.745625,30.68116
6,2026-08-18 10:00:00+00:00,tt_kebonjeruk,21.0,25.0,21.4,24.619907,31.059378
6,2026-08-18 10:00:00+00:00,tt_kelapagading,21.0,29.0,20.9,22.416794,26.429665
6,2026-08-18 10:00:00+00:00,tt_kuningan,14.0,16.0,15.3,18.46805,27.963453
6,2026-08-18 10:00:00+00:00,tt_sudirman,23.0,24.0,19.4,25.603415,28.059084
6,2026-08-18 10:00:00+00:00,tt_tangerang,34.0,36.0,36.3,38.98412,39.483383
6,2026-08-18 10:00:00+00:00,tt_tbsimatupang,44.0,55.0,34.0,50.700584,31.007048
6,2026-08-18 10:00:00+00:00,tt_thamrin,22.0,18.0,15.5,18.105158,17.92574
6,2026-08-18 12:00:00+00:00,tt_bekasi,14.0,15.0,14.857142857142858,16.626278,22.610674
6,2026-08-18 12:00:00+00:00,tt_bogor,35.0,38.0,34.0,38.489403,33.932873
6,2026-08-18 12:00:00+00:00,tt_bsd,34.0,28.0,32.642857142857146,32.0538,36.69021
6,2026-08-18 12:00:00+00:00,tt_cawang,34.0,28.0,34.142857142857146,39.182747,29.037561
6,2026-08-18 12:00:00+00:00,tt_depok,26.0,26.0,23.857142857142858,26.505678,33.932873
6,2026-08-18 12:00:00+00:00,tt_gatsu,45.0,45.0,24.785714285714285,33.61639,29.490961
6,2026-08-18 12:00:00+00:00,tt_grogol,32.0,36.0,33.07142857142857,35.939682,33.39837
6,2026-08-18 12:00:00+00:00,tt_kebonjeruk,25.0,22.0,23.571428571428573,26.465572,33.334053
6,2026-08-18 12:00:00+00:00,tt_kelapagading,22.0,22.0,20.714285714285715,22.470322,25.967857
6,2026-08-18 12:00:00+00:00,tt_kuningan,13.0,21.0,13.785714285714286,18.641474,31.362822
6,2026-08-18 12:00:00+00:00,tt_sudirman,29.0,31.0,23.714285714285715,29.361803,29.819769
6,2026-08-18 12:00:00+00:00,tt_tangerang,48.0,41.0,43.57142857142857,41.228905,39.556915
6,2026-08-18 12:00:00+00:00,tt_tbsimatupang,72.0,51.0,58.92857142857143,56.19156,34.613182
6,2026-08-18 12:00:00+00:00,tt_thamrin,17.0,20.0,12.785714285714286,17.379517,21.37606
6,2026-08-18 14:00:00+00:00,tt_bekasi,16.0,15.0,17.23076923076923,18.219221,23.558706
6,2026-08-18 14:00:00+00:00,tt_bogor,45.0,34.0,39.30769230769231,41.35619,37.64279
6,2026-08-18 14:00:00+00:00,tt_bsd,34.0,30.0,33.23076923076923,32.104816,39.886627
6,2026-08-18 14:00:00+00:00,tt_cawang,32.0,43.0,39.53846153846154,40.439915,33.60711
6,2026-08-18 14:00:00+00:00,tt_depok,26.0,31.0,27.0,27.418741,37.64279
6,2026-08-18 14:00:00+00:00,tt_gatsu,45.0,45.0,45.0,37.7366,34.509094
6,2026-08-18 14:00:00+00:00,tt_grogol,40.0,32.0,38.30769230769231,38.831795,37.226887
6,2026-08-18 14:00:00+00:00,tt_kebonjeruk,31.0,25.0,28.692307692307693,30.11001,37.16205
6,2026-08-18 14:00:00+00:00,tt_kelapagading,29.0,22.0,25.615384615384617,25.302086,26.048859
6,2026-08-18 14:00:00+00:00,tt_kuningan,16.0,15.0,18.23076923076923,20.076866,37.102276
6,2026-08-18 14:00:00+00:00,tt_sudirman,30.0,28.0,31.153846153846153,33.683147,27.860943
6,2026-08-18 14:00:00+00:00,tt_tangerang,48.0,38.0,48.0,43.92806,40.780754
6,2026-08-18 14:00:00+00:00,tt_tbsimatupang,72.0,57.0,68.23076923076923,61.224976,40.268875
6,2026-08-18 14:00:00+00:00,tt_thamrin,22.0,22.0,17.846153846153847,18.753105,23.079882
6,2026-08-18 15:00:00+00:00,tt_bekasi,16.0,14.0,18.0,17.359133,21.874699
6,2026-08-18 15:00:00+00:00,tt_bogor,45.0,35.0,43.416666666666664,40.707443,37.408432
6,2026-08-18 15:00:00+00:00,tt_bsd,34.0,28.0,34.0,33.000687,39.64654
6,2026-08-18 15:00:00+00:00,tt_cawang,43.0,29.0,39.75,40.273857,34.90768
6,2026-08-18 15:00:00+00:00,tt_depok,31.0,24.0,30.5,28.791914,37.408432
6,2026-08-18 15:00:00+00:00,tt_gatsu,45.0,45.0,45.0,40.166313,34.08665
6,2026-08-18 15:00:00+00:00,tt_grogol,40.0,32.0,40.0,39.285717,39.627537
6,2026-08-18 15:00:00+00:00,tt_kebonjeruk,35.0,23.0,34.166666666666664,32.082207,39.58988
6,2026-08-18 15:00:00+00:00,tt_kelapagading,29.0,23.0,28.333333333333332,25.353281,25.783825
6,2026-08-18 15:00:00+00:00,tt_kuningan,21.0,21.0,19.666666666666668,20.189816,36.67325
6,2026-08-18 15:00:00+00:00,tt_sudirman,39.0,31.0,35.833333333333336,33.661716,28.050133
6,2026-08-18 15:00:00+00:00,tt_tangerang,48.0,38.0,46.333333333333336,45.2066,41.96405
6,2026-08-18 15:00:00+00:00,tt_tbsimatupang,72.0,43.0,72.0,64.53969,40.476807
6,2026-08-18 15:00:00+00:00,tt_thamrin,22.0,22.0,18.583333333333332,19.405174,24.49909
6,2026-08-18 17:00:00+00:00,tt_bekasi,17.0,14.0,18.0,17.991772,23.632315
6,2026-08-18 17:00:00+00:00,tt_bogor,45.0,35.0,44.27272727272727,42.992542,36.109592
6,2026-08-18 17:00:00+00:00,tt_bsd,34.0,34.0,33.63636363636363,34.024525,28.74043
6,2026-08-18 17:00:00+00:00,tt_cawang,43.0,30.0,43.0,41.078957,20.795734
6,2026-08-18 17:00:00+00:00,tt_depok,31.0,25.0,31.0,30.247168,36.109592
6,2026-08-18 17:00:00+00:00,tt_gatsu,45.0,4.0,45.0,43.54405,19.43148
6,2026-08-18 17:00:00+00:00,tt_grogol,40.0,31.0,39.45454545454545,40.286217,24.893293
6,2026-08-18 17:00:00+00:00,tt_kebonjeruk,35.0,21.0,35.0,36.02181,24.575768
6,2026-08-18 17:00:00+00:00,tt_kelapagading,29.0,21.0,29.0,28.838673,26.110868
6,2026-08-18 17:00:00+00:00,tt_kuningan,21.0,14.0,21.0,21.138926,25.563942
6,2026-08-18 17:00:00+00:00,tt_sudirman,39.0,23.0,38.0,36.02026,24.755608
6,2026-08-18 17:00:00+00:00,tt_tangerang,48.0,34.0,48.0,48.020298,40.10187
6,2026-08-18 17:00:00+00:00,tt_tbsimatupang,72.0,44.0,72.0,70.605705,41.328888
6,2026-08-18 17:00:00+00:00,tt_thamrin,22.0,22.0,22.0,22.214485,25.464159
6,2026-08-18 19:00:00+00:00,tt_bekasi,17.0,14.0,18.0,18.465155,26.840876
6,2026-08-18 19:00:00+00:00,tt_bogor,45.0,35.0,44.72727272727273,45.94907,34.41282
6,2026-08-18 19:00:00+00:00,tt_bsd,34.0,34.0,34.0,34.123146,38.465965
6,2026-08-18 19:00:00+00:00,tt_cawang,43.0,34.0,43.0,41.44116,27.461246
6,2026-08-18 19:00:00+00:00,tt_depok,31.0,26.0,31.0,30.23473,34.41282
6,2026-08-18 19:00:00+00:00,tt_gatsu,45.0,45.0,45.0,44.72535,33.800858
6,2026-08-18 19:00:00+00:00,tt_grogol,40.0,32.0,40.0,40.859673,27.556831
6,2026-08-18 19:00:00+00:00,tt_kebonjeruk,35.0,25.0,35.0,36.450382,28.040552
6,2026-08-18 19:00:00+00:00,tt_kelapagading,29.0,22.0,29.0,29.898315,26.261164
6,2026-08-18 19:00:00+00:00,tt_kuningan,21.0,13.0,21.0,20.657835,38.973915
6,2026-08-18 19:00:00+00:00,tt_sudirman,39.0,29.0,38.0,39.206078,26.964653
6,2026-08-18 19:00:00+00:00,tt_tangerang,48.0,48.0,48.0,48.70823,46.913937
6,2026-08-18 19:00:00+00:00,tt_tbsimatupang,72.0,72.0,72.0,72.059845,43.849644
6,2026-08-18 19:00:00+00:00,tt_thamrin,22.0,17.0,22.0,21.975996,26.079927
6,2026-08-18 20:00:00+00:00,tt_bekasi,17.0,16.0,18.0,18.457458,25.784428
6,2026-08-18 20:00:00+00:00,tt_bogor,45.0,45.0,45.0,46.05337,34.7386
6,2026-08-18 20:00:00+00:00,tt_bsd,34.0,34.0,34.0,34.421112,37.647007
6,2026-08-18 20:00:00+00:00,tt_cawang,43.0,32.0,43.0,40.424683,32.054577
6,2026-08-18 20:00:00+00:00,tt_depok,31.0,26.0,31.0,30.520327,34.7386
6,2026-08-18 20:00:00+00:00,tt_gatsu,45.0,45.0,45.0,46.237335,36.839176
6,2026-08-18 20:00:00+00:00,tt_grogol,40.0,40.0,40.0,40.42491,34.088634
6,2026-08-18 20:00:00+00:00,tt_kebonjeruk,35.0,31.0,35.0,36.389557,34.419178
6,2026-08-18 20:00:00+00:00,tt_kelapagading,29.0,29.0,29.0,29.959156,26.4668
6,2026-08-18 20:00:00+00:00,tt_kuningan,21.0,16.0,21.0,20.87524,42.0426
6,2026-08-18 20:00:00+00:00,tt_sudirman,39.0,30.0,38.0,39.767025,26.921412
6,2026-08-18 20:00:00+00:00,tt_tangerang,48.0,48.0,48.0,48.97523,47.927597
6,2026-08-18 20:00:00+00:00,tt_tbsimatupang,72.0,72.0,72.0,70.768074,44.00744
6,2026-08-18 20:00:00+00:00,tt_thamrin,22.0,22.0,22.0,22.202257,26.914019
6,2026-08-18 22:00:00+00:00,tt_bekasi,17.0,16.0,18.0,17.445963,26.376438
6,2026-08-18 22:00:00+00:00,tt_bogor,45.0,45.0,45.0,43.457966,36.31694
6,2026-08-18 22:00:00+00:00,tt_bsd,34.0,34.0,33.6,32.853992,34.18765
6,2026-08-18 22:00:00+00:00,tt_cawang,43.0,43.0,40.9,33.775013,35.867878
6,2026-08-18 22:00:00+00:00,tt_depok,31.0,31.0,31.0,31.491428,36.31694
6,2026-08-18 22:00:00+00:00,tt_gatsu,45.0,45.0,45.0,47.12593,39.77323
6,2026-08-18 22:00:00+00:00,tt_grogol,40.0,40.0,40.0,38.27579,38.484394
6,2026-08-18 22:00:00+00:00,tt_kebonjeruk,35.0,35.0,35.0,33.13151,39.961655
6,2026-08-18 22:00:00+00:00,tt_kelapagading,29.0,29.0,29.0,28.867773,26.321339
6,2026-08-18 22:00:00+00:00,tt_kuningan,21.0,21.0,21.0,22.283037,42.919834
6,2026-08-18 22:00:00+00:00,tt_sudirman,39.0,39.0,38.0,36.58276,31.828245
6,2026-08-18 22:00:00+00:00,tt_tangerang,48.0,48.0,48.0,47.405025,39.63262
6,2026-08-18 22:00:00+00:00,tt_tbsimatupang,72.0,72.0,72.0,60.359665,41.31398
6,2026-08-18 22:00:00+00:00,tt_thamrin,22.0,22.0,22.0,21.165571,26.482737
6,2026-08-19 00:00:00+00:00,tt_bekasi,15.0,17.0,18.0,17.237328,22.429695
6,2026-08-19 00:00:00+00:00,tt_bogor,35.0,45.0,36.2,39.12175,33.30091
6,2026-08-19 00:00:00+00:00,tt_bsd,29.0,34.0,31.5,31.744625,32.06791
6,2026-08-19 00:00:00+00:00,tt_cawang,20.0,43.0,22.6,26.487663,31.354431
6,2026-08-19 00:00:00+00:00,tt_depok,31.0,31.0,30.2,29.792768,33.30091
6,2026-08-19 00:00:00+00:00,tt_gatsu,45.0,45.0,44.2,46.075397,32.949257
6,2026-08-19 00:00:00+00:00,tt_grogol,40.0,40.0,35.9,36.14036,37.720436
6,2026-08-19 00:00:00+00:00,tt_kebonjeruk,27.0,35.0,29.5,29.980349,38.036114
6,2026-08-19 00:00:00+00:00,tt_kelapagading,29.0,29.0,28.3,27.302444,25.389032
6,2026-08-19 00:00:00+00:00,tt_kuningan,21.0,21.0,21.0,21.343683,36.540115
6,2026-08-19 00:00:00+00:00,tt_sudirman,39.0,39.0,31.4,33.3651,30.426516
6,2026-08-19 00:00:00+00:00,tt_tangerang,48.0,48.0,44.3,44.13513,36.9002
6,2026-08-19 00:00:00+00:00,tt_tbsimatupang,39.0,72.0,42.1,48.810337,35.932026
6,2026-08-19 00:00:00+00:00,tt_thamrin,19.0,22.0,20.3,20.857248,23.985577
6,2026-08-19 01:00:00+00:00,tt_bekasi,16.0,17.0,17.818181818181817,17.384989,21.491634
6,2026-08-19 01:00:00+00:00,tt_bogor,37.0,45.0,37.18181818181818,37.656677,32.169285
6,2026-08-19 01:00:00+00:00,tt_bsd,34.0,34.0,31.181818181818183,31.698774,31.85989
6,2026-08-19 01:00:00+00:00,tt_cawang,13.0,43.0,23.818181818181817,23.505041,29.374825
6,2026-08-19 01:00:00+00:00,tt_depok,27.0,31.0,28.363636363636363,28.682882,32.169285
6,2026-08-19 01:00:00+00:00,tt_gatsu,13.0,45.0,42.27272727272727,45.032967,29.483541
6,2026-08-19 01:00:00+00:00,tt_grogol,32.0,40.0,34.36363636363637,34.824665,35.4535
6,2026-08-19 01:00:00+00:00,tt_kebonjeruk,25.0,35.0,29.181818181818183,28.474388,35.722637
6,2026-08-19 01:00:00+00:00,tt_kelapagading,29.0,29.0,28.181818181818183,26.527805,25.231543
6,2026-08-19 01:00:00+00:00,tt_kuningan,21.0,21.0,21.0,20.748224,33.08593
6,2026-08-19 01:00:00+00:00,tt_sudirman,22.0,39.0,26.363636363636363,31.829191,30.069
6,2026-08-19 01:00:00+00:00,tt_tangerang,39.0,48.0,42.45454545454545,42.219765,33.965294
6,2026-08-19 01:00:00+00:00,tt_tbsimatupang,18.0,72.0,35.45454545454545,43.596786,34.347507
6,2026-08-19 01:00:00+00:00,tt_thamrin,22.0,22.0,18.454545454545453,20.485132,22.582615
6,2026-08-19 03:00:00+00:00,tt_bekasi,16.0,17.0,17.727272727272727,17.209135,18.785023
6,2026-08-19 03:00:00+00:00,tt_bogor,37.0,45.0,37.90909090909091,35.809715,32.133144
6,2026-08-19 03:00:00+00:00,tt_bsd,34.0,34.0,32.0,32.242058,32.973724
6,2026-08-19 03:00:00+00:00,tt_cawang,20.0,43.0,21.818181818181817,18.964294,28.161715
6,2026-08-19 03:00:00+00:00,tt_depok,31.0,31.0,26.545454545454547,25.98864,32.133144
6,2026-08-19 03:00:00+00:00,tt_gatsu,45.0,45.0,43.90909090909091,42.24331,28.58646
6,2026-08-19 03:00:00+00:00,tt_grogol,31.0,40.0,31.272727272727273,32.089275,30.137228
6,2026-08-19 03:00:00+00:00,tt_kebonjeruk,23.0,35.0,25.0,24.954248,30.352858
6,2026-08-19 03:00:00+00:00,tt_kelapagading,29.0,29.0,24.636363636363637,24.71847,24.549938
6,2026-08-19 03:00:00+00:00,tt_kuningan,16.0,21.0,18.545454545454547,20.077475,28.421934
6,2026-08-19 03:00:00+00:00,tt_sudirman,24.0,39.0,32.27272727272727,28.97388,28.867512
6,2026-08-19 03:00:00+00:00,tt_tangerang,40.0,48.0,39.54545454545455,39.51409,28.533226
6,2026-08-19 03:00:00+00:00,tt_tbsimatupang,33.0,72.0,37.45454545454545,35.497627,30.047197
6,2026-08-19 03:00:00+00:00,tt_thamrin,20.0,22.0,18.90909090909091,18.72647,18.725765
6,2026-08-19 05:00:00+00:00,tt_bekasi,15.0,17.0,18.0,16.374018,28.850931
6,2026-08-19 05:00:00+00:00,tt_bogor,32.0,45.0,39.6,35.703743,35.66455
6,2026-08-19 05:00:00+00:00,tt_bsd,34.0,34.0,32.4,32.91433,36.20767
6,2026-08-19 05:00:00+00:00,tt_cawang,17.0,43.0,23.3,17.461603,28.511904
6,2026-08-19 05:00:00+00:00,tt_depok,31.0,31.0,28.2,25.296705,35.66455
6,2026-08-19 05:00:00+00:00,tt_gatsu,45.0,45.0,45.0,40.62867,29.954653
6,2026-08-19 05:00:00+00:00,tt_grogol,31.0,40.0,32.0,31.09619,27.97268
6,2026-08-19 05:00:00+00:00,tt_kebonjeruk,24.0,35.0,25.2,22.782953,28.14752
6,2026-08-19 05:00:00+00:00,tt_kelapagading,21.0,29.0,21.4,23.026073,23.601284
6,2026-08-19 05:00:00+00:00,tt_kuningan,17.0,21.0,18.2,19.355747,32.90883
6,2026-08-19 05:00:00+00:00,tt_sudirman,27.0,39.0,28.4,27.288757,32.30581
6,2026-08-19 05:00:00+00:00,tt_tangerang,40.0,48.0,39.6,39.61201,34.597015
6,2026-08-19 05:00:00+00:00,tt_tbsimatupang,43.0,72.0,45.0,34.48457,35.774582
6,2026-08-19 05:00:00+00:00,tt_thamrin,17.0,22.0,18.9,16.981974,15.519365
6,2026-08-19 06:00:00+00:00,tt_bekasi,18.0,15.0,17.083333333333332,16.287127,24.522366
6,2026-08-19 06:00:00+00:00,tt_bogor,35.0,35.0,36.166666666666664,34.8595,35.568413
6,2026-08-19 06:00:00+00:00,tt_bsd,34.0,29.0,33.666666666666664,33.680546,34.465878
6,2026-08-19 06:00:00+00:00,tt_cawang,19.0,20.0,21.333333333333332,20.54566,30.639828
6,2026-08-19 06:00:00+00:00,tt_depok,27.0,31.0,26.25,26.419703,35.568413
6,2026-08-19 06:00:00+00:00,tt_gatsu,30.0,45.0,42.5,36.7385,31.310537
6,2026-08-19 06:00:00+00:00,tt_grogol,27.0,40.0,31.333333333333332,28.695007,28.88801
6,2026-08-19 06:00:00+00:00,tt_kebonjeruk,21.0,27.0,24.083333333333332,21.617506,29.052742
6,2026-08-19 06:00:00+00:00,tt_kelapagading,21.0,29.0,20.083333333333332,20.872742,23.517176
6,2026-08-19 06:00:00+00:00,tt_kuningan,21.0,21.0,19.166666666666668,19.04255,33.799244
6,2026-08-19 06:00:00+00:00,tt_sudirman,18.0,39.0,26.75,24.709242,31.684788
6,2026-08-19 06:00:00+00:00,tt_tangerang,38.0,48.0,38.583333333333336,39.87336,35.21045
6,2026-08-19 06:00:00+00:00,tt_tbsimatupang,48.0,39.0,48.833333333333336,39.907063,35.64501
6,2026-08-19 06:00:00+00:00,tt_thamrin,13.0,19.0,18.75,17.461872,15.964791
6,2026-08-19 08:00:00+00:00,tt_bekasi,15.0,16.0,15.923076923076923,17.671507,10.019016
6,2026-08-19 08:00:00+00:00,tt_bogor,34.0,37.0,34.61538461538461,33.849926,32.726566
6,2026-08-19 08:00:00+00:00,tt_bsd,28.0,34.0,32.07692307692308,31.739319,32.502964
6,2026-08-19 08:00:00+00:00,tt_cawang,32.0,13.0,35.15384615384615,29.752096,29.634201
6,2026-08-19 08:00:00+00:00,tt_depok,25.0,27.0,27.384615384615383,26.888401,32.726566
6,2026-08-19 08:00:00+00:00,tt_gatsu,26.0,13.0,30.46153846153846,34.153698,28.971743
6,2026-08-19 08:00:00+00:00,tt_grogol,27.0,32.0,31.384615384615383,33.50531,30.969406
6,2026-08-19 08:00:00+00:00,tt_kebonjeruk,18.0,25.0,21.923076923076923,26.517567,30.351048
6,2026-08-19 08:00:00+00:00,tt_kelapagading,22.0,29.0,20.923076923076923,22.153372,26.815296
6,2026-08-19 08:00:00+00:00,tt_kuningan,21.0,21.0,19.53846153846154,18.444181,30.132019
6,2026-08-19 08:00:00+00:00,tt_sudirman,22.0,22.0,22.846153846153847,23.745974,26.409138
6,2026-08-19 08:00:00+00:00,tt_tangerang,48.0,39.0,37.61538461538461,40.609207,35.54448
6,2026-08-19 08:00:00+00:00,tt_tbsimatupang,32.0,18.0,43.0,50.425713,31.41169
6,2026-08-19 08:00:00+00:00,tt_thamrin,8.0,22.0,15.461538461538462,19.517414,12.277086
6,2026-08-19 10:00:00+00:00,tt_bekasi,13.0,16.0,15.3,18.182405,19.099167
6,2026-08-19 10:00:00+00:00,tt_bogor,30.0,37.0,31.5,35.62785,30.28468
6,2026-08-19 10:00:00+00:00,tt_bsd,34.0,34.0,32.0,32.278973,33.486107
6,2026-08-19 10:00:00+00:00,tt_cawang,43.0,20.0,29.9,36.286808,26.58619
6,2026-08-19 10:00:00+00:00,tt_depok,23.0,31.0,23.6,26.61063,30.28468
6,2026-08-19 10:00:00+00:00,tt_gatsu,23.0,45.0,23.1,32.34861,26.025906
6,2026-08-19 10:00:00+00:00,tt_grogol,30.0,31.0,32.1,33.562847,29.28479
6,2026-08-19 10:00:00+00:00,tt_kebonjeruk,19.0,23.0,21.4,25.300549,29.380201
6,2026-08-19 10:00:00+00:00,tt_kelapagading,22.0,29.0,20.9,23.177118,26.66894
6,2026-08-19 10:00:00+00:00,tt_kuningan,16.0,16.0,15.3,18.669846,26.367222
6,2026-08-19 10:00:00+00:00,tt_sudirman,19.0,24.0,19.4,26.758919,27.920124
6,2026-08-19 10:00:00+00:00,tt_tangerang,28.0,40.0,36.3,39.710827,36.09822
6,2026-08-19 10:00:00+00:00,tt_tbsimatupang,34.0,33.0,34.0,51.33601,29.185951
6,2026-08-19 10:00:00+00:00,tt_thamrin,17.0,20.0,15.5,18.710253,16.665453
6,2026-08-19 11:00:00+00:00,tt_bekasi,18.0,15.0,14.692307692307692,18.082376,19.096807
6,2026-08-19 11:00:00+00:00,tt_bogor,33.0,32.0,33.07692307692308,36.227238,30.358866
6,2026-08-19 11:00:00+00:00,tt_bsd,27.0,34.0,32.07692307692308,32.636562,34.834835
6,2026-08-19 11:00:00+00:00,tt_cawang,43.0,17.0,29.23076923076923,38.682243,26.602802
6,2026-08-19 11:00:00+00:00,tt_depok,25.0,31.0,24.846153846153847,26.611254,30.358866
6,2026-08-19 11:00:00+00:00,tt_gatsu,35.0,45.0,16.615384615384617,32.12515,26.000854
6,2026-08-19 11:00:00+00:00,tt_grogol,32.0,31.0,32.69230769230769,34.820507,29.904022
6,2026-08-19 11:00:00+00:00,tt_kebonjeruk,21.0,24.0,21.923076923076923,25.632607,30.25458
6,2026-08-19 11:00:00+00:00,tt_kelapagading,20.0,21.0,20.076923076923077,22.827105,25.937956
6,2026-08-19 11:00:00+00:00,tt_kuningan,16.0,17.0,15.153846153846152,18.644876,26.265772
6,2026-08-19 11:00:00+00:00,tt_sudirman,16.0,27.0,18.53846153846154,28.178236,28.08298
6,2026-08-19 11:00:00+00:00,tt_tangerang,26.0,40.0,38.0,40.53218,36.931576
6,2026-08-19 11:00:00+00:00,tt_tbsimatupang,44.0,43.0,39.92307692307692,54.33664,29.63651
6,2026-08-19 11:00:00+00:00,tt_thamrin,10.0,17.0,13.0,17.24491,18.510517
6,2026-08-19 13:00:00+00:00,tt_bekasi,18.0,18.0,17.2,17.75069,23.018314
6,2026-08-19 13:00:00+00:00,tt_bogor,45.0,35.0,40.9,38.126686,31.939417
6,2026-08-19 13:00:00+00:00,tt_bsd,34.0,34.0,31.6,33.634865,36.94124
6,2026-08-19 13:00:00+00:00,tt_cawang,43.0,19.0,40.6,43.026302,27.97341
6,2026-08-19 13:00:00+00:00,tt_depok,25.0,27.0,25.0,27.764654,31.939417
6,2026-08-19 13:00:00+00:00,tt_gatsu,45.0,30.0,43.3,35.76924,27.831444
6,2026-08-19 13:00:00+00:00,tt_grogol,31.0,27.0,37.9,39.49283,31.478271
6,2026-08-19 13:00:00+00:00,tt_kebonjeruk,27.0,21.0,25.3,30.481922,32.55896
6,2026-08-19 13:00:00+00:00,tt_kelapagading,23.0,21.0,24.2,24.287603,26.24138
6,2026-08-19 13:00:00+00:00,tt_kuningan,13.0,21.0,16.2,19.142778,27.69755
6,2026-08-19 13:00:00+00:00,tt_sudirman,30.0,18.0,30.6,30.91427,28.844826
6,2026-08-19 13:00:00+00:00,tt_tangerang,48.0,38.0,46.2,44.114986,36.32183
6,2026-08-19 13:00:00+00:00,tt_tbsimatupang,72.0,48.0,67.6,65.45602,31.29495
6,2026-08-19 13:00:00+00:00,tt_thamrin,20.0,13.0,15.7,18.102156,22.268898
6,2026-08-19 15:00:00+00:00,tt_bekasi,16.0,15.0,18.0,16.559658,25.654858
6,2026-08-19 15:00:00+00:00,tt_bogor,38.0,34.0,43.416666666666664,40.90758,35.10396
6,2026-08-19 15:00:00+00:00,tt_bsd,34.0,28.0,34.0,34.15761,37.665165
6,2026-08-19 15:00:00+00:00,tt_cawang,32.0,32.0,39.75,44.250904,30.209013
6,2026-08-19 15:00:00+00:00,tt_depok,31.0,25.0,30.5,30.663496,35.10396
6,2026-08-19 15:00:00+00:00,tt_gatsu,45.0,26.0,45.0,40.89568,30.245104
6,2026-08-19 15:00:00+00:00,tt_grogol,40.0,27.0,40.0,40.29516,33.619267
6,2026-08-19 15:00:00+00:00,tt_kebonjeruk,31.0,18.0,34.166666666666664,34.171627,35.178974
6,2026-08-19 15:00:00+00:00,tt_kelapagading,29.0,22.0,28.333333333333332,26.74779,26.434227
6,2026-08-19 15:00:00+00:00,tt_kuningan,21.0,21.0,19.666666666666668,20.206007,30.02157
6,2026-08-19 15:00:00+00:00,tt_sudirman,29.0,22.0,35.833333333333336,34.02381,29.344688
6,2026-08-19 15:00:00+00:00,tt_tangerang,48.0,48.0,46.333333333333336,48.373707,37.50709
6,2026-08-19 15:00:00+00:00,tt_tbsimatupang,72.0,32.0,72.0,73.34471,34.49721
6,2026-08-19 15:00:00+00:00,tt_thamrin,21.0,8.0,18.583333333333332,20.717955,24.897154
6,2026-08-19 16:00:00+00:00,tt_bekasi,18.0,13.0,18.0,16.947226,26.007204
6,2026-08-19 16:00:00+00:00,tt_bogor,45.0,30.0,43.44444444444444,41.845383,39.864597
6,2026-08-19 16:00:00+00:00,tt_bsd,34.0,34.0,34.0,33.99487,37.437855
6,2026-08-19 16:00:00+00:00,tt_cawang,43.0,43.0,42.22222222222222,43.796227,31.28154
6,2026-08-19 16:00:00+00:00,tt_depok,31.0,23.0,31.0,30.568039,39.864597
6,2026-08-19 16:00:00+00:00,tt_gatsu,45.0,23.0,45.0,42.55105,31.119257
6,2026-08-19 16:00:00+00:00,tt_grogol,40.0,30.0,40.0,40.42472,34.77214
6,2026-08-19 16:00:00+00:00,tt_kebonjeruk,35.0,19.0,34.333333333333336,34.922886,36.57702
6,2026-08-19 16:00:00+00:00,tt_kelapagading,29.0,22.0,28.555555555555557,28.413973,26.843182
6,2026-08-19 16:00:00+00:00,tt_kuningan,21.0,16.0,20.11111111111111,19.973835,31.490839
6,2026-08-19 16:00:00+00:00,tt_sudirman,39.0,19.0,37.22222222222222,35.280807,28.86895
6,2026-08-19 16:00:00+00:00,tt_tangerang,48.0,28.0,48.0,49.24847,39.22878
6,2026-08-19 16:00:00+00:00,tt_tbsimatupang,72.0,34.0,72.0,74.58299,38.342484
6,2026-08-19 16:00:00+00:00,tt_thamrin,22.0,17.0,20.0,21.14214,25.819834
6,2026-08-19 18:00:00+00:00,tt_bekasi,18.0,18.0,18.0,17.349476,26.453592
6,2026-08-19 18:00:00+00:00,tt_bogor,45.0,33.0,45.0,42.993576,30.402521
6,2026-08-19 18:00:00+00:00,tt_bsd,34.0,27.0,34.0,34.016895,36.165157
6,2026-08-19 18:00:00+00:00,tt_cawang,43.0,43.0,43.0,43.51868,26.488335
6,2026-08-19 18:00:00+00:00,tt_depok,31.0,25.0,31.0,30.686588,30.402521
6,2026-08-19 18:00:00+00:00,tt_gatsu,45.0,35.0,45.0,44.56841,26.602028
6,2026-08-19 18:00:00+00:00,tt_grogol,40.0,32.0,40.0,41.147614,25.876572
6,2026-08-19 18:00:00+00:00,tt_kebonjeruk,35.0,21.0,35.0,35.755814,25.067251
6,2026-08-19 18:00:00+00:00,tt_kelapagading,29.0,20.0,29.0,30.217464,26.903152
6,2026-08-19 18:00:00+00:00,tt_kuningan,21.0,16.0,20.636363636363637,19.515818,26.03008
6,2026-08-19 18:00:00+00:00,tt_sudirman,39.0,16.0,38.0,37.24717,26.721422
6,2026-08-19 18:00:00+00:00,tt_tangerang,44.0,26.0,48.0,50.00111,16.95324
6,2026-08-19 18:00:00+00:00,tt_tbsimatupang,72.0,44.0,72.0,75.344574,23.398344
6,2026-08-19 18:00:00+00:00,tt_thamrin,22.0,10.0,22.0,22.833616,26.58233
6,2026-08-19 20:00:00+00:00,tt_bekasi,18.0,18.0,18.0,18.459599,25.808144
6,2026-08-19 20:00:00+00:00,tt_bogor,45.0,45.0,45.0,46.18304,42.6174
6,2026-08-19 20:00:00+00:00,tt_bsd,34.0,34.0,34.0,34.066658,48.492687
6,2026-08-19 20:00:00+00:00,tt_cawang,43.0,43.0,43.0,43.306965,34.374065
6,2026-08-19 20:00:00+00:00,tt_depok,31.0,25.0,31.0,30.433249,42.6174
6,2026-08-19 20:00:00+00:00,tt_gatsu,45.0,45.0,45.0,44.46987,36.022827
6,2026-08-19 20:00:00+00:00,tt_grogol,40.0,31.0,40.0,40.92601,29.336658
6,2026-08-19 20:00:00+00:00,tt_kebonjeruk,35.0,27.0,35.0,36.15341,30.16242
6,2026-08-19 20:00:00+00:00,tt_kelapagading,29.0,23.0,29.0,30.261913,27.473606
6,2026-08-19 20:00:00+00:00,tt_kuningan,21.0,13.0,21.0,20.214848,37.816723
6,2026-08-19 20:00:00+00:00,tt_sudirman,39.0,30.0,38.0,39.420845,27.24155
6,2026-08-19 20:00:00+00:00,tt_tangerang,48.0,48.0,48.0,48.50242,36.169838
6,2026-08-19 20:00:00+00:00,tt_tbsimatupang,72.0,72.0,72.0,72.43741,40.841793
6,2026-08-19 20:00:00+00:00,tt_thamrin,22.0,20.0,22.0,21.659363,27.302784
6,2026-08-19 21:00:00+00:00,tt_bekasi,18.0,16.0,18.0,19.245615,23.791836
6,2026-08-19 21:00:00+00:00,tt_bogor,45.0,38.0,45.0,45.720406,40.916847
6,2026-08-19 21:00:00+00:00,tt_bsd,34.0,34.0,34.0,34.413834,46.349342
6,2026-08-19 21:00:00+00:00,tt_cawang,43.0,32.0,43.0,41.60793,33.97918
6,2026-08-19 21:00:00+00:00,tt_depok,31.0,31.0,31.0,30.890825,40.916847
6,2026-08-19 21:00:00+00:00,tt_gatsu,45.0,45.0,45.0,45.795116,35.590908
6,2026-08-19 21:00:00+00:00,tt_grogol,40.0,40.0,40.0,41.170902,30.699228
6,2026-08-19 21:00:00+00:00,tt_kebonjeruk,35.0,31.0,35.0,36.36107,31.172264
6,2026-08-19 21:00:00+00:00,tt_kelapagading,29.0,29.0,29.0,30.726967,26.883228
6,2026-08-19 21:00:00+00:00,tt_kuningan,21.0,21.0,21.0,20.803402,37.412563
6,2026-08-19 21:00:00+00:00,tt_sudirman,39.0,29.0,38.0,39.989494,28.068558
6,2026-08-19 21:00:00+00:00,tt_tangerang,48.0,48.0,48.0,49.22473,43.714733
6,2026-08-19 21:00:00+00:00,tt_tbsimatupang,72.0,72.0,72.0,71.685326,42.42246
6,2026-08-19 21:00:00+00:00,tt_thamrin,22.0,21.0,21.8,21.88411,27.767029
6,2026-08-19 23:00:00+00:00,tt_bekasi,17.0,18.0,18.0,17.70248,25.503563
6,2026-08-19 23:00:00+00:00,tt_bogor,35.0,45.0,40.72727272727273,43.261227,37.237038
6,2026-08-19 23:00:00+00:00,tt_bsd,34.0,34.0,34.0,32.821064,41.2358
6,2026-08-19 23:00:00+00:00,tt_cawang,26.0,43.0,27.636363636363637,34.324738,35.22313
6,2026-08-19 23:00:00+00:00,tt_depok,31.0,31.0,30.363636363636363,31.794912,37.237038
6,2026-08-19 23:00:00+00:00,tt_gatsu,45.0,45.0,45.0,47.31719,35.875122
6,2026-08-19 23:00:00+00:00,tt_grogol,35.0,40.0,36.27272727272727,38.53829,32.325325
6,2026-08-19 23:00:00+00:00,tt_kebonjeruk,30.0,35.0,32.09090909090909,33.51418,32.01895
6,2026-08-19 23:00:00+00:00,tt_kelapagading,29.0,29.0,27.181818181818183,29.269299,27.377003
6,2026-08-19 23:00:00+00:00,tt_kuningan,21.0,21.0,21.0,22.004576,36.01326
6,2026-08-19 23:00:00+00:00,tt_sudirman,39.0,39.0,36.54545454545455,36.3457,33.757668
6,2026-08-19 23:00:00+00:00,tt_tangerang,48.0,48.0,47.36363636363637,47.61456,42.564472
6,2026-08-19 23:00:00+00:00,tt_tbsimatupang,72.0,72.0,53.90909090909091,60.825268,39.12441
6,2026-08-19 23:00:00+00:00,tt_thamrin,20.0,22.0,20.181818181818183,21.11294,27.706367
6,2026-08-20 01:00:00+00:00,tt_bekasi,18.0,18.0,17.818181818181817,17.49284,21.96109
6,2026-08-20 01:00:00+00:00,tt_bogor,35.0,45.0,37.18181818181818,38.81169,32.774704
6,2026-08-20 01:00:00+00:00,tt_bsd,29.0,34.0,31.181818181818183,31.91752,37.304672
6,2026-08-20 01:00:00+00:00,tt_cawang,14.0,43.0,23.818181818181817,26.608383,30.90479
6,2026-08-20 01:00:00+00:00,tt_depok,31.0,31.0,28.363636363636363,29.847425,32.774704
6,2026-08-20 01:00:00+00:00,tt_gatsu,37.0,45.0,42.27272727272727,45.86987,31.620785
6,2026-08-20 01:00:00+00:00,tt_grogol,30.0,40.0,34.36363636363637,36.280632,28.773882
6,2026-08-20 01:00:00+00:00,tt_kebonjeruk,26.0,35.0,29.181818181818183,30.098757,28.36747
6,2026-08-20 01:00:00+00:00,tt_kelapagading,29.0,29.0,28.181818181818183,27.39101,25.761347
6,2026-08-20 01:00:00+00:00,tt_kuningan,21.0,21.0,21.0,21.366001,31.100863
6,2026-08-20 01:00:00+00:00,tt_sudirman,27.0,39.0,26.363636363636363,33.127422,33.173992
6,2026-08-20 01:00:00+00:00,tt_tangerang,36.0,44.0,42.45454545454545,44.110085,36.50502
6,2026-08-20 01:00:00+00:00,tt_tbsimatupang,18.0,72.0,35.45454545454545,48.219997,33.804546
6,2026-08-20 01:00:00+00:00,tt_thamrin,18.0,22.0,18.454545454545453,20.711609,25.41242
6,2026-08-20 02:00:00+00:00,tt_bekasi,18.0,18.0,17.692307692307693,17.692368,21.977741
6,2026-08-20 02:00:00+00:00,tt_bogor,40.0,45.0,36.46153846153846,37.21953,31.38045
6,2026-08-20 02:00:00+00:00,tt_bsd,34.0,34.0,32.30769230769231,31.785402,35.312996
6,2026-08-20 02:00:00+00:00,tt_cawang,18.0,43.0,21.0,23.255701,29.156826
6,2026-08-20 02:00:00+00:00,tt_depok,31.0,31.0,29.23076923076923,28.589195,31.38045
6,2026-08-20 02:00:00+00:00,tt_gatsu,45.0,45.0,40.76923076923077,44.78193,29.923866
6,2026-08-20 02:00:00+00:00,tt_grogol,30.0,40.0,31.076923076923077,34.733406,28.376362
6,2026-08-20 02:00:00+00:00,tt_kebonjeruk,26.0,35.0,25.307692307692307,28.393036,27.987402
6,2026-08-20 02:00:00+00:00,tt_kelapagading,25.0,29.0,26.846153846153847,26.483633,25.088604
6,2026-08-20 02:00:00+00:00,tt_kuningan,21.0,21.0,18.23076923076923,20.799295,29.631657
6,2026-08-20 02:00:00+00:00,tt_sudirman,25.0,39.0,25.384615384615383,31.512562,32.227592
6,2026-08-20 02:00:00+00:00,tt_tangerang,48.0,48.0,43.84615384615385,41.907394,33.160385
6,2026-08-20 02:00:00+00:00,tt_tbsimatupang,21.0,72.0,29.923076923076923,42.53892,32.09861
6,2026-08-20 02:00:00+00:00,tt_thamrin,18.0,22.0,17.846153846153847,20.47107,24.00135
6,2026-08-20 04:00:00+00:00,tt_bekasi,15.0,18.0,17.666666666666668,17.4363,30.425045
6,2026-08-20 04:00:00+00:00,tt_bogor,35.0,45.0,39.25,35.684456,34.232067
6,2026-08-20 04:00:00+00:00,tt_bsd,34.0,34.0,32.833333333333336,32.270046,32.01175
6,2026-08-20 04:00:00+00:00,tt_cawang,20.0,43.0,20.25,19.081482,28.460165
6,2026-08-20 04:00:00+00:00,tt_depok,27.0,31.0,26.916666666666668,25.919237,34.232067
6,2026-08-20 04:00:00+00:00,tt_gatsu,45.0,45.0,45.0,41.995113,29.122673
6,2026-08-20 04:00:00+00:00,tt_grogol,25.0,40.0,31.5,32.131992,27.942232
6,2026-08-20 04:00:00+00:00,tt_kebonjeruk,25.0,35.0,25.166666666666668,24.90497,28.022734
6,2026-08-20 04:00:00+00:00,tt_kelapagading,22.0,29.0,22.5,24.638882,23.668304
6,2026-08-20 04:00:00+00:00,tt_kuningan,21.0,21.0,19.166666666666668,20.231493,28.873379
6,2026-08-20 04:00:00+00:00,tt_sudirman,26.0,39.0,31.666666666666668,28.855179,30.05316
6,2026-08-20 04:00:00+00:00,tt_tangerang,48.0,48.0,38.166666666666664,39.32598,28.55484
6,2026-08-20 04:00:00+00:00,tt_tbsimatupang,45.0,72.0,38.5,35.243347,30.675787
6,2026-08-20 04:00:00+00:00,tt_thamrin,13.0,22.0,19.166666666666668,18.728064,19.225399
6,2026-08-20 06:00:00+00:00,tt_bekasi,15.0,17.0,17.083333333333332,16.602184,18.735027
6,2026-08-20 06:00:00+00:00,tt_bogor,39.0,35.0,36.166666666666664,35.77386,35.340244
6,2026-08-20 06:00:00+00:00,tt_bsd,34.0,34.0,33.666666666666664,34.106007,36.20538
6,2026-08-20 06:00:00+00:00,tt_cawang,28.0,26.0,21.333333333333332,19.515867,30.01666
6,2026-08-20 06:00:00+00:00,tt_depok,29.0,31.0,26.25,26.007313,35.340244
6,2026-08-20 06:00:00+00:00,tt_gatsu,28.0,45.0,42.5,37.800022,31.542377
6,2026-08-20 06:00:00+00:00,tt_grogol,29.0,35.0,31.333333333333332,31.650356,26.840841
6,2026-08-20 06:00:00+00:00,tt_kebonjeruk,25.0,30.0,24.083333333333332,23.875574,27.290024
6,2026-08-20 06:00:00+00:00,tt_kelapagading,20.0,29.0,20.083333333333332,22.337582,22.824778
6,2026-08-20 06:00:00+00:00,tt_kuningan,16.0,21.0,19.166666666666668,18.483889,33.966957
6,2026-08-20 06:00:00+00:00,tt_sudirman,21.0,39.0,26.75,26.190802,35.63166
6,2026-08-20 06:00:00+00:00,tt_tangerang,38.0,48.0,38.583333333333336,39.94336,33.800674
6,2026-08-20 06:00:00+00:00,tt_tbsimatupang,27.0,72.0,48.833333333333336,37.033512,36.15877
6,2026-08-20 06:00:00+00:00,tt_thamrin,12.0,20.0,18.75,17.723398,15.053339
6,2026-08-20 07:00:00+00:00,tt_bekasi,16.0,18.0,17.75,16.913816,19.55535
6,2026-08-20 07:00:00+00:00,tt_bogor,36.0,35.0,36.083333333333336,34.40571,36.124348
6,2026-08-20 07:00:00+00:00,tt_bsd,34.0,29.0,31.75,32.76291,37.782215
6,2026-08-20 07:00:00+00:00,tt_cawang,21.0,14.0,28.666666666666668,24.802633,31.418886
6,2026-08-20 07:00:00+00:00,tt_depok,26.0,31.0,26.5,27.027985,36.124348
6,2026-08-20 07:00:00+00:00,tt_gatsu,20.0,37.0,34.5,35.23424,32.6994
6,2026-08-20 07:00:00+00:00,tt_grogol,29.0,30.0,31.666666666666668,30.709543,27.575264
6,2026-08-20 07:00:00+00:00,tt_kebonjeruk,22.0,26.0,22.416666666666668,24.853258,28.18481
6,2026-08-20 07:00:00+00:00,tt_kelapagading,20.0,29.0,21.166666666666668,21.96022,23.979355
6,2026-08-20 07:00:00+00:00,tt_kuningan,21.0,21.0,18.666666666666668,18.008738,35.16996
6,2026-08-20 07:00:00+00:00,tt_sudirman,20.0,27.0,24.583333333333332,22.772469,34.46414
6,2026-08-20 07:00:00+00:00,tt_tangerang,37.0,36.0,43.666666666666664,40.45342,34.08771
6,2026-08-20 07:00:00+00:00,tt_tbsimatupang,49.0,18.0,56.416666666666664,45.05087,36.622234
6,2026-08-20 07:00:00+00:00,tt_thamrin,12.0,18.0,17.0,17.539215,17.488274
6,2026-08-20 09:00:00+00:00,tt_bekasi,14.0,18.0,15.692307692307692,16.656124,13.425226
6,2026-08-20 09:00:00+00:00,tt_bogor,34.0,40.0,33.84615384615385,34.86668,32.39726
6,2026-08-20 09:00:00+00:00,tt_bsd,28.0,34.0,32.69230769230769,30.76853,36.710266
6,2026-08-20 09:00:00+00:00,tt_cawang,30.0,18.0,30.923076923076923,30.136833,30.013615
6,2026-08-20 09:00:00+00:00,tt_depok,26.0,31.0,23.846153846153847,24.935808,32.39726
6,2026-08-20 09:00:00+00:00,tt_gatsu,32.0,45.0,36.0,33.161255,29.349596
6,2026-08-20 09:00:00+00:00,tt_grogol,31.0,30.0,32.15384615384615,32.284004,30.436861
6,2026-08-20 09:00:00+00:00,tt_kebonjeruk,21.0,26.0,22.692307692307693,23.194664,31.417984
6,2026-08-20 09:00:00+00:00,tt_kelapagading,21.0,25.0,21.692307692307693,22.006565,26.395
6,2026-08-20 09:00:00+00:00,tt_kuningan,13.0,21.0,18.46153846153846,16.760777,30.346617
6,2026-08-20 09:00:00+00:00,tt_sudirman,23.0,25.0,24.0,23.166006,27.722866
6,2026-08-20 09:00:00+00:00,tt_tangerang,34.0,48.0,40.53846153846154,39.36758,40.1995
6,2026-08-20 09:00:00+00:00,tt_tbsimatupang,47.0,21.0,40.46153846153846,47.89382,33.453876
6,2026-08-20 09:00:00+00:00,tt_thamrin,18.0,18.0,17.615384615384617,17.015125,15.953075
6,2026-08-20 11:00:00+00:00,tt_bekasi,18.0,15.0,14.692307692307692,16.400673,18.273186
6,2026-08-20 11:00:00+00:00,tt_bogor,35.0,35.0,33.07692307692308,37.317444,32.481213
6,2026-08-20 11:00:00+00:00,tt_bsd,34.0,34.0,32.07692307692308,31.846014,38.534584
6,2026-08-20 11:00:00+00:00,tt_cawang,33.0,20.0,29.23076923076923,37.781723,28.563644
6,2026-08-20 11:00:00+00:00,tt_depok,26.0,27.0,24.846153846153847,25.574781,32.481213
6,2026-08-20 11:00:00+00:00,tt_gatsu,7.0,45.0,16.615384615384617,32.035847,28.102034
6,2026-08-20 11:00:00+00:00,tt_grogol,29.0,25.0,32.69230769230769,34.78241,30.667076
6,2026-08-20 11:00:00+00:00,tt_kebonjeruk,18.0,25.0,21.923076923076923,24.013994,31.514145
6,2026-08-20 11:00:00+00:00,tt_kelapagading,21.0,22.0,20.076923076923077,21.252758,26.00579
6,2026-08-20 11:00:00+00:00,tt_kuningan,16.0,21.0,15.153846153846152,16.306152,28.550932
6,2026-08-20 11:00:00+00:00,tt_sudirman,12.0,26.0,18.53846153846154,26.277792,29.420973
6,2026-08-20 11:00:00+00:00,tt_tangerang,35.0,48.0,38.0,40.37087,40.638077
6,2026-08-20 11:00:00+00:00,tt_tbsimatupang,24.0,45.0,39.92307692307692,55.397266,35.657303
6,2026-08-20 11:00:00+00:00,tt_thamrin,10.0,13.0,13.0,15.058911,20.113392
6,2026-08-20 12:00:00+00:00,tt_bekasi,14.0,15.0,14.857142857142858,16.32229,20.715555
6,2026-08-20 12:00:00+00:00,tt_bogor,37.0,39.0,34.0,36.72565,33.05304
6,2026-08-20 12:00:00+00:00,tt_bsd,34.0,34.0,32.642857142857146,32.04095,37.670387
6,2026-08-20 12:00:00+00:00,tt_cawang,43.0,28.0,34.142857142857146,39.258415,28.807219
6,2026-08-20 12:00:00+00:00,tt_depok,24.0,29.0,23.857142857142858,25.94534,33.05304
6,2026-08-20 12:00:00+00:00,tt_gatsu,10.0,28.0,24.785714285714285,34.184135,28.64203
6,2026-08-20 12:00:00+00:00,tt_grogol,32.0,29.0,33.07142857142857,37.277275,31.947283
6,2026-08-20 12:00:00+00:00,tt_kebonjeruk,23.0,25.0,23.571428571428573,26.440163,32.67363
6,2026-08-20 12:00:00+00:00,tt_kelapagading,21.0,20.0,20.714285714285715,22.215067,26.093523
6,2026-08-20 12:00:00+00:00,tt_kuningan,13.0,16.0,13.785714285714286,17.359762,29.01381
6,2026-08-20 12:00:00+00:00,tt_sudirman,22.0,21.0,23.714285714285715,26.485638,29.846807
6,2026-08-20 12:00:00+00:00,tt_tangerang,48.0,38.0,43.57142857142857,42.27597,40.136787
6,2026-08-20 12:00:00+00:00,tt_tbsimatupang,40.0,27.0,58.92857142857143,60.650414,36.671986
6,2026-08-20 12:00:00+00:00,tt_thamrin,9.0,12.0,12.785714285714286,16.128956,21.993645
6,2026-08-20 14:00:00+00:00,tt_bekasi,18.0,16.0,17.23076923076923,17.268192,25.310116
6,2026-08-20 14:00:00+00:00,tt_bogor,38.0,36.0,39.30769230769231,39.748726,35.7604
6,2026-08-20 14:00:00+00:00,tt_bsd,27.0,34.0,33.23076923076923,33.754234,38.029697
6,2026-08-20 14:00:00+00:00,tt_cawang,32.0,21.0,39.53846153846154,43.840298,29.97088
6,2026-08-20 14:00:00+00:00,tt_depok,31.0,26.0,27.0,28.31819,35.7604
6,2026-08-20 14:00:00+00:00,tt_gatsu,45.0,20.0,45.0,37.045773,29.942436
6,2026-08-20 14:00:00+00:00,tt_grogol,40.0,29.0,38.30769230769231,40.07849,34.48834
6,2026-08-20 14:00:00+00:00,tt_kebonjeruk,28.0,22.0,28.692307692307693,31.242962,35.509697
6,2026-08-20 14:00:00+00:00,tt_kelapagading,29.0,20.0,25.615384615384617,24.950817,26.245283
6,2026-08-20 14:00:00+00:00,tt_kuningan,16.0,21.0,18.23076923076923,18.961758,29.512766
6,2026-08-20 14:00:00+00:00,tt_sudirman,39.0,20.0,31.153846153846153,31.89977,30.054972
6,2026-08-20 14:00:00+00:00,tt_tangerang,48.0,37.0,48.0,45.29404,37.661167
6,2026-08-20 14:00:00+00:00,tt_tbsimatupang,59.0,49.0,68.23076923076923,69.37865,36.294315
6,2026-08-20 14:00:00+00:00,tt_thamrin,13.0,12.0,17.846153846153847,18.640968,24.765152
6,2026-08-20 16:00:00+00:00,tt_bekasi,15.0,14.0,18.0,17.50892,25.9377
6,2026-08-20 16:00:00+00:00,tt_bogor,45.0,34.0,43.44444444444444,42.36176,43.86063
6,2026-08-20 16:00:00+00:00,tt_bsd,34.0,28.0,34.0,34.03445,38.337593
6,2026-08-20 16:00:00+00:00,tt_cawang,43.0,30.0,42.22222222222222,44.252308,31.657732
6,2026-08-20 16:00:00+00:00,tt_depok,31.0,26.0,31.0,29.842075,43.86063
6,2026-08-20 16:00:00+00:00,tt_gatsu,45.0,32.0,45.0,40.83568,31.77499
6,2026-08-20 16:00:00+00:00,tt_grogol,40.0,31.0,40.0,40.34758,36.244095
6,2026-08-20 16:00:00+00:00,tt_kebonjeruk,35.0,21.0,34.333333333333336,34.263264,37.839245
6,2026-08-20 16:00:00+00:00,tt_kelapagading,29.0,21.0,28.555555555555557,27.118353,26.960842
6,2026-08-20 16:00:00+00:00,tt_kuningan,21.0,13.0,20.11111111111111,19.942137,32.29099
6,2026-08-20 16:00:00+00:00,tt_sudirman,39.0,23.0,37.22222222222222,35.97644,25.71831
6,2026-08-20 16:00:00+00:00,tt_tangerang,48.0,34.0,48.0,47.45237,35.675304
6,2026-08-20 16:00:00+00:00,tt_tbsimatupang,72.0,47.0,72.0,72.77099,42.17572
6,2026-08-20 16:00:00+00:00,tt_thamrin,22.0,18.0,20.0,20.411463,26.19635
6,2026-08-20 17:00:00+00:00,tt_bekasi,18.0,18.0,18.0,16.891151,25.293196
6,2026-08-20 17:00:00+00:00,tt_bogor,45.0,35.0,44.27272727272727,41.25248,46.463554
6,2026-08-20 17:00:00+00:00,tt_bsd,34.0,34.0,33.63636363636363,34.344498,36.12651
6,2026-08-20 17:00:00+00:00,tt_cawang,43.0,33.0,43.0,43.710114,30.44819
6,2026-08-20 17:00:00+00:00,tt_depok,31.0,26.0,31.0,30.312391,46.463554
6,2026-08-20 17:00:00+00:00,tt_gatsu,45.0,7.0,45.0,42.70734,31.053858
6,2026-08-20 17:00:00+00:00,tt_grogol,40.0,29.0,39.45454545454545,40.7745,34.743565
6,2026-08-20 17:00:00+00:00,tt_kebonjeruk,35.0,18.0,35.0,35.269028,36.75506
6,2026-08-20 17:00:00+00:00,tt_kelapagading,29.0,21.0,29.0,28.76676,26.738512
6,2026-08-20 17:00:00+00:00,tt_kuningan,21.0,16.0,21.0,19.982107,32.6201
6,2026-08-20 17:00:00+00:00,tt_sudirman,39.0,12.0,38.0,35.62508,25.70819
6,2026-08-20 17:00:00+00:00,tt_tangerang,48.0,35.0,48.0,49.832726,38.346596
6,2026-08-20 17:00:00+00:00,tt_tbsimatupang,72.0,24.0,72.0,75.024895,45.900692
6,2026-08-20 17:00:00+00:00,tt_thamrin,22.0,10.0,22.0,21.000116,26.158625
6,2026-08-20 19:00:00+00:00,tt_bekasi,18.0,14.0,18.0,17.977081,26.342522
6,2026-08-20 19:00:00+00:00,tt_bogor,45.0,37.0,44.72727272727273,44.201817,38.066273
6,2026-08-20 19:00:00+00:00,tt_bsd,34.0,34.0,34.0,33.744247,40.689808
6,2026-08-20 19:00:00+00:00,tt_cawang,43.0,43.0,43.0,42.913715,26.568623
6,2026-08-20 19:00:00+00:00,tt_depok,31.0,24.0,31.0,30.49916,38.066273
6,2026-08-20 19:00:00+00:00,tt_gatsu,45.0,10.0,45.0,45.559868,26.819427
6,2026-08-20 19:00:00+00:00,tt_grogol,40.0,32.0,40.0,41.123158,25.288761
6,2026-08-20 19:00:00+00:00,tt_kebonjeruk,35.0,23.0,35.0,36.401573,23.90799
6,2026-08-20 19:00:00+00:00,tt_kelapagading,29.0,21.0,29.0,30.175762,27.29603
6,2026-08-20 19:00:00+00:00,tt_kuningan,21.0,13.0,21.0,20.51005,26.998047
6,2026-08-20 19:00:00+00:00,tt_sudirman,39.0,22.0,38.0,38.246223,27.241455
6,2026-08-20 19:00:00+00:00,tt_tangerang,48.0,48.0,48.0,51.114273,42.83829
6,2026-08-20 19:00:00+00:00,tt_tbsimatupang,72.0,40.0,72.0,76.31692,33.12654
6,2026-08-20 19:00:00+00:00,tt_thamrin,22.0,9.0,22.0,23.527586,27.032738
6,2026-08-20 21:00:00+00:00,tt_bekasi,18.0,18.0,18.0,19.679417,27.131737
6,2026-08-20 21:00:00+00:00,tt_bogor,45.0,38.0,45.0,44.842785,37.981804
6,2026-08-20 21:00:00+00:00,tt_bsd,34.0,27.0,34.0,32.99685,43.96312
6,2026-08-20 21:00:00+00:00,tt_cawang,43.0,32.0,43.0,41.621017,33.493965
6,2026-08-20 21:00:00+00:00,tt_depok,31.0,31.0,31.0,31.444944,37.981804
6,2026-08-20 21:00:00+00:00,tt_gatsu,45.0,45.0,45.0,44.935055,32.98682
6,2026-08-20 21:00:00+00:00,tt_grogol,40.0,40.0,40.0,39.75926,32.791
6,2026-08-20 21:00:00+00:00,tt_kebonjeruk,35.0,28.0,35.0,35.58715,28.60992
6,2026-08-20 21:00:00+00:00,tt_kelapagading,29.0,29.0,29.0,30.29824,27.447771
6,2026-08-20 21:00:00+00:00,tt_kuningan,21.0,16.0,21.0,22.048803,32.152454
6,2026-08-20 21:00:00+00:00,tt_sudirman,39.0,39.0,38.0,39.0413,27.985846
6,2026-08-20 21:00:00+00:00,tt_tangerang,48.0,48.0,48.0,47.57871,44.867226
6,2026-08-20 21:00:00+00:00,tt_tbsimatupang,72.0,59.0,72.0,69.865166,42.724865
6,2026-08-20 21:00:00+00:00,tt_thamrin,22.0,13.0,21.8,24.788038,27.696726
6,2026-08-20 22:00:00+00:00,tt_bekasi,18.0,15.0,18.0,18.616575,26.75069
6,2026-08-20 22:00:00+00:00,tt_bogor,45.0,45.0,45.0,44.80985,41.47503
6,2026-08-20 22:00:00+00:00,tt_bsd,34.0,34.0,33.6,32.683372,43.876915
6,2026-08-20 22:00:00+00:00,tt_cawang,43.0,43.0,40.9,38.268597,36.336533
6,2026-08-20 22:00:00+00:00,tt_depok,31.0,31.0,31.0,31.843542,41.47503
6,2026-08-20 22:00:00+00:00,tt_gatsu,45.0,45.0,45.0,45.999737,35.442566
6,2026-08-20 22:00:00+00:00,tt_grogol,40.0,40.0,40.0,38.951435,35.765404
6,2026-08-20 22:00:00+00:00,tt_kebonjeruk,35.0,35.0,35.0,34.23626,34.25319
6,2026-08-20 22:00:00+00:00,tt_kelapagading,29.0,29.0,29.0,29.986149,27.466719
6,2026-08-20 22:00:00+00:00,tt_kuningan,21.0,21.0,21.0,22.370922,37.351257
6,2026-08-20 22:00:00+00:00,tt_sudirman,39.0,39.0,38.0,38.032112,32.86596
6,2026-08-20 22:00:00+00:00,tt_tangerang,48.0,48.0,48.0,47.655636,45.096638
6,2026-08-20 22:00:00+00:00,tt_tbsimatupang,72.0,72.0,72.0,65.0652,45.984093
6,2026-08-20 22:00:00+00:00,tt_thamrin,22.0,22.0,22.0,22.54052,28.369183
6,2026-08-21 00:00:00+00:00,tt_bekasi,18.0,18.0,18.0,17.563267,25.865044
6,2026-08-21 00:00:00+00:00,tt_bogor,35.0,45.0,36.2,41.19696,37.45198
6,2026-08-21 00:00:00+00:00,tt_bsd,29.0,34.0,31.5,32.052353,38.108772
6,2026-08-21 00:00:00+00:00,tt_cawang,18.0,43.0,22.6,30.404146,32.87808
6,2026-08-21 00:00:00+00:00,tt_depok,25.0,31.0,30.2,31.183905,37.45198
6,2026-08-21 00:00:00+00:00,tt_gatsu,45.0,45.0,44.2,46.473747,32.391697
6,2026-08-21 00:00:00+00:00,tt_grogol,34.0,40.0,35.9,37.027542,34.432644
6,2026-08-21 00:00:00+00:00,tt_kebonjeruk,25.0,35.0,29.5,32.00487,34.509785
6,2026-08-21 00:00:00+00:00,tt_kelapagading,26.0,29.0,28.3,27.961843,26.948446
6,2026-08-21 00:00:00+00:00,tt_kuningan,21.0,21.0,21.0,21.93923,33.179714
6,2026-08-21 00:00:00+00:00,tt_sudirman,31.0,39.0,31.4,34.60428,32.735245
6,2026-08-21 00:00:00+00:00,tt_tangerang,37.0,48.0,44.3,45.663895,39.573204
6,2026-08-21 00:00:00+00:00,tt_tbsimatupang,32.0,72.0,42.1,53.940586,40.376
6,2026-08-21 00:00:00+00:00,tt_thamrin,22.0,22.0,20.3,21.076624,26.750467
6,2026-08-21 02:00:00+00:00,tt_bekasi,17.0,18.0,17.692307692307693,17.571333,20.519497
6,2026-08-21 02:00:00+00:00,tt_bogor,37.0,45.0,36.46153846153846,37.428993,33.31313
6,2026-08-21 02:00:00+00:00,tt_bsd,28.0,34.0,32.30769230769231,31.484226,33.3126
6,2026-08-21 02:00:00+00:00,tt_cawang,19.0,43.0,21.0,23.317312,28.783604
6,2026-08-21 02:00:00+00:00,tt_depok,26.0,31.0,29.23076923076923,28.687435,33.31313
6,2026-08-21 02:00:00+00:00,tt_gatsu,45.0,45.0,40.76923076923077,44.634613,28.677797
6,2026-08-21 02:00:00+00:00,tt_grogol,31.0,40.0,31.076923076923077,34.71017,30.861288
6,2026-08-21 02:00:00+00:00,tt_kebonjeruk,26.0,35.0,25.307692307692307,28.433867,31.860981
6,2026-08-21 02:00:00+00:00,tt_kelapagading,29.0,29.0,26.846153846153847,26.277159,25.788013
6,2026-08-21 02:00:00+00:00,tt_kuningan,21.0,21.0,18.23076923076923,20.745049,28.995575
6,2026-08-21 02:00:00+00:00,tt_sudirman,23.0,39.0,25.384615384615383,31.424574,31.11768
6,2026-08-21 02:00:00+00:00,tt_tangerang,37.0,48.0,43.84615384615385,41.767136,32.80422
6,2026-08-21 02:00:00+00:00,tt_tbsimatupang,37.0,72.0,29.923076923076923,42.423008,34.624752
6,2026-08-21 02:00:00+00:00,tt_thamrin,22.0,22.0,17.846153846153847,20.576498,24.255821
6,2026-08-21 03:00:00+00:00,tt_bekasi,15.0,18.0,17.727272727272727,17.695812,17.77866
6,2026-08-21 03:00:00+00:00,tt_bogor,38.0,45.0,37.90909090909091,36.26006,31.793753
6,2026-08-21 03:00:00+00:00,tt_bsd,34.0,34.0,32.0,31.811453,31.71886
6,2026-08-21 03:00:00+00:00,tt_cawang,21.0,43.0,21.818181818181817,20.722706,28.281906
6,2026-08-21 03:00:00+00:00,tt_depok,31.0,31.0,26.545454545454547,27.318502,31.793753
6,2026-08-21 03:00:00+00:00,tt_gatsu,45.0,45.0,43.90909090909091,43.27749,28.174017
6,2026-08-21 03:00:00+00:00,tt_grogol,27.0,40.0,31.272727272727273,33.31525,29.202827
6,2026-08-21 03:00:00+00:00,tt_kebonjeruk,24.0,35.0,25.0,26.645124,30.287006
6,2026-08-21 03:00:00+00:00,tt_kelapagading,23.0,29.0,24.636363636363637,25.616846,25.248646
6,2026-08-21 03:00:00+00:00,tt_kuningan,16.0,21.0,18.545454545454547,20.254522,28.408382
6,2026-08-21 03:00:00+00:00,tt_sudirman,28.0,39.0,32.27272727272727,29.92493,30.17132
6,2026-08-21 03:00:00+00:00,tt_tangerang,48.0,48.0,39.54545454545455,40.043007,29.823917
6,2026-08-21 03:00:00+00:00,tt_tbsimatupang,48.0,72.0,37.45454545454545,37.566597,32.24287
6,2026-08-21 03:00:00+00:00,tt_thamrin,16.0,22.0,18.90909090909091,20.167244,22.40797
6,2026-08-21 05:00:00+00:00,tt_bekasi,16.0,18.0,18.0,16.638573,14.045174
6,2026-08-21 05:00:00+00:00,tt_bogor,45.0,45.0,39.6,35.653923,32.903194
6,2026-08-21 05:00:00+00:00,tt_bsd,34.0,34.0,32.4,32.626766,33.896706
6,2026-08-21 05:00:00+00:00,tt_cawang,43.0,43.0,23.3,17.466988,28.574171
6,2026-08-21 05:00:00+00:00,tt_depok,31.0,31.0,28.2,25.328255,32.903194
6,2026-08-21 05:00:00+00:00,tt_gatsu,45.0,45.0,45.0,41.147034,28.197998
6,2026-08-21 05:00:00+00:00,tt_grogol,32.0,40.0,32.0,31.097631,28.884203
6,2026-08-21 05:00:00+00:00,tt_kebonjeruk,27.0,35.0,25.2,23.277609,29.383297
6,2026-08-21 05:00:00+00:00,tt_kelapagading,23.0,29.0,21.4,23.432632,23.460917
6,2026-08-21 05:00:00+00:00,tt_kuningan,21.0,21.0,18.2,19.843328,28.818834
6,2026-08-21 05:00:00+00:00,tt_sudirman,34.0,39.0,28.4,27.671219,27.65541
6,2026-08-21 05:00:00+00:00,tt_tangerang,48.0,48.0,39.6,39.29968,31.621569
6,2026-08-21 05:00:00+00:00,tt_tbsimatupang,72.0,72.0,45.0,33.859104,30.32544
6,2026-08-21 05:00:00+00:00,tt_thamrin,21.0,22.0,18.9,17.421818,16.860256
6,2026-08-21 07:00:00+00:00,tt_bekasi,14.0,18.0,17.75,15.420789,17.547916
6,2026-08-21 07:00:00+00:00,tt_bogor,35.0,35.0,36.083333333333336,34.5662,35.595898
6,2026-08-21 07:00:00+00:00,tt_bsd,34.0,29.0,31.75,32.778206,34.50604
6,2026-08-21 07:00:00+00:00,tt_cawang,28.0,18.0,28.666666666666668,24.093376,30.764412
6,2026-08-21 07:00:00+00:00,tt_depok,25.0,25.0,26.5,25.921133,35.595898
6,2026-08-21 07:00:00+00:00,tt_gatsu,36.0,45.0,34.5,35.749733,30.051876
6,2026-08-21 07:00:00+00:00,tt_grogol,28.0,34.0,31.666666666666668,30.553806,28.17395
6,2026-08-21 07:00:00+00:00,tt_kebonjeruk,21.0,25.0,22.416666666666668,22.83068,27.535282
6,2026-08-21 07:00:00+00:00,tt_kelapagading,20.0,26.0,21.166666666666668,21.386196,23.954945
6,2026-08-21 07:00:00+00:00,tt_kuningan,21.0,21.0,18.666666666666668,16.836014,31.176872
6,2026-08-21 07:00:00+00:00,tt_sudirman,18.0,31.0,24.583333333333332,21.82287,35.981888
6,2026-08-21 07:00:00+00:00,tt_tangerang,39.0,37.0,43.666666666666664,39.88928,31.83797
6,2026-08-21 07:00:00+00:00,tt_tbsimatupang,52.0,32.0,56.416666666666664,43.488686,33.67904
6,2026-08-21 07:00:00+00:00,tt_thamrin,18.0,22.0,17.0,16.724758,20.39716
6,2026-08-21 08:00:00+00:00,tt_bekasi,16.0,17.0,15.923076923076923,15.560456,15.822525
6,2026-08-21 08:00:00+00:00,tt_bogor,34.0,37.0,34.61538461538461,34.746574,33.623665
6,2026-08-21 08:00:00+00:00,tt_bsd,34.0,28.0,32.07692307692308,32.405533,33.6553
6,2026-08-21 08:00:00+00:00,tt_cawang,31.0,19.0,35.15384615384615,26.421595,29.76529
6,2026-08-21 08:00:00+00:00,tt_depok,25.0,26.0,27.384615384615383,25.228588,33.623665
6,2026-08-21 08:00:00+00:00,tt_gatsu,35.0,45.0,30.46153846153846,34.478867,29.368795
6,2026-08-21 08:00:00+00:00,tt_grogol,29.0,31.0,31.384615384615383,31.570541,28.545202
6,2026-08-21 08:00:00+00:00,tt_kebonjeruk,24.0,26.0,21.923076923076923,22.844357,28.125654
6,2026-08-21 08:00:00+00:00,tt_kelapagading,21.0,29.0,20.923076923076923,21.009949,25.9085
6,2026-08-21 08:00:00+00:00,tt_kuningan,17.0,21.0,19.53846153846154,16.344244,30.763285
6,2026-08-21 08:00:00+00:00,tt_sudirman,24.0,23.0,22.846153846153847,21.980032,31.547451
6,2026-08-21 08:00:00+00:00,tt_tangerang,40.0,37.0,37.61538461538461,39.22654,31.894096
6,2026-08-21 08:00:00+00:00,tt_tbsimatupang,38.0,37.0,43.0,45.077965,32.58203
6,2026-08-21 08:00:00+00:00,tt_thamrin,10.0,22.0,15.461538461538462,16.38499,19.434574
6,2026-08-21 10:00:00+00:00,tt_bekasi,15.0,15.0,15.3,15.890794,14.551302
6,2026-08-21 10:00:00+00:00,tt_bogor,32.0,38.0,31.5,36.707405,34.97596
6,2026-08-21 10:00:00+00:00,tt_bsd,34.0,34.0,32.0,32.222145,37.21589
6,2026-08-21 10:00:00+00:00,tt_cawang,22.0,21.0,29.9,34.074673,29.975187
6,2026-08-21 10:00:00+00:00,tt_depok,24.0,31.0,23.6,25.183254,34.97596
6,2026-08-21 10:00:00+00:00,tt_gatsu,34.0,45.0,23.1,32.624905,29.866337
6,2026-08-21 10:00:00+00:00,tt_grogol,32.0,27.0,32.1,34.153095,30.583204
6,2026-08-21 10:00:00+00:00,tt_kebonjeruk,20.0,24.0,21.4,23.08758,30.858414
6,2026-08-21 10:00:00+00:00,tt_kelapagading,19.0,23.0,20.9,20.409866,26.146763
6,2026-08-21 10:00:00+00:00,tt_kuningan,13.0,16.0,15.3,16.15652,31.176388
6,2026-08-21 10:00:00+00:00,tt_sudirman,22.0,28.0,19.4,25.215408,29.032843
6,2026-08-21 10:00:00+00:00,tt_tangerang,29.0,48.0,36.3,40.445847,38.276802
6,2026-08-21 10:00:00+00:00,tt_tbsimatupang,27.0,48.0,34.0,51.64912,36.056404
6,2026-08-21 10:00:00+00:00,tt_thamrin,19.0,16.0,15.5,15.178058,17.16674
6,2026-08-21 12:00:00+00:00,tt_bekasi,13.0,16.0,14.857142857142858,16.627645,21.371635
6,2026-08-21 12:00:00+00:00,tt_bogor,32.0,45.0,34.0,40.474335,38.241543
6,2026-08-21 12:00:00+00:00,tt_bsd,34.0,34.0,32.642857142857146,31.554588,37.71635
6,2026-08-21 12:00:00+00:00,tt_cawang,34.0,43.0,34.142857142857146,37.292694,39.308495
6,2026-08-21 12:00:00+00:00,tt_depok,26.0,31.0,23.857142857142858,25.724571,38.241543
6,2026-08-21 12:00:00+00:00,tt_gatsu,15.0,45.0,24.785714285714285,34.647953,40.051292
6,2026-08-21 12:00:00+00:00,tt_grogol,32.0,32.0,33.07142857142857,37.36869,38.025917
6,2026-08-21 12:00:00+00:00,tt_kebonjeruk,19.0,27.0,23.571428571428573,25.442474,38.738686
6,2026-08-21 12:00:00+00:00,tt_kelapagading,18.0,23.0,20.714285714285715,22.206186,26.325098
6,2026-08-21 12:00:00+00:00,tt_kuningan,13.0,21.0,13.785714285714286,18.724554,40.623444
6,2026-08-21 12:00:00+00:00,tt_sudirman,18.0,34.0,23.714285714285715,30.81298,31.972073
6,2026-08-21 12:00:00+00:00,tt_tangerang,32.0,48.0,43.57142857142857,41.392258,42.665382
6,2026-08-21 12:00:00+00:00,tt_tbsimatupang,27.0,72.0,58.92857142857143,54.371284,40.626057
6,2026-08-21 12:00:00+00:00,tt_thamrin,9.0,21.0,12.785714285714286,17.040901,21.768805
6,2026-08-21 13:00:00+00:00,tt_bekasi,18.0,14.0,17.2,16.037327,21.775015
6,2026-08-21 13:00:00+00:00,tt_bogor,45.0,35.0,40.9,39.0791,36.36227
6,2026-08-21 13:00:00+00:00,tt_bsd,34.0,34.0,31.6,32.856148,35.767487
6,2026-08-21 13:00:00+00:00,tt_cawang,32.0,28.0,40.6,37.6525,41.684944
6,2026-08-21 13:00:00+00:00,tt_depok,25.0,25.0,25.0,26.54619,36.36227
6,2026-08-21 13:00:00+00:00,tt_gatsu,45.0,36.0,43.3,38.170998,42.036484
6,2026-08-21 13:00:00+00:00,tt_grogol,40.0,28.0,37.9,39.488483,40.745678
6,2026-08-21 13:00:00+00:00,tt_kebonjeruk,25.0,21.0,25.3,29.187569,41.403515
6,2026-08-21 13:00:00+00:00,tt_kelapagading,21.0,20.0,24.2,22.962181,25.098637
6,2026-08-21 13:00:00+00:00,tt_kuningan,21.0,21.0,16.2,18.197447,42.196075
6,2026-08-21 13:00:00+00:00,tt_sudirman,31.0,18.0,30.6,31.042725,32.327076
6,2026-08-21 13:00:00+00:00,tt_tangerang,48.0,39.0,46.2,44.703873,42.87979
6,2026-08-21 13:00:00+00:00,tt_tbsimatupang,72.0,52.0,67.6,62.4768,39.1819
6,2026-08-21 13:00:00+00:00,tt_thamrin,16.0,18.0,15.7,17.15943,21.570763
