horizon,target_time,corridor,y_true,fixed_stgnn_pred
1,2026-08-18 02:00:00+00:00,tt_bekasi,15.999999,17.211956
1,2026-08-18 02:00:00+00:00,tt_bogor,36.0,31.048561
1,2026-08-18 02:00:00+00:00,tt_bsd,34.0,29.597887
1,2026-08-18 02:00:00+00:00,tt_cawang,21.0,23.328093
1,2026-08-18 02:00:00+00:00,tt_depok,31.0,23.83792
1,2026-08-18 02:00:00+00:00,tt_gatsu,33.0,40.241364
1,2026-08-18 02:00:00+00:00,tt_grogol,26.0,27.221685
1,2026-08-18 02:00:00+00:00,tt_kebonjeruk,26.0,26.831465
1,2026-08-18 02:00:00+00:00,tt_kelapagading,29.0,29.203783
1,2026-08-18 02:00:00+00:00,tt_kuningan,21.0,18.786331
1,2026-08-18 02:00:00+00:00,tt_sudirman,23.0,33.231533
1,2026-08-18 02:00:00+00:00,tt_tangerang,48.0,37.24794
1,2026-08-18 02:00:00+00:00,tt_tbsimatupang,15.999999,37.52678
1,2026-08-18 02:00:00+00:00,tt_thamrin,17.0,19.571594
1,2026-08-18 04:00:00+00:00,tt_bekasi,15.0,16.84095
1,2026-08-18 04:00:00+00:00,tt_bogor,33.0,32.635025
1,2026-08-18 04:00:00+00:00,tt_bsd,28.0,30.50711
1,2026-08-18 04:00:00+00:00,tt_cawang,22.0,22.546162
1,2026-08-18 04:00:00+00:00,tt_depok,31.0,26.249935
1,2026-08-18 04:00:00+00:00,tt_gatsu,32.0,35.80719
1,2026-08-18 04:00:00+00:00,tt_grogol,27.0,26.367146
1,2026-08-18 04:00:00+00:00,tt_kebonjeruk,25.0,25.446861
1,2026-08-18 04:00:00+00:00,tt_kelapagading,29.0,29.270302
1,2026-08-18 04:00:00+00:00,tt_kuningan,15.999999,18.660374
1,2026-08-18 04:00:00+00:00,tt_sudirman,24.0,28.172993
1,2026-08-18 04:00:00+00:00,tt_tangerang,36.0,45.386536
1,2026-08-18 04:00:00+00:00,tt_tbsimatupang,55.0,30.412523
1,2026-08-18 04:00:00+00:00,tt_thamrin,18.0,18.477497
1,2026-08-18 05:00:00+00:00,tt_bekasi,15.0,16.50077
1,2026-08-18 05:00:00+00:00,tt_bogor,38.0,34.25164
1,2026-08-18 05:00:00+00:00,tt_bsd,28.0,29.157347
1,2026-08-18 05:00:00+00:00,tt_cawang,28.0,23.085346
1,2026-08-18 05:00:00+00:00,tt_depok,26.0,28.746243
1,2026-08-18 05:00:00+00:00,tt_gatsu,45.0,35.553745
1,2026-08-18 05:00:00+00:00,tt_grogol,36.0,26.533833
1,2026-08-18 05:00:00+00:00,tt_kebonjeruk,22.0,24.838652
1,2026-08-18 05:00:00+00:00,tt_kelapagading,22.0,29.576117
1,2026-08-18 05:00:00+00:00,tt_kuningan,21.0,17.949137
1,2026-08-18 05:00:00+00:00,tt_sudirman,31.0,28.034376
1,2026-08-18 05:00:00+00:00,tt_tangerang,41.0,39.403553
1,2026-08-18 05:00:00+00:00,tt_tbsimatupang,51.0,46.24679
1,2026-08-18 05:00:00+00:00,tt_thamrin,20.0,18.659271
1,2026-08-18 07:00:00+00:00,tt_bekasi,15.0,16.554998
1,2026-08-18 07:00:00+00:00,tt_bogor,34.0,37.325844
1,2026-08-18 07:00:00+00:00,tt_bsd,30.0,27.890848
1,2026-08-18 07:00:00+00:00,tt_cawang,43.0,26.38247
1,2026-08-18 07:00:00+00:00,tt_depok,31.0,26.673492
1,2026-08-18 07:00:00+00:00,tt_gatsu,45.0,44.727608
1,2026-08-18 07:00:00+00:00,tt_grogol,32.0,32.984257
1,2026-08-18 07:00:00+00:00,tt_kebonjeruk,25.0,23.496132
1,2026-08-18 07:00:00+00:00,tt_kelapagading,22.0,26.541431
1,2026-08-18 07:00:00+00:00,tt_kuningan,15.0,20.386639
1,2026-08-18 07:00:00+00:00,tt_sudirman,28.0,31.569954
1,2026-08-18 07:00:00+00:00,tt_tangerang,38.0,41.833847
1,2026-08-18 07:00:00+00:00,tt_tbsimatupang,57.0,51.965088
1,2026-08-18 07:00:00+00:00,tt_thamrin,22.0,20.001427
1,2026-08-18 09:00:00+00:00,tt_bekasi,14.0,16.850912
1,2026-08-18 09:00:00+00:00,tt_bogor,35.0,36.530468
1,2026-08-18 09:00:00+00:00,tt_bsd,28.0,29.640106
1,2026-08-18 09:00:00+00:00,tt_cawang,29.0,37.484116
1,2026-08-18 09:00:00+00:00,tt_depok,24.0,31.207144
1,2026-08-18 09:00:00+00:00,tt_gatsu,45.0,46.53338
1,2026-08-18 09:00:00+00:00,tt_grogol,32.0,31.791698
1,2026-08-18 09:00:00+00:00,tt_kebonjeruk,23.0,24.425148
1,2026-08-18 09:00:00+00:00,tt_kelapagading,23.0,25.837822
1,2026-08-18 09:00:00+00:00,tt_kuningan,21.0,18.41661
1,2026-08-18 09:00:00+00:00,tt_sudirman,31.0,30.164719
1,2026-08-18 09:00:00+00:00,tt_tangerang,38.0,40.393246
1,2026-08-18 09:00:00+00:00,tt_tbsimatupang,43.0,55.820213
1,2026-08-18 09:00:00+00:00,tt_thamrin,22.0,21.293423
1,2026-08-18 10:00:00+00:00,tt_bekasi,14.0,16.263865
1,2026-08-18 10:00:00+00:00,tt_bogor,35.0,34.109615
1,2026-08-18 10:00:00+00:00,tt_bsd,34.0,27.537918
1,2026-08-18 10:00:00+00:00,tt_cawang,30.0,32.796375
1,2026-08-18 10:00:00+00:00,tt_depok,25.0,26.511108
1,2026-08-18 10:00:00+00:00,tt_gatsu,3.999998,45.85142
1,2026-08-18 10:00:00+00:00,tt_grogol,31.0,31.699959
1,2026-08-18 10:00:00+00:00,tt_kebonjeruk,21.0,23.879519
1,2026-08-18 10:00:00+00:00,tt_kelapagading,21.0,25.882551
1,2026-08-18 10:00:00+00:00,tt_kuningan,14.0,19.466286
1,2026-08-18 10:00:00+00:00,tt_sudirman,23.0,30.779718
1,2026-08-18 10:00:00+00:00,tt_tangerang,34.0,39.944977
1,2026-08-18 10:00:00+00:00,tt_tbsimatupang,44.0,47.86387
1,2026-08-18 10:00:00+00:00,tt_thamrin,22.0,21.699432
1,2026-08-18 12:00:00+00:00,tt_bekasi,14.0,15.079206
1,2026-08-18 12:00:00+00:00,tt_bogor,35.0,33.842636
1,2026-08-18 12:00:00+00:00,tt_bsd,34.0,31.036373
1,2026-08-18 12:00:00+00:00,tt_cawang,34.0,30.981506
1,2026-08-18 12:00:00+00:00,tt_depok,26.0,24.690767
1,2026-08-18 12:00:00+00:00,tt_gatsu,45.0,26.376534
1,2026-08-18 12:00:00+00:00,tt_grogol,32.0,31.013884
1,2026-08-18 12:00:00+00:00,tt_kebonjeruk,25.0,22.244778
1,2026-08-18 12:00:00+00:00,tt_kelapagading,22.0,24.615532
1,2026-08-18 12:00:00+00:00,tt_kuningan,13.0,16.35685
1,2026-08-18 12:00:00+00:00,tt_sudirman,29.0,26.586325
1,2026-08-18 12:00:00+00:00,tt_tangerang,48.0,37.15677
1,2026-08-18 12:00:00+00:00,tt_tbsimatupang,72.0,43.509003
1,2026-08-18 12:00:00+00:00,tt_thamrin,17.0,22.095646
1,2026-08-18 14:00:00+00:00,tt_bekasi,15.999999,16.19981
1,2026-08-18 14:00:00+00:00,tt_bogor,45.0,36.130436
1,2026-08-18 14:00:00+00:00,tt_bsd,34.0,35.496956
1,2026-08-18 14:00:00+00:00,tt_cawang,32.0,35.02281
1,2026-08-18 14:00:00+00:00,tt_depok,26.0,27.283012
1,2026-08-18 14:00:00+00:00,tt_gatsu,45.0,45.129936
1,2026-08-18 14:00:00+00:00,tt_grogol,40.0,32.343513
1,2026-08-18 14:00:00+00:00,tt_kebonjeruk,31.0,24.061598
1,2026-08-18 14:00:00+00:00,tt_kelapagading,29.0,24.342121
1,2026-08-18 14:00:00+00:00,tt_kuningan,15.999999,16.841827
1,2026-08-18 14:00:00+00:00,tt_sudirman,30.0,29.017643
1,2026-08-18 14:00:00+00:00,tt_tangerang,48.0,46.99604
1,2026-08-18 14:00:00+00:00,tt_tbsimatupang,72.0,65.09863
1,2026-08-18 14:00:00+00:00,tt_thamrin,22.0,19.946789
1,2026-08-18 15:00:00+00:00,tt_bekasi,15.999999,16.986187
1,2026-08-18 15:00:00+00:00,tt_bogor,45.0,40.34404
1,2026-08-18 15:00:00+00:00,tt_bsd,34.0,35.583916
1,2026-08-18 15:00:00+00:00,tt_cawang,43.0,35.569748
1,2026-08-18 15:00:00+00:00,tt_depok,31.0,27.868248
1,2026-08-18 15:00:00+00:00,tt_gatsu,45.0,46.371037
1,2026-08-18 15:00:00+00:00,tt_grogol,40.0,37.014572
1,2026-08-18 15:00:00+00:00,tt_kebonjeruk,35.0,27.679258
1,2026-08-18 15:00:00+00:00,tt_kelapagading,29.0,26.588844
1,2026-08-18 15:00:00+00:00,tt_kuningan,21.0,17.526365
1,2026-08-18 15:00:00+00:00,tt_sudirman,39.0,30.015026
1,2026-08-18 15:00:00+00:00,tt_tangerang,48.0,48.00303
1,2026-08-18 15:00:00+00:00,tt_tbsimatupang,72.0,65.977425
1,2026-08-18 15:00:00+00:00,tt_thamrin,22.0,21.67406
1,2026-08-18 17:00:00+00:00,tt_bekasi,17.0,17.544346
1,2026-08-18 17:00:00+00:00,tt_bogor,45.0,43.304737
1,2026-08-18 17:00:00+00:00,tt_bsd,34.0,35.08083
1,2026-08-18 17:00:00+00:00,tt_cawang,43.0,42.34952
1,2026-08-18 17:00:00+00:00,tt_depok,31.0,32.053467
1,2026-08-18 17:00:00+00:00,tt_gatsu,45.0,46.38611
1,2026-08-18 17:00:00+00:00,tt_grogol,40.0,39.806488
1,2026-08-18 17:00:00+00:00,tt_kebonjeruk,35.0,33.026524
1,2026-08-18 17:00:00+00:00,tt_kelapagading,29.0,27.870258
1,2026-08-18 17:00:00+00:00,tt_kuningan,21.0,21.033596
1,2026-08-18 17:00:00+00:00,tt_sudirman,39.0,37.38008
1,2026-08-18 17:00:00+00:00,tt_tangerang,48.0,47.10272
1,2026-08-18 17:00:00+00:00,tt_tbsimatupang,72.0,65.388504
1,2026-08-18 17:00:00+00:00,tt_thamrin,22.0,22.859158
1,2026-08-18 19:00:00+00:00,tt_bekasi,17.0,18.0419
1,2026-08-18 19:00:00+00:00,tt_bogor,45.0,42.82452
1,2026-08-18 19:00:00+00:00,tt_bsd,34.0,34.546825
1,2026-08-18 19:00:00+00:00,tt_cawang,43.0,42.089912
1,2026-08-18 19:00:00+00:00,tt_depok,31.0,32.201607
1,2026-08-18 19:00:00+00:00,tt_gatsu,45.0,44.634907
1,2026-08-18 19:00:00+00:00,tt_grogol,40.0,38.99591
1,2026-08-18 19:00:00+00:00,tt_kebonjeruk,35.0,33.750156
1,2026-08-18 19:00:00+00:00,tt_kelapagading,29.0,28.249002
1,2026-08-18 19:00:00+00:00,tt_kuningan,21.0,21.295488
1,2026-08-18 19:00:00+00:00,tt_sudirman,39.0,38.020653
1,2026-08-18 19:00:00+00:00,tt_tangerang,48.0,46.02618
1,2026-08-18 19:00:00+00:00,tt_tbsimatupang,72.0,64.24633
1,2026-08-18 19:00:00+00:00,tt_thamrin,22.0,22.750233
1,2026-08-18 20:00:00+00:00,tt_bekasi,17.0,18.104744
1,2026-08-18 20:00:00+00:00,tt_bogor,45.0,42.68051
1,2026-08-18 20:00:00+00:00,tt_bsd,34.0,34.38012
1,2026-08-18 20:00:00+00:00,tt_cawang,43.0,41.447475
1,2026-08-18 20:00:00+00:00,tt_depok,31.0,32.116295
1,2026-08-18 20:00:00+00:00,tt_gatsu,45.0,43.98268
1,2026-08-18 20:00:00+00:00,tt_grogol,40.0,38.71067
1,2026-08-18 20:00:00+00:00,tt_kebonjeruk,35.0,33.738785
1,2026-08-18 20:00:00+00:00,tt_kelapagading,29.0,28.3711
1,2026-08-18 20:00:00+00:00,tt_kuningan,21.0,21.270742
1,2026-08-18 20:00:00+00:00,tt_sudirman,39.0,38.067406
1,2026-08-18 20:00:00+00:00,tt_tangerang,48.0,45.71454
1,2026-08-18 20:00:00+00:00,tt_tbsimatupang,72.0,63.866737
1,2026-08-18 20:00:00+00:00,tt_thamrin,22.0,22.571661
1,2026-08-18 22:00:00+00:00,tt_bekasi,17.0,18.165236
1,2026-08-18 22:00:00+00:00,tt_bogor,45.0,42.44451
1,2026-08-18 22:00:00+00:00,tt_bsd,34.0,34.13254
1,2026-08-18 22:00:00+00:00,tt_cawang,43.0,40.78588
1,2026-08-18 22:00:00+00:00,tt_depok,31.0,31.944784
1,2026-08-18 22:00:00+00:00,tt_gatsu,45.0,42.982903
1,2026-08-18 22:00:00+00:00,tt_grogol,40.0,38.328316
1,2026-08-18 22:00:00+00:00,tt_kebonjeruk,35.0,33.705524
1,2026-08-18 22:00:00+00:00,tt_kelapagading,29.0,28.521376
1,2026-08-18 22:00:00+00:00,tt_kuningan,21.0,21.10396
1,2026-08-18 22:00:00+00:00,tt_sudirman,39.0,38.06494
1,2026-08-18 22:00:00+00:00,tt_tangerang,48.0,45.299767
1,2026-08-18 22:00:00+00:00,tt_tbsimatupang,72.0,63.404984
1,2026-08-18 22:00:00+00:00,tt_thamrin,22.0,22.29576
1,2026-08-19 00:00:00+00:00,tt_bekasi,15.0,17.999062
1,2026-08-19 00:00:00+00:00,tt_bogor,35.0,42.29364
1,2026-08-19 00:00:00+00:00,tt_bsd,29.0,33.902557
1,2026-08-19 00:00:00+00:00,tt_cawang,20.0,40.425415
1,2026-08-19 00:00:00+00:00,tt_depok,31.0,31.808065
1,2026-08-19 00:00:00+00:00,tt_gatsu,45.0,42.905357
1,2026-08-19 00:00:00+00:00,tt_grogol,40.0,38.06962
1,2026-08-19 00:00:00+00:00,tt_kebonjeruk,27.0,33.69977
1,2026-08-19 00:00:00+00:00,tt_kelapagading,29.0,28.617067
1,2026-08-19 00:00:00+00:00,tt_kuningan,21.0,20.883438
1,2026-08-19 00:00:00+00:00,tt_sudirman,39.0,38.07232
1,2026-08-19 00:00:00+00:00,tt_tangerang,48.0,45.129585
1,2026-08-19 00:00:00+00:00,tt_tbsimatupang,39.0,63.193565
1,2026-08-19 00:00:00+00:00,tt_thamrin,19.0,21.972286
1,2026-08-19 01:00:00+00:00,tt_bekasi,15.999999,16.965586
1,2026-08-19 01:00:00+00:00,tt_bogor,37.0,34.084057
1,2026-08-19 01:00:00+00:00,tt_bsd,34.0,28.608368
1,2026-08-19 01:00:00+00:00,tt_cawang,13.0,29.157354
1,2026-08-19 01:00:00+00:00,tt_depok,27.0,27.37041
1,2026-08-19 01:00:00+00:00,tt_gatsu,13.0,40.356102
1,2026-08-19 01:00:00+00:00,tt_grogol,32.0,37.42101
1,2026-08-19 01:00:00+00:00,tt_kebonjeruk,25.0,29.110912
1,2026-08-19 01:00:00+00:00,tt_kelapagading,29.0,28.451529
1,2026-08-19 01:00:00+00:00,tt_kuningan,21.0,19.21286
1,2026-08-19 01:00:00+00:00,tt_sudirman,22.0,36.909306
1,2026-08-19 01:00:00+00:00,tt_tangerang,39.0,44.323254
1,2026-08-19 01:00:00+00:00,tt_tbsimatupang,18.0,45.15403
1,2026-08-19 01:00:00+00:00,tt_thamrin,22.0,20.825218
1,2026-08-19 03:00:00+00:00,tt_bekasi,15.999999,16.246279
1,2026-08-19 03:00:00+00:00,tt_bogor,37.0,32.338577
1,2026-08-19 03:00:00+00:00,tt_bsd,34.0,28.312187
1,2026-08-19 03:00:00+00:00,tt_cawang,20.0,20.022575
1,2026-08-19 03:00:00+00:00,tt_depok,31.0,23.793707
1,2026-08-19 03:00:00+00:00,tt_gatsu,45.0,24.02279
1,2026-08-19 03:00:00+00:00,tt_grogol,31.0,31.077503
1,2026-08-19 03:00:00+00:00,tt_kebonjeruk,23.0,24.64984
1,2026-08-19 03:00:00+00:00,tt_kelapagading,29.0,28.729233
1,2026-08-19 03:00:00+00:00,tt_kuningan,15.999999,18.114761
1,2026-08-19 03:00:00+00:00,tt_sudirman,24.0,27.720383
1,2026-08-19 03:00:00+00:00,tt_tangerang,40.0,38.617237
1,2026-08-19 03:00:00+00:00,tt_tbsimatupang,33.0,31.374294
1,2026-08-19 03:00:00+00:00,tt_thamrin,20.0,21.146835
1,2026-08-19 05:00:00+00:00,tt_bekasi,15.0,17.341589
1,2026-08-19 05:00:00+00:00,tt_bogor,32.0,35.80202
1,2026-08-19 05:00:00+00:00,tt_bsd,34.0,31.153774
1,2026-08-19 05:00:00+00:00,tt_cawang,17.0,22.410732
1,2026-08-19 05:00:00+00:00,tt_depok,31.0,27.12781
1,2026-08-19 05:00:00+00:00,tt_gatsu,45.0,39.71938
1,2026-08-19 05:00:00+00:00,tt_grogol,31.0,30.494146
1,2026-08-19 05:00:00+00:00,tt_kebonjeruk,24.0,23.281296
1,2026-08-19 05:00:00+00:00,tt_kelapagading,21.0,29.529362
1,2026-08-19 05:00:00+00:00,tt_kuningan,17.0,17.222391
1,2026-08-19 05:00:00+00:00,tt_sudirman,27.0,27.530632
1,2026-08-19 05:00:00+00:00,tt_tangerang,40.0,39.581215
1,2026-08-19 05:00:00+00:00,tt_tbsimatupang,43.0,37.831676
1,2026-08-19 05:00:00+00:00,tt_thamrin,17.0,20.479198
1,2026-08-19 06:00:00+00:00,tt_bekasi,18.0,16.82565
1,2026-08-19 06:00:00+00:00,tt_bogor,35.0,34.214
1,2026-08-19 06:00:00+00:00,tt_bsd,34.0,32.421505
1,2026-08-19 06:00:00+00:00,tt_cawang,19.0,21.458687
1,2026-08-19 06:00:00+00:00,tt_depok,27.0,27.95997
1,2026-08-19 06:00:00+00:00,tt_gatsu,30.0,42.59471
1,2026-08-19 06:00:00+00:00,tt_grogol,27.0,30.666609
1,2026-08-19 06:00:00+00:00,tt_kebonjeruk,21.0,23.470135
1,2026-08-19 06:00:00+00:00,tt_kelapagading,21.0,27.037409
1,2026-08-19 06:00:00+00:00,tt_kuningan,21.0,17.52505
1,2026-08-19 06:00:00+00:00,tt_sudirman,18.0,28.401344
1,2026-08-19 06:00:00+00:00,tt_tangerang,38.0,40.046555
1,2026-08-19 06:00:00+00:00,tt_tbsimatupang,48.0,42.724495
1,2026-08-19 06:00:00+00:00,tt_thamrin,13.0,19.407936
1,2026-08-19 08:00:00+00:00,tt_bekasi,15.0,17.780457
1,2026-08-19 08:00:00+00:00,tt_bogor,34.0,35.75781
1,2026-08-19 08:00:00+00:00,tt_bsd,28.0,33.042137
1,2026-08-19 08:00:00+00:00,tt_cawang,32.0,21.154598
1,2026-08-19 08:00:00+00:00,tt_depok,25.0,26.723724
1,2026-08-19 08:00:00+00:00,tt_gatsu,26.0,36.175716
1,2026-08-19 08:00:00+00:00,tt_grogol,27.0,28.731667
1,2026-08-19 08:00:00+00:00,tt_kebonjeruk,18.0,21.881725
1,2026-08-19 08:00:00+00:00,tt_kelapagading,22.0,25.703236
1,2026-08-19 08:00:00+00:00,tt_kuningan,21.0,19.520105
1,2026-08-19 08:00:00+00:00,tt_sudirman,22.0,24.102674
1,2026-08-19 08:00:00+00:00,tt_tangerang,48.0,38.662853
1,2026-08-19 08:00:00+00:00,tt_tbsimatupang,32.0,48.016975
1,2026-08-19 08:00:00+00:00,tt_thamrin,8.0,16.625301
1,2026-08-19 10:00:00+00:00,tt_bekasi,13.0,16.879505
1,2026-08-19 10:00:00+00:00,tt_bogor,30.0,34.81703
1,2026-08-19 10:00:00+00:00,tt_bsd,34.0,28.044003
1,2026-08-19 10:00:00+00:00,tt_cawang,43.0,28.038296
1,2026-08-19 10:00:00+00:00,tt_depok,23.0,25.253212
1,2026-08-19 10:00:00+00:00,tt_gatsu,23.0,33.244507
1,2026-08-19 10:00:00+00:00,tt_grogol,30.0,28.647915
1,2026-08-19 10:00:00+00:00,tt_kebonjeruk,19.0,20.0989
1,2026-08-19 10:00:00+00:00,tt_kelapagading,22.0,26.185158
1,2026-08-19 10:00:00+00:00,tt_kuningan,15.999999,20.437777
1,2026-08-19 10:00:00+00:00,tt_sudirman,19.0,25.128593
1,2026-08-19 10:00:00+00:00,tt_tangerang,28.0,46.164284
1,2026-08-19 10:00:00+00:00,tt_tbsimatupang,34.0,38.287052
1,2026-08-19 10:00:00+00:00,tt_thamrin,17.0,13.701437
1,2026-08-19 11:00:00+00:00,tt_bekasi,18.0,16.183184
1,2026-08-19 11:00:00+00:00,tt_bogor,33.0,32.96585
1,2026-08-19 11:00:00+00:00,tt_bsd,27.0,29.518425
1,2026-08-19 11:00:00+00:00,tt_cawang,43.0,32.76345
1,2026-08-19 11:00:00+00:00,tt_depok,25.0,24.62654
1,2026-08-19 11:00:00+00:00,tt_gatsu,35.0,31.697691
1,2026-08-19 11:00:00+00:00,tt_grogol,32.0,29.674168
1,2026-08-19 11:00:00+00:00,tt_kebonjeruk,21.0,19.976261
1,2026-08-19 11:00:00+00:00,tt_kelapagading,20.0,26.257492
1,2026-08-19 11:00:00+00:00,tt_kuningan,15.999999,19.382298
1,2026-08-19 11:00:00+00:00,tt_sudirman,15.999999,23.963438
1,2026-08-19 11:00:00+00:00,tt_tangerang,26.0,37.91381
1,2026-08-19 11:00:00+00:00,tt_tbsimatupang,44.0,37.625637
1,2026-08-19 11:00:00+00:00,tt_thamrin,10.0,16.12812
1,2026-08-19 13:00:00+00:00,tt_bekasi,18.0,18.307182
1,2026-08-19 13:00:00+00:00,tt_bogor,45.0,34.743755
1,2026-08-19 13:00:00+00:00,tt_bsd,34.0,27.538305
1,2026-08-19 13:00:00+00:00,tt_cawang,43.0,38.208214
1,2026-08-19 13:00:00+00:00,tt_depok,25.0,25.397371
1,2026-08-19 13:00:00+00:00,tt_gatsu,45.0,35.967606
1,2026-08-19 13:00:00+00:00,tt_grogol,31.0,31.984653
1,2026-08-19 13:00:00+00:00,tt_kebonjeruk,27.0,20.940739
1,2026-08-19 13:00:00+00:00,tt_kelapagading,23.0,24.736364
1,2026-08-19 13:00:00+00:00,tt_kuningan,13.0,18.748734
1,2026-08-19 13:00:00+00:00,tt_sudirman,30.0,20.486385
1,2026-08-19 13:00:00+00:00,tt_tangerang,48.0,32.69319
1,2026-08-19 13:00:00+00:00,tt_tbsimatupang,72.0,43.726974
1,2026-08-19 13:00:00+00:00,tt_thamrin,20.0,14.318026
1,2026-08-19 15:00:00+00:00,tt_bekasi,15.999999,18.841396
1,2026-08-19 15:00:00+00:00,tt_bogor,38.0,43.79955
1,2026-08-19 15:00:00+00:00,tt_bsd,34.0,35.95491
1,2026-08-19 15:00:00+00:00,tt_cawang,32.0,43.718925
1,2026-08-19 15:00:00+00:00,tt_depok,31.0,28.518393
1,2026-08-19 15:00:00+00:00,tt_gatsu,45.0,45.152443
1,2026-08-19 15:00:00+00:00,tt_grogol,40.0,32.470398
1,2026-08-19 15:00:00+00:00,tt_kebonjeruk,31.0,25.191133
1,2026-08-19 15:00:00+00:00,tt_kelapagading,29.0,25.166409
1,2026-08-19 15:00:00+00:00,tt_kuningan,21.0,17.697323
1,2026-08-19 15:00:00+00:00,tt_sudirman,29.0,27.209023
1,2026-08-19 15:00:00+00:00,tt_tangerang,48.0,46.978985
1,2026-08-19 15:00:00+00:00,tt_tbsimatupang,72.0,64.460686
1,2026-08-19 15:00:00+00:00,tt_thamrin,21.0,18.723478
1,2026-08-19 16:00:00+00:00,tt_bekasi,18.0,18.213177
1,2026-08-19 16:00:00+00:00,tt_bogor,45.0,40.173393
1,2026-08-19 16:00:00+00:00,tt_bsd,34.0,36.14406
1,2026-08-19 16:00:00+00:00,tt_cawang,43.0,39.155575
1,2026-08-19 16:00:00+00:00,tt_depok,31.0,30.172451
1,2026-08-19 16:00:00+00:00,tt_gatsu,45.0,44.7527
1,2026-08-19 16:00:00+00:00,tt_grogol,40.0,36.893818
1,2026-08-19 16:00:00+00:00,tt_kebonjeruk,35.0,28.172447
1,2026-08-19 16:00:00+00:00,tt_kelapagading,29.0,26.912678
1,2026-08-19 16:00:00+00:00,tt_kuningan,21.0,19.641106
1,2026-08-19 16:00:00+00:00,tt_sudirman,39.0,28.016869
1,2026-08-19 16:00:00+00:00,tt_tangerang,48.0,48.28455
1,2026-08-19 16:00:00+00:00,tt_tbsimatupang,72.0,64.86507
1,2026-08-19 16:00:00+00:00,tt_thamrin,22.0,20.038021
1,2026-08-19 18:00:00+00:00,tt_bekasi,18.0,18.947447
1,2026-08-19 18:00:00+00:00,tt_bogor,45.0,43.17511
1,2026-08-19 18:00:00+00:00,tt_bsd,34.0,35.452988
1,2026-08-19 18:00:00+00:00,tt_cawang,43.0,43.52772
1,2026-08-19 18:00:00+00:00,tt_depok,31.0,32.334595
1,2026-08-19 18:00:00+00:00,tt_gatsu,45.0,44.29798
1,2026-08-19 18:00:00+00:00,tt_grogol,40.0,39.67649
1,2026-08-19 18:00:00+00:00,tt_kebonjeruk,35.0,33.30848
1,2026-08-19 18:00:00+00:00,tt_kelapagading,29.0,28.230507
1,2026-08-19 18:00:00+00:00,tt_kuningan,21.0,21.824427
1,2026-08-19 18:00:00+00:00,tt_sudirman,39.0,35.820538
1,2026-08-19 18:00:00+00:00,tt_tangerang,44.0,47.373165
1,2026-08-19 18:00:00+00:00,tt_tbsimatupang,72.0,64.66925
1,2026-08-19 18:00:00+00:00,tt_thamrin,22.0,21.476315
1,2026-08-19 20:00:00+00:00,tt_bekasi,18.0,18.837006
1,2026-08-19 20:00:00+00:00,tt_bogor,45.0,42.798363
1,2026-08-19 20:00:00+00:00,tt_bsd,34.0,34.376
1,2026-08-19 20:00:00+00:00,tt_cawang,43.0,42.781143
1,2026-08-19 20:00:00+00:00,tt_depok,31.0,32.191574
1,2026-08-19 20:00:00+00:00,tt_gatsu,45.0,43.493797
1,2026-08-19 20:00:00+00:00,tt_grogol,40.0,38.87313
1,2026-08-19 20:00:00+00:00,tt_kebonjeruk,35.0,33.565342
1,2026-08-19 20:00:00+00:00,tt_kelapagading,29.0,28.334143
1,2026-08-19 20:00:00+00:00,tt_kuningan,21.0,21.573753
1,2026-08-19 20:00:00+00:00,tt_sudirman,39.0,37.287994
1,2026-08-19 20:00:00+00:00,tt_tangerang,48.0,43.516907
1,2026-08-19 20:00:00+00:00,tt_tbsimatupang,72.0,63.717293
1,2026-08-19 20:00:00+00:00,tt_thamrin,22.0,21.764225
1,2026-08-19 21:00:00+00:00,tt_bekasi,18.0,18.824656
1,2026-08-19 21:00:00+00:00,tt_bogor,45.0,42.594833
1,2026-08-19 21:00:00+00:00,tt_bsd,34.0,34.53535
1,2026-08-19 21:00:00+00:00,tt_cawang,43.0,42.218872
1,2026-08-19 21:00:00+00:00,tt_depok,31.0,32.06614
1,2026-08-19 21:00:00+00:00,tt_gatsu,45.0,43.253983
1,2026-08-19 21:00:00+00:00,tt_grogol,40.0,38.98269
1,2026-08-19 21:00:00+00:00,tt_kebonjeruk,35.0,33.89286
1,2026-08-19 21:00:00+00:00,tt_kelapagading,29.0,28.318384
1,2026-08-19 21:00:00+00:00,tt_kuningan,21.0,21.341377
1,2026-08-19 21:00:00+00:00,tt_sudirman,39.0,37.439587
1,2026-08-19 21:00:00+00:00,tt_tangerang,48.0,44.8749
1,2026-08-19 21:00:00+00:00,tt_tbsimatupang,72.0,63.517746
1,2026-08-19 21:00:00+00:00,tt_thamrin,22.0,21.891407
1,2026-08-19 23:00:00+00:00,tt_bekasi,17.0,18.826252
1,2026-08-19 23:00:00+00:00,tt_bogor,35.0,42.36639
1,2026-08-19 23:00:00+00:00,tt_bsd,34.0,34.190277
1,2026-08-19 23:00:00+00:00,tt_cawang,26.0,41.21949
1,2026-08-19 23:00:00+00:00,tt_depok,31.0,31.87844
1,2026-08-19 23:00:00+00:00,tt_gatsu,45.0,42.946613
1,2026-08-19 23:00:00+00:00,tt_grogol,35.0,38.607964
1,2026-08-19 23:00:00+00:00,tt_kebonjeruk,30.0,33.930428
1,2026-08-19 23:00:00+00:00,tt_kelapagading,29.0,28.354073
1,2026-08-19 23:00:00+00:00,tt_kuningan,21.0,21.02189
1,2026-08-19 23:00:00+00:00,tt_sudirman,39.0,37.71876
1,2026-08-19 23:00:00+00:00,tt_tangerang,48.0,45.117043
1,2026-08-19 23:00:00+00:00,tt_tbsimatupang,72.0,63.266655
1,2026-08-19 23:00:00+00:00,tt_thamrin,20.0,21.954918
1,2026-08-20 01:00:00+00:00,tt_bekasi,18.0,17.944733
1,2026-08-20 01:00:00+00:00,tt_bogor,35.0,34.721737
1,2026-08-20 01:00:00+00:00,tt_bsd,29.0,33.563553
1,2026-08-20 01:00:00+00:00,tt_cawang,14.0,28.897738
1,2026-08-20 01:00:00+00:00,tt_depok,31.0,29.631325
1,2026-08-20 01:00:00+00:00,tt_gatsu,37.0,42.227196
1,2026-08-20 01:00:00+00:00,tt_grogol,30.0,34.540073
1,2026-08-20 01:00:00+00:00,tt_kebonjeruk,26.0,29.711567
1,2026-08-20 01:00:00+00:00,tt_kelapagading,29.0,28.399643
1,2026-08-20 01:00:00+00:00,tt_kuningan,21.0,19.775661
1,2026-08-20 01:00:00+00:00,tt_sudirman,27.0,37.21324
1,2026-08-20 01:00:00+00:00,tt_tangerang,36.0,44.761402
1,2026-08-20 01:00:00+00:00,tt_tbsimatupang,18.0,63.06042
1,2026-08-20 01:00:00+00:00,tt_thamrin,18.0,20.794468
1,2026-08-20 02:00:00+00:00,tt_bekasi,18.0,17.86251
1,2026-08-20 02:00:00+00:00,tt_bogor,40.0,30.836588
1,2026-08-20 02:00:00+00:00,tt_bsd,34.0,26.896744
1,2026-08-20 02:00:00+00:00,tt_cawang,18.0,22.38816
1,2026-08-20 02:00:00+00:00,tt_depok,31.0,26.458536
1,2026-08-20 02:00:00+00:00,tt_gatsu,45.0,36.57813
1,2026-08-20 02:00:00+00:00,tt_grogol,30.0,30.534122
1,2026-08-20 02:00:00+00:00,tt_kebonjeruk,26.0,26.312996
1,2026-08-20 02:00:00+00:00,tt_kelapagading,25.0,28.490982
1,2026-08-20 02:00:00+00:00,tt_kuningan,21.0,18.195017
1,2026-08-20 02:00:00+00:00,tt_sudirman,25.0,32.36998
1,2026-08-20 02:00:00+00:00,tt_tangerang,48.0,37.828987
1,2026-08-20 02:00:00+00:00,tt_tbsimatupang,21.0,38.532345
1,2026-08-20 02:00:00+00:00,tt_thamrin,18.0,19.630436
1,2026-08-20 04:00:00+00:00,tt_bekasi,15.0,18.183434
1,2026-08-20 04:00:00+00:00,tt_bogor,35.0,34.731686
1,2026-08-20 04:00:00+00:00,tt_bsd,34.0,29.795795
1,2026-08-20 04:00:00+00:00,tt_cawang,20.0,20.784012
1,2026-08-20 04:00:00+00:00,tt_depok,27.0,26.698599
1,2026-08-20 04:00:00+00:00,tt_gatsu,45.0,40.070663
1,2026-08-20 04:00:00+00:00,tt_grogol,25.0,29.156864
1,2026-08-20 04:00:00+00:00,tt_kebonjeruk,25.0,25.19902
1,2026-08-20 04:00:00+00:00,tt_kelapagading,22.0,26.964682
1,2026-08-20 04:00:00+00:00,tt_kuningan,21.0,18.570314
1,2026-08-20 04:00:00+00:00,tt_sudirman,26.0,29.098846
1,2026-08-20 04:00:00+00:00,tt_tangerang,48.0,45.257484
1,2026-08-20 04:00:00+00:00,tt_tbsimatupang,45.0,33.604057
1,2026-08-20 04:00:00+00:00,tt_thamrin,13.0,18.867846
1,2026-08-20 06:00:00+00:00,tt_bekasi,15.0,16.768276
1,2026-08-20 06:00:00+00:00,tt_bogor,39.0,35.107536
1,2026-08-20 06:00:00+00:00,tt_bsd,34.0,32.886055
1,2026-08-20 06:00:00+00:00,tt_cawang,28.0,21.403137
1,2026-08-20 06:00:00+00:00,tt_depok,29.0,25.95166
1,2026-08-20 06:00:00+00:00,tt_gatsu,28.0,44.33789
1,2026-08-20 06:00:00+00:00,tt_grogol,29.0,26.496145
1,2026-08-20 06:00:00+00:00,tt_kebonjeruk,25.0,24.499195
1,2026-08-20 06:00:00+00:00,tt_kelapagading,20.0,25.503819
1,2026-08-20 06:00:00+00:00,tt_kuningan,15.999999,19.710289
1,2026-08-20 06:00:00+00:00,tt_sudirman,21.0,28.980762
1,2026-08-20 06:00:00+00:00,tt_tangerang,38.0,46.549835
1,2026-08-20 06:00:00+00:00,tt_tbsimatupang,27.0,46.848072
1,2026-08-20 06:00:00+00:00,tt_thamrin,12.0,16.223352
1,2026-08-20 07:00:00+00:00,tt_bekasi,15.999999,16.326
1,2026-08-20 07:00:00+00:00,tt_bogor,36.0,36.925537
1,2026-08-20 07:00:00+00:00,tt_bsd,34.0,31.35719
1,2026-08-20 07:00:00+00:00,tt_cawang,21.0,23.870897
1,2026-08-20 07:00:00+00:00,tt_depok,26.0,26.512901
1,2026-08-20 07:00:00+00:00,tt_gatsu,20.0,37.983215
1,2026-08-20 07:00:00+00:00,tt_grogol,29.0,27.332249
1,2026-08-20 07:00:00+00:00,tt_kebonjeruk,22.0,24.318869
1,2026-08-20 07:00:00+00:00,tt_kelapagading,20.0,24.716814
1,2026-08-20 07:00:00+00:00,tt_kuningan,21.0,17.920486
1,2026-08-20 07:00:00+00:00,tt_sudirman,20.0,27.13706
1,2026-08-20 07:00:00+00:00,tt_tangerang,37.0,42.027718
1,2026-08-20 07:00:00+00:00,tt_tbsimatupang,49.0,38.708763
1,2026-08-20 07:00:00+00:00,tt_thamrin,12.0,15.403801
1,2026-08-20 09:00:00+00:00,tt_bekasi,14.0,16.481995
1,2026-08-20 09:00:00+00:00,tt_bogor,34.0,36.95476
1,2026-08-20 09:00:00+00:00,tt_bsd,28.0,32.582645
1,2026-08-20 09:00:00+00:00,tt_cawang,30.0,22.165213
1,2026-08-20 09:00:00+00:00,tt_depok,26.0,25.930727
1,2026-08-20 09:00:00+00:00,tt_gatsu,32.0,31.645493
1,2026-08-20 09:00:00+00:00,tt_grogol,31.0,28.232052
1,2026-08-20 09:00:00+00:00,tt_kebonjeruk,21.0,22.846478
1,2026-08-20 09:00:00+00:00,tt_kelapagading,21.0,24.284842
1,2026-08-20 09:00:00+00:00,tt_kuningan,13.0,19.779835
1,2026-08-20 09:00:00+00:00,tt_sudirman,23.0,25.375813
1,2026-08-20 09:00:00+00:00,tt_tangerang,34.0,39.567657
1,2026-08-20 09:00:00+00:00,tt_tbsimatupang,47.0,48.47778
1,2026-08-20 09:00:00+00:00,tt_thamrin,18.0,14.832375
1,2026-08-20 11:00:00+00:00,tt_bekasi,18.0,16.149982
1,2026-08-20 11:00:00+00:00,tt_bogor,35.0,35.632107
1,2026-08-20 11:00:00+00:00,tt_bsd,34.0,27.745077
1,2026-08-20 11:00:00+00:00,tt_cawang,33.0,26.428398
1,2026-08-20 11:00:00+00:00,tt_depok,26.0,25.846304
1,2026-08-20 11:00:00+00:00,tt_gatsu,7.0,36.43025
1,2026-08-20 11:00:00+00:00,tt_grogol,29.0,30.04547
1,2026-08-20 11:00:00+00:00,tt_kebonjeruk,18.0,22.031956
1,2026-08-20 11:00:00+00:00,tt_kelapagading,21.0,24.686316
1,2026-08-20 11:00:00+00:00,tt_kuningan,15.999999,17.284513
1,2026-08-20 11:00:00+00:00,tt_sudirman,12.0,26.301168
1,2026-08-20 11:00:00+00:00,tt_tangerang,35.0,36.955303
1,2026-08-20 11:00:00+00:00,tt_tbsimatupang,24.0,48.378952
1,2026-08-20 11:00:00+00:00,tt_thamrin,10.0,17.60429
1,2026-08-20 12:00:00+00:00,tt_bekasi,14.0,17.041813
1,2026-08-20 12:00:00+00:00,tt_bogor,37.0,34.641655
1,2026-08-20 12:00:00+00:00,tt_bsd,34.0,29.232208
1,2026-08-20 12:00:00+00:00,tt_cawang,43.0,28.806896
1,2026-08-20 12:00:00+00:00,tt_depok,24.0,25.22004
1,2026-08-20 12:00:00+00:00,tt_gatsu,10.0,28.028412
1,2026-08-20 12:00:00+00:00,tt_grogol,32.0,29.55492
1,2026-08-20 12:00:00+00:00,tt_kebonjeruk,23.0,20.805979
1,2026-08-20 12:00:00+00:00,tt_kelapagading,21.0,24.460915
1,2026-08-20 12:00:00+00:00,tt_kuningan,13.0,17.15143
1,2026-08-20 12:00:00+00:00,tt_sudirman,22.0,21.663994
1,2026-08-20 12:00:00+00:00,tt_tangerang,48.0,37.11679
1,2026-08-20 12:00:00+00:00,tt_tbsimatupang,40.0,38.36409
1,2026-08-20 12:00:00+00:00,tt_thamrin,9.0,15.316652
1,2026-08-20 14:00:00+00:00,tt_bekasi,18.0,16.069519
1,2026-08-20 14:00:00+00:00,tt_bogor,38.0,37.22644
1,2026-08-20 14:00:00+00:00,tt_bsd,27.0,33.59376
1,2026-08-20 14:00:00+00:00,tt_cawang,32.0,37.117638
1,2026-08-20 14:00:00+00:00,tt_depok,31.0,24.532782
1,2026-08-20 14:00:00+00:00,tt_gatsu,45.0,23.60151
1,2026-08-20 14:00:00+00:00,tt_grogol,40.0,31.63986
1,2026-08-20 14:00:00+00:00,tt_kebonjeruk,28.0,22.801868
1,2026-08-20 14:00:00+00:00,tt_kelapagading,29.0,23.913465
1,2026-08-20 14:00:00+00:00,tt_kuningan,15.999999,16.25719
1,2026-08-20 14:00:00+00:00,tt_sudirman,39.0,23.660366
1,2026-08-20 14:00:00+00:00,tt_tangerang,48.0,47.264412
1,2026-08-20 14:00:00+00:00,tt_tbsimatupang,59.0,41.538673
1,2026-08-20 14:00:00+00:00,tt_thamrin,13.0,13.499592
1,2026-08-20 16:00:00+00:00,tt_bekasi,15.0,18.657463
1,2026-08-20 16:00:00+00:00,tt_bogor,45.0,38.548454
1,2026-08-20 16:00:00+00:00,tt_bsd,34.0,30.187677
1,2026-08-20 16:00:00+00:00,tt_cawang,43.0,36.351086
1,2026-08-20 16:00:00+00:00,tt_depok,31.0,30.152573
1,2026-08-20 16:00:00+00:00,tt_gatsu,45.0,41.771538
1,2026-08-20 16:00:00+00:00,tt_grogol,40.0,38.79415
1,2026-08-20 16:00:00+00:00,tt_kebonjeruk,35.0,26.158472
1,2026-08-20 16:00:00+00:00,tt_kelapagading,29.0,27.846807
1,2026-08-20 16:00:00+00:00,tt_kuningan,21.0,18.346064
1,2026-08-20 16:00:00+00:00,tt_sudirman,39.0,35.015713
1,2026-08-20 16:00:00+00:00,tt_tangerang,48.0,47.775307
1,2026-08-20 16:00:00+00:00,tt_tbsimatupang,72.0,57.027107
1,2026-08-20 16:00:00+00:00,tt_thamrin,22.0,15.468634
1,2026-08-20 17:00:00+00:00,tt_bekasi,18.0,18.139042
1,2026-08-20 17:00:00+00:00,tt_bogor,45.0,43.15663
1,2026-08-20 17:00:00+00:00,tt_bsd,34.0,34.285767
1,2026-08-20 17:00:00+00:00,tt_cawang,43.0,41.45309
1,2026-08-20 17:00:00+00:00,tt_depok,31.0,32.78133
1,2026-08-20 17:00:00+00:00,tt_gatsu,45.0,43.759377
1,2026-08-20 17:00:00+00:00,tt_grogol,40.0,40.226006
1,2026-08-20 17:00:00+00:00,tt_kebonjeruk,35.0,30.927925
1,2026-08-20 17:00:00+00:00,tt_kelapagading,29.0,28.484394
1,2026-08-20 17:00:00+00:00,tt_kuningan,21.0,21.146278
1,2026-08-20 17:00:00+00:00,tt_sudirman,39.0,37.803123
1,2026-08-20 17:00:00+00:00,tt_tangerang,48.0,48.144997
1,2026-08-20 17:00:00+00:00,tt_tbsimatupang,72.0,64.42469
1,2026-08-20 17:00:00+00:00,tt_thamrin,22.0,18.726929
1,2026-08-20 19:00:00+00:00,tt_bekasi,18.0,19.008656
1,2026-08-20 19:00:00+00:00,tt_bogor,45.0,43.60043
1,2026-08-20 19:00:00+00:00,tt_bsd,34.0,35.094032
1,2026-08-20 19:00:00+00:00,tt_cawang,43.0,42.87066
1,2026-08-20 19:00:00+00:00,tt_depok,31.0,32.980614
1,2026-08-20 19:00:00+00:00,tt_gatsu,45.0,43.419662
1,2026-08-20 19:00:00+00:00,tt_grogol,40.0,39.817833
1,2026-08-20 19:00:00+00:00,tt_kebonjeruk,35.0,33.641293
1,2026-08-20 19:00:00+00:00,tt_kelapagading,29.0,28.753794
1,2026-08-20 19:00:00+00:00,tt_kuningan,21.0,22.092007
1,2026-08-20 19:00:00+00:00,tt_sudirman,39.0,38.71386
1,2026-08-20 19:00:00+00:00,tt_tangerang,48.0,46.830322
1,2026-08-20 19:00:00+00:00,tt_tbsimatupang,72.0,64.83026
1,2026-08-20 19:00:00+00:00,tt_thamrin,22.0,20.897747
1,2026-08-20 21:00:00+00:00,tt_bekasi,18.0,18.92796
1,2026-08-20 21:00:00+00:00,tt_bogor,45.0,42.904335
1,2026-08-20 21:00:00+00:00,tt_bsd,34.0,34.57918
1,2026-08-20 21:00:00+00:00,tt_cawang,43.0,42.068405
1,2026-08-20 21:00:00+00:00,tt_depok,31.0,32.449947
1,2026-08-20 21:00:00+00:00,tt_gatsu,45.0,43.04534
1,2026-08-20 21:00:00+00:00,tt_grogol,40.0,39.049805
1,2026-08-20 21:00:00+00:00,tt_kebonjeruk,35.0,33.810013
1,2026-08-20 21:00:00+00:00,tt_kelapagading,29.0,28.69818
1,2026-08-20 21:00:00+00:00,tt_kuningan,21.0,21.600418
1,2026-08-20 21:00:00+00:00,tt_sudirman,39.0,38.581314
1,2026-08-20 21:00:00+00:00,tt_tangerang,48.0,45.98478
1,2026-08-20 21:00:00+00:00,tt_tbsimatupang,72.0,63.84012
1,2026-08-20 21:00:00+00:00,tt_thamrin,22.0,21.427242
1,2026-08-20 22:00:00+00:00,tt_bekasi,18.0,18.94831
1,2026-08-20 22:00:00+00:00,tt_bogor,45.0,42.709236
1,2026-08-20 22:00:00+00:00,tt_bsd,34.0,34.38964
1,2026-08-20 22:00:00+00:00,tt_cawang,43.0,41.658966
1,2026-08-20 22:00:00+00:00,tt_depok,31.0,32.272003
1,2026-08-20 22:00:00+00:00,tt_gatsu,45.0,42.794777
1,2026-08-20 22:00:00+00:00,tt_grogol,40.0,38.76209
1,2026-08-20 22:00:00+00:00,tt_kebonjeruk,35.0,33.78336
1,2026-08-20 22:00:00+00:00,tt_kelapagading,29.0,28.71013
1,2026-08-20 22:00:00+00:00,tt_kuningan,21.0,21.47042
1,2026-08-20 22:00:00+00:00,tt_sudirman,39.0,38.55328
1,2026-08-20 22:00:00+00:00,tt_tangerang,48.0,45.73294
1,2026-08-20 22:00:00+00:00,tt_tbsimatupang,72.0,63.533833
1,2026-08-20 22:00:00+00:00,tt_thamrin,22.0,21.441845
1,2026-08-21 00:00:00+00:00,tt_bekasi,18.0,18.8303
1,2026-08-21 00:00:00+00:00,tt_bogor,35.0,42.41871
1,2026-08-21 00:00:00+00:00,tt_bsd,29.0,34.03377
1,2026-08-21 00:00:00+00:00,tt_cawang,18.0,40.97267
1,2026-08-21 00:00:00+00:00,tt_depok,25.0,31.998743
1,2026-08-21 00:00:00+00:00,tt_gatsu,45.0,42.64746
1,2026-08-21 00:00:00+00:00,tt_grogol,34.0,38.342625
1,2026-08-21 00:00:00+00:00,tt_kebonjeruk,25.0,33.737835
1,2026-08-21 00:00:00+00:00,tt_kelapagading,26.0,28.68976
1,2026-08-21 00:00:00+00:00,tt_kuningan,21.0,21.132023
1,2026-08-21 00:00:00+00:00,tt_sudirman,31.0,38.572536
1,2026-08-21 00:00:00+00:00,tt_tangerang,37.0,45.38751
1,2026-08-21 00:00:00+00:00,tt_tbsimatupang,32.0,63.242485
1,2026-08-21 00:00:00+00:00,tt_thamrin,22.0,21.54236
1,2026-08-21 02:00:00+00:00,tt_bekasi,17.0,18.120834
1,2026-08-21 02:00:00+00:00,tt_bogor,37.0,31.242945
1,2026-08-21 02:00:00+00:00,tt_bsd,28.0,25.61511
1,2026-08-21 02:00:00+00:00,tt_cawang,19.0,24.026222
1,2026-08-21 02:00:00+00:00,tt_depok,26.0,22.83625
1,2026-08-21 02:00:00+00:00,tt_gatsu,45.0,39.88915
1,2026-08-21 02:00:00+00:00,tt_grogol,31.0,32.510624
1,2026-08-21 02:00:00+00:00,tt_kebonjeruk,26.0,25.495445
1,2026-08-21 02:00:00+00:00,tt_kelapagading,29.0,27.043747
1,2026-08-21 02:00:00+00:00,tt_kuningan,21.0,18.68051
1,2026-08-21 02:00:00+00:00,tt_sudirman,23.0,32.20393
1,2026-08-21 02:00:00+00:00,tt_tangerang,37.0,36.89302
1,2026-08-21 02:00:00+00:00,tt_tbsimatupang,37.0,37.50698
1,2026-08-21 02:00:00+00:00,tt_thamrin,22.0,21.32572
1,2026-08-21 03:00:00+00:00,tt_bekasi,15.0,17.89835
1,2026-08-21 03:00:00+00:00,tt_bogor,38.0,32.91852
1,2026-08-21 03:00:00+00:00,tt_bsd,34.0,25.17551
1,2026-08-21 03:00:00+00:00,tt_cawang,21.0,22.843632
1,2026-08-21 03:00:00+00:00,tt_depok,31.0,22.93074
1,2026-08-21 03:00:00+00:00,tt_gatsu,45.0,40.90635
1,2026-08-21 03:00:00+00:00,tt_grogol,27.0,30.976751
1,2026-08-21 03:00:00+00:00,tt_kebonjeruk,24.0,24.944798
1,2026-08-21 03:00:00+00:00,tt_kelapagading,23.0,27.922829
1,2026-08-21 03:00:00+00:00,tt_kuningan,15.999999,18.728703
1,2026-08-21 03:00:00+00:00,tt_sudirman,28.0,28.860577
1,2026-08-21 03:00:00+00:00,tt_tangerang,48.0,36.556953
1,2026-08-21 03:00:00+00:00,tt_tbsimatupang,48.0,39.56601
1,2026-08-21 03:00:00+00:00,tt_thamrin,15.999999,21.4318
1,2026-08-21 05:00:00+00:00,tt_bekasi,15.999999,16.645113
1,2026-08-21 05:00:00+00:00,tt_bogor,45.0,36.806263
1,2026-08-21 05:00:00+00:00,tt_bsd,34.0,31.936365
1,2026-08-21 05:00:00+00:00,tt_cawang,43.0,23.149918
1,2026-08-21 05:00:00+00:00,tt_depok,31.0,27.958315
1,2026-08-21 05:00:00+00:00,tt_gatsu,45.0,43.89493
1,2026-08-21 05:00:00+00:00,tt_grogol,32.0,28.387127
1,2026-08-21 05:00:00+00:00,tt_kebonjeruk,27.0,24.186409
1,2026-08-21 05:00:00+00:00,tt_kelapagading,23.0,25.7702
1,2026-08-21 05:00:00+00:00,tt_kuningan,21.0,17.070671
1,2026-08-21 05:00:00+00:00,tt_sudirman,34.0,29.156004
1,2026-08-21 05:00:00+00:00,tt_tangerang,48.0,45.573006
1,2026-08-21 05:00:00+00:00,tt_tbsimatupang,72.0,48.852715
1,2026-08-21 05:00:00+00:00,tt_thamrin,21.0,18.509945
1,2026-08-21 07:00:00+00:00,tt_bekasi,14.0,17.38014
1,2026-08-21 07:00:00+00:00,tt_bogor,35.0,44.921936
1,2026-08-21 07:00:00+00:00,tt_bsd,34.0,34.85372
1,2026-08-21 07:00:00+00:00,tt_cawang,28.0,38.26277
1,2026-08-21 07:00:00+00:00,tt_depok,25.0,33.368027
1,2026-08-21 07:00:00+00:00,tt_gatsu,36.0,47.067665
1,2026-08-21 07:00:00+00:00,tt_grogol,28.0,31.862223
1,2026-08-21 07:00:00+00:00,tt_kebonjeruk,21.0,25.992044
1,2026-08-21 07:00:00+00:00,tt_kelapagading,20.0,25.577374
1,2026-08-21 07:00:00+00:00,tt_kuningan,21.0,20.942005
1,2026-08-21 07:00:00+00:00,tt_sudirman,18.0,33.27575
1,2026-08-21 07:00:00+00:00,tt_tangerang,39.0,47.31685
1,2026-08-21 07:00:00+00:00,tt_tbsimatupang,52.0,64.81872
1,2026-08-21 07:00:00+00:00,tt_thamrin,18.0,20.769283
1,2026-08-21 08:00:00+00:00,tt_bekasi,15.999999,16.23431
1,2026-08-21 08:00:00+00:00,tt_bogor,34.0,36.906925
1,2026-08-21 08:00:00+00:00,tt_bsd,34.0,32.306274
1,2026-08-21 08:00:00+00:00,tt_cawang,31.0,31.483368
1,2026-08-21 08:00:00+00:00,tt_depok,25.0,26.977724
1,2026-08-21 08:00:00+00:00,tt_gatsu,35.0,39.828102
1,2026-08-21 08:00:00+00:00,tt_grogol,29.0,29.418228
1,2026-08-21 08:00:00+00:00,tt_kebonjeruk,24.0,23.387325
1,2026-08-21 08:00:00+00:00,tt_kelapagading,21.0,24.099302
1,2026-08-21 08:00:00+00:00,tt_kuningan,17.0,19.756544
1,2026-08-21 08:00:00+00:00,tt_sudirman,24.0,27.67087
1,2026-08-21 08:00:00+00:00,tt_tangerang,40.0,42.067867
1,2026-08-21 08:00:00+00:00,tt_tbsimatupang,38.0,53.243008
1,2026-08-21 08:00:00+00:00,tt_thamrin,10.0,19.764044
3,2026-08-18 04:00:00+00:00,tt_bekasi,15.0,17.890266
3,2026-08-18 04:00:00+00:00,tt_bogor,33.0,30.512556
3,2026-08-18 04:00:00+00:00,tt_bsd,28.0,28.373474
3,2026-08-18 04:00:00+00:00,tt_cawang,22.0,24.884623
3,2026-08-18 04:00:00+00:00,tt_depok,31.0,23.263031
3,2026-08-18 04:00:00+00:00,tt_gatsu,32.0,40.57441
3,2026-08-18 04:00:00+00:00,tt_grogol,27.0,28.329966
3,2026-08-18 04:00:00+00:00,tt_kebonjeruk,25.0,27.060316
3,2026-08-18 04:00:00+00:00,tt_kelapagading,29.0,30.197496
3,2026-08-18 04:00:00+00:00,tt_kuningan,15.999999,18.71013
3,2026-08-18 04:00:00+00:00,tt_sudirman,24.0,34.17159
3,2026-08-18 04:00:00+00:00,tt_tangerang,36.0,37.20406
3,2026-08-18 04:00:00+00:00,tt_tbsimatupang,55.0,39.24195
3,2026-08-18 04:00:00+00:00,tt_thamrin,18.0,19.979969
3,2026-08-18 05:00:00+00:00,tt_bekasi,15.0,17.522053
3,2026-08-18 05:00:00+00:00,tt_bogor,38.0,31.91896
3,2026-08-18 05:00:00+00:00,tt_bsd,28.0,29.034792
3,2026-08-18 05:00:00+00:00,tt_cawang,28.0,24.327782
3,2026-08-18 05:00:00+00:00,tt_depok,26.0,24.610199
3,2026-08-18 05:00:00+00:00,tt_gatsu,45.0,37.882145
3,2026-08-18 05:00:00+00:00,tt_grogol,36.0,27.899519
3,2026-08-18 05:00:00+00:00,tt_kebonjeruk,22.0,26.356285
3,2026-08-18 05:00:00+00:00,tt_kelapagading,22.0,30.17981
3,2026-08-18 05:00:00+00:00,tt_kuningan,21.0,18.087818
3,2026-08-18 05:00:00+00:00,tt_sudirman,31.0,31.418007
3,2026-08-18 05:00:00+00:00,tt_tangerang,41.0,42.766365
3,2026-08-18 05:00:00+00:00,tt_tbsimatupang,51.0,36.8944
3,2026-08-18 05:00:00+00:00,tt_thamrin,20.0,19.338108
3,2026-08-18 07:00:00+00:00,tt_bekasi,15.0,17.077707
3,2026-08-18 07:00:00+00:00,tt_bogor,34.0,34.82628
3,2026-08-18 07:00:00+00:00,tt_bsd,30.0,28.87867
3,2026-08-18 07:00:00+00:00,tt_cawang,43.0,24.356361
3,2026-08-18 07:00:00+00:00,tt_depok,31.0,28.40332
3,2026-08-18 07:00:00+00:00,tt_gatsu,45.0,37.65815
3,2026-08-18 07:00:00+00:00,tt_grogol,32.0,27.384348
3,2026-08-18 07:00:00+00:00,tt_kebonjeruk,25.0,25.378738
3,2026-08-18 07:00:00+00:00,tt_kelapagading,22.0,30.726015
3,2026-08-18 07:00:00+00:00,tt_kuningan,15.0,18.023378
3,2026-08-18 07:00:00+00:00,tt_sudirman,28.0,30.303848
3,2026-08-18 07:00:00+00:00,tt_tangerang,38.0,39.69335
3,2026-08-18 07:00:00+00:00,tt_tbsimatupang,57.0,49.81172
3,2026-08-18 07:00:00+00:00,tt_thamrin,22.0,19.222439
3,2026-08-18 09:00:00+00:00,tt_bekasi,14.0,17.257421
3,2026-08-18 09:00:00+00:00,tt_bogor,35.0,37.228542
3,2026-08-18 09:00:00+00:00,tt_bsd,28.0,27.935188
3,2026-08-18 09:00:00+00:00,tt_cawang,29.0,26.851671
3,2026-08-18 09:00:00+00:00,tt_depok,24.0,26.88504
3,2026-08-18 09:00:00+00:00,tt_gatsu,45.0,45.716263
3,2026-08-18 09:00:00+00:00,tt_grogol,32.0,33.347233
3,2026-08-18 09:00:00+00:00,tt_kebonjeruk,23.0,24.54374
3,2026-08-18 09:00:00+00:00,tt_kelapagading,23.0,28.463436
3,2026-08-18 09:00:00+00:00,tt_kuningan,21.0,20.732399
3,2026-08-18 09:00:00+00:00,tt_sudirman,31.0,33.00837
3,2026-08-18 09:00:00+00:00,tt_tangerang,38.0,42.649754
3,2026-08-18 09:00:00+00:00,tt_tbsimatupang,43.0,52.381805
3,2026-08-18 09:00:00+00:00,tt_thamrin,22.0,20.371296
3,2026-08-18 10:00:00+00:00,tt_bekasi,14.0,17.705858
3,2026-08-18 10:00:00+00:00,tt_bogor,35.0,37.055523
3,2026-08-18 10:00:00+00:00,tt_bsd,34.0,29.074217
3,2026-08-18 10:00:00+00:00,tt_cawang,30.0,33.628475
3,2026-08-18 10:00:00+00:00,tt_depok,25.0,29.888016
3,2026-08-18 10:00:00+00:00,tt_gatsu,3.999998,46.797314
3,2026-08-18 10:00:00+00:00,tt_grogol,31.0,32.589615
3,2026-08-18 10:00:00+00:00,tt_kebonjeruk,21.0,24.88684
3,2026-08-18 10:00:00+00:00,tt_kelapagading,21.0,28.162378
3,2026-08-18 10:00:00+00:00,tt_kuningan,14.0,19.988882
3,2026-08-18 10:00:00+00:00,tt_sudirman,23.0,32.17068
3,2026-08-18 10:00:00+00:00,tt_tangerang,34.0,41.729797
3,2026-08-18 10:00:00+00:00,tt_tbsimatupang,44.0,54.81656
3,2026-08-18 10:00:00+00:00,tt_thamrin,22.0,20.95977
3,2026-08-18 12:00:00+00:00,tt_bekasi,14.0,17.139088
3,2026-08-18 12:00:00+00:00,tt_bogor,35.0,33.902668
3,2026-08-18 12:00:00+00:00,tt_bsd,34.0,27.580036
3,2026-08-18 12:00:00+00:00,tt_cawang,34.0,33.01581
3,2026-08-18 12:00:00+00:00,tt_depok,26.0,26.692896
3,2026-08-18 12:00:00+00:00,tt_gatsu,45.0,46.662746
3,2026-08-18 12:00:00+00:00,tt_grogol,32.0,32.42436
3,2026-08-18 12:00:00+00:00,tt_kebonjeruk,25.0,24.5938
3,2026-08-18 12:00:00+00:00,tt_kelapagading,22.0,27.698856
3,2026-08-18 12:00:00+00:00,tt_kuningan,13.0,20.234463
3,2026-08-18 12:00:00+00:00,tt_sudirman,29.0,32.00745
3,2026-08-18 12:00:00+00:00,tt_tangerang,48.0,41.335823
3,2026-08-18 12:00:00+00:00,tt_tbsimatupang,72.0,47.555027
3,2026-08-18 12:00:00+00:00,tt_thamrin,17.0,21.856653
3,2026-08-18 14:00:00+00:00,tt_bekasi,15.999999,15.439783
3,2026-08-18 14:00:00+00:00,tt_bogor,45.0,33.96121
3,2026-08-18 14:00:00+00:00,tt_bsd,34.0,30.807384
3,2026-08-18 14:00:00+00:00,tt_cawang,32.0,32.406097
3,2026-08-18 14:00:00+00:00,tt_depok,26.0,25.477455
3,2026-08-18 14:00:00+00:00,tt_gatsu,45.0,33.986958
3,2026-08-18 14:00:00+00:00,tt_grogol,40.0,31.965738
3,2026-08-18 14:00:00+00:00,tt_kebonjeruk,31.0,23.11462
3,2026-08-18 14:00:00+00:00,tt_kelapagading,29.0,26.294788
3,2026-08-18 14:00:00+00:00,tt_kuningan,15.999999,17.369213
3,2026-08-18 14:00:00+00:00,tt_sudirman,30.0,28.238338
3,2026-08-18 14:00:00+00:00,tt_tangerang,48.0,39.08194
3,2026-08-18 14:00:00+00:00,tt_tbsimatupang,72.0,45.66691
3,2026-08-18 14:00:00+00:00,tt_thamrin,22.0,22.229038
3,2026-08-18 15:00:00+00:00,tt_bekasi,15.999999,16.598618
3,2026-08-18 15:00:00+00:00,tt_bogor,45.0,35.82142
3,2026-08-18 15:00:00+00:00,tt_bsd,34.0,34.307213
3,2026-08-18 15:00:00+00:00,tt_cawang,43.0,35.216934
3,2026-08-18 15:00:00+00:00,tt_depok,31.0,27.357046
3,2026-08-18 15:00:00+00:00,tt_gatsu,45.0,44.955967
3,2026-08-18 15:00:00+00:00,tt_grogol,40.0,32.94279
3,2026-08-18 15:00:00+00:00,tt_kebonjeruk,35.0,24.296286
3,2026-08-18 15:00:00+00:00,tt_kelapagading,29.0,25.974411
3,2026-08-18 15:00:00+00:00,tt_kuningan,21.0,18.268406
3,2026-08-18 15:00:00+00:00,tt_sudirman,39.0,29.583445
3,2026-08-18 15:00:00+00:00,tt_tangerang,48.0,45.39715
3,2026-08-18 15:00:00+00:00,tt_tbsimatupang,72.0,59.885994
3,2026-08-18 15:00:00+00:00,tt_thamrin,22.0,21.29629
3,2026-08-18 17:00:00+00:00,tt_bekasi,17.0,17.863958
3,2026-08-18 17:00:00+00:00,tt_bogor,45.0,39.015034
3,2026-08-18 17:00:00+00:00,tt_bsd,34.0,34.283333
3,2026-08-18 17:00:00+00:00,tt_cawang,43.0,36.726982
3,2026-08-18 17:00:00+00:00,tt_depok,31.0,27.812174
3,2026-08-18 17:00:00+00:00,tt_gatsu,45.0,47.380497
3,2026-08-18 17:00:00+00:00,tt_grogol,40.0,37.538074
3,2026-08-18 17:00:00+00:00,tt_kebonjeruk,35.0,27.698446
3,2026-08-18 17:00:00+00:00,tt_kelapagading,29.0,27.221958
3,2026-08-18 17:00:00+00:00,tt_kuningan,21.0,18.604406
3,2026-08-18 17:00:00+00:00,tt_sudirman,39.0,30.92694
3,2026-08-18 17:00:00+00:00,tt_tangerang,48.0,47.233177
3,2026-08-18 17:00:00+00:00,tt_tbsimatupang,72.0,62.159706
3,2026-08-18 17:00:00+00:00,tt_thamrin,22.0,22.462433
3,2026-08-18 19:00:00+00:00,tt_bekasi,17.0,18.47267
3,2026-08-18 19:00:00+00:00,tt_bogor,45.0,40.337368
3,2026-08-18 19:00:00+00:00,tt_bsd,34.0,33.392147
3,2026-08-18 19:00:00+00:00,tt_cawang,43.0,41.89167
3,2026-08-18 19:00:00+00:00,tt_depok,31.0,31.110195
3,2026-08-18 19:00:00+00:00,tt_gatsu,45.0,46.04992
3,2026-08-18 19:00:00+00:00,tt_grogol,40.0,39.243706
3,2026-08-18 19:00:00+00:00,tt_kebonjeruk,35.0,32.17787
3,2026-08-18 19:00:00+00:00,tt_kelapagading,29.0,28.113863
3,2026-08-18 19:00:00+00:00,tt_kuningan,21.0,21.304039
3,2026-08-18 19:00:00+00:00,tt_sudirman,39.0,37.43299
3,2026-08-18 19:00:00+00:00,tt_tangerang,48.0,45.407475
3,2026-08-18 19:00:00+00:00,tt_tbsimatupang,72.0,59.999054
3,2026-08-18 19:00:00+00:00,tt_thamrin,22.0,23.891499
3,2026-08-18 20:00:00+00:00,tt_bekasi,17.0,18.749874
3,2026-08-18 20:00:00+00:00,tt_bogor,45.0,39.783554
3,2026-08-18 20:00:00+00:00,tt_bsd,34.0,32.99105
3,2026-08-18 20:00:00+00:00,tt_cawang,43.0,41.427513
3,2026-08-18 20:00:00+00:00,tt_depok,31.0,31.072905
3,2026-08-18 20:00:00+00:00,tt_gatsu,45.0,44.71707
3,2026-08-18 20:00:00+00:00,tt_grogol,40.0,38.55372
3,2026-08-18 20:00:00+00:00,tt_kebonjeruk,35.0,32.563263
3,2026-08-18 20:00:00+00:00,tt_kelapagading,29.0,28.423594
3,2026-08-18 20:00:00+00:00,tt_kuningan,21.0,21.413261
3,2026-08-18 20:00:00+00:00,tt_sudirman,39.0,37.701393
3,2026-08-18 20:00:00+00:00,tt_tangerang,48.0,44.625362
3,2026-08-18 20:00:00+00:00,tt_tbsimatupang,72.0,59.014378
3,2026-08-18 20:00:00+00:00,tt_thamrin,22.0,23.886686
3,2026-08-18 22:00:00+00:00,tt_bekasi,17.0,18.922745
3,2026-08-18 22:00:00+00:00,tt_bogor,45.0,39.121777
3,2026-08-18 22:00:00+00:00,tt_bsd,34.0,32.46764
3,2026-08-18 22:00:00+00:00,tt_cawang,43.0,39.916058
3,2026-08-18 22:00:00+00:00,tt_depok,31.0,30.71716
3,2026-08-18 22:00:00+00:00,tt_gatsu,45.0,42.72298
3,2026-08-18 22:00:00+00:00,tt_grogol,40.0,37.581562
3,2026-08-18 22:00:00+00:00,tt_kebonjeruk,35.0,32.58482
3,2026-08-18 22:00:00+00:00,tt_kelapagading,29.0,28.78658
3,2026-08-18 22:00:00+00:00,tt_kuningan,21.0,21.265598
3,2026-08-18 22:00:00+00:00,tt_sudirman,39.0,37.684402
3,2026-08-18 22:00:00+00:00,tt_tangerang,48.0,43.673042
3,2026-08-18 22:00:00+00:00,tt_tbsimatupang,72.0,57.8899
3,2026-08-18 22:00:00+00:00,tt_thamrin,22.0,23.534906
3,2026-08-19 00:00:00+00:00,tt_bekasi,15.0,19.00977
3,2026-08-19 00:00:00+00:00,tt_bogor,35.0,38.775158
3,2026-08-19 00:00:00+00:00,tt_bsd,29.0,32.128353
3,2026-08-19 00:00:00+00:00,tt_cawang,20.0,39.026196
3,2026-08-19 00:00:00+00:00,tt_depok,31.0,30.415756
3,2026-08-19 00:00:00+00:00,tt_gatsu,45.0,41.382984
3,2026-08-19 00:00:00+00:00,tt_grogol,40.0,37.08733
3,2026-08-19 00:00:00+00:00,tt_kebonjeruk,27.0,32.536278
3,2026-08-19 00:00:00+00:00,tt_kelapagading,29.0,29.020203
3,2026-08-19 00:00:00+00:00,tt_kuningan,21.0,21.038952
3,2026-08-19 00:00:00+00:00,tt_sudirman,39.0,37.696095
3,2026-08-19 00:00:00+00:00,tt_tangerang,48.0,43.161022
3,2026-08-19 00:00:00+00:00,tt_tbsimatupang,39.0,57.35647
3,2026-08-19 00:00:00+00:00,tt_thamrin,19.0,23.13989
3,2026-08-19 01:00:00+00:00,tt_bekasi,15.999999,18.884647
3,2026-08-19 01:00:00+00:00,tt_bogor,37.0,38.655094
3,2026-08-19 01:00:00+00:00,tt_bsd,34.0,31.955027
3,2026-08-19 01:00:00+00:00,tt_cawang,13.0,38.75434
3,2026-08-19 01:00:00+00:00,tt_depok,27.0,30.293709
3,2026-08-19 01:00:00+00:00,tt_gatsu,13.0,41.348446
3,2026-08-19 01:00:00+00:00,tt_grogol,32.0,36.895218
3,2026-08-19 01:00:00+00:00,tt_kebonjeruk,25.0,32.53597
3,2026-08-19 01:00:00+00:00,tt_kelapagading,29.0,29.096968
3,2026-08-19 01:00:00+00:00,tt_kuningan,21.0,20.87828
3,2026-08-19 01:00:00+00:00,tt_sudirman,22.0,37.700623
3,2026-08-19 01:00:00+00:00,tt_tangerang,39.0,43.043232
3,2026-08-19 01:00:00+00:00,tt_tbsimatupang,18.0,57.216835
3,2026-08-19 01:00:00+00:00,tt_thamrin,22.0,22.88242
3,2026-08-19 03:00:00+00:00,tt_bekasi,15.999999,17.711828
3,2026-08-19 03:00:00+00:00,tt_bogor,37.0,31.474184
3,2026-08-19 03:00:00+00:00,tt_bsd,34.0,26.840012
3,2026-08-19 03:00:00+00:00,tt_cawang,20.0,28.977589
3,2026-08-19 03:00:00+00:00,tt_depok,31.0,25.916067
3,2026-08-19 03:00:00+00:00,tt_gatsu,45.0,39.320683
3,2026-08-19 03:00:00+00:00,tt_grogol,31.0,36.134933
3,2026-08-19 03:00:00+00:00,tt_kebonjeruk,23.0,28.496191
3,2026-08-19 03:00:00+00:00,tt_kelapagading,29.0,29.066956
3,2026-08-19 03:00:00+00:00,tt_kuningan,15.999999,19.135918
3,2026-08-19 03:00:00+00:00,tt_sudirman,24.0,36.900993
3,2026-08-19 03:00:00+00:00,tt_tangerang,40.0,42.27366
3,2026-08-19 03:00:00+00:00,tt_tbsimatupang,33.0,42.297684
3,2026-08-19 03:00:00+00:00,tt_thamrin,20.0,21.614384
3,2026-08-19 05:00:00+00:00,tt_bekasi,15.0,16.478388
3,2026-08-19 05:00:00+00:00,tt_bogor,32.0,32.50131
3,2026-08-19 05:00:00+00:00,tt_bsd,34.0,27.756905
3,2026-08-19 05:00:00+00:00,tt_cawang,17.0,22.95607
3,2026-08-19 05:00:00+00:00,tt_depok,31.0,23.292717
3,2026-08-19 05:00:00+00:00,tt_gatsu,45.0,27.848854
3,2026-08-19 05:00:00+00:00,tt_grogol,31.0,31.256668
3,2026-08-19 05:00:00+00:00,tt_kebonjeruk,24.0,25.107769
3,2026-08-19 05:00:00+00:00,tt_kelapagading,21.0,29.569836
3,2026-08-19 05:00:00+00:00,tt_kuningan,17.0,17.356178
3,2026-08-19 05:00:00+00:00,tt_sudirman,27.0,29.873777
3,2026-08-19 05:00:00+00:00,tt_tangerang,40.0,38.368137
3,2026-08-19 05:00:00+00:00,tt_tbsimatupang,43.0,36.702755
3,2026-08-19 05:00:00+00:00,tt_thamrin,17.0,21.377659
3,2026-08-19 06:00:00+00:00,tt_bekasi,18.0,17.523438
3,2026-08-19 06:00:00+00:00,tt_bogor,35.0,34.910725
3,2026-08-19 06:00:00+00:00,tt_bsd,34.0,29.631521
3,2026-08-19 06:00:00+00:00,tt_cawang,19.0,24.152443
3,2026-08-19 06:00:00+00:00,tt_depok,27.0,25.461302
3,2026-08-19 06:00:00+00:00,tt_gatsu,30.0,37.231686
3,2026-08-19 06:00:00+00:00,tt_grogol,27.0,31.064032
3,2026-08-19 06:00:00+00:00,tt_kebonjeruk,21.0,24.380415
3,2026-08-19 06:00:00+00:00,tt_kelapagading,21.0,30.124636
3,2026-08-19 06:00:00+00:00,tt_kuningan,21.0,17.43116
3,2026-08-19 06:00:00+00:00,tt_sudirman,18.0,29.840122
3,2026-08-19 06:00:00+00:00,tt_tangerang,38.0,39.19552
3,2026-08-19 06:00:00+00:00,tt_tbsimatupang,48.0,40.86165
3,2026-08-19 06:00:00+00:00,tt_thamrin,13.0,20.921034
3,2026-08-19 08:00:00+00:00,tt_bekasi,15.0,17.50563
3,2026-08-19 08:00:00+00:00,tt_bogor,34.0,34.929253
3,2026-08-19 08:00:00+00:00,tt_bsd,28.0,31.934338
3,2026-08-19 08:00:00+00:00,tt_cawang,32.0,23.42074
3,2026-08-19 08:00:00+00:00,tt_depok,25.0,27.691216
3,2026-08-19 08:00:00+00:00,tt_gatsu,26.0,43.989525
3,2026-08-19 08:00:00+00:00,tt_grogol,27.0,31.4957
3,2026-08-19 08:00:00+00:00,tt_kebonjeruk,18.0,24.144955
3,2026-08-19 08:00:00+00:00,tt_kelapagading,22.0,28.706966
3,2026-08-19 08:00:00+00:00,tt_kuningan,21.0,17.974869
3,2026-08-19 08:00:00+00:00,tt_sudirman,22.0,30.111504
3,2026-08-19 08:00:00+00:00,tt_tangerang,48.0,40.41017
3,2026-08-19 08:00:00+00:00,tt_tbsimatupang,32.0,45.21784
3,2026-08-19 08:00:00+00:00,tt_thamrin,8.0,19.981667
3,2026-08-19 10:00:00+00:00,tt_bekasi,13.0,18.027042
3,2026-08-19 10:00:00+00:00,tt_bogor,30.0,36.516537
3,2026-08-19 10:00:00+00:00,tt_bsd,34.0,32.47741
3,2026-08-19 10:00:00+00:00,tt_cawang,43.0,22.55635
3,2026-08-19 10:00:00+00:00,tt_depok,23.0,27.085838
3,2026-08-19 10:00:00+00:00,tt_gatsu,23.0,38.686295
3,2026-08-19 10:00:00+00:00,tt_grogol,30.0,29.960808
3,2026-08-19 10:00:00+00:00,tt_kebonjeruk,19.0,22.58677
3,2026-08-19 10:00:00+00:00,tt_kelapagading,22.0,27.67452
3,2026-08-19 10:00:00+00:00,tt_kuningan,15.999999,19.538862
3,2026-08-19 10:00:00+00:00,tt_sudirman,19.0,26.411415
3,2026-08-19 10:00:00+00:00,tt_tangerang,28.0,39.63355
3,2026-08-19 10:00:00+00:00,tt_tbsimatupang,34.0,49.02201
3,2026-08-19 10:00:00+00:00,tt_thamrin,17.0,17.703663
3,2026-08-19 11:00:00+00:00,tt_bekasi,18.0,17.659328
3,2026-08-19 11:00:00+00:00,tt_bogor,33.0,35.917633
3,2026-08-19 11:00:00+00:00,tt_bsd,27.0,29.444736
3,2026-08-19 11:00:00+00:00,tt_cawang,43.0,26.242168
3,2026-08-19 11:00:00+00:00,tt_depok,25.0,26.318108
3,2026-08-19 11:00:00+00:00,tt_gatsu,35.0,37.250275
3,2026-08-19 11:00:00+00:00,tt_grogol,32.0,29.922047
3,2026-08-19 11:00:00+00:00,tt_kebonjeruk,21.0,21.616474
3,2026-08-19 11:00:00+00:00,tt_kelapagading,20.0,27.898426
3,2026-08-19 11:00:00+00:00,tt_kuningan,15.999999,19.948002
3,2026-08-19 11:00:00+00:00,tt_sudirman,15.999999,26.737066
3,2026-08-19 11:00:00+00:00,tt_tangerang,26.0,44.42025
3,2026-08-19 11:00:00+00:00,tt_tbsimatupang,44.0,42.658188
3,2026-08-19 11:00:00+00:00,tt_thamrin,10.0,16.168686
3,2026-08-19 13:00:00+00:00,tt_bekasi,18.0,17.042807
3,2026-08-19 13:00:00+00:00,tt_bogor,45.0,34.337627
3,2026-08-19 13:00:00+00:00,tt_bsd,34.0,29.949238
3,2026-08-19 13:00:00+00:00,tt_cawang,43.0,33.096565
3,2026-08-19 13:00:00+00:00,tt_depok,25.0,25.733143
3,2026-08-19 13:00:00+00:00,tt_gatsu,45.0,35.36509
3,2026-08-19 13:00:00+00:00,tt_grogol,31.0,30.856482
3,2026-08-19 13:00:00+00:00,tt_kebonjeruk,27.0,20.789982
3,2026-08-19 13:00:00+00:00,tt_kelapagading,23.0,28.04044
3,2026-08-19 13:00:00+00:00,tt_kuningan,13.0,19.994392
3,2026-08-19 13:00:00+00:00,tt_sudirman,30.0,25.60788
3,2026-08-19 13:00:00+00:00,tt_tangerang,48.0,39.27236
3,2026-08-19 13:00:00+00:00,tt_tbsimatupang,72.0,40.29197
3,2026-08-19 13:00:00+00:00,tt_thamrin,20.0,17.022587
3,2026-08-19 15:00:00+00:00,tt_bekasi,15.999999,18.971703
3,2026-08-19 15:00:00+00:00,tt_bogor,38.0,35.552826
3,2026-08-19 15:00:00+00:00,tt_bsd,34.0,28.348518
3,2026-08-19 15:00:00+00:00,tt_cawang,32.0,39.05427
3,2026-08-19 15:00:00+00:00,tt_depok,31.0,26.247591
3,2026-08-19 15:00:00+00:00,tt_gatsu,45.0,38.157272
3,2026-08-19 15:00:00+00:00,tt_grogol,40.0,33.212276
3,2026-08-19 15:00:00+00:00,tt_kebonjeruk,31.0,21.207829
3,2026-08-19 15:00:00+00:00,tt_kelapagading,29.0,26.650305
3,2026-08-19 15:00:00+00:00,tt_kuningan,21.0,19.930607
3,2026-08-19 15:00:00+00:00,tt_sudirman,29.0,22.133757
3,2026-08-19 15:00:00+00:00,tt_tangerang,48.0,35.838726
3,2026-08-19 15:00:00+00:00,tt_tbsimatupang,72.0,44.771294
3,2026-08-19 15:00:00+00:00,tt_thamrin,21.0,15.533361
3,2026-08-19 16:00:00+00:00,tt_bekasi,18.0,19.535267
3,2026-08-19 16:00:00+00:00,tt_bogor,45.0,41.563377
3,2026-08-19 16:00:00+00:00,tt_bsd,34.0,34.5557
3,2026-08-19 16:00:00+00:00,tt_cawang,43.0,42.975204
3,2026-08-19 16:00:00+00:00,tt_depok,31.0,28.808907
3,2026-08-19 16:00:00+00:00,tt_gatsu,45.0,44.205517
3,2026-08-19 16:00:00+00:00,tt_grogol,40.0,33.739796
3,2026-08-19 16:00:00+00:00,tt_kebonjeruk,35.0,24.231632
3,2026-08-19 16:00:00+00:00,tt_kelapagading,29.0,26.884293
3,2026-08-19 16:00:00+00:00,tt_kuningan,21.0,19.989338
3,2026-08-19 16:00:00+00:00,tt_sudirman,39.0,25.906082
3,2026-08-19 16:00:00+00:00,tt_tangerang,48.0,44.95356
3,2026-08-19 16:00:00+00:00,tt_tbsimatupang,72.0,58.02028
3,2026-08-19 16:00:00+00:00,tt_thamrin,22.0,17.896626
3,2026-08-19 18:00:00+00:00,tt_bekasi,18.0,19.11728
3,2026-08-19 18:00:00+00:00,tt_bogor,45.0,38.059525
3,2026-08-19 18:00:00+00:00,tt_bsd,34.0,35.189922
3,2026-08-19 18:00:00+00:00,tt_cawang,43.0,39.49863
3,2026-08-19 18:00:00+00:00,tt_depok,31.0,29.694984
3,2026-08-19 18:00:00+00:00,tt_gatsu,45.0,44.36069
3,2026-08-19 18:00:00+00:00,tt_grogol,40.0,37.480717
3,2026-08-19 18:00:00+00:00,tt_kebonjeruk,35.0,28.060547
3,2026-08-19 18:00:00+00:00,tt_kelapagading,29.0,27.707754
3,2026-08-19 18:00:00+00:00,tt_kuningan,21.0,20.62592
3,2026-08-19 18:00:00+00:00,tt_sudirman,39.0,28.452633
3,2026-08-19 18:00:00+00:00,tt_tangerang,44.0,47.718315
3,2026-08-19 18:00:00+00:00,tt_tbsimatupang,72.0,60.315407
3,2026-08-19 18:00:00+00:00,tt_thamrin,22.0,20.249966
3,2026-08-19 20:00:00+00:00,tt_bekasi,18.0,19.769165
3,2026-08-19 20:00:00+00:00,tt_bogor,45.0,40.1844
3,2026-08-19 20:00:00+00:00,tt_bsd,34.0,33.963566
3,2026-08-19 20:00:00+00:00,tt_cawang,43.0,43.12107
3,2026-08-19 20:00:00+00:00,tt_depok,31.0,31.27951
3,2026-08-19 20:00:00+00:00,tt_gatsu,45.0,43.026833
3,2026-08-19 20:00:00+00:00,tt_grogol,40.0,39.13233
3,2026-08-19 20:00:00+00:00,tt_kebonjeruk,35.0,32.50605
3,2026-08-19 20:00:00+00:00,tt_kelapagading,29.0,28.686193
3,2026-08-19 20:00:00+00:00,tt_kuningan,21.0,22.316254
3,2026-08-19 20:00:00+00:00,tt_sudirman,39.0,35.46566
3,2026-08-19 20:00:00+00:00,tt_tangerang,48.0,45.819733
3,2026-08-19 20:00:00+00:00,tt_tbsimatupang,72.0,59.123726
3,2026-08-19 20:00:00+00:00,tt_thamrin,22.0,21.92345
3,2026-08-19 21:00:00+00:00,tt_bekasi,18.0,19.679014
3,2026-08-19 21:00:00+00:00,tt_bogor,45.0,39.711727
3,2026-08-19 21:00:00+00:00,tt_bsd,34.0,33.061565
3,2026-08-19 21:00:00+00:00,tt_cawang,43.0,42.39549
3,2026-08-19 21:00:00+00:00,tt_depok,31.0,31.070993
3,2026-08-19 21:00:00+00:00,tt_gatsu,45.0,42.40517
3,2026-08-19 21:00:00+00:00,tt_grogol,40.0,38.38182
3,2026-08-19 21:00:00+00:00,tt_kebonjeruk,35.0,32.530193
3,2026-08-19 21:00:00+00:00,tt_kelapagading,29.0,28.764114
3,2026-08-19 21:00:00+00:00,tt_kuningan,21.0,22.061687
3,2026-08-19 21:00:00+00:00,tt_sudirman,39.0,36.325584
3,2026-08-19 21:00:00+00:00,tt_tangerang,48.0,43.14038
3,2026-08-19 21:00:00+00:00,tt_tbsimatupang,72.0,58.321793
3,2026-08-19 21:00:00+00:00,tt_thamrin,22.0,22.171734
3,2026-08-19 23:00:00+00:00,tt_bekasi,17.0,19.561306
3,2026-08-19 23:00:00+00:00,tt_bogor,35.0,39.005573
3,2026-08-19 23:00:00+00:00,tt_bsd,34.0,32.779472
3,2026-08-19 23:00:00+00:00,tt_cawang,26.0,40.917168
3,2026-08-19 23:00:00+00:00,tt_depok,31.0,30.618309
3,2026-08-19 23:00:00+00:00,tt_gatsu,45.0,41.65304
3,2026-08-19 23:00:00+00:00,tt_grogol,35.0,38.060715
3,2026-08-19 23:00:00+00:00,tt_kebonjeruk,30.0,32.85053
3,2026-08-19 23:00:00+00:00,tt_kelapagading,29.0,28.740648
3,2026-08-19 23:00:00+00:00,tt_kuningan,21.0,21.376438
3,2026-08-19 23:00:00+00:00,tt_sudirman,39.0,36.842815
3,2026-08-19 23:00:00+00:00,tt_tangerang,48.0,43.261063
3,2026-08-19 23:00:00+00:00,tt_tbsimatupang,72.0,57.535446
3,2026-08-19 23:00:00+00:00,tt_thamrin,20.0,22.517578
3,2026-08-20 01:00:00+00:00,tt_bekasi,18.0,19.582071
3,2026-08-20 01:00:00+00:00,tt_bogor,35.0,38.675903
3,2026-08-20 01:00:00+00:00,tt_bsd,29.0,32.220478
3,2026-08-20 01:00:00+00:00,tt_cawang,14.0,39.565277
3,2026-08-20 01:00:00+00:00,tt_depok,31.0,30.306358
3,2026-08-20 01:00:00+00:00,tt_gatsu,37.0,41.271553
3,2026-08-20 01:00:00+00:00,tt_grogol,30.0,37.465034
3,2026-08-20 01:00:00+00:00,tt_kebonjeruk,26.0,32.828896
3,2026-08-20 01:00:00+00:00,tt_kelapagading,29.0,28.799597
3,2026-08-20 01:00:00+00:00,tt_kuningan,21.0,20.90991
3,2026-08-20 01:00:00+00:00,tt_sudirman,27.0,37.2235
3,2026-08-20 01:00:00+00:00,tt_tangerang,36.0,42.99001
3,2026-08-20 01:00:00+00:00,tt_tbsimatupang,18.0,57.235115
3,2026-08-20 01:00:00+00:00,tt_thamrin,18.0,22.627003
3,2026-08-20 02:00:00+00:00,tt_bekasi,18.0,18.907959
3,2026-08-20 02:00:00+00:00,tt_bogor,40.0,33.25256
3,2026-08-20 02:00:00+00:00,tt_bsd,34.0,31.674248
3,2026-08-20 02:00:00+00:00,tt_cawang,18.0,31.481834
3,2026-08-20 02:00:00+00:00,tt_depok,31.0,28.276442
3,2026-08-20 02:00:00+00:00,tt_gatsu,45.0,40.52005
3,2026-08-20 02:00:00+00:00,tt_grogol,30.0,34.63763
3,2026-08-20 02:00:00+00:00,tt_kebonjeruk,26.0,30.085737
3,2026-08-20 02:00:00+00:00,tt_kelapagading,25.0,28.780445
3,2026-08-20 02:00:00+00:00,tt_kuningan,21.0,20.01278
3,2026-08-20 02:00:00+00:00,tt_sudirman,25.0,36.779102
3,2026-08-20 02:00:00+00:00,tt_tangerang,48.0,42.49354
3,2026-08-20 02:00:00+00:00,tt_tbsimatupang,21.0,56.877243
3,2026-08-20 02:00:00+00:00,tt_thamrin,18.0,21.869978
3,2026-08-20 04:00:00+00:00,tt_bekasi,15.0,18.349894
3,2026-08-20 04:00:00+00:00,tt_bogor,35.0,29.783535
3,2026-08-20 04:00:00+00:00,tt_bsd,34.0,25.399303
3,2026-08-20 04:00:00+00:00,tt_cawang,20.0,24.149694
3,2026-08-20 04:00:00+00:00,tt_depok,27.0,25.37787
3,2026-08-20 04:00:00+00:00,tt_gatsu,45.0,36.4741
3,2026-08-20 04:00:00+00:00,tt_grogol,25.0,30.368702
3,2026-08-20 04:00:00+00:00,tt_kebonjeruk,25.0,26.254454
3,2026-08-20 04:00:00+00:00,tt_kelapagading,22.0,29.206682
3,2026-08-20 04:00:00+00:00,tt_kuningan,21.0,17.859104
3,2026-08-20 04:00:00+00:00,tt_sudirman,26.0,33.490627
3,2026-08-20 04:00:00+00:00,tt_tangerang,48.0,37.078293
3,2026-08-20 04:00:00+00:00,tt_tbsimatupang,45.0,38.731056
3,2026-08-20 04:00:00+00:00,tt_thamrin,13.0,20.34999
3,2026-08-20 06:00:00+00:00,tt_bekasi,15.0,18.576035
3,2026-08-20 06:00:00+00:00,tt_bogor,39.0,34.778973
3,2026-08-20 06:00:00+00:00,tt_bsd,34.0,29.004976
3,2026-08-20 06:00:00+00:00,tt_cawang,28.0,22.794395
3,2026-08-20 06:00:00+00:00,tt_depok,29.0,26.230747
3,2026-08-20 06:00:00+00:00,tt_gatsu,28.0,41.359455
3,2026-08-20 06:00:00+00:00,tt_grogol,29.0,29.624756
3,2026-08-20 06:00:00+00:00,tt_kebonjeruk,25.0,25.764692
3,2026-08-20 06:00:00+00:00,tt_kelapagading,20.0,28.104715
3,2026-08-20 06:00:00+00:00,tt_kuningan,15.999999,18.184093
3,2026-08-20 06:00:00+00:00,tt_sudirman,21.0,31.217848
3,2026-08-20 06:00:00+00:00,tt_tangerang,38.0,44.545162
3,2026-08-20 06:00:00+00:00,tt_tbsimatupang,27.0,39.26739
3,2026-08-20 06:00:00+00:00,tt_thamrin,12.0,19.428806
3,2026-08-20 07:00:00+00:00,tt_bekasi,15.999999,17.826923
3,2026-08-20 07:00:00+00:00,tt_bogor,36.0,35.167404
3,2026-08-20 07:00:00+00:00,tt_bsd,34.0,31.23372
3,2026-08-20 07:00:00+00:00,tt_cawang,21.0,22.92617
3,2026-08-20 07:00:00+00:00,tt_depok,26.0,26.181868
3,2026-08-20 07:00:00+00:00,tt_gatsu,20.0,44.087482
3,2026-08-20 07:00:00+00:00,tt_grogol,29.0,28.209717
3,2026-08-20 07:00:00+00:00,tt_kebonjeruk,22.0,25.1918
3,2026-08-20 07:00:00+00:00,tt_kelapagading,20.0,27.24505
3,2026-08-20 07:00:00+00:00,tt_kuningan,21.0,19.08102
3,2026-08-20 07:00:00+00:00,tt_sudirman,20.0,31.03192
3,2026-08-20 07:00:00+00:00,tt_tangerang,37.0,45.126156
3,2026-08-20 07:00:00+00:00,tt_tbsimatupang,49.0,47.545395
3,2026-08-20 07:00:00+00:00,tt_thamrin,12.0,17.936493
3,2026-08-20 09:00:00+00:00,tt_bekasi,14.0,16.931074
3,2026-08-20 09:00:00+00:00,tt_bogor,34.0,37.351734
3,2026-08-20 09:00:00+00:00,tt_bsd,28.0,30.580355
3,2026-08-20 09:00:00+00:00,tt_cawang,30.0,24.39647
3,2026-08-20 09:00:00+00:00,tt_depok,26.0,26.697487
3,2026-08-20 09:00:00+00:00,tt_gatsu,32.0,40.182186
3,2026-08-20 09:00:00+00:00,tt_grogol,31.0,28.112053
3,2026-08-20 09:00:00+00:00,tt_kebonjeruk,21.0,24.736626
3,2026-08-20 09:00:00+00:00,tt_kelapagading,21.0,26.325268
3,2026-08-20 09:00:00+00:00,tt_kuningan,13.0,18.136946
3,2026-08-20 09:00:00+00:00,tt_sudirman,23.0,29.273481
3,2026-08-20 09:00:00+00:00,tt_tangerang,34.0,42.148453
3,2026-08-20 09:00:00+00:00,tt_tbsimatupang,47.0,41.550175
3,2026-08-20 09:00:00+00:00,tt_thamrin,18.0,16.421913
3,2026-08-20 11:00:00+00:00,tt_bekasi,18.0,16.743048
3,2026-08-20 11:00:00+00:00,tt_bogor,35.0,37.454567
3,2026-08-20 11:00:00+00:00,tt_bsd,34.0,31.977972
3,2026-08-20 11:00:00+00:00,tt_cawang,33.0,22.731731
3,2026-08-20 11:00:00+00:00,tt_depok,26.0,26.499504
3,2026-08-20 11:00:00+00:00,tt_gatsu,7.0,36.368607
3,2026-08-20 11:00:00+00:00,tt_grogol,29.0,28.849705
3,2026-08-20 11:00:00+00:00,tt_kebonjeruk,18.0,23.473957
3,2026-08-20 11:00:00+00:00,tt_kelapagading,21.0,25.85167
3,2026-08-20 11:00:00+00:00,tt_kuningan,15.999999,19.745575
3,2026-08-20 11:00:00+00:00,tt_sudirman,12.0,27.494642
3,2026-08-20 11:00:00+00:00,tt_tangerang,35.0,41.076294
3,2026-08-20 11:00:00+00:00,tt_tbsimatupang,24.0,50.121742
3,2026-08-20 11:00:00+00:00,tt_thamrin,10.0,15.78286
3,2026-08-20 12:00:00+00:00,tt_bekasi,14.0,16.836334
3,2026-08-20 12:00:00+00:00,tt_bogor,37.0,36.7388
3,2026-08-20 12:00:00+00:00,tt_bsd,34.0,29.02254
3,2026-08-20 12:00:00+00:00,tt_cawang,43.0,25.106705
3,2026-08-20 12:00:00+00:00,tt_depok,24.0,26.562756
3,2026-08-20 12:00:00+00:00,tt_gatsu,10.0,39.105495
3,2026-08-20 12:00:00+00:00,tt_grogol,32.0,30.026001
3,2026-08-20 12:00:00+00:00,tt_kebonjeruk,23.0,23.01775
3,2026-08-20 12:00:00+00:00,tt_kelapagading,21.0,26.145277
3,2026-08-20 12:00:00+00:00,tt_kuningan,13.0,18.852413
3,2026-08-20 12:00:00+00:00,tt_sudirman,22.0,27.944265
3,2026-08-20 12:00:00+00:00,tt_tangerang,48.0,39.5849
3,2026-08-20 12:00:00+00:00,tt_tbsimatupang,40.0,49.806244
3,2026-08-20 12:00:00+00:00,tt_thamrin,9.0,17.095043
3,2026-08-20 14:00:00+00:00,tt_bekasi,18.0,17.3092
3,2026-08-20 14:00:00+00:00,tt_bogor,38.0,35.507435
3,2026-08-20 14:00:00+00:00,tt_bsd,27.0,29.554214
3,2026-08-20 14:00:00+00:00,tt_cawang,32.0,28.959429
3,2026-08-20 14:00:00+00:00,tt_depok,31.0,25.857843
3,2026-08-20 14:00:00+00:00,tt_gatsu,45.0,33.367252
3,2026-08-20 14:00:00+00:00,tt_grogol,40.0,30.457952
3,2026-08-20 14:00:00+00:00,tt_kebonjeruk,28.0,21.736193
3,2026-08-20 14:00:00+00:00,tt_kelapagading,29.0,25.826462
3,2026-08-20 14:00:00+00:00,tt_kuningan,15.999999,17.974834
3,2026-08-20 14:00:00+00:00,tt_sudirman,39.0,23.786629
3,2026-08-20 14:00:00+00:00,tt_tangerang,48.0,39.344803
3,2026-08-20 14:00:00+00:00,tt_tbsimatupang,59.0,41.093437
3,2026-08-20 14:00:00+00:00,tt_thamrin,13.0,16.01987
3,2026-08-20 16:00:00+00:00,tt_bekasi,15.0,16.65047
3,2026-08-20 16:00:00+00:00,tt_bogor,45.0,37.532127
3,2026-08-20 16:00:00+00:00,tt_bsd,34.0,33.31472
3,2026-08-20 16:00:00+00:00,tt_cawang,43.0,38.033924
3,2026-08-20 16:00:00+00:00,tt_depok,31.0,25.314953
3,2026-08-20 16:00:00+00:00,tt_gatsu,45.0,29.631294
3,2026-08-20 16:00:00+00:00,tt_grogol,40.0,32.60503
3,2026-08-20 16:00:00+00:00,tt_kebonjeruk,35.0,23.428474
3,2026-08-20 16:00:00+00:00,tt_kelapagading,29.0,25.0832
3,2026-08-20 16:00:00+00:00,tt_kuningan,21.0,17.358725
3,2026-08-20 16:00:00+00:00,tt_sudirman,39.0,24.688164
3,2026-08-20 16:00:00+00:00,tt_tangerang,48.0,47.351498
3,2026-08-20 16:00:00+00:00,tt_tbsimatupang,72.0,44.06635
3,2026-08-20 16:00:00+00:00,tt_thamrin,22.0,14.722267
3,2026-08-20 17:00:00+00:00,tt_bekasi,18.0,18.65947
3,2026-08-20 17:00:00+00:00,tt_bogor,45.0,38.41295
3,2026-08-20 17:00:00+00:00,tt_bsd,34.0,31.50985
3,2026-08-20 17:00:00+00:00,tt_cawang,43.0,38.035698
3,2026-08-20 17:00:00+00:00,tt_depok,31.0,28.661343
3,2026-08-20 17:00:00+00:00,tt_gatsu,45.0,39.99078
3,2026-08-20 17:00:00+00:00,tt_grogol,40.0,37.33645
3,2026-08-20 17:00:00+00:00,tt_kebonjeruk,35.0,25.606226
3,2026-08-20 17:00:00+00:00,tt_kelapagading,29.0,27.395424
3,2026-08-20 17:00:00+00:00,tt_kuningan,21.0,19.175983
3,2026-08-20 17:00:00+00:00,tt_sudirman,39.0,31.997536
3,2026-08-20 17:00:00+00:00,tt_tangerang,48.0,47.483727
3,2026-08-20 17:00:00+00:00,tt_tbsimatupang,72.0,54.095314
3,2026-08-20 17:00:00+00:00,tt_thamrin,22.0,16.13056
3,2026-08-20 19:00:00+00:00,tt_bekasi,18.0,19.210201
3,2026-08-20 19:00:00+00:00,tt_bogor,45.0,41.495564
3,2026-08-20 19:00:00+00:00,tt_bsd,34.0,33.890533
3,2026-08-20 19:00:00+00:00,tt_cawang,43.0,41.98206
3,2026-08-20 19:00:00+00:00,tt_depok,31.0,32.210968
3,2026-08-20 19:00:00+00:00,tt_gatsu,45.0,43.69416
3,2026-08-20 19:00:00+00:00,tt_grogol,40.0,40.032684
3,2026-08-20 19:00:00+00:00,tt_kebonjeruk,35.0,30.677286
3,2026-08-20 19:00:00+00:00,tt_kelapagading,29.0,28.996382
3,2026-08-20 19:00:00+00:00,tt_kuningan,21.0,21.963669
3,2026-08-20 19:00:00+00:00,tt_sudirman,39.0,38.01873
3,2026-08-20 19:00:00+00:00,tt_tangerang,48.0,47.06617
3,2026-08-20 19:00:00+00:00,tt_tbsimatupang,72.0,61.20513
3,2026-08-20 19:00:00+00:00,tt_thamrin,22.0,19.412544
3,2026-08-20 21:00:00+00:00,tt_bekasi,18.0,19.909132
3,2026-08-20 21:00:00+00:00,tt_bogor,45.0,40.473267
3,2026-08-20 21:00:00+00:00,tt_bsd,34.0,33.70863
3,2026-08-20 21:00:00+00:00,tt_cawang,43.0,41.91999
3,2026-08-20 21:00:00+00:00,tt_depok,31.0,31.819046
3,2026-08-20 21:00:00+00:00,tt_gatsu,45.0,42.0009
3,2026-08-20 21:00:00+00:00,tt_grogol,40.0,39.046127
3,2026-08-20 21:00:00+00:00,tt_kebonjeruk,35.0,32.68742
3,2026-08-20 21:00:00+00:00,tt_kelapagading,29.0,29.327353
3,2026-08-20 21:00:00+00:00,tt_kuningan,21.0,22.464502
3,2026-08-20 21:00:00+00:00,tt_sudirman,39.0,38.504555
3,2026-08-20 21:00:00+00:00,tt_tangerang,48.0,45.056347
3,2026-08-20 21:00:00+00:00,tt_tbsimatupang,72.0,59.38933
3,2026-08-20 21:00:00+00:00,tt_thamrin,22.0,21.327543
3,2026-08-20 22:00:00+00:00,tt_bekasi,18.0,19.829332
3,2026-08-20 22:00:00+00:00,tt_bogor,45.0,39.84991
3,2026-08-20 22:00:00+00:00,tt_bsd,34.0,33.241226
3,2026-08-20 22:00:00+00:00,tt_cawang,43.0,41.24769
3,2026-08-20 22:00:00+00:00,tt_depok,31.0,31.403841
3,2026-08-20 22:00:00+00:00,tt_gatsu,45.0,41.655167
3,2026-08-20 22:00:00+00:00,tt_grogol,40.0,38.488117
3,2026-08-20 22:00:00+00:00,tt_kebonjeruk,35.0,32.73197
3,2026-08-20 22:00:00+00:00,tt_kelapagading,29.0,29.322319
3,2026-08-20 22:00:00+00:00,tt_kuningan,21.0,22.086895
3,2026-08-20 22:00:00+00:00,tt_sudirman,39.0,38.418896
3,2026-08-20 22:00:00+00:00,tt_tangerang,48.0,44.45774
3,2026-08-20 22:00:00+00:00,tt_tbsimatupang,72.0,58.555542
3,2026-08-20 22:00:00+00:00,tt_thamrin,22.0,21.656946
3,2026-08-21 00:00:00+00:00,tt_bekasi,18.0,19.75687
3,2026-08-21 00:00:00+00:00,tt_bogor,35.0,39.123783
3,2026-08-21 00:00:00+00:00,tt_bsd,29.0,32.56532
3,2026-08-21 00:00:00+00:00,tt_cawang,18.0,40.148403
3,2026-08-21 00:00:00+00:00,tt_depok,25.0,30.829313
3,2026-08-21 00:00:00+00:00,tt_gatsu,45.0,41.108486
3,2026-08-21 00:00:00+00:00,tt_grogol,34.0,37.67791
3,2026-08-21 00:00:00+00:00,tt_kebonjeruk,25.0,32.638985
3,2026-08-21 00:00:00+00:00,tt_kelapagading,26.0,29.32222
3,2026-08-21 00:00:00+00:00,tt_kuningan,21.0,21.56014
3,2026-08-21 00:00:00+00:00,tt_sudirman,31.0,38.359867
3,2026-08-21 00:00:00+00:00,tt_tangerang,37.0,43.70859
3,2026-08-21 00:00:00+00:00,tt_tbsimatupang,32.0,57.593307
3,2026-08-21 00:00:00+00:00,tt_thamrin,22.0,21.84991
3,2026-08-21 02:00:00+00:00,tt_bekasi,17.0,19.590086
3,2026-08-21 02:00:00+00:00,tt_bogor,37.0,38.728783
3,2026-08-21 02:00:00+00:00,tt_bsd,28.0,32.03724
3,2026-08-21 02:00:00+00:00,tt_cawang,19.0,39.22738
3,2026-08-21 02:00:00+00:00,tt_depok,26.0,30.439018
3,2026-08-21 02:00:00+00:00,tt_gatsu,45.0,40.90312
3,2026-08-21 02:00:00+00:00,tt_grogol,31.0,37.1147
3,2026-08-21 02:00:00+00:00,tt_kebonjeruk,26.0,32.579334
3,2026-08-21 02:00:00+00:00,tt_kelapagading,29.0,29.291582
3,2026-08-21 02:00:00+00:00,tt_kuningan,21.0,21.08395
3,2026-08-21 02:00:00+00:00,tt_sudirman,23.0,38.39807
3,2026-08-21 02:00:00+00:00,tt_tangerang,37.0,43.280903
3,2026-08-21 02:00:00+00:00,tt_tbsimatupang,37.0,57.23252
3,2026-08-21 02:00:00+00:00,tt_thamrin,22.0,22.00166
3,2026-08-21 03:00:00+00:00,tt_bekasi,15.0,18.811481
3,2026-08-21 03:00:00+00:00,tt_bogor,38.0,30.665318
3,2026-08-21 03:00:00+00:00,tt_bsd,34.0,25.823439
3,2026-08-21 03:00:00+00:00,tt_cawang,21.0,28.419052
3,2026-08-21 03:00:00+00:00,tt_depok,31.0,23.81366
3,2026-08-21 03:00:00+00:00,tt_gatsu,45.0,38.536087
3,2026-08-21 03:00:00+00:00,tt_grogol,27.0,33.06651
3,2026-08-21 03:00:00+00:00,tt_kebonjeruk,24.0,27.350822
3,2026-08-21 03:00:00+00:00,tt_kelapagading,23.0,28.244362
3,2026-08-21 03:00:00+00:00,tt_kuningan,15.999999,19.01442
3,2026-08-21 03:00:00+00:00,tt_sudirman,28.0,34.172256
3,2026-08-21 03:00:00+00:00,tt_tangerang,48.0,37.173187
3,2026-08-21 03:00:00+00:00,tt_tbsimatupang,48.0,39.267906
3,2026-08-21 03:00:00+00:00,tt_thamrin,15.999999,21.526157
3,2026-08-21 05:00:00+00:00,tt_bekasi,15.999999,18.435665
3,2026-08-21 05:00:00+00:00,tt_bogor,45.0,32.988697
3,2026-08-21 05:00:00+00:00,tt_bsd,34.0,24.939915
3,2026-08-21 05:00:00+00:00,tt_cawang,43.0,25.033306
3,2026-08-21 05:00:00+00:00,tt_depok,31.0,22.880966
3,2026-08-21 05:00:00+00:00,tt_gatsu,45.0,41.590073
3,2026-08-21 05:00:00+00:00,tt_grogol,32.0,31.452736
3,2026-08-21 05:00:00+00:00,tt_kebonjeruk,27.0,25.407574
3,2026-08-21 05:00:00+00:00,tt_kelapagading,23.0,28.684757
3,2026-08-21 05:00:00+00:00,tt_kuningan,21.0,18.566364
3,2026-08-21 05:00:00+00:00,tt_sudirman,34.0,30.67657
3,2026-08-21 05:00:00+00:00,tt_tangerang,48.0,37.185005
3,2026-08-21 05:00:00+00:00,tt_tbsimatupang,72.0,42.222233
3,2026-08-21 05:00:00+00:00,tt_thamrin,21.0,21.62825
3,2026-08-21 07:00:00+00:00,tt_bekasi,14.0,17.346458
3,2026-08-21 07:00:00+00:00,tt_bogor,35.0,36.6104
3,2026-08-21 07:00:00+00:00,tt_bsd,34.0,31.11241
3,2026-08-21 07:00:00+00:00,tt_cawang,28.0,24.99266
3,2026-08-21 07:00:00+00:00,tt_depok,25.0,27.439373
3,2026-08-21 07:00:00+00:00,tt_gatsu,36.0,44.836273
3,2026-08-21 07:00:00+00:00,tt_grogol,28.0,29.492424
3,2026-08-21 07:00:00+00:00,tt_kebonjeruk,21.0,24.988401
3,2026-08-21 07:00:00+00:00,tt_kelapagading,20.0,26.932268
3,2026-08-21 07:00:00+00:00,tt_kuningan,21.0,17.555117
3,2026-08-21 07:00:00+00:00,tt_sudirman,18.0,30.722935
3,2026-08-21 07:00:00+00:00,tt_tangerang,39.0,45.223503
3,2026-08-21 07:00:00+00:00,tt_tbsimatupang,52.0,49.58393
3,2026-08-21 07:00:00+00:00,tt_thamrin,18.0,19.278406
3,2026-08-21 08:00:00+00:00,tt_bekasi,15.999999,18.06326
3,2026-08-21 08:00:00+00:00,tt_bogor,34.0,42.493572
3,2026-08-21 08:00:00+00:00,tt_bsd,34.0,33.37453
3,2026-08-21 08:00:00+00:00,tt_cawang,31.0,34.23078
3,2026-08-21 08:00:00+00:00,tt_depok,25.0,31.753386
3,2026-08-21 08:00:00+00:00,tt_gatsu,35.0,47.574966
3,2026-08-21 08:00:00+00:00,tt_grogol,29.0,31.70552
3,2026-08-21 08:00:00+00:00,tt_kebonjeruk,24.0,26.150352
3,2026-08-21 08:00:00+00:00,tt_kelapagading,21.0,27.05615
3,2026-08-21 08:00:00+00:00,tt_kuningan,17.0,20.219751
3,2026-08-21 08:00:00+00:00,tt_sudirman,24.0,33.321533
3,2026-08-21 08:00:00+00:00,tt_tangerang,40.0,46.36227
3,2026-08-21 08:00:00+00:00,tt_tbsimatupang,38.0,59.83151
3,2026-08-21 08:00:00+00:00,tt_thamrin,10.0,20.596825
3,2026-08-21 10:00:00+00:00,tt_bekasi,15.0,17.013905
3,2026-08-21 10:00:00+00:00,tt_bogor,32.0,35.04648
3,2026-08-21 10:00:00+00:00,tt_bsd,34.0,30.902761
3,2026-08-21 10:00:00+00:00,tt_cawang,22.0,31.382019
3,2026-08-21 10:00:00+00:00,tt_depok,24.0,26.476517
3,2026-08-21 10:00:00+00:00,tt_gatsu,34.0,40.43779
3,2026-08-21 10:00:00+00:00,tt_grogol,32.0,30.067936
3,2026-08-21 10:00:00+00:00,tt_kebonjeruk,20.0,24.08896
3,2026-08-21 10:00:00+00:00,tt_kelapagading,19.0,25.600319
3,2026-08-21 10:00:00+00:00,tt_kuningan,13.0,19.835922
3,2026-08-21 10:00:00+00:00,tt_sudirman,22.0,29.764988
3,2026-08-21 10:00:00+00:00,tt_tangerang,29.0,41.926956
3,2026-08-21 10:00:00+00:00,tt_tbsimatupang,27.0,50.44838
3,2026-08-21 10:00:00+00:00,tt_thamrin,19.0,20.28529
6,2026-08-18 07:00:00+00:00,tt_bekasi,15.0,18.226646
6,2026-08-18 07:00:00+00:00,tt_bogor,34.0,32.962112
6,2026-08-18 07:00:00+00:00,tt_bsd,30.0,27.993584
6,2026-08-18 07:00:00+00:00,tt_cawang,43.0,28.554882
6,2026-08-18 07:00:00+00:00,tt_depok,31.0,24.455284
6,2026-08-18 07:00:00+00:00,tt_gatsu,45.0,41.01425
6,2026-08-18 07:00:00+00:00,tt_grogol,32.0,31.640451
6,2026-08-18 07:00:00+00:00,tt_kebonjeruk,25.0,28.97015
6,2026-08-18 07:00:00+00:00,tt_kelapagading,22.0,32.92559
6,2026-08-18 07:00:00+00:00,tt_kuningan,15.0,19.140259
6,2026-08-18 07:00:00+00:00,tt_sudirman,28.0,36.56123
6,2026-08-18 07:00:00+00:00,tt_tangerang,38.0,38.62778
6,2026-08-18 07:00:00+00:00,tt_tbsimatupang,57.0,48.652004
6,2026-08-18 07:00:00+00:00,tt_thamrin,22.0,21.157745
6,2026-08-18 09:00:00+00:00,tt_bekasi,14.0,17.896505
6,2026-08-18 09:00:00+00:00,tt_bogor,35.0,34.754177
6,2026-08-18 09:00:00+00:00,tt_bsd,28.0,29.301315
6,2026-08-18 09:00:00+00:00,tt_cawang,29.0,26.708366
6,2026-08-18 09:00:00+00:00,tt_depok,24.0,26.499975
6,2026-08-18 09:00:00+00:00,tt_gatsu,45.0,41.557846
6,2026-08-18 09:00:00+00:00,tt_grogol,32.0,29.209366
6,2026-08-18 09:00:00+00:00,tt_kebonjeruk,23.0,27.258968
6,2026-08-18 09:00:00+00:00,tt_kelapagading,23.0,33.420673
6,2026-08-18 09:00:00+00:00,tt_kuningan,21.0,19.454775
6,2026-08-18 09:00:00+00:00,tt_sudirman,31.0,34.798985
6,2026-08-18 09:00:00+00:00,tt_tangerang,38.0,42.170555
6,2026-08-18 09:00:00+00:00,tt_tbsimatupang,43.0,43.471176
6,2026-08-18 09:00:00+00:00,tt_thamrin,22.0,20.872826
6,2026-08-18 10:00:00+00:00,tt_bekasi,14.0,17.674248
6,2026-08-18 10:00:00+00:00,tt_bogor,35.0,35.055733
6,2026-08-18 10:00:00+00:00,tt_bsd,34.0,28.90314
6,2026-08-18 10:00:00+00:00,tt_cawang,30.0,26.26673
6,2026-08-18 10:00:00+00:00,tt_depok,25.0,27.75795
6,2026-08-18 10:00:00+00:00,tt_gatsu,3.999998,41.434265
6,2026-08-18 10:00:00+00:00,tt_grogol,31.0,29.009361
6,2026-08-18 10:00:00+00:00,tt_kebonjeruk,21.0,26.966793
6,2026-08-18 10:00:00+00:00,tt_kelapagading,21.0,33.931965
6,2026-08-18 10:00:00+00:00,tt_kuningan,14.0,19.036667
6,2026-08-18 10:00:00+00:00,tt_sudirman,23.0,34.260258
6,2026-08-18 10:00:00+00:00,tt_tangerang,34.0,42.068344
6,2026-08-18 10:00:00+00:00,tt_tbsimatupang,44.0,45.988136
6,2026-08-18 10:00:00+00:00,tt_thamrin,22.0,20.91221
6,2026-08-18 12:00:00+00:00,tt_bekasi,14.0,17.430435
6,2026-08-18 12:00:00+00:00,tt_bogor,35.0,36.065845
6,2026-08-18 12:00:00+00:00,tt_bsd,34.0,28.22872
6,2026-08-18 12:00:00+00:00,tt_cawang,34.0,27.297031
6,2026-08-18 12:00:00+00:00,tt_depok,26.0,27.237682
6,2026-08-18 12:00:00+00:00,tt_gatsu,45.0,44.87842
6,2026-08-18 12:00:00+00:00,tt_grogol,32.0,32.981472
6,2026-08-18 12:00:00+00:00,tt_kebonjeruk,25.0,25.630714
6,2026-08-18 12:00:00+00:00,tt_kelapagading,22.0,32.529797
6,2026-08-18 12:00:00+00:00,tt_kuningan,13.0,20.360985
6,2026-08-18 12:00:00+00:00,tt_sudirman,29.0,35.094418
6,2026-08-18 12:00:00+00:00,tt_tangerang,48.0,42.856197
6,2026-08-18 12:00:00+00:00,tt_tbsimatupang,72.0,49.674522
6,2026-08-18 12:00:00+00:00,tt_thamrin,17.0,21.44154
6,2026-08-18 14:00:00+00:00,tt_bekasi,15.999999,17.431946
6,2026-08-18 14:00:00+00:00,tt_bogor,45.0,35.260742
6,2026-08-18 14:00:00+00:00,tt_bsd,34.0,28.745407
6,2026-08-18 14:00:00+00:00,tt_cawang,32.0,34.726295
6,2026-08-18 14:00:00+00:00,tt_depok,26.0,29.226328
6,2026-08-18 14:00:00+00:00,tt_gatsu,45.0,46.588264
6,2026-08-18 14:00:00+00:00,tt_grogol,40.0,33.651688
6,2026-08-18 14:00:00+00:00,tt_kebonjeruk,31.0,25.728348
6,2026-08-18 14:00:00+00:00,tt_kelapagading,29.0,31.08574
6,2026-08-18 14:00:00+00:00,tt_kuningan,15.999999,20.165546
6,2026-08-18 14:00:00+00:00,tt_sudirman,30.0,34.106407
6,2026-08-18 14:00:00+00:00,tt_tangerang,48.0,42.869392
6,2026-08-18 14:00:00+00:00,tt_tbsimatupang,72.0,50.892956
6,2026-08-18 14:00:00+00:00,tt_thamrin,22.0,22.66877
6,2026-08-18 15:00:00+00:00,tt_bekasi,15.999999,17.22759
6,2026-08-18 15:00:00+00:00,tt_bogor,45.0,34.591812
6,2026-08-18 15:00:00+00:00,tt_bsd,34.0,27.937725
6,2026-08-18 15:00:00+00:00,tt_cawang,43.0,34.180202
6,2026-08-18 15:00:00+00:00,tt_depok,31.0,27.61892
6,2026-08-18 15:00:00+00:00,tt_gatsu,45.0,47.40555
6,2026-08-18 15:00:00+00:00,tt_grogol,40.0,33.869873
6,2026-08-18 15:00:00+00:00,tt_kebonjeruk,35.0,25.425812
6,2026-08-18 15:00:00+00:00,tt_kelapagading,29.0,30.71829
6,2026-08-18 15:00:00+00:00,tt_kuningan,21.0,20.482376
6,2026-08-18 15:00:00+00:00,tt_sudirman,39.0,34.007233
6,2026-08-18 15:00:00+00:00,tt_tangerang,48.0,42.87922
6,2026-08-18 15:00:00+00:00,tt_tbsimatupang,72.0,50.25751
6,2026-08-18 15:00:00+00:00,tt_thamrin,22.0,23.146696
6,2026-08-18 17:00:00+00:00,tt_bekasi,17.0,17.344143
6,2026-08-18 17:00:00+00:00,tt_bogor,45.0,34.049015
6,2026-08-18 17:00:00+00:00,tt_bsd,34.0,29.981415
6,2026-08-18 17:00:00+00:00,tt_cawang,43.0,35.725113
6,2026-08-18 17:00:00+00:00,tt_depok,31.0,26.269608
6,2026-08-18 17:00:00+00:00,tt_gatsu,45.0,42.949486
6,2026-08-18 17:00:00+00:00,tt_grogol,40.0,34.107727
6,2026-08-18 17:00:00+00:00,tt_kebonjeruk,35.0,24.271082
6,2026-08-18 17:00:00+00:00,tt_kelapagading,29.0,29.671986
6,2026-08-18 17:00:00+00:00,tt_kuningan,21.0,19.438583
6,2026-08-18 17:00:00+00:00,tt_sudirman,39.0,32.418373
6,2026-08-18 17:00:00+00:00,tt_tangerang,48.0,41.66831
6,2026-08-18 17:00:00+00:00,tt_tbsimatupang,72.0,47.96106
6,2026-08-18 17:00:00+00:00,tt_thamrin,22.0,24.358671
6,2026-08-18 19:00:00+00:00,tt_bekasi,17.0,17.348095
6,2026-08-18 19:00:00+00:00,tt_bogor,45.0,33.724804
6,2026-08-18 19:00:00+00:00,tt_bsd,34.0,31.713875
6,2026-08-18 19:00:00+00:00,tt_cawang,43.0,37.66592
6,2026-08-18 19:00:00+00:00,tt_depok,31.0,26.780876
6,2026-08-18 19:00:00+00:00,tt_gatsu,45.0,43.953415
6,2026-08-18 19:00:00+00:00,tt_grogol,40.0,34.690533
6,2026-08-18 19:00:00+00:00,tt_kebonjeruk,35.0,24.46201
6,2026-08-18 19:00:00+00:00,tt_kelapagading,29.0,28.485355
6,2026-08-18 19:00:00+00:00,tt_kuningan,21.0,18.956379
6,2026-08-18 19:00:00+00:00,tt_sudirman,39.0,32.36836
6,2026-08-18 19:00:00+00:00,tt_tangerang,48.0,44.036507
6,2026-08-18 19:00:00+00:00,tt_tbsimatupang,72.0,53.987404
6,2026-08-18 19:00:00+00:00,tt_thamrin,22.0,23.549126
6,2026-08-18 20:00:00+00:00,tt_bekasi,17.0,17.522709
6,2026-08-18 20:00:00+00:00,tt_bogor,45.0,34.765663
6,2026-08-18 20:00:00+00:00,tt_bsd,34.0,31.59907
6,2026-08-18 20:00:00+00:00,tt_cawang,43.0,37.370434
6,2026-08-18 20:00:00+00:00,tt_depok,31.0,26.701504
6,2026-08-18 20:00:00+00:00,tt_gatsu,45.0,44.85379
6,2026-08-18 20:00:00+00:00,tt_grogol,40.0,36.33455
6,2026-08-18 20:00:00+00:00,tt_kebonjeruk,35.0,26.257675
6,2026-08-18 20:00:00+00:00,tt_kelapagading,29.0,29.049526
6,2026-08-18 20:00:00+00:00,tt_kuningan,21.0,18.903019
6,2026-08-18 20:00:00+00:00,tt_sudirman,39.0,32.626606
6,2026-08-18 20:00:00+00:00,tt_tangerang,48.0,43.874332
6,2026-08-18 20:00:00+00:00,tt_tbsimatupang,72.0,54.76493
6,2026-08-18 20:00:00+00:00,tt_thamrin,22.0,23.900291
6,2026-08-18 22:00:00+00:00,tt_bekasi,17.0,18.057755
6,2026-08-18 22:00:00+00:00,tt_bogor,45.0,35.566555
6,2026-08-18 22:00:00+00:00,tt_bsd,34.0,31.128626
6,2026-08-18 22:00:00+00:00,tt_cawang,43.0,38.57036
6,2026-08-18 22:00:00+00:00,tt_depok,31.0,28.45182
6,2026-08-18 22:00:00+00:00,tt_gatsu,45.0,44.009132
6,2026-08-18 22:00:00+00:00,tt_grogol,40.0,36.789547
6,2026-08-18 22:00:00+00:00,tt_kebonjeruk,35.0,29.250854
6,2026-08-18 22:00:00+00:00,tt_kelapagading,29.0,29.171162
6,2026-08-18 22:00:00+00:00,tt_kuningan,21.0,20.648788
6,2026-08-18 22:00:00+00:00,tt_sudirman,39.0,35.68935
6,2026-08-18 22:00:00+00:00,tt_tangerang,48.0,42.50197
6,2026-08-18 22:00:00+00:00,tt_tbsimatupang,72.0,53.452538
6,2026-08-18 22:00:00+00:00,tt_thamrin,22.0,24.008621
6,2026-08-19 00:00:00+00:00,tt_bekasi,15.0,18.649479
6,2026-08-19 00:00:00+00:00,tt_bogor,35.0,35.377155
6,2026-08-19 00:00:00+00:00,tt_bsd,29.0,30.591839
6,2026-08-19 00:00:00+00:00,tt_cawang,20.0,37.978046
6,2026-08-19 00:00:00+00:00,tt_depok,31.0,28.592138
6,2026-08-19 00:00:00+00:00,tt_gatsu,45.0,41.58582
6,2026-08-19 00:00:00+00:00,tt_grogol,40.0,35.732445
6,2026-08-19 00:00:00+00:00,tt_kebonjeruk,27.0,30.32692
6,2026-08-19 00:00:00+00:00,tt_kelapagading,29.0,29.859638
6,2026-08-19 00:00:00+00:00,tt_kuningan,21.0,20.84813
6,2026-08-19 00:00:00+00:00,tt_sudirman,39.0,36.315422
6,2026-08-19 00:00:00+00:00,tt_tangerang,48.0,41.158146
6,2026-08-19 00:00:00+00:00,tt_tbsimatupang,39.0,52.17048
6,2026-08-19 00:00:00+00:00,tt_thamrin,19.0,23.828388
6,2026-08-19 01:00:00+00:00,tt_bekasi,15.999999,18.8321
6,2026-08-19 01:00:00+00:00,tt_bogor,37.0,35.350506
6,2026-08-19 01:00:00+00:00,tt_bsd,34.0,30.356203
6,2026-08-19 01:00:00+00:00,tt_cawang,13.0,37.021664
6,2026-08-19 01:00:00+00:00,tt_depok,27.0,28.548246
6,2026-08-19 01:00:00+00:00,tt_gatsu,13.0,40.543427
6,2026-08-19 01:00:00+00:00,tt_grogol,32.0,35.39128
6,2026-08-19 01:00:00+00:00,tt_kebonjeruk,25.0,30.512066
6,2026-08-19 01:00:00+00:00,tt_kelapagading,29.0,30.172882
6,2026-08-19 01:00:00+00:00,tt_kuningan,21.0,20.931889
6,2026-08-19 01:00:00+00:00,tt_sudirman,22.0,36.59838
6,2026-08-19 01:00:00+00:00,tt_tangerang,39.0,40.70831
6,2026-08-19 01:00:00+00:00,tt_tbsimatupang,18.0,51.689518
6,2026-08-19 01:00:00+00:00,tt_thamrin,22.0,23.566994
6,2026-08-19 03:00:00+00:00,tt_bekasi,15.999999,19.08376
6,2026-08-19 03:00:00+00:00,tt_bogor,37.0,35.12526
6,2026-08-19 03:00:00+00:00,tt_bsd,34.0,29.927542
6,2026-08-19 03:00:00+00:00,tt_cawang,20.0,36.044697
6,2026-08-19 03:00:00+00:00,tt_depok,31.0,28.338396
6,2026-08-19 03:00:00+00:00,tt_gatsu,45.0,38.784737
6,2026-08-19 03:00:00+00:00,tt_grogol,31.0,34.83783
6,2026-08-19 03:00:00+00:00,tt_kebonjeruk,23.0,30.704535
6,2026-08-19 03:00:00+00:00,tt_kelapagading,29.0,30.55433
6,2026-08-19 03:00:00+00:00,tt_kuningan,15.999999,20.799324
6,2026-08-19 03:00:00+00:00,tt_sudirman,24.0,36.821007
6,2026-08-19 03:00:00+00:00,tt_tangerang,40.0,40.05066
6,2026-08-19 03:00:00+00:00,tt_tbsimatupang,33.0,51.15556
6,2026-08-19 03:00:00+00:00,tt_thamrin,20.0,23.138277
6,2026-08-19 05:00:00+00:00,tt_bekasi,15.0,18.825815
6,2026-08-19 05:00:00+00:00,tt_bogor,32.0,34.913643
6,2026-08-19 05:00:00+00:00,tt_bsd,34.0,29.481533
6,2026-08-19 05:00:00+00:00,tt_cawang,17.0,35.461582
6,2026-08-19 05:00:00+00:00,tt_depok,31.0,28.089779
6,2026-08-19 05:00:00+00:00,tt_gatsu,45.0,38.69081
6,2026-08-19 05:00:00+00:00,tt_grogol,31.0,34.39641
6,2026-08-19 05:00:00+00:00,tt_kebonjeruk,24.0,30.769016
6,2026-08-19 05:00:00+00:00,tt_kelapagading,21.0,30.763313
6,2026-08-19 05:00:00+00:00,tt_kuningan,17.0,20.420864
6,2026-08-19 05:00:00+00:00,tt_sudirman,27.0,36.89815
6,2026-08-19 05:00:00+00:00,tt_tangerang,40.0,39.782387
6,2026-08-19 05:00:00+00:00,tt_tbsimatupang,43.0,50.912468
6,2026-08-19 05:00:00+00:00,tt_thamrin,17.0,22.557423
6,2026-08-19 06:00:00+00:00,tt_bekasi,18.0,18.378107
6,2026-08-19 06:00:00+00:00,tt_bogor,35.0,33.32689
6,2026-08-19 06:00:00+00:00,tt_bsd,34.0,27.16846
6,2026-08-19 06:00:00+00:00,tt_cawang,19.0,32.998295
6,2026-08-19 06:00:00+00:00,tt_depok,27.0,26.167425
6,2026-08-19 06:00:00+00:00,tt_gatsu,30.0,39.11495
6,2026-08-19 06:00:00+00:00,tt_grogol,27.0,34.49981
6,2026-08-19 06:00:00+00:00,tt_kebonjeruk,21.0,29.194992
6,2026-08-19 06:00:00+00:00,tt_kelapagading,21.0,31.18505
6,2026-08-19 06:00:00+00:00,tt_kuningan,21.0,19.091747
6,2026-08-19 06:00:00+00:00,tt_sudirman,18.0,37.282738
6,2026-08-19 06:00:00+00:00,tt_tangerang,38.0,39.91812
6,2026-08-19 06:00:00+00:00,tt_tbsimatupang,48.0,50.694275
6,2026-08-19 06:00:00+00:00,tt_thamrin,13.0,22.081509
6,2026-08-19 08:00:00+00:00,tt_bekasi,15.0,18.41315
6,2026-08-19 08:00:00+00:00,tt_bogor,34.0,34.384247
6,2026-08-19 08:00:00+00:00,tt_bsd,28.0,27.951103
6,2026-08-19 08:00:00+00:00,tt_cawang,32.0,27.907303
6,2026-08-19 08:00:00+00:00,tt_depok,25.0,24.896498
6,2026-08-19 08:00:00+00:00,tt_gatsu,26.0,34.7499
6,2026-08-19 08:00:00+00:00,tt_grogol,27.0,33.228245
6,2026-08-19 08:00:00+00:00,tt_kebonjeruk,18.0,26.755444
6,2026-08-19 08:00:00+00:00,tt_kelapagading,22.0,32.544613
6,2026-08-19 08:00:00+00:00,tt_kuningan,21.0,19.502163
6,2026-08-19 08:00:00+00:00,tt_sudirman,22.0,34.77237
6,2026-08-19 08:00:00+00:00,tt_tangerang,48.0,39.071663
6,2026-08-19 08:00:00+00:00,tt_tbsimatupang,32.0,45.74575
6,2026-08-19 08:00:00+00:00,tt_thamrin,8.0,22.478119
6,2026-08-19 10:00:00+00:00,tt_bekasi,13.0,18.38934
6,2026-08-19 10:00:00+00:00,tt_bogor,30.0,36.66329
6,2026-08-19 10:00:00+00:00,tt_bsd,34.0,29.945839
6,2026-08-19 10:00:00+00:00,tt_cawang,43.0,26.34594
6,2026-08-19 10:00:00+00:00,tt_depok,23.0,26.853817
6,2026-08-19 10:00:00+00:00,tt_gatsu,23.0,41.14668
6,2026-08-19 10:00:00+00:00,tt_grogol,30.0,33.23152
6,2026-08-19 10:00:00+00:00,tt_kebonjeruk,19.0,25.280857
6,2026-08-19 10:00:00+00:00,tt_kelapagading,22.0,33.80926
6,2026-08-19 10:00:00+00:00,tt_kuningan,15.999999,18.551003
6,2026-08-19 10:00:00+00:00,tt_sudirman,19.0,33.03923
6,2026-08-19 10:00:00+00:00,tt_tangerang,28.0,39.79928
6,2026-08-19 10:00:00+00:00,tt_tbsimatupang,34.0,43.609093
6,2026-08-19 10:00:00+00:00,tt_thamrin,17.0,22.519707
6,2026-08-19 11:00:00+00:00,tt_bekasi,18.0,18.076756
6,2026-08-19 11:00:00+00:00,tt_bogor,33.0,36.489315
6,2026-08-19 11:00:00+00:00,tt_bsd,27.0,30.623781
6,2026-08-19 11:00:00+00:00,tt_cawang,43.0,25.365208
6,2026-08-19 11:00:00+00:00,tt_depok,25.0,27.706104
6,2026-08-19 11:00:00+00:00,tt_gatsu,35.0,43.879795
6,2026-08-19 11:00:00+00:00,tt_grogol,32.0,33.41718
6,2026-08-19 11:00:00+00:00,tt_kebonjeruk,21.0,25.03189
6,2026-08-19 11:00:00+00:00,tt_kelapagading,20.0,33.238464
6,2026-08-19 11:00:00+00:00,tt_kuningan,15.999999,18.439453
6,2026-08-19 11:00:00+00:00,tt_sudirman,15.999999,33.031773
6,2026-08-19 11:00:00+00:00,tt_tangerang,26.0,40.25451
6,2026-08-19 11:00:00+00:00,tt_tbsimatupang,44.0,44.50406
6,2026-08-19 11:00:00+00:00,tt_thamrin,10.0,22.132486
6,2026-08-19 13:00:00+00:00,tt_bekasi,18.0,18.912373
6,2026-08-19 13:00:00+00:00,tt_bogor,45.0,37.176914
6,2026-08-19 13:00:00+00:00,tt_bsd,34.0,31.242775
6,2026-08-19 13:00:00+00:00,tt_cawang,43.0,24.213842
6,2026-08-19 13:00:00+00:00,tt_depok,25.0,27.573406
6,2026-08-19 13:00:00+00:00,tt_gatsu,45.0,43.52336
6,2026-08-19 13:00:00+00:00,tt_grogol,31.0,33.02462
6,2026-08-19 13:00:00+00:00,tt_kebonjeruk,27.0,24.173386
6,2026-08-19 13:00:00+00:00,tt_kelapagading,23.0,32.316616
6,2026-08-19 13:00:00+00:00,tt_kuningan,13.0,20.021135
6,2026-08-19 13:00:00+00:00,tt_sudirman,30.0,30.916672
6,2026-08-19 13:00:00+00:00,tt_tangerang,48.0,40.834694
6,2026-08-19 13:00:00+00:00,tt_tbsimatupang,72.0,47.73174
6,2026-08-19 13:00:00+00:00,tt_thamrin,20.0,20.623453
6,2026-08-19 15:00:00+00:00,tt_bekasi,15.999999,18.599567
6,2026-08-19 15:00:00+00:00,tt_bogor,38.0,37.454987
6,2026-08-19 15:00:00+00:00,tt_bsd,34.0,29.502771
6,2026-08-19 15:00:00+00:00,tt_cawang,32.0,29.079086
6,2026-08-19 15:00:00+00:00,tt_depok,31.0,26.884031
6,2026-08-19 15:00:00+00:00,tt_gatsu,45.0,41.627296
6,2026-08-19 15:00:00+00:00,tt_grogol,40.0,32.742184
6,2026-08-19 15:00:00+00:00,tt_kebonjeruk,31.0,22.74639
6,2026-08-19 15:00:00+00:00,tt_kelapagading,29.0,32.159897
6,2026-08-19 15:00:00+00:00,tt_kuningan,21.0,21.727472
6,2026-08-19 15:00:00+00:00,tt_sudirman,29.0,30.342896
6,2026-08-19 15:00:00+00:00,tt_tangerang,48.0,44.824776
6,2026-08-19 15:00:00+00:00,tt_tbsimatupang,72.0,45.663063
6,2026-08-19 15:00:00+00:00,tt_thamrin,21.0,18.414793
6,2026-08-19 16:00:00+00:00,tt_bekasi,18.0,18.1498
6,2026-08-19 16:00:00+00:00,tt_bogor,45.0,36.605545
6,2026-08-19 16:00:00+00:00,tt_bsd,34.0,30.689156
6,2026-08-19 16:00:00+00:00,tt_cawang,43.0,33.422264
6,2026-08-19 16:00:00+00:00,tt_depok,31.0,26.590324
6,2026-08-19 16:00:00+00:00,tt_gatsu,45.0,40.44214
6,2026-08-19 16:00:00+00:00,tt_grogol,40.0,33.458515
6,2026-08-19 16:00:00+00:00,tt_kebonjeruk,35.0,22.356464
6,2026-08-19 16:00:00+00:00,tt_kelapagading,29.0,31.952879
6,2026-08-19 16:00:00+00:00,tt_kuningan,21.0,21.68654
6,2026-08-19 16:00:00+00:00,tt_sudirman,39.0,29.41264
6,2026-08-19 16:00:00+00:00,tt_tangerang,48.0,44.153694
6,2026-08-19 16:00:00+00:00,tt_tbsimatupang,72.0,43.866325
6,2026-08-19 16:00:00+00:00,tt_thamrin,22.0,18.998016
6,2026-08-19 18:00:00+00:00,tt_bekasi,18.0,18.858055
6,2026-08-19 18:00:00+00:00,tt_bogor,45.0,35.528515
6,2026-08-19 18:00:00+00:00,tt_bsd,34.0,30.089497
6,2026-08-19 18:00:00+00:00,tt_cawang,43.0,39.607906
6,2026-08-19 18:00:00+00:00,tt_depok,31.0,26.615145
6,2026-08-19 18:00:00+00:00,tt_gatsu,45.0,40.126045
6,2026-08-19 18:00:00+00:00,tt_grogol,40.0,35.847927
6,2026-08-19 18:00:00+00:00,tt_kebonjeruk,35.0,23.14589
6,2026-08-19 18:00:00+00:00,tt_kelapagading,29.0,30.583475
6,2026-08-19 18:00:00+00:00,tt_kuningan,21.0,21.127357
6,2026-08-19 18:00:00+00:00,tt_sudirman,39.0,25.371462
6,2026-08-19 18:00:00+00:00,tt_tangerang,44.0,40.580296
6,2026-08-19 18:00:00+00:00,tt_tbsimatupang,72.0,44.036453
6,2026-08-19 18:00:00+00:00,tt_thamrin,22.0,17.975624
6,2026-08-19 20:00:00+00:00,tt_bekasi,18.0,18.973492
6,2026-08-19 20:00:00+00:00,tt_bogor,45.0,37.041046
6,2026-08-19 20:00:00+00:00,tt_bsd,34.0,32.628098
6,2026-08-19 20:00:00+00:00,tt_cawang,43.0,42.696278
6,2026-08-19 20:00:00+00:00,tt_depok,31.0,27.602577
6,2026-08-19 20:00:00+00:00,tt_gatsu,45.0,42.991844
6,2026-08-19 20:00:00+00:00,tt_grogol,40.0,35.210175
6,2026-08-19 20:00:00+00:00,tt_kebonjeruk,35.0,24.970528
6,2026-08-19 20:00:00+00:00,tt_kelapagading,29.0,28.873905
6,2026-08-19 20:00:00+00:00,tt_kuningan,21.0,19.840609
6,2026-08-19 20:00:00+00:00,tt_sudirman,39.0,28.144127
6,2026-08-19 20:00:00+00:00,tt_tangerang,48.0,43.898445
6,2026-08-19 20:00:00+00:00,tt_tbsimatupang,72.0,51.300865
6,2026-08-19 20:00:00+00:00,tt_thamrin,22.0,19.59898
6,2026-08-19 21:00:00+00:00,tt_bekasi,18.0,18.885109
6,2026-08-19 21:00:00+00:00,tt_bogor,45.0,35.70442
6,2026-08-19 21:00:00+00:00,tt_bsd,34.0,32.492664
6,2026-08-19 21:00:00+00:00,tt_cawang,43.0,41.659798
6,2026-08-19 21:00:00+00:00,tt_depok,31.0,27.875458
6,2026-08-19 21:00:00+00:00,tt_gatsu,45.0,42.449093
6,2026-08-19 21:00:00+00:00,tt_grogol,40.0,36.473316
6,2026-08-19 21:00:00+00:00,tt_kebonjeruk,35.0,26.634909
6,2026-08-19 21:00:00+00:00,tt_kelapagading,29.0,29.301529
6,2026-08-19 21:00:00+00:00,tt_kuningan,21.0,20.632977
6,2026-08-19 21:00:00+00:00,tt_sudirman,39.0,28.681875
6,2026-08-19 21:00:00+00:00,tt_tangerang,48.0,44.145668
6,2026-08-19 21:00:00+00:00,tt_tbsimatupang,72.0,52.32452
6,2026-08-19 21:00:00+00:00,tt_thamrin,22.0,20.134218
6,2026-08-19 23:00:00+00:00,tt_bekasi,17.0,19.579666
6,2026-08-19 23:00:00+00:00,tt_bogor,35.0,35.95477
6,2026-08-19 23:00:00+00:00,tt_bsd,34.0,31.78245
6,2026-08-19 23:00:00+00:00,tt_cawang,26.0,40.973404
6,2026-08-19 23:00:00+00:00,tt_depok,31.0,28.716862
6,2026-08-19 23:00:00+00:00,tt_gatsu,45.0,40.180847
6,2026-08-19 23:00:00+00:00,tt_grogol,35.0,36.621788
6,2026-08-19 23:00:00+00:00,tt_kebonjeruk,30.0,29.694511
6,2026-08-19 23:00:00+00:00,tt_kelapagading,29.0,29.75054
6,2026-08-19 23:00:00+00:00,tt_kuningan,21.0,21.93345
6,2026-08-19 23:00:00+00:00,tt_sudirman,39.0,32.9762
6,2026-08-19 23:00:00+00:00,tt_tangerang,48.0,42.980965
6,2026-08-19 23:00:00+00:00,tt_tbsimatupang,72.0,51.886196
6,2026-08-19 23:00:00+00:00,tt_thamrin,20.0,21.04216
6,2026-08-20 01:00:00+00:00,tt_bekasi,18.0,19.557238
6,2026-08-20 01:00:00+00:00,tt_bogor,35.0,35.49165
6,2026-08-20 01:00:00+00:00,tt_bsd,29.0,30.738327
6,2026-08-20 01:00:00+00:00,tt_cawang,14.0,39.628723
6,2026-08-20 01:00:00+00:00,tt_depok,31.0,28.61598
6,2026-08-20 01:00:00+00:00,tt_gatsu,37.0,39.36293
6,2026-08-20 01:00:00+00:00,tt_grogol,30.0,36.21282
6,2026-08-20 01:00:00+00:00,tt_kebonjeruk,26.0,30.454372
6,2026-08-20 01:00:00+00:00,tt_kelapagading,29.0,29.988983
6,2026-08-20 01:00:00+00:00,tt_kuningan,21.0,21.481033
6,2026-08-20 01:00:00+00:00,tt_sudirman,27.0,34.923218
6,2026-08-20 01:00:00+00:00,tt_tangerang,36.0,40.708687
6,2026-08-20 01:00:00+00:00,tt_tbsimatupang,18.0,51.01168
6,2026-08-20 01:00:00+00:00,tt_thamrin,18.0,21.805408
6,2026-08-20 02:00:00+00:00,tt_bekasi,18.0,19.624416
6,2026-08-20 02:00:00+00:00,tt_bogor,40.0,35.26405
6,2026-08-20 02:00:00+00:00,tt_bsd,34.0,30.604935
6,2026-08-20 02:00:00+00:00,tt_cawang,18.0,38.707127
6,2026-08-20 02:00:00+00:00,tt_depok,31.0,28.48379
6,2026-08-20 02:00:00+00:00,tt_gatsu,45.0,39.070175
6,2026-08-20 02:00:00+00:00,tt_grogol,30.0,35.97862
6,2026-08-20 02:00:00+00:00,tt_kebonjeruk,26.0,30.835476
6,2026-08-20 02:00:00+00:00,tt_kelapagading,25.0,30.045444
6,2026-08-20 02:00:00+00:00,tt_kuningan,21.0,21.137959
6,2026-08-20 02:00:00+00:00,tt_sudirman,25.0,35.413193
6,2026-08-20 02:00:00+00:00,tt_tangerang,48.0,40.03855
6,2026-08-20 02:00:00+00:00,tt_tbsimatupang,21.0,50.92012
6,2026-08-20 02:00:00+00:00,tt_thamrin,18.0,22.194653
6,2026-08-20 04:00:00+00:00,tt_bekasi,15.0,19.730309
6,2026-08-20 04:00:00+00:00,tt_bogor,35.0,35.00085
6,2026-08-20 04:00:00+00:00,tt_bsd,34.0,29.958195
6,2026-08-20 04:00:00+00:00,tt_cawang,20.0,36.91036
6,2026-08-20 04:00:00+00:00,tt_depok,27.0,28.211609
6,2026-08-20 04:00:00+00:00,tt_gatsu,45.0,38.62107
6,2026-08-20 04:00:00+00:00,tt_grogol,25.0,35.3014
6,2026-08-20 04:00:00+00:00,tt_kebonjeruk,25.0,31.057083
6,2026-08-20 04:00:00+00:00,tt_kelapagading,22.0,30.21328
6,2026-08-20 04:00:00+00:00,tt_kuningan,21.0,20.650265
6,2026-08-20 04:00:00+00:00,tt_sudirman,26.0,36.189243
6,2026-08-20 04:00:00+00:00,tt_tangerang,48.0,39.549683
6,2026-08-20 04:00:00+00:00,tt_tbsimatupang,45.0,50.83112
6,2026-08-20 04:00:00+00:00,tt_thamrin,13.0,22.474316
6,2026-08-20 06:00:00+00:00,tt_bekasi,15.0,19.021305
6,2026-08-20 06:00:00+00:00,tt_bogor,39.0,32.30542
6,2026-08-20 06:00:00+00:00,tt_bsd,34.0,29.291641
6,2026-08-20 06:00:00+00:00,tt_cawang,28.0,31.812029
6,2026-08-20 06:00:00+00:00,tt_depok,29.0,26.715084
6,2026-08-20 06:00:00+00:00,tt_gatsu,28.0,38.874386
6,2026-08-20 06:00:00+00:00,tt_grogol,29.0,33.314114
6,2026-08-20 06:00:00+00:00,tt_kebonjeruk,25.0,29.13041
6,2026-08-20 06:00:00+00:00,tt_kelapagading,20.0,31.009356
6,2026-08-20 06:00:00+00:00,tt_kuningan,15.999999,19.636578
6,2026-08-20 06:00:00+00:00,tt_sudirman,21.0,37.86125
6,2026-08-20 06:00:00+00:00,tt_tangerang,38.0,40.268513
6,2026-08-20 06:00:00+00:00,tt_tbsimatupang,27.0,52.212288
6,2026-08-20 06:00:00+00:00,tt_thamrin,12.0,22.031103
6,2026-08-20 07:00:00+00:00,tt_bekasi,15.999999,18.958477
6,2026-08-20 07:00:00+00:00,tt_bogor,36.0,31.686121
6,2026-08-20 07:00:00+00:00,tt_bsd,34.0,26.965586
6,2026-08-20 07:00:00+00:00,tt_cawang,21.0,29.036663
6,2026-08-20 07:00:00+00:00,tt_depok,26.0,26.013588
6,2026-08-20 07:00:00+00:00,tt_gatsu,20.0,38.889847
6,2026-08-20 07:00:00+00:00,tt_grogol,29.0,32.33625
6,2026-08-20 07:00:00+00:00,tt_kebonjeruk,22.0,27.960674
6,2026-08-20 07:00:00+00:00,tt_kelapagading,20.0,31.789618
6,2026-08-20 07:00:00+00:00,tt_kuningan,21.0,19.002613
6,2026-08-20 07:00:00+00:00,tt_sudirman,20.0,37.095604
6,2026-08-20 07:00:00+00:00,tt_tangerang,37.0,39.421677
6,2026-08-20 07:00:00+00:00,tt_tbsimatupang,49.0,52.69684
6,2026-08-20 07:00:00+00:00,tt_thamrin,12.0,21.46571
6,2026-08-20 09:00:00+00:00,tt_bekasi,14.0,18.888594
6,2026-08-20 09:00:00+00:00,tt_bogor,34.0,34.891724
6,2026-08-20 09:00:00+00:00,tt_bsd,28.0,28.173605
6,2026-08-20 09:00:00+00:00,tt_cawang,30.0,25.35806
6,2026-08-20 09:00:00+00:00,tt_depok,26.0,26.90243
6,2026-08-20 09:00:00+00:00,tt_gatsu,32.0,42.48842
6,2026-08-20 09:00:00+00:00,tt_grogol,31.0,31.241999
6,2026-08-20 09:00:00+00:00,tt_kebonjeruk,21.0,26.520466
6,2026-08-20 09:00:00+00:00,tt_kelapagading,21.0,31.688875
6,2026-08-20 09:00:00+00:00,tt_kuningan,13.0,19.137283
6,2026-08-20 09:00:00+00:00,tt_sudirman,23.0,35.092533
6,2026-08-20 09:00:00+00:00,tt_tangerang,34.0,41.773582
6,2026-08-20 09:00:00+00:00,tt_tbsimatupang,47.0,46.238853
6,2026-08-20 09:00:00+00:00,tt_thamrin,18.0,20.889648
6,2026-08-20 11:00:00+00:00,tt_bekasi,18.0,18.0124
6,2026-08-20 11:00:00+00:00,tt_bogor,35.0,36.06743
6,2026-08-20 11:00:00+00:00,tt_bsd,34.0,29.806076
6,2026-08-20 11:00:00+00:00,tt_cawang,33.0,24.045189
6,2026-08-20 11:00:00+00:00,tt_depok,26.0,26.638847
6,2026-08-20 11:00:00+00:00,tt_gatsu,7.0,46.191788
6,2026-08-20 11:00:00+00:00,tt_grogol,29.0,29.677189
6,2026-08-20 11:00:00+00:00,tt_kebonjeruk,18.0,25.987799
6,2026-08-20 11:00:00+00:00,tt_kelapagading,21.0,31.149239
6,2026-08-20 11:00:00+00:00,tt_kuningan,15.999999,19.681137
6,2026-08-20 11:00:00+00:00,tt_sudirman,12.0,34.319023
6,2026-08-20 11:00:00+00:00,tt_tangerang,35.0,44.03132
6,2026-08-20 11:00:00+00:00,tt_tbsimatupang,24.0,47.35318
6,2026-08-20 11:00:00+00:00,tt_thamrin,10.0,19.378666
6,2026-08-20 12:00:00+00:00,tt_bekasi,14.0,17.806095
6,2026-08-20 12:00:00+00:00,tt_bogor,37.0,37.285507
6,2026-08-20 12:00:00+00:00,tt_bsd,34.0,29.912746
6,2026-08-20 12:00:00+00:00,tt_cawang,43.0,25.398712
6,2026-08-20 12:00:00+00:00,tt_depok,24.0,26.995285
6,2026-08-20 12:00:00+00:00,tt_gatsu,10.0,46.074142
6,2026-08-20 12:00:00+00:00,tt_grogol,32.0,29.914892
6,2026-08-20 12:00:00+00:00,tt_kebonjeruk,23.0,25.936523
6,2026-08-20 12:00:00+00:00,tt_kelapagading,21.0,30.713877
6,2026-08-20 12:00:00+00:00,tt_kuningan,13.0,19.33089
6,2026-08-20 12:00:00+00:00,tt_sudirman,22.0,33.558983
6,2026-08-20 12:00:00+00:00,tt_tangerang,48.0,43.92229
6,2026-08-20 12:00:00+00:00,tt_tbsimatupang,40.0,46.632187
6,2026-08-20 12:00:00+00:00,tt_thamrin,9.0,18.732624
6,2026-08-20 14:00:00+00:00,tt_bekasi,18.0,18.290375
6,2026-08-20 14:00:00+00:00,tt_bogor,38.0,37.868553
6,2026-08-20 14:00:00+00:00,tt_bsd,27.0,30.715347
6,2026-08-20 14:00:00+00:00,tt_cawang,32.0,24.714216
6,2026-08-20 14:00:00+00:00,tt_depok,31.0,26.967648
6,2026-08-20 14:00:00+00:00,tt_gatsu,45.0,42.721634
6,2026-08-20 14:00:00+00:00,tt_grogol,40.0,30.95599
6,2026-08-20 14:00:00+00:00,tt_kebonjeruk,28.0,25.211706
6,2026-08-20 14:00:00+00:00,tt_kelapagading,29.0,30.212725
6,2026-08-20 14:00:00+00:00,tt_kuningan,15.999999,20.850636
6,2026-08-20 14:00:00+00:00,tt_sudirman,39.0,32.08403
6,2026-08-20 14:00:00+00:00,tt_tangerang,48.0,43.201286
6,2026-08-20 14:00:00+00:00,tt_tbsimatupang,59.0,49.025192
6,2026-08-20 14:00:00+00:00,tt_thamrin,13.0,17.825188
6,2026-08-20 16:00:00+00:00,tt_bekasi,15.0,17.842016
6,2026-08-20 16:00:00+00:00,tt_bogor,45.0,36.927677
6,2026-08-20 16:00:00+00:00,tt_bsd,34.0,28.995802
6,2026-08-20 16:00:00+00:00,tt_cawang,43.0,27.332747
6,2026-08-20 16:00:00+00:00,tt_depok,31.0,27.037851
6,2026-08-20 16:00:00+00:00,tt_gatsu,45.0,42.686977
6,2026-08-20 16:00:00+00:00,tt_grogol,40.0,32.585487
6,2026-08-20 16:00:00+00:00,tt_kebonjeruk,35.0,24.462616
6,2026-08-20 16:00:00+00:00,tt_kelapagading,29.0,29.89294
6,2026-08-20 16:00:00+00:00,tt_kuningan,21.0,19.91587
6,2026-08-20 16:00:00+00:00,tt_sudirman,39.0,31.393415
6,2026-08-20 16:00:00+00:00,tt_tangerang,48.0,42.199627
6,2026-08-20 16:00:00+00:00,tt_tbsimatupang,72.0,50.339836
6,2026-08-20 16:00:00+00:00,tt_thamrin,22.0,19.216265
6,2026-08-20 17:00:00+00:00,tt_bekasi,18.0,18.453533
6,2026-08-20 17:00:00+00:00,tt_bogor,45.0,37.01195
6,2026-08-20 17:00:00+00:00,tt_bsd,34.0,30.246096
6,2026-08-20 17:00:00+00:00,tt_cawang,43.0,30.569014
6,2026-08-20 17:00:00+00:00,tt_depok,31.0,26.790339
6,2026-08-20 17:00:00+00:00,tt_gatsu,45.0,41.20654
6,2026-08-20 17:00:00+00:00,tt_grogol,40.0,33.175095
6,2026-08-20 17:00:00+00:00,tt_kebonjeruk,35.0,23.9352
6,2026-08-20 17:00:00+00:00,tt_kelapagading,29.0,29.585203
6,2026-08-20 17:00:00+00:00,tt_kuningan,21.0,20.205719
6,2026-08-20 17:00:00+00:00,tt_sudirman,39.0,29.060387
6,2026-08-20 17:00:00+00:00,tt_tangerang,48.0,41.808544
6,2026-08-20 17:00:00+00:00,tt_tbsimatupang,72.0,48.36818
6,2026-08-20 17:00:00+00:00,tt_thamrin,22.0,18.592714
6,2026-08-20 19:00:00+00:00,tt_bekasi,18.0,18.131187
6,2026-08-20 19:00:00+00:00,tt_bogor,45.0,36.90818
6,2026-08-20 19:00:00+00:00,tt_bsd,34.0,31.77299
6,2026-08-20 19:00:00+00:00,tt_cawang,43.0,39.22964
6,2026-08-20 19:00:00+00:00,tt_depok,31.0,25.861195
6,2026-08-20 19:00:00+00:00,tt_gatsu,45.0,35.063168
6,2026-08-20 19:00:00+00:00,tt_grogol,40.0,34.45603
6,2026-08-20 19:00:00+00:00,tt_kebonjeruk,35.0,24.110958
6,2026-08-20 19:00:00+00:00,tt_kelapagading,29.0,28.447634
6,2026-08-20 19:00:00+00:00,tt_kuningan,21.0,19.407642
6,2026-08-20 19:00:00+00:00,tt_sudirman,39.0,28.076546
6,2026-08-20 19:00:00+00:00,tt_tangerang,48.0,44.592144
6,2026-08-20 19:00:00+00:00,tt_tbsimatupang,72.0,46.21856
6,2026-08-20 19:00:00+00:00,tt_thamrin,22.0,17.11336
6,2026-08-20 21:00:00+00:00,tt_bekasi,18.0,18.973671
6,2026-08-20 21:00:00+00:00,tt_bogor,45.0,35.6558
6,2026-08-20 21:00:00+00:00,tt_bsd,34.0,30.020124
6,2026-08-20 21:00:00+00:00,tt_cawang,43.0,39.19603
6,2026-08-20 21:00:00+00:00,tt_depok,31.0,27.766663
6,2026-08-20 21:00:00+00:00,tt_gatsu,45.0,38.78349
6,2026-08-20 21:00:00+00:00,tt_grogol,40.0,37.420666
6,2026-08-20 21:00:00+00:00,tt_kebonjeruk,35.0,25.749088
6,2026-08-20 21:00:00+00:00,tt_kelapagading,29.0,30.073795
6,2026-08-20 21:00:00+00:00,tt_kuningan,21.0,19.653322
6,2026-08-20 21:00:00+00:00,tt_sudirman,39.0,34.692825
6,2026-08-20 21:00:00+00:00,tt_tangerang,48.0,44.84842
6,2026-08-20 21:00:00+00:00,tt_tbsimatupang,72.0,51.074112
6,2026-08-20 21:00:00+00:00,tt_thamrin,22.0,16.92332
6,2026-08-20 22:00:00+00:00,tt_bekasi,18.0,19.003895
6,2026-08-20 22:00:00+00:00,tt_bogor,45.0,36.772694
6,2026-08-20 22:00:00+00:00,tt_bsd,34.0,31.542809
6,2026-08-20 22:00:00+00:00,tt_cawang,43.0,39.90375
6,2026-08-20 22:00:00+00:00,tt_depok,31.0,29.313713
6,2026-08-20 22:00:00+00:00,tt_gatsu,45.0,38.830032
6,2026-08-20 22:00:00+00:00,tt_grogol,40.0,37.746376
6,2026-08-20 22:00:00+00:00,tt_kebonjeruk,35.0,28.29504
6,2026-08-20 22:00:00+00:00,tt_kelapagading,29.0,30.444603
6,2026-08-20 22:00:00+00:00,tt_kuningan,21.0,21.29953
6,2026-08-20 22:00:00+00:00,tt_sudirman,39.0,36.22844
6,2026-08-20 22:00:00+00:00,tt_tangerang,48.0,44.041847
6,2026-08-20 22:00:00+00:00,tt_tbsimatupang,72.0,51.87234
6,2026-08-20 22:00:00+00:00,tt_thamrin,22.0,18.291279
6,2026-08-21 00:00:00+00:00,tt_bekasi,18.0,19.746784
6,2026-08-21 00:00:00+00:00,tt_bogor,35.0,36.264305
6,2026-08-21 00:00:00+00:00,tt_bsd,29.0,31.25348
6,2026-08-21 00:00:00+00:00,tt_cawang,18.0,39.272804
6,2026-08-21 00:00:00+00:00,tt_depok,25.0,29.449455
6,2026-08-21 00:00:00+00:00,tt_gatsu,45.0,38.22565
6,2026-08-21 00:00:00+00:00,tt_grogol,34.0,37.124077
6,2026-08-21 00:00:00+00:00,tt_kebonjeruk,25.0,29.995636
6,2026-08-21 00:00:00+00:00,tt_kelapagading,26.0,30.745602
6,2026-08-21 00:00:00+00:00,tt_kuningan,21.0,21.968597
6,2026-08-21 00:00:00+00:00,tt_sudirman,31.0,37.37397
6,2026-08-21 00:00:00+00:00,tt_tangerang,37.0,42.36958
6,2026-08-21 00:00:00+00:00,tt_tbsimatupang,32.0,51.938797
6,2026-08-21 00:00:00+00:00,tt_thamrin,22.0,20.07423
6,2026-08-21 02:00:00+00:00,tt_bekasi,17.0,19.735603
6,2026-08-21 02:00:00+00:00,tt_bogor,37.0,35.670216
6,2026-08-21 02:00:00+00:00,tt_bsd,28.0,30.619188
6,2026-08-21 02:00:00+00:00,tt_cawang,19.0,38.258095
6,2026-08-21 02:00:00+00:00,tt_depok,26.0,29.082668
6,2026-08-21 02:00:00+00:00,tt_gatsu,45.0,38.493774
6,2026-08-21 02:00:00+00:00,tt_grogol,31.0,36.10977
6,2026-08-21 02:00:00+00:00,tt_kebonjeruk,26.0,30.586033
6,2026-08-21 02:00:00+00:00,tt_kelapagading,29.0,30.793747
6,2026-08-21 02:00:00+00:00,tt_kuningan,21.0,21.479326
6,2026-08-21 02:00:00+00:00,tt_sudirman,23.0,37.664257
6,2026-08-21 02:00:00+00:00,tt_tangerang,37.0,41.226383
6,2026-08-21 02:00:00+00:00,tt_tbsimatupang,37.0,51.010025
6,2026-08-21 02:00:00+00:00,tt_thamrin,22.0,21.103085
6,2026-08-21 03:00:00+00:00,tt_bekasi,15.0,19.861813
6,2026-08-21 03:00:00+00:00,tt_bogor,38.0,35.486076
6,2026-08-21 03:00:00+00:00,tt_bsd,34.0,30.356596
6,2026-08-21 03:00:00+00:00,tt_cawang,21.0,37.62215
6,2026-08-21 03:00:00+00:00,tt_depok,31.0,28.884233
6,2026-08-21 03:00:00+00:00,tt_gatsu,45.0,38.193443
6,2026-08-21 03:00:00+00:00,tt_grogol,27.0,35.64634
6,2026-08-21 03:00:00+00:00,tt_kebonjeruk,24.0,30.717943
6,2026-08-21 03:00:00+00:00,tt_kelapagading,23.0,30.858423
6,2026-08-21 03:00:00+00:00,tt_kuningan,15.999999,21.413563
6,2026-08-21 03:00:00+00:00,tt_sudirman,28.0,37.717735
6,2026-08-21 03:00:00+00:00,tt_tangerang,48.0,40.84075
6,2026-08-21 03:00:00+00:00,tt_tbsimatupang,48.0,50.73025
6,2026-08-21 03:00:00+00:00,tt_thamrin,15.999999,21.26004
6,2026-08-21 05:00:00+00:00,tt_bekasi,15.999999,19.729767
6,2026-08-21 05:00:00+00:00,tt_bogor,45.0,35.10002
6,2026-08-21 05:00:00+00:00,tt_bsd,34.0,29.7302
6,2026-08-21 05:00:00+00:00,tt_cawang,43.0,36.428078
6,2026-08-21 05:00:00+00:00,tt_depok,31.0,28.44808
6,2026-08-21 05:00:00+00:00,tt_gatsu,45.0,38.05462
6,2026-08-21 05:00:00+00:00,tt_grogol,32.0,34.91267
6,2026-08-21 05:00:00+00:00,tt_kebonjeruk,27.0,30.808146
6,2026-08-21 05:00:00+00:00,tt_kelapagading,23.0,30.857624
6,2026-08-21 05:00:00+00:00,tt_kuningan,21.0,20.902763
6,2026-08-21 05:00:00+00:00,tt_sudirman,34.0,37.815926
6,2026-08-21 05:00:00+00:00,tt_tangerang,48.0,40.267803
6,2026-08-21 05:00:00+00:00,tt_tbsimatupang,72.0,50.616135
6,2026-08-21 05:00:00+00:00,tt_thamrin,21.0,21.648266
6,2026-08-21 07:00:00+00:00,tt_bekasi,14.0,19.129124
6,2026-08-21 07:00:00+00:00,tt_bogor,35.0,33.12325
6,2026-08-21 07:00:00+00:00,tt_bsd,34.0,25.879791
6,2026-08-21 07:00:00+00:00,tt_cawang,28.0,30.062557
6,2026-08-21 07:00:00+00:00,tt_depok,25.0,24.021076
6,2026-08-21 07:00:00+00:00,tt_gatsu,36.0,40.535706
6,2026-08-21 07:00:00+00:00,tt_grogol,28.0,33.943314
6,2026-08-21 07:00:00+00:00,tt_kebonjeruk,21.0,27.54675
6,2026-08-21 07:00:00+00:00,tt_kelapagading,20.0,30.759583
6,2026-08-21 07:00:00+00:00,tt_kuningan,21.0,18.82864
6,2026-08-21 07:00:00+00:00,tt_sudirman,18.0,36.214443
6,2026-08-21 07:00:00+00:00,tt_tangerang,39.0,38.62702
6,2026-08-21 07:00:00+00:00,tt_tbsimatupang,52.0,48.090473
6,2026-08-21 07:00:00+00:00,tt_thamrin,18.0,22.391596
6,2026-08-21 08:00:00+00:00,tt_bekasi,15.999999,18.8474
6,2026-08-21 08:00:00+00:00,tt_bogor,34.0,33.99799
6,2026-08-21 08:00:00+00:00,tt_bsd,34.0,25.409481
6,2026-08-21 08:00:00+00:00,tt_cawang,31.0,28.176167
6,2026-08-21 08:00:00+00:00,tt_depok,25.0,23.498924
6,2026-08-21 08:00:00+00:00,tt_gatsu,35.0,42.187805
6,2026-08-21 08:00:00+00:00,tt_grogol,29.0,33.435776
6,2026-08-21 08:00:00+00:00,tt_kebonjeruk,24.0,26.986773
6,2026-08-21 08:00:00+00:00,tt_kelapagading,21.0,31.348555
6,2026-08-21 08:00:00+00:00,tt_kuningan,17.0,18.675972
6,2026-08-21 08:00:00+00:00,tt_sudirman,24.0,34.544132
6,2026-08-21 08:00:00+00:00,tt_tangerang,40.0,38.52144
6,2026-08-21 08:00:00+00:00,tt_tbsimatupang,38.0,46.640945
6,2026-08-21 08:00:00+00:00,tt_thamrin,10.0,22.764666
6,2026-08-21 10:00:00+00:00,tt_bekasi,15.0,17.893833
6,2026-08-21 10:00:00+00:00,tt_bogor,32.0,35.5528
6,2026-08-21 10:00:00+00:00,tt_bsd,34.0,28.650505
6,2026-08-21 10:00:00+00:00,tt_cawang,22.0,26.407259
6,2026-08-21 10:00:00+00:00,tt_depok,24.0,25.951342
6,2026-08-21 10:00:00+00:00,tt_gatsu,34.0,45.494392
6,2026-08-21 10:00:00+00:00,tt_grogol,32.0,31.745754
6,2026-08-21 10:00:00+00:00,tt_kebonjeruk,20.0,25.824612
6,2026-08-21 10:00:00+00:00,tt_kelapagading,19.0,30.704727
6,2026-08-21 10:00:00+00:00,tt_kuningan,13.0,17.6496
6,2026-08-21 10:00:00+00:00,tt_sudirman,22.0,33.68692
6,2026-08-21 10:00:00+00:00,tt_tangerang,29.0,42.41603
6,2026-08-21 10:00:00+00:00,tt_tbsimatupang,27.0,47.880974
6,2026-08-21 10:00:00+00:00,tt_thamrin,19.0,21.688175
6,2026-08-21 12:00:00+00:00,tt_bekasi,13.0,17.89071
6,2026-08-21 12:00:00+00:00,tt_bogor,32.0,37.896343
6,2026-08-21 12:00:00+00:00,tt_bsd,34.0,30.509178
6,2026-08-21 12:00:00+00:00,tt_cawang,34.0,33.196686
6,2026-08-21 12:00:00+00:00,tt_depok,26.0,29.488707
6,2026-08-21 12:00:00+00:00,tt_gatsu,15.0,45.657814
6,2026-08-21 12:00:00+00:00,tt_grogol,32.0,32.33884
6,2026-08-21 12:00:00+00:00,tt_kebonjeruk,19.0,26.36879
6,2026-08-21 12:00:00+00:00,tt_kelapagading,18.0,29.704428
6,2026-08-21 12:00:00+00:00,tt_kuningan,13.0,20.3166
6,2026-08-21 12:00:00+00:00,tt_sudirman,18.0,35.418564
6,2026-08-21 12:00:00+00:00,tt_tangerang,32.0,44.149254
6,2026-08-21 12:00:00+00:00,tt_tbsimatupang,27.0,51.275833
6,2026-08-21 12:00:00+00:00,tt_thamrin,9.0,22.312164
6,2026-08-21 13:00:00+00:00,tt_bekasi,18.0,17.504208
6,2026-08-21 13:00:00+00:00,tt_bogor,45.0,36.231033
6,2026-08-21 13:00:00+00:00,tt_bsd,34.0,29.586308
6,2026-08-21 13:00:00+00:00,tt_cawang,32.0,32.22483
6,2026-08-21 13:00:00+00:00,tt_depok,25.0,27.12859
6,2026-08-21 13:00:00+00:00,tt_gatsu,45.0,44.969902
6,2026-08-21 13:00:00+00:00,tt_grogol,40.0,31.910284
6,2026-08-21 13:00:00+00:00,tt_kebonjeruk,25.0,25.47504
6,2026-08-21 13:00:00+00:00,tt_kelapagading,21.0,29.078945
6,2026-08-21 13:00:00+00:00,tt_kuningan,21.0,19.676105
6,2026-08-21 13:00:00+00:00,tt_sudirman,31.0,33.988846
6,2026-08-21 13:00:00+00:00,tt_tangerang,48.0,43.90373
6,2026-08-21 13:00:00+00:00,tt_tbsimatupang,72.0,51.684788
6,2026-08-21 13:00:00+00:00,tt_thamrin,15.999999,22.205431
