horizon,target_time,corridor,y_true,fixed_stgnn_pred
1,2026-08-18 02:00:00+00:00,tt_bekasi,15.999999,15.583305
1,2026-08-18 02:00:00+00:00,tt_bogor,36.0,32.649773
1,2026-08-18 02:00:00+00:00,tt_bsd,34.0,31.928186
1,2026-08-18 02:00:00+00:00,tt_cawang,21.0,22.970024
1,2026-08-18 02:00:00+00:00,tt_depok,31.0,26.232826
1,2026-08-18 02:00:00+00:00,tt_gatsu,33.0,41.772274
1,2026-08-18 02:00:00+00:00,tt_grogol,26.0,27.043522
1,2026-08-18 02:00:00+00:00,tt_kebonjeruk,26.0,27.399303
1,2026-08-18 02:00:00+00:00,tt_kelapagading,29.0,28.138681
1,2026-08-18 02:00:00+00:00,tt_kuningan,21.0,19.914165
1,2026-08-18 02:00:00+00:00,tt_sudirman,23.0,32.996735
1,2026-08-18 02:00:00+00:00,tt_tangerang,48.0,37.46804
1,2026-08-18 02:00:00+00:00,tt_tbsimatupang,15.999999,36.893593
1,2026-08-18 02:00:00+00:00,tt_thamrin,17.0,18.973675
1,2026-08-18 04:00:00+00:00,tt_bekasi,15.0,15.18606
1,2026-08-18 04:00:00+00:00,tt_bogor,33.0,33.849224
1,2026-08-18 04:00:00+00:00,tt_bsd,28.0,32.18613
1,2026-08-18 04:00:00+00:00,tt_cawang,22.0,21.886448
1,2026-08-18 04:00:00+00:00,tt_depok,31.0,28.59623
1,2026-08-18 04:00:00+00:00,tt_gatsu,32.0,34.223312
1,2026-08-18 04:00:00+00:00,tt_grogol,27.0,26.588581
1,2026-08-18 04:00:00+00:00,tt_kebonjeruk,25.0,26.028194
1,2026-08-18 04:00:00+00:00,tt_kelapagading,29.0,28.223309
1,2026-08-18 04:00:00+00:00,tt_kuningan,15.999999,19.138893
1,2026-08-18 04:00:00+00:00,tt_sudirman,24.0,26.14992
1,2026-08-18 04:00:00+00:00,tt_tangerang,36.0,44.79708
1,2026-08-18 04:00:00+00:00,tt_tbsimatupang,55.0,27.69804
1,2026-08-18 04:00:00+00:00,tt_thamrin,18.0,17.144821
1,2026-08-18 05:00:00+00:00,tt_bekasi,15.0,14.858459
1,2026-08-18 05:00:00+00:00,tt_bogor,38.0,34.058674
1,2026-08-18 05:00:00+00:00,tt_bsd,28.0,30.130854
1,2026-08-18 05:00:00+00:00,tt_cawang,28.0,23.09302
1,2026-08-18 05:00:00+00:00,tt_depok,26.0,30.593931
1,2026-08-18 05:00:00+00:00,tt_gatsu,45.0,34.6236
1,2026-08-18 05:00:00+00:00,tt_grogol,36.0,26.496399
1,2026-08-18 05:00:00+00:00,tt_kebonjeruk,22.0,24.893515
1,2026-08-18 05:00:00+00:00,tt_kelapagading,22.0,28.676659
1,2026-08-18 05:00:00+00:00,tt_kuningan,21.0,18.352993
1,2026-08-18 05:00:00+00:00,tt_sudirman,31.0,25.848179
1,2026-08-18 05:00:00+00:00,tt_tangerang,41.0,39.809113
1,2026-08-18 05:00:00+00:00,tt_tbsimatupang,51.0,45.9313
1,2026-08-18 05:00:00+00:00,tt_thamrin,20.0,17.390001
1,2026-08-18 07:00:00+00:00,tt_bekasi,15.0,15.319603
1,2026-08-18 07:00:00+00:00,tt_bogor,34.0,37.169933
1,2026-08-18 07:00:00+00:00,tt_bsd,30.0,28.573381
1,2026-08-18 07:00:00+00:00,tt_cawang,43.0,27.977606
1,2026-08-18 07:00:00+00:00,tt_depok,31.0,27.918055
1,2026-08-18 07:00:00+00:00,tt_gatsu,45.0,44.90446
1,2026-08-18 07:00:00+00:00,tt_grogol,32.0,34.547638
1,2026-08-18 07:00:00+00:00,tt_kebonjeruk,25.0,23.458374
1,2026-08-18 07:00:00+00:00,tt_kelapagading,22.0,25.35198
1,2026-08-18 07:00:00+00:00,tt_kuningan,15.0,21.680157
1,2026-08-18 07:00:00+00:00,tt_sudirman,28.0,31.345903
1,2026-08-18 07:00:00+00:00,tt_tangerang,38.0,40.769173
1,2026-08-18 07:00:00+00:00,tt_tbsimatupang,57.0,52.67569
1,2026-08-18 07:00:00+00:00,tt_thamrin,22.0,19.62035
1,2026-08-18 09:00:00+00:00,tt_bekasi,14.0,15.904564
1,2026-08-18 09:00:00+00:00,tt_bogor,35.0,34.934486
1,2026-08-18 09:00:00+00:00,tt_bsd,28.0,29.890736
1,2026-08-18 09:00:00+00:00,tt_cawang,29.0,40.49724
1,2026-08-18 09:00:00+00:00,tt_depok,24.0,30.96857
1,2026-08-18 09:00:00+00:00,tt_gatsu,45.0,46.05145
1,2026-08-18 09:00:00+00:00,tt_grogol,32.0,32.666996
1,2026-08-18 09:00:00+00:00,tt_kebonjeruk,23.0,24.818787
1,2026-08-18 09:00:00+00:00,tt_kelapagading,23.0,25.090652
1,2026-08-18 09:00:00+00:00,tt_kuningan,21.0,18.113106
1,2026-08-18 09:00:00+00:00,tt_sudirman,31.0,29.912933
1,2026-08-18 09:00:00+00:00,tt_tangerang,38.0,38.92319
1,2026-08-18 09:00:00+00:00,tt_tbsimatupang,43.0,55.838875
1,2026-08-18 09:00:00+00:00,tt_thamrin,22.0,21.237316
1,2026-08-18 10:00:00+00:00,tt_bekasi,14.0,14.963457
1,2026-08-18 10:00:00+00:00,tt_bogor,35.0,34.411156
1,2026-08-18 10:00:00+00:00,tt_bsd,34.0,28.668133
1,2026-08-18 10:00:00+00:00,tt_cawang,30.0,34.993893
1,2026-08-18 10:00:00+00:00,tt_depok,25.0,27.501413
1,2026-08-18 10:00:00+00:00,tt_gatsu,3.999998,45.422073
1,2026-08-18 10:00:00+00:00,tt_grogol,31.0,32.278633
1,2026-08-18 10:00:00+00:00,tt_kebonjeruk,21.0,24.030918
1,2026-08-18 10:00:00+00:00,tt_kelapagading,21.0,24.932566
1,2026-08-18 10:00:00+00:00,tt_kuningan,14.0,19.775372
1,2026-08-18 10:00:00+00:00,tt_sudirman,23.0,30.731585
1,2026-08-18 10:00:00+00:00,tt_tangerang,34.0,38.56349
1,2026-08-18 10:00:00+00:00,tt_tbsimatupang,44.0,48.36866
1,2026-08-18 10:00:00+00:00,tt_thamrin,22.0,21.898418
1,2026-08-18 12:00:00+00:00,tt_bekasi,14.0,12.977486
1,2026-08-18 12:00:00+00:00,tt_bogor,35.0,34.147556
1,2026-08-18 12:00:00+00:00,tt_bsd,34.0,32.1931
1,2026-08-18 12:00:00+00:00,tt_cawang,34.0,30.729322
1,2026-08-18 12:00:00+00:00,tt_depok,26.0,25.799156
1,2026-08-18 12:00:00+00:00,tt_gatsu,45.0,24.687391
1,2026-08-18 12:00:00+00:00,tt_grogol,32.0,30.793442
1,2026-08-18 12:00:00+00:00,tt_kebonjeruk,25.0,21.860378
1,2026-08-18 12:00:00+00:00,tt_kelapagading,22.0,23.279325
1,2026-08-18 12:00:00+00:00,tt_kuningan,13.0,14.671061
1,2026-08-18 12:00:00+00:00,tt_sudirman,29.0,24.007835
1,2026-08-18 12:00:00+00:00,tt_tangerang,48.0,35.66556
1,2026-08-18 12:00:00+00:00,tt_tbsimatupang,72.0,44.00889
1,2026-08-18 12:00:00+00:00,tt_thamrin,17.0,21.754242
1,2026-08-18 14:00:00+00:00,tt_bekasi,15.999999,15.271812
1,2026-08-18 14:00:00+00:00,tt_bogor,45.0,34.320076
1,2026-08-18 14:00:00+00:00,tt_bsd,34.0,33.93801
1,2026-08-18 14:00:00+00:00,tt_cawang,32.0,35.973198
1,2026-08-18 14:00:00+00:00,tt_depok,26.0,27.175379
1,2026-08-18 14:00:00+00:00,tt_gatsu,45.0,47.138435
1,2026-08-18 14:00:00+00:00,tt_grogol,40.0,32.293484
1,2026-08-18 14:00:00+00:00,tt_kebonjeruk,31.0,24.941433
1,2026-08-18 14:00:00+00:00,tt_kelapagading,29.0,23.505548
1,2026-08-18 14:00:00+00:00,tt_kuningan,15.999999,15.812004
1,2026-08-18 14:00:00+00:00,tt_sudirman,30.0,28.883232
1,2026-08-18 14:00:00+00:00,tt_tangerang,48.0,45.860504
1,2026-08-18 14:00:00+00:00,tt_tbsimatupang,72.0,64.77862
1,2026-08-18 14:00:00+00:00,tt_thamrin,22.0,19.28016
1,2026-08-18 15:00:00+00:00,tt_bekasi,15.999999,16.446548
1,2026-08-18 15:00:00+00:00,tt_bogor,45.0,39.067177
1,2026-08-18 15:00:00+00:00,tt_bsd,34.0,34.00456
1,2026-08-18 15:00:00+00:00,tt_cawang,43.0,35.475662
1,2026-08-18 15:00:00+00:00,tt_depok,31.0,27.137135
1,2026-08-18 15:00:00+00:00,tt_gatsu,45.0,48.091076
1,2026-08-18 15:00:00+00:00,tt_grogol,40.0,36.5425
1,2026-08-18 15:00:00+00:00,tt_kebonjeruk,35.0,28.697582
1,2026-08-18 15:00:00+00:00,tt_kelapagading,29.0,26.856022
1,2026-08-18 15:00:00+00:00,tt_kuningan,21.0,16.861792
1,2026-08-18 15:00:00+00:00,tt_sudirman,39.0,30.726765
1,2026-08-18 15:00:00+00:00,tt_tangerang,48.0,47.2763
1,2026-08-18 15:00:00+00:00,tt_tbsimatupang,72.0,65.761795
1,2026-08-18 15:00:00+00:00,tt_thamrin,22.0,22.16676
1,2026-08-18 17:00:00+00:00,tt_bekasi,17.0,17.045998
1,2026-08-18 17:00:00+00:00,tt_bogor,45.0,42.324112
1,2026-08-18 17:00:00+00:00,tt_bsd,34.0,33.72571
1,2026-08-18 17:00:00+00:00,tt_cawang,43.0,41.831726
1,2026-08-18 17:00:00+00:00,tt_depok,31.0,30.834862
1,2026-08-18 17:00:00+00:00,tt_gatsu,45.0,46.78803
1,2026-08-18 17:00:00+00:00,tt_grogol,40.0,39.3341
1,2026-08-18 17:00:00+00:00,tt_kebonjeruk,35.0,33.34334
1,2026-08-18 17:00:00+00:00,tt_kelapagading,29.0,29.259996
1,2026-08-18 17:00:00+00:00,tt_kuningan,21.0,21.098738
1,2026-08-18 17:00:00+00:00,tt_sudirman,39.0,38.139206
1,2026-08-18 17:00:00+00:00,tt_tangerang,48.0,46.815533
1,2026-08-18 17:00:00+00:00,tt_tbsimatupang,72.0,64.87358
1,2026-08-18 17:00:00+00:00,tt_thamrin,22.0,23.77159
1,2026-08-18 19:00:00+00:00,tt_bekasi,17.0,17.474306
1,2026-08-18 19:00:00+00:00,tt_bogor,45.0,41.92141
1,2026-08-18 19:00:00+00:00,tt_bsd,34.0,33.392727
1,2026-08-18 19:00:00+00:00,tt_cawang,43.0,41.982327
1,2026-08-18 19:00:00+00:00,tt_depok,31.0,31.461891
1,2026-08-18 19:00:00+00:00,tt_gatsu,45.0,44.968414
1,2026-08-18 19:00:00+00:00,tt_grogol,40.0,38.88204
1,2026-08-18 19:00:00+00:00,tt_kebonjeruk,35.0,33.859955
1,2026-08-18 19:00:00+00:00,tt_kelapagading,29.0,29.258528
1,2026-08-18 19:00:00+00:00,tt_kuningan,21.0,21.777525
1,2026-08-18 19:00:00+00:00,tt_sudirman,39.0,38.627815
1,2026-08-18 19:00:00+00:00,tt_tangerang,48.0,45.867123
1,2026-08-18 19:00:00+00:00,tt_tbsimatupang,72.0,63.393875
1,2026-08-18 19:00:00+00:00,tt_thamrin,22.0,23.220976
1,2026-08-18 20:00:00+00:00,tt_bekasi,17.0,17.499931
1,2026-08-18 20:00:00+00:00,tt_bogor,45.0,41.656506
1,2026-08-18 20:00:00+00:00,tt_bsd,34.0,33.279972
1,2026-08-18 20:00:00+00:00,tt_cawang,43.0,41.505898
1,2026-08-18 20:00:00+00:00,tt_depok,31.0,31.418203
1,2026-08-18 20:00:00+00:00,tt_gatsu,45.0,44.311554
1,2026-08-18 20:00:00+00:00,tt_grogol,40.0,38.606987
1,2026-08-18 20:00:00+00:00,tt_kebonjeruk,35.0,33.765278
1,2026-08-18 20:00:00+00:00,tt_kelapagading,29.0,29.163702
1,2026-08-18 20:00:00+00:00,tt_kuningan,21.0,21.85447
1,2026-08-18 20:00:00+00:00,tt_sudirman,39.0,38.430798
1,2026-08-18 20:00:00+00:00,tt_tangerang,48.0,45.563663
1,2026-08-18 20:00:00+00:00,tt_tbsimatupang,72.0,62.901226
1,2026-08-18 20:00:00+00:00,tt_thamrin,22.0,22.913513
1,2026-08-18 22:00:00+00:00,tt_bekasi,17.0,17.478897
1,2026-08-18 22:00:00+00:00,tt_bogor,45.0,41.312317
1,2026-08-18 22:00:00+00:00,tt_bsd,34.0,33.13683
1,2026-08-18 22:00:00+00:00,tt_cawang,43.0,40.88151
1,2026-08-18 22:00:00+00:00,tt_depok,31.0,31.2833
1,2026-08-18 22:00:00+00:00,tt_gatsu,45.0,43.24808
1,2026-08-18 22:00:00+00:00,tt_grogol,40.0,38.247242
1,2026-08-18 22:00:00+00:00,tt_kebonjeruk,35.0,33.600353
1,2026-08-18 22:00:00+00:00,tt_kelapagading,29.0,29.043762
1,2026-08-18 22:00:00+00:00,tt_kuningan,21.0,21.98756
1,2026-08-18 22:00:00+00:00,tt_sudirman,39.0,38.123634
1,2026-08-18 22:00:00+00:00,tt_tangerang,48.0,45.171963
1,2026-08-18 22:00:00+00:00,tt_tbsimatupang,72.0,62.21514
1,2026-08-18 22:00:00+00:00,tt_thamrin,22.0,22.500183
1,2026-08-19 00:00:00+00:00,tt_bekasi,15.0,17.026255
1,2026-08-19 00:00:00+00:00,tt_bogor,35.0,41.147507
1,2026-08-19 00:00:00+00:00,tt_bsd,29.0,33.03499
1,2026-08-19 00:00:00+00:00,tt_cawang,20.0,40.54475
1,2026-08-19 00:00:00+00:00,tt_depok,31.0,31.211973
1,2026-08-19 00:00:00+00:00,tt_gatsu,45.0,42.66365
1,2026-08-19 00:00:00+00:00,tt_grogol,40.0,38.04148
1,2026-08-19 00:00:00+00:00,tt_kebonjeruk,27.0,33.49634
1,2026-08-19 00:00:00+00:00,tt_kelapagading,29.0,28.946123
1,2026-08-19 00:00:00+00:00,tt_kuningan,21.0,21.91378
1,2026-08-19 00:00:00+00:00,tt_sudirman,39.0,37.930813
1,2026-08-19 00:00:00+00:00,tt_tangerang,48.0,44.97789
1,2026-08-19 00:00:00+00:00,tt_tbsimatupang,39.0,61.793686
1,2026-08-19 00:00:00+00:00,tt_thamrin,19.0,22.18185
1,2026-08-19 01:00:00+00:00,tt_bekasi,15.999999,15.38872
1,2026-08-19 01:00:00+00:00,tt_bogor,37.0,35.86018
1,2026-08-19 01:00:00+00:00,tt_bsd,34.0,30.408354
1,2026-08-19 01:00:00+00:00,tt_cawang,13.0,29.764479
1,2026-08-19 01:00:00+00:00,tt_depok,27.0,29.904316
1,2026-08-19 01:00:00+00:00,tt_gatsu,13.0,41.541103
1,2026-08-19 01:00:00+00:00,tt_grogol,32.0,37.870502
1,2026-08-19 01:00:00+00:00,tt_kebonjeruk,25.0,29.902054
1,2026-08-19 01:00:00+00:00,tt_kelapagading,29.0,28.009956
1,2026-08-19 01:00:00+00:00,tt_kuningan,21.0,20.686897
1,2026-08-19 01:00:00+00:00,tt_sudirman,22.0,37.480602
1,2026-08-19 01:00:00+00:00,tt_tangerang,39.0,44.662727
1,2026-08-19 01:00:00+00:00,tt_tbsimatupang,18.0,45.769577
1,2026-08-19 01:00:00+00:00,tt_thamrin,22.0,20.373947
1,2026-08-19 03:00:00+00:00,tt_bekasi,15.999999,13.944643
1,2026-08-19 03:00:00+00:00,tt_bogor,37.0,33.70691
1,2026-08-19 03:00:00+00:00,tt_bsd,34.0,31.24283
1,2026-08-19 03:00:00+00:00,tt_cawang,20.0,18.65192
1,2026-08-19 03:00:00+00:00,tt_depok,31.0,25.449589
1,2026-08-19 03:00:00+00:00,tt_gatsu,45.0,22.379066
1,2026-08-19 03:00:00+00:00,tt_grogol,31.0,31.688623
1,2026-08-19 03:00:00+00:00,tt_kebonjeruk,23.0,25.23889
1,2026-08-19 03:00:00+00:00,tt_kelapagading,29.0,27.589682
1,2026-08-19 03:00:00+00:00,tt_kuningan,15.999999,17.885777
1,2026-08-19 03:00:00+00:00,tt_sudirman,24.0,25.451088
1,2026-08-19 03:00:00+00:00,tt_tangerang,40.0,38.439636
1,2026-08-19 03:00:00+00:00,tt_tbsimatupang,33.0,28.764433
1,2026-08-19 03:00:00+00:00,tt_thamrin,20.0,20.478176
1,2026-08-19 05:00:00+00:00,tt_bekasi,15.0,16.20216
1,2026-08-19 05:00:00+00:00,tt_bogor,32.0,36.173103
1,2026-08-19 05:00:00+00:00,tt_bsd,34.0,32.732044
1,2026-08-19 05:00:00+00:00,tt_cawang,17.0,22.919512
1,2026-08-19 05:00:00+00:00,tt_depok,31.0,29.461147
1,2026-08-19 05:00:00+00:00,tt_gatsu,45.0,44.351746
1,2026-08-19 05:00:00+00:00,tt_grogol,31.0,30.318485
1,2026-08-19 05:00:00+00:00,tt_kebonjeruk,24.0,23.483479
1,2026-08-19 05:00:00+00:00,tt_kelapagading,21.0,28.772226
1,2026-08-19 05:00:00+00:00,tt_kuningan,17.0,17.463682
1,2026-08-19 05:00:00+00:00,tt_sudirman,27.0,26.469723
1,2026-08-19 05:00:00+00:00,tt_tangerang,40.0,38.731712
1,2026-08-19 05:00:00+00:00,tt_tbsimatupang,43.0,36.94317
1,2026-08-19 05:00:00+00:00,tt_thamrin,17.0,19.564888
1,2026-08-19 06:00:00+00:00,tt_bekasi,18.0,15.493589
1,2026-08-19 06:00:00+00:00,tt_bogor,35.0,34.19243
1,2026-08-19 06:00:00+00:00,tt_bsd,34.0,33.159042
1,2026-08-19 06:00:00+00:00,tt_cawang,19.0,21.635643
1,2026-08-19 06:00:00+00:00,tt_depok,27.0,30.042965
1,2026-08-19 06:00:00+00:00,tt_gatsu,30.0,46.652744
1,2026-08-19 06:00:00+00:00,tt_grogol,27.0,30.356386
1,2026-08-19 06:00:00+00:00,tt_kebonjeruk,21.0,23.806732
1,2026-08-19 06:00:00+00:00,tt_kelapagading,21.0,25.327122
1,2026-08-19 06:00:00+00:00,tt_kuningan,21.0,17.934374
1,2026-08-19 06:00:00+00:00,tt_sudirman,18.0,27.309574
1,2026-08-19 06:00:00+00:00,tt_tangerang,38.0,39.038094
1,2026-08-19 06:00:00+00:00,tt_tbsimatupang,48.0,41.893406
1,2026-08-19 06:00:00+00:00,tt_thamrin,13.0,18.144798
1,2026-08-19 08:00:00+00:00,tt_bekasi,15.0,16.839708
1,2026-08-19 08:00:00+00:00,tt_bogor,34.0,35.075974
1,2026-08-19 08:00:00+00:00,tt_bsd,28.0,33.269524
1,2026-08-19 08:00:00+00:00,tt_cawang,32.0,21.360792
1,2026-08-19 08:00:00+00:00,tt_depok,25.0,28.01239
1,2026-08-19 08:00:00+00:00,tt_gatsu,26.0,36.774982
1,2026-08-19 08:00:00+00:00,tt_grogol,27.0,27.070095
1,2026-08-19 08:00:00+00:00,tt_kebonjeruk,18.0,21.357817
1,2026-08-19 08:00:00+00:00,tt_kelapagading,22.0,23.24765
1,2026-08-19 08:00:00+00:00,tt_kuningan,21.0,20.046291
1,2026-08-19 08:00:00+00:00,tt_sudirman,22.0,21.937582
1,2026-08-19 08:00:00+00:00,tt_tangerang,48.0,37.86124
1,2026-08-19 08:00:00+00:00,tt_tbsimatupang,32.0,47.733284
1,2026-08-19 08:00:00+00:00,tt_thamrin,8.0,14.684269
1,2026-08-19 10:00:00+00:00,tt_bekasi,13.0,15.913631
1,2026-08-19 10:00:00+00:00,tt_bogor,30.0,34.303062
1,2026-08-19 10:00:00+00:00,tt_bsd,34.0,28.852425
1,2026-08-19 10:00:00+00:00,tt_cawang,43.0,30.234118
1,2026-08-19 10:00:00+00:00,tt_depok,23.0,25.804127
1,2026-08-19 10:00:00+00:00,tt_gatsu,23.0,32.520424
1,2026-08-19 10:00:00+00:00,tt_grogol,30.0,27.430239
1,2026-08-19 10:00:00+00:00,tt_kebonjeruk,19.0,19.278835
1,2026-08-19 10:00:00+00:00,tt_kelapagading,22.0,24.040155
1,2026-08-19 10:00:00+00:00,tt_kuningan,15.999999,20.49619
1,2026-08-19 10:00:00+00:00,tt_sudirman,19.0,23.478584
1,2026-08-19 10:00:00+00:00,tt_tangerang,28.0,45.42569
1,2026-08-19 10:00:00+00:00,tt_tbsimatupang,34.0,37.56991
1,2026-08-19 10:00:00+00:00,tt_thamrin,17.0,11.460911
1,2026-08-19 11:00:00+00:00,tt_bekasi,18.0,15.2006035
1,2026-08-19 11:00:00+00:00,tt_bogor,33.0,32.36299
1,2026-08-19 11:00:00+00:00,tt_bsd,27.0,30.680613
1,2026-08-19 11:00:00+00:00,tt_cawang,43.0,37.06246
1,2026-08-19 11:00:00+00:00,tt_depok,25.0,24.816658
1,2026-08-19 11:00:00+00:00,tt_gatsu,35.0,30.850384
1,2026-08-19 11:00:00+00:00,tt_grogol,32.0,28.530733
1,2026-08-19 11:00:00+00:00,tt_kebonjeruk,21.0,19.207596
1,2026-08-19 11:00:00+00:00,tt_kelapagading,20.0,24.690771
1,2026-08-19 11:00:00+00:00,tt_kuningan,15.999999,18.917927
1,2026-08-19 11:00:00+00:00,tt_sudirman,15.999999,22.75505
1,2026-08-19 11:00:00+00:00,tt_tangerang,26.0,36.97868
1,2026-08-19 11:00:00+00:00,tt_tbsimatupang,44.0,36.983604
1,2026-08-19 11:00:00+00:00,tt_thamrin,10.0,14.970394
1,2026-08-19 13:00:00+00:00,tt_bekasi,18.0,18.598366
1,2026-08-19 13:00:00+00:00,tt_bogor,45.0,33.411945
1,2026-08-19 13:00:00+00:00,tt_bsd,34.0,27.764017
1,2026-08-19 13:00:00+00:00,tt_cawang,43.0,43.689045
1,2026-08-19 13:00:00+00:00,tt_depok,25.0,25.879295
1,2026-08-19 13:00:00+00:00,tt_gatsu,45.0,37.278713
1,2026-08-19 13:00:00+00:00,tt_grogol,31.0,31.328276
1,2026-08-19 13:00:00+00:00,tt_kebonjeruk,27.0,20.08043
1,2026-08-19 13:00:00+00:00,tt_kelapagading,23.0,23.203205
1,2026-08-19 13:00:00+00:00,tt_kuningan,13.0,18.309635
1,2026-08-19 13:00:00+00:00,tt_sudirman,30.0,19.461704
1,2026-08-19 13:00:00+00:00,tt_tangerang,48.0,30.999105
1,2026-08-19 13:00:00+00:00,tt_tbsimatupang,72.0,43.68467
1,2026-08-19 13:00:00+00:00,tt_thamrin,20.0,12.788795
1,2026-08-19 15:00:00+00:00,tt_bekasi,15.999999,19.103394
1,2026-08-19 15:00:00+00:00,tt_bogor,38.0,42.102654
1,2026-08-19 15:00:00+00:00,tt_bsd,34.0,33.957287
1,2026-08-19 15:00:00+00:00,tt_cawang,32.0,45.543602
1,2026-08-19 15:00:00+00:00,tt_depok,31.0,26.642172
1,2026-08-19 15:00:00+00:00,tt_gatsu,45.0,45.42112
1,2026-08-19 15:00:00+00:00,tt_grogol,40.0,33.287033
1,2026-08-19 15:00:00+00:00,tt_kebonjeruk,31.0,27.161331
1,2026-08-19 15:00:00+00:00,tt_kelapagading,29.0,25.10199
1,2026-08-19 15:00:00+00:00,tt_kuningan,21.0,17.219013
1,2026-08-19 15:00:00+00:00,tt_sudirman,29.0,28.821499
1,2026-08-19 15:00:00+00:00,tt_tangerang,48.0,47.20825
1,2026-08-19 15:00:00+00:00,tt_tbsimatupang,72.0,64.85496
1,2026-08-19 15:00:00+00:00,tt_thamrin,21.0,19.518715
1,2026-08-19 16:00:00+00:00,tt_bekasi,18.0,17.93785
1,2026-08-19 16:00:00+00:00,tt_bogor,45.0,39.366592
1,2026-08-19 16:00:00+00:00,tt_bsd,34.0,34.42399
1,2026-08-19 16:00:00+00:00,tt_cawang,43.0,39.98211
1,2026-08-19 16:00:00+00:00,tt_depok,31.0,29.051975
1,2026-08-19 16:00:00+00:00,tt_gatsu,45.0,45.41333
1,2026-08-19 16:00:00+00:00,tt_grogol,40.0,37.372353
1,2026-08-19 16:00:00+00:00,tt_kebonjeruk,35.0,29.995413
1,2026-08-19 16:00:00+00:00,tt_kelapagading,29.0,27.29477
1,2026-08-19 16:00:00+00:00,tt_kuningan,21.0,20.253643
1,2026-08-19 16:00:00+00:00,tt_sudirman,39.0,29.963285
1,2026-08-19 16:00:00+00:00,tt_tangerang,48.0,48.64228
1,2026-08-19 16:00:00+00:00,tt_tbsimatupang,72.0,65.35941
1,2026-08-19 16:00:00+00:00,tt_thamrin,22.0,21.66867
1,2026-08-19 18:00:00+00:00,tt_bekasi,18.0,18.749046
1,2026-08-19 18:00:00+00:00,tt_bogor,45.0,41.92925
1,2026-08-19 18:00:00+00:00,tt_bsd,34.0,34.059586
1,2026-08-19 18:00:00+00:00,tt_cawang,43.0,43.249813
1,2026-08-19 18:00:00+00:00,tt_depok,31.0,31.24843
1,2026-08-19 18:00:00+00:00,tt_gatsu,45.0,44.492714
1,2026-08-19 18:00:00+00:00,tt_grogol,40.0,39.783123
1,2026-08-19 18:00:00+00:00,tt_kebonjeruk,35.0,33.80099
1,2026-08-19 18:00:00+00:00,tt_kelapagading,29.0,29.507553
1,2026-08-19 18:00:00+00:00,tt_kuningan,21.0,22.237823
1,2026-08-19 18:00:00+00:00,tt_sudirman,39.0,37.65726
1,2026-08-19 18:00:00+00:00,tt_tangerang,44.0,47.600388
1,2026-08-19 18:00:00+00:00,tt_tbsimatupang,72.0,64.48352
1,2026-08-19 18:00:00+00:00,tt_thamrin,22.0,23.500443
1,2026-08-19 20:00:00+00:00,tt_bekasi,18.0,18.483795
1,2026-08-19 20:00:00+00:00,tt_bogor,45.0,41.764885
1,2026-08-19 20:00:00+00:00,tt_bsd,34.0,33.425354
1,2026-08-19 20:00:00+00:00,tt_cawang,43.0,42.54114
1,2026-08-19 20:00:00+00:00,tt_depok,31.0,31.44474
1,2026-08-19 20:00:00+00:00,tt_gatsu,45.0,43.54342
1,2026-08-19 20:00:00+00:00,tt_grogol,40.0,39.1297
1,2026-08-19 20:00:00+00:00,tt_kebonjeruk,35.0,34.032005
1,2026-08-19 20:00:00+00:00,tt_kelapagading,29.0,29.295963
1,2026-08-19 20:00:00+00:00,tt_kuningan,21.0,22.129333
1,2026-08-19 20:00:00+00:00,tt_sudirman,39.0,38.416336
1,2026-08-19 20:00:00+00:00,tt_tangerang,48.0,43.523308
1,2026-08-19 20:00:00+00:00,tt_tbsimatupang,72.0,63.05497
1,2026-08-19 20:00:00+00:00,tt_thamrin,22.0,23.169476
1,2026-08-19 21:00:00+00:00,tt_bekasi,18.0,18.347702
1,2026-08-19 21:00:00+00:00,tt_bogor,45.0,41.540573
1,2026-08-19 21:00:00+00:00,tt_bsd,34.0,33.36045
1,2026-08-19 21:00:00+00:00,tt_cawang,43.0,41.999832
1,2026-08-19 21:00:00+00:00,tt_depok,31.0,31.374985
1,2026-08-19 21:00:00+00:00,tt_gatsu,45.0,43.22245
1,2026-08-19 21:00:00+00:00,tt_grogol,40.0,38.87791
1,2026-08-19 21:00:00+00:00,tt_kebonjeruk,35.0,33.921745
1,2026-08-19 21:00:00+00:00,tt_kelapagading,29.0,29.148767
1,2026-08-19 21:00:00+00:00,tt_kuningan,21.0,22.013432
1,2026-08-19 21:00:00+00:00,tt_sudirman,39.0,38.269924
1,2026-08-19 21:00:00+00:00,tt_tangerang,48.0,44.77803
1,2026-08-19 21:00:00+00:00,tt_tbsimatupang,72.0,62.596092
1,2026-08-19 21:00:00+00:00,tt_thamrin,22.0,22.942768
1,2026-08-19 23:00:00+00:00,tt_bekasi,17.0,18.043247
1,2026-08-19 23:00:00+00:00,tt_bogor,35.0,41.248314
1,2026-08-19 23:00:00+00:00,tt_bsd,34.0,33.175568
1,2026-08-19 23:00:00+00:00,tt_cawang,26.0,41.08299
1,2026-08-19 23:00:00+00:00,tt_depok,31.0,31.25615
1,2026-08-19 23:00:00+00:00,tt_gatsu,45.0,42.775642
1,2026-08-19 23:00:00+00:00,tt_grogol,35.0,38.450733
1,2026-08-19 23:00:00+00:00,tt_kebonjeruk,30.0,33.715286
1,2026-08-19 23:00:00+00:00,tt_kelapagading,29.0,28.994848
1,2026-08-19 23:00:00+00:00,tt_kuningan,21.0,21.928556
1,2026-08-19 23:00:00+00:00,tt_sudirman,39.0,38.054543
1,2026-08-19 23:00:00+00:00,tt_tangerang,48.0,45.225777
1,2026-08-19 23:00:00+00:00,tt_tbsimatupang,72.0,61.96164
1,2026-08-19 23:00:00+00:00,tt_thamrin,20.0,22.577103
1,2026-08-20 01:00:00+00:00,tt_bekasi,18.0,16.659168
1,2026-08-20 01:00:00+00:00,tt_bogor,35.0,34.0503
1,2026-08-20 01:00:00+00:00,tt_bsd,29.0,32.92783
1,2026-08-20 01:00:00+00:00,tt_cawang,14.0,29.633656
1,2026-08-20 01:00:00+00:00,tt_depok,31.0,30.619553
1,2026-08-20 01:00:00+00:00,tt_gatsu,37.0,42.36477
1,2026-08-20 01:00:00+00:00,tt_grogol,30.0,34.559376
1,2026-08-20 01:00:00+00:00,tt_kebonjeruk,26.0,30.409386
1,2026-08-20 01:00:00+00:00,tt_kelapagading,29.0,28.036747
1,2026-08-20 01:00:00+00:00,tt_kuningan,21.0,21.477833
1,2026-08-20 01:00:00+00:00,tt_sudirman,27.0,37.64707
1,2026-08-20 01:00:00+00:00,tt_tangerang,36.0,44.904102
1,2026-08-20 01:00:00+00:00,tt_tbsimatupang,18.0,61.24068
1,2026-08-20 01:00:00+00:00,tt_thamrin,18.0,20.366758
1,2026-08-20 02:00:00+00:00,tt_bekasi,18.0,16.462212
1,2026-08-20 02:00:00+00:00,tt_bogor,40.0,32.11007
1,2026-08-20 02:00:00+00:00,tt_bsd,34.0,29.017109
1,2026-08-20 02:00:00+00:00,tt_cawang,18.0,21.791298
1,2026-08-20 02:00:00+00:00,tt_depok,31.0,28.849777
1,2026-08-20 02:00:00+00:00,tt_gatsu,45.0,36.46105
1,2026-08-20 02:00:00+00:00,tt_grogol,30.0,30.587467
1,2026-08-20 02:00:00+00:00,tt_kebonjeruk,26.0,26.890648
1,2026-08-20 02:00:00+00:00,tt_kelapagading,25.0,27.528801
1,2026-08-20 02:00:00+00:00,tt_kuningan,21.0,19.330193
1,2026-08-20 02:00:00+00:00,tt_sudirman,25.0,31.193546
1,2026-08-20 02:00:00+00:00,tt_tangerang,48.0,38.709454
1,2026-08-20 02:00:00+00:00,tt_tbsimatupang,21.0,38.021572
1,2026-08-20 02:00:00+00:00,tt_thamrin,18.0,18.561047
1,2026-08-20 04:00:00+00:00,tt_bekasi,15.0,17.157423
1,2026-08-20 04:00:00+00:00,tt_bogor,35.0,36.870964
1,2026-08-20 04:00:00+00:00,tt_bsd,34.0,31.78775
1,2026-08-20 04:00:00+00:00,tt_cawang,20.0,20.51234
1,2026-08-20 04:00:00+00:00,tt_depok,27.0,29.133934
1,2026-08-20 04:00:00+00:00,tt_gatsu,45.0,42.068268
1,2026-08-20 04:00:00+00:00,tt_grogol,25.0,29.416494
1,2026-08-20 04:00:00+00:00,tt_kebonjeruk,25.0,26.078712
1,2026-08-20 04:00:00+00:00,tt_kelapagading,22.0,25.145378
1,2026-08-20 04:00:00+00:00,tt_kuningan,21.0,19.667221
1,2026-08-20 04:00:00+00:00,tt_sudirman,26.0,27.39974
1,2026-08-20 04:00:00+00:00,tt_tangerang,48.0,44.835327
1,2026-08-20 04:00:00+00:00,tt_tbsimatupang,45.0,32.383255
1,2026-08-20 04:00:00+00:00,tt_thamrin,13.0,17.591978
1,2026-08-20 06:00:00+00:00,tt_bekasi,15.0,15.412153
1,2026-08-20 06:00:00+00:00,tt_bogor,39.0,35.702076
1,2026-08-20 06:00:00+00:00,tt_bsd,34.0,32.870605
1,2026-08-20 06:00:00+00:00,tt_cawang,28.0,21.694004
1,2026-08-20 06:00:00+00:00,tt_depok,29.0,27.695087
1,2026-08-20 06:00:00+00:00,tt_gatsu,28.0,45.14042
1,2026-08-20 06:00:00+00:00,tt_grogol,29.0,25.949457
1,2026-08-20 06:00:00+00:00,tt_kebonjeruk,25.0,25.02535
1,2026-08-20 06:00:00+00:00,tt_kelapagading,20.0,23.113176
1,2026-08-20 06:00:00+00:00,tt_kuningan,15.999999,21.04597
1,2026-08-20 06:00:00+00:00,tt_sudirman,21.0,27.000822
1,2026-08-20 06:00:00+00:00,tt_tangerang,38.0,46.013474
1,2026-08-20 06:00:00+00:00,tt_tbsimatupang,27.0,46.349895
1,2026-08-20 06:00:00+00:00,tt_thamrin,12.0,14.291006
1,2026-08-20 07:00:00+00:00,tt_bekasi,15.999999,14.826227
1,2026-08-20 07:00:00+00:00,tt_bogor,36.0,37.187546
1,2026-08-20 07:00:00+00:00,tt_bsd,34.0,32.626083
1,2026-08-20 07:00:00+00:00,tt_cawang,21.0,24.34131
1,2026-08-20 07:00:00+00:00,tt_depok,26.0,28.234806
1,2026-08-20 07:00:00+00:00,tt_gatsu,20.0,36.308777
1,2026-08-20 07:00:00+00:00,tt_grogol,29.0,26.772095
1,2026-08-20 07:00:00+00:00,tt_kebonjeruk,22.0,24.585648
1,2026-08-20 07:00:00+00:00,tt_kelapagading,20.0,22.290627
1,2026-08-20 07:00:00+00:00,tt_kuningan,21.0,17.877981
1,2026-08-20 07:00:00+00:00,tt_sudirman,20.0,24.58754
1,2026-08-20 07:00:00+00:00,tt_tangerang,37.0,41.359276
1,2026-08-20 07:00:00+00:00,tt_tbsimatupang,49.0,38.539116
1,2026-08-20 07:00:00+00:00,tt_thamrin,12.0,13.35899
1,2026-08-20 09:00:00+00:00,tt_bekasi,14.0,15.055399
1,2026-08-20 09:00:00+00:00,tt_bogor,34.0,36.531406
1,2026-08-20 09:00:00+00:00,tt_bsd,28.0,32.953846
1,2026-08-20 09:00:00+00:00,tt_cawang,30.0,22.294666
1,2026-08-20 09:00:00+00:00,tt_depok,26.0,26.996418
1,2026-08-20 09:00:00+00:00,tt_gatsu,32.0,29.52466
1,2026-08-20 09:00:00+00:00,tt_grogol,31.0,27.689266
1,2026-08-20 09:00:00+00:00,tt_kebonjeruk,21.0,22.557262
1,2026-08-20 09:00:00+00:00,tt_kelapagading,21.0,21.659864
1,2026-08-20 09:00:00+00:00,tt_kuningan,13.0,20.129036
1,2026-08-20 09:00:00+00:00,tt_sudirman,23.0,22.444195
1,2026-08-20 09:00:00+00:00,tt_tangerang,34.0,38.07096
1,2026-08-20 09:00:00+00:00,tt_tbsimatupang,47.0,48.906536
1,2026-08-20 09:00:00+00:00,tt_thamrin,18.0,13.046431
1,2026-08-20 11:00:00+00:00,tt_bekasi,18.0,15.247902
1,2026-08-20 11:00:00+00:00,tt_bogor,35.0,34.75761
1,2026-08-20 11:00:00+00:00,tt_bsd,34.0,28.652021
1,2026-08-20 11:00:00+00:00,tt_cawang,33.0,28.032545
1,2026-08-20 11:00:00+00:00,tt_depok,26.0,26.633312
1,2026-08-20 11:00:00+00:00,tt_gatsu,7.0,35.424355
1,2026-08-20 11:00:00+00:00,tt_grogol,29.0,30.332323
1,2026-08-20 11:00:00+00:00,tt_kebonjeruk,18.0,21.67551
1,2026-08-20 11:00:00+00:00,tt_kelapagading,21.0,23.043045
1,2026-08-20 11:00:00+00:00,tt_kuningan,15.999999,16.542616
1,2026-08-20 11:00:00+00:00,tt_sudirman,12.0,24.764666
1,2026-08-20 11:00:00+00:00,tt_tangerang,35.0,35.188553
1,2026-08-20 11:00:00+00:00,tt_tbsimatupang,24.0,48.592453
1,2026-08-20 11:00:00+00:00,tt_thamrin,10.0,17.107136
1,2026-08-20 12:00:00+00:00,tt_bekasi,14.0,16.32106
1,2026-08-20 12:00:00+00:00,tt_bogor,37.0,34.453396
1,2026-08-20 12:00:00+00:00,tt_bsd,34.0,30.456259
1,2026-08-20 12:00:00+00:00,tt_cawang,43.0,29.677113
1,2026-08-20 12:00:00+00:00,tt_depok,24.0,25.837128
1,2026-08-20 12:00:00+00:00,tt_gatsu,10.0,25.962814
1,2026-08-20 12:00:00+00:00,tt_grogol,32.0,28.9902
1,2026-08-20 12:00:00+00:00,tt_kebonjeruk,23.0,19.84988
1,2026-08-20 12:00:00+00:00,tt_kelapagading,21.0,22.538113
1,2026-08-20 12:00:00+00:00,tt_kuningan,13.0,15.449263
1,2026-08-20 12:00:00+00:00,tt_sudirman,22.0,19.16232
1,2026-08-20 12:00:00+00:00,tt_tangerang,48.0,35.645424
1,2026-08-20 12:00:00+00:00,tt_tbsimatupang,40.0,37.285934
1,2026-08-20 12:00:00+00:00,tt_thamrin,9.0,13.95871
1,2026-08-20 14:00:00+00:00,tt_bekasi,18.0,15.189735
1,2026-08-20 14:00:00+00:00,tt_bogor,38.0,36.36572
1,2026-08-20 14:00:00+00:00,tt_bsd,27.0,33.263985
1,2026-08-20 14:00:00+00:00,tt_cawang,32.0,41.423145
1,2026-08-20 14:00:00+00:00,tt_depok,31.0,25.126478
1,2026-08-20 14:00:00+00:00,tt_gatsu,45.0,22.567091
1,2026-08-20 14:00:00+00:00,tt_grogol,40.0,32.294216
1,2026-08-20 14:00:00+00:00,tt_kebonjeruk,28.0,23.274971
1,2026-08-20 14:00:00+00:00,tt_kelapagading,29.0,22.708588
1,2026-08-20 14:00:00+00:00,tt_kuningan,15.999999,14.749676
1,2026-08-20 14:00:00+00:00,tt_sudirman,39.0,22.173891
1,2026-08-20 14:00:00+00:00,tt_tangerang,48.0,46.23006
1,2026-08-20 14:00:00+00:00,tt_tbsimatupang,59.0,42.25689
1,2026-08-20 14:00:00+00:00,tt_thamrin,13.0,12.254061
1,2026-08-20 16:00:00+00:00,tt_bekasi,15.0,19.400883
1,2026-08-20 16:00:00+00:00,tt_bogor,45.0,37.123665
1,2026-08-20 16:00:00+00:00,tt_bsd,34.0,29.450396
1,2026-08-20 16:00:00+00:00,tt_cawang,43.0,38.21591
1,2026-08-20 16:00:00+00:00,tt_depok,31.0,30.128994
1,2026-08-20 16:00:00+00:00,tt_gatsu,45.0,45.595863
1,2026-08-20 16:00:00+00:00,tt_grogol,40.0,39.454494
1,2026-08-20 16:00:00+00:00,tt_kebonjeruk,35.0,27.867088
1,2026-08-20 16:00:00+00:00,tt_kelapagading,29.0,28.548532
1,2026-08-20 16:00:00+00:00,tt_kuningan,21.0,18.385489
1,2026-08-20 16:00:00+00:00,tt_sudirman,39.0,38.5918
1,2026-08-20 16:00:00+00:00,tt_tangerang,48.0,47.48771
1,2026-08-20 16:00:00+00:00,tt_tbsimatupang,72.0,56.811626
1,2026-08-20 16:00:00+00:00,tt_thamrin,22.0,15.662081
1,2026-08-20 17:00:00+00:00,tt_bekasi,18.0,18.378963
1,2026-08-20 17:00:00+00:00,tt_bogor,45.0,40.690758
1,2026-08-20 17:00:00+00:00,tt_bsd,34.0,32.07988
1,2026-08-20 17:00:00+00:00,tt_cawang,43.0,42.084312
1,2026-08-20 17:00:00+00:00,tt_depok,31.0,31.275318
1,2026-08-20 17:00:00+00:00,tt_gatsu,45.0,47.32296
1,2026-08-20 17:00:00+00:00,tt_grogol,40.0,40.220917
1,2026-08-20 17:00:00+00:00,tt_kebonjeruk,35.0,31.67613
1,2026-08-20 17:00:00+00:00,tt_kelapagading,29.0,29.609465
1,2026-08-20 17:00:00+00:00,tt_kuningan,21.0,21.522793
1,2026-08-20 17:00:00+00:00,tt_sudirman,39.0,40.558
1,2026-08-20 17:00:00+00:00,tt_tangerang,48.0,47.41694
1,2026-08-20 17:00:00+00:00,tt_tbsimatupang,72.0,64.054306
1,2026-08-20 17:00:00+00:00,tt_thamrin,22.0,20.389572
1,2026-08-20 19:00:00+00:00,tt_bekasi,18.0,19.167828
1,2026-08-20 19:00:00+00:00,tt_bogor,45.0,42.331123
1,2026-08-20 19:00:00+00:00,tt_bsd,34.0,33.811653
1,2026-08-20 19:00:00+00:00,tt_cawang,43.0,43.35999
1,2026-08-20 19:00:00+00:00,tt_depok,31.0,31.637148
1,2026-08-20 19:00:00+00:00,tt_gatsu,45.0,45.487034
1,2026-08-20 19:00:00+00:00,tt_grogol,40.0,39.61172
1,2026-08-20 19:00:00+00:00,tt_kebonjeruk,35.0,33.922222
1,2026-08-20 19:00:00+00:00,tt_kelapagading,29.0,29.792494
1,2026-08-20 19:00:00+00:00,tt_kuningan,21.0,22.50496
1,2026-08-20 19:00:00+00:00,tt_sudirman,39.0,39.942257
1,2026-08-20 19:00:00+00:00,tt_tangerang,48.0,46.48507
1,2026-08-20 19:00:00+00:00,tt_tbsimatupang,72.0,64.59941
1,2026-08-20 19:00:00+00:00,tt_thamrin,22.0,22.55072
1,2026-08-20 21:00:00+00:00,tt_bekasi,18.0,18.757648
1,2026-08-20 21:00:00+00:00,tt_bogor,45.0,41.788124
1,2026-08-20 21:00:00+00:00,tt_bsd,34.0,33.669346
1,2026-08-20 21:00:00+00:00,tt_cawang,43.0,42.22847
1,2026-08-20 21:00:00+00:00,tt_depok,31.0,31.415932
1,2026-08-20 21:00:00+00:00,tt_gatsu,45.0,43.93904
1,2026-08-20 21:00:00+00:00,tt_grogol,40.0,38.81114
1,2026-08-20 21:00:00+00:00,tt_kebonjeruk,35.0,33.857635
1,2026-08-20 21:00:00+00:00,tt_kelapagading,29.0,29.372498
1,2026-08-20 21:00:00+00:00,tt_kuningan,21.0,22.258776
1,2026-08-20 21:00:00+00:00,tt_sudirman,39.0,38.941357
1,2026-08-20 21:00:00+00:00,tt_tangerang,48.0,45.712494
1,2026-08-20 21:00:00+00:00,tt_tbsimatupang,72.0,63.162277
1,2026-08-20 21:00:00+00:00,tt_thamrin,22.0,22.3991
1,2026-08-20 22:00:00+00:00,tt_bekasi,18.0,18.609337
1,2026-08-20 22:00:00+00:00,tt_bogor,45.0,41.552826
1,2026-08-20 22:00:00+00:00,tt_bsd,34.0,33.50228
1,2026-08-20 22:00:00+00:00,tt_cawang,43.0,41.737423
1,2026-08-20 22:00:00+00:00,tt_depok,31.0,31.329302
1,2026-08-20 22:00:00+00:00,tt_gatsu,45.0,43.46679
1,2026-08-20 22:00:00+00:00,tt_grogol,40.0,38.546043
1,2026-08-20 22:00:00+00:00,tt_kebonjeruk,35.0,33.738132
1,2026-08-20 22:00:00+00:00,tt_kelapagading,29.0,29.253586
1,2026-08-20 22:00:00+00:00,tt_kuningan,21.0,22.22607
1,2026-08-20 22:00:00+00:00,tt_sudirman,39.0,38.674015
1,2026-08-20 22:00:00+00:00,tt_tangerang,48.0,45.4565
1,2026-08-20 22:00:00+00:00,tt_tbsimatupang,72.0,62.666195
1,2026-08-20 22:00:00+00:00,tt_thamrin,22.0,22.300686
1,2026-08-21 00:00:00+00:00,tt_bekasi,18.0,18.277016
1,2026-08-21 00:00:00+00:00,tt_bogor,35.0,41.24216
1,2026-08-21 00:00:00+00:00,tt_bsd,29.0,33.194218
1,2026-08-21 00:00:00+00:00,tt_cawang,18.0,40.998634
1,2026-08-21 00:00:00+00:00,tt_depok,25.0,31.218348
1,2026-08-21 00:00:00+00:00,tt_gatsu,45.0,42.92659
1,2026-08-21 00:00:00+00:00,tt_grogol,34.0,38.19366
1,2026-08-21 00:00:00+00:00,tt_kebonjeruk,25.0,33.554573
1,2026-08-21 00:00:00+00:00,tt_kelapagading,26.0,29.07316
1,2026-08-21 00:00:00+00:00,tt_kuningan,21.0,22.090502
1,2026-08-21 00:00:00+00:00,tt_sudirman,31.0,38.304806
1,2026-08-21 00:00:00+00:00,tt_tangerang,37.0,45.12704
1,2026-08-21 00:00:00+00:00,tt_tbsimatupang,32.0,61.979202
1,2026-08-21 00:00:00+00:00,tt_thamrin,22.0,22.195103
1,2026-08-21 02:00:00+00:00,tt_bekasi,17.0,16.95391
1,2026-08-21 02:00:00+00:00,tt_bogor,37.0,33.290157
1,2026-08-21 02:00:00+00:00,tt_bsd,28.0,28.265148
1,2026-08-21 02:00:00+00:00,tt_cawang,19.0,24.010452
1,2026-08-21 02:00:00+00:00,tt_depok,26.0,24.940693
1,2026-08-21 02:00:00+00:00,tt_gatsu,45.0,41.425232
1,2026-08-21 02:00:00+00:00,tt_grogol,31.0,33.435528
1,2026-08-21 02:00:00+00:00,tt_kebonjeruk,26.0,26.124315
1,2026-08-21 02:00:00+00:00,tt_kelapagading,29.0,25.668581
1,2026-08-21 02:00:00+00:00,tt_kuningan,21.0,19.968239
1,2026-08-21 02:00:00+00:00,tt_sudirman,23.0,31.558336
1,2026-08-21 02:00:00+00:00,tt_tangerang,37.0,36.96317
1,2026-08-21 02:00:00+00:00,tt_tbsimatupang,37.0,37.047726
1,2026-08-21 02:00:00+00:00,tt_thamrin,22.0,21.067177
1,2026-08-21 03:00:00+00:00,tt_bekasi,15.0,16.731709
1,2026-08-21 03:00:00+00:00,tt_bogor,38.0,34.213226
1,2026-08-21 03:00:00+00:00,tt_bsd,34.0,27.527441
1,2026-08-21 03:00:00+00:00,tt_cawang,21.0,22.864235
1,2026-08-21 03:00:00+00:00,tt_depok,31.0,25.207285
1,2026-08-21 03:00:00+00:00,tt_gatsu,45.0,42.183952
1,2026-08-21 03:00:00+00:00,tt_grogol,27.0,31.13816
1,2026-08-21 03:00:00+00:00,tt_kebonjeruk,24.0,25.458338
1,2026-08-21 03:00:00+00:00,tt_kelapagading,23.0,26.845282
1,2026-08-21 03:00:00+00:00,tt_kuningan,15.999999,20.056168
1,2026-08-21 03:00:00+00:00,tt_sudirman,28.0,27.432985
1,2026-08-21 03:00:00+00:00,tt_tangerang,48.0,36.257603
1,2026-08-21 03:00:00+00:00,tt_tbsimatupang,48.0,38.268654
1,2026-08-21 03:00:00+00:00,tt_thamrin,15.999999,21.04105
1,2026-08-21 05:00:00+00:00,tt_bekasi,15.999999,15.164553
1,2026-08-21 05:00:00+00:00,tt_bogor,45.0,36.735394
1,2026-08-21 05:00:00+00:00,tt_bsd,34.0,32.132675
1,2026-08-21 05:00:00+00:00,tt_cawang,43.0,23.559055
1,2026-08-21 05:00:00+00:00,tt_depok,31.0,30.057926
1,2026-08-21 05:00:00+00:00,tt_gatsu,45.0,44.15556
1,2026-08-21 05:00:00+00:00,tt_grogol,32.0,28.000542
1,2026-08-21 05:00:00+00:00,tt_kebonjeruk,27.0,24.638008
1,2026-08-21 05:00:00+00:00,tt_kelapagading,23.0,23.916489
1,2026-08-21 05:00:00+00:00,tt_kuningan,21.0,17.3935
1,2026-08-21 05:00:00+00:00,tt_sudirman,34.0,27.37828
1,2026-08-21 05:00:00+00:00,tt_tangerang,48.0,44.957047
1,2026-08-21 05:00:00+00:00,tt_tbsimatupang,72.0,47.13635
1,2026-08-21 05:00:00+00:00,tt_thamrin,21.0,16.888264
1,2026-08-21 07:00:00+00:00,tt_bekasi,14.0,16.509418
1,2026-08-21 07:00:00+00:00,tt_bogor,35.0,42.777233
1,2026-08-21 07:00:00+00:00,tt_bsd,34.0,33.589077
1,2026-08-21 07:00:00+00:00,tt_cawang,28.0,40.819332
1,2026-08-21 07:00:00+00:00,tt_depok,25.0,31.944067
1,2026-08-21 07:00:00+00:00,tt_gatsu,36.0,46.08215
1,2026-08-21 07:00:00+00:00,tt_grogol,28.0,31.793648
1,2026-08-21 07:00:00+00:00,tt_kebonjeruk,21.0,27.07867
1,2026-08-21 07:00:00+00:00,tt_kelapagading,20.0,25.105122
1,2026-08-21 07:00:00+00:00,tt_kuningan,21.0,21.836475
1,2026-08-21 07:00:00+00:00,tt_sudirman,18.0,33.857403
1,2026-08-21 07:00:00+00:00,tt_tangerang,39.0,46.865936
1,2026-08-21 07:00:00+00:00,tt_tbsimatupang,52.0,64.64202
1,2026-08-21 07:00:00+00:00,tt_thamrin,18.0,20.645596
1,2026-08-21 08:00:00+00:00,tt_bekasi,15.999999,14.684643
1,2026-08-21 08:00:00+00:00,tt_bogor,34.0,37.93277
1,2026-08-21 08:00:00+00:00,tt_bsd,34.0,33.028664
1,2026-08-21 08:00:00+00:00,tt_cawang,31.0,33.962334
1,2026-08-21 08:00:00+00:00,tt_depok,25.0,28.429667
1,2026-08-21 08:00:00+00:00,tt_gatsu,35.0,40.250366
1,2026-08-21 08:00:00+00:00,tt_grogol,29.0,28.81217
1,2026-08-21 08:00:00+00:00,tt_kebonjeruk,24.0,23.372746
1,2026-08-21 08:00:00+00:00,tt_kelapagading,21.0,22.47102
1,2026-08-21 08:00:00+00:00,tt_kuningan,17.0,20.63823
1,2026-08-21 08:00:00+00:00,tt_sudirman,24.0,26.354267
1,2026-08-21 08:00:00+00:00,tt_tangerang,40.0,42.02851
1,2026-08-21 08:00:00+00:00,tt_tbsimatupang,38.0,54.80413
1,2026-08-21 08:00:00+00:00,tt_thamrin,10.0,18.843483
3,2026-08-18 04:00:00+00:00,tt_bekasi,15.0,15.722612
3,2026-08-18 04:00:00+00:00,tt_bogor,33.0,33.915825
3,2026-08-18 04:00:00+00:00,tt_bsd,28.0,31.226063
3,2026-08-18 04:00:00+00:00,tt_cawang,22.0,26.1823
3,2026-08-18 04:00:00+00:00,tt_depok,31.0,26.436441
3,2026-08-18 04:00:00+00:00,tt_gatsu,32.0,43.240967
3,2026-08-18 04:00:00+00:00,tt_grogol,27.0,29.16956
3,2026-08-18 04:00:00+00:00,tt_kebonjeruk,25.0,28.24071
3,2026-08-18 04:00:00+00:00,tt_kelapagading,29.0,29.766272
3,2026-08-18 04:00:00+00:00,tt_kuningan,15.999999,19.947178
3,2026-08-18 04:00:00+00:00,tt_sudirman,24.0,34.40069
3,2026-08-18 04:00:00+00:00,tt_tangerang,36.0,38.989834
3,2026-08-18 04:00:00+00:00,tt_tbsimatupang,55.0,41.9523
3,2026-08-18 04:00:00+00:00,tt_thamrin,18.0,19.648756
3,2026-08-18 05:00:00+00:00,tt_bekasi,15.0,15.458416
3,2026-08-18 05:00:00+00:00,tt_bogor,38.0,34.453896
3,2026-08-18 05:00:00+00:00,tt_bsd,28.0,31.367172
3,2026-08-18 05:00:00+00:00,tt_cawang,28.0,24.887371
3,2026-08-18 05:00:00+00:00,tt_depok,26.0,27.469051
3,2026-08-18 05:00:00+00:00,tt_gatsu,45.0,38.31997
3,2026-08-18 05:00:00+00:00,tt_grogol,36.0,28.404976
3,2026-08-18 05:00:00+00:00,tt_kebonjeruk,22.0,27.176043
3,2026-08-18 05:00:00+00:00,tt_kelapagading,22.0,29.67222
3,2026-08-18 05:00:00+00:00,tt_kuningan,21.0,19.248135
3,2026-08-18 05:00:00+00:00,tt_sudirman,31.0,30.632763
3,2026-08-18 05:00:00+00:00,tt_tangerang,41.0,42.018837
3,2026-08-18 05:00:00+00:00,tt_tbsimatupang,51.0,37.200073
3,2026-08-18 05:00:00+00:00,tt_thamrin,20.0,18.722002
3,2026-08-18 07:00:00+00:00,tt_bekasi,15.0,15.441835
3,2026-08-18 07:00:00+00:00,tt_bogor,34.0,34.47133
3,2026-08-18 07:00:00+00:00,tt_bsd,30.0,30.182936
3,2026-08-18 07:00:00+00:00,tt_cawang,43.0,24.776474
3,2026-08-18 07:00:00+00:00,tt_depok,31.0,29.912203
3,2026-08-18 07:00:00+00:00,tt_gatsu,45.0,37.141792
3,2026-08-18 07:00:00+00:00,tt_grogol,32.0,27.424688
3,2026-08-18 07:00:00+00:00,tt_kebonjeruk,25.0,25.513567
3,2026-08-18 07:00:00+00:00,tt_kelapagading,22.0,30.367008
3,2026-08-18 07:00:00+00:00,tt_kuningan,15.0,19.121107
3,2026-08-18 07:00:00+00:00,tt_sudirman,28.0,28.839455
3,2026-08-18 07:00:00+00:00,tt_tangerang,38.0,40.287716
3,2026-08-18 07:00:00+00:00,tt_tbsimatupang,57.0,47.956818
3,2026-08-18 07:00:00+00:00,tt_thamrin,22.0,18.256462
3,2026-08-18 09:00:00+00:00,tt_bekasi,14.0,15.946403
3,2026-08-18 09:00:00+00:00,tt_bogor,35.0,36.246456
3,2026-08-18 09:00:00+00:00,tt_bsd,28.0,28.897419
3,2026-08-18 09:00:00+00:00,tt_cawang,29.0,28.098875
3,2026-08-18 09:00:00+00:00,tt_depok,24.0,28.291988
3,2026-08-18 09:00:00+00:00,tt_gatsu,45.0,44.3298
3,2026-08-18 09:00:00+00:00,tt_grogol,32.0,33.849033
3,2026-08-18 09:00:00+00:00,tt_kebonjeruk,23.0,24.2041
3,2026-08-18 09:00:00+00:00,tt_kelapagading,23.0,27.814178
3,2026-08-18 09:00:00+00:00,tt_kuningan,21.0,21.577892
3,2026-08-18 09:00:00+00:00,tt_sudirman,31.0,32.49461
3,2026-08-18 09:00:00+00:00,tt_tangerang,38.0,41.318825
3,2026-08-18 09:00:00+00:00,tt_tbsimatupang,43.0,50.741302
3,2026-08-18 09:00:00+00:00,tt_thamrin,22.0,20.027004
3,2026-08-18 10:00:00+00:00,tt_bekasi,14.0,16.36567
3,2026-08-18 10:00:00+00:00,tt_bogor,35.0,35.15713
3,2026-08-18 10:00:00+00:00,tt_bsd,34.0,29.222355
3,2026-08-18 10:00:00+00:00,tt_cawang,30.0,34.641857
3,2026-08-18 10:00:00+00:00,tt_depok,25.0,29.311657
3,2026-08-18 10:00:00+00:00,tt_gatsu,3.999998,45.104935
3,2026-08-18 10:00:00+00:00,tt_grogol,31.0,33.098766
3,2026-08-18 10:00:00+00:00,tt_kebonjeruk,21.0,24.672333
3,2026-08-18 10:00:00+00:00,tt_kelapagading,21.0,27.740046
3,2026-08-18 10:00:00+00:00,tt_kuningan,14.0,19.992622
3,2026-08-18 10:00:00+00:00,tt_sudirman,23.0,31.797804
3,2026-08-18 10:00:00+00:00,tt_tangerang,34.0,40.40452
3,2026-08-18 10:00:00+00:00,tt_tbsimatupang,44.0,52.798637
3,2026-08-18 10:00:00+00:00,tt_thamrin,22.0,20.849903
3,2026-08-18 12:00:00+00:00,tt_bekasi,14.0,15.69594
3,2026-08-18 12:00:00+00:00,tt_bogor,35.0,34.586468
3,2026-08-18 12:00:00+00:00,tt_bsd,34.0,28.69092
3,2026-08-18 12:00:00+00:00,tt_cawang,34.0,34.172905
3,2026-08-18 12:00:00+00:00,tt_depok,26.0,27.683796
3,2026-08-18 12:00:00+00:00,tt_gatsu,45.0,45.969444
3,2026-08-18 12:00:00+00:00,tt_grogol,32.0,32.69634
3,2026-08-18 12:00:00+00:00,tt_kebonjeruk,25.0,24.296822
3,2026-08-18 12:00:00+00:00,tt_kelapagading,22.0,27.171328
3,2026-08-18 12:00:00+00:00,tt_kuningan,13.0,19.839067
3,2026-08-18 12:00:00+00:00,tt_sudirman,29.0,31.916529
3,2026-08-18 12:00:00+00:00,tt_tangerang,48.0,39.889866
3,2026-08-18 12:00:00+00:00,tt_tbsimatupang,72.0,48.49807
3,2026-08-18 12:00:00+00:00,tt_thamrin,17.0,22.240105
3,2026-08-18 14:00:00+00:00,tt_bekasi,15.999999,14.551901
3,2026-08-18 14:00:00+00:00,tt_bogor,45.0,34.245914
3,2026-08-18 14:00:00+00:00,tt_bsd,34.0,31.369148
3,2026-08-18 14:00:00+00:00,tt_cawang,32.0,32.938072
3,2026-08-18 14:00:00+00:00,tt_depok,26.0,26.328262
3,2026-08-18 14:00:00+00:00,tt_gatsu,45.0,31.949106
3,2026-08-18 14:00:00+00:00,tt_grogol,40.0,31.767647
3,2026-08-18 14:00:00+00:00,tt_kebonjeruk,31.0,22.516909
3,2026-08-18 14:00:00+00:00,tt_kelapagading,29.0,25.665
3,2026-08-18 14:00:00+00:00,tt_kuningan,15.999999,16.35363
3,2026-08-18 14:00:00+00:00,tt_sudirman,30.0,27.580862
3,2026-08-18 14:00:00+00:00,tt_tangerang,48.0,37.424282
3,2026-08-18 14:00:00+00:00,tt_tbsimatupang,72.0,47.07361
3,2026-08-18 14:00:00+00:00,tt_thamrin,22.0,22.708324
3,2026-08-18 15:00:00+00:00,tt_bekasi,15.999999,16.110664
3,2026-08-18 15:00:00+00:00,tt_bogor,45.0,33.842106
3,2026-08-18 15:00:00+00:00,tt_bsd,34.0,31.701738
3,2026-08-18 15:00:00+00:00,tt_cawang,43.0,35.94474
3,2026-08-18 15:00:00+00:00,tt_depok,31.0,26.882538
3,2026-08-18 15:00:00+00:00,tt_gatsu,45.0,43.467155
3,2026-08-18 15:00:00+00:00,tt_grogol,40.0,32.683784
3,2026-08-18 15:00:00+00:00,tt_kebonjeruk,35.0,24.070889
3,2026-08-18 15:00:00+00:00,tt_kelapagading,29.0,25.57042
3,2026-08-18 15:00:00+00:00,tt_kuningan,21.0,17.244736
3,2026-08-18 15:00:00+00:00,tt_sudirman,39.0,29.90788
3,2026-08-18 15:00:00+00:00,tt_tangerang,48.0,41.63436
3,2026-08-18 15:00:00+00:00,tt_tbsimatupang,72.0,54.966698
3,2026-08-18 15:00:00+00:00,tt_thamrin,22.0,21.640417
3,2026-08-18 17:00:00+00:00,tt_bekasi,17.0,17.164658
3,2026-08-18 17:00:00+00:00,tt_bogor,45.0,36.24701
3,2026-08-18 17:00:00+00:00,tt_bsd,34.0,31.943024
3,2026-08-18 17:00:00+00:00,tt_cawang,43.0,36.05709
3,2026-08-18 17:00:00+00:00,tt_depok,31.0,26.642166
3,2026-08-18 17:00:00+00:00,tt_gatsu,45.0,46.404884
3,2026-08-18 17:00:00+00:00,tt_grogol,40.0,35.68758
3,2026-08-18 17:00:00+00:00,tt_kebonjeruk,35.0,27.41306
3,2026-08-18 17:00:00+00:00,tt_kelapagading,29.0,27.865927
3,2026-08-18 17:00:00+00:00,tt_kuningan,21.0,17.4677
3,2026-08-18 17:00:00+00:00,tt_sudirman,39.0,31.695915
3,2026-08-18 17:00:00+00:00,tt_tangerang,48.0,44.483692
3,2026-08-18 17:00:00+00:00,tt_tbsimatupang,72.0,58.974155
3,2026-08-18 17:00:00+00:00,tt_thamrin,22.0,23.35284
3,2026-08-18 19:00:00+00:00,tt_bekasi,17.0,17.395523
3,2026-08-18 19:00:00+00:00,tt_bogor,45.0,38.754143
3,2026-08-18 19:00:00+00:00,tt_bsd,34.0,31.751287
3,2026-08-18 19:00:00+00:00,tt_cawang,43.0,39.783005
3,2026-08-18 19:00:00+00:00,tt_depok,31.0,28.42171
3,2026-08-18 19:00:00+00:00,tt_gatsu,45.0,45.3618
3,2026-08-18 19:00:00+00:00,tt_grogol,40.0,37.416252
3,2026-08-18 19:00:00+00:00,tt_kebonjeruk,35.0,31.203436
3,2026-08-18 19:00:00+00:00,tt_kelapagading,29.0,29.449596
3,2026-08-18 19:00:00+00:00,tt_kuningan,21.0,20.533226
3,2026-08-18 19:00:00+00:00,tt_sudirman,39.0,36.677853
3,2026-08-18 19:00:00+00:00,tt_tangerang,48.0,44.596375
3,2026-08-18 19:00:00+00:00,tt_tbsimatupang,72.0,59.248
3,2026-08-18 19:00:00+00:00,tt_thamrin,22.0,24.316338
3,2026-08-18 20:00:00+00:00,tt_bekasi,17.0,17.56395
3,2026-08-18 20:00:00+00:00,tt_bogor,45.0,39.129322
3,2026-08-18 20:00:00+00:00,tt_bsd,34.0,31.632439
3,2026-08-18 20:00:00+00:00,tt_cawang,43.0,40.213486
3,2026-08-18 20:00:00+00:00,tt_depok,31.0,28.954676
3,2026-08-18 20:00:00+00:00,tt_gatsu,45.0,44.77413
3,2026-08-18 20:00:00+00:00,tt_grogol,40.0,37.47511
3,2026-08-18 20:00:00+00:00,tt_kebonjeruk,35.0,31.948029
3,2026-08-18 20:00:00+00:00,tt_kelapagading,29.0,29.664003
3,2026-08-18 20:00:00+00:00,tt_kuningan,21.0,21.105936
3,2026-08-18 20:00:00+00:00,tt_sudirman,39.0,37.302208
3,2026-08-18 20:00:00+00:00,tt_tangerang,48.0,44.469284
3,2026-08-18 20:00:00+00:00,tt_tbsimatupang,72.0,59.20005
3,2026-08-18 20:00:00+00:00,tt_thamrin,22.0,24.036676
3,2026-08-18 22:00:00+00:00,tt_bekasi,17.0,17.56033
3,2026-08-18 22:00:00+00:00,tt_bogor,45.0,39.225468
3,2026-08-18 22:00:00+00:00,tt_bsd,34.0,31.376207
3,2026-08-18 22:00:00+00:00,tt_cawang,43.0,39.888126
3,2026-08-18 22:00:00+00:00,tt_depok,31.0,29.343742
3,2026-08-18 22:00:00+00:00,tt_gatsu,45.0,43.57952
3,2026-08-18 22:00:00+00:00,tt_grogol,40.0,37.225307
3,2026-08-18 22:00:00+00:00,tt_kebonjeruk,35.0,32.429447
3,2026-08-18 22:00:00+00:00,tt_kelapagading,29.0,29.722153
3,2026-08-18 22:00:00+00:00,tt_kuningan,21.0,21.687263
3,2026-08-18 22:00:00+00:00,tt_sudirman,39.0,37.607
3,2026-08-18 22:00:00+00:00,tt_tangerang,48.0,44.09256
3,2026-08-18 22:00:00+00:00,tt_tbsimatupang,72.0,58.87001
3,2026-08-18 22:00:00+00:00,tt_thamrin,22.0,23.244816
3,2026-08-19 00:00:00+00:00,tt_bekasi,15.0,17.542635
3,2026-08-19 00:00:00+00:00,tt_bogor,35.0,39.045235
3,2026-08-19 00:00:00+00:00,tt_bsd,29.0,31.163422
3,2026-08-19 00:00:00+00:00,tt_cawang,20.0,39.3556
3,2026-08-19 00:00:00+00:00,tt_depok,31.0,29.408077
3,2026-08-19 00:00:00+00:00,tt_gatsu,45.0,42.27482
3,2026-08-19 00:00:00+00:00,tt_grogol,40.0,36.93006
3,2026-08-19 00:00:00+00:00,tt_kebonjeruk,27.0,32.503757
3,2026-08-19 00:00:00+00:00,tt_kelapagading,29.0,29.708729
3,2026-08-19 00:00:00+00:00,tt_kuningan,21.0,22.051819
3,2026-08-19 00:00:00+00:00,tt_sudirman,39.0,37.56624
3,2026-08-19 00:00:00+00:00,tt_tangerang,48.0,43.74031
3,2026-08-19 00:00:00+00:00,tt_tbsimatupang,39.0,58.552532
3,2026-08-19 00:00:00+00:00,tt_thamrin,19.0,22.60799
3,2026-08-19 01:00:00+00:00,tt_bekasi,15.999999,17.168095
3,2026-08-19 01:00:00+00:00,tt_bogor,37.0,38.940704
3,2026-08-19 01:00:00+00:00,tt_bsd,34.0,31.05134
3,2026-08-19 01:00:00+00:00,tt_cawang,13.0,39.121796
3,2026-08-19 01:00:00+00:00,tt_depok,27.0,29.414139
3,2026-08-19 01:00:00+00:00,tt_gatsu,13.0,41.93335
3,2026-08-19 01:00:00+00:00,tt_grogol,32.0,36.769985
3,2026-08-19 01:00:00+00:00,tt_kebonjeruk,25.0,32.478558
3,2026-08-19 01:00:00+00:00,tt_kelapagading,29.0,29.648556
3,2026-08-19 01:00:00+00:00,tt_kuningan,21.0,22.006134
3,2026-08-19 01:00:00+00:00,tt_sudirman,22.0,37.46899
3,2026-08-19 01:00:00+00:00,tt_tangerang,39.0,43.620094
3,2026-08-19 01:00:00+00:00,tt_tbsimatupang,18.0,58.4259
3,2026-08-19 01:00:00+00:00,tt_thamrin,22.0,22.285553
3,2026-08-19 03:00:00+00:00,tt_bekasi,15.999999,15.592764
3,2026-08-19 03:00:00+00:00,tt_bogor,37.0,35.87643
3,2026-08-19 03:00:00+00:00,tt_bsd,34.0,29.742138
3,2026-08-19 03:00:00+00:00,tt_cawang,20.0,31.050661
3,2026-08-19 03:00:00+00:00,tt_depok,31.0,29.177536
3,2026-08-19 03:00:00+00:00,tt_gatsu,45.0,42.175484
3,2026-08-19 03:00:00+00:00,tt_grogol,31.0,36.78537
3,2026-08-19 03:00:00+00:00,tt_kebonjeruk,23.0,30.036161
3,2026-08-19 03:00:00+00:00,tt_kelapagading,29.0,29.102877
3,2026-08-19 03:00:00+00:00,tt_kuningan,15.999999,20.803822
3,2026-08-19 03:00:00+00:00,tt_sudirman,24.0,37.760143
3,2026-08-19 03:00:00+00:00,tt_tangerang,40.0,43.748734
3,2026-08-19 03:00:00+00:00,tt_tbsimatupang,33.0,47.457653
3,2026-08-19 03:00:00+00:00,tt_thamrin,20.0,20.619179
3,2026-08-19 05:00:00+00:00,tt_bekasi,15.0,14.65513
3,2026-08-19 05:00:00+00:00,tt_bogor,32.0,35.56302
3,2026-08-19 05:00:00+00:00,tt_bsd,34.0,31.00032
3,2026-08-19 05:00:00+00:00,tt_cawang,17.0,23.941954
3,2026-08-19 05:00:00+00:00,tt_depok,31.0,26.14608
3,2026-08-19 05:00:00+00:00,tt_gatsu,45.0,28.50413
3,2026-08-19 05:00:00+00:00,tt_grogol,31.0,32.44407
3,2026-08-19 05:00:00+00:00,tt_kebonjeruk,24.0,26.176462
3,2026-08-19 05:00:00+00:00,tt_kelapagading,21.0,29.150824
3,2026-08-19 05:00:00+00:00,tt_kuningan,17.0,19.054794
3,2026-08-19 05:00:00+00:00,tt_sudirman,27.0,29.124224
3,2026-08-19 05:00:00+00:00,tt_tangerang,40.0,39.46901
3,2026-08-19 05:00:00+00:00,tt_tbsimatupang,43.0,37.143936
3,2026-08-19 05:00:00+00:00,tt_thamrin,17.0,20.346561
3,2026-08-19 06:00:00+00:00,tt_bekasi,18.0,16.19868
3,2026-08-19 06:00:00+00:00,tt_bogor,35.0,36.097744
3,2026-08-19 06:00:00+00:00,tt_bsd,34.0,31.602919
3,2026-08-19 06:00:00+00:00,tt_cawang,19.0,25.63541
3,2026-08-19 06:00:00+00:00,tt_depok,27.0,28.124338
3,2026-08-19 06:00:00+00:00,tt_gatsu,30.0,39.87564
3,2026-08-19 06:00:00+00:00,tt_grogol,27.0,31.627104
3,2026-08-19 06:00:00+00:00,tt_kebonjeruk,21.0,24.911057
3,2026-08-19 06:00:00+00:00,tt_kelapagading,21.0,29.834534
3,2026-08-19 06:00:00+00:00,tt_kuningan,21.0,19.028545
3,2026-08-19 06:00:00+00:00,tt_sudirman,18.0,29.316761
3,2026-08-19 06:00:00+00:00,tt_tangerang,38.0,39.38465
3,2026-08-19 06:00:00+00:00,tt_tbsimatupang,48.0,41.421043
3,2026-08-19 06:00:00+00:00,tt_thamrin,13.0,19.941566
3,2026-08-19 08:00:00+00:00,tt_bekasi,15.0,16.257298
3,2026-08-19 08:00:00+00:00,tt_bogor,34.0,34.91452
3,2026-08-19 08:00:00+00:00,tt_bsd,28.0,32.33992
3,2026-08-19 08:00:00+00:00,tt_cawang,32.0,24.463333
3,2026-08-19 08:00:00+00:00,tt_depok,25.0,29.714643
3,2026-08-19 08:00:00+00:00,tt_gatsu,26.0,46.145603
3,2026-08-19 08:00:00+00:00,tt_grogol,27.0,31.321978
3,2026-08-19 08:00:00+00:00,tt_kebonjeruk,18.0,24.219398
3,2026-08-19 08:00:00+00:00,tt_kelapagading,22.0,27.89874
3,2026-08-19 08:00:00+00:00,tt_kuningan,21.0,18.978695
3,2026-08-19 08:00:00+00:00,tt_sudirman,22.0,29.66761
3,2026-08-19 08:00:00+00:00,tt_tangerang,48.0,39.442955
3,2026-08-19 08:00:00+00:00,tt_tbsimatupang,32.0,44.497208
3,2026-08-19 08:00:00+00:00,tt_thamrin,8.0,19.145247
3,2026-08-19 10:00:00+00:00,tt_bekasi,13.0,17.373636
3,2026-08-19 10:00:00+00:00,tt_bogor,30.0,35.469486
3,2026-08-19 10:00:00+00:00,tt_bsd,34.0,32.565563
3,2026-08-19 10:00:00+00:00,tt_cawang,43.0,23.716892
3,2026-08-19 10:00:00+00:00,tt_depok,23.0,28.322304
3,2026-08-19 10:00:00+00:00,tt_gatsu,23.0,39.533543
3,2026-08-19 10:00:00+00:00,tt_grogol,30.0,29.107353
3,2026-08-19 10:00:00+00:00,tt_kebonjeruk,19.0,22.174797
3,2026-08-19 10:00:00+00:00,tt_kelapagading,22.0,26.86505
3,2026-08-19 10:00:00+00:00,tt_kuningan,15.999999,20.330616
3,2026-08-19 10:00:00+00:00,tt_sudirman,19.0,25.527754
3,2026-08-19 10:00:00+00:00,tt_tangerang,28.0,38.884148
3,2026-08-19 10:00:00+00:00,tt_tbsimatupang,34.0,48.340984
3,2026-08-19 10:00:00+00:00,tt_thamrin,17.0,17.071743
3,2026-08-19 11:00:00+00:00,tt_bekasi,18.0,17.180447
3,2026-08-19 11:00:00+00:00,tt_bogor,33.0,35.264496
3,2026-08-19 11:00:00+00:00,tt_bsd,27.0,30.540257
3,2026-08-19 11:00:00+00:00,tt_cawang,43.0,28.106037
3,2026-08-19 11:00:00+00:00,tt_depok,25.0,27.110239
3,2026-08-19 11:00:00+00:00,tt_gatsu,35.0,37.79754
3,2026-08-19 11:00:00+00:00,tt_grogol,32.0,29.074177
3,2026-08-19 11:00:00+00:00,tt_kebonjeruk,21.0,21.07268
3,2026-08-19 11:00:00+00:00,tt_kelapagading,20.0,27.258923
3,2026-08-19 11:00:00+00:00,tt_kuningan,15.999999,20.57028
3,2026-08-19 11:00:00+00:00,tt_sudirman,15.999999,26.300524
3,2026-08-19 11:00:00+00:00,tt_tangerang,26.0,42.727135
3,2026-08-19 11:00:00+00:00,tt_tbsimatupang,44.0,42.3403
3,2026-08-19 11:00:00+00:00,tt_thamrin,10.0,15.733038
3,2026-08-19 13:00:00+00:00,tt_bekasi,18.0,16.893948
3,2026-08-19 13:00:00+00:00,tt_bogor,45.0,33.64651
3,2026-08-19 13:00:00+00:00,tt_bsd,34.0,30.917847
3,2026-08-19 13:00:00+00:00,tt_cawang,43.0,37.47129
3,2026-08-19 13:00:00+00:00,tt_depok,25.0,25.61844
3,2026-08-19 13:00:00+00:00,tt_gatsu,45.0,35.942036
3,2026-08-19 13:00:00+00:00,tt_grogol,31.0,29.931963
3,2026-08-19 13:00:00+00:00,tt_kebonjeruk,27.0,20.230011
3,2026-08-19 13:00:00+00:00,tt_kelapagading,23.0,27.601292
3,2026-08-19 13:00:00+00:00,tt_kuningan,13.0,20.11777
3,2026-08-19 13:00:00+00:00,tt_sudirman,30.0,25.637453
3,2026-08-19 13:00:00+00:00,tt_tangerang,48.0,37.971058
3,2026-08-19 13:00:00+00:00,tt_tbsimatupang,72.0,39.96043
3,2026-08-19 13:00:00+00:00,tt_thamrin,20.0,17.378809
3,2026-08-19 15:00:00+00:00,tt_bekasi,15.999999,19.390541
3,2026-08-19 15:00:00+00:00,tt_bogor,38.0,33.812557
3,2026-08-19 15:00:00+00:00,tt_bsd,34.0,28.5606
3,2026-08-19 15:00:00+00:00,tt_cawang,32.0,43.19596
3,2026-08-19 15:00:00+00:00,tt_depok,31.0,26.10184
3,2026-08-19 15:00:00+00:00,tt_gatsu,45.0,39.866222
3,2026-08-19 15:00:00+00:00,tt_grogol,40.0,32.432343
3,2026-08-19 15:00:00+00:00,tt_kebonjeruk,31.0,20.784496
3,2026-08-19 15:00:00+00:00,tt_kelapagading,29.0,26.08388
3,2026-08-19 15:00:00+00:00,tt_kuningan,21.0,19.866959
3,2026-08-19 15:00:00+00:00,tt_sudirman,29.0,22.22768
3,2026-08-19 15:00:00+00:00,tt_tangerang,48.0,34.34962
3,2026-08-19 15:00:00+00:00,tt_tbsimatupang,72.0,43.635212
3,2026-08-19 15:00:00+00:00,tt_thamrin,21.0,16.206867
3,2026-08-19 16:00:00+00:00,tt_bekasi,18.0,19.700787
3,2026-08-19 16:00:00+00:00,tt_bogor,45.0,36.522804
3,2026-08-19 16:00:00+00:00,tt_bsd,34.0,30.769033
3,2026-08-19 16:00:00+00:00,tt_cawang,43.0,43.755615
3,2026-08-19 16:00:00+00:00,tt_depok,31.0,26.230396
3,2026-08-19 16:00:00+00:00,tt_gatsu,45.0,42.95776
3,2026-08-19 16:00:00+00:00,tt_grogol,40.0,33.73978
3,2026-08-19 16:00:00+00:00,tt_kebonjeruk,35.0,25.061434
3,2026-08-19 16:00:00+00:00,tt_kelapagading,29.0,26.985855
3,2026-08-19 16:00:00+00:00,tt_kuningan,21.0,19.578266
3,2026-08-19 16:00:00+00:00,tt_sudirman,39.0,27.29838
3,2026-08-19 16:00:00+00:00,tt_tangerang,48.0,41.641243
3,2026-08-19 16:00:00+00:00,tt_tbsimatupang,72.0,52.69184
3,2026-08-19 16:00:00+00:00,tt_thamrin,22.0,19.4286
3,2026-08-19 18:00:00+00:00,tt_bekasi,18.0,18.543484
3,2026-08-19 18:00:00+00:00,tt_bogor,45.0,36.98506
3,2026-08-19 18:00:00+00:00,tt_bsd,34.0,32.139812
3,2026-08-19 18:00:00+00:00,tt_cawang,43.0,40.16537
3,2026-08-19 18:00:00+00:00,tt_depok,31.0,27.399403
3,2026-08-19 18:00:00+00:00,tt_gatsu,45.0,43.758663
3,2026-08-19 18:00:00+00:00,tt_grogol,40.0,36.559517
3,2026-08-19 18:00:00+00:00,tt_kebonjeruk,35.0,28.86472
3,2026-08-19 18:00:00+00:00,tt_kelapagading,29.0,28.407503
3,2026-08-19 18:00:00+00:00,tt_kuningan,21.0,20.662914
3,2026-08-19 18:00:00+00:00,tt_sudirman,39.0,30.087519
3,2026-08-19 18:00:00+00:00,tt_tangerang,44.0,45.43578
3,2026-08-19 18:00:00+00:00,tt_tbsimatupang,72.0,58.26188
3,2026-08-19 18:00:00+00:00,tt_thamrin,22.0,22.48795
3,2026-08-19 20:00:00+00:00,tt_bekasi,18.0,18.92516
3,2026-08-19 20:00:00+00:00,tt_bogor,45.0,39.00487
3,2026-08-19 20:00:00+00:00,tt_bsd,34.0,32.089867
3,2026-08-19 20:00:00+00:00,tt_cawang,43.0,42.14299
3,2026-08-19 20:00:00+00:00,tt_depok,31.0,28.791327
3,2026-08-19 20:00:00+00:00,tt_gatsu,45.0,42.51608
3,2026-08-19 20:00:00+00:00,tt_grogol,40.0,38.004986
3,2026-08-19 20:00:00+00:00,tt_kebonjeruk,35.0,32.0391
3,2026-08-19 20:00:00+00:00,tt_kelapagading,29.0,29.91212
3,2026-08-19 20:00:00+00:00,tt_kuningan,21.0,22.256006
3,2026-08-19 20:00:00+00:00,tt_sudirman,39.0,35.883743
3,2026-08-19 20:00:00+00:00,tt_tangerang,48.0,45.48675
3,2026-08-19 20:00:00+00:00,tt_tbsimatupang,72.0,58.96039
3,2026-08-19 20:00:00+00:00,tt_thamrin,22.0,23.967724
3,2026-08-19 21:00:00+00:00,tt_bekasi,18.0,18.674664
3,2026-08-19 21:00:00+00:00,tt_bogor,45.0,39.234547
3,2026-08-19 21:00:00+00:00,tt_bsd,34.0,31.950989
3,2026-08-19 21:00:00+00:00,tt_cawang,43.0,41.94046
3,2026-08-19 21:00:00+00:00,tt_depok,31.0,29.14846
3,2026-08-19 21:00:00+00:00,tt_gatsu,45.0,42.36269
3,2026-08-19 21:00:00+00:00,tt_grogol,40.0,38.114685
3,2026-08-19 21:00:00+00:00,tt_kebonjeruk,35.0,32.54763
3,2026-08-19 21:00:00+00:00,tt_kelapagading,29.0,29.902315
3,2026-08-19 21:00:00+00:00,tt_kuningan,21.0,22.241465
3,2026-08-19 21:00:00+00:00,tt_sudirman,39.0,36.753082
3,2026-08-19 21:00:00+00:00,tt_tangerang,48.0,43.818783
3,2026-08-19 21:00:00+00:00,tt_tbsimatupang,72.0,58.888565
3,2026-08-19 21:00:00+00:00,tt_thamrin,22.0,23.819426
3,2026-08-19 23:00:00+00:00,tt_bekasi,17.0,18.231396
3,2026-08-19 23:00:00+00:00,tt_bogor,35.0,39.156696
3,2026-08-19 23:00:00+00:00,tt_bsd,34.0,31.588657
3,2026-08-19 23:00:00+00:00,tt_cawang,26.0,40.996887
3,2026-08-19 23:00:00+00:00,tt_depok,31.0,29.401104
3,2026-08-19 23:00:00+00:00,tt_gatsu,45.0,41.958477
3,2026-08-19 23:00:00+00:00,tt_grogol,35.0,37.741688
3,2026-08-19 23:00:00+00:00,tt_kebonjeruk,30.0,32.810658
3,2026-08-19 23:00:00+00:00,tt_kelapagading,29.0,29.6672
3,2026-08-19 23:00:00+00:00,tt_kuningan,21.0,22.021542
3,2026-08-19 23:00:00+00:00,tt_sudirman,39.0,37.269463
3,2026-08-19 23:00:00+00:00,tt_tangerang,48.0,43.514366
3,2026-08-19 23:00:00+00:00,tt_tbsimatupang,72.0,58.626526
3,2026-08-19 23:00:00+00:00,tt_thamrin,20.0,23.358557
3,2026-08-20 01:00:00+00:00,tt_bekasi,18.0,17.732067
3,2026-08-20 01:00:00+00:00,tt_bogor,35.0,38.946743
3,2026-08-20 01:00:00+00:00,tt_bsd,29.0,31.198837
3,2026-08-20 01:00:00+00:00,tt_cawang,14.0,39.838234
3,2026-08-20 01:00:00+00:00,tt_depok,31.0,29.421337
3,2026-08-20 01:00:00+00:00,tt_gatsu,37.0,41.509842
3,2026-08-20 01:00:00+00:00,tt_grogol,30.0,37.238052
3,2026-08-20 01:00:00+00:00,tt_kebonjeruk,26.0,32.724075
3,2026-08-20 01:00:00+00:00,tt_kelapagading,29.0,29.541386
3,2026-08-20 01:00:00+00:00,tt_kuningan,21.0,21.941208
3,2026-08-20 01:00:00+00:00,tt_sudirman,27.0,37.40262
3,2026-08-20 01:00:00+00:00,tt_tangerang,36.0,43.523438
3,2026-08-20 01:00:00+00:00,tt_tbsimatupang,18.0,58.395844
3,2026-08-20 01:00:00+00:00,tt_thamrin,18.0,22.769882
3,2026-08-20 02:00:00+00:00,tt_bekasi,18.0,16.900337
3,2026-08-20 02:00:00+00:00,tt_bogor,40.0,35.731236
3,2026-08-20 02:00:00+00:00,tt_bsd,34.0,31.106735
3,2026-08-20 02:00:00+00:00,tt_cawang,18.0,34.10986
3,2026-08-20 02:00:00+00:00,tt_depok,31.0,29.492939
3,2026-08-20 02:00:00+00:00,tt_gatsu,45.0,41.59489
3,2026-08-20 02:00:00+00:00,tt_grogol,30.0,35.40231
3,2026-08-20 02:00:00+00:00,tt_kebonjeruk,26.0,31.283278
3,2026-08-20 02:00:00+00:00,tt_kelapagading,25.0,29.207638
3,2026-08-20 02:00:00+00:00,tt_kuningan,21.0,21.598705
3,2026-08-20 02:00:00+00:00,tt_sudirman,25.0,37.807373
3,2026-08-20 02:00:00+00:00,tt_tangerang,48.0,43.758263
3,2026-08-20 02:00:00+00:00,tt_tbsimatupang,21.0,58.75488
3,2026-08-20 02:00:00+00:00,tt_thamrin,18.0,21.518047
3,2026-08-20 04:00:00+00:00,tt_bekasi,15.0,16.375145
3,2026-08-20 04:00:00+00:00,tt_bogor,35.0,33.258747
3,2026-08-20 04:00:00+00:00,tt_bsd,34.0,28.793089
3,2026-08-20 04:00:00+00:00,tt_cawang,20.0,25.827908
3,2026-08-20 04:00:00+00:00,tt_depok,27.0,28.638662
3,2026-08-20 04:00:00+00:00,tt_gatsu,45.0,38.45852
3,2026-08-20 04:00:00+00:00,tt_grogol,25.0,31.637411
3,2026-08-20 04:00:00+00:00,tt_kebonjeruk,25.0,27.746096
3,2026-08-20 04:00:00+00:00,tt_kelapagading,22.0,28.984243
3,2026-08-20 04:00:00+00:00,tt_kuningan,21.0,19.729681
3,2026-08-20 04:00:00+00:00,tt_sudirman,26.0,33.27711
3,2026-08-20 04:00:00+00:00,tt_tangerang,48.0,39.634254
3,2026-08-20 04:00:00+00:00,tt_tbsimatupang,45.0,40.029587
3,2026-08-20 04:00:00+00:00,tt_thamrin,13.0,19.185394
3,2026-08-20 06:00:00+00:00,tt_bekasi,15.0,17.097458
3,2026-08-20 06:00:00+00:00,tt_bogor,39.0,37.24328
3,2026-08-20 06:00:00+00:00,tt_bsd,34.0,31.000425
3,2026-08-20 06:00:00+00:00,tt_cawang,28.0,23.6803
3,2026-08-20 06:00:00+00:00,tt_depok,29.0,29.156742
3,2026-08-20 06:00:00+00:00,tt_gatsu,28.0,43.82994
3,2026-08-20 06:00:00+00:00,tt_grogol,29.0,30.226437
3,2026-08-20 06:00:00+00:00,tt_kebonjeruk,25.0,26.585175
3,2026-08-20 06:00:00+00:00,tt_kelapagading,20.0,27.52275
3,2026-08-20 06:00:00+00:00,tt_kuningan,15.999999,19.88593
3,2026-08-20 06:00:00+00:00,tt_sudirman,21.0,30.171982
3,2026-08-20 06:00:00+00:00,tt_tangerang,38.0,43.66041
3,2026-08-20 06:00:00+00:00,tt_tbsimatupang,27.0,39.697742
3,2026-08-20 06:00:00+00:00,tt_thamrin,12.0,18.270473
3,2026-08-20 07:00:00+00:00,tt_bekasi,15.999999,16.376345
3,2026-08-20 07:00:00+00:00,tt_bogor,36.0,36.241127
3,2026-08-20 07:00:00+00:00,tt_bsd,34.0,31.399221
3,2026-08-20 07:00:00+00:00,tt_cawang,21.0,23.738365
3,2026-08-20 07:00:00+00:00,tt_depok,26.0,28.470228
3,2026-08-20 07:00:00+00:00,tt_gatsu,20.0,44.8972
3,2026-08-20 07:00:00+00:00,tt_grogol,29.0,28.193422
3,2026-08-20 07:00:00+00:00,tt_kebonjeruk,22.0,25.765247
3,2026-08-20 07:00:00+00:00,tt_kelapagading,20.0,26.380129
3,2026-08-20 07:00:00+00:00,tt_kuningan,21.0,20.723083
3,2026-08-20 07:00:00+00:00,tt_sudirman,20.0,29.814104
3,2026-08-20 07:00:00+00:00,tt_tangerang,37.0,44.56648
3,2026-08-20 07:00:00+00:00,tt_tbsimatupang,49.0,46.49682
3,2026-08-20 07:00:00+00:00,tt_thamrin,12.0,16.76811
3,2026-08-20 09:00:00+00:00,tt_bekasi,14.0,15.747632
3,2026-08-20 09:00:00+00:00,tt_bogor,34.0,37.348293
3,2026-08-20 09:00:00+00:00,tt_bsd,28.0,31.912271
3,2026-08-20 09:00:00+00:00,tt_cawang,30.0,25.48888
3,2026-08-20 09:00:00+00:00,tt_depok,26.0,28.341503
3,2026-08-20 09:00:00+00:00,tt_gatsu,32.0,39.04085
3,2026-08-20 09:00:00+00:00,tt_grogol,31.0,27.828833
3,2026-08-20 09:00:00+00:00,tt_kebonjeruk,21.0,24.939661
3,2026-08-20 09:00:00+00:00,tt_kelapagading,21.0,25.287785
3,2026-08-20 09:00:00+00:00,tt_kuningan,13.0,18.94859
3,2026-08-20 09:00:00+00:00,tt_sudirman,23.0,27.669827
3,2026-08-20 09:00:00+00:00,tt_tangerang,34.0,41.87339
3,2026-08-20 09:00:00+00:00,tt_tbsimatupang,47.0,41.47972
3,2026-08-20 09:00:00+00:00,tt_thamrin,18.0,15.635132
3,2026-08-20 11:00:00+00:00,tt_bekasi,18.0,16.172722
3,2026-08-20 11:00:00+00:00,tt_bogor,35.0,36.70899
3,2026-08-20 11:00:00+00:00,tt_bsd,34.0,32.180614
3,2026-08-20 11:00:00+00:00,tt_cawang,33.0,23.738441
3,2026-08-20 11:00:00+00:00,tt_depok,26.0,27.310637
3,2026-08-20 11:00:00+00:00,tt_gatsu,7.0,35.07265
3,2026-08-20 11:00:00+00:00,tt_grogol,29.0,28.758568
3,2026-08-20 11:00:00+00:00,tt_kebonjeruk,18.0,23.336784
3,2026-08-20 11:00:00+00:00,tt_kelapagading,21.0,24.82198
3,2026-08-20 11:00:00+00:00,tt_kuningan,15.999999,20.595036
3,2026-08-20 11:00:00+00:00,tt_sudirman,12.0,26.029835
3,2026-08-20 11:00:00+00:00,tt_tangerang,35.0,39.92076
3,2026-08-20 11:00:00+00:00,tt_tbsimatupang,24.0,49.758408
3,2026-08-20 11:00:00+00:00,tt_thamrin,10.0,15.512753
3,2026-08-20 12:00:00+00:00,tt_bekasi,14.0,16.598534
3,2026-08-20 12:00:00+00:00,tt_bogor,37.0,35.881256
3,2026-08-20 12:00:00+00:00,tt_bsd,34.0,30.188457
3,2026-08-20 12:00:00+00:00,tt_cawang,43.0,26.690338
3,2026-08-20 12:00:00+00:00,tt_depok,24.0,27.07082
3,2026-08-20 12:00:00+00:00,tt_gatsu,10.0,38.302742
3,2026-08-20 12:00:00+00:00,tt_grogol,32.0,30.007772
3,2026-08-20 12:00:00+00:00,tt_kebonjeruk,23.0,22.793917
3,2026-08-20 12:00:00+00:00,tt_kelapagading,21.0,25.416782
3,2026-08-20 12:00:00+00:00,tt_kuningan,13.0,19.161877
3,2026-08-20 12:00:00+00:00,tt_sudirman,22.0,27.117348
3,2026-08-20 12:00:00+00:00,tt_tangerang,48.0,38.312706
3,2026-08-20 12:00:00+00:00,tt_tbsimatupang,40.0,49.61071
3,2026-08-20 12:00:00+00:00,tt_thamrin,9.0,17.325317
3,2026-08-20 14:00:00+00:00,tt_bekasi,18.0,17.449123
3,2026-08-20 14:00:00+00:00,tt_bogor,38.0,35.491707
3,2026-08-20 14:00:00+00:00,tt_bsd,27.0,30.583057
3,2026-08-20 14:00:00+00:00,tt_cawang,32.0,30.285374
3,2026-08-20 14:00:00+00:00,tt_depok,31.0,26.08857
3,2026-08-20 14:00:00+00:00,tt_gatsu,45.0,31.573399
3,2026-08-20 14:00:00+00:00,tt_grogol,40.0,30.215893
3,2026-08-20 14:00:00+00:00,tt_kebonjeruk,28.0,21.164537
3,2026-08-20 14:00:00+00:00,tt_kelapagading,29.0,25.141737
3,2026-08-20 14:00:00+00:00,tt_kuningan,15.999999,17.455835
3,2026-08-20 14:00:00+00:00,tt_sudirman,39.0,22.797195
3,2026-08-20 14:00:00+00:00,tt_tangerang,48.0,37.724438
3,2026-08-20 14:00:00+00:00,tt_tbsimatupang,59.0,39.9955
3,2026-08-20 14:00:00+00:00,tt_thamrin,13.0,16.620459
3,2026-08-20 16:00:00+00:00,tt_bekasi,15.0,17.032059
3,2026-08-20 16:00:00+00:00,tt_bogor,45.0,35.945282
3,2026-08-20 16:00:00+00:00,tt_bsd,34.0,32.22851
3,2026-08-20 16:00:00+00:00,tt_cawang,43.0,41.842243
3,2026-08-20 16:00:00+00:00,tt_depok,31.0,25.291576
3,2026-08-20 16:00:00+00:00,tt_gatsu,45.0,30.106977
3,2026-08-20 16:00:00+00:00,tt_grogol,40.0,32.772186
3,2026-08-20 16:00:00+00:00,tt_kebonjeruk,35.0,23.505102
3,2026-08-20 16:00:00+00:00,tt_kelapagading,29.0,24.834305
3,2026-08-20 16:00:00+00:00,tt_kuningan,21.0,17.07425
3,2026-08-20 16:00:00+00:00,tt_sudirman,39.0,24.784576
3,2026-08-20 16:00:00+00:00,tt_tangerang,48.0,44.282104
3,2026-08-20 16:00:00+00:00,tt_tbsimatupang,72.0,44.244965
3,2026-08-20 16:00:00+00:00,tt_thamrin,22.0,15.947418
3,2026-08-20 17:00:00+00:00,tt_bekasi,18.0,19.497204
3,2026-08-20 17:00:00+00:00,tt_bogor,45.0,35.905552
3,2026-08-20 17:00:00+00:00,tt_bsd,34.0,30.62925
3,2026-08-20 17:00:00+00:00,tt_cawang,43.0,39.418823
3,2026-08-20 17:00:00+00:00,tt_depok,31.0,27.205564
3,2026-08-20 17:00:00+00:00,tt_gatsu,45.0,40.516777
3,2026-08-20 17:00:00+00:00,tt_grogol,40.0,36.38163
3,2026-08-20 17:00:00+00:00,tt_kebonjeruk,35.0,26.166714
3,2026-08-20 17:00:00+00:00,tt_kelapagading,29.0,28.283289
3,2026-08-20 17:00:00+00:00,tt_kuningan,21.0,19.278862
3,2026-08-20 17:00:00+00:00,tt_sudirman,39.0,33.755966
3,2026-08-20 17:00:00+00:00,tt_tangerang,48.0,45.200317
3,2026-08-20 17:00:00+00:00,tt_tbsimatupang,72.0,50.31269
3,2026-08-20 17:00:00+00:00,tt_thamrin,22.0,17.775032
3,2026-08-20 19:00:00+00:00,tt_bekasi,18.0,19.38546
3,2026-08-20 19:00:00+00:00,tt_bogor,45.0,37.671417
3,2026-08-20 19:00:00+00:00,tt_bsd,34.0,30.6154
3,2026-08-20 19:00:00+00:00,tt_cawang,43.0,40.83206
3,2026-08-20 19:00:00+00:00,tt_depok,31.0,28.887804
3,2026-08-20 19:00:00+00:00,tt_gatsu,45.0,43.723583
3,2026-08-20 19:00:00+00:00,tt_grogol,40.0,38.444107
3,2026-08-20 19:00:00+00:00,tt_kebonjeruk,35.0,29.934551
3,2026-08-20 19:00:00+00:00,tt_kelapagading,29.0,30.34774
3,2026-08-20 19:00:00+00:00,tt_kuningan,21.0,21.857613
3,2026-08-20 19:00:00+00:00,tt_sudirman,39.0,38.684643
3,2026-08-20 19:00:00+00:00,tt_tangerang,48.0,45.25777
3,2026-08-20 19:00:00+00:00,tt_tbsimatupang,72.0,56.729767
3,2026-08-20 19:00:00+00:00,tt_thamrin,22.0,21.291477
3,2026-08-20 21:00:00+00:00,tt_bekasi,18.0,19.646458
3,2026-08-20 21:00:00+00:00,tt_bogor,45.0,39.191418
3,2026-08-20 21:00:00+00:00,tt_bsd,34.0,31.573977
3,2026-08-20 21:00:00+00:00,tt_cawang,43.0,41.691162
3,2026-08-20 21:00:00+00:00,tt_depok,31.0,29.406197
3,2026-08-20 21:00:00+00:00,tt_gatsu,45.0,43.128197
3,2026-08-20 21:00:00+00:00,tt_grogol,40.0,38.306572
3,2026-08-20 21:00:00+00:00,tt_kebonjeruk,35.0,32.128056
3,2026-08-20 21:00:00+00:00,tt_kelapagading,29.0,30.522882
3,2026-08-20 21:00:00+00:00,tt_kuningan,21.0,22.58313
3,2026-08-20 21:00:00+00:00,tt_sudirman,39.0,39.042362
3,2026-08-20 21:00:00+00:00,tt_tangerang,48.0,44.793285
3,2026-08-20 21:00:00+00:00,tt_tbsimatupang,72.0,58.65386
3,2026-08-20 21:00:00+00:00,tt_thamrin,22.0,22.706417
3,2026-08-20 22:00:00+00:00,tt_bekasi,18.0,19.286823
3,2026-08-20 22:00:00+00:00,tt_bogor,45.0,39.3319
3,2026-08-20 22:00:00+00:00,tt_bsd,34.0,31.686285
3,2026-08-20 22:00:00+00:00,tt_cawang,43.0,41.46669
3,2026-08-20 22:00:00+00:00,tt_depok,31.0,29.491045
3,2026-08-20 22:00:00+00:00,tt_gatsu,45.0,42.966976
3,2026-08-20 22:00:00+00:00,tt_grogol,40.0,38.026463
3,2026-08-20 22:00:00+00:00,tt_kebonjeruk,35.0,32.445644
3,2026-08-20 22:00:00+00:00,tt_kelapagading,29.0,30.344513
3,2026-08-20 22:00:00+00:00,tt_kuningan,21.0,22.469326
3,2026-08-20 22:00:00+00:00,tt_sudirman,39.0,38.88887
3,2026-08-20 22:00:00+00:00,tt_tangerang,48.0,44.563087
3,2026-08-20 22:00:00+00:00,tt_tbsimatupang,72.0,58.800674
3,2026-08-20 22:00:00+00:00,tt_thamrin,22.0,22.637087
3,2026-08-21 00:00:00+00:00,tt_bekasi,18.0,18.694721
3,2026-08-21 00:00:00+00:00,tt_bogor,35.0,39.227608
3,2026-08-21 00:00:00+00:00,tt_bsd,29.0,31.567322
3,2026-08-21 00:00:00+00:00,tt_cawang,18.0,40.663826
3,2026-08-21 00:00:00+00:00,tt_depok,25.0,29.499968
3,2026-08-21 00:00:00+00:00,tt_gatsu,45.0,42.336243
3,2026-08-21 00:00:00+00:00,tt_grogol,34.0,37.44111
3,2026-08-21 00:00:00+00:00,tt_kebonjeruk,25.0,32.596104
3,2026-08-21 00:00:00+00:00,tt_kelapagading,26.0,30.018257
3,2026-08-21 00:00:00+00:00,tt_kuningan,21.0,22.453575
3,2026-08-21 00:00:00+00:00,tt_sudirman,31.0,38.51003
3,2026-08-21 00:00:00+00:00,tt_tangerang,37.0,44.106853
3,2026-08-21 00:00:00+00:00,tt_tbsimatupang,32.0,58.61301
3,2026-08-21 00:00:00+00:00,tt_thamrin,22.0,22.24625
3,2026-08-21 02:00:00+00:00,tt_bekasi,17.0,18.144724
3,2026-08-21 02:00:00+00:00,tt_bogor,37.0,38.960835
3,2026-08-21 02:00:00+00:00,tt_bsd,28.0,31.192429
3,2026-08-21 02:00:00+00:00,tt_cawang,19.0,39.74511
3,2026-08-21 02:00:00+00:00,tt_depok,26.0,29.416412
3,2026-08-21 02:00:00+00:00,tt_gatsu,45.0,41.7813
3,2026-08-21 02:00:00+00:00,tt_grogol,31.0,36.925797
3,2026-08-21 02:00:00+00:00,tt_kebonjeruk,26.0,32.481354
3,2026-08-21 02:00:00+00:00,tt_kelapagading,29.0,29.74302
3,2026-08-21 02:00:00+00:00,tt_kuningan,21.0,22.26617
3,2026-08-21 02:00:00+00:00,tt_sudirman,23.0,38.074196
3,2026-08-21 02:00:00+00:00,tt_tangerang,37.0,43.74297
3,2026-08-21 02:00:00+00:00,tt_tbsimatupang,37.0,58.367325
3,2026-08-21 02:00:00+00:00,tt_thamrin,22.0,22.082836
3,2026-08-21 03:00:00+00:00,tt_bekasi,15.0,17.194122
3,2026-08-21 03:00:00+00:00,tt_bogor,38.0,35.919613
3,2026-08-21 03:00:00+00:00,tt_bsd,34.0,29.322083
3,2026-08-21 03:00:00+00:00,tt_cawang,21.0,30.589642
3,2026-08-21 03:00:00+00:00,tt_depok,31.0,26.716427
3,2026-08-21 03:00:00+00:00,tt_gatsu,45.0,42.67525
3,2026-08-21 03:00:00+00:00,tt_grogol,27.0,34.981857
3,2026-08-21 03:00:00+00:00,tt_kebonjeruk,24.0,28.879501
3,2026-08-21 03:00:00+00:00,tt_kelapagading,23.0,28.054356
3,2026-08-21 03:00:00+00:00,tt_kuningan,15.999999,20.692078
3,2026-08-21 03:00:00+00:00,tt_sudirman,28.0,34.623775
3,2026-08-21 03:00:00+00:00,tt_tangerang,48.0,39.99762
3,2026-08-21 03:00:00+00:00,tt_tbsimatupang,48.0,44.222565
3,2026-08-21 03:00:00+00:00,tt_thamrin,15.999999,21.287357
3,2026-08-21 05:00:00+00:00,tt_bekasi,15.999999,16.751251
3,2026-08-21 05:00:00+00:00,tt_bogor,45.0,35.169113
3,2026-08-21 05:00:00+00:00,tt_bsd,34.0,27.662762
3,2026-08-21 05:00:00+00:00,tt_cawang,43.0,26.237095
3,2026-08-21 05:00:00+00:00,tt_depok,31.0,25.437881
3,2026-08-21 05:00:00+00:00,tt_gatsu,45.0,43.892136
3,2026-08-21 05:00:00+00:00,tt_grogol,32.0,32.258884
3,2026-08-21 05:00:00+00:00,tt_kebonjeruk,27.0,26.251225
3,2026-08-21 05:00:00+00:00,tt_kelapagading,23.0,28.269114
3,2026-08-21 05:00:00+00:00,tt_kuningan,21.0,20.094555
3,2026-08-21 05:00:00+00:00,tt_sudirman,34.0,29.847918
3,2026-08-21 05:00:00+00:00,tt_tangerang,48.0,37.90584
3,2026-08-21 05:00:00+00:00,tt_tbsimatupang,72.0,43.017784
3,2026-08-21 05:00:00+00:00,tt_thamrin,21.0,21.046162
3,2026-08-21 07:00:00+00:00,tt_bekasi,14.0,15.770758
3,2026-08-21 07:00:00+00:00,tt_bogor,35.0,36.002396
3,2026-08-21 07:00:00+00:00,tt_bsd,34.0,30.51236
3,2026-08-21 07:00:00+00:00,tt_cawang,28.0,25.712362
3,2026-08-21 07:00:00+00:00,tt_depok,25.0,28.958256
3,2026-08-21 07:00:00+00:00,tt_gatsu,36.0,45.142883
3,2026-08-21 07:00:00+00:00,tt_grogol,28.0,29.385391
3,2026-08-21 07:00:00+00:00,tt_kebonjeruk,21.0,25.166674
3,2026-08-21 07:00:00+00:00,tt_kelapagading,20.0,26.219168
3,2026-08-21 07:00:00+00:00,tt_kuningan,21.0,18.129557
3,2026-08-21 07:00:00+00:00,tt_sudirman,18.0,29.776432
3,2026-08-21 07:00:00+00:00,tt_tangerang,39.0,43.535583
3,2026-08-21 07:00:00+00:00,tt_tbsimatupang,52.0,47.426533
3,2026-08-21 07:00:00+00:00,tt_thamrin,18.0,18.32151
3,2026-08-21 08:00:00+00:00,tt_bekasi,15.999999,16.561348
3,2026-08-21 08:00:00+00:00,tt_bogor,34.0,37.942974
3,2026-08-21 08:00:00+00:00,tt_bsd,34.0,31.043165
3,2026-08-21 08:00:00+00:00,tt_cawang,31.0,33.381187
3,2026-08-21 08:00:00+00:00,tt_depok,25.0,29.427372
3,2026-08-21 08:00:00+00:00,tt_gatsu,35.0,44.838264
3,2026-08-21 08:00:00+00:00,tt_grogol,29.0,31.045319
3,2026-08-21 08:00:00+00:00,tt_kebonjeruk,24.0,26.37878
3,2026-08-21 08:00:00+00:00,tt_kelapagading,21.0,26.789589
3,2026-08-21 08:00:00+00:00,tt_kuningan,17.0,20.671684
3,2026-08-21 08:00:00+00:00,tt_sudirman,24.0,32.973644
3,2026-08-21 08:00:00+00:00,tt_tangerang,40.0,44.520977
3,2026-08-21 08:00:00+00:00,tt_tbsimatupang,38.0,54.42238
3,2026-08-21 08:00:00+00:00,tt_thamrin,10.0,20.191807
3,2026-08-21 10:00:00+00:00,tt_bekasi,15.0,15.447628
3,2026-08-21 10:00:00+00:00,tt_bogor,32.0,36.82293
3,2026-08-21 10:00:00+00:00,tt_bsd,34.0,31.67101
3,2026-08-21 10:00:00+00:00,tt_cawang,22.0,33.05638
3,2026-08-21 10:00:00+00:00,tt_depok,24.0,27.967215
3,2026-08-21 10:00:00+00:00,tt_gatsu,34.0,41.58251
3,2026-08-21 10:00:00+00:00,tt_grogol,32.0,29.811293
3,2026-08-21 10:00:00+00:00,tt_kebonjeruk,20.0,24.103281
3,2026-08-21 10:00:00+00:00,tt_kelapagading,19.0,24.733759
3,2026-08-21 10:00:00+00:00,tt_kuningan,13.0,20.488493
3,2026-08-21 10:00:00+00:00,tt_sudirman,22.0,28.757565
3,2026-08-21 10:00:00+00:00,tt_tangerang,29.0,42.300705
3,2026-08-21 10:00:00+00:00,tt_tbsimatupang,27.0,52.58664
3,2026-08-21 10:00:00+00:00,tt_thamrin,19.0,19.883057
6,2026-08-18 07:00:00+00:00,tt_bekasi,15.0,15.023544
6,2026-08-18 07:00:00+00:00,tt_bogor,34.0,31.51114
6,2026-08-18 07:00:00+00:00,tt_bsd,30.0,28.872345
6,2026-08-18 07:00:00+00:00,tt_cawang,43.0,28.8162
6,2026-08-18 07:00:00+00:00,tt_depok,31.0,26.385319
6,2026-08-18 07:00:00+00:00,tt_gatsu,45.0,39.47683
6,2026-08-18 07:00:00+00:00,tt_grogol,32.0,30.951073
6,2026-08-18 07:00:00+00:00,tt_kebonjeruk,25.0,28.10812
6,2026-08-18 07:00:00+00:00,tt_kelapagading,22.0,31.39001
6,2026-08-18 07:00:00+00:00,tt_kuningan,15.0,20.04943
6,2026-08-18 07:00:00+00:00,tt_sudirman,28.0,35.372437
6,2026-08-18 07:00:00+00:00,tt_tangerang,38.0,36.665688
6,2026-08-18 07:00:00+00:00,tt_tbsimatupang,57.0,46.720226
6,2026-08-18 07:00:00+00:00,tt_thamrin,22.0,20.03326
6,2026-08-18 09:00:00+00:00,tt_bekasi,14.0,14.967731
6,2026-08-18 09:00:00+00:00,tt_bogor,35.0,33.646545
6,2026-08-18 09:00:00+00:00,tt_bsd,28.0,29.713867
6,2026-08-18 09:00:00+00:00,tt_cawang,29.0,27.197475
6,2026-08-18 09:00:00+00:00,tt_depok,24.0,28.158432
6,2026-08-18 09:00:00+00:00,tt_gatsu,45.0,40.417957
6,2026-08-18 09:00:00+00:00,tt_grogol,32.0,29.12741
6,2026-08-18 09:00:00+00:00,tt_kebonjeruk,23.0,26.716698
6,2026-08-18 09:00:00+00:00,tt_kelapagading,23.0,31.728788
6,2026-08-18 09:00:00+00:00,tt_kuningan,21.0,19.849678
6,2026-08-18 09:00:00+00:00,tt_sudirman,31.0,33.20593
6,2026-08-18 09:00:00+00:00,tt_tangerang,38.0,40.830315
6,2026-08-18 09:00:00+00:00,tt_tbsimatupang,43.0,46.111977
6,2026-08-18 09:00:00+00:00,tt_thamrin,22.0,18.666916
6,2026-08-18 10:00:00+00:00,tt_bekasi,14.0,14.9459915
6,2026-08-18 10:00:00+00:00,tt_bogor,35.0,34.191658
6,2026-08-18 10:00:00+00:00,tt_bsd,34.0,29.039064
6,2026-08-18 10:00:00+00:00,tt_cawang,30.0,26.949379
6,2026-08-18 10:00:00+00:00,tt_depok,25.0,29.293879
6,2026-08-18 10:00:00+00:00,tt_gatsu,3.999998,40.898544
6,2026-08-18 10:00:00+00:00,tt_grogol,31.0,28.771996
6,2026-08-18 10:00:00+00:00,tt_kebonjeruk,21.0,26.163496
6,2026-08-18 10:00:00+00:00,tt_kelapagading,21.0,32.427696
6,2026-08-18 10:00:00+00:00,tt_kuningan,14.0,19.245682
6,2026-08-18 10:00:00+00:00,tt_sudirman,23.0,32.702168
6,2026-08-18 10:00:00+00:00,tt_tangerang,34.0,40.273605
6,2026-08-18 10:00:00+00:00,tt_tbsimatupang,44.0,51.52809
6,2026-08-18 10:00:00+00:00,tt_thamrin,22.0,18.63784
6,2026-08-18 12:00:00+00:00,tt_bekasi,14.0,15.317989
6,2026-08-18 12:00:00+00:00,tt_bogor,35.0,35.47446
6,2026-08-18 12:00:00+00:00,tt_bsd,34.0,28.278263
6,2026-08-18 12:00:00+00:00,tt_cawang,34.0,28.571821
6,2026-08-18 12:00:00+00:00,tt_depok,26.0,28.040207
6,2026-08-18 12:00:00+00:00,tt_gatsu,45.0,45.268295
6,2026-08-18 12:00:00+00:00,tt_grogol,32.0,33.40645
6,2026-08-18 12:00:00+00:00,tt_kebonjeruk,25.0,24.808237
6,2026-08-18 12:00:00+00:00,tt_kelapagading,22.0,31.346437
6,2026-08-18 12:00:00+00:00,tt_kuningan,13.0,20.66637
6,2026-08-18 12:00:00+00:00,tt_sudirman,29.0,34.5593
6,2026-08-18 12:00:00+00:00,tt_tangerang,48.0,40.911102
6,2026-08-18 12:00:00+00:00,tt_tbsimatupang,72.0,53.144512
6,2026-08-18 12:00:00+00:00,tt_thamrin,17.0,19.941769
6,2026-08-18 14:00:00+00:00,tt_bekasi,15.999999,15.640434
6,2026-08-18 14:00:00+00:00,tt_bogor,45.0,34.335396
6,2026-08-18 14:00:00+00:00,tt_bsd,34.0,29.073637
6,2026-08-18 14:00:00+00:00,tt_cawang,32.0,37.059174
6,2026-08-18 14:00:00+00:00,tt_depok,26.0,29.794474
6,2026-08-18 14:00:00+00:00,tt_gatsu,45.0,45.955204
6,2026-08-18 14:00:00+00:00,tt_grogol,40.0,33.590862
6,2026-08-18 14:00:00+00:00,tt_kebonjeruk,31.0,25.047247
6,2026-08-18 14:00:00+00:00,tt_kelapagading,29.0,30.475971
6,2026-08-18 14:00:00+00:00,tt_kuningan,15.999999,18.930862
6,2026-08-18 14:00:00+00:00,tt_sudirman,30.0,33.518253
6,2026-08-18 14:00:00+00:00,tt_tangerang,48.0,40.383614
6,2026-08-18 14:00:00+00:00,tt_tbsimatupang,72.0,52.297306
6,2026-08-18 14:00:00+00:00,tt_thamrin,22.0,21.571339
6,2026-08-18 15:00:00+00:00,tt_bekasi,15.999999,15.283371
6,2026-08-18 15:00:00+00:00,tt_bogor,45.0,33.710217
6,2026-08-18 15:00:00+00:00,tt_bsd,34.0,28.361671
6,2026-08-18 15:00:00+00:00,tt_cawang,43.0,36.444622
6,2026-08-18 15:00:00+00:00,tt_depok,31.0,28.09276
6,2026-08-18 15:00:00+00:00,tt_gatsu,45.0,45.903008
6,2026-08-18 15:00:00+00:00,tt_grogol,40.0,33.520317
6,2026-08-18 15:00:00+00:00,tt_kebonjeruk,35.0,24.553576
6,2026-08-18 15:00:00+00:00,tt_kelapagading,29.0,30.152172
6,2026-08-18 15:00:00+00:00,tt_kuningan,21.0,19.583977
6,2026-08-18 15:00:00+00:00,tt_sudirman,39.0,33.546513
6,2026-08-18 15:00:00+00:00,tt_tangerang,48.0,40.20646
6,2026-08-18 15:00:00+00:00,tt_tbsimatupang,72.0,50.389824
6,2026-08-18 15:00:00+00:00,tt_thamrin,22.0,22.327206
6,2026-08-18 17:00:00+00:00,tt_bekasi,17.0,15.113499
6,2026-08-18 17:00:00+00:00,tt_bogor,45.0,33.200016
6,2026-08-18 17:00:00+00:00,tt_bsd,34.0,30.356022
6,2026-08-18 17:00:00+00:00,tt_cawang,43.0,36.588825
6,2026-08-18 17:00:00+00:00,tt_depok,31.0,26.416372
6,2026-08-18 17:00:00+00:00,tt_gatsu,45.0,45.795784
6,2026-08-18 17:00:00+00:00,tt_grogol,40.0,33.09088
6,2026-08-18 17:00:00+00:00,tt_kebonjeruk,35.0,23.0597
6,2026-08-18 17:00:00+00:00,tt_kelapagading,29.0,28.839731
6,2026-08-18 17:00:00+00:00,tt_kuningan,21.0,17.372578
6,2026-08-18 17:00:00+00:00,tt_sudirman,39.0,30.879444
6,2026-08-18 17:00:00+00:00,tt_tangerang,48.0,38.818604
6,2026-08-18 17:00:00+00:00,tt_tbsimatupang,72.0,46.991627
6,2026-08-18 17:00:00+00:00,tt_thamrin,22.0,23.634094
6,2026-08-18 19:00:00+00:00,tt_bekasi,17.0,15.940213
6,2026-08-18 19:00:00+00:00,tt_bogor,45.0,32.575542
6,2026-08-18 19:00:00+00:00,tt_bsd,34.0,31.397646
6,2026-08-18 19:00:00+00:00,tt_cawang,43.0,38.474632
6,2026-08-18 19:00:00+00:00,tt_depok,31.0,26.814484
6,2026-08-18 19:00:00+00:00,tt_gatsu,45.0,49.7574
6,2026-08-18 19:00:00+00:00,tt_grogol,40.0,33.555946
6,2026-08-18 19:00:00+00:00,tt_kebonjeruk,35.0,24.028776
6,2026-08-18 19:00:00+00:00,tt_kelapagading,29.0,27.572788
6,2026-08-18 19:00:00+00:00,tt_kuningan,21.0,16.880783
6,2026-08-18 19:00:00+00:00,tt_sudirman,39.0,31.913961
6,2026-08-18 19:00:00+00:00,tt_tangerang,48.0,43.148376
6,2026-08-18 19:00:00+00:00,tt_tbsimatupang,72.0,56.031883
6,2026-08-18 19:00:00+00:00,tt_thamrin,22.0,22.898352
6,2026-08-18 20:00:00+00:00,tt_bekasi,17.0,16.372921
6,2026-08-18 20:00:00+00:00,tt_bogor,45.0,34.481594
6,2026-08-18 20:00:00+00:00,tt_bsd,34.0,31.282475
6,2026-08-18 20:00:00+00:00,tt_cawang,43.0,37.890175
6,2026-08-18 20:00:00+00:00,tt_depok,31.0,26.833633
6,2026-08-18 20:00:00+00:00,tt_gatsu,45.0,49.157303
6,2026-08-18 20:00:00+00:00,tt_grogol,40.0,35.54291
6,2026-08-18 20:00:00+00:00,tt_kebonjeruk,35.0,26.313587
6,2026-08-18 20:00:00+00:00,tt_kelapagading,29.0,28.74133
6,2026-08-18 20:00:00+00:00,tt_kuningan,21.0,16.840317
6,2026-08-18 20:00:00+00:00,tt_sudirman,39.0,32.501953
6,2026-08-18 20:00:00+00:00,tt_tangerang,48.0,43.309376
6,2026-08-18 20:00:00+00:00,tt_tbsimatupang,72.0,55.68328
6,2026-08-18 20:00:00+00:00,tt_thamrin,22.0,24.022688
6,2026-08-18 22:00:00+00:00,tt_bekasi,17.0,16.455585
6,2026-08-18 22:00:00+00:00,tt_bogor,45.0,35.339684
6,2026-08-18 22:00:00+00:00,tt_bsd,34.0,30.827492
6,2026-08-18 22:00:00+00:00,tt_cawang,43.0,39.29772
6,2026-08-18 22:00:00+00:00,tt_depok,31.0,28.865553
6,2026-08-18 22:00:00+00:00,tt_gatsu,45.0,46.161804
6,2026-08-18 22:00:00+00:00,tt_grogol,40.0,36.239613
6,2026-08-18 22:00:00+00:00,tt_kebonjeruk,35.0,29.424465
6,2026-08-18 22:00:00+00:00,tt_kelapagading,29.0,29.540934
6,2026-08-18 22:00:00+00:00,tt_kuningan,21.0,19.060871
6,2026-08-18 22:00:00+00:00,tt_sudirman,39.0,35.86608
6,2026-08-18 22:00:00+00:00,tt_tangerang,48.0,41.87246
6,2026-08-18 22:00:00+00:00,tt_tbsimatupang,72.0,52.776947
6,2026-08-18 22:00:00+00:00,tt_thamrin,22.0,24.300545
6,2026-08-19 00:00:00+00:00,tt_bekasi,15.0,16.641516
6,2026-08-19 00:00:00+00:00,tt_bogor,35.0,34.57065
6,2026-08-19 00:00:00+00:00,tt_bsd,29.0,30.367651
6,2026-08-19 00:00:00+00:00,tt_cawang,20.0,38.19732
6,2026-08-19 00:00:00+00:00,tt_depok,31.0,29.286627
6,2026-08-19 00:00:00+00:00,tt_gatsu,45.0,42.879997
6,2026-08-19 00:00:00+00:00,tt_grogol,40.0,35.168736
6,2026-08-19 00:00:00+00:00,tt_kebonjeruk,27.0,30.196108
6,2026-08-19 00:00:00+00:00,tt_kelapagading,29.0,29.977032
6,2026-08-19 00:00:00+00:00,tt_kuningan,21.0,20.342789
6,2026-08-19 00:00:00+00:00,tt_sudirman,39.0,36.0467
6,2026-08-19 00:00:00+00:00,tt_tangerang,48.0,40.402615
6,2026-08-19 00:00:00+00:00,tt_tbsimatupang,39.0,50.24672
6,2026-08-19 00:00:00+00:00,tt_thamrin,19.0,23.643225
6,2026-08-19 01:00:00+00:00,tt_bekasi,15.999999,16.755302
6,2026-08-19 01:00:00+00:00,tt_bogor,37.0,34.282806
6,2026-08-19 01:00:00+00:00,tt_bsd,34.0,30.169462
6,2026-08-19 01:00:00+00:00,tt_cawang,13.0,37.16169
6,2026-08-19 01:00:00+00:00,tt_depok,27.0,29.262613
6,2026-08-19 01:00:00+00:00,tt_gatsu,13.0,41.562984
6,2026-08-19 01:00:00+00:00,tt_grogol,32.0,34.776817
6,2026-08-19 01:00:00+00:00,tt_kebonjeruk,25.0,30.266533
6,2026-08-19 01:00:00+00:00,tt_kelapagading,29.0,30.119793
6,2026-08-19 01:00:00+00:00,tt_kuningan,21.0,20.761824
6,2026-08-19 01:00:00+00:00,tt_sudirman,22.0,36.00035
6,2026-08-19 01:00:00+00:00,tt_tangerang,39.0,39.893684
6,2026-08-19 01:00:00+00:00,tt_tbsimatupang,18.0,49.311146
6,2026-08-19 01:00:00+00:00,tt_thamrin,22.0,23.151232
6,2026-08-19 03:00:00+00:00,tt_bekasi,15.999999,16.850735
6,2026-08-19 03:00:00+00:00,tt_bogor,37.0,33.776142
6,2026-08-19 03:00:00+00:00,tt_bsd,34.0,29.852203
6,2026-08-19 03:00:00+00:00,tt_cawang,20.0,35.938675
6,2026-08-19 03:00:00+00:00,tt_depok,31.0,29.225796
6,2026-08-19 03:00:00+00:00,tt_gatsu,45.0,39.07496
6,2026-08-19 03:00:00+00:00,tt_grogol,31.0,34.176773
6,2026-08-19 03:00:00+00:00,tt_kebonjeruk,23.0,30.330288
6,2026-08-19 03:00:00+00:00,tt_kelapagading,29.0,30.23904
6,2026-08-19 03:00:00+00:00,tt_kuningan,15.999999,21.470387
6,2026-08-19 03:00:00+00:00,tt_sudirman,24.0,35.817574
6,2026-08-19 03:00:00+00:00,tt_tangerang,40.0,39.1312
6,2026-08-19 03:00:00+00:00,tt_tbsimatupang,33.0,48.062363
6,2026-08-19 03:00:00+00:00,tt_thamrin,20.0,22.352978
6,2026-08-19 05:00:00+00:00,tt_bekasi,15.0,15.711809
6,2026-08-19 05:00:00+00:00,tt_bogor,32.0,33.433464
6,2026-08-19 05:00:00+00:00,tt_bsd,34.0,29.540287
6,2026-08-19 05:00:00+00:00,tt_cawang,17.0,35.15284
6,2026-08-19 05:00:00+00:00,tt_depok,31.0,29.207674
6,2026-08-19 05:00:00+00:00,tt_gatsu,45.0,37.581
6,2026-08-19 05:00:00+00:00,tt_grogol,31.0,33.68692
6,2026-08-19 05:00:00+00:00,tt_kebonjeruk,24.0,30.222805
6,2026-08-19 05:00:00+00:00,tt_kelapagading,21.0,30.08741
6,2026-08-19 05:00:00+00:00,tt_kuningan,17.0,21.371193
6,2026-08-19 05:00:00+00:00,tt_sudirman,27.0,35.46568
6,2026-08-19 05:00:00+00:00,tt_tangerang,40.0,38.716873
6,2026-08-19 05:00:00+00:00,tt_tbsimatupang,43.0,47.331367
6,2026-08-19 05:00:00+00:00,tt_thamrin,17.0,21.550354
6,2026-08-19 06:00:00+00:00,tt_bekasi,18.0,14.965357
6,2026-08-19 06:00:00+00:00,tt_bogor,35.0,31.651669
6,2026-08-19 06:00:00+00:00,tt_bsd,34.0,28.10721
6,2026-08-19 06:00:00+00:00,tt_cawang,19.0,32.960354
6,2026-08-19 06:00:00+00:00,tt_depok,27.0,28.18827
6,2026-08-19 06:00:00+00:00,tt_gatsu,30.0,37.386185
6,2026-08-19 06:00:00+00:00,tt_grogol,27.0,33.588337
6,2026-08-19 06:00:00+00:00,tt_kebonjeruk,21.0,28.644917
6,2026-08-19 06:00:00+00:00,tt_kelapagading,21.0,30.03443
6,2026-08-19 06:00:00+00:00,tt_kuningan,21.0,20.816936
6,2026-08-19 06:00:00+00:00,tt_sudirman,18.0,35.637165
6,2026-08-19 06:00:00+00:00,tt_tangerang,38.0,38.479034
6,2026-08-19 06:00:00+00:00,tt_tbsimatupang,48.0,46.10086
6,2026-08-19 06:00:00+00:00,tt_thamrin,13.0,20.46563
6,2026-08-19 08:00:00+00:00,tt_bekasi,15.0,14.639727
6,2026-08-19 08:00:00+00:00,tt_bogor,34.0,32.808605
6,2026-08-19 08:00:00+00:00,tt_bsd,28.0,29.240416
6,2026-08-19 08:00:00+00:00,tt_cawang,32.0,29.398695
6,2026-08-19 08:00:00+00:00,tt_depok,25.0,26.34827
6,2026-08-19 08:00:00+00:00,tt_gatsu,26.0,35.991623
6,2026-08-19 08:00:00+00:00,tt_grogol,27.0,32.074577
6,2026-08-19 08:00:00+00:00,tt_kebonjeruk,18.0,26.329927
6,2026-08-19 08:00:00+00:00,tt_kelapagading,22.0,30.723433
6,2026-08-19 08:00:00+00:00,tt_kuningan,21.0,19.857088
6,2026-08-19 08:00:00+00:00,tt_sudirman,22.0,33.372463
6,2026-08-19 08:00:00+00:00,tt_tangerang,48.0,37.058033
6,2026-08-19 08:00:00+00:00,tt_tbsimatupang,32.0,46.955315
6,2026-08-19 08:00:00+00:00,tt_thamrin,8.0,20.266201
6,2026-08-19 10:00:00+00:00,tt_bekasi,13.0,15.8022585
6,2026-08-19 10:00:00+00:00,tt_bogor,30.0,35.551033
6,2026-08-19 10:00:00+00:00,tt_bsd,34.0,30.708426
6,2026-08-19 10:00:00+00:00,tt_cawang,43.0,29.315086
6,2026-08-19 10:00:00+00:00,tt_depok,23.0,28.413727
6,2026-08-19 10:00:00+00:00,tt_gatsu,23.0,45.89603
6,2026-08-19 10:00:00+00:00,tt_grogol,30.0,31.853334
6,2026-08-19 10:00:00+00:00,tt_kebonjeruk,19.0,24.83751
6,2026-08-19 10:00:00+00:00,tt_kelapagading,22.0,32.41271
6,2026-08-19 10:00:00+00:00,tt_kuningan,15.999999,19.009672
6,2026-08-19 10:00:00+00:00,tt_sudirman,19.0,32.58844
6,2026-08-19 10:00:00+00:00,tt_tangerang,28.0,37.62593
6,2026-08-19 10:00:00+00:00,tt_tbsimatupang,34.0,47.03711
6,2026-08-19 10:00:00+00:00,tt_thamrin,17.0,20.19072
6,2026-08-19 11:00:00+00:00,tt_bekasi,18.0,15.734091
6,2026-08-19 11:00:00+00:00,tt_bogor,33.0,35.28477
6,2026-08-19 11:00:00+00:00,tt_bsd,27.0,31.071716
6,2026-08-19 11:00:00+00:00,tt_cawang,43.0,28.227148
6,2026-08-19 11:00:00+00:00,tt_depok,25.0,28.962029
6,2026-08-19 11:00:00+00:00,tt_gatsu,35.0,48.042313
6,2026-08-19 11:00:00+00:00,tt_grogol,32.0,31.963844
6,2026-08-19 11:00:00+00:00,tt_kebonjeruk,21.0,24.638407
6,2026-08-19 11:00:00+00:00,tt_kelapagading,20.0,31.709059
6,2026-08-19 11:00:00+00:00,tt_kuningan,15.999999,18.994007
6,2026-08-19 11:00:00+00:00,tt_sudirman,15.999999,32.662064
6,2026-08-19 11:00:00+00:00,tt_tangerang,26.0,37.997467
6,2026-08-19 11:00:00+00:00,tt_tbsimatupang,44.0,47.628384
6,2026-08-19 11:00:00+00:00,tt_thamrin,10.0,19.71969
6,2026-08-19 13:00:00+00:00,tt_bekasi,18.0,17.15557
6,2026-08-19 13:00:00+00:00,tt_bogor,45.0,35.62852
6,2026-08-19 13:00:00+00:00,tt_bsd,34.0,31.148802
6,2026-08-19 13:00:00+00:00,tt_cawang,43.0,26.840204
6,2026-08-19 13:00:00+00:00,tt_depok,25.0,28.055447
6,2026-08-19 13:00:00+00:00,tt_gatsu,45.0,47.633522
6,2026-08-19 13:00:00+00:00,tt_grogol,31.0,30.96804
6,2026-08-19 13:00:00+00:00,tt_kebonjeruk,27.0,23.13189
6,2026-08-19 13:00:00+00:00,tt_kelapagading,23.0,30.7904
6,2026-08-19 13:00:00+00:00,tt_kuningan,13.0,20.312817
6,2026-08-19 13:00:00+00:00,tt_sudirman,30.0,30.171137
6,2026-08-19 13:00:00+00:00,tt_tangerang,48.0,38.253075
6,2026-08-19 13:00:00+00:00,tt_tbsimatupang,72.0,49.285316
6,2026-08-19 13:00:00+00:00,tt_thamrin,20.0,18.334808
6,2026-08-19 15:00:00+00:00,tt_bekasi,15.999999,17.36353
6,2026-08-19 15:00:00+00:00,tt_bogor,38.0,35.4621
6,2026-08-19 15:00:00+00:00,tt_bsd,34.0,29.12654
6,2026-08-19 15:00:00+00:00,tt_cawang,32.0,31.911772
6,2026-08-19 15:00:00+00:00,tt_depok,31.0,26.811298
6,2026-08-19 15:00:00+00:00,tt_gatsu,45.0,45.723007
6,2026-08-19 15:00:00+00:00,tt_grogol,40.0,30.868774
6,2026-08-19 15:00:00+00:00,tt_kebonjeruk,31.0,21.479122
6,2026-08-19 15:00:00+00:00,tt_kelapagading,29.0,30.876112
6,2026-08-19 15:00:00+00:00,tt_kuningan,21.0,21.263325
6,2026-08-19 15:00:00+00:00,tt_sudirman,29.0,29.899797
6,2026-08-19 15:00:00+00:00,tt_tangerang,48.0,43.05159
6,2026-08-19 15:00:00+00:00,tt_tbsimatupang,72.0,47.267113
6,2026-08-19 15:00:00+00:00,tt_thamrin,21.0,16.821636
6,2026-08-19 16:00:00+00:00,tt_bekasi,18.0,17.299545
6,2026-08-19 16:00:00+00:00,tt_bogor,45.0,34.64935
6,2026-08-19 16:00:00+00:00,tt_bsd,34.0,30.335482
6,2026-08-19 16:00:00+00:00,tt_cawang,43.0,36.350006
6,2026-08-19 16:00:00+00:00,tt_depok,31.0,26.060278
6,2026-08-19 16:00:00+00:00,tt_gatsu,45.0,44.644547
6,2026-08-19 16:00:00+00:00,tt_grogol,40.0,31.68437
6,2026-08-19 16:00:00+00:00,tt_kebonjeruk,35.0,21.098675
6,2026-08-19 16:00:00+00:00,tt_kelapagading,29.0,30.92942
6,2026-08-19 16:00:00+00:00,tt_kuningan,21.0,20.820301
6,2026-08-19 16:00:00+00:00,tt_sudirman,39.0,29.047932
6,2026-08-19 16:00:00+00:00,tt_tangerang,48.0,42.801125
6,2026-08-19 16:00:00+00:00,tt_tbsimatupang,72.0,44.94621
6,2026-08-19 16:00:00+00:00,tt_thamrin,22.0,18.490147
6,2026-08-19 18:00:00+00:00,tt_bekasi,18.0,19.288975
6,2026-08-19 18:00:00+00:00,tt_bogor,45.0,33.982914
6,2026-08-19 18:00:00+00:00,tt_bsd,34.0,29.284176
6,2026-08-19 18:00:00+00:00,tt_cawang,43.0,43.311733
6,2026-08-19 18:00:00+00:00,tt_depok,31.0,25.840025
6,2026-08-19 18:00:00+00:00,tt_gatsu,45.0,43.711266
6,2026-08-19 18:00:00+00:00,tt_grogol,40.0,34.430374
6,2026-08-19 18:00:00+00:00,tt_kebonjeruk,35.0,21.537136
6,2026-08-19 18:00:00+00:00,tt_kelapagading,29.0,29.621561
6,2026-08-19 18:00:00+00:00,tt_kuningan,21.0,20.716341
6,2026-08-19 18:00:00+00:00,tt_sudirman,39.0,24.715519
6,2026-08-19 18:00:00+00:00,tt_tangerang,44.0,40.136356
6,2026-08-19 18:00:00+00:00,tt_tbsimatupang,72.0,44.42289
6,2026-08-19 18:00:00+00:00,tt_thamrin,22.0,17.738438
6,2026-08-19 20:00:00+00:00,tt_bekasi,18.0,18.735107
6,2026-08-19 20:00:00+00:00,tt_bogor,45.0,36.845734
6,2026-08-19 20:00:00+00:00,tt_bsd,34.0,31.896488
6,2026-08-19 20:00:00+00:00,tt_cawang,43.0,45.2819
6,2026-08-19 20:00:00+00:00,tt_depok,31.0,26.410961
6,2026-08-19 20:00:00+00:00,tt_gatsu,45.0,44.588837
6,2026-08-19 20:00:00+00:00,tt_grogol,40.0,34.930935
6,2026-08-19 20:00:00+00:00,tt_kebonjeruk,35.0,25.431503
6,2026-08-19 20:00:00+00:00,tt_kelapagading,29.0,28.475279
6,2026-08-19 20:00:00+00:00,tt_kuningan,21.0,18.910486
6,2026-08-19 20:00:00+00:00,tt_sudirman,39.0,29.263126
6,2026-08-19 20:00:00+00:00,tt_tangerang,48.0,45.670357
6,2026-08-19 20:00:00+00:00,tt_tbsimatupang,72.0,54.72406
6,2026-08-19 20:00:00+00:00,tt_thamrin,22.0,20.970495
6,2026-08-19 21:00:00+00:00,tt_bekasi,18.0,18.228024
6,2026-08-19 21:00:00+00:00,tt_bogor,45.0,35.28635
6,2026-08-19 21:00:00+00:00,tt_bsd,34.0,31.943138
6,2026-08-19 21:00:00+00:00,tt_cawang,43.0,43.846687
6,2026-08-19 21:00:00+00:00,tt_depok,31.0,27.705906
6,2026-08-19 21:00:00+00:00,tt_gatsu,45.0,43.36935
6,2026-08-19 21:00:00+00:00,tt_grogol,40.0,36.653664
6,2026-08-19 21:00:00+00:00,tt_kebonjeruk,35.0,27.482616
6,2026-08-19 21:00:00+00:00,tt_kelapagading,29.0,29.290789
6,2026-08-19 21:00:00+00:00,tt_kuningan,21.0,20.358154
6,2026-08-19 21:00:00+00:00,tt_sudirman,39.0,29.957148
6,2026-08-19 21:00:00+00:00,tt_tangerang,48.0,45.6937
6,2026-08-19 21:00:00+00:00,tt_tbsimatupang,72.0,54.184124
6,2026-08-19 21:00:00+00:00,tt_thamrin,22.0,22.067457
6,2026-08-19 23:00:00+00:00,tt_bekasi,17.0,18.315777
6,2026-08-19 23:00:00+00:00,tt_bogor,35.0,35.34578
6,2026-08-19 23:00:00+00:00,tt_bsd,34.0,31.36928
6,2026-08-19 23:00:00+00:00,tt_cawang,26.0,42.616066
6,2026-08-19 23:00:00+00:00,tt_depok,31.0,28.95921
6,2026-08-19 23:00:00+00:00,tt_gatsu,45.0,40.48966
6,2026-08-19 23:00:00+00:00,tt_grogol,35.0,37.085632
6,2026-08-19 23:00:00+00:00,tt_kebonjeruk,30.0,30.369076
6,2026-08-19 23:00:00+00:00,tt_kelapagading,29.0,30.227827
6,2026-08-19 23:00:00+00:00,tt_kuningan,21.0,21.462467
6,2026-08-19 23:00:00+00:00,tt_sudirman,39.0,34.53575
6,2026-08-19 23:00:00+00:00,tt_tangerang,48.0,43.65721
6,2026-08-19 23:00:00+00:00,tt_tbsimatupang,72.0,51.835087
6,2026-08-19 23:00:00+00:00,tt_thamrin,20.0,23.46484
6,2026-08-20 01:00:00+00:00,tt_bekasi,18.0,17.680626
6,2026-08-20 01:00:00+00:00,tt_bogor,35.0,34.53703
6,2026-08-20 01:00:00+00:00,tt_bsd,29.0,30.602005
6,2026-08-20 01:00:00+00:00,tt_cawang,14.0,40.16358
6,2026-08-20 01:00:00+00:00,tt_depok,31.0,29.240265
6,2026-08-20 01:00:00+00:00,tt_gatsu,37.0,39.180637
6,2026-08-20 01:00:00+00:00,tt_grogol,30.0,35.997196
6,2026-08-20 01:00:00+00:00,tt_kebonjeruk,26.0,30.794102
6,2026-08-20 01:00:00+00:00,tt_kelapagading,29.0,30.11851
6,2026-08-20 01:00:00+00:00,tt_kuningan,21.0,21.425606
6,2026-08-20 01:00:00+00:00,tt_sudirman,27.0,35.370388
6,2026-08-20 01:00:00+00:00,tt_tangerang,36.0,40.729362
6,2026-08-20 01:00:00+00:00,tt_tbsimatupang,18.0,49.303093
6,2026-08-20 01:00:00+00:00,tt_thamrin,18.0,23.521149
6,2026-08-20 02:00:00+00:00,tt_bekasi,18.0,17.408165
6,2026-08-20 02:00:00+00:00,tt_bogor,40.0,34.14136
6,2026-08-20 02:00:00+00:00,tt_bsd,34.0,30.448189
6,2026-08-20 02:00:00+00:00,tt_cawang,18.0,38.984516
6,2026-08-20 02:00:00+00:00,tt_depok,31.0,29.248428
6,2026-08-20 02:00:00+00:00,tt_gatsu,45.0,38.683792
6,2026-08-20 02:00:00+00:00,tt_grogol,30.0,35.61723
6,2026-08-20 02:00:00+00:00,tt_kebonjeruk,26.0,30.84766
6,2026-08-20 02:00:00+00:00,tt_kelapagading,25.0,30.0256
6,2026-08-20 02:00:00+00:00,tt_kuningan,21.0,21.31811
6,2026-08-20 02:00:00+00:00,tt_sudirman,25.0,35.44471
6,2026-08-20 02:00:00+00:00,tt_tangerang,48.0,40.074768
6,2026-08-20 02:00:00+00:00,tt_tbsimatupang,21.0,48.59298
6,2026-08-20 02:00:00+00:00,tt_thamrin,18.0,23.259571
6,2026-08-20 04:00:00+00:00,tt_bekasi,15.0,16.700153
6,2026-08-20 04:00:00+00:00,tt_bogor,35.0,33.621853
6,2026-08-20 04:00:00+00:00,tt_bsd,34.0,29.899523
6,2026-08-20 04:00:00+00:00,tt_cawang,20.0,36.764008
6,2026-08-20 04:00:00+00:00,tt_depok,27.0,29.231346
6,2026-08-20 04:00:00+00:00,tt_gatsu,45.0,37.807556
6,2026-08-20 04:00:00+00:00,tt_grogol,25.0,34.71555
6,2026-08-20 04:00:00+00:00,tt_kebonjeruk,25.0,30.698591
6,2026-08-20 04:00:00+00:00,tt_kelapagading,22.0,29.946623
6,2026-08-20 04:00:00+00:00,tt_kuningan,21.0,21.334694
6,2026-08-20 04:00:00+00:00,tt_sudirman,26.0,35.559383
6,2026-08-20 04:00:00+00:00,tt_tangerang,48.0,39.18046
6,2026-08-20 04:00:00+00:00,tt_tbsimatupang,45.0,47.587044
6,2026-08-20 04:00:00+00:00,tt_thamrin,13.0,22.584452
6,2026-08-20 06:00:00+00:00,tt_bekasi,15.0,15.80138
6,2026-08-20 06:00:00+00:00,tt_bogor,39.0,30.93285
6,2026-08-20 06:00:00+00:00,tt_bsd,34.0,29.458336
6,2026-08-20 06:00:00+00:00,tt_cawang,28.0,31.868996
6,2026-08-20 06:00:00+00:00,tt_depok,29.0,28.675837
6,2026-08-20 06:00:00+00:00,tt_gatsu,28.0,37.417854
6,2026-08-20 06:00:00+00:00,tt_grogol,29.0,32.291756
6,2026-08-20 06:00:00+00:00,tt_kebonjeruk,25.0,29.01744
6,2026-08-20 06:00:00+00:00,tt_kelapagading,20.0,29.902697
6,2026-08-20 06:00:00+00:00,tt_kuningan,15.999999,21.08199
6,2026-08-20 06:00:00+00:00,tt_sudirman,21.0,36.21627
6,2026-08-20 06:00:00+00:00,tt_tangerang,38.0,38.845917
6,2026-08-20 06:00:00+00:00,tt_tbsimatupang,27.0,47.63711
6,2026-08-20 06:00:00+00:00,tt_thamrin,12.0,20.577135
6,2026-08-20 07:00:00+00:00,tt_bekasi,15.999999,15.85718
6,2026-08-20 07:00:00+00:00,tt_bogor,36.0,30.581125
6,2026-08-20 07:00:00+00:00,tt_bsd,34.0,27.751675
6,2026-08-20 07:00:00+00:00,tt_cawang,21.0,29.53205
6,2026-08-20 07:00:00+00:00,tt_depok,26.0,28.160383
6,2026-08-20 07:00:00+00:00,tt_gatsu,20.0,36.75609
6,2026-08-20 07:00:00+00:00,tt_grogol,29.0,31.013773
6,2026-08-20 07:00:00+00:00,tt_kebonjeruk,22.0,27.697725
6,2026-08-20 07:00:00+00:00,tt_kelapagading,20.0,30.247417
6,2026-08-20 07:00:00+00:00,tt_kuningan,21.0,20.356243
6,2026-08-20 07:00:00+00:00,tt_sudirman,20.0,35.38885
6,2026-08-20 07:00:00+00:00,tt_tangerang,37.0,37.56649
6,2026-08-20 07:00:00+00:00,tt_tbsimatupang,49.0,50.340374
6,2026-08-20 07:00:00+00:00,tt_thamrin,12.0,19.529823
6,2026-08-20 09:00:00+00:00,tt_bekasi,14.0,16.347416
6,2026-08-20 09:00:00+00:00,tt_bogor,34.0,34.804523
6,2026-08-20 09:00:00+00:00,tt_bsd,28.0,29.165766
6,2026-08-20 09:00:00+00:00,tt_cawang,30.0,27.034607
6,2026-08-20 09:00:00+00:00,tt_depok,26.0,28.61336
6,2026-08-20 09:00:00+00:00,tt_gatsu,32.0,41.60278
6,2026-08-20 09:00:00+00:00,tt_grogol,31.0,30.063692
6,2026-08-20 09:00:00+00:00,tt_kebonjeruk,21.0,26.606302
6,2026-08-20 09:00:00+00:00,tt_kelapagading,21.0,29.578066
6,2026-08-20 09:00:00+00:00,tt_kuningan,13.0,20.148727
6,2026-08-20 09:00:00+00:00,tt_sudirman,23.0,33.59463
6,2026-08-20 09:00:00+00:00,tt_tangerang,34.0,40.494087
6,2026-08-20 09:00:00+00:00,tt_tbsimatupang,47.0,49.825798
6,2026-08-20 09:00:00+00:00,tt_thamrin,18.0,18.556763
6,2026-08-20 11:00:00+00:00,tt_bekasi,18.0,15.757542
6,2026-08-20 11:00:00+00:00,tt_bogor,35.0,35.642963
6,2026-08-20 11:00:00+00:00,tt_bsd,34.0,30.067358
6,2026-08-20 11:00:00+00:00,tt_cawang,33.0,25.904114
6,2026-08-20 11:00:00+00:00,tt_depok,26.0,27.818075
6,2026-08-20 11:00:00+00:00,tt_gatsu,7.0,45.650196
6,2026-08-20 11:00:00+00:00,tt_grogol,29.0,28.27313
6,2026-08-20 11:00:00+00:00,tt_kebonjeruk,18.0,25.74133
6,2026-08-20 11:00:00+00:00,tt_kelapagading,21.0,28.862288
6,2026-08-20 11:00:00+00:00,tt_kuningan,15.999999,20.69994
6,2026-08-20 11:00:00+00:00,tt_sudirman,12.0,32.891582
6,2026-08-20 11:00:00+00:00,tt_tangerang,35.0,42.008247
6,2026-08-20 11:00:00+00:00,tt_tbsimatupang,24.0,51.27262
6,2026-08-20 11:00:00+00:00,tt_thamrin,10.0,16.989016
6,2026-08-20 12:00:00+00:00,tt_bekasi,14.0,15.674606
6,2026-08-20 12:00:00+00:00,tt_bogor,37.0,36.660885
6,2026-08-20 12:00:00+00:00,tt_bsd,34.0,30.1434
6,2026-08-20 12:00:00+00:00,tt_cawang,43.0,27.149315
6,2026-08-20 12:00:00+00:00,tt_depok,24.0,28.027132
6,2026-08-20 12:00:00+00:00,tt_gatsu,10.0,46.091164
6,2026-08-20 12:00:00+00:00,tt_grogol,32.0,28.652225
6,2026-08-20 12:00:00+00:00,tt_kebonjeruk,23.0,25.464376
6,2026-08-20 12:00:00+00:00,tt_kelapagading,21.0,28.430012
6,2026-08-20 12:00:00+00:00,tt_kuningan,13.0,19.59195
6,2026-08-20 12:00:00+00:00,tt_sudirman,22.0,31.867601
6,2026-08-20 12:00:00+00:00,tt_tangerang,48.0,41.476086
6,2026-08-20 12:00:00+00:00,tt_tbsimatupang,40.0,50.609024
6,2026-08-20 12:00:00+00:00,tt_thamrin,9.0,16.506718
6,2026-08-20 14:00:00+00:00,tt_bekasi,18.0,16.368769
6,2026-08-20 14:00:00+00:00,tt_bogor,38.0,36.64508
6,2026-08-20 14:00:00+00:00,tt_bsd,27.0,30.508663
6,2026-08-20 14:00:00+00:00,tt_cawang,32.0,25.556454
6,2026-08-20 14:00:00+00:00,tt_depok,31.0,27.098642
6,2026-08-20 14:00:00+00:00,tt_gatsu,45.0,44.46724
6,2026-08-20 14:00:00+00:00,tt_grogol,40.0,29.605734
6,2026-08-20 14:00:00+00:00,tt_kebonjeruk,28.0,24.249685
6,2026-08-20 14:00:00+00:00,tt_kelapagading,29.0,27.931967
6,2026-08-20 14:00:00+00:00,tt_kuningan,15.999999,20.89339
6,2026-08-20 14:00:00+00:00,tt_sudirman,39.0,30.289349
6,2026-08-20 14:00:00+00:00,tt_tangerang,48.0,40.45811
6,2026-08-20 14:00:00+00:00,tt_tbsimatupang,59.0,51.92738
6,2026-08-20 14:00:00+00:00,tt_thamrin,13.0,16.261246
6,2026-08-20 16:00:00+00:00,tt_bekasi,15.0,16.87413
6,2026-08-20 16:00:00+00:00,tt_bogor,45.0,35.352234
6,2026-08-20 16:00:00+00:00,tt_bsd,34.0,28.616127
6,2026-08-20 16:00:00+00:00,tt_cawang,43.0,28.06161
6,2026-08-20 16:00:00+00:00,tt_depok,31.0,26.516497
6,2026-08-20 16:00:00+00:00,tt_gatsu,45.0,45.021996
6,2026-08-20 16:00:00+00:00,tt_grogol,40.0,31.662752
6,2026-08-20 16:00:00+00:00,tt_kebonjeruk,35.0,23.389786
6,2026-08-20 16:00:00+00:00,tt_kelapagading,29.0,28.205582
6,2026-08-20 16:00:00+00:00,tt_kuningan,21.0,19.204014
6,2026-08-20 16:00:00+00:00,tt_sudirman,39.0,30.286974
6,2026-08-20 16:00:00+00:00,tt_tangerang,48.0,39.417397
6,2026-08-20 16:00:00+00:00,tt_tbsimatupang,72.0,51.550377
6,2026-08-20 16:00:00+00:00,tt_thamrin,22.0,18.789684
6,2026-08-20 17:00:00+00:00,tt_bekasi,18.0,17.789791
6,2026-08-20 17:00:00+00:00,tt_bogor,45.0,35.217796
6,2026-08-20 17:00:00+00:00,tt_bsd,34.0,29.927265
6,2026-08-20 17:00:00+00:00,tt_cawang,43.0,30.911886
6,2026-08-20 17:00:00+00:00,tt_depok,31.0,26.0985
6,2026-08-20 17:00:00+00:00,tt_gatsu,45.0,43.96287
6,2026-08-20 17:00:00+00:00,tt_grogol,40.0,31.967062
6,2026-08-20 17:00:00+00:00,tt_kebonjeruk,35.0,22.48091
6,2026-08-20 17:00:00+00:00,tt_kelapagading,29.0,27.845495
6,2026-08-20 17:00:00+00:00,tt_kuningan,21.0,19.05823
6,2026-08-20 17:00:00+00:00,tt_sudirman,39.0,27.360395
6,2026-08-20 17:00:00+00:00,tt_tangerang,48.0,39.232006
6,2026-08-20 17:00:00+00:00,tt_tbsimatupang,72.0,50.428177
6,2026-08-20 17:00:00+00:00,tt_thamrin,22.0,17.917898
6,2026-08-20 19:00:00+00:00,tt_bekasi,18.0,17.585976
6,2026-08-20 19:00:00+00:00,tt_bogor,45.0,35.319073
6,2026-08-20 19:00:00+00:00,tt_bsd,34.0,31.297995
6,2026-08-20 19:00:00+00:00,tt_cawang,43.0,41.146996
6,2026-08-20 19:00:00+00:00,tt_depok,31.0,24.89605
6,2026-08-20 19:00:00+00:00,tt_gatsu,45.0,39.896606
6,2026-08-20 19:00:00+00:00,tt_grogol,40.0,34.014175
6,2026-08-20 19:00:00+00:00,tt_kebonjeruk,35.0,23.526363
6,2026-08-20 19:00:00+00:00,tt_kelapagading,29.0,27.09598
6,2026-08-20 19:00:00+00:00,tt_kuningan,21.0,18.181349
6,2026-08-20 19:00:00+00:00,tt_sudirman,39.0,26.874609
6,2026-08-20 19:00:00+00:00,tt_tangerang,48.0,43.921654
6,2026-08-20 19:00:00+00:00,tt_tbsimatupang,72.0,47.510975
6,2026-08-20 19:00:00+00:00,tt_thamrin,22.0,17.35331
6,2026-08-20 21:00:00+00:00,tt_bekasi,18.0,19.618515
6,2026-08-20 21:00:00+00:00,tt_bogor,45.0,34.328274
6,2026-08-20 21:00:00+00:00,tt_bsd,34.0,29.814512
6,2026-08-20 21:00:00+00:00,tt_cawang,43.0,42.326904
6,2026-08-20 21:00:00+00:00,tt_depok,31.0,27.65036
6,2026-08-20 21:00:00+00:00,tt_gatsu,45.0,45.57002
6,2026-08-20 21:00:00+00:00,tt_grogol,40.0,37.62601
6,2026-08-20 21:00:00+00:00,tt_kebonjeruk,35.0,26.098995
6,2026-08-20 21:00:00+00:00,tt_kelapagading,29.0,30.224642
6,2026-08-20 21:00:00+00:00,tt_kuningan,21.0,18.909346
6,2026-08-20 21:00:00+00:00,tt_sudirman,39.0,37.12274
6,2026-08-20 21:00:00+00:00,tt_tangerang,48.0,43.93599
6,2026-08-20 21:00:00+00:00,tt_tbsimatupang,72.0,52.68364
6,2026-08-20 21:00:00+00:00,tt_thamrin,22.0,18.513329
6,2026-08-20 22:00:00+00:00,tt_bekasi,18.0,19.1484
6,2026-08-20 22:00:00+00:00,tt_bogor,45.0,35.764473
6,2026-08-20 22:00:00+00:00,tt_bsd,34.0,31.174519
6,2026-08-20 22:00:00+00:00,tt_cawang,43.0,42.942764
6,2026-08-20 22:00:00+00:00,tt_depok,31.0,28.693335
6,2026-08-20 22:00:00+00:00,tt_gatsu,45.0,44.813744
6,2026-08-20 22:00:00+00:00,tt_grogol,40.0,37.91642
6,2026-08-20 22:00:00+00:00,tt_kebonjeruk,35.0,28.533924
6,2026-08-20 22:00:00+00:00,tt_kelapagading,29.0,30.868855
6,2026-08-20 22:00:00+00:00,tt_kuningan,21.0,20.646683
6,2026-08-20 22:00:00+00:00,tt_sudirman,39.0,38.67174
6,2026-08-20 22:00:00+00:00,tt_tangerang,48.0,43.394066
6,2026-08-20 22:00:00+00:00,tt_tbsimatupang,72.0,54.661697
6,2026-08-20 22:00:00+00:00,tt_thamrin,22.0,20.794567
6,2026-08-21 00:00:00+00:00,tt_bekasi,18.0,19.252022
6,2026-08-21 00:00:00+00:00,tt_bogor,35.0,35.450108
6,2026-08-21 00:00:00+00:00,tt_bsd,29.0,31.415262
6,2026-08-21 00:00:00+00:00,tt_cawang,18.0,41.448494
6,2026-08-21 00:00:00+00:00,tt_depok,25.0,29.25058
6,2026-08-21 00:00:00+00:00,tt_gatsu,45.0,41.728798
6,2026-08-21 00:00:00+00:00,tt_grogol,34.0,36.832382
6,2026-08-21 00:00:00+00:00,tt_kebonjeruk,25.0,30.24999
6,2026-08-21 00:00:00+00:00,tt_kelapagading,26.0,31.127037
6,2026-08-21 00:00:00+00:00,tt_kuningan,21.0,21.540283
6,2026-08-21 00:00:00+00:00,tt_sudirman,31.0,38.59837
6,2026-08-21 00:00:00+00:00,tt_tangerang,37.0,41.608097
6,2026-08-21 00:00:00+00:00,tt_tbsimatupang,32.0,52.41523
6,2026-08-21 00:00:00+00:00,tt_thamrin,22.0,21.949665
6,2026-08-21 02:00:00+00:00,tt_bekasi,17.0,18.369244
6,2026-08-21 02:00:00+00:00,tt_bogor,37.0,34.52665
6,2026-08-21 02:00:00+00:00,tt_bsd,28.0,30.847923
6,2026-08-21 02:00:00+00:00,tt_cawang,19.0,39.223263
6,2026-08-21 02:00:00+00:00,tt_depok,26.0,29.327713
6,2026-08-21 02:00:00+00:00,tt_gatsu,45.0,40.01323
6,2026-08-21 02:00:00+00:00,tt_grogol,31.0,35.54004
6,2026-08-21 02:00:00+00:00,tt_kebonjeruk,26.0,30.477776
6,2026-08-21 02:00:00+00:00,tt_kelapagading,29.0,30.754404
6,2026-08-21 02:00:00+00:00,tt_kuningan,21.0,21.713991
6,2026-08-21 02:00:00+00:00,tt_sudirman,23.0,37.67857
6,2026-08-21 02:00:00+00:00,tt_tangerang,37.0,40.315983
6,2026-08-21 02:00:00+00:00,tt_tbsimatupang,37.0,49.74756
6,2026-08-21 02:00:00+00:00,tt_thamrin,22.0,21.684849
6,2026-08-21 03:00:00+00:00,tt_bekasi,15.0,18.09528
6,2026-08-21 03:00:00+00:00,tt_bogor,38.0,34.200397
6,2026-08-21 03:00:00+00:00,tt_bsd,34.0,30.567995
6,2026-08-21 03:00:00+00:00,tt_cawang,21.0,38.27231
6,2026-08-21 03:00:00+00:00,tt_depok,31.0,29.31947
6,2026-08-21 03:00:00+00:00,tt_gatsu,45.0,39.249096
6,2026-08-21 03:00:00+00:00,tt_grogol,27.0,35.01523
6,2026-08-21 03:00:00+00:00,tt_kebonjeruk,24.0,30.472857
6,2026-08-21 03:00:00+00:00,tt_kelapagading,23.0,30.644442
6,2026-08-21 03:00:00+00:00,tt_kuningan,15.999999,21.934902
6,2026-08-21 03:00:00+00:00,tt_sudirman,28.0,37.36277
6,2026-08-21 03:00:00+00:00,tt_tangerang,48.0,39.82805
6,2026-08-21 03:00:00+00:00,tt_tbsimatupang,48.0,48.80517
6,2026-08-21 03:00:00+00:00,tt_thamrin,15.999999,21.598797
6,2026-08-21 05:00:00+00:00,tt_bekasi,15.999999,17.330956
6,2026-08-21 05:00:00+00:00,tt_bogor,45.0,33.62555
6,2026-08-21 05:00:00+00:00,tt_bsd,34.0,29.898235
6,2026-08-21 05:00:00+00:00,tt_cawang,43.0,36.560516
6,2026-08-21 05:00:00+00:00,tt_depok,31.0,29.223383
6,2026-08-21 05:00:00+00:00,tt_gatsu,45.0,38.227455
6,2026-08-21 05:00:00+00:00,tt_grogol,32.0,34.1634
6,2026-08-21 05:00:00+00:00,tt_kebonjeruk,27.0,30.303812
6,2026-08-21 05:00:00+00:00,tt_kelapagading,23.0,30.30446
6,2026-08-21 05:00:00+00:00,tt_kuningan,21.0,21.83101
6,2026-08-21 05:00:00+00:00,tt_sudirman,34.0,36.653152
6,2026-08-21 05:00:00+00:00,tt_tangerang,48.0,39.12003
6,2026-08-21 05:00:00+00:00,tt_tbsimatupang,72.0,47.603218
6,2026-08-21 05:00:00+00:00,tt_thamrin,21.0,21.51753
6,2026-08-21 07:00:00+00:00,tt_bekasi,14.0,16.144007
6,2026-08-21 07:00:00+00:00,tt_bogor,35.0,31.58243
6,2026-08-21 07:00:00+00:00,tt_bsd,34.0,27.170767
6,2026-08-21 07:00:00+00:00,tt_cawang,28.0,31.09917
6,2026-08-21 07:00:00+00:00,tt_depok,25.0,25.821129
6,2026-08-21 07:00:00+00:00,tt_gatsu,36.0,38.806046
6,2026-08-21 07:00:00+00:00,tt_grogol,28.0,32.563683
6,2026-08-21 07:00:00+00:00,tt_kebonjeruk,21.0,27.119814
6,2026-08-21 07:00:00+00:00,tt_kelapagading,20.0,28.90691
6,2026-08-21 07:00:00+00:00,tt_kuningan,21.0,20.268402
6,2026-08-21 07:00:00+00:00,tt_sudirman,18.0,34.297
6,2026-08-21 07:00:00+00:00,tt_tangerang,39.0,36.707188
6,2026-08-21 07:00:00+00:00,tt_tbsimatupang,52.0,46.20572
6,2026-08-21 07:00:00+00:00,tt_thamrin,18.0,20.889969
6,2026-08-21 08:00:00+00:00,tt_bekasi,15.999999,16.053928
6,2026-08-21 08:00:00+00:00,tt_bogor,34.0,32.72401
6,2026-08-21 08:00:00+00:00,tt_bsd,34.0,26.659054
6,2026-08-21 08:00:00+00:00,tt_cawang,31.0,30.046413
6,2026-08-21 08:00:00+00:00,tt_depok,25.0,25.492018
6,2026-08-21 08:00:00+00:00,tt_gatsu,35.0,40.553246
6,2026-08-21 08:00:00+00:00,tt_grogol,29.0,32.014587
6,2026-08-21 08:00:00+00:00,tt_kebonjeruk,24.0,26.609383
6,2026-08-21 08:00:00+00:00,tt_kelapagading,21.0,29.606947
6,2026-08-21 08:00:00+00:00,tt_kuningan,17.0,20.145699
6,2026-08-21 08:00:00+00:00,tt_sudirman,24.0,32.576206
6,2026-08-21 08:00:00+00:00,tt_tangerang,40.0,36.522034
6,2026-08-21 08:00:00+00:00,tt_tbsimatupang,38.0,45.738216
6,2026-08-21 08:00:00+00:00,tt_thamrin,10.0,21.037003
6,2026-08-21 10:00:00+00:00,tt_bekasi,15.0,15.358891
6,2026-08-21 10:00:00+00:00,tt_bogor,32.0,34.50221
6,2026-08-21 10:00:00+00:00,tt_bsd,34.0,29.212553
6,2026-08-21 10:00:00+00:00,tt_cawang,22.0,28.744884
6,2026-08-21 10:00:00+00:00,tt_depok,24.0,28.001945
6,2026-08-21 10:00:00+00:00,tt_gatsu,34.0,43.91771
6,2026-08-21 10:00:00+00:00,tt_grogol,32.0,30.358334
6,2026-08-21 10:00:00+00:00,tt_kebonjeruk,20.0,25.527658
6,2026-08-21 10:00:00+00:00,tt_kelapagading,19.0,28.621147
6,2026-08-21 10:00:00+00:00,tt_kuningan,13.0,18.182182
6,2026-08-21 10:00:00+00:00,tt_sudirman,22.0,31.955868
6,2026-08-21 10:00:00+00:00,tt_tangerang,29.0,41.345474
6,2026-08-21 10:00:00+00:00,tt_tbsimatupang,27.0,47.711
6,2026-08-21 10:00:00+00:00,tt_thamrin,19.0,19.160942
6,2026-08-21 12:00:00+00:00,tt_bekasi,13.0,15.831738
6,2026-08-21 12:00:00+00:00,tt_bogor,32.0,37.252644
6,2026-08-21 12:00:00+00:00,tt_bsd,34.0,30.378613
6,2026-08-21 12:00:00+00:00,tt_cawang,34.0,37.186577
6,2026-08-21 12:00:00+00:00,tt_depok,26.0,29.817715
6,2026-08-21 12:00:00+00:00,tt_gatsu,15.0,44.7222
6,2026-08-21 12:00:00+00:00,tt_grogol,32.0,31.607275
6,2026-08-21 12:00:00+00:00,tt_kebonjeruk,19.0,26.172792
6,2026-08-21 12:00:00+00:00,tt_kelapagading,18.0,28.501265
6,2026-08-21 12:00:00+00:00,tt_kuningan,13.0,20.394361
6,2026-08-21 12:00:00+00:00,tt_sudirman,18.0,34.64051
6,2026-08-21 12:00:00+00:00,tt_tangerang,32.0,42.7614
6,2026-08-21 12:00:00+00:00,tt_tbsimatupang,27.0,54.185963
6,2026-08-21 12:00:00+00:00,tt_thamrin,9.0,21.046732
6,2026-08-21 13:00:00+00:00,tt_bekasi,18.0,15.184328
6,2026-08-21 13:00:00+00:00,tt_bogor,45.0,35.11987
6,2026-08-21 13:00:00+00:00,tt_bsd,34.0,29.850058
6,2026-08-21 13:00:00+00:00,tt_cawang,32.0,35.88337
6,2026-08-21 13:00:00+00:00,tt_depok,25.0,27.965534
6,2026-08-21 13:00:00+00:00,tt_gatsu,45.0,43.085667
6,2026-08-21 13:00:00+00:00,tt_grogol,40.0,30.727682
6,2026-08-21 13:00:00+00:00,tt_kebonjeruk,25.0,24.728868
6,2026-08-21 13:00:00+00:00,tt_kelapagading,21.0,27.543648
6,2026-08-21 13:00:00+00:00,tt_kuningan,21.0,20.049156
6,2026-08-21 13:00:00+00:00,tt_sudirman,31.0,33.122375
6,2026-08-21 13:00:00+00:00,tt_tangerang,48.0,41.78228
6,2026-08-21 13:00:00+00:00,tt_tbsimatupang,72.0,51.40989
6,2026-08-21 13:00:00+00:00,tt_thamrin,15.999999,20.647272
