horizon,target_time,corridor,y_true,fixed_stgnn_pred
1,2026-08-18 02:00:00+00:00,tt_bekasi,15.999999,16.548876
1,2026-08-18 02:00:00+00:00,tt_bogor,36.0,32.10801
1,2026-08-18 02:00:00+00:00,tt_bsd,34.0,31.536345
1,2026-08-18 02:00:00+00:00,tt_cawang,21.0,22.866991
1,2026-08-18 02:00:00+00:00,tt_depok,31.0,25.432028
1,2026-08-18 02:00:00+00:00,tt_gatsu,33.0,41.25873
1,2026-08-18 02:00:00+00:00,tt_grogol,26.0,26.191376
1,2026-08-18 02:00:00+00:00,tt_kebonjeruk,26.0,26.917402
1,2026-08-18 02:00:00+00:00,tt_kelapagading,29.0,29.782318
1,2026-08-18 02:00:00+00:00,tt_kuningan,21.0,19.554344
1,2026-08-18 02:00:00+00:00,tt_sudirman,23.0,33.466816
1,2026-08-18 02:00:00+00:00,tt_tangerang,48.0,37.951653
1,2026-08-18 02:00:00+00:00,tt_tbsimatupang,15.999999,38.755924
1,2026-08-18 02:00:00+00:00,tt_thamrin,17.0,19.606907
1,2026-08-18 04:00:00+00:00,tt_bekasi,15.0,16.165031
1,2026-08-18 04:00:00+00:00,tt_bogor,33.0,33.481373
1,2026-08-18 04:00:00+00:00,tt_bsd,28.0,31.5376
1,2026-08-18 04:00:00+00:00,tt_cawang,22.0,22.097492
1,2026-08-18 04:00:00+00:00,tt_depok,31.0,28.109331
1,2026-08-18 04:00:00+00:00,tt_gatsu,32.0,36.34347
1,2026-08-18 04:00:00+00:00,tt_grogol,27.0,25.735815
1,2026-08-18 04:00:00+00:00,tt_kebonjeruk,25.0,25.440975
1,2026-08-18 04:00:00+00:00,tt_kelapagading,29.0,30.279985
1,2026-08-18 04:00:00+00:00,tt_kuningan,15.999999,19.126064
1,2026-08-18 04:00:00+00:00,tt_sudirman,24.0,27.433413
1,2026-08-18 04:00:00+00:00,tt_tangerang,36.0,44.95373
1,2026-08-18 04:00:00+00:00,tt_tbsimatupang,55.0,29.85965
1,2026-08-18 04:00:00+00:00,tt_thamrin,18.0,17.701263
1,2026-08-18 05:00:00+00:00,tt_bekasi,15.0,15.895342
1,2026-08-18 05:00:00+00:00,tt_bogor,38.0,34.60771
1,2026-08-18 05:00:00+00:00,tt_bsd,28.0,29.190197
1,2026-08-18 05:00:00+00:00,tt_cawang,28.0,22.85733
1,2026-08-18 05:00:00+00:00,tt_depok,26.0,29.928913
1,2026-08-18 05:00:00+00:00,tt_gatsu,45.0,36.50972
1,2026-08-18 05:00:00+00:00,tt_grogol,36.0,26.110554
1,2026-08-18 05:00:00+00:00,tt_kebonjeruk,22.0,24.686388
1,2026-08-18 05:00:00+00:00,tt_kelapagading,22.0,30.899742
1,2026-08-18 05:00:00+00:00,tt_kuningan,21.0,18.13884
1,2026-08-18 05:00:00+00:00,tt_sudirman,31.0,27.173391
1,2026-08-18 05:00:00+00:00,tt_tangerang,41.0,39.159714
1,2026-08-18 05:00:00+00:00,tt_tbsimatupang,51.0,46.9611
1,2026-08-18 05:00:00+00:00,tt_thamrin,20.0,17.847795
1,2026-08-18 07:00:00+00:00,tt_bekasi,15.0,16.299288
1,2026-08-18 07:00:00+00:00,tt_bogor,34.0,37.404205
1,2026-08-18 07:00:00+00:00,tt_bsd,30.0,27.618034
1,2026-08-18 07:00:00+00:00,tt_cawang,43.0,27.13514
1,2026-08-18 07:00:00+00:00,tt_depok,31.0,27.31056
1,2026-08-18 07:00:00+00:00,tt_gatsu,45.0,44.635635
1,2026-08-18 07:00:00+00:00,tt_grogol,32.0,33.265457
1,2026-08-18 07:00:00+00:00,tt_kebonjeruk,25.0,23.115784
1,2026-08-18 07:00:00+00:00,tt_kelapagading,22.0,27.46535
1,2026-08-18 07:00:00+00:00,tt_kuningan,15.0,20.871876
1,2026-08-18 07:00:00+00:00,tt_sudirman,28.0,31.800087
1,2026-08-18 07:00:00+00:00,tt_tangerang,38.0,41.09357
1,2026-08-18 07:00:00+00:00,tt_tbsimatupang,57.0,51.50554
1,2026-08-18 07:00:00+00:00,tt_thamrin,22.0,19.604235
1,2026-08-18 09:00:00+00:00,tt_bekasi,14.0,16.842915
1,2026-08-18 09:00:00+00:00,tt_bogor,35.0,35.968235
1,2026-08-18 09:00:00+00:00,tt_bsd,28.0,29.422735
1,2026-08-18 09:00:00+00:00,tt_cawang,29.0,38.6498
1,2026-08-18 09:00:00+00:00,tt_depok,24.0,31.284096
1,2026-08-18 09:00:00+00:00,tt_gatsu,45.0,45.684875
1,2026-08-18 09:00:00+00:00,tt_grogol,32.0,32.411182
1,2026-08-18 09:00:00+00:00,tt_kebonjeruk,23.0,24.247538
1,2026-08-18 09:00:00+00:00,tt_kelapagading,23.0,26.57319
1,2026-08-18 09:00:00+00:00,tt_kuningan,21.0,18.287594
1,2026-08-18 09:00:00+00:00,tt_sudirman,31.0,30.472525
1,2026-08-18 09:00:00+00:00,tt_tangerang,38.0,39.225742
1,2026-08-18 09:00:00+00:00,tt_tbsimatupang,43.0,55.083515
1,2026-08-18 09:00:00+00:00,tt_thamrin,22.0,21.406242
1,2026-08-18 10:00:00+00:00,tt_bekasi,14.0,16.162819
1,2026-08-18 10:00:00+00:00,tt_bogor,35.0,34.495667
1,2026-08-18 10:00:00+00:00,tt_bsd,34.0,27.87099
1,2026-08-18 10:00:00+00:00,tt_cawang,30.0,33.658558
1,2026-08-18 10:00:00+00:00,tt_depok,25.0,27.070768
1,2026-08-18 10:00:00+00:00,tt_gatsu,3.999998,44.724937
1,2026-08-18 10:00:00+00:00,tt_grogol,31.0,32.302914
1,2026-08-18 10:00:00+00:00,tt_kebonjeruk,21.0,23.5779
1,2026-08-18 10:00:00+00:00,tt_kelapagading,21.0,26.551012
1,2026-08-18 10:00:00+00:00,tt_kuningan,14.0,19.750175
1,2026-08-18 10:00:00+00:00,tt_sudirman,23.0,31.343431
1,2026-08-18 10:00:00+00:00,tt_tangerang,34.0,38.72986
1,2026-08-18 10:00:00+00:00,tt_tbsimatupang,44.0,47.06272
1,2026-08-18 10:00:00+00:00,tt_thamrin,22.0,21.916637
1,2026-08-18 12:00:00+00:00,tt_bekasi,14.0,14.90629
1,2026-08-18 12:00:00+00:00,tt_bogor,35.0,33.95298
1,2026-08-18 12:00:00+00:00,tt_bsd,34.0,31.42918
1,2026-08-18 12:00:00+00:00,tt_cawang,34.0,32.196655
1,2026-08-18 12:00:00+00:00,tt_depok,26.0,25.245895
1,2026-08-18 12:00:00+00:00,tt_gatsu,45.0,24.262547
1,2026-08-18 12:00:00+00:00,tt_grogol,32.0,31.525774
1,2026-08-18 12:00:00+00:00,tt_kebonjeruk,25.0,21.667578
1,2026-08-18 12:00:00+00:00,tt_kelapagading,22.0,25.003128
1,2026-08-18 12:00:00+00:00,tt_kuningan,13.0,15.7990055
1,2026-08-18 12:00:00+00:00,tt_sudirman,29.0,26.478003
1,2026-08-18 12:00:00+00:00,tt_tangerang,48.0,36.02398
1,2026-08-18 12:00:00+00:00,tt_tbsimatupang,72.0,43.783737
1,2026-08-18 12:00:00+00:00,tt_thamrin,17.0,22.468506
1,2026-08-18 14:00:00+00:00,tt_bekasi,15.999999,16.533539
1,2026-08-18 14:00:00+00:00,tt_bogor,45.0,35.310402
1,2026-08-18 14:00:00+00:00,tt_bsd,34.0,34.94641
1,2026-08-18 14:00:00+00:00,tt_cawang,32.0,36.127834
1,2026-08-18 14:00:00+00:00,tt_depok,26.0,26.421255
1,2026-08-18 14:00:00+00:00,tt_gatsu,45.0,45.653767
1,2026-08-18 14:00:00+00:00,tt_grogol,40.0,32.55767
1,2026-08-18 14:00:00+00:00,tt_kebonjeruk,31.0,24.15539
1,2026-08-18 14:00:00+00:00,tt_kelapagading,29.0,24.665768
1,2026-08-18 14:00:00+00:00,tt_kuningan,15.999999,16.62782
1,2026-08-18 14:00:00+00:00,tt_sudirman,30.0,30.299591
1,2026-08-18 14:00:00+00:00,tt_tangerang,48.0,45.19831
1,2026-08-18 14:00:00+00:00,tt_tbsimatupang,72.0,63.727253
1,2026-08-18 14:00:00+00:00,tt_thamrin,22.0,19.949911
1,2026-08-18 15:00:00+00:00,tt_bekasi,15.999999,17.4848
1,2026-08-18 15:00:00+00:00,tt_bogor,45.0,38.9389
1,2026-08-18 15:00:00+00:00,tt_bsd,34.0,35.39774
1,2026-08-18 15:00:00+00:00,tt_cawang,43.0,35.85611
1,2026-08-18 15:00:00+00:00,tt_depok,31.0,26.76316
1,2026-08-18 15:00:00+00:00,tt_gatsu,45.0,46.658073
1,2026-08-18 15:00:00+00:00,tt_grogol,40.0,36.640976
1,2026-08-18 15:00:00+00:00,tt_kebonjeruk,35.0,27.829876
1,2026-08-18 15:00:00+00:00,tt_kelapagading,29.0,27.489874
1,2026-08-18 15:00:00+00:00,tt_kuningan,21.0,17.491571
1,2026-08-18 15:00:00+00:00,tt_sudirman,39.0,31.388086
1,2026-08-18 15:00:00+00:00,tt_tangerang,48.0,46.482616
1,2026-08-18 15:00:00+00:00,tt_tbsimatupang,72.0,65.13118
1,2026-08-18 15:00:00+00:00,tt_thamrin,22.0,22.119272
1,2026-08-18 17:00:00+00:00,tt_bekasi,17.0,18.017366
1,2026-08-18 17:00:00+00:00,tt_bogor,45.0,41.934483
1,2026-08-18 17:00:00+00:00,tt_bsd,34.0,35.486385
1,2026-08-18 17:00:00+00:00,tt_cawang,43.0,41.59084
1,2026-08-18 17:00:00+00:00,tt_depok,31.0,31.715456
1,2026-08-18 17:00:00+00:00,tt_gatsu,45.0,46.304806
1,2026-08-18 17:00:00+00:00,tt_grogol,40.0,38.803116
1,2026-08-18 17:00:00+00:00,tt_kebonjeruk,35.0,33.27903
1,2026-08-18 17:00:00+00:00,tt_kelapagading,29.0,29.09233
1,2026-08-18 17:00:00+00:00,tt_kuningan,21.0,20.595741
1,2026-08-18 17:00:00+00:00,tt_sudirman,39.0,38.037426
1,2026-08-18 17:00:00+00:00,tt_tangerang,48.0,46.472153
1,2026-08-18 17:00:00+00:00,tt_tbsimatupang,72.0,65.600914
1,2026-08-18 17:00:00+00:00,tt_thamrin,22.0,23.449299
1,2026-08-18 19:00:00+00:00,tt_bekasi,17.0,18.421402
1,2026-08-18 19:00:00+00:00,tt_bogor,45.0,41.948437
1,2026-08-18 19:00:00+00:00,tt_bsd,34.0,35.18149
1,2026-08-18 19:00:00+00:00,tt_cawang,43.0,41.390537
1,2026-08-18 19:00:00+00:00,tt_depok,31.0,32.35581
1,2026-08-18 19:00:00+00:00,tt_gatsu,45.0,44.81754
1,2026-08-18 19:00:00+00:00,tt_grogol,40.0,38.257206
1,2026-08-18 19:00:00+00:00,tt_kebonjeruk,35.0,34.11059
1,2026-08-18 19:00:00+00:00,tt_kelapagading,29.0,29.300491
1,2026-08-18 19:00:00+00:00,tt_kuningan,21.0,21.296017
1,2026-08-18 19:00:00+00:00,tt_sudirman,39.0,38.28406
1,2026-08-18 19:00:00+00:00,tt_tangerang,48.0,45.990505
1,2026-08-18 19:00:00+00:00,tt_tbsimatupang,72.0,65.290016
1,2026-08-18 19:00:00+00:00,tt_thamrin,22.0,23.173048
1,2026-08-18 20:00:00+00:00,tt_bekasi,17.0,18.455153
1,2026-08-18 20:00:00+00:00,tt_bogor,45.0,41.817364
1,2026-08-18 20:00:00+00:00,tt_bsd,34.0,35.060833
1,2026-08-18 20:00:00+00:00,tt_cawang,43.0,40.914757
1,2026-08-18 20:00:00+00:00,tt_depok,31.0,32.298653
1,2026-08-18 20:00:00+00:00,tt_gatsu,45.0,44.226883
1,2026-08-18 20:00:00+00:00,tt_grogol,40.0,37.985985
1,2026-08-18 20:00:00+00:00,tt_kebonjeruk,35.0,34.10171
1,2026-08-18 20:00:00+00:00,tt_kelapagading,29.0,29.270344
1,2026-08-18 20:00:00+00:00,tt_kuningan,21.0,21.370739
1,2026-08-18 20:00:00+00:00,tt_sudirman,39.0,38.137413
1,2026-08-18 20:00:00+00:00,tt_tangerang,48.0,45.82587
1,2026-08-18 20:00:00+00:00,tt_tbsimatupang,72.0,65.193306
1,2026-08-18 20:00:00+00:00,tt_thamrin,22.0,22.91177
1,2026-08-18 22:00:00+00:00,tt_bekasi,17.0,18.425682
1,2026-08-18 22:00:00+00:00,tt_bogor,45.0,41.5803
1,2026-08-18 22:00:00+00:00,tt_bsd,34.0,34.891666
1,2026-08-18 22:00:00+00:00,tt_cawang,43.0,40.358463
1,2026-08-18 22:00:00+00:00,tt_depok,31.0,32.106007
1,2026-08-18 22:00:00+00:00,tt_gatsu,45.0,43.299915
1,2026-08-18 22:00:00+00:00,tt_grogol,40.0,37.59903
1,2026-08-18 22:00:00+00:00,tt_kebonjeruk,35.0,33.98268
1,2026-08-18 22:00:00+00:00,tt_kelapagading,29.0,29.150778
1,2026-08-18 22:00:00+00:00,tt_kuningan,21.0,21.402332
1,2026-08-18 22:00:00+00:00,tt_sudirman,39.0,37.85712
1,2026-08-18 22:00:00+00:00,tt_tangerang,48.0,45.604973
1,2026-08-18 22:00:00+00:00,tt_tbsimatupang,72.0,65.04616
1,2026-08-18 22:00:00+00:00,tt_thamrin,22.0,22.507076
1,2026-08-19 00:00:00+00:00,tt_bekasi,15.0,17.783844
1,2026-08-19 00:00:00+00:00,tt_bogor,35.0,41.446598
1,2026-08-19 00:00:00+00:00,tt_bsd,29.0,34.792538
1,2026-08-19 00:00:00+00:00,tt_cawang,20.0,39.989536
1,2026-08-19 00:00:00+00:00,tt_depok,31.0,31.98374
1,2026-08-19 00:00:00+00:00,tt_gatsu,45.0,42.759113
1,2026-08-19 00:00:00+00:00,tt_grogol,40.0,37.337673
1,2026-08-19 00:00:00+00:00,tt_kebonjeruk,27.0,33.852715
1,2026-08-19 00:00:00+00:00,tt_kelapagading,29.0,28.968075
1,2026-08-19 00:00:00+00:00,tt_kuningan,21.0,20.996887
1,2026-08-19 00:00:00+00:00,tt_sudirman,39.0,37.599903
1,2026-08-19 00:00:00+00:00,tt_tangerang,48.0,45.49312
1,2026-08-19 00:00:00+00:00,tt_tbsimatupang,39.0,64.91989
1,2026-08-19 00:00:00+00:00,tt_thamrin,19.0,22.068233
1,2026-08-19 01:00:00+00:00,tt_bekasi,15.999999,16.428242
1,2026-08-19 01:00:00+00:00,tt_bogor,37.0,35.022854
1,2026-08-19 01:00:00+00:00,tt_bsd,34.0,30.176975
1,2026-08-19 01:00:00+00:00,tt_cawang,13.0,27.96423
1,2026-08-19 01:00:00+00:00,tt_depok,27.0,29.186745
1,2026-08-19 01:00:00+00:00,tt_gatsu,13.0,40.90274
1,2026-08-19 01:00:00+00:00,tt_grogol,32.0,37.06674
1,2026-08-19 01:00:00+00:00,tt_kebonjeruk,25.0,29.222107
1,2026-08-19 01:00:00+00:00,tt_kelapagading,29.0,28.681116
1,2026-08-19 01:00:00+00:00,tt_kuningan,21.0,20.162556
1,2026-08-19 01:00:00+00:00,tt_sudirman,22.0,36.591312
1,2026-08-19 01:00:00+00:00,tt_tangerang,39.0,45.030113
1,2026-08-19 01:00:00+00:00,tt_tbsimatupang,18.0,46.5511
1,2026-08-19 01:00:00+00:00,tt_thamrin,22.0,20.50668
1,2026-08-19 03:00:00+00:00,tt_bekasi,15.999999,15.414558
1,2026-08-19 03:00:00+00:00,tt_bogor,37.0,33.09009
1,2026-08-19 03:00:00+00:00,tt_bsd,34.0,30.534836
1,2026-08-19 03:00:00+00:00,tt_cawang,20.0,18.842194
1,2026-08-19 03:00:00+00:00,tt_depok,31.0,25.370518
1,2026-08-19 03:00:00+00:00,tt_gatsu,45.0,23.561016
1,2026-08-19 03:00:00+00:00,tt_grogol,31.0,31.439617
1,2026-08-19 03:00:00+00:00,tt_kebonjeruk,23.0,24.856205
1,2026-08-19 03:00:00+00:00,tt_kelapagading,29.0,29.323484
1,2026-08-19 03:00:00+00:00,tt_kuningan,15.999999,18.91188
1,2026-08-19 03:00:00+00:00,tt_sudirman,24.0,26.460333
1,2026-08-19 03:00:00+00:00,tt_tangerang,40.0,39.19876
1,2026-08-19 03:00:00+00:00,tt_tbsimatupang,33.0,31.526712
1,2026-08-19 03:00:00+00:00,tt_thamrin,20.0,20.644783
1,2026-08-19 05:00:00+00:00,tt_bekasi,15.0,16.958952
1,2026-08-19 05:00:00+00:00,tt_bogor,32.0,36.35208
1,2026-08-19 05:00:00+00:00,tt_bsd,34.0,32.314346
1,2026-08-19 05:00:00+00:00,tt_cawang,17.0,22.40332
1,2026-08-19 05:00:00+00:00,tt_depok,31.0,28.486084
1,2026-08-19 05:00:00+00:00,tt_gatsu,45.0,41.75702
1,2026-08-19 05:00:00+00:00,tt_grogol,31.0,30.707264
1,2026-08-19 05:00:00+00:00,tt_kebonjeruk,24.0,23.131275
1,2026-08-19 05:00:00+00:00,tt_kelapagading,21.0,30.894333
1,2026-08-19 05:00:00+00:00,tt_kuningan,17.0,17.90738
1,2026-08-19 05:00:00+00:00,tt_sudirman,27.0,26.966942
1,2026-08-19 05:00:00+00:00,tt_tangerang,40.0,39.299965
1,2026-08-19 05:00:00+00:00,tt_tbsimatupang,43.0,38.54215
1,2026-08-19 05:00:00+00:00,tt_thamrin,17.0,19.850874
1,2026-08-19 06:00:00+00:00,tt_bekasi,18.0,16.425251
1,2026-08-19 06:00:00+00:00,tt_bogor,35.0,34.582478
1,2026-08-19 06:00:00+00:00,tt_bsd,34.0,33.018486
1,2026-08-19 06:00:00+00:00,tt_cawang,19.0,21.375622
1,2026-08-19 06:00:00+00:00,tt_depok,27.0,29.151737
1,2026-08-19 06:00:00+00:00,tt_gatsu,30.0,44.494843
1,2026-08-19 06:00:00+00:00,tt_grogol,27.0,30.859638
1,2026-08-19 06:00:00+00:00,tt_kebonjeruk,21.0,23.34314
1,2026-08-19 06:00:00+00:00,tt_kelapagading,21.0,27.792944
1,2026-08-19 06:00:00+00:00,tt_kuningan,21.0,18.257935
1,2026-08-19 06:00:00+00:00,tt_sudirman,18.0,28.111654
1,2026-08-19 06:00:00+00:00,tt_tangerang,38.0,39.49521
1,2026-08-19 06:00:00+00:00,tt_tbsimatupang,48.0,43.067318
1,2026-08-19 06:00:00+00:00,tt_thamrin,13.0,18.585903
1,2026-08-19 08:00:00+00:00,tt_bekasi,15.0,17.641682
1,2026-08-19 08:00:00+00:00,tt_bogor,34.0,35.510197
1,2026-08-19 08:00:00+00:00,tt_bsd,28.0,33.1674
1,2026-08-19 08:00:00+00:00,tt_cawang,32.0,21.470839
1,2026-08-19 08:00:00+00:00,tt_depok,25.0,27.355085
1,2026-08-19 08:00:00+00:00,tt_gatsu,26.0,37.242714
1,2026-08-19 08:00:00+00:00,tt_grogol,27.0,28.500225
1,2026-08-19 08:00:00+00:00,tt_kebonjeruk,18.0,21.258888
1,2026-08-19 08:00:00+00:00,tt_kelapagading,22.0,26.356258
1,2026-08-19 08:00:00+00:00,tt_kuningan,21.0,20.229593
1,2026-08-19 08:00:00+00:00,tt_sudirman,22.0,23.317547
1,2026-08-19 08:00:00+00:00,tt_tangerang,48.0,37.999897
1,2026-08-19 08:00:00+00:00,tt_tbsimatupang,32.0,47.432392
1,2026-08-19 08:00:00+00:00,tt_thamrin,8.0,15.672989
1,2026-08-19 10:00:00+00:00,tt_bekasi,13.0,16.87996
1,2026-08-19 10:00:00+00:00,tt_bogor,30.0,34.324722
1,2026-08-19 10:00:00+00:00,tt_bsd,34.0,28.17622
1,2026-08-19 10:00:00+00:00,tt_cawang,43.0,30.500858
1,2026-08-19 10:00:00+00:00,tt_depok,23.0,25.44537
1,2026-08-19 10:00:00+00:00,tt_gatsu,23.0,33.715275
1,2026-08-19 10:00:00+00:00,tt_grogol,30.0,28.577599
1,2026-08-19 10:00:00+00:00,tt_kebonjeruk,19.0,19.385271
1,2026-08-19 10:00:00+00:00,tt_kelapagading,22.0,26.963806
1,2026-08-19 10:00:00+00:00,tt_kuningan,15.999999,21.02106
1,2026-08-19 10:00:00+00:00,tt_sudirman,19.0,24.956753
1,2026-08-19 10:00:00+00:00,tt_tangerang,28.0,44.969585
1,2026-08-19 10:00:00+00:00,tt_tbsimatupang,34.0,37.59564
1,2026-08-19 10:00:00+00:00,tt_thamrin,17.0,13.016081
1,2026-08-19 11:00:00+00:00,tt_bekasi,18.0,16.324337
1,2026-08-19 11:00:00+00:00,tt_bogor,33.0,32.270187
1,2026-08-19 11:00:00+00:00,tt_bsd,27.0,30.015242
1,2026-08-19 11:00:00+00:00,tt_cawang,43.0,35.51906
1,2026-08-19 11:00:00+00:00,tt_depok,25.0,24.490118
1,2026-08-19 11:00:00+00:00,tt_gatsu,35.0,31.875837
1,2026-08-19 11:00:00+00:00,tt_grogol,32.0,29.837942
1,2026-08-19 11:00:00+00:00,tt_kebonjeruk,21.0,19.296669
1,2026-08-19 11:00:00+00:00,tt_kelapagading,20.0,27.245232
1,2026-08-19 11:00:00+00:00,tt_kuningan,15.999999,19.60353
1,2026-08-19 11:00:00+00:00,tt_sudirman,15.999999,23.99577
1,2026-08-19 11:00:00+00:00,tt_tangerang,26.0,36.39593
1,2026-08-19 11:00:00+00:00,tt_tbsimatupang,44.0,36.970867
1,2026-08-19 11:00:00+00:00,tt_thamrin,10.0,16.138985
1,2026-08-19 13:00:00+00:00,tt_bekasi,18.0,19.210194
1,2026-08-19 13:00:00+00:00,tt_bogor,45.0,33.687668
1,2026-08-19 13:00:00+00:00,tt_bsd,34.0,27.440973
1,2026-08-19 13:00:00+00:00,tt_cawang,43.0,42.098267
1,2026-08-19 13:00:00+00:00,tt_depok,25.0,25.285906
1,2026-08-19 13:00:00+00:00,tt_gatsu,45.0,36.95491
1,2026-08-19 13:00:00+00:00,tt_grogol,31.0,32.786034
1,2026-08-19 13:00:00+00:00,tt_kebonjeruk,27.0,20.555676
1,2026-08-19 13:00:00+00:00,tt_kelapagading,23.0,25.498383
1,2026-08-19 13:00:00+00:00,tt_kuningan,13.0,19.163044
1,2026-08-19 13:00:00+00:00,tt_sudirman,30.0,20.661175
1,2026-08-19 13:00:00+00:00,tt_tangerang,48.0,31.550112
1,2026-08-19 13:00:00+00:00,tt_tbsimatupang,72.0,43.146614
1,2026-08-19 13:00:00+00:00,tt_thamrin,20.0,14.315468
1,2026-08-19 15:00:00+00:00,tt_bekasi,15.999999,19.557182
1,2026-08-19 15:00:00+00:00,tt_bogor,38.0,41.388115
1,2026-08-19 15:00:00+00:00,tt_bsd,34.0,35.155464
1,2026-08-19 15:00:00+00:00,tt_cawang,32.0,45.494934
1,2026-08-19 15:00:00+00:00,tt_depok,31.0,26.597712
1,2026-08-19 15:00:00+00:00,tt_gatsu,45.0,44.911716
1,2026-08-19 15:00:00+00:00,tt_grogol,40.0,33.644142
1,2026-08-19 15:00:00+00:00,tt_kebonjeruk,31.0,25.981102
1,2026-08-19 15:00:00+00:00,tt_kelapagading,29.0,26.045345
1,2026-08-19 15:00:00+00:00,tt_kuningan,21.0,17.927917
1,2026-08-19 15:00:00+00:00,tt_sudirman,29.0,29.001362
1,2026-08-19 15:00:00+00:00,tt_tangerang,48.0,45.935287
1,2026-08-19 15:00:00+00:00,tt_tbsimatupang,72.0,62.999985
1,2026-08-19 15:00:00+00:00,tt_thamrin,21.0,20.097847
1,2026-08-19 16:00:00+00:00,tt_bekasi,18.0,18.674675
1,2026-08-19 16:00:00+00:00,tt_bogor,45.0,39.033848
1,2026-08-19 16:00:00+00:00,tt_bsd,34.0,35.96898
1,2026-08-19 16:00:00+00:00,tt_cawang,43.0,39.81337
1,2026-08-19 16:00:00+00:00,tt_depok,31.0,29.453491
1,2026-08-19 16:00:00+00:00,tt_gatsu,45.0,44.612984
1,2026-08-19 16:00:00+00:00,tt_grogol,40.0,37.913437
1,2026-08-19 16:00:00+00:00,tt_kebonjeruk,35.0,29.028358
1,2026-08-19 16:00:00+00:00,tt_kelapagading,29.0,28.279945
1,2026-08-19 16:00:00+00:00,tt_kuningan,21.0,20.437054
1,2026-08-19 16:00:00+00:00,tt_sudirman,39.0,29.706463
1,2026-08-19 16:00:00+00:00,tt_tangerang,48.0,47.39134
1,2026-08-19 16:00:00+00:00,tt_tbsimatupang,72.0,64.43072
1,2026-08-19 16:00:00+00:00,tt_thamrin,22.0,21.827475
1,2026-08-19 18:00:00+00:00,tt_bekasi,18.0,19.371365
1,2026-08-19 18:00:00+00:00,tt_bogor,45.0,41.862404
1,2026-08-19 18:00:00+00:00,tt_bsd,34.0,35.964176
1,2026-08-19 18:00:00+00:00,tt_cawang,43.0,43.32815
1,2026-08-19 18:00:00+00:00,tt_depok,31.0,32.115513
1,2026-08-19 18:00:00+00:00,tt_gatsu,45.0,44.200726
1,2026-08-19 18:00:00+00:00,tt_grogol,40.0,39.69723
1,2026-08-19 18:00:00+00:00,tt_kebonjeruk,35.0,33.966534
1,2026-08-19 18:00:00+00:00,tt_kelapagading,29.0,29.743866
1,2026-08-19 18:00:00+00:00,tt_kuningan,21.0,21.800745
1,2026-08-19 18:00:00+00:00,tt_sudirman,39.0,37.12686
1,2026-08-19 18:00:00+00:00,tt_tangerang,44.0,47.064514
1,2026-08-19 18:00:00+00:00,tt_tbsimatupang,72.0,65.36544
1,2026-08-19 18:00:00+00:00,tt_thamrin,22.0,23.597317
1,2026-08-19 20:00:00+00:00,tt_bekasi,18.0,19.145397
1,2026-08-19 20:00:00+00:00,tt_bogor,45.0,41.86865
1,2026-08-19 20:00:00+00:00,tt_bsd,34.0,35.143158
1,2026-08-19 20:00:00+00:00,tt_cawang,43.0,42.29236
1,2026-08-19 20:00:00+00:00,tt_depok,31.0,32.303196
1,2026-08-19 20:00:00+00:00,tt_gatsu,45.0,43.485825
1,2026-08-19 20:00:00+00:00,tt_grogol,40.0,38.762383
1,2026-08-19 20:00:00+00:00,tt_kebonjeruk,35.0,34.18824
1,2026-08-19 20:00:00+00:00,tt_kelapagading,29.0,29.448383
1,2026-08-19 20:00:00+00:00,tt_kuningan,21.0,21.682178
1,2026-08-19 20:00:00+00:00,tt_sudirman,39.0,37.8932
1,2026-08-19 20:00:00+00:00,tt_tangerang,48.0,43.59852
1,2026-08-19 20:00:00+00:00,tt_tbsimatupang,72.0,65.23568
1,2026-08-19 20:00:00+00:00,tt_thamrin,22.0,23.399391
1,2026-08-19 21:00:00+00:00,tt_bekasi,18.0,18.979969
1,2026-08-19 21:00:00+00:00,tt_bogor,45.0,41.73817
1,2026-08-19 21:00:00+00:00,tt_bsd,34.0,35.158783
1,2026-08-19 21:00:00+00:00,tt_cawang,43.0,41.69602
1,2026-08-19 21:00:00+00:00,tt_depok,31.0,32.212902
1,2026-08-19 21:00:00+00:00,tt_gatsu,45.0,43.217598
1,2026-08-19 21:00:00+00:00,tt_grogol,40.0,38.564438
1,2026-08-19 21:00:00+00:00,tt_kebonjeruk,35.0,34.253075
1,2026-08-19 21:00:00+00:00,tt_kelapagading,29.0,29.250156
1,2026-08-19 21:00:00+00:00,tt_kuningan,21.0,21.493868
1,2026-08-19 21:00:00+00:00,tt_sudirman,39.0,37.82024
1,2026-08-19 21:00:00+00:00,tt_tangerang,48.0,44.8733
1,2026-08-19 21:00:00+00:00,tt_tbsimatupang,72.0,65.14791
1,2026-08-19 21:00:00+00:00,tt_thamrin,22.0,23.120975
1,2026-08-19 23:00:00+00:00,tt_bekasi,17.0,18.548672
1,2026-08-19 23:00:00+00:00,tt_bogor,35.0,41.53418
1,2026-08-19 23:00:00+00:00,tt_bsd,34.0,34.962696
1,2026-08-19 23:00:00+00:00,tt_cawang,26.0,40.62295
1,2026-08-19 23:00:00+00:00,tt_depok,31.0,32.04009
1,2026-08-19 23:00:00+00:00,tt_gatsu,45.0,42.818542
1,2026-08-19 23:00:00+00:00,tt_grogol,35.0,37.971413
1,2026-08-19 23:00:00+00:00,tt_kebonjeruk,30.0,34.09429
1,2026-08-19 23:00:00+00:00,tt_kelapagading,29.0,28.989965
1,2026-08-19 23:00:00+00:00,tt_kuningan,21.0,21.179714
1,2026-08-19 23:00:00+00:00,tt_sudirman,39.0,37.67803
1,2026-08-19 23:00:00+00:00,tt_tangerang,48.0,45.313915
1,2026-08-19 23:00:00+00:00,tt_tbsimatupang,72.0,64.99692
1,2026-08-19 23:00:00+00:00,tt_thamrin,20.0,22.629377
1,2026-08-20 01:00:00+00:00,tt_bekasi,18.0,17.364185
1,2026-08-20 01:00:00+00:00,tt_bogor,35.0,35.016235
1,2026-08-20 01:00:00+00:00,tt_bsd,29.0,34.522163
1,2026-08-20 01:00:00+00:00,tt_cawang,14.0,28.58702
1,2026-08-20 01:00:00+00:00,tt_depok,31.0,30.465296
1,2026-08-20 01:00:00+00:00,tt_gatsu,37.0,42.425106
1,2026-08-20 01:00:00+00:00,tt_grogol,30.0,34.22522
1,2026-08-20 01:00:00+00:00,tt_kebonjeruk,26.0,29.858757
1,2026-08-20 01:00:00+00:00,tt_kelapagading,29.0,28.859941
1,2026-08-20 01:00:00+00:00,tt_kuningan,21.0,20.783081
1,2026-08-20 01:00:00+00:00,tt_sudirman,27.0,36.944695
1,2026-08-20 01:00:00+00:00,tt_tangerang,36.0,45.230778
1,2026-08-20 01:00:00+00:00,tt_tbsimatupang,18.0,64.42966
1,2026-08-20 01:00:00+00:00,tt_thamrin,18.0,20.533642
1,2026-08-20 02:00:00+00:00,tt_bekasi,18.0,17.20353
1,2026-08-20 02:00:00+00:00,tt_bogor,40.0,31.914835
1,2026-08-20 02:00:00+00:00,tt_bsd,34.0,29.157042
1,2026-08-20 02:00:00+00:00,tt_cawang,18.0,21.403294
1,2026-08-20 02:00:00+00:00,tt_depok,31.0,28.54127
1,2026-08-20 02:00:00+00:00,tt_gatsu,45.0,36.22282
1,2026-08-20 02:00:00+00:00,tt_grogol,30.0,30.463943
1,2026-08-20 02:00:00+00:00,tt_kebonjeruk,26.0,26.57964
1,2026-08-20 02:00:00+00:00,tt_kelapagading,25.0,28.943068
1,2026-08-20 02:00:00+00:00,tt_kuningan,21.0,19.300129
1,2026-08-20 02:00:00+00:00,tt_sudirman,25.0,31.579382
1,2026-08-20 02:00:00+00:00,tt_tangerang,48.0,38.585434
1,2026-08-20 02:00:00+00:00,tt_tbsimatupang,21.0,37.214413
1,2026-08-20 02:00:00+00:00,tt_thamrin,18.0,18.994284
1,2026-08-20 04:00:00+00:00,tt_bekasi,15.0,17.662209
1,2026-08-20 04:00:00+00:00,tt_bogor,35.0,36.091644
1,2026-08-20 04:00:00+00:00,tt_bsd,34.0,31.22855
1,2026-08-20 04:00:00+00:00,tt_cawang,20.0,20.354023
1,2026-08-20 04:00:00+00:00,tt_depok,27.0,28.838797
1,2026-08-20 04:00:00+00:00,tt_gatsu,45.0,41.601704
1,2026-08-20 04:00:00+00:00,tt_grogol,25.0,29.088562
1,2026-08-20 04:00:00+00:00,tt_kebonjeruk,25.0,25.398174
1,2026-08-20 04:00:00+00:00,tt_kelapagading,22.0,27.293411
1,2026-08-20 04:00:00+00:00,tt_kuningan,21.0,19.16235
1,2026-08-20 04:00:00+00:00,tt_sudirman,26.0,28.335302
1,2026-08-20 04:00:00+00:00,tt_tangerang,48.0,45.108788
1,2026-08-20 04:00:00+00:00,tt_tbsimatupang,45.0,34.697567
1,2026-08-20 04:00:00+00:00,tt_thamrin,13.0,18.024311
1,2026-08-20 06:00:00+00:00,tt_bekasi,15.0,16.26125
1,2026-08-20 06:00:00+00:00,tt_bogor,39.0,35.8836
1,2026-08-20 06:00:00+00:00,tt_bsd,34.0,33.226643
1,2026-08-20 06:00:00+00:00,tt_cawang,28.0,21.307255
1,2026-08-20 06:00:00+00:00,tt_depok,29.0,27.148323
1,2026-08-20 06:00:00+00:00,tt_gatsu,28.0,45.147305
1,2026-08-20 06:00:00+00:00,tt_grogol,29.0,25.699007
1,2026-08-20 06:00:00+00:00,tt_kebonjeruk,25.0,24.419147
1,2026-08-20 06:00:00+00:00,tt_kelapagading,20.0,25.69249
1,2026-08-20 06:00:00+00:00,tt_kuningan,15.999999,20.191475
1,2026-08-20 06:00:00+00:00,tt_sudirman,21.0,28.315086
1,2026-08-20 06:00:00+00:00,tt_tangerang,38.0,46.23945
1,2026-08-20 06:00:00+00:00,tt_tbsimatupang,27.0,47.125374
1,2026-08-20 06:00:00+00:00,tt_thamrin,12.0,15.253357
1,2026-08-20 07:00:00+00:00,tt_bekasi,15.999999,15.820247
1,2026-08-20 07:00:00+00:00,tt_bogor,36.0,37.239044
1,2026-08-20 07:00:00+00:00,tt_bsd,34.0,32.283432
1,2026-08-20 07:00:00+00:00,tt_cawang,21.0,24.67967
1,2026-08-20 07:00:00+00:00,tt_depok,26.0,27.591696
1,2026-08-20 07:00:00+00:00,tt_gatsu,20.0,37.595432
1,2026-08-20 07:00:00+00:00,tt_grogol,29.0,27.007635
1,2026-08-20 07:00:00+00:00,tt_kebonjeruk,22.0,24.19442
1,2026-08-20 07:00:00+00:00,tt_kelapagading,20.0,24.85849
1,2026-08-20 07:00:00+00:00,tt_kuningan,21.0,17.72256
1,2026-08-20 07:00:00+00:00,tt_sudirman,20.0,26.092598
1,2026-08-20 07:00:00+00:00,tt_tangerang,37.0,41.47851
1,2026-08-20 07:00:00+00:00,tt_tbsimatupang,49.0,37.94806
1,2026-08-20 07:00:00+00:00,tt_thamrin,12.0,14.493256
1,2026-08-20 09:00:00+00:00,tt_bekasi,14.0,16.22173
1,2026-08-20 09:00:00+00:00,tt_bogor,34.0,36.72056
1,2026-08-20 09:00:00+00:00,tt_bsd,28.0,32.87081
1,2026-08-20 09:00:00+00:00,tt_cawang,30.0,22.911594
1,2026-08-20 09:00:00+00:00,tt_depok,26.0,26.438135
1,2026-08-20 09:00:00+00:00,tt_gatsu,32.0,31.051825
1,2026-08-20 09:00:00+00:00,tt_grogol,31.0,28.610502
1,2026-08-20 09:00:00+00:00,tt_kebonjeruk,21.0,22.287756
1,2026-08-20 09:00:00+00:00,tt_kelapagading,21.0,24.445917
1,2026-08-20 09:00:00+00:00,tt_kuningan,13.0,19.935787
1,2026-08-20 09:00:00+00:00,tt_sudirman,23.0,24.405329
1,2026-08-20 09:00:00+00:00,tt_tangerang,34.0,38.708466
1,2026-08-20 09:00:00+00:00,tt_tbsimatupang,47.0,48.023094
1,2026-08-20 09:00:00+00:00,tt_thamrin,18.0,14.30406
1,2026-08-20 11:00:00+00:00,tt_bekasi,18.0,16.307499
1,2026-08-20 11:00:00+00:00,tt_bogor,35.0,34.95792
1,2026-08-20 11:00:00+00:00,tt_bsd,34.0,27.991724
1,2026-08-20 11:00:00+00:00,tt_cawang,33.0,28.611032
1,2026-08-20 11:00:00+00:00,tt_depok,26.0,26.140171
1,2026-08-20 11:00:00+00:00,tt_gatsu,7.0,36.414394
1,2026-08-20 11:00:00+00:00,tt_grogol,29.0,31.15262
1,2026-08-20 11:00:00+00:00,tt_kebonjeruk,18.0,21.34282
1,2026-08-20 11:00:00+00:00,tt_kelapagading,21.0,25.299519
1,2026-08-20 11:00:00+00:00,tt_kuningan,15.999999,16.981113
1,2026-08-20 11:00:00+00:00,tt_sudirman,12.0,26.161749
1,2026-08-20 11:00:00+00:00,tt_tangerang,35.0,35.943764
1,2026-08-20 11:00:00+00:00,tt_tbsimatupang,24.0,47.500477
1,2026-08-20 11:00:00+00:00,tt_thamrin,10.0,18.057016
1,2026-08-20 12:00:00+00:00,tt_bekasi,14.0,17.465927
1,2026-08-20 12:00:00+00:00,tt_bogor,37.0,34.18886
1,2026-08-20 12:00:00+00:00,tt_bsd,34.0,29.800528
1,2026-08-20 12:00:00+00:00,tt_cawang,43.0,31.094305
1,2026-08-20 12:00:00+00:00,tt_depok,24.0,25.538628
1,2026-08-20 12:00:00+00:00,tt_gatsu,10.0,26.072536
1,2026-08-20 12:00:00+00:00,tt_grogol,32.0,30.620287
1,2026-08-20 12:00:00+00:00,tt_kebonjeruk,23.0,19.837103
1,2026-08-20 12:00:00+00:00,tt_kelapagading,21.0,24.934797
1,2026-08-20 12:00:00+00:00,tt_kuningan,13.0,16.70299
1,2026-08-20 12:00:00+00:00,tt_sudirman,22.0,20.89153
1,2026-08-20 12:00:00+00:00,tt_tangerang,48.0,36.282513
1,2026-08-20 12:00:00+00:00,tt_tbsimatupang,40.0,36.48144
1,2026-08-20 12:00:00+00:00,tt_thamrin,9.0,15.3392315
1,2026-08-20 14:00:00+00:00,tt_bekasi,18.0,16.393774
1,2026-08-20 14:00:00+00:00,tt_bogor,38.0,36.293156
1,2026-08-20 14:00:00+00:00,tt_bsd,27.0,33.49577
1,2026-08-20 14:00:00+00:00,tt_cawang,32.0,39.644836
1,2026-08-20 14:00:00+00:00,tt_depok,31.0,24.591702
1,2026-08-20 14:00:00+00:00,tt_gatsu,45.0,23.808266
1,2026-08-20 14:00:00+00:00,tt_grogol,40.0,33.197586
1,2026-08-20 14:00:00+00:00,tt_kebonjeruk,28.0,22.60693
1,2026-08-20 14:00:00+00:00,tt_kelapagading,29.0,24.592424
1,2026-08-20 14:00:00+00:00,tt_kuningan,15.999999,15.981926
1,2026-08-20 14:00:00+00:00,tt_sudirman,39.0,24.135479
1,2026-08-20 14:00:00+00:00,tt_tangerang,48.0,45.690163
1,2026-08-20 14:00:00+00:00,tt_tbsimatupang,59.0,41.487415
1,2026-08-20 14:00:00+00:00,tt_thamrin,13.0,14.11558
1,2026-08-20 16:00:00+00:00,tt_bekasi,15.0,19.822886
1,2026-08-20 16:00:00+00:00,tt_bogor,45.0,37.12055
1,2026-08-20 16:00:00+00:00,tt_bsd,34.0,29.268349
1,2026-08-20 16:00:00+00:00,tt_cawang,43.0,38.415615
1,2026-08-20 16:00:00+00:00,tt_depok,31.0,29.950277
1,2026-08-20 16:00:00+00:00,tt_gatsu,45.0,43.83812
1,2026-08-20 16:00:00+00:00,tt_grogol,40.0,39.50829
1,2026-08-20 16:00:00+00:00,tt_kebonjeruk,35.0,26.689335
1,2026-08-20 16:00:00+00:00,tt_kelapagading,29.0,29.603533
1,2026-08-20 16:00:00+00:00,tt_kuningan,21.0,18.904034
1,2026-08-20 16:00:00+00:00,tt_sudirman,39.0,37.211174
1,2026-08-20 16:00:00+00:00,tt_tangerang,48.0,46.791122
1,2026-08-20 16:00:00+00:00,tt_tbsimatupang,72.0,55.548927
1,2026-08-20 16:00:00+00:00,tt_thamrin,22.0,17.034576
1,2026-08-20 17:00:00+00:00,tt_bekasi,18.0,19.034504
1,2026-08-20 17:00:00+00:00,tt_bogor,45.0,40.738914
1,2026-08-20 17:00:00+00:00,tt_bsd,34.0,33.385925
1,2026-08-20 17:00:00+00:00,tt_cawang,43.0,42.781834
1,2026-08-20 17:00:00+00:00,tt_depok,31.0,31.909962
1,2026-08-20 17:00:00+00:00,tt_gatsu,45.0,45.52246
1,2026-08-20 17:00:00+00:00,tt_grogol,40.0,40.20449
1,2026-08-20 17:00:00+00:00,tt_kebonjeruk,35.0,31.307537
1,2026-08-20 17:00:00+00:00,tt_kelapagading,29.0,30.327469
1,2026-08-20 17:00:00+00:00,tt_kuningan,21.0,21.40245
1,2026-08-20 17:00:00+00:00,tt_sudirman,39.0,39.80486
1,2026-08-20 17:00:00+00:00,tt_tangerang,48.0,47.222954
1,2026-08-20 17:00:00+00:00,tt_tbsimatupang,72.0,63.11004
1,2026-08-20 17:00:00+00:00,tt_thamrin,22.0,20.955887
1,2026-08-20 19:00:00+00:00,tt_bekasi,18.0,19.88416
1,2026-08-20 19:00:00+00:00,tt_bogor,45.0,42.175644
1,2026-08-20 19:00:00+00:00,tt_bsd,34.0,35.536785
1,2026-08-20 19:00:00+00:00,tt_cawang,43.0,43.140793
1,2026-08-20 19:00:00+00:00,tt_depok,31.0,32.687065
1,2026-08-20 19:00:00+00:00,tt_gatsu,45.0,44.79068
1,2026-08-20 19:00:00+00:00,tt_grogol,40.0,39.39533
1,2026-08-20 19:00:00+00:00,tt_kebonjeruk,35.0,34.16042
1,2026-08-20 19:00:00+00:00,tt_kelapagading,29.0,30.245838
1,2026-08-20 19:00:00+00:00,tt_kuningan,21.0,22.398354
1,2026-08-20 19:00:00+00:00,tt_sudirman,39.0,39.78038
1,2026-08-20 19:00:00+00:00,tt_tangerang,48.0,46.59931
1,2026-08-20 19:00:00+00:00,tt_tbsimatupang,72.0,64.98917
1,2026-08-20 19:00:00+00:00,tt_thamrin,22.0,22.901966
1,2026-08-20 21:00:00+00:00,tt_bekasi,18.0,19.487003
1,2026-08-20 21:00:00+00:00,tt_bogor,45.0,41.937935
1,2026-08-20 21:00:00+00:00,tt_bsd,34.0,35.407227
1,2026-08-20 21:00:00+00:00,tt_cawang,43.0,41.869995
1,2026-08-20 21:00:00+00:00,tt_depok,31.0,32.443386
1,2026-08-20 21:00:00+00:00,tt_gatsu,45.0,43.83281
1,2026-08-20 21:00:00+00:00,tt_grogol,40.0,38.440228
1,2026-08-20 21:00:00+00:00,tt_kebonjeruk,35.0,34.27619
1,2026-08-20 21:00:00+00:00,tt_kelapagading,29.0,29.68387
1,2026-08-20 21:00:00+00:00,tt_kuningan,21.0,22.1452
1,2026-08-20 21:00:00+00:00,tt_sudirman,39.0,38.88794
1,2026-08-20 21:00:00+00:00,tt_tangerang,48.0,46.080383
1,2026-08-20 21:00:00+00:00,tt_tbsimatupang,72.0,65.09319
1,2026-08-20 21:00:00+00:00,tt_thamrin,22.0,22.748983
1,2026-08-20 22:00:00+00:00,tt_bekasi,18.0,19.311626
1,2026-08-20 22:00:00+00:00,tt_bogor,45.0,41.78521
1,2026-08-20 22:00:00+00:00,tt_bsd,34.0,35.24032
1,2026-08-20 22:00:00+00:00,tt_cawang,43.0,41.334618
1,2026-08-20 22:00:00+00:00,tt_depok,31.0,32.305862
1,2026-08-20 22:00:00+00:00,tt_gatsu,45.0,43.450535
1,2026-08-20 22:00:00+00:00,tt_grogol,40.0,38.092495
1,2026-08-20 22:00:00+00:00,tt_kebonjeruk,35.0,34.171417
1,2026-08-20 22:00:00+00:00,tt_kelapagading,29.0,29.501968
1,2026-08-20 22:00:00+00:00,tt_kuningan,21.0,21.989464
1,2026-08-20 22:00:00+00:00,tt_sudirman,39.0,38.58337
1,2026-08-20 22:00:00+00:00,tt_tangerang,48.0,45.89685
1,2026-08-20 22:00:00+00:00,tt_tbsimatupang,72.0,65.08338
1,2026-08-20 22:00:00+00:00,tt_thamrin,22.0,22.632427
1,2026-08-21 00:00:00+00:00,tt_bekasi,18.0,18.895594
1,2026-08-21 00:00:00+00:00,tt_bogor,35.0,41.53655
1,2026-08-21 00:00:00+00:00,tt_bsd,29.0,34.921257
1,2026-08-21 00:00:00+00:00,tt_cawang,18.0,40.45845
1,2026-08-21 00:00:00+00:00,tt_depok,25.0,32.09321
1,2026-08-21 00:00:00+00:00,tt_gatsu,45.0,42.940685
1,2026-08-21 00:00:00+00:00,tt_grogol,34.0,37.578434
1,2026-08-21 00:00:00+00:00,tt_kebonjeruk,25.0,33.94668
1,2026-08-21 00:00:00+00:00,tt_kelapagading,26.0,29.131853
1,2026-08-21 00:00:00+00:00,tt_kuningan,21.0,21.505474
1,2026-08-21 00:00:00+00:00,tt_sudirman,31.0,38.10381
1,2026-08-21 00:00:00+00:00,tt_tangerang,37.0,45.64179
1,2026-08-21 00:00:00+00:00,tt_tbsimatupang,32.0,64.99801
1,2026-08-21 00:00:00+00:00,tt_thamrin,22.0,22.363026
1,2026-08-21 02:00:00+00:00,tt_bekasi,17.0,17.630854
1,2026-08-21 02:00:00+00:00,tt_bogor,37.0,32.71915
1,2026-08-21 02:00:00+00:00,tt_bsd,28.0,27.52628
1,2026-08-21 02:00:00+00:00,tt_cawang,19.0,23.128561
1,2026-08-21 02:00:00+00:00,tt_depok,26.0,24.12368
1,2026-08-21 02:00:00+00:00,tt_gatsu,45.0,41.097153
1,2026-08-21 02:00:00+00:00,tt_grogol,31.0,32.7061
1,2026-08-21 02:00:00+00:00,tt_kebonjeruk,26.0,25.667164
1,2026-08-21 02:00:00+00:00,tt_kelapagading,29.0,26.793888
1,2026-08-21 02:00:00+00:00,tt_kuningan,21.0,19.624043
1,2026-08-21 02:00:00+00:00,tt_sudirman,23.0,31.868515
1,2026-08-21 02:00:00+00:00,tt_tangerang,37.0,37.470726
1,2026-08-21 02:00:00+00:00,tt_tbsimatupang,37.0,39.103928
1,2026-08-21 02:00:00+00:00,tt_thamrin,22.0,21.188093
1,2026-08-21 03:00:00+00:00,tt_bekasi,15.0,17.387398
1,2026-08-21 03:00:00+00:00,tt_bogor,38.0,33.935814
1,2026-08-21 03:00:00+00:00,tt_bsd,34.0,26.673313
1,2026-08-21 03:00:00+00:00,tt_cawang,21.0,22.356873
1,2026-08-21 03:00:00+00:00,tt_depok,31.0,24.101494
1,2026-08-21 03:00:00+00:00,tt_gatsu,45.0,42.195953
1,2026-08-21 03:00:00+00:00,tt_grogol,27.0,31.108706
1,2026-08-21 03:00:00+00:00,tt_kebonjeruk,24.0,25.112455
1,2026-08-21 03:00:00+00:00,tt_kelapagading,23.0,28.100092
1,2026-08-21 03:00:00+00:00,tt_kuningan,15.999999,19.539593
1,2026-08-21 03:00:00+00:00,tt_sudirman,28.0,27.911509
1,2026-08-21 03:00:00+00:00,tt_tangerang,48.0,36.83121
1,2026-08-21 03:00:00+00:00,tt_tbsimatupang,48.0,40.48763
1,2026-08-21 03:00:00+00:00,tt_thamrin,15.999999,21.130907
1,2026-08-21 05:00:00+00:00,tt_bekasi,15.999999,16.039673
1,2026-08-21 05:00:00+00:00,tt_bogor,45.0,36.902103
1,2026-08-21 05:00:00+00:00,tt_bsd,34.0,32.353786
1,2026-08-21 05:00:00+00:00,tt_cawang,43.0,23.060005
1,2026-08-21 05:00:00+00:00,tt_depok,31.0,28.74752
1,2026-08-21 05:00:00+00:00,tt_gatsu,45.0,44.560345
1,2026-08-21 05:00:00+00:00,tt_grogol,32.0,27.878979
1,2026-08-21 05:00:00+00:00,tt_kebonjeruk,27.0,24.142687
1,2026-08-21 05:00:00+00:00,tt_kelapagading,23.0,25.770718
1,2026-08-21 05:00:00+00:00,tt_kuningan,21.0,17.137714
1,2026-08-21 05:00:00+00:00,tt_sudirman,34.0,28.85961
1,2026-08-21 05:00:00+00:00,tt_tangerang,48.0,44.817284
1,2026-08-21 05:00:00+00:00,tt_tbsimatupang,72.0,48.169548
1,2026-08-21 05:00:00+00:00,tt_thamrin,21.0,17.481384
1,2026-08-21 07:00:00+00:00,tt_bekasi,14.0,17.114246
1,2026-08-21 07:00:00+00:00,tt_bogor,35.0,42.979027
1,2026-08-21 07:00:00+00:00,tt_bsd,34.0,34.99252
1,2026-08-21 07:00:00+00:00,tt_cawang,28.0,39.10437
1,2026-08-21 07:00:00+00:00,tt_depok,25.0,32.747448
1,2026-08-21 07:00:00+00:00,tt_gatsu,36.0,46.859886
1,2026-08-21 07:00:00+00:00,tt_grogol,28.0,31.101633
1,2026-08-21 07:00:00+00:00,tt_kebonjeruk,21.0,26.203596
1,2026-08-21 07:00:00+00:00,tt_kelapagading,20.0,25.900116
1,2026-08-21 07:00:00+00:00,tt_kuningan,21.0,20.819641
1,2026-08-21 07:00:00+00:00,tt_sudirman,18.0,33.832653
1,2026-08-21 07:00:00+00:00,tt_tangerang,39.0,46.642887
1,2026-08-21 07:00:00+00:00,tt_tbsimatupang,52.0,63.789352
1,2026-08-21 07:00:00+00:00,tt_thamrin,18.0,20.403904
1,2026-08-21 08:00:00+00:00,tt_bekasi,15.999999,15.745724
1,2026-08-21 08:00:00+00:00,tt_bogor,34.0,37.101288
1,2026-08-21 08:00:00+00:00,tt_bsd,34.0,33.55245
1,2026-08-21 08:00:00+00:00,tt_cawang,31.0,32.213863
1,2026-08-21 08:00:00+00:00,tt_depok,25.0,27.830685
1,2026-08-21 08:00:00+00:00,tt_gatsu,35.0,39.65618
1,2026-08-21 08:00:00+00:00,tt_grogol,29.0,28.927902
1,2026-08-21 08:00:00+00:00,tt_kebonjeruk,24.0,23.20008
1,2026-08-21 08:00:00+00:00,tt_kelapagading,21.0,23.92676
1,2026-08-21 08:00:00+00:00,tt_kuningan,17.0,20.274748
1,2026-08-21 08:00:00+00:00,tt_sudirman,24.0,26.753645
1,2026-08-21 08:00:00+00:00,tt_tangerang,40.0,41.492973
1,2026-08-21 08:00:00+00:00,tt_tbsimatupang,38.0,53.306755
1,2026-08-21 08:00:00+00:00,tt_thamrin,10.0,19.233898
3,2026-08-18 04:00:00+00:00,tt_bekasi,15.0,17.072773
3,2026-08-18 04:00:00+00:00,tt_bogor,33.0,32.677315
3,2026-08-18 04:00:00+00:00,tt_bsd,28.0,31.196993
3,2026-08-18 04:00:00+00:00,tt_cawang,22.0,25.939167
3,2026-08-18 04:00:00+00:00,tt_depok,31.0,25.957531
3,2026-08-18 04:00:00+00:00,tt_gatsu,32.0,41.59212
3,2026-08-18 04:00:00+00:00,tt_grogol,27.0,28.41689
3,2026-08-18 04:00:00+00:00,tt_kebonjeruk,25.0,27.943634
3,2026-08-18 04:00:00+00:00,tt_kelapagading,29.0,30.817472
3,2026-08-18 04:00:00+00:00,tt_kuningan,15.999999,19.708141
3,2026-08-18 04:00:00+00:00,tt_sudirman,24.0,34.948257
3,2026-08-18 04:00:00+00:00,tt_tangerang,36.0,38.76067
3,2026-08-18 04:00:00+00:00,tt_tbsimatupang,55.0,44.985474
3,2026-08-18 04:00:00+00:00,tt_thamrin,18.0,20.541754
3,2026-08-18 05:00:00+00:00,tt_bekasi,15.0,16.866518
3,2026-08-18 05:00:00+00:00,tt_bogor,38.0,33.38405
3,2026-08-18 05:00:00+00:00,tt_bsd,28.0,31.172398
3,2026-08-18 05:00:00+00:00,tt_cawang,28.0,25.39646
3,2026-08-18 05:00:00+00:00,tt_depok,26.0,27.512758
3,2026-08-18 05:00:00+00:00,tt_gatsu,45.0,40.012997
3,2026-08-18 05:00:00+00:00,tt_grogol,36.0,28.000893
3,2026-08-18 05:00:00+00:00,tt_kebonjeruk,22.0,26.925896
3,2026-08-18 05:00:00+00:00,tt_kelapagading,22.0,31.0752
3,2026-08-18 05:00:00+00:00,tt_kuningan,21.0,19.200077
3,2026-08-18 05:00:00+00:00,tt_sudirman,31.0,31.10071
3,2026-08-18 05:00:00+00:00,tt_tangerang,41.0,42.103355
3,2026-08-18 05:00:00+00:00,tt_tbsimatupang,51.0,39.560303
3,2026-08-18 05:00:00+00:00,tt_thamrin,20.0,19.4738
3,2026-08-18 07:00:00+00:00,tt_bekasi,15.0,16.635347
3,2026-08-18 07:00:00+00:00,tt_bogor,34.0,34.828106
3,2026-08-18 07:00:00+00:00,tt_bsd,30.0,29.26651
3,2026-08-18 07:00:00+00:00,tt_cawang,43.0,25.096958
3,2026-08-18 07:00:00+00:00,tt_depok,31.0,29.9483
3,2026-08-18 07:00:00+00:00,tt_gatsu,45.0,39.39227
3,2026-08-18 07:00:00+00:00,tt_grogol,32.0,27.26202
3,2026-08-18 07:00:00+00:00,tt_kebonjeruk,25.0,25.523802
3,2026-08-18 07:00:00+00:00,tt_kelapagading,22.0,32.249092
3,2026-08-18 07:00:00+00:00,tt_kuningan,15.0,18.347036
3,2026-08-18 07:00:00+00:00,tt_sudirman,28.0,29.330538
3,2026-08-18 07:00:00+00:00,tt_tangerang,38.0,40.537987
3,2026-08-18 07:00:00+00:00,tt_tbsimatupang,57.0,49.75051
3,2026-08-18 07:00:00+00:00,tt_thamrin,22.0,18.86763
3,2026-08-18 09:00:00+00:00,tt_bekasi,14.0,16.935013
3,2026-08-18 09:00:00+00:00,tt_bogor,35.0,36.522675
3,2026-08-18 09:00:00+00:00,tt_bsd,28.0,27.95036
3,2026-08-18 09:00:00+00:00,tt_cawang,29.0,27.95448
3,2026-08-18 09:00:00+00:00,tt_depok,24.0,27.508837
3,2026-08-18 09:00:00+00:00,tt_gatsu,45.0,44.49178
3,2026-08-18 09:00:00+00:00,tt_grogol,32.0,33.37357
3,2026-08-18 09:00:00+00:00,tt_kebonjeruk,23.0,23.813961
3,2026-08-18 09:00:00+00:00,tt_kelapagading,23.0,29.140259
3,2026-08-18 09:00:00+00:00,tt_kuningan,21.0,20.848572
3,2026-08-18 09:00:00+00:00,tt_sudirman,31.0,33.01822
3,2026-08-18 09:00:00+00:00,tt_tangerang,38.0,41.523605
3,2026-08-18 09:00:00+00:00,tt_tbsimatupang,43.0,51.39874
3,2026-08-18 09:00:00+00:00,tt_thamrin,22.0,20.271755
3,2026-08-18 10:00:00+00:00,tt_bekasi,14.0,17.23145
3,2026-08-18 10:00:00+00:00,tt_bogor,35.0,35.97018
3,2026-08-18 10:00:00+00:00,tt_bsd,34.0,28.939049
3,2026-08-18 10:00:00+00:00,tt_cawang,30.0,34.526127
3,2026-08-18 10:00:00+00:00,tt_depok,25.0,29.885536
3,2026-08-18 10:00:00+00:00,tt_gatsu,3.999998,45.241356
3,2026-08-18 10:00:00+00:00,tt_grogol,31.0,32.883957
3,2026-08-18 10:00:00+00:00,tt_kebonjeruk,21.0,24.509274
3,2026-08-18 10:00:00+00:00,tt_kelapagading,21.0,28.807413
3,2026-08-18 10:00:00+00:00,tt_kuningan,14.0,19.343672
3,2026-08-18 10:00:00+00:00,tt_sudirman,23.0,31.992764
3,2026-08-18 10:00:00+00:00,tt_tangerang,34.0,40.549225
3,2026-08-18 10:00:00+00:00,tt_tbsimatupang,44.0,52.716045
3,2026-08-18 10:00:00+00:00,tt_thamrin,22.0,21.143562
3,2026-08-18 12:00:00+00:00,tt_bekasi,14.0,16.89539
3,2026-08-18 12:00:00+00:00,tt_bogor,35.0,34.342793
3,2026-08-18 12:00:00+00:00,tt_bsd,34.0,27.982174
3,2026-08-18 12:00:00+00:00,tt_cawang,34.0,34.600094
3,2026-08-18 12:00:00+00:00,tt_depok,26.0,27.275106
3,2026-08-18 12:00:00+00:00,tt_gatsu,45.0,45.228046
3,2026-08-18 12:00:00+00:00,tt_grogol,32.0,32.601566
3,2026-08-18 12:00:00+00:00,tt_kebonjeruk,25.0,24.023869
3,2026-08-18 12:00:00+00:00,tt_kelapagading,22.0,28.377424
3,2026-08-18 12:00:00+00:00,tt_kuningan,13.0,20.170256
3,2026-08-18 12:00:00+00:00,tt_sudirman,29.0,32.146847
3,2026-08-18 12:00:00+00:00,tt_tangerang,48.0,39.625122
3,2026-08-18 12:00:00+00:00,tt_tbsimatupang,72.0,48.352806
3,2026-08-18 12:00:00+00:00,tt_thamrin,17.0,22.199966
3,2026-08-18 14:00:00+00:00,tt_bekasi,15.999999,16.32296
3,2026-08-18 14:00:00+00:00,tt_bogor,45.0,33.785484
3,2026-08-18 14:00:00+00:00,tt_bsd,34.0,31.167812
3,2026-08-18 14:00:00+00:00,tt_cawang,32.0,34.690666
3,2026-08-18 14:00:00+00:00,tt_depok,26.0,25.85109
3,2026-08-18 14:00:00+00:00,tt_gatsu,45.0,33.083374
3,2026-08-18 14:00:00+00:00,tt_grogol,40.0,32.16353
3,2026-08-18 14:00:00+00:00,tt_kebonjeruk,31.0,22.285625
3,2026-08-18 14:00:00+00:00,tt_kelapagading,29.0,26.892405
3,2026-08-18 14:00:00+00:00,tt_kuningan,15.999999,17.3693
3,2026-08-18 14:00:00+00:00,tt_sudirman,30.0,28.396881
3,2026-08-18 14:00:00+00:00,tt_tangerang,48.0,37.3509
3,2026-08-18 14:00:00+00:00,tt_tbsimatupang,72.0,46.763245
3,2026-08-18 14:00:00+00:00,tt_thamrin,22.0,22.866873
3,2026-08-18 15:00:00+00:00,tt_bekasi,15.999999,17.116436
3,2026-08-18 15:00:00+00:00,tt_bogor,45.0,34.47515
3,2026-08-18 15:00:00+00:00,tt_bsd,34.0,33.02852
3,2026-08-18 15:00:00+00:00,tt_cawang,43.0,36.5663
3,2026-08-18 15:00:00+00:00,tt_depok,31.0,26.331108
3,2026-08-18 15:00:00+00:00,tt_gatsu,45.0,45.003212
3,2026-08-18 15:00:00+00:00,tt_grogol,40.0,32.703197
3,2026-08-18 15:00:00+00:00,tt_kebonjeruk,35.0,23.756577
3,2026-08-18 15:00:00+00:00,tt_kelapagading,29.0,26.52528
3,2026-08-18 15:00:00+00:00,tt_kuningan,21.0,17.557209
3,2026-08-18 15:00:00+00:00,tt_sudirman,39.0,30.593393
3,2026-08-18 15:00:00+00:00,tt_tangerang,48.0,41.728157
3,2026-08-18 15:00:00+00:00,tt_tbsimatupang,72.0,56.49806
3,2026-08-18 15:00:00+00:00,tt_thamrin,22.0,21.576801
3,2026-08-18 17:00:00+00:00,tt_bekasi,17.0,18.074875
3,2026-08-18 17:00:00+00:00,tt_bogor,45.0,36.96049
3,2026-08-18 17:00:00+00:00,tt_bsd,34.0,33.878025
3,2026-08-18 17:00:00+00:00,tt_cawang,43.0,36.380493
3,2026-08-18 17:00:00+00:00,tt_depok,31.0,26.268133
3,2026-08-18 17:00:00+00:00,tt_gatsu,45.0,47.280403
3,2026-08-18 17:00:00+00:00,tt_grogol,40.0,35.859894
3,2026-08-18 17:00:00+00:00,tt_kebonjeruk,35.0,27.680231
3,2026-08-18 17:00:00+00:00,tt_kelapagading,29.0,28.324226
3,2026-08-18 17:00:00+00:00,tt_kuningan,21.0,17.920177
3,2026-08-18 17:00:00+00:00,tt_sudirman,39.0,31.953945
3,2026-08-18 17:00:00+00:00,tt_tangerang,48.0,44.334145
3,2026-08-18 17:00:00+00:00,tt_tbsimatupang,72.0,59.244453
3,2026-08-18 17:00:00+00:00,tt_thamrin,22.0,23.0069
3,2026-08-18 19:00:00+00:00,tt_bekasi,17.0,18.404072
3,2026-08-18 19:00:00+00:00,tt_bogor,45.0,38.710754
3,2026-08-18 19:00:00+00:00,tt_bsd,34.0,33.870777
3,2026-08-18 19:00:00+00:00,tt_cawang,43.0,39.795597
3,2026-08-18 19:00:00+00:00,tt_depok,31.0,30.260443
3,2026-08-18 19:00:00+00:00,tt_gatsu,45.0,45.563236
3,2026-08-18 19:00:00+00:00,tt_grogol,40.0,37.253735
3,2026-08-18 19:00:00+00:00,tt_kebonjeruk,35.0,32.540604
3,2026-08-18 19:00:00+00:00,tt_kelapagading,29.0,29.108742
3,2026-08-18 19:00:00+00:00,tt_kuningan,21.0,20.32874
3,2026-08-18 19:00:00+00:00,tt_sudirman,39.0,37.084038
3,2026-08-18 19:00:00+00:00,tt_tangerang,48.0,44.153236
3,2026-08-18 19:00:00+00:00,tt_tbsimatupang,72.0,58.601173
3,2026-08-18 19:00:00+00:00,tt_thamrin,22.0,23.801928
3,2026-08-18 20:00:00+00:00,tt_bekasi,17.0,18.713488
3,2026-08-18 20:00:00+00:00,tt_bogor,45.0,38.688774
3,2026-08-18 20:00:00+00:00,tt_bsd,34.0,33.749886
3,2026-08-18 20:00:00+00:00,tt_cawang,43.0,39.725132
3,2026-08-18 20:00:00+00:00,tt_depok,31.0,30.662743
3,2026-08-18 20:00:00+00:00,tt_gatsu,45.0,44.499226
3,2026-08-18 20:00:00+00:00,tt_grogol,40.0,37.030704
3,2026-08-18 20:00:00+00:00,tt_kebonjeruk,35.0,33.10385
3,2026-08-18 20:00:00+00:00,tt_kelapagading,29.0,29.325161
3,2026-08-18 20:00:00+00:00,tt_kuningan,21.0,20.712408
3,2026-08-18 20:00:00+00:00,tt_sudirman,39.0,37.42949
3,2026-08-18 20:00:00+00:00,tt_tangerang,48.0,43.89557
3,2026-08-18 20:00:00+00:00,tt_tbsimatupang,72.0,58.152878
3,2026-08-18 20:00:00+00:00,tt_thamrin,22.0,23.728466
3,2026-08-18 22:00:00+00:00,tt_bekasi,17.0,18.820618
3,2026-08-18 22:00:00+00:00,tt_bogor,45.0,38.424503
3,2026-08-18 22:00:00+00:00,tt_bsd,34.0,33.53005
3,2026-08-18 22:00:00+00:00,tt_cawang,43.0,38.94533
3,2026-08-18 22:00:00+00:00,tt_depok,31.0,30.748234
3,2026-08-18 22:00:00+00:00,tt_gatsu,45.0,42.797745
3,2026-08-18 22:00:00+00:00,tt_grogol,40.0,36.501945
3,2026-08-18 22:00:00+00:00,tt_kebonjeruk,35.0,33.32002
3,2026-08-18 22:00:00+00:00,tt_kelapagading,29.0,29.396334
3,2026-08-18 22:00:00+00:00,tt_kuningan,21.0,21.02371
3,2026-08-18 22:00:00+00:00,tt_sudirman,39.0,37.399822
3,2026-08-18 22:00:00+00:00,tt_tangerang,48.0,43.4766
3,2026-08-18 22:00:00+00:00,tt_tbsimatupang,72.0,57.521614
3,2026-08-18 22:00:00+00:00,tt_thamrin,22.0,23.292912
3,2026-08-19 00:00:00+00:00,tt_bekasi,15.0,18.83474
3,2026-08-19 00:00:00+00:00,tt_bogor,35.0,38.179768
3,2026-08-19 00:00:00+00:00,tt_bsd,29.0,33.374348
3,2026-08-19 00:00:00+00:00,tt_cawang,20.0,38.372322
3,2026-08-19 00:00:00+00:00,tt_depok,31.0,30.65366
3,2026-08-19 00:00:00+00:00,tt_gatsu,45.0,41.582916
3,2026-08-19 00:00:00+00:00,tt_grogol,40.0,36.12053
3,2026-08-19 00:00:00+00:00,tt_kebonjeruk,27.0,33.27621
3,2026-08-19 00:00:00+00:00,tt_kelapagading,29.0,29.337095
3,2026-08-19 00:00:00+00:00,tt_kuningan,21.0,21.112007
3,2026-08-19 00:00:00+00:00,tt_sudirman,39.0,37.211555
3,2026-08-19 00:00:00+00:00,tt_tangerang,48.0,43.20404
3,2026-08-19 00:00:00+00:00,tt_tbsimatupang,39.0,57.13251
3,2026-08-19 00:00:00+00:00,tt_thamrin,19.0,22.864239
3,2026-08-19 01:00:00+00:00,tt_bekasi,15.999999,18.454638
3,2026-08-19 01:00:00+00:00,tt_bogor,37.0,38.09461
3,2026-08-19 01:00:00+00:00,tt_bsd,34.0,33.313873
3,2026-08-19 01:00:00+00:00,tt_cawang,13.0,38.126347
3,2026-08-19 01:00:00+00:00,tt_depok,27.0,30.614351
3,2026-08-19 01:00:00+00:00,tt_gatsu,13.0,41.24051
3,2026-08-19 01:00:00+00:00,tt_grogol,32.0,35.951504
3,2026-08-19 01:00:00+00:00,tt_kebonjeruk,25.0,33.224346
3,2026-08-19 01:00:00+00:00,tt_kelapagading,29.0,29.241213
3,2026-08-19 01:00:00+00:00,tt_kuningan,21.0,20.8989
3,2026-08-19 01:00:00+00:00,tt_sudirman,22.0,37.058453
3,2026-08-19 01:00:00+00:00,tt_tangerang,39.0,43.1204
3,2026-08-19 01:00:00+00:00,tt_tbsimatupang,18.0,56.987488
3,2026-08-19 01:00:00+00:00,tt_thamrin,22.0,22.572006
3,2026-08-19 03:00:00+00:00,tt_bekasi,15.999999,16.954025
3,2026-08-19 03:00:00+00:00,tt_bogor,37.0,33.92186
3,2026-08-19 03:00:00+00:00,tt_bsd,34.0,29.772467
3,2026-08-19 03:00:00+00:00,tt_cawang,20.0,29.93028
3,2026-08-19 03:00:00+00:00,tt_depok,31.0,28.798313
3,2026-08-19 03:00:00+00:00,tt_gatsu,45.0,40.169186
3,2026-08-19 03:00:00+00:00,tt_grogol,31.0,35.7092
3,2026-08-19 03:00:00+00:00,tt_kebonjeruk,23.0,29.41742
3,2026-08-19 03:00:00+00:00,tt_kelapagading,29.0,29.159485
3,2026-08-19 03:00:00+00:00,tt_kuningan,15.999999,20.056448
3,2026-08-19 03:00:00+00:00,tt_sudirman,24.0,36.536404
3,2026-08-19 03:00:00+00:00,tt_tangerang,40.0,42.879684
3,2026-08-19 03:00:00+00:00,tt_tbsimatupang,33.0,48.298737
3,2026-08-19 03:00:00+00:00,tt_thamrin,20.0,20.94822
3,2026-08-19 05:00:00+00:00,tt_bekasi,15.0,16.287907
3,2026-08-19 05:00:00+00:00,tt_bogor,32.0,34.05928
3,2026-08-19 05:00:00+00:00,tt_bsd,34.0,30.882093
3,2026-08-19 05:00:00+00:00,tt_cawang,17.0,24.370934
3,2026-08-19 05:00:00+00:00,tt_depok,31.0,25.879076
3,2026-08-19 05:00:00+00:00,tt_gatsu,45.0,29.7171
3,2026-08-19 05:00:00+00:00,tt_grogol,31.0,32.171093
3,2026-08-19 05:00:00+00:00,tt_kebonjeruk,24.0,26.015514
3,2026-08-19 05:00:00+00:00,tt_kelapagading,21.0,30.388205
3,2026-08-19 05:00:00+00:00,tt_kuningan,17.0,19.268242
3,2026-08-19 05:00:00+00:00,tt_sudirman,27.0,29.49767
3,2026-08-19 05:00:00+00:00,tt_tangerang,40.0,39.549988
3,2026-08-19 05:00:00+00:00,tt_tbsimatupang,43.0,40.52265
3,2026-08-19 05:00:00+00:00,tt_thamrin,17.0,21.097218
3,2026-08-19 06:00:00+00:00,tt_bekasi,18.0,17.09892
3,2026-08-19 06:00:00+00:00,tt_bogor,35.0,35.67861
3,2026-08-19 06:00:00+00:00,tt_bsd,34.0,31.709606
3,2026-08-19 06:00:00+00:00,tt_cawang,19.0,26.158596
3,2026-08-19 06:00:00+00:00,tt_depok,27.0,27.791533
3,2026-08-19 06:00:00+00:00,tt_gatsu,30.0,40.2084
3,2026-08-19 06:00:00+00:00,tt_grogol,27.0,31.575817
3,2026-08-19 06:00:00+00:00,tt_kebonjeruk,21.0,24.78873
3,2026-08-19 06:00:00+00:00,tt_kelapagading,21.0,31.340155
3,2026-08-19 06:00:00+00:00,tt_kuningan,21.0,18.607864
3,2026-08-19 06:00:00+00:00,tt_sudirman,18.0,29.657978
3,2026-08-19 06:00:00+00:00,tt_tangerang,38.0,39.47503
3,2026-08-19 06:00:00+00:00,tt_tbsimatupang,48.0,44.5979
3,2026-08-19 06:00:00+00:00,tt_thamrin,13.0,20.509
3,2026-08-19 08:00:00+00:00,tt_bekasi,15.0,17.095886
3,2026-08-19 08:00:00+00:00,tt_bogor,34.0,35.048706
3,2026-08-19 08:00:00+00:00,tt_bsd,28.0,32.68496
3,2026-08-19 08:00:00+00:00,tt_cawang,32.0,24.743635
3,2026-08-19 08:00:00+00:00,tt_depok,25.0,29.285942
3,2026-08-19 08:00:00+00:00,tt_gatsu,26.0,46.32338
3,2026-08-19 08:00:00+00:00,tt_grogol,27.0,31.459616
3,2026-08-19 08:00:00+00:00,tt_kebonjeruk,18.0,24.19051
3,2026-08-19 08:00:00+00:00,tt_kelapagading,22.0,29.561638
3,2026-08-19 08:00:00+00:00,tt_kuningan,21.0,18.720146
3,2026-08-19 08:00:00+00:00,tt_sudirman,22.0,30.142704
3,2026-08-19 08:00:00+00:00,tt_tangerang,48.0,39.52528
3,2026-08-19 08:00:00+00:00,tt_tbsimatupang,32.0,45.912533
3,2026-08-19 08:00:00+00:00,tt_thamrin,8.0,19.431335
3,2026-08-19 10:00:00+00:00,tt_bekasi,13.0,18.423817
3,2026-08-19 10:00:00+00:00,tt_bogor,30.0,35.54539
3,2026-08-19 10:00:00+00:00,tt_bsd,34.0,32.857735
3,2026-08-19 10:00:00+00:00,tt_cawang,43.0,24.041656
3,2026-08-19 10:00:00+00:00,tt_depok,23.0,27.570034
3,2026-08-19 10:00:00+00:00,tt_gatsu,23.0,41.624508
3,2026-08-19 10:00:00+00:00,tt_grogol,30.0,29.479755
3,2026-08-19 10:00:00+00:00,tt_kebonjeruk,19.0,22.277893
3,2026-08-19 10:00:00+00:00,tt_kelapagading,22.0,28.706728
3,2026-08-19 10:00:00+00:00,tt_kuningan,15.999999,20.731983
3,2026-08-19 10:00:00+00:00,tt_sudirman,19.0,25.926832
3,2026-08-19 10:00:00+00:00,tt_tangerang,28.0,38.636417
3,2026-08-19 10:00:00+00:00,tt_tbsimatupang,34.0,47.81108
3,2026-08-19 10:00:00+00:00,tt_thamrin,17.0,17.391369
3,2026-08-19 11:00:00+00:00,tt_bekasi,18.0,17.924963
3,2026-08-19 11:00:00+00:00,tt_bogor,33.0,34.96842
3,2026-08-19 11:00:00+00:00,tt_bsd,27.0,29.956667
3,2026-08-19 11:00:00+00:00,tt_cawang,43.0,29.454803
3,2026-08-19 11:00:00+00:00,tt_depok,25.0,26.464441
3,2026-08-19 11:00:00+00:00,tt_gatsu,35.0,39.325397
3,2026-08-19 11:00:00+00:00,tt_grogol,32.0,29.416693
3,2026-08-19 11:00:00+00:00,tt_kebonjeruk,21.0,21.035027
3,2026-08-19 11:00:00+00:00,tt_kelapagading,20.0,29.131496
3,2026-08-19 11:00:00+00:00,tt_kuningan,15.999999,21.06575
3,2026-08-19 11:00:00+00:00,tt_sudirman,15.999999,26.829422
3,2026-08-19 11:00:00+00:00,tt_tangerang,26.0,42.100105
3,2026-08-19 11:00:00+00:00,tt_tbsimatupang,44.0,43.57081
3,2026-08-19 11:00:00+00:00,tt_thamrin,10.0,15.971005
3,2026-08-19 13:00:00+00:00,tt_bekasi,18.0,17.532192
3,2026-08-19 13:00:00+00:00,tt_bogor,45.0,33.014446
3,2026-08-19 13:00:00+00:00,tt_bsd,34.0,30.681185
3,2026-08-19 13:00:00+00:00,tt_cawang,43.0,36.62336
3,2026-08-19 13:00:00+00:00,tt_depok,25.0,25.032175
3,2026-08-19 13:00:00+00:00,tt_gatsu,45.0,36.435406
3,2026-08-19 13:00:00+00:00,tt_grogol,31.0,30.919579
3,2026-08-19 13:00:00+00:00,tt_kebonjeruk,27.0,20.364172
3,2026-08-19 13:00:00+00:00,tt_kelapagading,23.0,29.318893
3,2026-08-19 13:00:00+00:00,tt_kuningan,13.0,20.389578
3,2026-08-19 13:00:00+00:00,tt_sudirman,30.0,25.890636
3,2026-08-19 13:00:00+00:00,tt_tangerang,48.0,38.935295
3,2026-08-19 13:00:00+00:00,tt_tbsimatupang,72.0,40.290504
3,2026-08-19 13:00:00+00:00,tt_thamrin,20.0,18.221127
3,2026-08-19 15:00:00+00:00,tt_bekasi,15.999999,19.976412
3,2026-08-19 15:00:00+00:00,tt_bogor,38.0,33.81826
3,2026-08-19 15:00:00+00:00,tt_bsd,34.0,28.147127
3,2026-08-19 15:00:00+00:00,tt_cawang,32.0,42.976723
3,2026-08-19 15:00:00+00:00,tt_depok,31.0,25.487724
3,2026-08-19 15:00:00+00:00,tt_gatsu,45.0,39.497643
3,2026-08-19 15:00:00+00:00,tt_grogol,40.0,34.35819
3,2026-08-19 15:00:00+00:00,tt_kebonjeruk,31.0,21.065151
3,2026-08-19 15:00:00+00:00,tt_kelapagading,29.0,27.683126
3,2026-08-19 15:00:00+00:00,tt_kuningan,21.0,20.289913
3,2026-08-19 15:00:00+00:00,tt_sudirman,29.0,22.578745
3,2026-08-19 15:00:00+00:00,tt_tangerang,48.0,35.161343
3,2026-08-19 15:00:00+00:00,tt_tbsimatupang,72.0,43.127094
3,2026-08-19 15:00:00+00:00,tt_thamrin,21.0,16.862984
3,2026-08-19 16:00:00+00:00,tt_bekasi,18.0,20.105968
3,2026-08-19 16:00:00+00:00,tt_bogor,45.0,37.63088
3,2026-08-19 16:00:00+00:00,tt_bsd,34.0,32.455734
3,2026-08-19 16:00:00+00:00,tt_cawang,43.0,44.904552
3,2026-08-19 16:00:00+00:00,tt_depok,31.0,25.986242
3,2026-08-19 16:00:00+00:00,tt_gatsu,45.0,43.041927
3,2026-08-19 16:00:00+00:00,tt_grogol,40.0,34.550926
3,2026-08-19 16:00:00+00:00,tt_kebonjeruk,35.0,24.473257
3,2026-08-19 16:00:00+00:00,tt_kelapagading,29.0,27.946976
3,2026-08-19 16:00:00+00:00,tt_kuningan,21.0,19.40718
3,2026-08-19 16:00:00+00:00,tt_sudirman,39.0,27.71265
3,2026-08-19 16:00:00+00:00,tt_tangerang,48.0,42.464714
3,2026-08-19 16:00:00+00:00,tt_tbsimatupang,72.0,53.87141
3,2026-08-19 16:00:00+00:00,tt_thamrin,22.0,20.113682
3,2026-08-19 18:00:00+00:00,tt_bekasi,18.0,19.199928
3,2026-08-19 18:00:00+00:00,tt_bogor,45.0,37.0743
3,2026-08-19 18:00:00+00:00,tt_bsd,34.0,34.45827
3,2026-08-19 18:00:00+00:00,tt_cawang,43.0,41.34091
3,2026-08-19 18:00:00+00:00,tt_depok,31.0,28.44495
3,2026-08-19 18:00:00+00:00,tt_gatsu,45.0,43.27417
3,2026-08-19 18:00:00+00:00,tt_grogol,40.0,37.328327
3,2026-08-19 18:00:00+00:00,tt_kebonjeruk,35.0,28.757946
3,2026-08-19 18:00:00+00:00,tt_kelapagading,29.0,29.222733
3,2026-08-19 18:00:00+00:00,tt_kuningan,21.0,20.806438
3,2026-08-19 18:00:00+00:00,tt_sudirman,39.0,30.017324
3,2026-08-19 18:00:00+00:00,tt_tangerang,44.0,45.601055
3,2026-08-19 18:00:00+00:00,tt_tbsimatupang,72.0,58.217655
3,2026-08-19 18:00:00+00:00,tt_thamrin,22.0,22.453743
3,2026-08-19 20:00:00+00:00,tt_bekasi,18.0,19.75251
3,2026-08-19 20:00:00+00:00,tt_bogor,45.0,38.728397
3,2026-08-19 20:00:00+00:00,tt_bsd,34.0,34.349552
3,2026-08-19 20:00:00+00:00,tt_cawang,43.0,42.358803
3,2026-08-19 20:00:00+00:00,tt_depok,31.0,30.522223
3,2026-08-19 20:00:00+00:00,tt_gatsu,45.0,42.46974
3,2026-08-19 20:00:00+00:00,tt_grogol,40.0,38.29158
3,2026-08-19 20:00:00+00:00,tt_kebonjeruk,35.0,33.19293
3,2026-08-19 20:00:00+00:00,tt_kelapagading,29.0,29.98116
3,2026-08-19 20:00:00+00:00,tt_kuningan,21.0,21.680412
3,2026-08-19 20:00:00+00:00,tt_sudirman,39.0,36.159718
3,2026-08-19 20:00:00+00:00,tt_tangerang,48.0,44.95279
3,2026-08-19 20:00:00+00:00,tt_tbsimatupang,72.0,58.23693
3,2026-08-19 20:00:00+00:00,tt_thamrin,22.0,23.882227
3,2026-08-19 21:00:00+00:00,tt_bekasi,18.0,19.613071
3,2026-08-19 21:00:00+00:00,tt_bogor,45.0,38.652695
3,2026-08-19 21:00:00+00:00,tt_bsd,34.0,33.980873
3,2026-08-19 21:00:00+00:00,tt_cawang,43.0,41.57334
3,2026-08-19 21:00:00+00:00,tt_depok,31.0,30.700516
3,2026-08-19 21:00:00+00:00,tt_gatsu,45.0,42.068916
3,2026-08-19 21:00:00+00:00,tt_grogol,40.0,37.863686
3,2026-08-19 21:00:00+00:00,tt_kebonjeruk,35.0,33.45488
3,2026-08-19 21:00:00+00:00,tt_kelapagading,29.0,29.839125
3,2026-08-19 21:00:00+00:00,tt_kuningan,21.0,21.57726
3,2026-08-19 21:00:00+00:00,tt_sudirman,39.0,36.792965
3,2026-08-19 21:00:00+00:00,tt_tangerang,48.0,43.235767
3,2026-08-19 21:00:00+00:00,tt_tbsimatupang,72.0,57.95372
3,2026-08-19 21:00:00+00:00,tt_thamrin,22.0,23.884975
3,2026-08-19 23:00:00+00:00,tt_bekasi,17.0,19.25512
3,2026-08-19 23:00:00+00:00,tt_bogor,35.0,38.350212
3,2026-08-19 23:00:00+00:00,tt_bsd,34.0,33.710648
3,2026-08-19 23:00:00+00:00,tt_cawang,26.0,40.035473
3,2026-08-19 23:00:00+00:00,tt_depok,31.0,30.696945
3,2026-08-19 23:00:00+00:00,tt_gatsu,45.0,41.39569
3,2026-08-19 23:00:00+00:00,tt_grogol,35.0,37.295322
3,2026-08-19 23:00:00+00:00,tt_kebonjeruk,30.0,33.556835
3,2026-08-19 23:00:00+00:00,tt_kelapagading,29.0,29.41344
3,2026-08-19 23:00:00+00:00,tt_kuningan,21.0,21.206493
3,2026-08-19 23:00:00+00:00,tt_sudirman,39.0,37.00102
3,2026-08-19 23:00:00+00:00,tt_tangerang,48.0,42.82344
3,2026-08-19 23:00:00+00:00,tt_tbsimatupang,72.0,57.43882
3,2026-08-19 23:00:00+00:00,tt_thamrin,20.0,23.547451
3,2026-08-20 01:00:00+00:00,tt_bekasi,18.0,18.730005
3,2026-08-20 01:00:00+00:00,tt_bogor,35.0,38.128242
3,2026-08-20 01:00:00+00:00,tt_bsd,29.0,33.453384
3,2026-08-20 01:00:00+00:00,tt_cawang,14.0,38.695793
3,2026-08-20 01:00:00+00:00,tt_depok,31.0,30.605976
3,2026-08-20 01:00:00+00:00,tt_gatsu,37.0,40.899895
3,2026-08-20 01:00:00+00:00,tt_grogol,30.0,36.582882
3,2026-08-20 01:00:00+00:00,tt_kebonjeruk,26.0,33.40952
3,2026-08-20 01:00:00+00:00,tt_kelapagading,29.0,29.15548
3,2026-08-20 01:00:00+00:00,tt_kuningan,21.0,20.859886
3,2026-08-20 01:00:00+00:00,tt_sudirman,27.0,36.965992
3,2026-08-20 01:00:00+00:00,tt_tangerang,36.0,42.86739
3,2026-08-20 01:00:00+00:00,tt_tbsimatupang,18.0,57.04854
3,2026-08-20 01:00:00+00:00,tt_thamrin,18.0,23.018822
3,2026-08-20 02:00:00+00:00,tt_bekasi,18.0,18.050999
3,2026-08-20 02:00:00+00:00,tt_bogor,40.0,34.974735
3,2026-08-20 02:00:00+00:00,tt_bsd,34.0,33.22445
3,2026-08-20 02:00:00+00:00,tt_cawang,18.0,32.297417
3,2026-08-20 02:00:00+00:00,tt_depok,31.0,29.862303
3,2026-08-20 02:00:00+00:00,tt_gatsu,45.0,40.638927
3,2026-08-20 02:00:00+00:00,tt_grogol,30.0,34.76246
3,2026-08-20 02:00:00+00:00,tt_kebonjeruk,26.0,30.973198
3,2026-08-20 02:00:00+00:00,tt_kelapagading,25.0,29.118565
3,2026-08-20 02:00:00+00:00,tt_kuningan,21.0,20.670147
3,2026-08-20 02:00:00+00:00,tt_sudirman,25.0,36.632317
3,2026-08-20 02:00:00+00:00,tt_tangerang,48.0,42.793674
3,2026-08-20 02:00:00+00:00,tt_tbsimatupang,21.0,56.815033
3,2026-08-20 02:00:00+00:00,tt_thamrin,18.0,21.844658
3,2026-08-20 04:00:00+00:00,tt_bekasi,15.0,17.751358
3,2026-08-20 04:00:00+00:00,tt_bogor,35.0,32.27694
3,2026-08-20 04:00:00+00:00,tt_bsd,34.0,29.147572
3,2026-08-20 04:00:00+00:00,tt_cawang,20.0,24.83145
3,2026-08-20 04:00:00+00:00,tt_depok,27.0,28.596199
3,2026-08-20 04:00:00+00:00,tt_gatsu,45.0,38.091293
3,2026-08-20 04:00:00+00:00,tt_grogol,25.0,31.085592
3,2026-08-20 04:00:00+00:00,tt_kebonjeruk,25.0,27.324297
3,2026-08-20 04:00:00+00:00,tt_kelapagading,22.0,29.761784
3,2026-08-20 04:00:00+00:00,tt_kuningan,21.0,19.394226
3,2026-08-20 04:00:00+00:00,tt_sudirman,26.0,33.277397
3,2026-08-20 04:00:00+00:00,tt_tangerang,48.0,39.386997
3,2026-08-20 04:00:00+00:00,tt_tbsimatupang,45.0,44.183567
3,2026-08-20 04:00:00+00:00,tt_thamrin,13.0,19.808838
3,2026-08-20 06:00:00+00:00,tt_bekasi,15.0,18.068722
3,2026-08-20 06:00:00+00:00,tt_bogor,39.0,36.191414
3,2026-08-20 06:00:00+00:00,tt_bsd,34.0,31.261755
3,2026-08-20 06:00:00+00:00,tt_cawang,28.0,23.580841
3,2026-08-20 06:00:00+00:00,tt_depok,29.0,29.037462
3,2026-08-20 06:00:00+00:00,tt_gatsu,28.0,42.923553
3,2026-08-20 06:00:00+00:00,tt_grogol,29.0,29.763884
3,2026-08-20 06:00:00+00:00,tt_kebonjeruk,25.0,26.127792
3,2026-08-20 06:00:00+00:00,tt_kelapagading,20.0,28.414125
3,2026-08-20 06:00:00+00:00,tt_kuningan,15.999999,19.45644
3,2026-08-20 06:00:00+00:00,tt_sudirman,21.0,30.436222
3,2026-08-20 06:00:00+00:00,tt_tangerang,38.0,43.78972
3,2026-08-20 06:00:00+00:00,tt_tbsimatupang,27.0,43.256584
3,2026-08-20 06:00:00+00:00,tt_thamrin,12.0,18.966095
3,2026-08-20 07:00:00+00:00,tt_bekasi,15.999999,17.205933
3,2026-08-20 07:00:00+00:00,tt_bogor,36.0,36.14478
3,2026-08-20 07:00:00+00:00,tt_bsd,34.0,32.30308
3,2026-08-20 07:00:00+00:00,tt_cawang,21.0,23.690239
3,2026-08-20 07:00:00+00:00,tt_depok,26.0,27.922508
3,2026-08-20 07:00:00+00:00,tt_gatsu,20.0,44.995354
3,2026-08-20 07:00:00+00:00,tt_grogol,29.0,27.645056
3,2026-08-20 07:00:00+00:00,tt_kebonjeruk,22.0,25.410145
3,2026-08-20 07:00:00+00:00,tt_kelapagading,20.0,27.418522
3,2026-08-20 07:00:00+00:00,tt_kuningan,21.0,19.979946
3,2026-08-20 07:00:00+00:00,tt_sudirman,20.0,30.304775
3,2026-08-20 07:00:00+00:00,tt_tangerang,37.0,44.46634
3,2026-08-20 07:00:00+00:00,tt_tbsimatupang,49.0,49.436317
3,2026-08-20 07:00:00+00:00,tt_thamrin,12.0,17.31622
3,2026-08-20 09:00:00+00:00,tt_bekasi,14.0,16.776688
3,2026-08-20 09:00:00+00:00,tt_bogor,34.0,37.084866
3,2026-08-20 09:00:00+00:00,tt_bsd,28.0,32.030586
3,2026-08-20 09:00:00+00:00,tt_cawang,30.0,26.284534
3,2026-08-20 09:00:00+00:00,tt_depok,26.0,27.934467
3,2026-08-20 09:00:00+00:00,tt_gatsu,32.0,41.860817
3,2026-08-20 09:00:00+00:00,tt_grogol,31.0,27.83645
3,2026-08-20 09:00:00+00:00,tt_kebonjeruk,21.0,24.75373
3,2026-08-20 09:00:00+00:00,tt_kelapagading,21.0,26.593937
3,2026-08-20 09:00:00+00:00,tt_kuningan,13.0,18.46421
3,2026-08-20 09:00:00+00:00,tt_sudirman,23.0,28.246069
3,2026-08-20 09:00:00+00:00,tt_tangerang,34.0,42.467155
3,2026-08-20 09:00:00+00:00,tt_tbsimatupang,47.0,44.033905
3,2026-08-20 09:00:00+00:00,tt_thamrin,18.0,16.283222
3,2026-08-20 11:00:00+00:00,tt_bekasi,18.0,17.271042
3,2026-08-20 11:00:00+00:00,tt_bogor,35.0,36.614204
3,2026-08-20 11:00:00+00:00,tt_bsd,34.0,32.588085
3,2026-08-20 11:00:00+00:00,tt_cawang,33.0,23.938908
3,2026-08-20 11:00:00+00:00,tt_depok,26.0,26.71177
3,2026-08-20 11:00:00+00:00,tt_gatsu,7.0,36.871586
3,2026-08-20 11:00:00+00:00,tt_grogol,29.0,29.237392
3,2026-08-20 11:00:00+00:00,tt_kebonjeruk,18.0,23.049706
3,2026-08-20 11:00:00+00:00,tt_kelapagading,21.0,26.458681
3,2026-08-20 11:00:00+00:00,tt_kuningan,15.999999,20.453241
3,2026-08-20 11:00:00+00:00,tt_sudirman,12.0,26.811165
3,2026-08-20 11:00:00+00:00,tt_tangerang,35.0,40.41196
3,2026-08-20 11:00:00+00:00,tt_tbsimatupang,24.0,49.421745
3,2026-08-20 11:00:00+00:00,tt_thamrin,10.0,16.222698
3,2026-08-20 12:00:00+00:00,tt_bekasi,14.0,17.254679
3,2026-08-20 12:00:00+00:00,tt_bogor,37.0,35.79212
3,2026-08-20 12:00:00+00:00,tt_bsd,34.0,29.722904
3,2026-08-20 12:00:00+00:00,tt_cawang,43.0,27.556925
3,2026-08-20 12:00:00+00:00,tt_depok,24.0,26.522968
3,2026-08-20 12:00:00+00:00,tt_gatsu,10.0,40.211952
3,2026-08-20 12:00:00+00:00,tt_grogol,32.0,30.803223
3,2026-08-20 12:00:00+00:00,tt_kebonjeruk,23.0,22.459059
3,2026-08-20 12:00:00+00:00,tt_kelapagading,21.0,26.909784
3,2026-08-20 12:00:00+00:00,tt_kuningan,13.0,18.637276
3,2026-08-20 12:00:00+00:00,tt_sudirman,22.0,27.737885
3,2026-08-20 12:00:00+00:00,tt_tangerang,48.0,38.871445
3,2026-08-20 12:00:00+00:00,tt_tbsimatupang,40.0,49.034973
3,2026-08-20 12:00:00+00:00,tt_thamrin,9.0,18.221443
3,2026-08-20 14:00:00+00:00,tt_bekasi,18.0,18.469463
3,2026-08-20 14:00:00+00:00,tt_bogor,38.0,34.707993
3,2026-08-20 14:00:00+00:00,tt_bsd,27.0,30.470825
3,2026-08-20 14:00:00+00:00,tt_cawang,32.0,32.343273
3,2026-08-20 14:00:00+00:00,tt_depok,31.0,25.94997
3,2026-08-20 14:00:00+00:00,tt_gatsu,45.0,33.243767
3,2026-08-20 14:00:00+00:00,tt_grogol,40.0,31.647228
3,2026-08-20 14:00:00+00:00,tt_kebonjeruk,28.0,20.913267
3,2026-08-20 14:00:00+00:00,tt_kelapagading,29.0,26.674484
3,2026-08-20 14:00:00+00:00,tt_kuningan,15.999999,18.144062
3,2026-08-20 14:00:00+00:00,tt_sudirman,39.0,23.43888
3,2026-08-20 14:00:00+00:00,tt_tangerang,48.0,37.91583
3,2026-08-20 14:00:00+00:00,tt_tbsimatupang,59.0,41.68193
3,2026-08-20 14:00:00+00:00,tt_thamrin,13.0,17.143208
3,2026-08-20 16:00:00+00:00,tt_bekasi,15.0,17.749985
3,2026-08-20 16:00:00+00:00,tt_bogor,45.0,35.649666
3,2026-08-20 16:00:00+00:00,tt_bsd,34.0,33.0956
3,2026-08-20 16:00:00+00:00,tt_cawang,43.0,41.08032
3,2026-08-20 16:00:00+00:00,tt_depok,31.0,24.707426
3,2026-08-20 16:00:00+00:00,tt_gatsu,45.0,30.626135
3,2026-08-20 16:00:00+00:00,tt_grogol,40.0,33.8974
3,2026-08-20 16:00:00+00:00,tt_kebonjeruk,35.0,23.053658
3,2026-08-20 16:00:00+00:00,tt_kelapagading,29.0,25.848186
3,2026-08-20 16:00:00+00:00,tt_kuningan,21.0,17.662735
3,2026-08-20 16:00:00+00:00,tt_sudirman,39.0,25.779804
3,2026-08-20 16:00:00+00:00,tt_tangerang,48.0,44.091034
3,2026-08-20 16:00:00+00:00,tt_tbsimatupang,72.0,44.33521
3,2026-08-20 16:00:00+00:00,tt_thamrin,22.0,16.571644
3,2026-08-20 17:00:00+00:00,tt_bekasi,18.0,19.653969
3,2026-08-20 17:00:00+00:00,tt_bogor,45.0,36.094036
3,2026-08-20 17:00:00+00:00,tt_bsd,34.0,30.414135
3,2026-08-20 17:00:00+00:00,tt_cawang,43.0,40.650433
3,2026-08-20 17:00:00+00:00,tt_depok,31.0,27.966988
3,2026-08-20 17:00:00+00:00,tt_gatsu,45.0,41.388405
3,2026-08-20 17:00:00+00:00,tt_grogol,40.0,37.3056
3,2026-08-20 17:00:00+00:00,tt_kebonjeruk,35.0,25.57793
3,2026-08-20 17:00:00+00:00,tt_kelapagading,29.0,29.050304
3,2026-08-20 17:00:00+00:00,tt_kuningan,21.0,19.146124
3,2026-08-20 17:00:00+00:00,tt_sudirman,39.0,33.8065
3,2026-08-20 17:00:00+00:00,tt_tangerang,48.0,44.835598
3,2026-08-20 17:00:00+00:00,tt_tbsimatupang,72.0,50.933933
3,2026-08-20 17:00:00+00:00,tt_thamrin,22.0,18.142267
3,2026-08-20 19:00:00+00:00,tt_bekasi,18.0,19.637594
3,2026-08-20 19:00:00+00:00,tt_bogor,45.0,38.32604
3,2026-08-20 19:00:00+00:00,tt_bsd,34.0,32.63458
3,2026-08-20 19:00:00+00:00,tt_cawang,43.0,41.960968
3,2026-08-20 19:00:00+00:00,tt_depok,31.0,30.658142
3,2026-08-20 19:00:00+00:00,tt_gatsu,45.0,44.517242
3,2026-08-20 19:00:00+00:00,tt_grogol,40.0,38.978672
3,2026-08-20 19:00:00+00:00,tt_kebonjeruk,35.0,30.928171
3,2026-08-20 19:00:00+00:00,tt_kelapagading,29.0,30.673918
3,2026-08-20 19:00:00+00:00,tt_kuningan,21.0,21.517696
3,2026-08-20 19:00:00+00:00,tt_sudirman,39.0,39.193916
3,2026-08-20 19:00:00+00:00,tt_tangerang,48.0,45.22267
3,2026-08-20 19:00:00+00:00,tt_tbsimatupang,72.0,57.16584
3,2026-08-20 19:00:00+00:00,tt_thamrin,22.0,21.889734
3,2026-08-20 21:00:00+00:00,tt_bekasi,18.0,20.371037
3,2026-08-20 21:00:00+00:00,tt_bogor,45.0,38.876163
3,2026-08-20 21:00:00+00:00,tt_bsd,34.0,33.979996
3,2026-08-20 21:00:00+00:00,tt_cawang,43.0,41.431515
3,2026-08-20 21:00:00+00:00,tt_depok,31.0,31.118002
3,2026-08-20 21:00:00+00:00,tt_gatsu,45.0,43.23685
3,2026-08-20 21:00:00+00:00,tt_grogol,40.0,38.13031
3,2026-08-20 21:00:00+00:00,tt_kebonjeruk,35.0,33.321213
3,2026-08-20 21:00:00+00:00,tt_kelapagading,29.0,30.552002
3,2026-08-20 21:00:00+00:00,tt_kuningan,21.0,22.199535
3,2026-08-20 21:00:00+00:00,tt_sudirman,39.0,39.21413
3,2026-08-20 21:00:00+00:00,tt_tangerang,48.0,44.42869
3,2026-08-20 21:00:00+00:00,tt_tbsimatupang,72.0,57.85881
3,2026-08-20 21:00:00+00:00,tt_thamrin,22.0,23.238983
3,2026-08-20 22:00:00+00:00,tt_bekasi,18.0,20.153564
3,2026-08-20 22:00:00+00:00,tt_bogor,45.0,38.72765
3,2026-08-20 22:00:00+00:00,tt_bsd,34.0,33.934
3,2026-08-20 22:00:00+00:00,tt_cawang,43.0,40.76304
3,2026-08-20 22:00:00+00:00,tt_depok,31.0,31.054272
3,2026-08-20 22:00:00+00:00,tt_gatsu,45.0,42.69182
3,2026-08-20 22:00:00+00:00,tt_grogol,40.0,37.598396
3,2026-08-20 22:00:00+00:00,tt_kebonjeruk,35.0,33.4869
3,2026-08-20 22:00:00+00:00,tt_kelapagading,29.0,30.287714
3,2026-08-20 22:00:00+00:00,tt_kuningan,21.0,22.075523
3,2026-08-20 22:00:00+00:00,tt_sudirman,39.0,38.837254
3,2026-08-20 22:00:00+00:00,tt_tangerang,48.0,44.0945
3,2026-08-20 22:00:00+00:00,tt_tbsimatupang,72.0,57.746056
3,2026-08-20 22:00:00+00:00,tt_thamrin,22.0,23.20942
3,2026-08-21 00:00:00+00:00,tt_bekasi,18.0,19.676136
3,2026-08-21 00:00:00+00:00,tt_bogor,35.0,38.392242
3,2026-08-21 00:00:00+00:00,tt_bsd,29.0,33.668934
3,2026-08-21 00:00:00+00:00,tt_cawang,18.0,39.527706
3,2026-08-21 00:00:00+00:00,tt_depok,25.0,30.86504
3,2026-08-21 00:00:00+00:00,tt_gatsu,45.0,41.728622
3,2026-08-21 00:00:00+00:00,tt_grogol,34.0,36.737923
3,2026-08-21 00:00:00+00:00,tt_kebonjeruk,25.0,33.431362
3,2026-08-21 00:00:00+00:00,tt_kelapagading,26.0,29.81665
3,2026-08-21 00:00:00+00:00,tt_kuningan,21.0,21.792582
3,2026-08-21 00:00:00+00:00,tt_sudirman,31.0,38.156883
3,2026-08-21 00:00:00+00:00,tt_tangerang,37.0,43.583538
3,2026-08-21 00:00:00+00:00,tt_tbsimatupang,32.0,57.4308
3,2026-08-21 00:00:00+00:00,tt_thamrin,22.0,22.932745
3,2026-08-21 02:00:00+00:00,tt_bekasi,17.0,19.172306
3,2026-08-21 02:00:00+00:00,tt_bogor,37.0,38.13083
3,2026-08-21 02:00:00+00:00,tt_bsd,28.0,33.380947
3,2026-08-21 02:00:00+00:00,tt_cawang,19.0,38.4861
3,2026-08-21 02:00:00+00:00,tt_depok,26.0,30.69646
3,2026-08-21 02:00:00+00:00,tt_gatsu,45.0,41.07366
3,2026-08-21 02:00:00+00:00,tt_grogol,31.0,36.11874
3,2026-08-21 02:00:00+00:00,tt_kebonjeruk,26.0,33.250477
3,2026-08-21 02:00:00+00:00,tt_kelapagading,29.0,29.37673
3,2026-08-21 02:00:00+00:00,tt_kuningan,21.0,21.254848
3,2026-08-21 02:00:00+00:00,tt_sudirman,23.0,37.585472
3,2026-08-21 02:00:00+00:00,tt_tangerang,37.0,43.248524
3,2026-08-21 02:00:00+00:00,tt_tbsimatupang,37.0,57.104576
3,2026-08-21 02:00:00+00:00,tt_thamrin,22.0,22.66183
3,2026-08-21 03:00:00+00:00,tt_bekasi,15.0,18.498732
3,2026-08-21 03:00:00+00:00,tt_bogor,38.0,33.719837
3,2026-08-21 03:00:00+00:00,tt_bsd,34.0,29.385593
3,2026-08-21 03:00:00+00:00,tt_cawang,21.0,29.516895
3,2026-08-21 03:00:00+00:00,tt_depok,31.0,26.366562
3,2026-08-21 03:00:00+00:00,tt_gatsu,45.0,40.0727
3,2026-08-21 03:00:00+00:00,tt_grogol,27.0,33.66669
3,2026-08-21 03:00:00+00:00,tt_kebonjeruk,24.0,28.572365
3,2026-08-21 03:00:00+00:00,tt_kelapagading,23.0,27.953474
3,2026-08-21 03:00:00+00:00,tt_kuningan,15.999999,20.268984
3,2026-08-21 03:00:00+00:00,tt_sudirman,28.0,34.432503
3,2026-08-21 03:00:00+00:00,tt_tangerang,48.0,39.436024
3,2026-08-21 03:00:00+00:00,tt_tbsimatupang,48.0,46.76396
3,2026-08-21 03:00:00+00:00,tt_thamrin,15.999999,22.10532
3,2026-08-21 05:00:00+00:00,tt_bekasi,15.999999,17.806343
3,2026-08-21 05:00:00+00:00,tt_bogor,45.0,34.319515
3,2026-08-21 05:00:00+00:00,tt_bsd,34.0,27.39322
3,2026-08-21 05:00:00+00:00,tt_cawang,43.0,26.377966
3,2026-08-21 05:00:00+00:00,tt_depok,31.0,24.996054
3,2026-08-21 05:00:00+00:00,tt_gatsu,45.0,42.77745
3,2026-08-21 05:00:00+00:00,tt_grogol,32.0,31.733572
3,2026-08-21 05:00:00+00:00,tt_kebonjeruk,27.0,26.362972
3,2026-08-21 05:00:00+00:00,tt_kelapagading,23.0,29.00615
3,2026-08-21 05:00:00+00:00,tt_kuningan,21.0,19.687523
3,2026-08-21 05:00:00+00:00,tt_sudirman,34.0,29.947845
3,2026-08-21 05:00:00+00:00,tt_tangerang,48.0,37.888214
3,2026-08-21 05:00:00+00:00,tt_tbsimatupang,72.0,45.478737
3,2026-08-21 05:00:00+00:00,tt_thamrin,21.0,21.611485
3,2026-08-21 07:00:00+00:00,tt_bekasi,14.0,16.733765
3,2026-08-21 07:00:00+00:00,tt_bogor,35.0,36.210155
3,2026-08-21 07:00:00+00:00,tt_bsd,34.0,32.00817
3,2026-08-21 07:00:00+00:00,tt_cawang,28.0,25.9165
3,2026-08-21 07:00:00+00:00,tt_depok,25.0,28.87674
3,2026-08-21 07:00:00+00:00,tt_gatsu,36.0,45.23021
3,2026-08-21 07:00:00+00:00,tt_grogol,28.0,28.834911
3,2026-08-21 07:00:00+00:00,tt_kebonjeruk,21.0,25.026073
3,2026-08-21 07:00:00+00:00,tt_kelapagading,20.0,26.93894
3,2026-08-21 07:00:00+00:00,tt_kuningan,21.0,17.554382
3,2026-08-21 07:00:00+00:00,tt_sudirman,18.0,30.59805
3,2026-08-21 07:00:00+00:00,tt_tangerang,39.0,43.504814
3,2026-08-21 07:00:00+00:00,tt_tbsimatupang,52.0,48.265747
3,2026-08-21 07:00:00+00:00,tt_thamrin,18.0,18.678383
3,2026-08-21 08:00:00+00:00,tt_bekasi,15.999999,17.314507
3,2026-08-21 08:00:00+00:00,tt_bogor,34.0,39.385456
3,2026-08-21 08:00:00+00:00,tt_bsd,34.0,33.298393
3,2026-08-21 08:00:00+00:00,tt_cawang,31.0,34.792168
3,2026-08-21 08:00:00+00:00,tt_depok,25.0,30.803944
3,2026-08-21 08:00:00+00:00,tt_gatsu,35.0,46.29677
3,2026-08-21 08:00:00+00:00,tt_grogol,29.0,30.705784
3,2026-08-21 08:00:00+00:00,tt_kebonjeruk,24.0,26.09169
3,2026-08-21 08:00:00+00:00,tt_kelapagading,21.0,27.09124
3,2026-08-21 08:00:00+00:00,tt_kuningan,17.0,19.742607
3,2026-08-21 08:00:00+00:00,tt_sudirman,24.0,33.32399
3,2026-08-21 08:00:00+00:00,tt_tangerang,40.0,44.604046
3,2026-08-21 08:00:00+00:00,tt_tbsimatupang,38.0,55.73864
3,2026-08-21 08:00:00+00:00,tt_thamrin,10.0,20.427872
3,2026-08-21 10:00:00+00:00,tt_bekasi,15.0,16.574883
3,2026-08-21 10:00:00+00:00,tt_bogor,32.0,36.214035
3,2026-08-21 10:00:00+00:00,tt_bsd,34.0,32.73812
3,2026-08-21 10:00:00+00:00,tt_cawang,22.0,33.811596
3,2026-08-21 10:00:00+00:00,tt_depok,24.0,27.598846
3,2026-08-21 10:00:00+00:00,tt_gatsu,34.0,41.968594
3,2026-08-21 10:00:00+00:00,tt_grogol,32.0,29.488909
3,2026-08-21 10:00:00+00:00,tt_kebonjeruk,20.0,23.98268
3,2026-08-21 10:00:00+00:00,tt_kelapagading,19.0,25.409088
3,2026-08-21 10:00:00+00:00,tt_kuningan,13.0,20.316128
3,2026-08-21 10:00:00+00:00,tt_sudirman,22.0,29.009546
3,2026-08-21 10:00:00+00:00,tt_tangerang,29.0,42.28957
3,2026-08-21 10:00:00+00:00,tt_tbsimatupang,27.0,52.10725
3,2026-08-21 10:00:00+00:00,tt_thamrin,19.0,20.050081
6,2026-08-18 07:00:00+00:00,tt_bekasi,15.0,17.392813
6,2026-08-18 07:00:00+00:00,tt_bogor,34.0,31.8413
6,2026-08-18 07:00:00+00:00,tt_bsd,30.0,29.746876
6,2026-08-18 07:00:00+00:00,tt_cawang,43.0,28.364637
6,2026-08-18 07:00:00+00:00,tt_depok,31.0,26.03999
6,2026-08-18 07:00:00+00:00,tt_gatsu,45.0,40.84826
6,2026-08-18 07:00:00+00:00,tt_grogol,32.0,29.774324
6,2026-08-18 07:00:00+00:00,tt_kebonjeruk,25.0,28.371544
6,2026-08-18 07:00:00+00:00,tt_kelapagading,22.0,33.125854
6,2026-08-18 07:00:00+00:00,tt_kuningan,15.0,19.537445
6,2026-08-18 07:00:00+00:00,tt_sudirman,28.0,35.56229
6,2026-08-18 07:00:00+00:00,tt_tangerang,38.0,38.225693
6,2026-08-18 07:00:00+00:00,tt_tbsimatupang,57.0,46.543564
6,2026-08-18 07:00:00+00:00,tt_thamrin,22.0,21.567791
6,2026-08-18 09:00:00+00:00,tt_bekasi,14.0,17.252213
6,2026-08-18 09:00:00+00:00,tt_bogor,35.0,33.8851
6,2026-08-18 09:00:00+00:00,tt_bsd,28.0,30.231815
6,2026-08-18 09:00:00+00:00,tt_cawang,29.0,26.970734
6,2026-08-18 09:00:00+00:00,tt_depok,24.0,28.144144
6,2026-08-18 09:00:00+00:00,tt_gatsu,45.0,40.95421
6,2026-08-18 09:00:00+00:00,tt_grogol,32.0,27.62657
6,2026-08-18 09:00:00+00:00,tt_kebonjeruk,23.0,26.665867
6,2026-08-18 09:00:00+00:00,tt_kelapagading,23.0,33.830143
6,2026-08-18 09:00:00+00:00,tt_kuningan,21.0,20.054018
6,2026-08-18 09:00:00+00:00,tt_sudirman,31.0,33.59354
6,2026-08-18 09:00:00+00:00,tt_tangerang,38.0,41.974163
6,2026-08-18 09:00:00+00:00,tt_tbsimatupang,43.0,44.487106
6,2026-08-18 09:00:00+00:00,tt_thamrin,22.0,20.102203
6,2026-08-18 10:00:00+00:00,tt_bekasi,14.0,17.285328
6,2026-08-18 10:00:00+00:00,tt_bogor,35.0,34.22346
6,2026-08-18 10:00:00+00:00,tt_bsd,34.0,29.175625
6,2026-08-18 10:00:00+00:00,tt_cawang,30.0,26.369192
6,2026-08-18 10:00:00+00:00,tt_depok,25.0,29.029436
6,2026-08-18 10:00:00+00:00,tt_gatsu,3.999998,41.043045
6,2026-08-18 10:00:00+00:00,tt_grogol,31.0,27.787897
6,2026-08-18 10:00:00+00:00,tt_kebonjeruk,21.0,26.420216
6,2026-08-18 10:00:00+00:00,tt_kelapagading,21.0,34.713776
6,2026-08-18 10:00:00+00:00,tt_kuningan,14.0,19.532494
6,2026-08-18 10:00:00+00:00,tt_sudirman,23.0,33.237473
6,2026-08-18 10:00:00+00:00,tt_tangerang,34.0,40.32025
6,2026-08-18 10:00:00+00:00,tt_tbsimatupang,44.0,48.28489
6,2026-08-18 10:00:00+00:00,tt_thamrin,22.0,19.947353
6,2026-08-18 12:00:00+00:00,tt_bekasi,14.0,17.539207
6,2026-08-18 12:00:00+00:00,tt_bogor,35.0,35.95204
6,2026-08-18 12:00:00+00:00,tt_bsd,34.0,27.985254
6,2026-08-18 12:00:00+00:00,tt_cawang,34.0,27.670229
6,2026-08-18 12:00:00+00:00,tt_depok,26.0,28.072565
6,2026-08-18 12:00:00+00:00,tt_gatsu,45.0,44.90351
6,2026-08-18 12:00:00+00:00,tt_grogol,32.0,32.414726
6,2026-08-18 12:00:00+00:00,tt_kebonjeruk,25.0,24.961315
6,2026-08-18 12:00:00+00:00,tt_kelapagading,22.0,33.866863
6,2026-08-18 12:00:00+00:00,tt_kuningan,13.0,20.596794
6,2026-08-18 12:00:00+00:00,tt_sudirman,29.0,34.559002
6,2026-08-18 12:00:00+00:00,tt_tangerang,48.0,41.29362
6,2026-08-18 12:00:00+00:00,tt_tbsimatupang,72.0,49.767853
6,2026-08-18 12:00:00+00:00,tt_thamrin,17.0,20.637636
6,2026-08-18 14:00:00+00:00,tt_bekasi,15.999999,17.852663
6,2026-08-18 14:00:00+00:00,tt_bogor,45.0,34.78724
6,2026-08-18 14:00:00+00:00,tt_bsd,34.0,28.461742
6,2026-08-18 14:00:00+00:00,tt_cawang,32.0,36.09864
6,2026-08-18 14:00:00+00:00,tt_depok,26.0,29.745852
6,2026-08-18 14:00:00+00:00,tt_gatsu,45.0,45.602848
6,2026-08-18 14:00:00+00:00,tt_grogol,40.0,33.100872
6,2026-08-18 14:00:00+00:00,tt_kebonjeruk,31.0,24.891546
6,2026-08-18 14:00:00+00:00,tt_kelapagading,29.0,32.527115
6,2026-08-18 14:00:00+00:00,tt_kuningan,15.999999,19.806854
6,2026-08-18 14:00:00+00:00,tt_sudirman,30.0,33.80413
6,2026-08-18 14:00:00+00:00,tt_tangerang,48.0,40.504276
6,2026-08-18 14:00:00+00:00,tt_tbsimatupang,72.0,50.5718
6,2026-08-18 14:00:00+00:00,tt_thamrin,22.0,22.438316
6,2026-08-18 15:00:00+00:00,tt_bekasi,15.999999,17.70585
6,2026-08-18 15:00:00+00:00,tt_bogor,45.0,34.174534
6,2026-08-18 15:00:00+00:00,tt_bsd,34.0,27.768469
6,2026-08-18 15:00:00+00:00,tt_cawang,43.0,34.753407
6,2026-08-18 15:00:00+00:00,tt_depok,31.0,28.174194
6,2026-08-18 15:00:00+00:00,tt_gatsu,45.0,45.707638
6,2026-08-18 15:00:00+00:00,tt_grogol,40.0,33.337807
6,2026-08-18 15:00:00+00:00,tt_kebonjeruk,35.0,24.54217
6,2026-08-18 15:00:00+00:00,tt_kelapagading,29.0,32.374634
6,2026-08-18 15:00:00+00:00,tt_kuningan,21.0,20.044827
6,2026-08-18 15:00:00+00:00,tt_sudirman,39.0,33.9813
6,2026-08-18 15:00:00+00:00,tt_tangerang,48.0,40.286007
6,2026-08-18 15:00:00+00:00,tt_tbsimatupang,72.0,47.999245
6,2026-08-18 15:00:00+00:00,tt_thamrin,22.0,22.97895
6,2026-08-18 17:00:00+00:00,tt_bekasi,17.0,18.166382
6,2026-08-18 17:00:00+00:00,tt_bogor,45.0,33.506817
6,2026-08-18 17:00:00+00:00,tt_bsd,34.0,29.928991
6,2026-08-18 17:00:00+00:00,tt_cawang,43.0,36.461143
6,2026-08-18 17:00:00+00:00,tt_depok,31.0,26.45629
6,2026-08-18 17:00:00+00:00,tt_gatsu,45.0,41.510124
6,2026-08-18 17:00:00+00:00,tt_grogol,40.0,33.684788
6,2026-08-18 17:00:00+00:00,tt_kebonjeruk,35.0,23.248215
6,2026-08-18 17:00:00+00:00,tt_kelapagading,29.0,31.300888
6,2026-08-18 17:00:00+00:00,tt_kuningan,21.0,19.104713
6,2026-08-18 17:00:00+00:00,tt_sudirman,39.0,32.87365
6,2026-08-18 17:00:00+00:00,tt_tangerang,48.0,38.592384
6,2026-08-18 17:00:00+00:00,tt_tbsimatupang,72.0,46.873013
6,2026-08-18 17:00:00+00:00,tt_thamrin,22.0,24.840998
6,2026-08-18 19:00:00+00:00,tt_bekasi,17.0,18.375633
6,2026-08-18 19:00:00+00:00,tt_bogor,45.0,33.25412
6,2026-08-18 19:00:00+00:00,tt_bsd,34.0,31.797747
6,2026-08-18 19:00:00+00:00,tt_cawang,43.0,37.973057
6,2026-08-18 19:00:00+00:00,tt_depok,31.0,26.211151
6,2026-08-18 19:00:00+00:00,tt_gatsu,45.0,45.294174
6,2026-08-18 19:00:00+00:00,tt_grogol,40.0,33.892544
6,2026-08-18 19:00:00+00:00,tt_kebonjeruk,35.0,23.887096
6,2026-08-18 19:00:00+00:00,tt_kelapagading,29.0,29.430254
6,2026-08-18 19:00:00+00:00,tt_kuningan,21.0,18.57404
6,2026-08-18 19:00:00+00:00,tt_sudirman,39.0,33.294746
6,2026-08-18 19:00:00+00:00,tt_tangerang,48.0,42.541245
6,2026-08-18 19:00:00+00:00,tt_tbsimatupang,72.0,54.014076
6,2026-08-18 19:00:00+00:00,tt_thamrin,22.0,23.881304
6,2026-08-18 20:00:00+00:00,tt_bekasi,17.0,18.575027
6,2026-08-18 20:00:00+00:00,tt_bogor,45.0,34.740925
6,2026-08-18 20:00:00+00:00,tt_bsd,34.0,32.03077
6,2026-08-18 20:00:00+00:00,tt_cawang,43.0,37.43265
6,2026-08-18 20:00:00+00:00,tt_depok,31.0,25.932264
6,2026-08-18 20:00:00+00:00,tt_gatsu,45.0,45.77487
6,2026-08-18 20:00:00+00:00,tt_grogol,40.0,35.888
6,2026-08-18 20:00:00+00:00,tt_kebonjeruk,35.0,25.89553
6,2026-08-18 20:00:00+00:00,tt_kelapagading,29.0,29.792013
6,2026-08-18 20:00:00+00:00,tt_kuningan,21.0,18.215836
6,2026-08-18 20:00:00+00:00,tt_sudirman,39.0,33.45064
6,2026-08-18 20:00:00+00:00,tt_tangerang,48.0,42.730095
6,2026-08-18 20:00:00+00:00,tt_tbsimatupang,72.0,54.35121
6,2026-08-18 20:00:00+00:00,tt_thamrin,22.0,24.18631
6,2026-08-18 22:00:00+00:00,tt_bekasi,17.0,18.721344
6,2026-08-18 22:00:00+00:00,tt_bogor,45.0,35.90808
6,2026-08-18 22:00:00+00:00,tt_bsd,34.0,31.971931
6,2026-08-18 22:00:00+00:00,tt_cawang,43.0,39.226414
6,2026-08-18 22:00:00+00:00,tt_depok,31.0,28.272955
6,2026-08-18 22:00:00+00:00,tt_gatsu,45.0,44.654842
6,2026-08-18 22:00:00+00:00,tt_grogol,40.0,36.46983
6,2026-08-18 22:00:00+00:00,tt_kebonjeruk,35.0,30.019302
6,2026-08-18 22:00:00+00:00,tt_kelapagading,29.0,29.786575
6,2026-08-18 22:00:00+00:00,tt_kuningan,21.0,19.123108
6,2026-08-18 22:00:00+00:00,tt_sudirman,39.0,36.64825
6,2026-08-18 22:00:00+00:00,tt_tangerang,48.0,42.367947
6,2026-08-18 22:00:00+00:00,tt_tbsimatupang,72.0,53.75107
6,2026-08-18 22:00:00+00:00,tt_thamrin,22.0,24.35305
6,2026-08-19 00:00:00+00:00,tt_bekasi,15.0,18.855839
6,2026-08-19 00:00:00+00:00,tt_bogor,35.0,35.704945
6,2026-08-19 00:00:00+00:00,tt_bsd,29.0,31.607706
6,2026-08-19 00:00:00+00:00,tt_cawang,20.0,38.356888
6,2026-08-19 00:00:00+00:00,tt_depok,31.0,29.060266
6,2026-08-19 00:00:00+00:00,tt_gatsu,45.0,42.635178
6,2026-08-19 00:00:00+00:00,tt_grogol,40.0,35.559994
6,2026-08-19 00:00:00+00:00,tt_kebonjeruk,27.0,31.272188
6,2026-08-19 00:00:00+00:00,tt_kelapagading,29.0,30.420895
6,2026-08-19 00:00:00+00:00,tt_kuningan,21.0,20.10345
6,2026-08-19 00:00:00+00:00,tt_sudirman,39.0,36.783855
6,2026-08-19 00:00:00+00:00,tt_tangerang,48.0,41.74907
6,2026-08-19 00:00:00+00:00,tt_tbsimatupang,39.0,53.34163
6,2026-08-19 00:00:00+00:00,tt_thamrin,19.0,24.0304
6,2026-08-19 01:00:00+00:00,tt_bekasi,15.999999,18.967968
6,2026-08-19 01:00:00+00:00,tt_bogor,37.0,35.526604
6,2026-08-19 01:00:00+00:00,tt_bsd,34.0,31.436121
6,2026-08-19 01:00:00+00:00,tt_cawang,13.0,37.51001
6,2026-08-19 01:00:00+00:00,tt_depok,27.0,29.13543
6,2026-08-19 01:00:00+00:00,tt_gatsu,13.0,41.706028
6,2026-08-19 01:00:00+00:00,tt_grogol,32.0,35.155403
6,2026-08-19 01:00:00+00:00,tt_kebonjeruk,25.0,31.448132
6,2026-08-19 01:00:00+00:00,tt_kelapagading,29.0,30.595495
6,2026-08-19 01:00:00+00:00,tt_kuningan,21.0,20.39394
6,2026-08-19 01:00:00+00:00,tt_sudirman,22.0,36.717144
6,2026-08-19 01:00:00+00:00,tt_tangerang,39.0,41.49987
6,2026-08-19 01:00:00+00:00,tt_tbsimatupang,18.0,53.214123
6,2026-08-19 01:00:00+00:00,tt_thamrin,22.0,23.676167
6,2026-08-19 03:00:00+00:00,tt_bekasi,15.999999,19.067108
6,2026-08-19 03:00:00+00:00,tt_bogor,37.0,35.150116
6,2026-08-19 03:00:00+00:00,tt_bsd,34.0,31.145397
6,2026-08-19 03:00:00+00:00,tt_cawang,20.0,36.496834
6,2026-08-19 03:00:00+00:00,tt_depok,31.0,29.064825
6,2026-08-19 03:00:00+00:00,tt_gatsu,45.0,40.03575
6,2026-08-19 03:00:00+00:00,tt_grogol,31.0,34.502712
6,2026-08-19 03:00:00+00:00,tt_kebonjeruk,23.0,31.508562
6,2026-08-19 03:00:00+00:00,tt_kelapagading,29.0,30.661777
6,2026-08-19 03:00:00+00:00,tt_kuningan,15.999999,20.72853
6,2026-08-19 03:00:00+00:00,tt_sudirman,24.0,36.408657
6,2026-08-19 03:00:00+00:00,tt_tangerang,40.0,41.105164
6,2026-08-19 03:00:00+00:00,tt_tbsimatupang,33.0,53.057587
6,2026-08-19 03:00:00+00:00,tt_thamrin,20.0,23.095695
6,2026-08-19 05:00:00+00:00,tt_bekasi,15.0,17.9502
6,2026-08-19 05:00:00+00:00,tt_bogor,32.0,34.899933
6,2026-08-19 05:00:00+00:00,tt_bsd,34.0,30.938725
6,2026-08-19 05:00:00+00:00,tt_cawang,17.0,35.717514
6,2026-08-19 05:00:00+00:00,tt_depok,31.0,28.94054
6,2026-08-19 05:00:00+00:00,tt_gatsu,45.0,39.00331
6,2026-08-19 05:00:00+00:00,tt_grogol,31.0,33.978302
6,2026-08-19 05:00:00+00:00,tt_kebonjeruk,24.0,31.355972
6,2026-08-19 05:00:00+00:00,tt_kelapagading,21.0,30.418907
6,2026-08-19 05:00:00+00:00,tt_kuningan,17.0,20.142086
6,2026-08-19 05:00:00+00:00,tt_sudirman,27.0,35.925713
6,2026-08-19 05:00:00+00:00,tt_tangerang,40.0,40.888496
6,2026-08-19 05:00:00+00:00,tt_tbsimatupang,43.0,52.940857
6,2026-08-19 05:00:00+00:00,tt_thamrin,17.0,22.328201
6,2026-08-19 06:00:00+00:00,tt_bekasi,18.0,17.44411
6,2026-08-19 06:00:00+00:00,tt_bogor,35.0,32.527683
6,2026-08-19 06:00:00+00:00,tt_bsd,34.0,28.884861
6,2026-08-19 06:00:00+00:00,tt_cawang,19.0,31.938852
6,2026-08-19 06:00:00+00:00,tt_depok,27.0,27.753456
6,2026-08-19 06:00:00+00:00,tt_gatsu,30.0,39.295856
6,2026-08-19 06:00:00+00:00,tt_grogol,27.0,33.98929
6,2026-08-19 06:00:00+00:00,tt_kebonjeruk,21.0,29.299093
6,2026-08-19 06:00:00+00:00,tt_kelapagading,21.0,30.818558
6,2026-08-19 06:00:00+00:00,tt_kuningan,21.0,19.735884
6,2026-08-19 06:00:00+00:00,tt_sudirman,18.0,36.04374
6,2026-08-19 06:00:00+00:00,tt_tangerang,38.0,40.942337
6,2026-08-19 06:00:00+00:00,tt_tbsimatupang,48.0,48.55614
6,2026-08-19 06:00:00+00:00,tt_thamrin,13.0,21.563274
6,2026-08-19 08:00:00+00:00,tt_bekasi,15.0,17.494217
6,2026-08-19 08:00:00+00:00,tt_bogor,34.0,33.467186
6,2026-08-19 08:00:00+00:00,tt_bsd,28.0,29.77339
6,2026-08-19 08:00:00+00:00,tt_cawang,32.0,28.362448
6,2026-08-19 08:00:00+00:00,tt_depok,25.0,26.632156
6,2026-08-19 08:00:00+00:00,tt_gatsu,26.0,35.13426
6,2026-08-19 08:00:00+00:00,tt_grogol,27.0,32.01332
6,2026-08-19 08:00:00+00:00,tt_kebonjeruk,18.0,26.555286
6,2026-08-19 08:00:00+00:00,tt_kelapagading,22.0,32.389698
6,2026-08-19 08:00:00+00:00,tt_kuningan,21.0,20.641682
6,2026-08-19 08:00:00+00:00,tt_sudirman,22.0,33.243065
6,2026-08-19 08:00:00+00:00,tt_tangerang,48.0,38.730667
6,2026-08-19 08:00:00+00:00,tt_tbsimatupang,32.0,45.75589
6,2026-08-19 08:00:00+00:00,tt_thamrin,8.0,21.416166
6,2026-08-19 10:00:00+00:00,tt_bekasi,13.0,17.874088
6,2026-08-19 10:00:00+00:00,tt_bogor,30.0,35.96578
6,2026-08-19 10:00:00+00:00,tt_bsd,34.0,31.066067
6,2026-08-19 10:00:00+00:00,tt_cawang,43.0,27.427513
6,2026-08-19 10:00:00+00:00,tt_depok,23.0,28.096344
6,2026-08-19 10:00:00+00:00,tt_gatsu,23.0,42.544724
6,2026-08-19 10:00:00+00:00,tt_grogol,30.0,32.07275
6,2026-08-19 10:00:00+00:00,tt_kebonjeruk,19.0,24.927647
6,2026-08-19 10:00:00+00:00,tt_kelapagading,22.0,34.54733
6,2026-08-19 10:00:00+00:00,tt_kuningan,15.999999,19.811485
6,2026-08-19 10:00:00+00:00,tt_sudirman,19.0,32.0816
6,2026-08-19 10:00:00+00:00,tt_tangerang,28.0,38.89461
6,2026-08-19 10:00:00+00:00,tt_tbsimatupang,34.0,45.07325
6,2026-08-19 10:00:00+00:00,tt_thamrin,17.0,21.45143
6,2026-08-19 11:00:00+00:00,tt_bekasi,18.0,17.92709
6,2026-08-19 11:00:00+00:00,tt_bogor,33.0,35.41927
6,2026-08-19 11:00:00+00:00,tt_bsd,27.0,31.471401
6,2026-08-19 11:00:00+00:00,tt_cawang,43.0,26.808413
6,2026-08-19 11:00:00+00:00,tt_depok,25.0,28.744131
6,2026-08-19 11:00:00+00:00,tt_gatsu,35.0,45.01919
6,2026-08-19 11:00:00+00:00,tt_grogol,32.0,32.340736
6,2026-08-19 11:00:00+00:00,tt_kebonjeruk,21.0,24.60202
6,2026-08-19 11:00:00+00:00,tt_kelapagading,20.0,34.288094
6,2026-08-19 11:00:00+00:00,tt_kuningan,15.999999,19.817074
6,2026-08-19 11:00:00+00:00,tt_sudirman,15.999999,32.4883
6,2026-08-19 11:00:00+00:00,tt_tangerang,26.0,39.0521
6,2026-08-19 11:00:00+00:00,tt_tbsimatupang,44.0,46.192326
6,2026-08-19 11:00:00+00:00,tt_thamrin,10.0,21.09013
6,2026-08-19 13:00:00+00:00,tt_bekasi,18.0,18.923004
6,2026-08-19 13:00:00+00:00,tt_bogor,45.0,36.033173
6,2026-08-19 13:00:00+00:00,tt_bsd,34.0,31.631746
6,2026-08-19 13:00:00+00:00,tt_cawang,43.0,25.837646
6,2026-08-19 13:00:00+00:00,tt_depok,25.0,28.011057
6,2026-08-19 13:00:00+00:00,tt_gatsu,45.0,44.013554
6,2026-08-19 13:00:00+00:00,tt_grogol,31.0,32.11872
6,2026-08-19 13:00:00+00:00,tt_kebonjeruk,27.0,23.410614
6,2026-08-19 13:00:00+00:00,tt_kelapagading,23.0,34.152756
6,2026-08-19 13:00:00+00:00,tt_kuningan,13.0,21.043037
6,2026-08-19 13:00:00+00:00,tt_sudirman,30.0,30.971113
6,2026-08-19 13:00:00+00:00,tt_tangerang,48.0,38.835167
6,2026-08-19 13:00:00+00:00,tt_tbsimatupang,72.0,47.726078
6,2026-08-19 13:00:00+00:00,tt_thamrin,20.0,20.075802
6,2026-08-19 15:00:00+00:00,tt_bekasi,15.999999,19.224396
6,2026-08-19 15:00:00+00:00,tt_bogor,38.0,35.649147
6,2026-08-19 15:00:00+00:00,tt_bsd,34.0,29.098782
6,2026-08-19 15:00:00+00:00,tt_cawang,32.0,31.644552
6,2026-08-19 15:00:00+00:00,tt_depok,31.0,26.848324
6,2026-08-19 15:00:00+00:00,tt_gatsu,45.0,42.95209
6,2026-08-19 15:00:00+00:00,tt_grogol,40.0,32.05934
6,2026-08-19 15:00:00+00:00,tt_kebonjeruk,31.0,22.050251
6,2026-08-19 15:00:00+00:00,tt_kelapagading,29.0,34.336002
6,2026-08-19 15:00:00+00:00,tt_kuningan,21.0,22.56115
6,2026-08-19 15:00:00+00:00,tt_sudirman,29.0,30.932903
6,2026-08-19 15:00:00+00:00,tt_tangerang,48.0,43.3155
6,2026-08-19 15:00:00+00:00,tt_tbsimatupang,72.0,43.677795
6,2026-08-19 15:00:00+00:00,tt_thamrin,21.0,19.083572
6,2026-08-19 16:00:00+00:00,tt_bekasi,18.0,19.289335
6,2026-08-19 16:00:00+00:00,tt_bogor,45.0,34.382423
6,2026-08-19 16:00:00+00:00,tt_bsd,34.0,30.36044
6,2026-08-19 16:00:00+00:00,tt_cawang,43.0,36.267834
6,2026-08-19 16:00:00+00:00,tt_depok,31.0,26.170538
6,2026-08-19 16:00:00+00:00,tt_gatsu,45.0,42.102417
6,2026-08-19 16:00:00+00:00,tt_grogol,40.0,33.098827
6,2026-08-19 16:00:00+00:00,tt_kebonjeruk,35.0,21.602905
6,2026-08-19 16:00:00+00:00,tt_kelapagading,29.0,34.19568
6,2026-08-19 16:00:00+00:00,tt_kuningan,21.0,22.387985
6,2026-08-19 16:00:00+00:00,tt_sudirman,39.0,30.056555
6,2026-08-19 16:00:00+00:00,tt_tangerang,48.0,40.78118
6,2026-08-19 16:00:00+00:00,tt_tbsimatupang,72.0,42.08721
6,2026-08-19 16:00:00+00:00,tt_thamrin,22.0,20.027813
6,2026-08-19 18:00:00+00:00,tt_bekasi,18.0,20.499287
6,2026-08-19 18:00:00+00:00,tt_bogor,45.0,33.76903
6,2026-08-19 18:00:00+00:00,tt_bsd,34.0,29.028093
6,2026-08-19 18:00:00+00:00,tt_cawang,43.0,42.69997
6,2026-08-19 18:00:00+00:00,tt_depok,31.0,25.778791
6,2026-08-19 18:00:00+00:00,tt_gatsu,45.0,41.64113
6,2026-08-19 18:00:00+00:00,tt_grogol,40.0,36.095963
6,2026-08-19 18:00:00+00:00,tt_kebonjeruk,35.0,22.60986
6,2026-08-19 18:00:00+00:00,tt_kelapagading,29.0,32.904198
6,2026-08-19 18:00:00+00:00,tt_kuningan,21.0,22.319218
6,2026-08-19 18:00:00+00:00,tt_sudirman,39.0,26.273132
6,2026-08-19 18:00:00+00:00,tt_tangerang,44.0,38.298386
6,2026-08-19 18:00:00+00:00,tt_tbsimatupang,72.0,43.40298
6,2026-08-19 18:00:00+00:00,tt_thamrin,22.0,19.79299
6,2026-08-19 20:00:00+00:00,tt_bekasi,18.0,20.121298
6,2026-08-19 20:00:00+00:00,tt_bogor,45.0,36.462437
6,2026-08-19 20:00:00+00:00,tt_bsd,34.0,32.187176
6,2026-08-19 20:00:00+00:00,tt_cawang,43.0,44.73653
6,2026-08-19 20:00:00+00:00,tt_depok,31.0,25.62976
6,2026-08-19 20:00:00+00:00,tt_gatsu,45.0,43.547462
6,2026-08-19 20:00:00+00:00,tt_grogol,40.0,35.68078
6,2026-08-19 20:00:00+00:00,tt_kebonjeruk,35.0,25.100185
6,2026-08-19 20:00:00+00:00,tt_kelapagading,29.0,30.136187
6,2026-08-19 20:00:00+00:00,tt_kuningan,21.0,20.210009
6,2026-08-19 20:00:00+00:00,tt_sudirman,39.0,29.60157
6,2026-08-19 20:00:00+00:00,tt_tangerang,48.0,43.391888
6,2026-08-19 20:00:00+00:00,tt_tbsimatupang,72.0,51.90808
6,2026-08-19 20:00:00+00:00,tt_thamrin,22.0,21.8668
6,2026-08-19 21:00:00+00:00,tt_bekasi,18.0,19.919443
6,2026-08-19 21:00:00+00:00,tt_bogor,45.0,35.204666
6,2026-08-19 21:00:00+00:00,tt_bsd,34.0,32.679386
6,2026-08-19 21:00:00+00:00,tt_cawang,43.0,42.36788
6,2026-08-19 21:00:00+00:00,tt_depok,31.0,26.85141
6,2026-08-19 21:00:00+00:00,tt_gatsu,45.0,42.85001
6,2026-08-19 21:00:00+00:00,tt_grogol,40.0,37.646156
6,2026-08-19 21:00:00+00:00,tt_kebonjeruk,35.0,27.094946
6,2026-08-19 21:00:00+00:00,tt_kelapagading,29.0,30.68615
6,2026-08-19 21:00:00+00:00,tt_kuningan,21.0,20.65606
6,2026-08-19 21:00:00+00:00,tt_sudirman,39.0,30.092676
6,2026-08-19 21:00:00+00:00,tt_tangerang,48.0,43.83713
6,2026-08-19 21:00:00+00:00,tt_tbsimatupang,72.0,52.877144
6,2026-08-19 21:00:00+00:00,tt_thamrin,22.0,22.664978
6,2026-08-19 23:00:00+00:00,tt_bekasi,17.0,19.963066
6,2026-08-19 23:00:00+00:00,tt_bogor,35.0,36.011314
6,2026-08-19 23:00:00+00:00,tt_bsd,34.0,32.614822
6,2026-08-19 23:00:00+00:00,tt_cawang,26.0,42.14264
6,2026-08-19 23:00:00+00:00,tt_depok,31.0,28.605682
6,2026-08-19 23:00:00+00:00,tt_gatsu,45.0,41.0713
6,2026-08-19 23:00:00+00:00,tt_grogol,35.0,37.872665
6,2026-08-19 23:00:00+00:00,tt_kebonjeruk,30.0,31.071426
6,2026-08-19 23:00:00+00:00,tt_kelapagading,29.0,30.92118
6,2026-08-19 23:00:00+00:00,tt_kuningan,21.0,21.11515
6,2026-08-19 23:00:00+00:00,tt_sudirman,39.0,34.85551
6,2026-08-19 23:00:00+00:00,tt_tangerang,48.0,43.337845
6,2026-08-19 23:00:00+00:00,tt_tbsimatupang,72.0,53.140465
6,2026-08-19 23:00:00+00:00,tt_thamrin,20.0,24.090614
6,2026-08-20 01:00:00+00:00,tt_bekasi,18.0,19.556831
6,2026-08-20 01:00:00+00:00,tt_bogor,35.0,35.64952
6,2026-08-20 01:00:00+00:00,tt_bsd,29.0,31.890865
6,2026-08-20 01:00:00+00:00,tt_cawang,14.0,40.136818
6,2026-08-20 01:00:00+00:00,tt_depok,31.0,29.090195
6,2026-08-20 01:00:00+00:00,tt_gatsu,37.0,40.200726
6,2026-08-20 01:00:00+00:00,tt_grogol,30.0,36.753498
6,2026-08-20 01:00:00+00:00,tt_kebonjeruk,26.0,31.804014
6,2026-08-20 01:00:00+00:00,tt_kelapagading,29.0,30.702913
6,2026-08-20 01:00:00+00:00,tt_kuningan,21.0,20.979822
6,2026-08-20 01:00:00+00:00,tt_sudirman,27.0,35.897446
6,2026-08-20 01:00:00+00:00,tt_tangerang,36.0,41.104523
6,2026-08-20 01:00:00+00:00,tt_tbsimatupang,18.0,53.04563
6,2026-08-20 01:00:00+00:00,tt_thamrin,18.0,24.233305
6,2026-08-20 02:00:00+00:00,tt_bekasi,18.0,19.309162
6,2026-08-20 02:00:00+00:00,tt_bogor,40.0,35.40746
6,2026-08-20 02:00:00+00:00,tt_bsd,34.0,31.720776
6,2026-08-20 02:00:00+00:00,tt_cawang,18.0,39.056934
6,2026-08-20 02:00:00+00:00,tt_depok,31.0,29.10106
6,2026-08-20 02:00:00+00:00,tt_gatsu,45.0,39.804585
6,2026-08-20 02:00:00+00:00,tt_grogol,30.0,36.24277
6,2026-08-20 02:00:00+00:00,tt_kebonjeruk,26.0,31.908548
6,2026-08-20 02:00:00+00:00,tt_kelapagading,25.0,30.531328
6,2026-08-20 02:00:00+00:00,tt_kuningan,21.0,20.765156
6,2026-08-20 02:00:00+00:00,tt_sudirman,25.0,35.9705
6,2026-08-20 02:00:00+00:00,tt_tangerang,48.0,40.98234
6,2026-08-20 02:00:00+00:00,tt_tbsimatupang,21.0,53.01446
6,2026-08-20 02:00:00+00:00,tt_thamrin,18.0,23.946577
6,2026-08-20 04:00:00+00:00,tt_bekasi,15.0,18.601856
6,2026-08-20 04:00:00+00:00,tt_bogor,35.0,35.05162
6,2026-08-20 04:00:00+00:00,tt_bsd,34.0,31.255617
6,2026-08-20 04:00:00+00:00,tt_cawang,20.0,37.007362
6,2026-08-20 04:00:00+00:00,tt_depok,27.0,28.992985
6,2026-08-20 04:00:00+00:00,tt_gatsu,45.0,39.104866
6,2026-08-20 04:00:00+00:00,tt_grogol,25.0,35.170856
6,2026-08-20 04:00:00+00:00,tt_kebonjeruk,25.0,31.753218
6,2026-08-20 04:00:00+00:00,tt_kelapagading,22.0,30.295456
6,2026-08-20 04:00:00+00:00,tt_kuningan,21.0,20.397251
6,2026-08-20 04:00:00+00:00,tt_sudirman,26.0,35.982826
6,2026-08-20 04:00:00+00:00,tt_tangerang,48.0,40.69787
6,2026-08-20 04:00:00+00:00,tt_tbsimatupang,45.0,52.950443
6,2026-08-20 04:00:00+00:00,tt_thamrin,13.0,23.29317
6,2026-08-20 06:00:00+00:00,tt_bekasi,15.0,17.876785
6,2026-08-20 06:00:00+00:00,tt_bogor,39.0,31.785395
6,2026-08-20 06:00:00+00:00,tt_bsd,34.0,30.834446
6,2026-08-20 06:00:00+00:00,tt_cawang,28.0,30.542328
6,2026-08-20 06:00:00+00:00,tt_depok,29.0,28.208878
6,2026-08-20 06:00:00+00:00,tt_gatsu,28.0,39.043747
6,2026-08-20 06:00:00+00:00,tt_grogol,29.0,32.438545
6,2026-08-20 06:00:00+00:00,tt_kebonjeruk,25.0,29.228958
6,2026-08-20 06:00:00+00:00,tt_kelapagading,20.0,30.819818
6,2026-08-20 06:00:00+00:00,tt_kuningan,15.999999,20.000113
6,2026-08-20 06:00:00+00:00,tt_sudirman,21.0,36.52892
6,2026-08-20 06:00:00+00:00,tt_tangerang,38.0,40.958557
6,2026-08-20 06:00:00+00:00,tt_tbsimatupang,27.0,53.70655
6,2026-08-20 06:00:00+00:00,tt_thamrin,12.0,21.590956
6,2026-08-20 07:00:00+00:00,tt_bekasi,15.999999,17.86043
6,2026-08-20 07:00:00+00:00,tt_bogor,36.0,31.373375
6,2026-08-20 07:00:00+00:00,tt_bsd,34.0,28.98103
6,2026-08-20 07:00:00+00:00,tt_cawang,21.0,28.21817
6,2026-08-20 07:00:00+00:00,tt_depok,26.0,28.1439
6,2026-08-20 07:00:00+00:00,tt_gatsu,20.0,38.13723
6,2026-08-20 07:00:00+00:00,tt_grogol,29.0,31.177448
6,2026-08-20 07:00:00+00:00,tt_kebonjeruk,22.0,27.941185
6,2026-08-20 07:00:00+00:00,tt_kelapagading,20.0,31.693584
6,2026-08-20 07:00:00+00:00,tt_kuningan,21.0,19.826149
6,2026-08-20 07:00:00+00:00,tt_sudirman,20.0,35.189426
6,2026-08-20 07:00:00+00:00,tt_tangerang,37.0,38.796833
6,2026-08-20 07:00:00+00:00,tt_tbsimatupang,49.0,48.749043
6,2026-08-20 07:00:00+00:00,tt_thamrin,12.0,20.833992
6,2026-08-20 09:00:00+00:00,tt_bekasi,14.0,18.08163
6,2026-08-20 09:00:00+00:00,tt_bogor,34.0,35.07992
6,2026-08-20 09:00:00+00:00,tt_bsd,28.0,29.684402
6,2026-08-20 09:00:00+00:00,tt_cawang,30.0,25.610725
6,2026-08-20 09:00:00+00:00,tt_depok,26.0,28.855925
6,2026-08-20 09:00:00+00:00,tt_gatsu,32.0,42.474453
6,2026-08-20 09:00:00+00:00,tt_grogol,31.0,29.884417
6,2026-08-20 09:00:00+00:00,tt_kebonjeruk,21.0,26.40754
6,2026-08-20 09:00:00+00:00,tt_kelapagading,21.0,31.674217
6,2026-08-20 09:00:00+00:00,tt_kuningan,13.0,19.569767
6,2026-08-20 09:00:00+00:00,tt_sudirman,23.0,33.457623
6,2026-08-20 09:00:00+00:00,tt_tangerang,34.0,41.907654
6,2026-08-20 09:00:00+00:00,tt_tbsimatupang,47.0,47.006542
6,2026-08-20 09:00:00+00:00,tt_thamrin,18.0,19.883295
6,2026-08-20 11:00:00+00:00,tt_bekasi,18.0,17.82336
6,2026-08-20 11:00:00+00:00,tt_bogor,35.0,35.804398
6,2026-08-20 11:00:00+00:00,tt_bsd,34.0,30.84865
6,2026-08-20 11:00:00+00:00,tt_cawang,33.0,24.566416
6,2026-08-20 11:00:00+00:00,tt_depok,26.0,27.89416
6,2026-08-20 11:00:00+00:00,tt_gatsu,7.0,45.85371
6,2026-08-20 11:00:00+00:00,tt_grogol,29.0,27.974493
6,2026-08-20 11:00:00+00:00,tt_kebonjeruk,18.0,25.4862
6,2026-08-20 11:00:00+00:00,tt_kelapagading,21.0,31.697166
6,2026-08-20 11:00:00+00:00,tt_kuningan,15.999999,20.169104
6,2026-08-20 11:00:00+00:00,tt_sudirman,12.0,33.2636
6,2026-08-20 11:00:00+00:00,tt_tangerang,35.0,43.567295
6,2026-08-20 11:00:00+00:00,tt_tbsimatupang,24.0,49.049774
6,2026-08-20 11:00:00+00:00,tt_thamrin,10.0,18.867508
6,2026-08-20 12:00:00+00:00,tt_bekasi,14.0,17.77631
6,2026-08-20 12:00:00+00:00,tt_bogor,37.0,37.03634
6,2026-08-20 12:00:00+00:00,tt_bsd,34.0,30.913847
6,2026-08-20 12:00:00+00:00,tt_cawang,43.0,26.53357
6,2026-08-20 12:00:00+00:00,tt_depok,24.0,27.96198
6,2026-08-20 12:00:00+00:00,tt_gatsu,10.0,44.802834
6,2026-08-20 12:00:00+00:00,tt_grogol,32.0,28.720922
6,2026-08-20 12:00:00+00:00,tt_kebonjeruk,23.0,25.413776
6,2026-08-20 12:00:00+00:00,tt_kelapagading,21.0,31.507452
6,2026-08-20 12:00:00+00:00,tt_kuningan,13.0,19.75092
6,2026-08-20 12:00:00+00:00,tt_sudirman,22.0,32.69861
6,2026-08-20 12:00:00+00:00,tt_tangerang,48.0,42.0738
6,2026-08-20 12:00:00+00:00,tt_tbsimatupang,40.0,46.537758
6,2026-08-20 12:00:00+00:00,tt_thamrin,9.0,18.509157
6,2026-08-20 14:00:00+00:00,tt_bekasi,18.0,18.5461
6,2026-08-20 14:00:00+00:00,tt_bogor,38.0,36.89038
6,2026-08-20 14:00:00+00:00,tt_bsd,27.0,31.183939
6,2026-08-20 14:00:00+00:00,tt_cawang,32.0,25.918547
6,2026-08-20 14:00:00+00:00,tt_depok,31.0,27.241035
6,2026-08-20 14:00:00+00:00,tt_gatsu,45.0,42.523693
6,2026-08-20 14:00:00+00:00,tt_grogol,40.0,30.426928
6,2026-08-20 14:00:00+00:00,tt_kebonjeruk,28.0,24.28733
6,2026-08-20 14:00:00+00:00,tt_kelapagading,29.0,31.49562
6,2026-08-20 14:00:00+00:00,tt_kuningan,15.999999,21.073904
6,2026-08-20 14:00:00+00:00,tt_sudirman,39.0,31.86367
6,2026-08-20 14:00:00+00:00,tt_tangerang,48.0,40.87612
6,2026-08-20 14:00:00+00:00,tt_tbsimatupang,59.0,49.078587
6,2026-08-20 14:00:00+00:00,tt_thamrin,13.0,18.251898
6,2026-08-20 16:00:00+00:00,tt_bekasi,15.0,18.86055
6,2026-08-20 16:00:00+00:00,tt_bogor,45.0,35.359924
6,2026-08-20 16:00:00+00:00,tt_bsd,34.0,28.742374
6,2026-08-20 16:00:00+00:00,tt_cawang,43.0,29.276812
6,2026-08-20 16:00:00+00:00,tt_depok,31.0,26.718958
6,2026-08-20 16:00:00+00:00,tt_gatsu,45.0,43.11937
6,2026-08-20 16:00:00+00:00,tt_grogol,40.0,32.83921
6,2026-08-20 16:00:00+00:00,tt_kebonjeruk,35.0,23.317259
6,2026-08-20 16:00:00+00:00,tt_kelapagading,29.0,31.480074
6,2026-08-20 16:00:00+00:00,tt_kuningan,21.0,20.250282
6,2026-08-20 16:00:00+00:00,tt_sudirman,39.0,31.598955
6,2026-08-20 16:00:00+00:00,tt_tangerang,48.0,39.46452
6,2026-08-20 16:00:00+00:00,tt_tbsimatupang,72.0,48.71565
6,2026-08-20 16:00:00+00:00,tt_thamrin,22.0,20.361126
6,2026-08-20 17:00:00+00:00,tt_bekasi,18.0,19.731161
6,2026-08-20 17:00:00+00:00,tt_bogor,45.0,35.24397
6,2026-08-20 17:00:00+00:00,tt_bsd,34.0,30.088915
6,2026-08-20 17:00:00+00:00,tt_cawang,43.0,32.91949
6,2026-08-20 17:00:00+00:00,tt_depok,31.0,26.311646
6,2026-08-20 17:00:00+00:00,tt_gatsu,45.0,41.600456
6,2026-08-20 17:00:00+00:00,tt_grogol,40.0,33.770885
6,2026-08-20 17:00:00+00:00,tt_kebonjeruk,35.0,22.744457
6,2026-08-20 17:00:00+00:00,tt_kelapagading,29.0,31.234877
6,2026-08-20 17:00:00+00:00,tt_kuningan,21.0,20.877666
6,2026-08-20 17:00:00+00:00,tt_sudirman,39.0,29.5821
6,2026-08-20 17:00:00+00:00,tt_tangerang,48.0,39.264435
6,2026-08-20 17:00:00+00:00,tt_tbsimatupang,72.0,45.578293
6,2026-08-20 17:00:00+00:00,tt_thamrin,22.0,20.111015
6,2026-08-20 19:00:00+00:00,tt_bekasi,18.0,19.54182
6,2026-08-20 19:00:00+00:00,tt_bogor,45.0,35.349613
6,2026-08-20 19:00:00+00:00,tt_bsd,34.0,31.709974
6,2026-08-20 19:00:00+00:00,tt_cawang,43.0,41.30045
6,2026-08-20 19:00:00+00:00,tt_depok,31.0,25.056213
6,2026-08-20 19:00:00+00:00,tt_gatsu,45.0,38.519802
6,2026-08-20 19:00:00+00:00,tt_grogol,40.0,35.371323
6,2026-08-20 19:00:00+00:00,tt_kebonjeruk,35.0,23.20968
6,2026-08-20 19:00:00+00:00,tt_kelapagading,29.0,29.858301
6,2026-08-20 19:00:00+00:00,tt_kuningan,21.0,19.988995
6,2026-08-20 19:00:00+00:00,tt_sudirman,39.0,29.218023
6,2026-08-20 19:00:00+00:00,tt_tangerang,48.0,43.30776
6,2026-08-20 19:00:00+00:00,tt_tbsimatupang,72.0,45.091713
6,2026-08-20 19:00:00+00:00,tt_thamrin,22.0,19.843893
6,2026-08-20 21:00:00+00:00,tt_bekasi,18.0,20.769821
6,2026-08-20 21:00:00+00:00,tt_bogor,45.0,34.62224
6,2026-08-20 21:00:00+00:00,tt_bsd,34.0,29.624155
6,2026-08-20 21:00:00+00:00,tt_cawang,43.0,40.828926
6,2026-08-20 21:00:00+00:00,tt_depok,31.0,27.454113
6,2026-08-20 21:00:00+00:00,tt_gatsu,45.0,42.121464
6,2026-08-20 21:00:00+00:00,tt_grogol,40.0,38.61183
6,2026-08-20 21:00:00+00:00,tt_kebonjeruk,35.0,25.588928
6,2026-08-20 21:00:00+00:00,tt_kelapagading,29.0,31.704144
6,2026-08-20 21:00:00+00:00,tt_kuningan,21.0,20.184938
6,2026-08-20 21:00:00+00:00,tt_sudirman,39.0,36.679596
6,2026-08-20 21:00:00+00:00,tt_tangerang,48.0,43.754112
6,2026-08-20 21:00:00+00:00,tt_tbsimatupang,72.0,50.51741
6,2026-08-20 21:00:00+00:00,tt_thamrin,22.0,20.455627
6,2026-08-20 22:00:00+00:00,tt_bekasi,18.0,20.693336
6,2026-08-20 22:00:00+00:00,tt_bogor,45.0,36.074528
6,2026-08-20 22:00:00+00:00,tt_bsd,34.0,31.155107
6,2026-08-20 22:00:00+00:00,tt_cawang,43.0,42.26677
6,2026-08-20 22:00:00+00:00,tt_depok,31.0,28.782043
6,2026-08-20 22:00:00+00:00,tt_gatsu,45.0,42.18409
6,2026-08-20 22:00:00+00:00,tt_grogol,40.0,38.6743
6,2026-08-20 22:00:00+00:00,tt_kebonjeruk,35.0,28.584162
6,2026-08-20 22:00:00+00:00,tt_kelapagading,29.0,32.055916
6,2026-08-20 22:00:00+00:00,tt_kuningan,21.0,21.136164
6,2026-08-20 22:00:00+00:00,tt_sudirman,39.0,38.26987
6,2026-08-20 22:00:00+00:00,tt_tangerang,48.0,43.504955
6,2026-08-20 22:00:00+00:00,tt_tbsimatupang,72.0,52.460377
6,2026-08-20 22:00:00+00:00,tt_thamrin,22.0,21.632282
6,2026-08-21 00:00:00+00:00,tt_bekasi,18.0,20.772194
6,2026-08-21 00:00:00+00:00,tt_bogor,35.0,36.259254
6,2026-08-21 00:00:00+00:00,tt_bsd,29.0,32.02319
6,2026-08-21 00:00:00+00:00,tt_cawang,18.0,41.27933
6,2026-08-21 00:00:00+00:00,tt_depok,25.0,29.601091
6,2026-08-21 00:00:00+00:00,tt_gatsu,45.0,41.41508
6,2026-08-21 00:00:00+00:00,tt_grogol,34.0,37.54445
6,2026-08-21 00:00:00+00:00,tt_kebonjeruk,25.0,31.143753
6,2026-08-21 00:00:00+00:00,tt_kelapagading,26.0,32.05554
6,2026-08-21 00:00:00+00:00,tt_kuningan,21.0,21.8115
6,2026-08-21 00:00:00+00:00,tt_sudirman,31.0,38.831398
6,2026-08-21 00:00:00+00:00,tt_tangerang,37.0,42.745434
6,2026-08-21 00:00:00+00:00,tt_tbsimatupang,32.0,52.86376
6,2026-08-21 00:00:00+00:00,tt_thamrin,22.0,22.89862
6,2026-08-21 02:00:00+00:00,tt_bekasi,17.0,20.10664
6,2026-08-21 02:00:00+00:00,tt_bogor,37.0,35.75351
6,2026-08-21 02:00:00+00:00,tt_bsd,28.0,31.834862
6,2026-08-21 02:00:00+00:00,tt_cawang,19.0,39.328358
6,2026-08-21 02:00:00+00:00,tt_depok,26.0,29.547794
6,2026-08-21 02:00:00+00:00,tt_gatsu,45.0,40.656723
6,2026-08-21 02:00:00+00:00,tt_grogol,31.0,36.07308
6,2026-08-21 02:00:00+00:00,tt_kebonjeruk,26.0,31.689644
6,2026-08-21 02:00:00+00:00,tt_kelapagading,29.0,31.4704
6,2026-08-21 02:00:00+00:00,tt_kuningan,21.0,21.730906
6,2026-08-21 02:00:00+00:00,tt_sudirman,23.0,38.08924
6,2026-08-21 02:00:00+00:00,tt_tangerang,37.0,42.009457
6,2026-08-21 02:00:00+00:00,tt_tbsimatupang,37.0,52.838074
6,2026-08-21 02:00:00+00:00,tt_thamrin,22.0,22.944302
6,2026-08-21 03:00:00+00:00,tt_bekasi,15.0,19.872551
6,2026-08-21 03:00:00+00:00,tt_bogor,38.0,35.514458
6,2026-08-21 03:00:00+00:00,tt_bsd,34.0,31.643192
6,2026-08-21 03:00:00+00:00,tt_cawang,21.0,38.398994
6,2026-08-21 03:00:00+00:00,tt_depok,31.0,29.432737
6,2026-08-21 03:00:00+00:00,tt_gatsu,45.0,40.11841
6,2026-08-21 03:00:00+00:00,tt_grogol,27.0,35.461617
6,2026-08-21 03:00:00+00:00,tt_kebonjeruk,24.0,31.698866
6,2026-08-21 03:00:00+00:00,tt_kelapagading,23.0,31.272375
6,2026-08-21 03:00:00+00:00,tt_kuningan,15.999999,21.656555
6,2026-08-21 03:00:00+00:00,tt_sudirman,28.0,37.72769
6,2026-08-21 03:00:00+00:00,tt_tangerang,48.0,41.69467
6,2026-08-21 03:00:00+00:00,tt_tbsimatupang,48.0,52.85034
6,2026-08-21 03:00:00+00:00,tt_thamrin,15.999999,22.93237
6,2026-08-21 05:00:00+00:00,tt_bekasi,15.999999,19.2108
6,2026-08-21 05:00:00+00:00,tt_bogor,45.0,35.071037
6,2026-08-21 05:00:00+00:00,tt_bsd,34.0,31.148018
6,2026-08-21 05:00:00+00:00,tt_cawang,43.0,36.717915
6,2026-08-21 05:00:00+00:00,tt_depok,31.0,29.157846
6,2026-08-21 05:00:00+00:00,tt_gatsu,45.0,39.29997
6,2026-08-21 05:00:00+00:00,tt_grogol,32.0,34.470795
6,2026-08-21 05:00:00+00:00,tt_kebonjeruk,27.0,31.488281
6,2026-08-21 05:00:00+00:00,tt_kelapagading,23.0,30.693867
6,2026-08-21 05:00:00+00:00,tt_kuningan,21.0,21.015509
6,2026-08-21 05:00:00+00:00,tt_sudirman,34.0,36.95304
6,2026-08-21 05:00:00+00:00,tt_tangerang,48.0,41.20883
6,2026-08-21 05:00:00+00:00,tt_tbsimatupang,72.0,52.870495
6,2026-08-21 05:00:00+00:00,tt_thamrin,21.0,22.716532
6,2026-08-21 07:00:00+00:00,tt_bekasi,14.0,18.091362
6,2026-08-21 07:00:00+00:00,tt_bogor,35.0,32.365665
6,2026-08-21 07:00:00+00:00,tt_bsd,34.0,27.49935
6,2026-08-21 07:00:00+00:00,tt_cawang,28.0,29.623205
6,2026-08-21 07:00:00+00:00,tt_depok,25.0,25.377916
6,2026-08-21 07:00:00+00:00,tt_gatsu,36.0,40.54196
6,2026-08-21 07:00:00+00:00,tt_grogol,28.0,32.55129
6,2026-08-21 07:00:00+00:00,tt_kebonjeruk,21.0,27.538876
6,2026-08-21 07:00:00+00:00,tt_kelapagading,20.0,30.114561
6,2026-08-21 07:00:00+00:00,tt_kuningan,21.0,19.551357
6,2026-08-21 07:00:00+00:00,tt_sudirman,18.0,34.32191
6,2026-08-21 07:00:00+00:00,tt_tangerang,39.0,38.02667
6,2026-08-21 07:00:00+00:00,tt_tbsimatupang,52.0,46.539177
6,2026-08-21 07:00:00+00:00,tt_thamrin,18.0,21.917606
6,2026-08-21 08:00:00+00:00,tt_bekasi,15.999999,18.007442
6,2026-08-21 08:00:00+00:00,tt_bogor,34.0,33.26714
6,2026-08-21 08:00:00+00:00,tt_bsd,34.0,26.794258
6,2026-08-21 08:00:00+00:00,tt_cawang,31.0,28.294949
6,2026-08-21 08:00:00+00:00,tt_depok,25.0,24.81081
6,2026-08-21 08:00:00+00:00,tt_gatsu,35.0,42.060097
6,2026-08-21 08:00:00+00:00,tt_grogol,29.0,31.986921
6,2026-08-21 08:00:00+00:00,tt_kebonjeruk,24.0,26.875671
6,2026-08-21 08:00:00+00:00,tt_kelapagading,21.0,30.917885
6,2026-08-21 08:00:00+00:00,tt_kuningan,17.0,19.44916
6,2026-08-21 08:00:00+00:00,tt_sudirman,24.0,32.488243
6,2026-08-21 08:00:00+00:00,tt_tangerang,40.0,37.63812
6,2026-08-21 08:00:00+00:00,tt_tbsimatupang,38.0,46.291138
6,2026-08-21 08:00:00+00:00,tt_thamrin,10.0,22.012981
6,2026-08-21 10:00:00+00:00,tt_bekasi,15.0,17.496384
6,2026-08-21 10:00:00+00:00,tt_bogor,32.0,35.0337
6,2026-08-21 10:00:00+00:00,tt_bsd,34.0,29.702747
6,2026-08-21 10:00:00+00:00,tt_cawang,22.0,26.925833
6,2026-08-21 10:00:00+00:00,tt_depok,24.0,27.05777
6,2026-08-21 10:00:00+00:00,tt_gatsu,34.0,44.943512
6,2026-08-21 10:00:00+00:00,tt_grogol,32.0,29.920208
6,2026-08-21 10:00:00+00:00,tt_kebonjeruk,20.0,25.562046
6,2026-08-21 10:00:00+00:00,tt_kelapagading,19.0,30.579596
6,2026-08-21 10:00:00+00:00,tt_kuningan,13.0,18.279552
6,2026-08-21 10:00:00+00:00,tt_sudirman,22.0,32.66725
6,2026-08-21 10:00:00+00:00,tt_tangerang,29.0,41.928574
6,2026-08-21 10:00:00+00:00,tt_tbsimatupang,27.0,47.86872
6,2026-08-21 10:00:00+00:00,tt_thamrin,19.0,20.607725
6,2026-08-21 12:00:00+00:00,tt_bekasi,13.0,17.75058
6,2026-08-21 12:00:00+00:00,tt_bogor,32.0,37.784645
6,2026-08-21 12:00:00+00:00,tt_bsd,34.0,31.50691
6,2026-08-21 12:00:00+00:00,tt_cawang,34.0,34.971066
6,2026-08-21 12:00:00+00:00,tt_depok,26.0,29.751047
6,2026-08-21 12:00:00+00:00,tt_gatsu,15.0,45.341213
6,2026-08-21 12:00:00+00:00,tt_grogol,32.0,30.76259
6,2026-08-21 12:00:00+00:00,tt_kebonjeruk,19.0,26.047192
6,2026-08-21 12:00:00+00:00,tt_kelapagading,18.0,29.657463
6,2026-08-21 12:00:00+00:00,tt_kuningan,13.0,19.894123
6,2026-08-21 12:00:00+00:00,tt_sudirman,18.0,34.905174
6,2026-08-21 12:00:00+00:00,tt_tangerang,32.0,43.388428
6,2026-08-21 12:00:00+00:00,tt_tbsimatupang,27.0,52.30855
6,2026-08-21 12:00:00+00:00,tt_thamrin,9.0,21.43468
6,2026-08-21 13:00:00+00:00,tt_bekasi,18.0,17.495224
6,2026-08-21 13:00:00+00:00,tt_bogor,45.0,35.34648
6,2026-08-21 13:00:00+00:00,tt_bsd,34.0,30.992136
6,2026-08-21 13:00:00+00:00,tt_cawang,32.0,33.692284
6,2026-08-21 13:00:00+00:00,tt_depok,25.0,27.942112
6,2026-08-21 13:00:00+00:00,tt_gatsu,45.0,43.32054
6,2026-08-21 13:00:00+00:00,tt_grogol,40.0,30.640806
6,2026-08-21 13:00:00+00:00,tt_kebonjeruk,25.0,25.08482
6,2026-08-21 13:00:00+00:00,tt_kelapagading,21.0,29.505861
6,2026-08-21 13:00:00+00:00,tt_kuningan,21.0,19.908373
6,2026-08-21 13:00:00+00:00,tt_sudirman,31.0,33.339157
6,2026-08-21 13:00:00+00:00,tt_tangerang,48.0,41.946987
6,2026-08-21 13:00:00+00:00,tt_tbsimatupang,72.0,50.05685
6,2026-08-21 13:00:00+00:00,tt_thamrin,15.999999,21.700008
