horizon,target_time,corridor,y_true,fixed_stgnn_pred
1,2026-08-18 02:00:00+00:00,tt_bekasi,15.999999,17.059044
1,2026-08-18 02:00:00+00:00,tt_bogor,36.0,32.99313
1,2026-08-18 02:00:00+00:00,tt_bsd,34.0,31.35664
1,2026-08-18 02:00:00+00:00,tt_cawang,21.0,24.338001
1,2026-08-18 02:00:00+00:00,tt_depok,31.0,26.093645
1,2026-08-18 02:00:00+00:00,tt_gatsu,33.0,43.18011
1,2026-08-18 02:00:00+00:00,tt_grogol,26.0,27.722116
1,2026-08-18 02:00:00+00:00,tt_kebonjeruk,26.0,27.769339
1,2026-08-18 02:00:00+00:00,tt_kelapagading,29.0,30.270298
1,2026-08-18 02:00:00+00:00,tt_kuningan,21.0,20.551086
1,2026-08-18 02:00:00+00:00,tt_sudirman,23.0,34.598633
1,2026-08-18 02:00:00+00:00,tt_tangerang,48.0,37.964302
1,2026-08-18 02:00:00+00:00,tt_tbsimatupang,15.999999,37.202015
1,2026-08-18 02:00:00+00:00,tt_thamrin,17.0,19.732796
1,2026-08-18 04:00:00+00:00,tt_bekasi,15.0,16.628246
1,2026-08-18 04:00:00+00:00,tt_bogor,33.0,34.744972
1,2026-08-18 04:00:00+00:00,tt_bsd,28.0,31.608263
1,2026-08-18 04:00:00+00:00,tt_cawang,22.0,22.22525
1,2026-08-18 04:00:00+00:00,tt_depok,31.0,28.599953
1,2026-08-18 04:00:00+00:00,tt_gatsu,32.0,37.012394
1,2026-08-18 04:00:00+00:00,tt_grogol,27.0,26.043201
1,2026-08-18 04:00:00+00:00,tt_kebonjeruk,25.0,25.87171
1,2026-08-18 04:00:00+00:00,tt_kelapagading,29.0,31.001259
1,2026-08-18 04:00:00+00:00,tt_kuningan,15.999999,20.320465
1,2026-08-18 04:00:00+00:00,tt_sudirman,24.0,28.2944
1,2026-08-18 04:00:00+00:00,tt_tangerang,36.0,45.211082
1,2026-08-18 04:00:00+00:00,tt_tbsimatupang,55.0,28.990278
1,2026-08-18 04:00:00+00:00,tt_thamrin,18.0,18.41466
1,2026-08-18 05:00:00+00:00,tt_bekasi,15.0,16.27977
1,2026-08-18 05:00:00+00:00,tt_bogor,38.0,34.06566
1,2026-08-18 05:00:00+00:00,tt_bsd,28.0,29.863392
1,2026-08-18 05:00:00+00:00,tt_cawang,28.0,22.415829
1,2026-08-18 05:00:00+00:00,tt_depok,26.0,29.544428
1,2026-08-18 05:00:00+00:00,tt_gatsu,45.0,35.762573
1,2026-08-18 05:00:00+00:00,tt_grogol,36.0,26.211447
1,2026-08-18 05:00:00+00:00,tt_kebonjeruk,22.0,25.144484
1,2026-08-18 05:00:00+00:00,tt_kelapagading,22.0,31.357578
1,2026-08-18 05:00:00+00:00,tt_kuningan,21.0,19.18356
1,2026-08-18 05:00:00+00:00,tt_sudirman,31.0,27.53349
1,2026-08-18 05:00:00+00:00,tt_tangerang,41.0,40.005775
1,2026-08-18 05:00:00+00:00,tt_tbsimatupang,51.0,42.91648
1,2026-08-18 05:00:00+00:00,tt_thamrin,20.0,18.54039
1,2026-08-18 07:00:00+00:00,tt_bekasi,15.0,16.27206
1,2026-08-18 07:00:00+00:00,tt_bogor,34.0,36.50813
1,2026-08-18 07:00:00+00:00,tt_bsd,30.0,28.286497
1,2026-08-18 07:00:00+00:00,tt_cawang,43.0,25.965992
1,2026-08-18 07:00:00+00:00,tt_depok,31.0,27.475407
1,2026-08-18 07:00:00+00:00,tt_gatsu,45.0,44.14682
1,2026-08-18 07:00:00+00:00,tt_grogol,32.0,33.127827
1,2026-08-18 07:00:00+00:00,tt_kebonjeruk,25.0,23.357204
1,2026-08-18 07:00:00+00:00,tt_kelapagading,22.0,27.19915
1,2026-08-18 07:00:00+00:00,tt_kuningan,15.0,21.387396
1,2026-08-18 07:00:00+00:00,tt_sudirman,28.0,31.007938
1,2026-08-18 07:00:00+00:00,tt_tangerang,38.0,41.12161
1,2026-08-18 07:00:00+00:00,tt_tbsimatupang,57.0,50.21791
1,2026-08-18 07:00:00+00:00,tt_thamrin,22.0,19.915775
1,2026-08-18 09:00:00+00:00,tt_bekasi,14.0,16.711967
1,2026-08-18 09:00:00+00:00,tt_bogor,35.0,35.60885
1,2026-08-18 09:00:00+00:00,tt_bsd,28.0,29.279171
1,2026-08-18 09:00:00+00:00,tt_cawang,29.0,38.472233
1,2026-08-18 09:00:00+00:00,tt_depok,24.0,30.563515
1,2026-08-18 09:00:00+00:00,tt_gatsu,45.0,45.89276
1,2026-08-18 09:00:00+00:00,tt_grogol,32.0,32.294815
1,2026-08-18 09:00:00+00:00,tt_kebonjeruk,23.0,24.225574
1,2026-08-18 09:00:00+00:00,tt_kelapagading,23.0,25.537092
1,2026-08-18 09:00:00+00:00,tt_kuningan,21.0,19.410854
1,2026-08-18 09:00:00+00:00,tt_sudirman,31.0,29.616858
1,2026-08-18 09:00:00+00:00,tt_tangerang,38.0,39.32182
1,2026-08-18 09:00:00+00:00,tt_tbsimatupang,43.0,55.36447
1,2026-08-18 09:00:00+00:00,tt_thamrin,22.0,21.508816
1,2026-08-18 10:00:00+00:00,tt_bekasi,14.0,16.11267
1,2026-08-18 10:00:00+00:00,tt_bogor,35.0,34.509674
1,2026-08-18 10:00:00+00:00,tt_bsd,34.0,28.145008
1,2026-08-18 10:00:00+00:00,tt_cawang,30.0,34.107597
1,2026-08-18 10:00:00+00:00,tt_depok,25.0,27.529154
1,2026-08-18 10:00:00+00:00,tt_gatsu,3.999998,45.877407
1,2026-08-18 10:00:00+00:00,tt_grogol,31.0,32.145603
1,2026-08-18 10:00:00+00:00,tt_kebonjeruk,21.0,23.663052
1,2026-08-18 10:00:00+00:00,tt_kelapagading,21.0,25.460327
1,2026-08-18 10:00:00+00:00,tt_kuningan,14.0,20.339283
1,2026-08-18 10:00:00+00:00,tt_sudirman,23.0,30.617817
1,2026-08-18 10:00:00+00:00,tt_tangerang,34.0,39.07956
1,2026-08-18 10:00:00+00:00,tt_tbsimatupang,44.0,47.608013
1,2026-08-18 10:00:00+00:00,tt_thamrin,22.0,21.886261
1,2026-08-18 12:00:00+00:00,tt_bekasi,14.0,14.979555
1,2026-08-18 12:00:00+00:00,tt_bogor,35.0,33.994892
1,2026-08-18 12:00:00+00:00,tt_bsd,34.0,31.163395
1,2026-08-18 12:00:00+00:00,tt_cawang,34.0,32.890667
1,2026-08-18 12:00:00+00:00,tt_depok,26.0,25.705894
1,2026-08-18 12:00:00+00:00,tt_gatsu,45.0,27.926266
1,2026-08-18 12:00:00+00:00,tt_grogol,32.0,31.740025
1,2026-08-18 12:00:00+00:00,tt_kebonjeruk,25.0,21.991032
1,2026-08-18 12:00:00+00:00,tt_kelapagading,22.0,24.072685
1,2026-08-18 12:00:00+00:00,tt_kuningan,13.0,16.711182
1,2026-08-18 12:00:00+00:00,tt_sudirman,29.0,27.31401
1,2026-08-18 12:00:00+00:00,tt_tangerang,48.0,36.206482
1,2026-08-18 12:00:00+00:00,tt_tbsimatupang,72.0,44.825005
1,2026-08-18 12:00:00+00:00,tt_thamrin,17.0,22.563766
1,2026-08-18 14:00:00+00:00,tt_bekasi,15.999999,15.896425
1,2026-08-18 14:00:00+00:00,tt_bogor,45.0,35.10888
1,2026-08-18 14:00:00+00:00,tt_bsd,34.0,34.66438
1,2026-08-18 14:00:00+00:00,tt_cawang,32.0,34.648827
1,2026-08-18 14:00:00+00:00,tt_depok,26.0,27.189682
1,2026-08-18 14:00:00+00:00,tt_gatsu,45.0,42.316708
1,2026-08-18 14:00:00+00:00,tt_grogol,40.0,32.088444
1,2026-08-18 14:00:00+00:00,tt_kebonjeruk,31.0,23.971085
1,2026-08-18 14:00:00+00:00,tt_kelapagading,29.0,23.867249
1,2026-08-18 14:00:00+00:00,tt_kuningan,15.999999,17.191856
1,2026-08-18 14:00:00+00:00,tt_sudirman,30.0,29.653343
1,2026-08-18 14:00:00+00:00,tt_tangerang,48.0,45.75753
1,2026-08-18 14:00:00+00:00,tt_tbsimatupang,72.0,63.915894
1,2026-08-18 14:00:00+00:00,tt_thamrin,22.0,20.088116
1,2026-08-18 15:00:00+00:00,tt_bekasi,15.999999,16.761536
1,2026-08-18 15:00:00+00:00,tt_bogor,45.0,38.79563
1,2026-08-18 15:00:00+00:00,tt_bsd,34.0,35.261192
1,2026-08-18 15:00:00+00:00,tt_cawang,43.0,34.113884
1,2026-08-18 15:00:00+00:00,tt_depok,31.0,27.578362
1,2026-08-18 15:00:00+00:00,tt_gatsu,45.0,44.344334
1,2026-08-18 15:00:00+00:00,tt_grogol,40.0,35.723145
1,2026-08-18 15:00:00+00:00,tt_kebonjeruk,35.0,26.934233
1,2026-08-18 15:00:00+00:00,tt_kelapagading,29.0,26.77633
1,2026-08-18 15:00:00+00:00,tt_kuningan,21.0,18.041092
1,2026-08-18 15:00:00+00:00,tt_sudirman,39.0,30.157516
1,2026-08-18 15:00:00+00:00,tt_tangerang,48.0,47.179916
1,2026-08-18 15:00:00+00:00,tt_tbsimatupang,72.0,65.6028
1,2026-08-18 15:00:00+00:00,tt_thamrin,22.0,21.526836
1,2026-08-18 17:00:00+00:00,tt_bekasi,17.0,17.69041
1,2026-08-18 17:00:00+00:00,tt_bogor,45.0,42.18854
1,2026-08-18 17:00:00+00:00,tt_bsd,34.0,35.438374
1,2026-08-18 17:00:00+00:00,tt_cawang,43.0,40.6524
1,2026-08-18 17:00:00+00:00,tt_depok,31.0,31.413418
1,2026-08-18 17:00:00+00:00,tt_gatsu,45.0,45.198338
1,2026-08-18 17:00:00+00:00,tt_grogol,40.0,38.51248
1,2026-08-18 17:00:00+00:00,tt_kebonjeruk,35.0,31.908794
1,2026-08-18 17:00:00+00:00,tt_kelapagading,29.0,28.399952
1,2026-08-18 17:00:00+00:00,tt_kuningan,21.0,21.841385
1,2026-08-18 17:00:00+00:00,tt_sudirman,39.0,36.698853
1,2026-08-18 17:00:00+00:00,tt_tangerang,48.0,47.216408
1,2026-08-18 17:00:00+00:00,tt_tbsimatupang,72.0,65.82819
1,2026-08-18 17:00:00+00:00,tt_thamrin,22.0,22.709381
1,2026-08-18 19:00:00+00:00,tt_bekasi,17.0,18.359583
1,2026-08-18 19:00:00+00:00,tt_bogor,45.0,42.045967
1,2026-08-18 19:00:00+00:00,tt_bsd,34.0,35.054993
1,2026-08-18 19:00:00+00:00,tt_cawang,43.0,41.499672
1,2026-08-18 19:00:00+00:00,tt_depok,31.0,32.221966
1,2026-08-18 19:00:00+00:00,tt_gatsu,45.0,44.34295
1,2026-08-18 19:00:00+00:00,tt_grogol,40.0,38.39468
1,2026-08-18 19:00:00+00:00,tt_kebonjeruk,35.0,33.1837
1,2026-08-18 19:00:00+00:00,tt_kelapagading,29.0,28.733364
1,2026-08-18 19:00:00+00:00,tt_kuningan,21.0,22.60197
1,2026-08-18 19:00:00+00:00,tt_sudirman,39.0,38.036995
1,2026-08-18 19:00:00+00:00,tt_tangerang,48.0,46.45703
1,2026-08-18 19:00:00+00:00,tt_tbsimatupang,72.0,64.97866
1,2026-08-18 19:00:00+00:00,tt_thamrin,22.0,22.6777
1,2026-08-18 20:00:00+00:00,tt_bekasi,17.0,18.46941
1,2026-08-18 20:00:00+00:00,tt_bogor,45.0,41.8155
1,2026-08-18 20:00:00+00:00,tt_bsd,34.0,34.8803
1,2026-08-18 20:00:00+00:00,tt_cawang,43.0,41.15483
1,2026-08-18 20:00:00+00:00,tt_depok,31.0,32.228485
1,2026-08-18 20:00:00+00:00,tt_gatsu,45.0,43.90312
1,2026-08-18 20:00:00+00:00,tt_grogol,40.0,38.17964
1,2026-08-18 20:00:00+00:00,tt_kebonjeruk,35.0,33.31255
1,2026-08-18 20:00:00+00:00,tt_kelapagading,29.0,28.781982
1,2026-08-18 20:00:00+00:00,tt_kuningan,21.0,22.71568
1,2026-08-18 20:00:00+00:00,tt_sudirman,39.0,38.164448
1,2026-08-18 20:00:00+00:00,tt_tangerang,48.0,46.15187
1,2026-08-18 20:00:00+00:00,tt_tbsimatupang,72.0,64.60251
1,2026-08-18 20:00:00+00:00,tt_thamrin,22.0,22.542147
1,2026-08-18 22:00:00+00:00,tt_bekasi,17.0,18.553394
1,2026-08-18 22:00:00+00:00,tt_bogor,45.0,41.376305
1,2026-08-18 22:00:00+00:00,tt_bsd,34.0,34.619267
1,2026-08-18 22:00:00+00:00,tt_cawang,43.0,40.55636
1,2026-08-18 22:00:00+00:00,tt_depok,31.0,32.08842
1,2026-08-18 22:00:00+00:00,tt_gatsu,45.0,43.12423
1,2026-08-18 22:00:00+00:00,tt_grogol,40.0,37.794056
1,2026-08-18 22:00:00+00:00,tt_kebonjeruk,35.0,33.356964
1,2026-08-18 22:00:00+00:00,tt_kelapagading,29.0,28.795492
1,2026-08-18 22:00:00+00:00,tt_kuningan,21.0,22.757246
1,2026-08-18 22:00:00+00:00,tt_sudirman,39.0,38.12837
1,2026-08-18 22:00:00+00:00,tt_tangerang,48.0,45.69818
1,2026-08-18 22:00:00+00:00,tt_tbsimatupang,72.0,63.98545
1,2026-08-18 22:00:00+00:00,tt_thamrin,22.0,22.308357
1,2026-08-19 00:00:00+00:00,tt_bekasi,15.0,18.43071
1,2026-08-19 00:00:00+00:00,tt_bogor,35.0,41.08899
1,2026-08-19 00:00:00+00:00,tt_bsd,29.0,34.429592
1,2026-08-19 00:00:00+00:00,tt_cawang,20.0,40.083267
1,2026-08-19 00:00:00+00:00,tt_depok,31.0,31.95591
1,2026-08-19 00:00:00+00:00,tt_gatsu,45.0,42.908554
1,2026-08-19 00:00:00+00:00,tt_grogol,40.0,37.50641
1,2026-08-19 00:00:00+00:00,tt_kebonjeruk,27.0,33.35083
1,2026-08-19 00:00:00+00:00,tt_kelapagading,29.0,28.781843
1,2026-08-19 00:00:00+00:00,tt_kuningan,21.0,22.698254
1,2026-08-19 00:00:00+00:00,tt_sudirman,39.0,38.020805
1,2026-08-19 00:00:00+00:00,tt_tangerang,48.0,45.453255
1,2026-08-19 00:00:00+00:00,tt_tbsimatupang,39.0,63.453735
1,2026-08-19 00:00:00+00:00,tt_thamrin,19.0,22.066586
1,2026-08-19 01:00:00+00:00,tt_bekasi,15.999999,17.237518
1,2026-08-19 01:00:00+00:00,tt_bogor,37.0,34.964108
1,2026-08-19 01:00:00+00:00,tt_bsd,34.0,30.387371
1,2026-08-19 01:00:00+00:00,tt_cawang,13.0,30.423712
1,2026-08-19 01:00:00+00:00,tt_depok,27.0,29.414118
1,2026-08-19 01:00:00+00:00,tt_gatsu,13.0,42.447323
1,2026-08-19 01:00:00+00:00,tt_grogol,32.0,37.44863
1,2026-08-19 01:00:00+00:00,tt_kebonjeruk,25.0,29.897371
1,2026-08-19 01:00:00+00:00,tt_kelapagading,29.0,29.161266
1,2026-08-19 01:00:00+00:00,tt_kuningan,21.0,21.33342
1,2026-08-19 01:00:00+00:00,tt_sudirman,22.0,37.997303
1,2026-08-19 01:00:00+00:00,tt_tangerang,39.0,45.23419
1,2026-08-19 01:00:00+00:00,tt_tbsimatupang,18.0,45.37417
1,2026-08-19 01:00:00+00:00,tt_thamrin,22.0,20.856764
1,2026-08-19 03:00:00+00:00,tt_bekasi,15.999999,16.306318
1,2026-08-19 03:00:00+00:00,tt_bogor,37.0,35.200497
1,2026-08-19 03:00:00+00:00,tt_bsd,34.0,31.23493
1,2026-08-19 03:00:00+00:00,tt_cawang,20.0,20.5634
1,2026-08-19 03:00:00+00:00,tt_depok,31.0,26.176785
1,2026-08-19 03:00:00+00:00,tt_gatsu,45.0,25.55735
1,2026-08-19 03:00:00+00:00,tt_grogol,31.0,32.349545
1,2026-08-19 03:00:00+00:00,tt_kebonjeruk,23.0,25.639015
1,2026-08-19 03:00:00+00:00,tt_kelapagading,29.0,30.425978
1,2026-08-19 03:00:00+00:00,tt_kuningan,15.999999,20.652245
1,2026-08-19 03:00:00+00:00,tt_sudirman,24.0,28.468319
1,2026-08-19 03:00:00+00:00,tt_tangerang,40.0,38.929447
1,2026-08-19 03:00:00+00:00,tt_tbsimatupang,33.0,31.102863
1,2026-08-19 03:00:00+00:00,tt_thamrin,20.0,21.178516
1,2026-08-19 05:00:00+00:00,tt_bekasi,15.0,17.1056
1,2026-08-19 05:00:00+00:00,tt_bogor,32.0,36.23815
1,2026-08-19 05:00:00+00:00,tt_bsd,34.0,32.032764
1,2026-08-19 05:00:00+00:00,tt_cawang,17.0,21.12657
1,2026-08-19 05:00:00+00:00,tt_depok,31.0,28.470814
1,2026-08-19 05:00:00+00:00,tt_gatsu,45.0,41.549458
1,2026-08-19 05:00:00+00:00,tt_grogol,31.0,31.114473
1,2026-08-19 05:00:00+00:00,tt_kebonjeruk,24.0,23.600271
1,2026-08-19 05:00:00+00:00,tt_kelapagading,21.0,31.277676
1,2026-08-19 05:00:00+00:00,tt_kuningan,17.0,18.63823
1,2026-08-19 05:00:00+00:00,tt_sudirman,27.0,26.711395
1,2026-08-19 05:00:00+00:00,tt_tangerang,40.0,39.25021
1,2026-08-19 05:00:00+00:00,tt_tbsimatupang,43.0,34.31516
1,2026-08-19 05:00:00+00:00,tt_thamrin,17.0,20.464996
1,2026-08-19 06:00:00+00:00,tt_bekasi,18.0,16.63699
1,2026-08-19 06:00:00+00:00,tt_bogor,35.0,34.25178
1,2026-08-19 06:00:00+00:00,tt_bsd,34.0,32.424503
1,2026-08-19 06:00:00+00:00,tt_cawang,19.0,20.085258
1,2026-08-19 06:00:00+00:00,tt_depok,27.0,28.961601
1,2026-08-19 06:00:00+00:00,tt_gatsu,30.0,44.004
1,2026-08-19 06:00:00+00:00,tt_grogol,27.0,31.069418
1,2026-08-19 06:00:00+00:00,tt_kebonjeruk,21.0,23.598537
1,2026-08-19 06:00:00+00:00,tt_kelapagading,21.0,28.424585
1,2026-08-19 06:00:00+00:00,tt_kuningan,21.0,18.603598
1,2026-08-19 06:00:00+00:00,tt_sudirman,18.0,27.680851
1,2026-08-19 06:00:00+00:00,tt_tangerang,38.0,39.52168
1,2026-08-19 06:00:00+00:00,tt_tbsimatupang,48.0,39.475586
1,2026-08-19 06:00:00+00:00,tt_thamrin,13.0,19.390514
1,2026-08-19 08:00:00+00:00,tt_bekasi,15.0,17.760704
1,2026-08-19 08:00:00+00:00,tt_bogor,34.0,34.817455
1,2026-08-19 08:00:00+00:00,tt_bsd,28.0,32.609375
1,2026-08-19 08:00:00+00:00,tt_cawang,32.0,19.96056
1,2026-08-19 08:00:00+00:00,tt_depok,25.0,27.334051
1,2026-08-19 08:00:00+00:00,tt_gatsu,26.0,36.229492
1,2026-08-19 08:00:00+00:00,tt_grogol,27.0,29.082857
1,2026-08-19 08:00:00+00:00,tt_kebonjeruk,18.0,21.839602
1,2026-08-19 08:00:00+00:00,tt_kelapagading,22.0,26.387383
1,2026-08-19 08:00:00+00:00,tt_kuningan,21.0,20.340403
1,2026-08-19 08:00:00+00:00,tt_sudirman,22.0,23.247028
1,2026-08-19 08:00:00+00:00,tt_tangerang,48.0,38.4914
1,2026-08-19 08:00:00+00:00,tt_tbsimatupang,32.0,47.042046
1,2026-08-19 08:00:00+00:00,tt_thamrin,8.0,16.586578
1,2026-08-19 10:00:00+00:00,tt_bekasi,13.0,16.843033
1,2026-08-19 10:00:00+00:00,tt_bogor,30.0,34.51981
1,2026-08-19 10:00:00+00:00,tt_bsd,34.0,28.684725
1,2026-08-19 10:00:00+00:00,tt_cawang,43.0,29.655594
1,2026-08-19 10:00:00+00:00,tt_depok,23.0,25.572165
1,2026-08-19 10:00:00+00:00,tt_gatsu,23.0,32.333176
1,2026-08-19 10:00:00+00:00,tt_grogol,30.0,28.590185
1,2026-08-19 10:00:00+00:00,tt_kebonjeruk,19.0,19.922096
1,2026-08-19 10:00:00+00:00,tt_kelapagading,22.0,26.230955
1,2026-08-19 10:00:00+00:00,tt_kuningan,15.999999,20.979134
1,2026-08-19 10:00:00+00:00,tt_sudirman,19.0,24.364475
1,2026-08-19 10:00:00+00:00,tt_tangerang,28.0,46.249657
1,2026-08-19 10:00:00+00:00,tt_tbsimatupang,34.0,37.385593
1,2026-08-19 10:00:00+00:00,tt_thamrin,17.0,13.6261215
1,2026-08-19 11:00:00+00:00,tt_bekasi,18.0,16.097475
1,2026-08-19 11:00:00+00:00,tt_bogor,33.0,32.590355
1,2026-08-19 11:00:00+00:00,tt_bsd,27.0,30.839329
1,2026-08-19 11:00:00+00:00,tt_cawang,43.0,37.478188
1,2026-08-19 11:00:00+00:00,tt_depok,25.0,24.73426
1,2026-08-19 11:00:00+00:00,tt_gatsu,35.0,30.365957
1,2026-08-19 11:00:00+00:00,tt_grogol,32.0,30.160048
1,2026-08-19 11:00:00+00:00,tt_kebonjeruk,21.0,19.7973
1,2026-08-19 11:00:00+00:00,tt_kelapagading,20.0,25.93253
1,2026-08-19 11:00:00+00:00,tt_kuningan,15.999999,19.63282
1,2026-08-19 11:00:00+00:00,tt_sudirman,15.999999,23.179558
1,2026-08-19 11:00:00+00:00,tt_tangerang,26.0,37.97612
1,2026-08-19 11:00:00+00:00,tt_tbsimatupang,44.0,36.828484
1,2026-08-19 11:00:00+00:00,tt_thamrin,10.0,15.8256
1,2026-08-19 13:00:00+00:00,tt_bekasi,18.0,18.107956
1,2026-08-19 13:00:00+00:00,tt_bogor,45.0,33.021854
1,2026-08-19 13:00:00+00:00,tt_bsd,34.0,27.929056
1,2026-08-19 13:00:00+00:00,tt_cawang,43.0,42.647835
1,2026-08-19 13:00:00+00:00,tt_depok,25.0,25.470413
1,2026-08-19 13:00:00+00:00,tt_gatsu,45.0,35.42611
1,2026-08-19 13:00:00+00:00,tt_grogol,31.0,33.408413
1,2026-08-19 13:00:00+00:00,tt_kebonjeruk,27.0,21.006004
1,2026-08-19 13:00:00+00:00,tt_kelapagading,23.0,24.178404
1,2026-08-19 13:00:00+00:00,tt_kuningan,13.0,18.497128
1,2026-08-19 13:00:00+00:00,tt_sudirman,30.0,20.260174
1,2026-08-19 13:00:00+00:00,tt_tangerang,48.0,31.67681
1,2026-08-19 13:00:00+00:00,tt_tbsimatupang,72.0,43.165424
1,2026-08-19 13:00:00+00:00,tt_thamrin,20.0,14.104403
1,2026-08-19 15:00:00+00:00,tt_bekasi,15.999999,18.95745
1,2026-08-19 15:00:00+00:00,tt_bogor,38.0,41.084156
1,2026-08-19 15:00:00+00:00,tt_bsd,34.0,34.25715
1,2026-08-19 15:00:00+00:00,tt_cawang,32.0,44.255795
1,2026-08-19 15:00:00+00:00,tt_depok,31.0,27.536444
1,2026-08-19 15:00:00+00:00,tt_gatsu,45.0,43.678635
1,2026-08-19 15:00:00+00:00,tt_grogol,40.0,32.287827
1,2026-08-19 15:00:00+00:00,tt_kebonjeruk,31.0,25.357504
1,2026-08-19 15:00:00+00:00,tt_kelapagading,29.0,24.526356
1,2026-08-19 15:00:00+00:00,tt_kuningan,21.0,18.072311
1,2026-08-19 15:00:00+00:00,tt_sudirman,29.0,27.698465
1,2026-08-19 15:00:00+00:00,tt_tangerang,48.0,44.931572
1,2026-08-19 15:00:00+00:00,tt_tbsimatupang,72.0,63.48262
1,2026-08-19 15:00:00+00:00,tt_thamrin,21.0,18.745201
1,2026-08-19 16:00:00+00:00,tt_bekasi,18.0,18.34874
1,2026-08-19 16:00:00+00:00,tt_bogor,45.0,39.17264
1,2026-08-19 16:00:00+00:00,tt_bsd,34.0,35.285954
1,2026-08-19 16:00:00+00:00,tt_cawang,43.0,39.036762
1,2026-08-19 16:00:00+00:00,tt_depok,31.0,29.305582
1,2026-08-19 16:00:00+00:00,tt_gatsu,45.0,44.463066
1,2026-08-19 16:00:00+00:00,tt_grogol,40.0,36.06825
1,2026-08-19 16:00:00+00:00,tt_kebonjeruk,35.0,27.773693
1,2026-08-19 16:00:00+00:00,tt_kelapagading,29.0,27.132107
1,2026-08-19 16:00:00+00:00,tt_kuningan,21.0,20.279755
1,2026-08-19 16:00:00+00:00,tt_sudirman,39.0,28.331125
1,2026-08-19 16:00:00+00:00,tt_tangerang,48.0,46.94719
1,2026-08-19 16:00:00+00:00,tt_tbsimatupang,72.0,65.07656
1,2026-08-19 16:00:00+00:00,tt_thamrin,22.0,20.135994
1,2026-08-19 18:00:00+00:00,tt_bekasi,18.0,19.219624
1,2026-08-19 18:00:00+00:00,tt_bogor,45.0,41.957493
1,2026-08-19 18:00:00+00:00,tt_bsd,34.0,35.631653
1,2026-08-19 18:00:00+00:00,tt_cawang,43.0,42.6211
1,2026-08-19 18:00:00+00:00,tt_depok,31.0,31.833267
1,2026-08-19 18:00:00+00:00,tt_gatsu,45.0,44.409294
1,2026-08-19 18:00:00+00:00,tt_grogol,40.0,38.83944
1,2026-08-19 18:00:00+00:00,tt_kebonjeruk,35.0,32.358337
1,2026-08-19 18:00:00+00:00,tt_kelapagading,29.0,28.555996
1,2026-08-19 18:00:00+00:00,tt_kuningan,21.0,22.612926
1,2026-08-19 18:00:00+00:00,tt_sudirman,39.0,35.59526
1,2026-08-19 18:00:00+00:00,tt_tangerang,44.0,47.321484
1,2026-08-19 18:00:00+00:00,tt_tbsimatupang,72.0,65.341576
1,2026-08-19 18:00:00+00:00,tt_thamrin,22.0,21.86999
1,2026-08-19 20:00:00+00:00,tt_bekasi,18.0,19.289955
1,2026-08-19 20:00:00+00:00,tt_bogor,45.0,41.847054
1,2026-08-19 20:00:00+00:00,tt_bsd,34.0,34.857845
1,2026-08-19 20:00:00+00:00,tt_cawang,43.0,42.35171
1,2026-08-19 20:00:00+00:00,tt_depok,31.0,32.200546
1,2026-08-19 20:00:00+00:00,tt_gatsu,45.0,43.727875
1,2026-08-19 20:00:00+00:00,tt_grogol,40.0,38.76835
1,2026-08-19 20:00:00+00:00,tt_kebonjeruk,35.0,33.14831
1,2026-08-19 20:00:00+00:00,tt_kelapagading,29.0,28.687243
1,2026-08-19 20:00:00+00:00,tt_kuningan,21.0,22.865414
1,2026-08-19 20:00:00+00:00,tt_sudirman,39.0,37.49216
1,2026-08-19 20:00:00+00:00,tt_tangerang,48.0,43.565697
1,2026-08-19 20:00:00+00:00,tt_tbsimatupang,72.0,64.47848
1,2026-08-19 20:00:00+00:00,tt_thamrin,22.0,22.15448
1,2026-08-19 21:00:00+00:00,tt_bekasi,18.0,19.298065
1,2026-08-19 21:00:00+00:00,tt_bogor,45.0,41.59972
1,2026-08-19 21:00:00+00:00,tt_bsd,34.0,34.866856
1,2026-08-19 21:00:00+00:00,tt_cawang,43.0,41.82659
1,2026-08-19 21:00:00+00:00,tt_depok,31.0,32.160114
1,2026-08-19 21:00:00+00:00,tt_gatsu,45.0,43.43565
1,2026-08-19 21:00:00+00:00,tt_grogol,40.0,38.62175
1,2026-08-19 21:00:00+00:00,tt_kebonjeruk,35.0,33.41009
1,2026-08-19 21:00:00+00:00,tt_kelapagading,29.0,28.655342
1,2026-08-19 21:00:00+00:00,tt_kuningan,21.0,22.816807
1,2026-08-19 21:00:00+00:00,tt_sudirman,39.0,37.71375
1,2026-08-19 21:00:00+00:00,tt_tangerang,48.0,44.861244
1,2026-08-19 21:00:00+00:00,tt_tbsimatupang,72.0,64.16335
1,2026-08-19 21:00:00+00:00,tt_thamrin,22.0,22.186691
1,2026-08-19 23:00:00+00:00,tt_bekasi,17.0,19.294268
1,2026-08-19 23:00:00+00:00,tt_bogor,35.0,41.226925
1,2026-08-19 23:00:00+00:00,tt_bsd,34.0,34.63054
1,2026-08-19 23:00:00+00:00,tt_cawang,26.0,40.77479
1,2026-08-19 23:00:00+00:00,tt_depok,31.0,32.0246
1,2026-08-19 23:00:00+00:00,tt_gatsu,45.0,43.004562
1,2026-08-19 23:00:00+00:00,tt_grogol,35.0,38.116653
1,2026-08-19 23:00:00+00:00,tt_kebonjeruk,30.0,33.509544
1,2026-08-19 23:00:00+00:00,tt_kelapagading,29.0,28.611279
1,2026-08-19 23:00:00+00:00,tt_kuningan,21.0,22.734575
1,2026-08-19 23:00:00+00:00,tt_sudirman,39.0,37.879395
1,2026-08-19 23:00:00+00:00,tt_tangerang,48.0,45.45489
1,2026-08-19 23:00:00+00:00,tt_tbsimatupang,72.0,63.644592
1,2026-08-19 23:00:00+00:00,tt_thamrin,20.0,22.130363
1,2026-08-20 01:00:00+00:00,tt_bekasi,18.0,18.158657
1,2026-08-20 01:00:00+00:00,tt_bogor,35.0,34.425934
1,2026-08-20 01:00:00+00:00,tt_bsd,29.0,34.14313
1,2026-08-20 01:00:00+00:00,tt_cawang,14.0,29.617945
1,2026-08-20 01:00:00+00:00,tt_depok,31.0,30.312626
1,2026-08-20 01:00:00+00:00,tt_gatsu,37.0,42.77467
1,2026-08-20 01:00:00+00:00,tt_grogol,30.0,34.059433
1,2026-08-20 01:00:00+00:00,tt_kebonjeruk,26.0,29.91259
1,2026-08-20 01:00:00+00:00,tt_kelapagading,29.0,29.17198
1,2026-08-20 01:00:00+00:00,tt_kuningan,21.0,22.042236
1,2026-08-20 01:00:00+00:00,tt_sudirman,27.0,38.25102
1,2026-08-20 01:00:00+00:00,tt_tangerang,36.0,45.499855
1,2026-08-20 01:00:00+00:00,tt_tbsimatupang,18.0,63.084244
1,2026-08-20 01:00:00+00:00,tt_thamrin,18.0,20.689533
1,2026-08-20 02:00:00+00:00,tt_bekasi,18.0,17.983871
1,2026-08-20 02:00:00+00:00,tt_bogor,40.0,33.11846
1,2026-08-20 02:00:00+00:00,tt_bsd,34.0,29.654247
1,2026-08-20 02:00:00+00:00,tt_cawang,18.0,23.739172
1,2026-08-20 02:00:00+00:00,tt_depok,31.0,29.166212
1,2026-08-20 02:00:00+00:00,tt_gatsu,45.0,38.802795
1,2026-08-20 02:00:00+00:00,tt_grogol,30.0,31.32516
1,2026-08-20 02:00:00+00:00,tt_kebonjeruk,26.0,27.296839
1,2026-08-20 02:00:00+00:00,tt_kelapagading,25.0,29.810223
1,2026-08-20 02:00:00+00:00,tt_kuningan,21.0,20.596241
1,2026-08-20 02:00:00+00:00,tt_sudirman,25.0,33.46273
1,2026-08-20 02:00:00+00:00,tt_tangerang,48.0,38.969414
1,2026-08-20 02:00:00+00:00,tt_tbsimatupang,21.0,39.54958
1,2026-08-20 02:00:00+00:00,tt_thamrin,18.0,19.529816
1,2026-08-20 04:00:00+00:00,tt_bekasi,15.0,18.146664
1,2026-08-20 04:00:00+00:00,tt_bogor,35.0,37.186127
1,2026-08-20 04:00:00+00:00,tt_bsd,34.0,30.853891
1,2026-08-20 04:00:00+00:00,tt_cawang,20.0,20.607918
1,2026-08-20 04:00:00+00:00,tt_depok,27.0,29.173887
1,2026-08-20 04:00:00+00:00,tt_gatsu,45.0,43.42592
1,2026-08-20 04:00:00+00:00,tt_grogol,25.0,29.43278
1,2026-08-20 04:00:00+00:00,tt_kebonjeruk,25.0,25.785038
1,2026-08-20 04:00:00+00:00,tt_kelapagading,22.0,28.071613
1,2026-08-20 04:00:00+00:00,tt_kuningan,21.0,20.345547
1,2026-08-20 04:00:00+00:00,tt_sudirman,26.0,28.853987
1,2026-08-20 04:00:00+00:00,tt_tangerang,48.0,45.23507
1,2026-08-20 04:00:00+00:00,tt_tbsimatupang,45.0,31.827099
1,2026-08-20 04:00:00+00:00,tt_thamrin,13.0,18.734312
1,2026-08-20 06:00:00+00:00,tt_bekasi,15.0,16.663277
1,2026-08-20 06:00:00+00:00,tt_bogor,39.0,35.402615
1,2026-08-20 06:00:00+00:00,tt_bsd,34.0,32.59577
1,2026-08-20 06:00:00+00:00,tt_cawang,28.0,20.675938
1,2026-08-20 06:00:00+00:00,tt_depok,29.0,27.252853
1,2026-08-20 06:00:00+00:00,tt_gatsu,28.0,45.42306
1,2026-08-20 06:00:00+00:00,tt_grogol,29.0,26.287706
1,2026-08-20 06:00:00+00:00,tt_kebonjeruk,25.0,24.79206
1,2026-08-20 06:00:00+00:00,tt_kelapagading,20.0,26.193157
1,2026-08-20 06:00:00+00:00,tt_kuningan,15.999999,20.854675
1,2026-08-20 06:00:00+00:00,tt_sudirman,21.0,28.361656
1,2026-08-20 06:00:00+00:00,tt_tangerang,38.0,46.775215
1,2026-08-20 06:00:00+00:00,tt_tbsimatupang,27.0,43.258667
1,2026-08-20 06:00:00+00:00,tt_thamrin,12.0,16.133053
1,2026-08-20 07:00:00+00:00,tt_bekasi,15.999999,16.268383
1,2026-08-20 07:00:00+00:00,tt_bogor,36.0,37.14491
1,2026-08-20 07:00:00+00:00,tt_bsd,34.0,32.254772
1,2026-08-20 07:00:00+00:00,tt_cawang,21.0,24.262836
1,2026-08-20 07:00:00+00:00,tt_depok,26.0,27.539455
1,2026-08-20 07:00:00+00:00,tt_gatsu,20.0,38.83351
1,2026-08-20 07:00:00+00:00,tt_grogol,29.0,27.525368
1,2026-08-20 07:00:00+00:00,tt_kebonjeruk,22.0,24.550665
1,2026-08-20 07:00:00+00:00,tt_kelapagading,20.0,25.098309
1,2026-08-20 07:00:00+00:00,tt_kuningan,21.0,18.96334
1,2026-08-20 07:00:00+00:00,tt_sudirman,20.0,26.422413
1,2026-08-20 07:00:00+00:00,tt_tangerang,37.0,41.783325
1,2026-08-20 07:00:00+00:00,tt_tbsimatupang,49.0,36.68116
1,2026-08-20 07:00:00+00:00,tt_thamrin,12.0,15.310699
1,2026-08-20 09:00:00+00:00,tt_bekasi,14.0,16.47245
1,2026-08-20 09:00:00+00:00,tt_bogor,34.0,36.412548
1,2026-08-20 09:00:00+00:00,tt_bsd,28.0,32.381985
1,2026-08-20 09:00:00+00:00,tt_cawang,30.0,22.466497
1,2026-08-20 09:00:00+00:00,tt_depok,26.0,26.539719
1,2026-08-20 09:00:00+00:00,tt_gatsu,32.0,30.749844
1,2026-08-20 09:00:00+00:00,tt_grogol,31.0,29.106104
1,2026-08-20 09:00:00+00:00,tt_kebonjeruk,21.0,22.891602
1,2026-08-20 09:00:00+00:00,tt_kelapagading,21.0,24.325176
1,2026-08-20 09:00:00+00:00,tt_kuningan,13.0,20.444626
1,2026-08-20 09:00:00+00:00,tt_sudirman,23.0,24.464336
1,2026-08-20 09:00:00+00:00,tt_tangerang,34.0,38.64798
1,2026-08-20 09:00:00+00:00,tt_tbsimatupang,47.0,47.376926
1,2026-08-20 09:00:00+00:00,tt_thamrin,18.0,14.678268
1,2026-08-20 11:00:00+00:00,tt_bekasi,18.0,16.028856
1,2026-08-20 11:00:00+00:00,tt_bogor,35.0,34.600983
1,2026-08-20 11:00:00+00:00,tt_bsd,34.0,28.478397
1,2026-08-20 11:00:00+00:00,tt_cawang,33.0,28.506207
1,2026-08-20 11:00:00+00:00,tt_depok,26.0,26.307308
1,2026-08-20 11:00:00+00:00,tt_gatsu,7.0,34.329273
1,2026-08-20 11:00:00+00:00,tt_grogol,29.0,31.228148
1,2026-08-20 11:00:00+00:00,tt_kebonjeruk,18.0,21.947647
1,2026-08-20 11:00:00+00:00,tt_kelapagading,21.0,24.291328
1,2026-08-20 11:00:00+00:00,tt_kuningan,15.999999,17.41359
1,2026-08-20 11:00:00+00:00,tt_sudirman,12.0,25.341349
1,2026-08-20 11:00:00+00:00,tt_tangerang,35.0,36.29592
1,2026-08-20 11:00:00+00:00,tt_tbsimatupang,24.0,47.881557
1,2026-08-20 11:00:00+00:00,tt_thamrin,10.0,17.619732
1,2026-08-20 12:00:00+00:00,tt_bekasi,14.0,17.099247
1,2026-08-20 12:00:00+00:00,tt_bogor,37.0,34.830723
1,2026-08-20 12:00:00+00:00,tt_bsd,34.0,30.70465
1,2026-08-20 12:00:00+00:00,tt_cawang,43.0,31.91136
1,2026-08-20 12:00:00+00:00,tt_depok,24.0,25.79934
1,2026-08-20 12:00:00+00:00,tt_gatsu,10.0,27.54366
1,2026-08-20 12:00:00+00:00,tt_grogol,32.0,31.140505
1,2026-08-20 12:00:00+00:00,tt_kebonjeruk,23.0,20.66571
1,2026-08-20 12:00:00+00:00,tt_kelapagading,21.0,24.260223
1,2026-08-20 12:00:00+00:00,tt_kuningan,13.0,17.28217
1,2026-08-20 12:00:00+00:00,tt_sudirman,22.0,21.433573
1,2026-08-20 12:00:00+00:00,tt_tangerang,48.0,36.356377
1,2026-08-20 12:00:00+00:00,tt_tbsimatupang,40.0,38.34552
1,2026-08-20 12:00:00+00:00,tt_thamrin,9.0,15.528603
1,2026-08-20 14:00:00+00:00,tt_bekasi,18.0,16.168892
1,2026-08-20 14:00:00+00:00,tt_bogor,38.0,36.111618
1,2026-08-20 14:00:00+00:00,tt_bsd,27.0,32.8313
1,2026-08-20 14:00:00+00:00,tt_cawang,32.0,42.10314
1,2026-08-20 14:00:00+00:00,tt_depok,31.0,25.153183
1,2026-08-20 14:00:00+00:00,tt_gatsu,45.0,21.822882
1,2026-08-20 14:00:00+00:00,tt_grogol,40.0,32.675404
1,2026-08-20 14:00:00+00:00,tt_kebonjeruk,28.0,22.542141
1,2026-08-20 14:00:00+00:00,tt_kelapagading,29.0,23.763077
1,2026-08-20 14:00:00+00:00,tt_kuningan,15.999999,15.972217
1,2026-08-20 14:00:00+00:00,tt_sudirman,39.0,23.890923
1,2026-08-20 14:00:00+00:00,tt_tangerang,48.0,45.989685
1,2026-08-20 14:00:00+00:00,tt_tbsimatupang,59.0,41.1482
1,2026-08-20 14:00:00+00:00,tt_thamrin,13.0,13.676886
1,2026-08-20 16:00:00+00:00,tt_bekasi,15.0,18.777584
1,2026-08-20 16:00:00+00:00,tt_bogor,45.0,37.06493
1,2026-08-20 16:00:00+00:00,tt_bsd,34.0,29.881203
1,2026-08-20 16:00:00+00:00,tt_cawang,43.0,36.477753
1,2026-08-20 16:00:00+00:00,tt_depok,31.0,29.486515
1,2026-08-20 16:00:00+00:00,tt_gatsu,45.0,39.900925
1,2026-08-20 16:00:00+00:00,tt_grogol,40.0,38.498245
1,2026-08-20 16:00:00+00:00,tt_kebonjeruk,35.0,26.079964
1,2026-08-20 16:00:00+00:00,tt_kelapagading,29.0,28.556517
1,2026-08-20 16:00:00+00:00,tt_kuningan,21.0,18.437313
1,2026-08-20 16:00:00+00:00,tt_sudirman,39.0,36.104107
1,2026-08-20 16:00:00+00:00,tt_tangerang,48.0,47.696106
1,2026-08-20 16:00:00+00:00,tt_tbsimatupang,72.0,55.86612
1,2026-08-20 16:00:00+00:00,tt_thamrin,22.0,15.307306
1,2026-08-20 17:00:00+00:00,tt_bekasi,18.0,18.384201
1,2026-08-20 17:00:00+00:00,tt_bogor,45.0,40.627842
1,2026-08-20 17:00:00+00:00,tt_bsd,34.0,32.82902
1,2026-08-20 17:00:00+00:00,tt_cawang,43.0,40.291965
1,2026-08-20 17:00:00+00:00,tt_depok,31.0,31.475298
1,2026-08-20 17:00:00+00:00,tt_gatsu,45.0,42.705223
1,2026-08-20 17:00:00+00:00,tt_grogol,40.0,39.415073
1,2026-08-20 17:00:00+00:00,tt_kebonjeruk,35.0,29.747425
1,2026-08-20 17:00:00+00:00,tt_kelapagading,29.0,29.101812
1,2026-08-20 17:00:00+00:00,tt_kuningan,21.0,21.238106
1,2026-08-20 17:00:00+00:00,tt_sudirman,39.0,37.914825
1,2026-08-20 17:00:00+00:00,tt_tangerang,48.0,47.85211
1,2026-08-20 17:00:00+00:00,tt_tbsimatupang,72.0,63.14704
1,2026-08-20 17:00:00+00:00,tt_thamrin,22.0,18.71405
1,2026-08-20 19:00:00+00:00,tt_bekasi,18.0,19.372684
1,2026-08-20 19:00:00+00:00,tt_bogor,45.0,42.477337
1,2026-08-20 19:00:00+00:00,tt_bsd,34.0,35.108063
1,2026-08-20 19:00:00+00:00,tt_cawang,43.0,42.511757
1,2026-08-20 19:00:00+00:00,tt_depok,31.0,32.623062
1,2026-08-20 19:00:00+00:00,tt_gatsu,45.0,43.677048
1,2026-08-20 19:00:00+00:00,tt_grogol,40.0,39.272533
1,2026-08-20 19:00:00+00:00,tt_kebonjeruk,35.0,32.817764
1,2026-08-20 19:00:00+00:00,tt_kelapagading,29.0,29.189785
1,2026-08-20 19:00:00+00:00,tt_kuningan,21.0,22.897808
1,2026-08-20 19:00:00+00:00,tt_sudirman,39.0,38.763054
1,2026-08-20 19:00:00+00:00,tt_tangerang,48.0,47.09909
1,2026-08-20 19:00:00+00:00,tt_tbsimatupang,72.0,65.398155
1,2026-08-20 19:00:00+00:00,tt_thamrin,22.0,21.170574
1,2026-08-20 21:00:00+00:00,tt_bekasi,18.0,19.427261
1,2026-08-20 21:00:00+00:00,tt_bogor,45.0,42.01669
1,2026-08-20 21:00:00+00:00,tt_bsd,34.0,35.12953
1,2026-08-20 21:00:00+00:00,tt_cawang,43.0,41.969406
1,2026-08-20 21:00:00+00:00,tt_depok,31.0,32.475273
1,2026-08-20 21:00:00+00:00,tt_gatsu,45.0,43.378532
1,2026-08-20 21:00:00+00:00,tt_grogol,40.0,38.544853
1,2026-08-20 21:00:00+00:00,tt_kebonjeruk,35.0,33.37786
1,2026-08-20 21:00:00+00:00,tt_kelapagading,29.0,28.990929
1,2026-08-20 21:00:00+00:00,tt_kuningan,21.0,22.958693
1,2026-08-20 21:00:00+00:00,tt_sudirman,39.0,38.60604
1,2026-08-20 21:00:00+00:00,tt_tangerang,48.0,46.35518
1,2026-08-20 21:00:00+00:00,tt_tbsimatupang,72.0,64.675064
1,2026-08-20 21:00:00+00:00,tt_thamrin,22.0,21.736876
1,2026-08-20 22:00:00+00:00,tt_bekasi,18.0,19.435331
1,2026-08-20 22:00:00+00:00,tt_bogor,45.0,41.74465
1,2026-08-20 22:00:00+00:00,tt_bsd,34.0,34.971504
1,2026-08-20 22:00:00+00:00,tt_cawang,43.0,41.500835
1,2026-08-20 22:00:00+00:00,tt_depok,31.0,32.33448
1,2026-08-20 22:00:00+00:00,tt_gatsu,45.0,43.09618
1,2026-08-20 22:00:00+00:00,tt_grogol,40.0,38.229218
1,2026-08-20 22:00:00+00:00,tt_kebonjeruk,35.0,33.411465
1,2026-08-20 22:00:00+00:00,tt_kelapagading,29.0,28.923752
1,2026-08-20 22:00:00+00:00,tt_kuningan,21.0,22.961643
1,2026-08-20 22:00:00+00:00,tt_sudirman,39.0,38.49993
1,2026-08-20 22:00:00+00:00,tt_tangerang,48.0,46.07143
1,2026-08-20 22:00:00+00:00,tt_tbsimatupang,72.0,64.29289
1,2026-08-20 22:00:00+00:00,tt_thamrin,22.0,21.78992
1,2026-08-21 00:00:00+00:00,tt_bekasi,18.0,19.34348
1,2026-08-21 00:00:00+00:00,tt_bogor,35.0,41.27969
1,2026-08-21 00:00:00+00:00,tt_bsd,29.0,34.60666
1,2026-08-21 00:00:00+00:00,tt_cawang,18.0,40.64295
1,2026-08-21 00:00:00+00:00,tt_depok,25.0,32.09593
1,2026-08-21 00:00:00+00:00,tt_gatsu,45.0,42.78674
1,2026-08-21 00:00:00+00:00,tt_grogol,34.0,37.746128
1,2026-08-21 00:00:00+00:00,tt_kebonjeruk,25.0,33.383133
1,2026-08-21 00:00:00+00:00,tt_kelapagading,26.0,28.793222
1,2026-08-21 00:00:00+00:00,tt_kuningan,21.0,22.824974
1,2026-08-21 00:00:00+00:00,tt_sudirman,31.0,38.35057
1,2026-08-21 00:00:00+00:00,tt_tangerang,37.0,45.66495
1,2026-08-21 00:00:00+00:00,tt_tbsimatupang,32.0,63.735054
1,2026-08-21 00:00:00+00:00,tt_thamrin,22.0,21.846
1,2026-08-21 02:00:00+00:00,tt_bekasi,17.0,18.316093
1,2026-08-21 02:00:00+00:00,tt_bogor,37.0,33.73486
1,2026-08-21 02:00:00+00:00,tt_bsd,28.0,27.986778
1,2026-08-21 02:00:00+00:00,tt_cawang,19.0,25.141699
1,2026-08-21 02:00:00+00:00,tt_depok,26.0,25.09856
1,2026-08-21 02:00:00+00:00,tt_gatsu,45.0,42.880657
1,2026-08-21 02:00:00+00:00,tt_grogol,31.0,33.721275
1,2026-08-21 02:00:00+00:00,tt_kebonjeruk,26.0,26.59745
1,2026-08-21 02:00:00+00:00,tt_kelapagading,29.0,27.521124
1,2026-08-21 02:00:00+00:00,tt_kuningan,21.0,20.48573
1,2026-08-21 02:00:00+00:00,tt_sudirman,23.0,32.947556
1,2026-08-21 02:00:00+00:00,tt_tangerang,37.0,37.341892
1,2026-08-21 02:00:00+00:00,tt_tbsimatupang,37.0,37.68358
1,2026-08-21 02:00:00+00:00,tt_thamrin,22.0,21.472992
1,2026-08-21 03:00:00+00:00,tt_bekasi,15.0,17.96365
1,2026-08-21 03:00:00+00:00,tt_bogor,38.0,34.42497
1,2026-08-21 03:00:00+00:00,tt_bsd,34.0,26.988182
1,2026-08-21 03:00:00+00:00,tt_cawang,21.0,23.014954
1,2026-08-21 03:00:00+00:00,tt_depok,31.0,24.70185
1,2026-08-21 03:00:00+00:00,tt_gatsu,45.0,43.583992
1,2026-08-21 03:00:00+00:00,tt_grogol,27.0,31.994726
1,2026-08-21 03:00:00+00:00,tt_kebonjeruk,24.0,25.729525
1,2026-08-21 03:00:00+00:00,tt_kelapagading,23.0,28.942732
1,2026-08-21 03:00:00+00:00,tt_kuningan,15.999999,20.293972
1,2026-08-21 03:00:00+00:00,tt_sudirman,28.0,29.216286
1,2026-08-21 03:00:00+00:00,tt_tangerang,48.0,36.755142
1,2026-08-21 03:00:00+00:00,tt_tbsimatupang,48.0,38.255394
1,2026-08-21 03:00:00+00:00,tt_thamrin,15.999999,21.529734
1,2026-08-21 05:00:00+00:00,tt_bekasi,15.999999,16.543934
1,2026-08-21 05:00:00+00:00,tt_bogor,45.0,36.25874
1,2026-08-21 05:00:00+00:00,tt_bsd,34.0,31.450268
1,2026-08-21 05:00:00+00:00,tt_cawang,43.0,22.079464
1,2026-08-21 05:00:00+00:00,tt_depok,31.0,28.133633
1,2026-08-21 05:00:00+00:00,tt_gatsu,45.0,44.987495
1,2026-08-21 05:00:00+00:00,tt_grogol,32.0,28.388456
1,2026-08-21 05:00:00+00:00,tt_kebonjeruk,27.0,24.330666
1,2026-08-21 05:00:00+00:00,tt_kelapagading,23.0,26.510818
1,2026-08-21 05:00:00+00:00,tt_kuningan,21.0,18.147694
1,2026-08-21 05:00:00+00:00,tt_sudirman,34.0,29.415998
1,2026-08-21 05:00:00+00:00,tt_tangerang,48.0,45.216484
1,2026-08-21 05:00:00+00:00,tt_tbsimatupang,72.0,46.845894
1,2026-08-21 05:00:00+00:00,tt_thamrin,21.0,18.525055
1,2026-08-21 07:00:00+00:00,tt_bekasi,14.0,17.363317
1,2026-08-21 07:00:00+00:00,tt_bogor,35.0,42.748287
1,2026-08-21 07:00:00+00:00,tt_bsd,34.0,34.385845
1,2026-08-21 07:00:00+00:00,tt_cawang,28.0,36.456516
1,2026-08-21 07:00:00+00:00,tt_depok,25.0,32.11866
1,2026-08-21 07:00:00+00:00,tt_gatsu,36.0,46.14081
1,2026-08-21 07:00:00+00:00,tt_grogol,28.0,30.482126
1,2026-08-21 07:00:00+00:00,tt_kebonjeruk,21.0,25.98661
1,2026-08-21 07:00:00+00:00,tt_kelapagading,20.0,25.450817
1,2026-08-21 07:00:00+00:00,tt_kuningan,21.0,21.952003
1,2026-08-21 07:00:00+00:00,tt_sudirman,18.0,33.422855
1,2026-08-21 07:00:00+00:00,tt_tangerang,39.0,47.25213
1,2026-08-21 07:00:00+00:00,tt_tbsimatupang,52.0,63.71086
1,2026-08-21 07:00:00+00:00,tt_thamrin,18.0,20.634838
1,2026-08-21 08:00:00+00:00,tt_bekasi,15.999999,16.222534
1,2026-08-21 08:00:00+00:00,tt_bogor,34.0,37.0553
1,2026-08-21 08:00:00+00:00,tt_bsd,34.0,33.012875
1,2026-08-21 08:00:00+00:00,tt_cawang,31.0,31.981497
1,2026-08-21 08:00:00+00:00,tt_depok,25.0,28.37007
1,2026-08-21 08:00:00+00:00,tt_gatsu,35.0,40.815815
1,2026-08-21 08:00:00+00:00,tt_grogol,29.0,29.278002
1,2026-08-21 08:00:00+00:00,tt_kebonjeruk,24.0,23.6763
1,2026-08-21 08:00:00+00:00,tt_kelapagading,21.0,24.12547
1,2026-08-21 08:00:00+00:00,tt_kuningan,17.0,21.004896
1,2026-08-21 08:00:00+00:00,tt_sudirman,24.0,28.08591
1,2026-08-21 08:00:00+00:00,tt_tangerang,40.0,42.323395
1,2026-08-21 08:00:00+00:00,tt_tbsimatupang,38.0,54.229507
1,2026-08-21 08:00:00+00:00,tt_thamrin,10.0,19.763931
3,2026-08-18 04:00:00+00:00,tt_bekasi,15.0,17.302578
3,2026-08-18 04:00:00+00:00,tt_bogor,33.0,31.454922
3,2026-08-18 04:00:00+00:00,tt_bsd,28.0,29.90833
3,2026-08-18 04:00:00+00:00,tt_cawang,22.0,25.41871
3,2026-08-18 04:00:00+00:00,tt_depok,31.0,25.31237
3,2026-08-18 04:00:00+00:00,tt_gatsu,32.0,42.171394
3,2026-08-18 04:00:00+00:00,tt_grogol,27.0,28.741446
3,2026-08-18 04:00:00+00:00,tt_kebonjeruk,25.0,28.165678
3,2026-08-18 04:00:00+00:00,tt_kelapagading,29.0,30.93277
3,2026-08-18 04:00:00+00:00,tt_kuningan,15.999999,20.721104
3,2026-08-18 04:00:00+00:00,tt_sudirman,24.0,34.776375
3,2026-08-18 04:00:00+00:00,tt_tangerang,36.0,37.543564
3,2026-08-18 04:00:00+00:00,tt_tbsimatupang,55.0,38.221184
3,2026-08-18 04:00:00+00:00,tt_thamrin,18.0,20.218962
3,2026-08-18 05:00:00+00:00,tt_bekasi,15.0,17.08061
3,2026-08-18 05:00:00+00:00,tt_bogor,38.0,33.118984
3,2026-08-18 05:00:00+00:00,tt_bsd,28.0,30.543697
3,2026-08-18 05:00:00+00:00,tt_cawang,28.0,24.555637
3,2026-08-18 05:00:00+00:00,tt_depok,26.0,26.7327
3,2026-08-18 05:00:00+00:00,tt_gatsu,45.0,38.306538
3,2026-08-18 05:00:00+00:00,tt_grogol,36.0,27.91963
3,2026-08-18 05:00:00+00:00,tt_kebonjeruk,22.0,27.185528
3,2026-08-18 05:00:00+00:00,tt_kelapagading,22.0,31.091698
3,2026-08-18 05:00:00+00:00,tt_kuningan,21.0,20.626823
3,2026-08-18 05:00:00+00:00,tt_sudirman,31.0,32.01975
3,2026-08-18 05:00:00+00:00,tt_tangerang,41.0,42.192398
3,2026-08-18 05:00:00+00:00,tt_tbsimatupang,51.0,34.44488
3,2026-08-18 05:00:00+00:00,tt_thamrin,20.0,19.585766
3,2026-08-18 07:00:00+00:00,tt_bekasi,15.0,16.767612
3,2026-08-18 07:00:00+00:00,tt_bogor,34.0,34.65675
3,2026-08-18 07:00:00+00:00,tt_bsd,30.0,29.964746
3,2026-08-18 07:00:00+00:00,tt_cawang,43.0,24.047306
3,2026-08-18 07:00:00+00:00,tt_depok,31.0,29.191706
3,2026-08-18 07:00:00+00:00,tt_gatsu,45.0,37.010723
3,2026-08-18 07:00:00+00:00,tt_grogol,32.0,27.298416
3,2026-08-18 07:00:00+00:00,tt_kebonjeruk,25.0,26.050812
3,2026-08-18 07:00:00+00:00,tt_kelapagading,22.0,31.868128
3,2026-08-18 07:00:00+00:00,tt_kuningan,15.0,19.88313
3,2026-08-18 07:00:00+00:00,tt_sudirman,28.0,30.029768
3,2026-08-18 07:00:00+00:00,tt_tangerang,38.0,40.30479
3,2026-08-18 07:00:00+00:00,tt_tbsimatupang,57.0,44.89831
3,2026-08-18 07:00:00+00:00,tt_thamrin,22.0,19.580261
3,2026-08-18 09:00:00+00:00,tt_bekasi,14.0,16.747404
3,2026-08-18 09:00:00+00:00,tt_bogor,35.0,37.046375
3,2026-08-18 09:00:00+00:00,tt_bsd,28.0,28.877474
3,2026-08-18 09:00:00+00:00,tt_cawang,29.0,26.602022
3,2026-08-18 09:00:00+00:00,tt_depok,24.0,27.9926
3,2026-08-18 09:00:00+00:00,tt_gatsu,45.0,44.82256
3,2026-08-18 09:00:00+00:00,tt_grogol,32.0,33.115597
3,2026-08-18 09:00:00+00:00,tt_kebonjeruk,23.0,24.34738
3,2026-08-18 09:00:00+00:00,tt_kelapagading,23.0,29.479546
3,2026-08-18 09:00:00+00:00,tt_kuningan,21.0,21.811234
3,2026-08-18 09:00:00+00:00,tt_sudirman,31.0,32.29519
3,2026-08-18 09:00:00+00:00,tt_tangerang,38.0,41.927467
3,2026-08-18 09:00:00+00:00,tt_tbsimatupang,43.0,49.79361
3,2026-08-18 09:00:00+00:00,tt_thamrin,22.0,20.74017
3,2026-08-18 10:00:00+00:00,tt_bekasi,14.0,17.023754
3,2026-08-18 10:00:00+00:00,tt_bogor,35.0,36.301994
3,2026-08-18 10:00:00+00:00,tt_bsd,34.0,29.22554
3,2026-08-18 10:00:00+00:00,tt_cawang,30.0,33.35721
3,2026-08-18 10:00:00+00:00,tt_depok,25.0,29.426659
3,2026-08-18 10:00:00+00:00,tt_gatsu,3.999998,46.061058
3,2026-08-18 10:00:00+00:00,tt_grogol,31.0,32.670185
3,2026-08-18 10:00:00+00:00,tt_kebonjeruk,21.0,24.73601
3,2026-08-18 10:00:00+00:00,tt_kelapagading,21.0,28.797348
3,2026-08-18 10:00:00+00:00,tt_kuningan,14.0,20.764912
3,2026-08-18 10:00:00+00:00,tt_sudirman,23.0,31.725628
3,2026-08-18 10:00:00+00:00,tt_tangerang,34.0,41.06922
3,2026-08-18 10:00:00+00:00,tt_tbsimatupang,44.0,52.851585
3,2026-08-18 10:00:00+00:00,tt_thamrin,22.0,21.653997
3,2026-08-18 12:00:00+00:00,tt_bekasi,14.0,16.498743
3,2026-08-18 12:00:00+00:00,tt_bogor,35.0,34.645042
3,2026-08-18 12:00:00+00:00,tt_bsd,34.0,28.443739
3,2026-08-18 12:00:00+00:00,tt_cawang,34.0,33.87353
3,2026-08-18 12:00:00+00:00,tt_depok,26.0,27.552982
3,2026-08-18 12:00:00+00:00,tt_gatsu,45.0,46.455254
3,2026-08-18 12:00:00+00:00,tt_grogol,32.0,32.62723
3,2026-08-18 12:00:00+00:00,tt_kebonjeruk,25.0,24.303862
3,2026-08-18 12:00:00+00:00,tt_kelapagading,22.0,27.935104
3,2026-08-18 12:00:00+00:00,tt_kuningan,13.0,20.771095
3,2026-08-18 12:00:00+00:00,tt_sudirman,29.0,31.722092
3,2026-08-18 12:00:00+00:00,tt_tangerang,48.0,40.58075
3,2026-08-18 12:00:00+00:00,tt_tbsimatupang,72.0,47.3503
3,2026-08-18 12:00:00+00:00,tt_thamrin,17.0,22.671663
3,2026-08-18 14:00:00+00:00,tt_bekasi,15.999999,16.06576
3,2026-08-18 14:00:00+00:00,tt_bogor,45.0,34.53941
3,2026-08-18 14:00:00+00:00,tt_bsd,34.0,31.334808
3,2026-08-18 14:00:00+00:00,tt_cawang,32.0,32.91465
3,2026-08-18 14:00:00+00:00,tt_depok,26.0,26.330833
3,2026-08-18 14:00:00+00:00,tt_gatsu,45.0,31.521585
3,2026-08-18 14:00:00+00:00,tt_grogol,40.0,32.28463
3,2026-08-18 14:00:00+00:00,tt_kebonjeruk,31.0,22.77225
3,2026-08-18 14:00:00+00:00,tt_kelapagading,29.0,26.457567
3,2026-08-18 14:00:00+00:00,tt_kuningan,15.999999,17.712603
3,2026-08-18 14:00:00+00:00,tt_sudirman,30.0,28.824286
3,2026-08-18 14:00:00+00:00,tt_tangerang,48.0,38.325733
3,2026-08-18 14:00:00+00:00,tt_tbsimatupang,72.0,45.27668
3,2026-08-18 14:00:00+00:00,tt_thamrin,22.0,23.524181
3,2026-08-18 15:00:00+00:00,tt_bekasi,15.999999,16.572157
3,2026-08-18 15:00:00+00:00,tt_bogor,45.0,35.01685
3,2026-08-18 15:00:00+00:00,tt_bsd,34.0,32.849766
3,2026-08-18 15:00:00+00:00,tt_cawang,43.0,35.036007
3,2026-08-18 15:00:00+00:00,tt_depok,31.0,27.123802
3,2026-08-18 15:00:00+00:00,tt_gatsu,45.0,40.28463
3,2026-08-18 15:00:00+00:00,tt_grogol,40.0,32.988483
3,2026-08-18 15:00:00+00:00,tt_kebonjeruk,35.0,23.8386
3,2026-08-18 15:00:00+00:00,tt_kelapagading,29.0,26.187424
3,2026-08-18 15:00:00+00:00,tt_kuningan,21.0,18.170086
3,2026-08-18 15:00:00+00:00,tt_sudirman,39.0,30.205536
3,2026-08-18 15:00:00+00:00,tt_tangerang,48.0,43.560177
3,2026-08-18 15:00:00+00:00,tt_tbsimatupang,72.0,57.642197
3,2026-08-18 15:00:00+00:00,tt_thamrin,22.0,22.285965
3,2026-08-18 17:00:00+00:00,tt_bekasi,17.0,17.329342
3,2026-08-18 17:00:00+00:00,tt_bogor,45.0,38.259167
3,2026-08-18 17:00:00+00:00,tt_bsd,34.0,33.178883
3,2026-08-18 17:00:00+00:00,tt_cawang,43.0,35.715183
3,2026-08-18 17:00:00+00:00,tt_depok,31.0,27.133524
3,2026-08-18 17:00:00+00:00,tt_gatsu,45.0,44.561295
3,2026-08-18 17:00:00+00:00,tt_grogol,40.0,36.551247
3,2026-08-18 17:00:00+00:00,tt_kebonjeruk,35.0,26.665749
3,2026-08-18 17:00:00+00:00,tt_kelapagading,29.0,27.760342
3,2026-08-18 17:00:00+00:00,tt_kuningan,21.0,18.583961
3,2026-08-18 17:00:00+00:00,tt_sudirman,39.0,31.380835
3,2026-08-18 17:00:00+00:00,tt_tangerang,48.0,46.798306
3,2026-08-18 17:00:00+00:00,tt_tbsimatupang,72.0,62.18515
3,2026-08-18 17:00:00+00:00,tt_thamrin,22.0,22.886644
3,2026-08-18 19:00:00+00:00,tt_bekasi,17.0,17.97845
3,2026-08-18 19:00:00+00:00,tt_bogor,45.0,40.04991
3,2026-08-18 19:00:00+00:00,tt_bsd,34.0,32.60387
3,2026-08-18 19:00:00+00:00,tt_cawang,43.0,40.96209
3,2026-08-18 19:00:00+00:00,tt_depok,31.0,29.15487
3,2026-08-18 19:00:00+00:00,tt_gatsu,45.0,44.803055
3,2026-08-18 19:00:00+00:00,tt_grogol,40.0,38.50978
3,2026-08-18 19:00:00+00:00,tt_kebonjeruk,35.0,30.86571
3,2026-08-18 19:00:00+00:00,tt_kelapagading,29.0,28.934032
3,2026-08-18 19:00:00+00:00,tt_kuningan,21.0,21.543339
3,2026-08-18 19:00:00+00:00,tt_sudirman,39.0,36.98733
3,2026-08-18 19:00:00+00:00,tt_tangerang,48.0,46.00657
3,2026-08-18 19:00:00+00:00,tt_tbsimatupang,72.0,61.29228
3,2026-08-18 19:00:00+00:00,tt_thamrin,22.0,23.552338
3,2026-08-18 20:00:00+00:00,tt_bekasi,17.0,18.339653
3,2026-08-18 20:00:00+00:00,tt_bogor,45.0,39.645252
3,2026-08-18 20:00:00+00:00,tt_bsd,34.0,32.256786
3,2026-08-18 20:00:00+00:00,tt_cawang,43.0,41.119358
3,2026-08-18 20:00:00+00:00,tt_depok,31.0,29.306303
3,2026-08-18 20:00:00+00:00,tt_gatsu,45.0,44.140755
3,2026-08-18 20:00:00+00:00,tt_grogol,40.0,38.233128
3,2026-08-18 20:00:00+00:00,tt_kebonjeruk,35.0,31.600544
3,2026-08-18 20:00:00+00:00,tt_kelapagading,29.0,29.25136
3,2026-08-18 20:00:00+00:00,tt_kuningan,21.0,21.975964
3,2026-08-18 20:00:00+00:00,tt_sudirman,39.0,37.682766
3,2026-08-18 20:00:00+00:00,tt_tangerang,48.0,45.37459
3,2026-08-18 20:00:00+00:00,tt_tbsimatupang,72.0,60.46695
3,2026-08-18 20:00:00+00:00,tt_thamrin,22.0,23.449005
3,2026-08-18 22:00:00+00:00,tt_bekasi,17.0,18.592754
3,2026-08-18 22:00:00+00:00,tt_bogor,45.0,38.814964
3,2026-08-18 22:00:00+00:00,tt_bsd,34.0,31.710377
3,2026-08-18 22:00:00+00:00,tt_cawang,43.0,40.07451
3,2026-08-18 22:00:00+00:00,tt_depok,31.0,29.13983
3,2026-08-18 22:00:00+00:00,tt_gatsu,45.0,42.817997
3,2026-08-18 22:00:00+00:00,tt_grogol,40.0,37.499817
3,2026-08-18 22:00:00+00:00,tt_kebonjeruk,35.0,32.13254
3,2026-08-18 22:00:00+00:00,tt_kelapagading,29.0,29.555151
3,2026-08-18 22:00:00+00:00,tt_kuningan,21.0,22.362125
3,2026-08-18 22:00:00+00:00,tt_sudirman,39.0,38.082264
3,2026-08-18 22:00:00+00:00,tt_tangerang,48.0,44.379074
3,2026-08-18 22:00:00+00:00,tt_tbsimatupang,72.0,59.14265
3,2026-08-18 22:00:00+00:00,tt_thamrin,22.0,23.039806
3,2026-08-19 00:00:00+00:00,tt_bekasi,15.0,18.681866
3,2026-08-19 00:00:00+00:00,tt_bogor,35.0,38.222443
3,2026-08-19 00:00:00+00:00,tt_bsd,29.0,31.349674
3,2026-08-19 00:00:00+00:00,tt_cawang,20.0,39.13789
3,2026-08-19 00:00:00+00:00,tt_depok,31.0,28.926086
3,2026-08-19 00:00:00+00:00,tt_gatsu,45.0,41.69471
3,2026-08-19 00:00:00+00:00,tt_grogol,40.0,36.96452
3,2026-08-19 00:00:00+00:00,tt_kebonjeruk,27.0,32.29773
3,2026-08-19 00:00:00+00:00,tt_kelapagading,29.0,29.659798
3,2026-08-19 00:00:00+00:00,tt_kuningan,21.0,22.491465
3,2026-08-19 00:00:00+00:00,tt_sudirman,39.0,38.120056
3,2026-08-19 00:00:00+00:00,tt_tangerang,48.0,43.723766
3,2026-08-19 00:00:00+00:00,tt_tbsimatupang,39.0,58.147453
3,2026-08-19 00:00:00+00:00,tt_thamrin,19.0,22.647282
3,2026-08-19 01:00:00+00:00,tt_bekasi,15.999999,18.572975
3,2026-08-19 01:00:00+00:00,tt_bogor,37.0,38.002483
3,2026-08-19 01:00:00+00:00,tt_bsd,34.0,31.18751
3,2026-08-19 01:00:00+00:00,tt_cawang,13.0,38.742214
3,2026-08-19 01:00:00+00:00,tt_depok,27.0,28.838137
3,2026-08-19 01:00:00+00:00,tt_gatsu,13.0,41.633595
3,2026-08-19 01:00:00+00:00,tt_grogol,32.0,36.730503
3,2026-08-19 01:00:00+00:00,tt_kebonjeruk,25.0,32.347393
3,2026-08-19 01:00:00+00:00,tt_kelapagading,29.0,29.669678
3,2026-08-19 01:00:00+00:00,tt_kuningan,21.0,22.476196
3,2026-08-19 01:00:00+00:00,tt_sudirman,22.0,38.074757
3,2026-08-19 01:00:00+00:00,tt_tangerang,39.0,43.527126
3,2026-08-19 01:00:00+00:00,tt_tbsimatupang,18.0,57.663097
3,2026-08-19 01:00:00+00:00,tt_thamrin,22.0,22.422592
3,2026-08-19 03:00:00+00:00,tt_bekasi,15.999999,17.407358
3,2026-08-19 03:00:00+00:00,tt_bogor,37.0,32.223763
3,2026-08-19 03:00:00+00:00,tt_bsd,34.0,28.05531
3,2026-08-19 03:00:00+00:00,tt_cawang,20.0,29.981388
3,2026-08-19 03:00:00+00:00,tt_depok,31.0,27.22649
3,2026-08-19 03:00:00+00:00,tt_gatsu,45.0,40.600777
3,2026-08-19 03:00:00+00:00,tt_grogol,31.0,36.372032
3,2026-08-19 03:00:00+00:00,tt_kebonjeruk,23.0,29.484747
3,2026-08-19 03:00:00+00:00,tt_kelapagading,29.0,29.717333
3,2026-08-19 03:00:00+00:00,tt_kuningan,15.999999,21.190712
3,2026-08-19 03:00:00+00:00,tt_sudirman,24.0,37.841698
3,2026-08-19 03:00:00+00:00,tt_tangerang,40.0,42.96958
3,2026-08-19 03:00:00+00:00,tt_tbsimatupang,33.0,43.056538
3,2026-08-19 03:00:00+00:00,tt_thamrin,20.0,21.16774
3,2026-08-19 05:00:00+00:00,tt_bekasi,15.0,17.185865
3,2026-08-19 05:00:00+00:00,tt_bogor,32.0,34.089733
3,2026-08-19 05:00:00+00:00,tt_bsd,34.0,30.26866
3,2026-08-19 05:00:00+00:00,tt_cawang,17.0,22.44871
3,2026-08-19 05:00:00+00:00,tt_depok,31.0,25.790548
3,2026-08-19 05:00:00+00:00,tt_gatsu,45.0,27.50664
3,2026-08-19 05:00:00+00:00,tt_grogol,31.0,32.156902
3,2026-08-19 05:00:00+00:00,tt_kebonjeruk,24.0,26.280922
3,2026-08-19 05:00:00+00:00,tt_kelapagading,21.0,30.56501
3,2026-08-19 05:00:00+00:00,tt_kuningan,17.0,21.056164
3,2026-08-19 05:00:00+00:00,tt_sudirman,27.0,30.479778
3,2026-08-19 05:00:00+00:00,tt_tangerang,40.0,38.53049
3,2026-08-19 05:00:00+00:00,tt_tbsimatupang,43.0,33.2339
3,2026-08-19 05:00:00+00:00,tt_thamrin,17.0,21.664797
3,2026-08-19 06:00:00+00:00,tt_bekasi,18.0,17.610306
3,2026-08-19 06:00:00+00:00,tt_bogor,35.0,35.613544
3,2026-08-19 06:00:00+00:00,tt_bsd,34.0,31.34611
3,2026-08-19 06:00:00+00:00,tt_cawang,19.0,23.22647
3,2026-08-19 06:00:00+00:00,tt_depok,27.0,27.450014
3,2026-08-19 06:00:00+00:00,tt_gatsu,30.0,37.244297
3,2026-08-19 06:00:00+00:00,tt_grogol,27.0,31.715052
3,2026-08-19 06:00:00+00:00,tt_kebonjeruk,21.0,25.16287
3,2026-08-19 06:00:00+00:00,tt_kelapagading,21.0,31.209635
3,2026-08-19 06:00:00+00:00,tt_kuningan,21.0,20.095646
3,2026-08-19 06:00:00+00:00,tt_sudirman,18.0,29.831991
3,2026-08-19 06:00:00+00:00,tt_tangerang,38.0,39.034966
3,2026-08-19 06:00:00+00:00,tt_tbsimatupang,48.0,36.50729
3,2026-08-19 06:00:00+00:00,tt_thamrin,13.0,21.322422
3,2026-08-19 08:00:00+00:00,tt_bekasi,15.0,17.281395
3,2026-08-19 08:00:00+00:00,tt_bogor,34.0,35.354412
3,2026-08-19 08:00:00+00:00,tt_bsd,28.0,32.490463
3,2026-08-19 08:00:00+00:00,tt_cawang,32.0,21.979103
3,2026-08-19 08:00:00+00:00,tt_depok,25.0,29.005013
3,2026-08-19 08:00:00+00:00,tt_gatsu,26.0,43.931145
3,2026-08-19 08:00:00+00:00,tt_grogol,27.0,31.78243
3,2026-08-19 08:00:00+00:00,tt_kebonjeruk,18.0,24.435234
3,2026-08-19 08:00:00+00:00,tt_kelapagading,22.0,30.00616
3,2026-08-19 08:00:00+00:00,tt_kuningan,21.0,19.51095
3,2026-08-19 08:00:00+00:00,tt_sudirman,22.0,29.667086
3,2026-08-19 08:00:00+00:00,tt_tangerang,48.0,39.975014
3,2026-08-19 08:00:00+00:00,tt_tbsimatupang,32.0,41.63283
3,2026-08-19 08:00:00+00:00,tt_thamrin,8.0,20.443913
3,2026-08-19 10:00:00+00:00,tt_bekasi,13.0,18.49205
3,2026-08-19 10:00:00+00:00,tt_bogor,30.0,36.240814
3,2026-08-19 10:00:00+00:00,tt_bsd,34.0,32.65194
3,2026-08-19 10:00:00+00:00,tt_cawang,43.0,21.47694
3,2026-08-19 10:00:00+00:00,tt_depok,23.0,27.96121
3,2026-08-19 10:00:00+00:00,tt_gatsu,23.0,38.411636
3,2026-08-19 10:00:00+00:00,tt_grogol,30.0,30.401167
3,2026-08-19 10:00:00+00:00,tt_kebonjeruk,19.0,22.879768
3,2026-08-19 10:00:00+00:00,tt_kelapagading,22.0,28.741621
3,2026-08-19 10:00:00+00:00,tt_kuningan,15.999999,21.09964
3,2026-08-19 10:00:00+00:00,tt_sudirman,19.0,25.916515
3,2026-08-19 10:00:00+00:00,tt_tangerang,28.0,39.40048
3,2026-08-19 10:00:00+00:00,tt_tbsimatupang,34.0,47.23741
3,2026-08-19 10:00:00+00:00,tt_thamrin,17.0,18.24569
3,2026-08-19 11:00:00+00:00,tt_bekasi,18.0,17.956116
3,2026-08-19 11:00:00+00:00,tt_bogor,33.0,35.9798
3,2026-08-19 11:00:00+00:00,tt_bsd,27.0,30.411737
3,2026-08-19 11:00:00+00:00,tt_cawang,43.0,25.935781
3,2026-08-19 11:00:00+00:00,tt_depok,25.0,26.993671
3,2026-08-19 11:00:00+00:00,tt_gatsu,35.0,36.63143
3,2026-08-19 11:00:00+00:00,tt_grogol,32.0,30.28378
3,2026-08-19 11:00:00+00:00,tt_kebonjeruk,21.0,21.72725
3,2026-08-19 11:00:00+00:00,tt_kelapagading,20.0,28.775837
3,2026-08-19 11:00:00+00:00,tt_kuningan,15.999999,21.495686
3,2026-08-19 11:00:00+00:00,tt_sudirman,15.999999,26.359417
3,2026-08-19 11:00:00+00:00,tt_tangerang,26.0,43.77559
3,2026-08-19 11:00:00+00:00,tt_tbsimatupang,44.0,41.762657
3,2026-08-19 11:00:00+00:00,tt_thamrin,10.0,16.532486
3,2026-08-19 13:00:00+00:00,tt_bekasi,18.0,17.070332
3,2026-08-19 13:00:00+00:00,tt_bogor,45.0,34.35522
3,2026-08-19 13:00:00+00:00,tt_bsd,34.0,31.136818
3,2026-08-19 13:00:00+00:00,tt_cawang,43.0,35.66139
3,2026-08-19 13:00:00+00:00,tt_depok,25.0,25.702583
3,2026-08-19 13:00:00+00:00,tt_gatsu,45.0,33.95627
3,2026-08-19 13:00:00+00:00,tt_grogol,31.0,31.076815
3,2026-08-19 13:00:00+00:00,tt_kebonjeruk,27.0,20.923286
3,2026-08-19 13:00:00+00:00,tt_kelapagading,23.0,28.559755
3,2026-08-19 13:00:00+00:00,tt_kuningan,13.0,20.689903
3,2026-08-19 13:00:00+00:00,tt_sudirman,30.0,25.47592
3,2026-08-19 13:00:00+00:00,tt_tangerang,48.0,39.816105
3,2026-08-19 13:00:00+00:00,tt_tbsimatupang,72.0,38.961575
3,2026-08-19 13:00:00+00:00,tt_thamrin,20.0,17.746264
3,2026-08-19 15:00:00+00:00,tt_bekasi,15.999999,18.740894
3,2026-08-19 15:00:00+00:00,tt_bogor,38.0,34.3129
3,2026-08-19 15:00:00+00:00,tt_bsd,34.0,29.0017
3,2026-08-19 15:00:00+00:00,tt_cawang,32.0,42.016144
3,2026-08-19 15:00:00+00:00,tt_depok,31.0,26.14661
3,2026-08-19 15:00:00+00:00,tt_gatsu,45.0,37.367382
3,2026-08-19 15:00:00+00:00,tt_grogol,40.0,33.310986
3,2026-08-19 15:00:00+00:00,tt_kebonjeruk,31.0,22.023901
3,2026-08-19 15:00:00+00:00,tt_kelapagading,29.0,26.932192
3,2026-08-19 15:00:00+00:00,tt_kuningan,21.0,19.658302
3,2026-08-19 15:00:00+00:00,tt_sudirman,29.0,22.506084
3,2026-08-19 15:00:00+00:00,tt_tangerang,48.0,34.833504
3,2026-08-19 15:00:00+00:00,tt_tbsimatupang,72.0,43.828472
3,2026-08-19 15:00:00+00:00,tt_thamrin,21.0,16.07756
3,2026-08-19 16:00:00+00:00,tt_bekasi,18.0,19.158867
3,2026-08-19 16:00:00+00:00,tt_bogor,45.0,39.066578
3,2026-08-19 16:00:00+00:00,tt_bsd,34.0,32.07573
3,2026-08-19 16:00:00+00:00,tt_cawang,43.0,44.13549
3,2026-08-19 16:00:00+00:00,tt_depok,31.0,26.914288
3,2026-08-19 16:00:00+00:00,tt_gatsu,45.0,42.166832
3,2026-08-19 16:00:00+00:00,tt_grogol,40.0,33.756172
3,2026-08-19 16:00:00+00:00,tt_kebonjeruk,35.0,24.529888
3,2026-08-19 16:00:00+00:00,tt_kelapagading,29.0,27.006554
3,2026-08-19 16:00:00+00:00,tt_kuningan,21.0,19.530111
3,2026-08-19 16:00:00+00:00,tt_sudirman,39.0,26.409039
3,2026-08-19 16:00:00+00:00,tt_tangerang,48.0,42.058628
3,2026-08-19 16:00:00+00:00,tt_tbsimatupang,72.0,56.82753
3,2026-08-19 16:00:00+00:00,tt_thamrin,22.0,18.762974
3,2026-08-19 18:00:00+00:00,tt_bekasi,18.0,18.676033
3,2026-08-19 18:00:00+00:00,tt_bogor,45.0,37.65676
3,2026-08-19 18:00:00+00:00,tt_bsd,34.0,33.396336
3,2026-08-19 18:00:00+00:00,tt_cawang,43.0,40.754864
3,2026-08-19 18:00:00+00:00,tt_depok,31.0,27.97705
3,2026-08-19 18:00:00+00:00,tt_gatsu,45.0,44.27953
3,2026-08-19 18:00:00+00:00,tt_grogol,40.0,37.081078
3,2026-08-19 18:00:00+00:00,tt_kebonjeruk,35.0,27.629997
3,2026-08-19 18:00:00+00:00,tt_kelapagading,29.0,28.156757
3,2026-08-19 18:00:00+00:00,tt_kuningan,21.0,20.73233
3,2026-08-19 18:00:00+00:00,tt_sudirman,39.0,28.79121
3,2026-08-19 18:00:00+00:00,tt_tangerang,44.0,46.576202
3,2026-08-19 18:00:00+00:00,tt_tbsimatupang,72.0,61.35366
3,2026-08-19 18:00:00+00:00,tt_thamrin,22.0,20.859592
3,2026-08-19 20:00:00+00:00,tt_bekasi,18.0,19.44277
3,2026-08-19 20:00:00+00:00,tt_bogor,45.0,39.736126
3,2026-08-19 20:00:00+00:00,tt_bsd,34.0,32.856606
3,2026-08-19 20:00:00+00:00,tt_cawang,43.0,43.465977
3,2026-08-19 20:00:00+00:00,tt_depok,31.0,29.18244
3,2026-08-19 20:00:00+00:00,tt_gatsu,45.0,43.5768
3,2026-08-19 20:00:00+00:00,tt_grogol,40.0,39.00779
3,2026-08-19 20:00:00+00:00,tt_kebonjeruk,35.0,31.561697
3,2026-08-19 20:00:00+00:00,tt_kelapagading,29.0,29.269098
3,2026-08-19 20:00:00+00:00,tt_kuningan,21.0,22.515898
3,2026-08-19 20:00:00+00:00,tt_sudirman,39.0,35.178875
3,2026-08-19 20:00:00+00:00,tt_tangerang,48.0,46.075455
3,2026-08-19 20:00:00+00:00,tt_tbsimatupang,72.0,60.546432
3,2026-08-19 20:00:00+00:00,tt_thamrin,22.0,22.128899
3,2026-08-19 21:00:00+00:00,tt_bekasi,18.0,19.434011
3,2026-08-19 21:00:00+00:00,tt_bogor,45.0,39.3858
3,2026-08-19 21:00:00+00:00,tt_bsd,34.0,32.30598
3,2026-08-19 21:00:00+00:00,tt_cawang,43.0,42.971348
3,2026-08-19 21:00:00+00:00,tt_depok,31.0,29.203732
3,2026-08-19 21:00:00+00:00,tt_gatsu,45.0,43.083706
3,2026-08-19 21:00:00+00:00,tt_grogol,40.0,38.717728
3,2026-08-19 21:00:00+00:00,tt_kebonjeruk,35.0,32.0162
3,2026-08-19 21:00:00+00:00,tt_kelapagading,29.0,29.387014
3,2026-08-19 21:00:00+00:00,tt_kuningan,21.0,22.623829
3,2026-08-19 21:00:00+00:00,tt_sudirman,39.0,36.323288
3,2026-08-19 21:00:00+00:00,tt_tangerang,48.0,43.681828
3,2026-08-19 21:00:00+00:00,tt_tbsimatupang,72.0,59.68946
3,2026-08-19 21:00:00+00:00,tt_thamrin,22.0,22.293758
3,2026-08-19 23:00:00+00:00,tt_bekasi,17.0,19.383942
3,2026-08-19 23:00:00+00:00,tt_bogor,35.0,38.541218
3,2026-08-19 23:00:00+00:00,tt_bsd,34.0,31.861965
3,2026-08-19 23:00:00+00:00,tt_cawang,26.0,41.31361
3,2026-08-19 23:00:00+00:00,tt_depok,31.0,29.015463
3,2026-08-19 23:00:00+00:00,tt_gatsu,45.0,42.216496
3,2026-08-19 23:00:00+00:00,tt_grogol,35.0,38.24168
3,2026-08-19 23:00:00+00:00,tt_kebonjeruk,30.0,32.502224
3,2026-08-19 23:00:00+00:00,tt_kelapagading,29.0,29.385489
3,2026-08-19 23:00:00+00:00,tt_kuningan,21.0,22.547298
3,2026-08-19 23:00:00+00:00,tt_sudirman,39.0,37.224277
3,2026-08-19 23:00:00+00:00,tt_tangerang,48.0,43.499313
3,2026-08-19 23:00:00+00:00,tt_tbsimatupang,72.0,58.41182
3,2026-08-19 23:00:00+00:00,tt_thamrin,20.0,22.407652
3,2026-08-20 01:00:00+00:00,tt_bekasi,18.0,19.376049
3,2026-08-20 01:00:00+00:00,tt_bogor,35.0,38.01857
3,2026-08-20 01:00:00+00:00,tt_bsd,29.0,31.381203
3,2026-08-20 01:00:00+00:00,tt_cawang,14.0,39.592274
3,2026-08-20 01:00:00+00:00,tt_depok,31.0,28.84266
3,2026-08-20 01:00:00+00:00,tt_gatsu,37.0,41.642662
3,2026-08-20 01:00:00+00:00,tt_grogol,30.0,37.487934
3,2026-08-20 01:00:00+00:00,tt_kebonjeruk,26.0,32.604923
3,2026-08-20 01:00:00+00:00,tt_kelapagading,29.0,29.375734
3,2026-08-20 01:00:00+00:00,tt_kuningan,21.0,22.471813
3,2026-08-20 01:00:00+00:00,tt_sudirman,27.0,37.63527
3,2026-08-20 01:00:00+00:00,tt_tangerang,36.0,43.498276
3,2026-08-20 01:00:00+00:00,tt_tbsimatupang,18.0,57.62139
3,2026-08-20 01:00:00+00:00,tt_thamrin,18.0,22.330065
3,2026-08-20 02:00:00+00:00,tt_bekasi,18.0,18.669489
3,2026-08-20 02:00:00+00:00,tt_bogor,40.0,33.14992
3,2026-08-20 02:00:00+00:00,tt_bsd,34.0,31.085932
3,2026-08-20 02:00:00+00:00,tt_cawang,18.0,32.671177
3,2026-08-20 02:00:00+00:00,tt_depok,31.0,28.094965
3,2026-08-20 02:00:00+00:00,tt_gatsu,45.0,41.15316
3,2026-08-20 02:00:00+00:00,tt_grogol,30.0,34.93755
3,2026-08-20 02:00:00+00:00,tt_kebonjeruk,26.0,30.514942
3,2026-08-20 02:00:00+00:00,tt_kelapagading,25.0,29.446898
3,2026-08-20 02:00:00+00:00,tt_kuningan,21.0,22.074379
3,2026-08-20 02:00:00+00:00,tt_sudirman,25.0,37.674953
3,2026-08-20 02:00:00+00:00,tt_tangerang,48.0,43.24878
3,2026-08-20 02:00:00+00:00,tt_tbsimatupang,21.0,56.875843
3,2026-08-20 02:00:00+00:00,tt_thamrin,18.0,21.517231
3,2026-08-20 04:00:00+00:00,tt_bekasi,15.0,18.27135
3,2026-08-20 04:00:00+00:00,tt_bogor,35.0,31.05123
3,2026-08-20 04:00:00+00:00,tt_bsd,34.0,27.486767
3,2026-08-20 04:00:00+00:00,tt_cawang,20.0,25.067734
3,2026-08-20 04:00:00+00:00,tt_depok,27.0,27.311241
3,2026-08-20 04:00:00+00:00,tt_gatsu,45.0,37.48161
3,2026-08-20 04:00:00+00:00,tt_grogol,25.0,31.363241
3,2026-08-20 04:00:00+00:00,tt_kebonjeruk,25.0,27.701778
3,2026-08-20 04:00:00+00:00,tt_kelapagading,22.0,30.080837
3,2026-08-20 04:00:00+00:00,tt_kuningan,21.0,20.8808
3,2026-08-20 04:00:00+00:00,tt_sudirman,26.0,34.485046
3,2026-08-20 04:00:00+00:00,tt_tangerang,48.0,38.161797
3,2026-08-20 04:00:00+00:00,tt_tbsimatupang,45.0,39.07657
3,2026-08-20 04:00:00+00:00,tt_thamrin,13.0,20.118732
3,2026-08-20 06:00:00+00:00,tt_bekasi,15.0,18.444902
3,2026-08-20 06:00:00+00:00,tt_bogor,39.0,36.30731
3,2026-08-20 06:00:00+00:00,tt_bsd,34.0,30.225498
3,2026-08-20 06:00:00+00:00,tt_cawang,28.0,22.565813
3,2026-08-20 06:00:00+00:00,tt_depok,29.0,28.512394
3,2026-08-20 06:00:00+00:00,tt_gatsu,28.0,43.0801
3,2026-08-20 06:00:00+00:00,tt_grogol,29.0,30.171795
3,2026-08-20 06:00:00+00:00,tt_kebonjeruk,25.0,26.496706
3,2026-08-20 06:00:00+00:00,tt_kelapagading,20.0,29.19324
3,2026-08-20 06:00:00+00:00,tt_kuningan,15.999999,20.872616
3,2026-08-20 06:00:00+00:00,tt_sudirman,21.0,31.198387
3,2026-08-20 06:00:00+00:00,tt_tangerang,38.0,44.290207
3,2026-08-20 06:00:00+00:00,tt_tbsimatupang,27.0,34.838497
3,2026-08-20 06:00:00+00:00,tt_thamrin,12.0,19.557667
3,2026-08-20 07:00:00+00:00,tt_bekasi,15.999999,17.597193
3,2026-08-20 07:00:00+00:00,tt_bogor,36.0,36.07089
3,2026-08-20 07:00:00+00:00,tt_bsd,34.0,31.303226
3,2026-08-20 07:00:00+00:00,tt_cawang,21.0,22.45639
3,2026-08-20 07:00:00+00:00,tt_depok,26.0,27.980965
3,2026-08-20 07:00:00+00:00,tt_gatsu,20.0,44.907436
3,2026-08-20 07:00:00+00:00,tt_grogol,29.0,28.549364
3,2026-08-20 07:00:00+00:00,tt_kebonjeruk,22.0,25.891293
3,2026-08-20 07:00:00+00:00,tt_kelapagading,20.0,28.380684
3,2026-08-20 07:00:00+00:00,tt_kuningan,21.0,21.131569
3,2026-08-20 07:00:00+00:00,tt_sudirman,20.0,30.722485
3,2026-08-20 07:00:00+00:00,tt_tangerang,37.0,45.083096
3,2026-08-20 07:00:00+00:00,tt_tbsimatupang,49.0,41.89209
3,2026-08-20 07:00:00+00:00,tt_thamrin,12.0,18.077312
3,2026-08-20 09:00:00+00:00,tt_bekasi,14.0,16.954664
3,2026-08-20 09:00:00+00:00,tt_bogor,34.0,37.74722
3,2026-08-20 09:00:00+00:00,tt_bsd,28.0,31.596703
3,2026-08-20 09:00:00+00:00,tt_cawang,30.0,24.6698
3,2026-08-20 09:00:00+00:00,tt_depok,26.0,28.062206
3,2026-08-20 09:00:00+00:00,tt_gatsu,32.0,40.964607
3,2026-08-20 09:00:00+00:00,tt_grogol,31.0,28.368574
3,2026-08-20 09:00:00+00:00,tt_kebonjeruk,21.0,25.372421
3,2026-08-20 09:00:00+00:00,tt_kelapagading,21.0,27.361069
3,2026-08-20 09:00:00+00:00,tt_kuningan,13.0,19.772337
3,2026-08-20 09:00:00+00:00,tt_sudirman,23.0,28.829826
3,2026-08-20 09:00:00+00:00,tt_tangerang,34.0,42.073006
3,2026-08-20 09:00:00+00:00,tt_tbsimatupang,47.0,39.36308
3,2026-08-20 09:00:00+00:00,tt_thamrin,18.0,16.759958
3,2026-08-20 11:00:00+00:00,tt_bekasi,18.0,17.500675
3,2026-08-20 11:00:00+00:00,tt_bogor,35.0,37.549915
3,2026-08-20 11:00:00+00:00,tt_bsd,34.0,32.14089
3,2026-08-20 11:00:00+00:00,tt_cawang,33.0,23.49556
3,2026-08-20 11:00:00+00:00,tt_depok,26.0,27.319324
3,2026-08-20 11:00:00+00:00,tt_gatsu,7.0,34.917297
3,2026-08-20 11:00:00+00:00,tt_grogol,29.0,29.488174
3,2026-08-20 11:00:00+00:00,tt_kebonjeruk,18.0,23.937706
3,2026-08-20 11:00:00+00:00,tt_kelapagading,21.0,26.765842
3,2026-08-20 11:00:00+00:00,tt_kuningan,15.999999,21.329235
3,2026-08-20 11:00:00+00:00,tt_sudirman,12.0,27.048105
3,2026-08-20 11:00:00+00:00,tt_tangerang,35.0,40.253048
3,2026-08-20 11:00:00+00:00,tt_tbsimatupang,24.0,47.64925
3,2026-08-20 11:00:00+00:00,tt_thamrin,10.0,16.268545
3,2026-08-20 12:00:00+00:00,tt_bekasi,14.0,17.194603
3,2026-08-20 12:00:00+00:00,tt_bogor,37.0,36.701107
3,2026-08-20 12:00:00+00:00,tt_bsd,34.0,29.96902
3,2026-08-20 12:00:00+00:00,tt_cawang,43.0,26.405277
3,2026-08-20 12:00:00+00:00,tt_depok,24.0,27.200222
3,2026-08-20 12:00:00+00:00,tt_gatsu,10.0,36.463028
3,2026-08-20 12:00:00+00:00,tt_grogol,32.0,30.608479
3,2026-08-20 12:00:00+00:00,tt_kebonjeruk,23.0,23.37742
3,2026-08-20 12:00:00+00:00,tt_kelapagading,21.0,26.895546
3,2026-08-20 12:00:00+00:00,tt_kuningan,13.0,19.567684
3,2026-08-20 12:00:00+00:00,tt_sudirman,22.0,27.5234
3,2026-08-20 12:00:00+00:00,tt_tangerang,48.0,38.959084
3,2026-08-20 12:00:00+00:00,tt_tbsimatupang,40.0,48.018112
3,2026-08-20 12:00:00+00:00,tt_thamrin,9.0,18.030144
3,2026-08-20 14:00:00+00:00,tt_bekasi,18.0,18.141094
3,2026-08-20 14:00:00+00:00,tt_bogor,38.0,35.999725
3,2026-08-20 14:00:00+00:00,tt_bsd,27.0,30.827562
3,2026-08-20 14:00:00+00:00,tt_cawang,32.0,30.428867
3,2026-08-20 14:00:00+00:00,tt_depok,31.0,26.54275
3,2026-08-20 14:00:00+00:00,tt_gatsu,45.0,31.03993
3,2026-08-20 14:00:00+00:00,tt_grogol,40.0,31.391237
3,2026-08-20 14:00:00+00:00,tt_kebonjeruk,28.0,21.94001
3,2026-08-20 14:00:00+00:00,tt_kelapagading,29.0,26.552797
3,2026-08-20 14:00:00+00:00,tt_kuningan,15.999999,18.696356
3,2026-08-20 14:00:00+00:00,tt_sudirman,39.0,24.036163
3,2026-08-20 14:00:00+00:00,tt_tangerang,48.0,38.489773
3,2026-08-20 14:00:00+00:00,tt_tbsimatupang,59.0,40.97676
3,2026-08-20 14:00:00+00:00,tt_thamrin,13.0,17.099503
3,2026-08-20 16:00:00+00:00,tt_bekasi,15.0,17.35197
3,2026-08-20 16:00:00+00:00,tt_bogor,45.0,36.993004
3,2026-08-20 16:00:00+00:00,tt_bsd,34.0,32.73268
3,2026-08-20 16:00:00+00:00,tt_cawang,43.0,41.089264
3,2026-08-20 16:00:00+00:00,tt_depok,31.0,25.794155
3,2026-08-20 16:00:00+00:00,tt_gatsu,45.0,25.895735
3,2026-08-20 16:00:00+00:00,tt_grogol,40.0,33.25357
3,2026-08-20 16:00:00+00:00,tt_kebonjeruk,35.0,23.292763
3,2026-08-20 16:00:00+00:00,tt_kelapagading,29.0,25.953135
3,2026-08-20 16:00:00+00:00,tt_kuningan,21.0,17.476345
3,2026-08-20 16:00:00+00:00,tt_sudirman,39.0,25.754787
3,2026-08-20 16:00:00+00:00,tt_tangerang,48.0,46.19915
3,2026-08-20 16:00:00+00:00,tt_tbsimatupang,72.0,43.071293
3,2026-08-20 16:00:00+00:00,tt_thamrin,22.0,15.547585
3,2026-08-20 17:00:00+00:00,tt_bekasi,18.0,18.88837
3,2026-08-20 17:00:00+00:00,tt_bogor,45.0,37.37982
3,2026-08-20 17:00:00+00:00,tt_bsd,34.0,30.997828
3,2026-08-20 17:00:00+00:00,tt_cawang,43.0,39.570744
3,2026-08-20 17:00:00+00:00,tt_depok,31.0,27.718338
3,2026-08-20 17:00:00+00:00,tt_gatsu,45.0,35.7098
3,2026-08-20 17:00:00+00:00,tt_grogol,40.0,37.059525
3,2026-08-20 17:00:00+00:00,tt_kebonjeruk,35.0,25.253914
3,2026-08-20 17:00:00+00:00,tt_kelapagading,29.0,28.271088
3,2026-08-20 17:00:00+00:00,tt_kuningan,21.0,18.985382
3,2026-08-20 17:00:00+00:00,tt_sudirman,39.0,32.613754
3,2026-08-20 17:00:00+00:00,tt_tangerang,48.0,47.044006
3,2026-08-20 17:00:00+00:00,tt_tbsimatupang,72.0,51.775043
3,2026-08-20 17:00:00+00:00,tt_thamrin,22.0,16.526207
3,2026-08-20 19:00:00+00:00,tt_bekasi,18.0,19.006079
3,2026-08-20 19:00:00+00:00,tt_bogor,45.0,40.12768
3,2026-08-20 19:00:00+00:00,tt_bsd,34.0,32.060318
3,2026-08-20 19:00:00+00:00,tt_cawang,43.0,41.985817
3,2026-08-20 19:00:00+00:00,tt_depok,31.0,29.754528
3,2026-08-20 19:00:00+00:00,tt_gatsu,45.0,41.741543
3,2026-08-20 19:00:00+00:00,tt_grogol,40.0,39.736164
3,2026-08-20 19:00:00+00:00,tt_kebonjeruk,35.0,29.384712
3,2026-08-20 19:00:00+00:00,tt_kelapagading,29.0,29.926014
3,2026-08-20 19:00:00+00:00,tt_kuningan,21.0,21.613934
3,2026-08-20 19:00:00+00:00,tt_sudirman,39.0,37.901047
3,2026-08-20 19:00:00+00:00,tt_tangerang,48.0,47.105522
3,2026-08-20 19:00:00+00:00,tt_tbsimatupang,72.0,61.013245
3,2026-08-20 19:00:00+00:00,tt_thamrin,22.0,19.434914
3,2026-08-20 21:00:00+00:00,tt_bekasi,18.0,19.750393
3,2026-08-20 21:00:00+00:00,tt_bogor,45.0,40.258698
3,2026-08-20 21:00:00+00:00,tt_bsd,34.0,32.691856
3,2026-08-20 21:00:00+00:00,tt_cawang,43.0,42.78502
3,2026-08-20 21:00:00+00:00,tt_depok,31.0,29.90488
3,2026-08-20 21:00:00+00:00,tt_gatsu,45.0,41.930634
3,2026-08-20 21:00:00+00:00,tt_grogol,40.0,39.19259
3,2026-08-20 21:00:00+00:00,tt_kebonjeruk,35.0,31.741896
3,2026-08-20 21:00:00+00:00,tt_kelapagading,29.0,30.166826
3,2026-08-20 21:00:00+00:00,tt_kuningan,21.0,22.760715
3,2026-08-20 21:00:00+00:00,tt_sudirman,39.0,38.85843
3,2026-08-20 21:00:00+00:00,tt_tangerang,48.0,45.791046
3,2026-08-20 21:00:00+00:00,tt_tbsimatupang,72.0,61.196404
3,2026-08-20 21:00:00+00:00,tt_thamrin,22.0,21.217009
3,2026-08-20 22:00:00+00:00,tt_bekasi,18.0,19.712627
3,2026-08-20 22:00:00+00:00,tt_bogor,45.0,39.685852
3,2026-08-20 22:00:00+00:00,tt_bsd,34.0,32.417904
3,2026-08-20 22:00:00+00:00,tt_cawang,43.0,42.171997
3,2026-08-20 22:00:00+00:00,tt_depok,31.0,29.695316
3,2026-08-20 22:00:00+00:00,tt_gatsu,45.0,41.876278
3,2026-08-20 22:00:00+00:00,tt_grogol,40.0,38.640926
3,2026-08-20 22:00:00+00:00,tt_kebonjeruk,35.0,32.08361
3,2026-08-20 22:00:00+00:00,tt_kelapagading,29.0,30.095203
3,2026-08-20 22:00:00+00:00,tt_kuningan,21.0,22.780972
3,2026-08-20 22:00:00+00:00,tt_sudirman,39.0,38.87924
3,2026-08-20 22:00:00+00:00,tt_tangerang,48.0,45.21321
3,2026-08-20 22:00:00+00:00,tt_tbsimatupang,72.0,60.32936
3,2026-08-20 22:00:00+00:00,tt_thamrin,22.0,21.524164
3,2026-08-21 00:00:00+00:00,tt_bekasi,18.0,19.622162
3,2026-08-21 00:00:00+00:00,tt_bogor,35.0,38.743153
3,2026-08-21 00:00:00+00:00,tt_bsd,29.0,31.825775
3,2026-08-21 00:00:00+00:00,tt_cawang,18.0,40.71429
3,2026-08-21 00:00:00+00:00,tt_depok,25.0,29.281235
3,2026-08-21 00:00:00+00:00,tt_gatsu,45.0,41.443253
3,2026-08-21 00:00:00+00:00,tt_grogol,34.0,37.677795
3,2026-08-21 00:00:00+00:00,tt_kebonjeruk,25.0,32.324566
3,2026-08-21 00:00:00+00:00,tt_kelapagading,26.0,29.924643
3,2026-08-21 00:00:00+00:00,tt_kuningan,21.0,22.778255
3,2026-08-21 00:00:00+00:00,tt_sudirman,31.0,38.751484
3,2026-08-21 00:00:00+00:00,tt_tangerang,37.0,44.313618
3,2026-08-21 00:00:00+00:00,tt_tbsimatupang,32.0,58.80342
3,2026-08-21 00:00:00+00:00,tt_thamrin,22.0,21.739487
3,2026-08-21 02:00:00+00:00,tt_bekasi,17.0,19.459229
3,2026-08-21 02:00:00+00:00,tt_bogor,37.0,38.097294
3,2026-08-21 02:00:00+00:00,tt_bsd,28.0,31.29043
3,2026-08-21 02:00:00+00:00,tt_cawang,19.0,39.37288
3,2026-08-21 02:00:00+00:00,tt_depok,26.0,28.971596
3,2026-08-21 02:00:00+00:00,tt_gatsu,45.0,41.173653
3,2026-08-21 02:00:00+00:00,tt_grogol,31.0,36.94812
3,2026-08-21 02:00:00+00:00,tt_kebonjeruk,26.0,32.384823
3,2026-08-21 02:00:00+00:00,tt_kelapagading,29.0,29.740793
3,2026-08-21 02:00:00+00:00,tt_kuningan,21.0,22.629265
3,2026-08-21 02:00:00+00:00,tt_sudirman,23.0,38.63981
3,2026-08-21 02:00:00+00:00,tt_tangerang,37.0,43.712387
3,2026-08-21 02:00:00+00:00,tt_tbsimatupang,37.0,57.86771
3,2026-08-21 02:00:00+00:00,tt_thamrin,22.0,21.828152
3,2026-08-21 03:00:00+00:00,tt_bekasi,15.0,18.78101
3,2026-08-21 03:00:00+00:00,tt_bogor,38.0,32.159424
3,2026-08-21 03:00:00+00:00,tt_bsd,34.0,27.601143
3,2026-08-21 03:00:00+00:00,tt_cawang,21.0,29.730345
3,2026-08-21 03:00:00+00:00,tt_depok,31.0,25.315592
3,2026-08-21 03:00:00+00:00,tt_gatsu,45.0,40.36473
3,2026-08-21 03:00:00+00:00,tt_grogol,27.0,34.113445
3,2026-08-21 03:00:00+00:00,tt_kebonjeruk,24.0,28.501602
3,2026-08-21 03:00:00+00:00,tt_kelapagading,23.0,28.83433
3,2026-08-21 03:00:00+00:00,tt_kuningan,15.999999,21.096966
3,2026-08-21 03:00:00+00:00,tt_sudirman,28.0,35.085674
3,2026-08-21 03:00:00+00:00,tt_tangerang,48.0,38.231464
3,2026-08-21 03:00:00+00:00,tt_tbsimatupang,48.0,40.698383
3,2026-08-21 03:00:00+00:00,tt_thamrin,15.999999,21.694878
3,2026-08-21 05:00:00+00:00,tt_bekasi,15.999999,18.220947
3,2026-08-21 05:00:00+00:00,tt_bogor,45.0,33.753468
3,2026-08-21 05:00:00+00:00,tt_bsd,34.0,26.588182
3,2026-08-21 05:00:00+00:00,tt_cawang,43.0,24.504526
3,2026-08-21 05:00:00+00:00,tt_depok,31.0,24.453604
3,2026-08-21 05:00:00+00:00,tt_gatsu,45.0,42.859173
3,2026-08-21 05:00:00+00:00,tt_grogol,32.0,32.279613
3,2026-08-21 05:00:00+00:00,tt_kebonjeruk,27.0,26.416134
3,2026-08-21 05:00:00+00:00,tt_kelapagading,23.0,29.478674
3,2026-08-21 05:00:00+00:00,tt_kuningan,21.0,20.424946
3,2026-08-21 05:00:00+00:00,tt_sudirman,34.0,30.96471
3,2026-08-21 05:00:00+00:00,tt_tangerang,48.0,37.20722
3,2026-08-21 05:00:00+00:00,tt_tbsimatupang,72.0,39.900017
3,2026-08-21 05:00:00+00:00,tt_thamrin,21.0,21.996582
3,2026-08-21 07:00:00+00:00,tt_bekasi,14.0,17.026108
3,2026-08-21 07:00:00+00:00,tt_bogor,35.0,36.36814
3,2026-08-21 07:00:00+00:00,tt_bsd,34.0,30.595655
3,2026-08-21 07:00:00+00:00,tt_cawang,28.0,23.687126
3,2026-08-21 07:00:00+00:00,tt_depok,25.0,27.715471
3,2026-08-21 07:00:00+00:00,tt_gatsu,36.0,45.236137
3,2026-08-21 07:00:00+00:00,tt_grogol,28.0,29.78178
3,2026-08-21 07:00:00+00:00,tt_kebonjeruk,21.0,25.140831
3,2026-08-21 07:00:00+00:00,tt_kelapagading,20.0,27.970778
3,2026-08-21 07:00:00+00:00,tt_kuningan,21.0,18.588375
3,2026-08-21 07:00:00+00:00,tt_sudirman,18.0,30.802738
3,2026-08-21 07:00:00+00:00,tt_tangerang,39.0,44.67096
3,2026-08-21 07:00:00+00:00,tt_tbsimatupang,52.0,47.47077
3,2026-08-21 07:00:00+00:00,tt_thamrin,18.0,19.712803
3,2026-08-21 08:00:00+00:00,tt_bekasi,15.999999,17.55614
3,2026-08-21 08:00:00+00:00,tt_bogor,34.0,40.66904
3,2026-08-21 08:00:00+00:00,tt_bsd,34.0,31.902637
3,2026-08-21 08:00:00+00:00,tt_cawang,31.0,31.642614
3,2026-08-21 08:00:00+00:00,tt_depok,25.0,29.453472
3,2026-08-21 08:00:00+00:00,tt_gatsu,35.0,46.822536
3,2026-08-21 08:00:00+00:00,tt_grogol,29.0,31.030548
3,2026-08-21 08:00:00+00:00,tt_kebonjeruk,24.0,26.045412
3,2026-08-21 08:00:00+00:00,tt_kelapagading,21.0,27.754236
3,2026-08-21 08:00:00+00:00,tt_kuningan,17.0,20.972706
3,2026-08-21 08:00:00+00:00,tt_sudirman,24.0,33.202446
3,2026-08-21 08:00:00+00:00,tt_tangerang,40.0,45.957794
3,2026-08-21 08:00:00+00:00,tt_tbsimatupang,38.0,58.259125
3,2026-08-21 08:00:00+00:00,tt_thamrin,10.0,20.970093
3,2026-08-21 10:00:00+00:00,tt_bekasi,15.0,16.67004
3,2026-08-21 10:00:00+00:00,tt_bogor,32.0,36.175976
3,2026-08-21 10:00:00+00:00,tt_bsd,34.0,31.229368
3,2026-08-21 10:00:00+00:00,tt_cawang,22.0,31.32383
3,2026-08-21 10:00:00+00:00,tt_depok,24.0,27.181456
3,2026-08-21 10:00:00+00:00,tt_gatsu,34.0,42.147133
3,2026-08-21 10:00:00+00:00,tt_grogol,32.0,30.22078
3,2026-08-21 10:00:00+00:00,tt_kebonjeruk,20.0,24.413694
3,2026-08-21 10:00:00+00:00,tt_kelapagading,19.0,26.236948
3,2026-08-21 10:00:00+00:00,tt_kuningan,13.0,20.937061
3,2026-08-21 10:00:00+00:00,tt_sudirman,22.0,30.094513
3,2026-08-21 10:00:00+00:00,tt_tangerang,29.0,42.386093
3,2026-08-21 10:00:00+00:00,tt_tbsimatupang,27.0,52.14531
3,2026-08-21 10:00:00+00:00,tt_thamrin,19.0,20.877476
6,2026-08-18 07:00:00+00:00,tt_bekasi,15.0,17.840904
6,2026-08-18 07:00:00+00:00,tt_bogor,34.0,32.37993
6,2026-08-18 07:00:00+00:00,tt_bsd,30.0,28.947842
6,2026-08-18 07:00:00+00:00,tt_cawang,43.0,27.479183
6,2026-08-18 07:00:00+00:00,tt_depok,31.0,25.963104
6,2026-08-18 07:00:00+00:00,tt_gatsu,45.0,42.34972
6,2026-08-18 07:00:00+00:00,tt_grogol,32.0,30.395342
6,2026-08-18 07:00:00+00:00,tt_kebonjeruk,25.0,28.918863
6,2026-08-18 07:00:00+00:00,tt_kelapagading,22.0,33.92662
6,2026-08-18 07:00:00+00:00,tt_kuningan,15.0,20.814037
6,2026-08-18 07:00:00+00:00,tt_sudirman,28.0,37.274185
6,2026-08-18 07:00:00+00:00,tt_tangerang,38.0,38.504063
6,2026-08-18 07:00:00+00:00,tt_tbsimatupang,57.0,48.85379
6,2026-08-18 07:00:00+00:00,tt_thamrin,22.0,21.115202
6,2026-08-18 09:00:00+00:00,tt_bekasi,14.0,17.75373
6,2026-08-18 09:00:00+00:00,tt_bogor,35.0,35.37339
6,2026-08-18 09:00:00+00:00,tt_bsd,28.0,30.253988
6,2026-08-18 09:00:00+00:00,tt_cawang,29.0,25.55912
6,2026-08-18 09:00:00+00:00,tt_depok,24.0,28.969477
6,2026-08-18 09:00:00+00:00,tt_gatsu,45.0,42.95407
6,2026-08-18 09:00:00+00:00,tt_grogol,32.0,28.25727
6,2026-08-18 09:00:00+00:00,tt_kebonjeruk,23.0,27.318998
6,2026-08-18 09:00:00+00:00,tt_kelapagading,23.0,35.19191
6,2026-08-18 09:00:00+00:00,tt_kuningan,21.0,21.702694
6,2026-08-18 09:00:00+00:00,tt_sudirman,31.0,34.181377
6,2026-08-18 09:00:00+00:00,tt_tangerang,38.0,42.48679
6,2026-08-18 09:00:00+00:00,tt_tbsimatupang,43.0,41.54996
6,2026-08-18 09:00:00+00:00,tt_thamrin,22.0,20.697681
6,2026-08-18 10:00:00+00:00,tt_bekasi,14.0,17.599287
6,2026-08-18 10:00:00+00:00,tt_bogor,35.0,35.09642
6,2026-08-18 10:00:00+00:00,tt_bsd,34.0,29.573196
6,2026-08-18 10:00:00+00:00,tt_cawang,30.0,25.194246
6,2026-08-18 10:00:00+00:00,tt_depok,25.0,29.593319
6,2026-08-18 10:00:00+00:00,tt_gatsu,3.999998,42.38423
6,2026-08-18 10:00:00+00:00,tt_grogol,31.0,28.279575
6,2026-08-18 10:00:00+00:00,tt_kebonjeruk,21.0,26.998596
6,2026-08-18 10:00:00+00:00,tt_kelapagading,21.0,35.930767
6,2026-08-18 10:00:00+00:00,tt_kuningan,14.0,20.948524
6,2026-08-18 10:00:00+00:00,tt_sudirman,23.0,33.27434
6,2026-08-18 10:00:00+00:00,tt_tangerang,34.0,42.08804
6,2026-08-18 10:00:00+00:00,tt_tbsimatupang,44.0,46.359886
6,2026-08-18 10:00:00+00:00,tt_thamrin,22.0,20.911814
6,2026-08-18 12:00:00+00:00,tt_bekasi,14.0,17.46754
6,2026-08-18 12:00:00+00:00,tt_bogor,35.0,35.84953
6,2026-08-18 12:00:00+00:00,tt_bsd,34.0,28.727188
6,2026-08-18 12:00:00+00:00,tt_cawang,34.0,27.249914
6,2026-08-18 12:00:00+00:00,tt_depok,26.0,28.274218
6,2026-08-18 12:00:00+00:00,tt_gatsu,45.0,45.60561
6,2026-08-18 12:00:00+00:00,tt_grogol,32.0,33.06705
6,2026-08-18 12:00:00+00:00,tt_kebonjeruk,25.0,25.244324
6,2026-08-18 12:00:00+00:00,tt_kelapagading,22.0,33.424984
6,2026-08-18 12:00:00+00:00,tt_kuningan,13.0,22.145348
6,2026-08-18 12:00:00+00:00,tt_sudirman,29.0,34.867237
6,2026-08-18 12:00:00+00:00,tt_tangerang,48.0,42.574196
6,2026-08-18 12:00:00+00:00,tt_tbsimatupang,72.0,49.40363
6,2026-08-18 12:00:00+00:00,tt_thamrin,17.0,21.891571
6,2026-08-18 14:00:00+00:00,tt_bekasi,15.999999,17.598557
6,2026-08-18 14:00:00+00:00,tt_bogor,45.0,34.712345
6,2026-08-18 14:00:00+00:00,tt_bsd,34.0,29.28804
6,2026-08-18 14:00:00+00:00,tt_cawang,32.0,36.48573
6,2026-08-18 14:00:00+00:00,tt_depok,26.0,29.827892
6,2026-08-18 14:00:00+00:00,tt_gatsu,45.0,46.773037
6,2026-08-18 14:00:00+00:00,tt_grogol,40.0,33.959553
6,2026-08-18 14:00:00+00:00,tt_kebonjeruk,31.0,25.531929
6,2026-08-18 14:00:00+00:00,tt_kelapagading,29.0,31.206015
6,2026-08-18 14:00:00+00:00,tt_kuningan,15.999999,20.464733
6,2026-08-18 14:00:00+00:00,tt_sudirman,30.0,33.58216
6,2026-08-18 14:00:00+00:00,tt_tangerang,48.0,41.91595
6,2026-08-18 14:00:00+00:00,tt_tbsimatupang,72.0,50.927452
6,2026-08-18 14:00:00+00:00,tt_thamrin,22.0,23.497875
6,2026-08-18 15:00:00+00:00,tt_bekasi,15.999999,17.157059
6,2026-08-18 15:00:00+00:00,tt_bogor,45.0,34.28907
6,2026-08-18 15:00:00+00:00,tt_bsd,34.0,28.627785
6,2026-08-18 15:00:00+00:00,tt_cawang,43.0,35.838615
6,2026-08-18 15:00:00+00:00,tt_depok,31.0,28.178143
6,2026-08-18 15:00:00+00:00,tt_gatsu,45.0,47.408104
6,2026-08-18 15:00:00+00:00,tt_grogol,40.0,34.193535
6,2026-08-18 15:00:00+00:00,tt_kebonjeruk,35.0,25.051003
6,2026-08-18 15:00:00+00:00,tt_kelapagading,29.0,30.65124
6,2026-08-18 15:00:00+00:00,tt_kuningan,21.0,20.979836
6,2026-08-18 15:00:00+00:00,tt_sudirman,39.0,34.040676
6,2026-08-18 15:00:00+00:00,tt_tangerang,48.0,41.790436
6,2026-08-18 15:00:00+00:00,tt_tbsimatupang,72.0,50.034115
6,2026-08-18 15:00:00+00:00,tt_thamrin,22.0,23.99539
6,2026-08-18 17:00:00+00:00,tt_bekasi,17.0,17.413961
6,2026-08-18 17:00:00+00:00,tt_bogor,45.0,34.00894
6,2026-08-18 17:00:00+00:00,tt_bsd,34.0,30.488775
6,2026-08-18 17:00:00+00:00,tt_cawang,43.0,37.3146
6,2026-08-18 17:00:00+00:00,tt_depok,31.0,26.705778
6,2026-08-18 17:00:00+00:00,tt_gatsu,45.0,41.12511
6,2026-08-18 17:00:00+00:00,tt_grogol,40.0,34.78914
6,2026-08-18 17:00:00+00:00,tt_kebonjeruk,35.0,23.712736
6,2026-08-18 17:00:00+00:00,tt_kelapagading,29.0,29.096128
6,2026-08-18 17:00:00+00:00,tt_kuningan,21.0,19.075764
6,2026-08-18 17:00:00+00:00,tt_sudirman,39.0,32.551
6,2026-08-18 17:00:00+00:00,tt_tangerang,48.0,40.256275
6,2026-08-18 17:00:00+00:00,tt_tbsimatupang,72.0,49.039303
6,2026-08-18 17:00:00+00:00,tt_thamrin,22.0,25.216892
6,2026-08-18 19:00:00+00:00,tt_bekasi,17.0,17.622143
6,2026-08-18 19:00:00+00:00,tt_bogor,45.0,33.360664
6,2026-08-18 19:00:00+00:00,tt_bsd,34.0,31.780891
6,2026-08-18 19:00:00+00:00,tt_cawang,43.0,37.94242
6,2026-08-18 19:00:00+00:00,tt_depok,31.0,26.805109
6,2026-08-18 19:00:00+00:00,tt_gatsu,45.0,43.6391
6,2026-08-18 19:00:00+00:00,tt_grogol,40.0,34.76613
6,2026-08-18 19:00:00+00:00,tt_kebonjeruk,35.0,24.596987
6,2026-08-18 19:00:00+00:00,tt_kelapagading,29.0,28.086254
6,2026-08-18 19:00:00+00:00,tt_kuningan,21.0,18.484116
6,2026-08-18 19:00:00+00:00,tt_sudirman,39.0,33.48904
6,2026-08-18 19:00:00+00:00,tt_tangerang,48.0,43.54707
6,2026-08-18 19:00:00+00:00,tt_tbsimatupang,72.0,55.50257
6,2026-08-18 19:00:00+00:00,tt_thamrin,22.0,23.869768
6,2026-08-18 20:00:00+00:00,tt_bekasi,17.0,17.991062
6,2026-08-18 20:00:00+00:00,tt_bogor,45.0,34.392223
6,2026-08-18 20:00:00+00:00,tt_bsd,34.0,31.690903
6,2026-08-18 20:00:00+00:00,tt_cawang,43.0,37.12025
6,2026-08-18 20:00:00+00:00,tt_depok,31.0,26.718264
6,2026-08-18 20:00:00+00:00,tt_gatsu,45.0,44.20538
6,2026-08-18 20:00:00+00:00,tt_grogol,40.0,36.146313
6,2026-08-18 20:00:00+00:00,tt_kebonjeruk,35.0,26.503555
6,2026-08-18 20:00:00+00:00,tt_kelapagading,29.0,29.77601
6,2026-08-18 20:00:00+00:00,tt_kuningan,21.0,18.547478
6,2026-08-18 20:00:00+00:00,tt_sudirman,39.0,33.584564
6,2026-08-18 20:00:00+00:00,tt_tangerang,48.0,43.586376
6,2026-08-18 20:00:00+00:00,tt_tbsimatupang,72.0,55.76725
6,2026-08-18 20:00:00+00:00,tt_thamrin,22.0,24.391275
6,2026-08-18 22:00:00+00:00,tt_bekasi,17.0,18.34039
6,2026-08-18 22:00:00+00:00,tt_bogor,45.0,34.859074
6,2026-08-18 22:00:00+00:00,tt_bsd,34.0,31.142483
6,2026-08-18 22:00:00+00:00,tt_cawang,43.0,38.12159
6,2026-08-18 22:00:00+00:00,tt_depok,31.0,28.577452
6,2026-08-18 22:00:00+00:00,tt_gatsu,45.0,42.890194
6,2026-08-18 22:00:00+00:00,tt_grogol,40.0,36.284706
6,2026-08-18 22:00:00+00:00,tt_kebonjeruk,35.0,29.3769
6,2026-08-18 22:00:00+00:00,tt_kelapagading,29.0,30.443567
6,2026-08-18 22:00:00+00:00,tt_kuningan,21.0,20.47025
6,2026-08-18 22:00:00+00:00,tt_sudirman,39.0,36.26404
6,2026-08-18 22:00:00+00:00,tt_tangerang,48.0,42.411423
6,2026-08-18 22:00:00+00:00,tt_tbsimatupang,72.0,53.993122
6,2026-08-18 22:00:00+00:00,tt_thamrin,22.0,24.410961
6,2026-08-19 00:00:00+00:00,tt_bekasi,15.0,18.720291
6,2026-08-19 00:00:00+00:00,tt_bogor,35.0,34.22443
6,2026-08-19 00:00:00+00:00,tt_bsd,29.0,30.515823
6,2026-08-19 00:00:00+00:00,tt_cawang,20.0,37.425842
6,2026-08-19 00:00:00+00:00,tt_depok,31.0,28.730688
6,2026-08-19 00:00:00+00:00,tt_gatsu,45.0,40.87804
6,2026-08-19 00:00:00+00:00,tt_grogol,40.0,35.324566
6,2026-08-19 00:00:00+00:00,tt_kebonjeruk,27.0,30.322107
6,2026-08-19 00:00:00+00:00,tt_kelapagading,29.0,30.872442
6,2026-08-19 00:00:00+00:00,tt_kuningan,21.0,20.975988
6,2026-08-19 00:00:00+00:00,tt_sudirman,39.0,36.80756
6,2026-08-19 00:00:00+00:00,tt_tangerang,48.0,41.20468
6,2026-08-19 00:00:00+00:00,tt_tbsimatupang,39.0,52.793842
6,2026-08-19 00:00:00+00:00,tt_thamrin,19.0,23.9186
6,2026-08-19 01:00:00+00:00,tt_bekasi,15.999999,18.80669
6,2026-08-19 01:00:00+00:00,tt_bogor,37.0,33.941013
6,2026-08-19 01:00:00+00:00,tt_bsd,34.0,30.260532
6,2026-08-19 01:00:00+00:00,tt_cawang,13.0,36.68967
6,2026-08-19 01:00:00+00:00,tt_depok,27.0,28.640064
6,2026-08-19 01:00:00+00:00,tt_gatsu,13.0,40.058697
6,2026-08-19 01:00:00+00:00,tt_grogol,32.0,34.92987
6,2026-08-19 01:00:00+00:00,tt_kebonjeruk,25.0,30.476007
6,2026-08-19 01:00:00+00:00,tt_kelapagading,29.0,31.00547
6,2026-08-19 01:00:00+00:00,tt_kuningan,21.0,21.139345
6,2026-08-19 01:00:00+00:00,tt_sudirman,22.0,36.94981
6,2026-08-19 01:00:00+00:00,tt_tangerang,39.0,40.757587
6,2026-08-19 01:00:00+00:00,tt_tbsimatupang,18.0,52.375755
6,2026-08-19 01:00:00+00:00,tt_thamrin,22.0,23.592314
6,2026-08-19 03:00:00+00:00,tt_bekasi,15.999999,18.898718
6,2026-08-19 03:00:00+00:00,tt_bogor,37.0,33.399982
6,2026-08-19 03:00:00+00:00,tt_bsd,34.0,29.869215
6,2026-08-19 03:00:00+00:00,tt_cawang,20.0,35.7096
6,2026-08-19 03:00:00+00:00,tt_depok,31.0,28.410202
6,2026-08-19 03:00:00+00:00,tt_gatsu,45.0,38.64592
6,2026-08-19 03:00:00+00:00,tt_grogol,31.0,34.28668
6,2026-08-19 03:00:00+00:00,tt_kebonjeruk,23.0,30.624691
6,2026-08-19 03:00:00+00:00,tt_kelapagading,29.0,31.094069
6,2026-08-19 03:00:00+00:00,tt_kuningan,15.999999,21.250069
6,2026-08-19 03:00:00+00:00,tt_sudirman,24.0,36.948357
6,2026-08-19 03:00:00+00:00,tt_tangerang,40.0,40.073563
6,2026-08-19 03:00:00+00:00,tt_tbsimatupang,33.0,51.812454
6,2026-08-19 03:00:00+00:00,tt_thamrin,20.0,23.08356
6,2026-08-19 05:00:00+00:00,tt_bekasi,15.0,18.637959
6,2026-08-19 05:00:00+00:00,tt_bogor,32.0,33.02671
6,2026-08-19 05:00:00+00:00,tt_bsd,34.0,29.556984
6,2026-08-19 05:00:00+00:00,tt_cawang,17.0,34.932808
6,2026-08-19 05:00:00+00:00,tt_depok,31.0,28.216995
6,2026-08-19 05:00:00+00:00,tt_gatsu,45.0,38.360355
6,2026-08-19 05:00:00+00:00,tt_grogol,31.0,33.781242
6,2026-08-19 05:00:00+00:00,tt_kebonjeruk,24.0,30.690102
6,2026-08-19 05:00:00+00:00,tt_kelapagading,21.0,31.088638
6,2026-08-19 05:00:00+00:00,tt_kuningan,17.0,21.166536
6,2026-08-19 05:00:00+00:00,tt_sudirman,27.0,36.80106
6,2026-08-19 05:00:00+00:00,tt_tangerang,40.0,39.705666
6,2026-08-19 05:00:00+00:00,tt_tbsimatupang,43.0,51.437225
6,2026-08-19 05:00:00+00:00,tt_thamrin,17.0,22.569698
6,2026-08-19 06:00:00+00:00,tt_bekasi,18.0,17.917746
6,2026-08-19 06:00:00+00:00,tt_bogor,35.0,31.724302
6,2026-08-19 06:00:00+00:00,tt_bsd,34.0,27.918762
6,2026-08-19 06:00:00+00:00,tt_cawang,19.0,31.905384
6,2026-08-19 06:00:00+00:00,tt_depok,27.0,27.412508
6,2026-08-19 06:00:00+00:00,tt_gatsu,30.0,39.51125
6,2026-08-19 06:00:00+00:00,tt_grogol,27.0,34.056316
6,2026-08-19 06:00:00+00:00,tt_kebonjeruk,21.0,29.202682
6,2026-08-19 06:00:00+00:00,tt_kelapagading,21.0,31.769753
6,2026-08-19 06:00:00+00:00,tt_kuningan,21.0,20.710674
6,2026-08-19 06:00:00+00:00,tt_sudirman,18.0,37.491962
6,2026-08-19 06:00:00+00:00,tt_tangerang,38.0,40.090843
6,2026-08-19 06:00:00+00:00,tt_tbsimatupang,48.0,50.62955
6,2026-08-19 06:00:00+00:00,tt_thamrin,13.0,21.725414
6,2026-08-19 08:00:00+00:00,tt_bekasi,15.0,18.32269
6,2026-08-19 08:00:00+00:00,tt_bogor,34.0,34.95898
6,2026-08-19 08:00:00+00:00,tt_bsd,28.0,30.01574
6,2026-08-19 08:00:00+00:00,tt_cawang,32.0,26.069435
6,2026-08-19 08:00:00+00:00,tt_depok,25.0,26.74536
6,2026-08-19 08:00:00+00:00,tt_gatsu,26.0,34.11458
6,2026-08-19 08:00:00+00:00,tt_grogol,27.0,33.529575
6,2026-08-19 08:00:00+00:00,tt_kebonjeruk,18.0,26.890154
6,2026-08-19 08:00:00+00:00,tt_kelapagading,22.0,34.009007
6,2026-08-19 08:00:00+00:00,tt_kuningan,21.0,22.180037
6,2026-08-19 08:00:00+00:00,tt_sudirman,22.0,34.138084
6,2026-08-19 08:00:00+00:00,tt_tangerang,48.0,38.992813
6,2026-08-19 08:00:00+00:00,tt_tbsimatupang,32.0,45.07303
6,2026-08-19 08:00:00+00:00,tt_thamrin,8.0,22.470898
6,2026-08-19 10:00:00+00:00,tt_bekasi,13.0,18.575409
6,2026-08-19 10:00:00+00:00,tt_bogor,30.0,36.94771
6,2026-08-19 10:00:00+00:00,tt_bsd,34.0,31.24151
6,2026-08-19 10:00:00+00:00,tt_cawang,43.0,24.426071
6,2026-08-19 10:00:00+00:00,tt_depok,23.0,28.883144
6,2026-08-19 10:00:00+00:00,tt_gatsu,23.0,42.797455
6,2026-08-19 10:00:00+00:00,tt_grogol,30.0,33.5779
6,2026-08-19 10:00:00+00:00,tt_kebonjeruk,19.0,25.202133
6,2026-08-19 10:00:00+00:00,tt_kelapagading,22.0,35.77427
6,2026-08-19 10:00:00+00:00,tt_kuningan,15.999999,20.82442
6,2026-08-19 10:00:00+00:00,tt_sudirman,19.0,31.872278
6,2026-08-19 10:00:00+00:00,tt_tangerang,28.0,39.474854
6,2026-08-19 10:00:00+00:00,tt_tbsimatupang,34.0,41.99575
6,2026-08-19 10:00:00+00:00,tt_thamrin,17.0,22.569046
6,2026-08-19 11:00:00+00:00,tt_bekasi,18.0,18.253784
6,2026-08-19 11:00:00+00:00,tt_bogor,33.0,36.52937
6,2026-08-19 11:00:00+00:00,tt_bsd,27.0,31.50658
6,2026-08-19 11:00:00+00:00,tt_cawang,43.0,23.241585
6,2026-08-19 11:00:00+00:00,tt_depok,25.0,29.521896
6,2026-08-19 11:00:00+00:00,tt_gatsu,35.0,45.453247
6,2026-08-19 11:00:00+00:00,tt_grogol,32.0,33.76263
6,2026-08-19 11:00:00+00:00,tt_kebonjeruk,21.0,25.025732
6,2026-08-19 11:00:00+00:00,tt_kelapagading,20.0,34.573765
6,2026-08-19 11:00:00+00:00,tt_kuningan,15.999999,20.563381
6,2026-08-19 11:00:00+00:00,tt_sudirman,15.999999,32.1566
6,2026-08-19 11:00:00+00:00,tt_tangerang,26.0,39.792534
6,2026-08-19 11:00:00+00:00,tt_tbsimatupang,44.0,43.103344
6,2026-08-19 11:00:00+00:00,tt_thamrin,10.0,22.080164
6,2026-08-19 13:00:00+00:00,tt_bekasi,18.0,19.506939
6,2026-08-19 13:00:00+00:00,tt_bogor,45.0,36.542084
6,2026-08-19 13:00:00+00:00,tt_bsd,34.0,31.580097
6,2026-08-19 13:00:00+00:00,tt_cawang,43.0,22.654545
6,2026-08-19 13:00:00+00:00,tt_depok,25.0,28.511318
6,2026-08-19 13:00:00+00:00,tt_gatsu,45.0,44.18367
6,2026-08-19 13:00:00+00:00,tt_grogol,31.0,33.059822
6,2026-08-19 13:00:00+00:00,tt_kebonjeruk,27.0,23.977093
6,2026-08-19 13:00:00+00:00,tt_kelapagading,23.0,33.053883
6,2026-08-19 13:00:00+00:00,tt_kuningan,13.0,22.0108
6,2026-08-19 13:00:00+00:00,tt_sudirman,30.0,29.175167
6,2026-08-19 13:00:00+00:00,tt_tangerang,48.0,40.17684
6,2026-08-19 13:00:00+00:00,tt_tbsimatupang,72.0,47.059036
6,2026-08-19 13:00:00+00:00,tt_thamrin,20.0,20.470894
6,2026-08-19 15:00:00+00:00,tt_bekasi,15.999999,19.087078
6,2026-08-19 15:00:00+00:00,tt_bogor,38.0,36.757217
6,2026-08-19 15:00:00+00:00,tt_bsd,34.0,29.73074
6,2026-08-19 15:00:00+00:00,tt_cawang,32.0,31.043684
6,2026-08-19 15:00:00+00:00,tt_depok,31.0,27.185616
6,2026-08-19 15:00:00+00:00,tt_gatsu,45.0,41.01146
6,2026-08-19 15:00:00+00:00,tt_grogol,40.0,32.65033
6,2026-08-19 15:00:00+00:00,tt_kebonjeruk,31.0,22.388721
6,2026-08-19 15:00:00+00:00,tt_kelapagading,29.0,32.47779
6,2026-08-19 15:00:00+00:00,tt_kuningan,21.0,23.131363
6,2026-08-19 15:00:00+00:00,tt_sudirman,29.0,29.258556
6,2026-08-19 15:00:00+00:00,tt_tangerang,48.0,45.09703
6,2026-08-19 15:00:00+00:00,tt_tbsimatupang,72.0,44.813053
6,2026-08-19 15:00:00+00:00,tt_thamrin,21.0,18.266594
6,2026-08-19 16:00:00+00:00,tt_bekasi,18.0,18.503983
6,2026-08-19 16:00:00+00:00,tt_bogor,45.0,35.825592
6,2026-08-19 16:00:00+00:00,tt_bsd,34.0,31.51164
6,2026-08-19 16:00:00+00:00,tt_cawang,43.0,37.514572
6,2026-08-19 16:00:00+00:00,tt_depok,31.0,26.451284
6,2026-08-19 16:00:00+00:00,tt_gatsu,45.0,39.109463
6,2026-08-19 16:00:00+00:00,tt_grogol,40.0,33.969276
6,2026-08-19 16:00:00+00:00,tt_kebonjeruk,35.0,22.202831
6,2026-08-19 16:00:00+00:00,tt_kelapagading,29.0,31.966934
6,2026-08-19 16:00:00+00:00,tt_kuningan,21.0,22.340416
6,2026-08-19 16:00:00+00:00,tt_sudirman,39.0,28.333668
6,2026-08-19 16:00:00+00:00,tt_tangerang,48.0,43.82936
6,2026-08-19 16:00:00+00:00,tt_tbsimatupang,72.0,43.303932
6,2026-08-19 16:00:00+00:00,tt_thamrin,22.0,19.46184
6,2026-08-19 18:00:00+00:00,tt_bekasi,18.0,19.445004
6,2026-08-19 18:00:00+00:00,tt_bogor,45.0,34.423176
6,2026-08-19 18:00:00+00:00,tt_bsd,34.0,30.207245
6,2026-08-19 18:00:00+00:00,tt_cawang,43.0,43.84313
6,2026-08-19 18:00:00+00:00,tt_depok,31.0,26.240772
6,2026-08-19 18:00:00+00:00,tt_gatsu,45.0,40.030792
6,2026-08-19 18:00:00+00:00,tt_grogol,40.0,37.545235
6,2026-08-19 18:00:00+00:00,tt_kebonjeruk,35.0,23.394987
6,2026-08-19 18:00:00+00:00,tt_kelapagading,29.0,30.100782
6,2026-08-19 18:00:00+00:00,tt_kuningan,21.0,21.014061
6,2026-08-19 18:00:00+00:00,tt_sudirman,39.0,25.186888
6,2026-08-19 18:00:00+00:00,tt_tangerang,44.0,39.414482
6,2026-08-19 18:00:00+00:00,tt_tbsimatupang,72.0,44.29062
6,2026-08-19 18:00:00+00:00,tt_thamrin,22.0,18.364838
6,2026-08-19 20:00:00+00:00,tt_bekasi,18.0,19.648378
6,2026-08-19 20:00:00+00:00,tt_bogor,45.0,35.834854
6,2026-08-19 20:00:00+00:00,tt_bsd,34.0,32.190643
6,2026-08-19 20:00:00+00:00,tt_cawang,43.0,44.959835
6,2026-08-19 20:00:00+00:00,tt_depok,31.0,26.664125
6,2026-08-19 20:00:00+00:00,tt_gatsu,45.0,42.6508
6,2026-08-19 20:00:00+00:00,tt_grogol,40.0,36.285355
6,2026-08-19 20:00:00+00:00,tt_kebonjeruk,35.0,26.031456
6,2026-08-19 20:00:00+00:00,tt_kelapagading,29.0,28.754875
6,2026-08-19 20:00:00+00:00,tt_kuningan,21.0,19.236683
6,2026-08-19 20:00:00+00:00,tt_sudirman,39.0,29.711731
6,2026-08-19 20:00:00+00:00,tt_tangerang,48.0,43.430614
6,2026-08-19 20:00:00+00:00,tt_tbsimatupang,72.0,52.734917
6,2026-08-19 20:00:00+00:00,tt_thamrin,22.0,21.115803
6,2026-08-19 21:00:00+00:00,tt_bekasi,18.0,19.223524
6,2026-08-19 21:00:00+00:00,tt_bogor,45.0,34.651253
6,2026-08-19 21:00:00+00:00,tt_bsd,34.0,32.139782
6,2026-08-19 21:00:00+00:00,tt_cawang,43.0,43.220234
6,2026-08-19 21:00:00+00:00,tt_depok,31.0,27.604591
6,2026-08-19 21:00:00+00:00,tt_gatsu,45.0,42.624268
6,2026-08-19 21:00:00+00:00,tt_grogol,40.0,37.396812
6,2026-08-19 21:00:00+00:00,tt_kebonjeruk,35.0,27.58829
6,2026-08-19 21:00:00+00:00,tt_kelapagading,29.0,30.217117
6,2026-08-19 21:00:00+00:00,tt_kuningan,21.0,20.454214
6,2026-08-19 21:00:00+00:00,tt_sudirman,39.0,30.046644
6,2026-08-19 21:00:00+00:00,tt_tangerang,48.0,43.70002
6,2026-08-19 21:00:00+00:00,tt_tbsimatupang,72.0,53.6088
6,2026-08-19 21:00:00+00:00,tt_thamrin,22.0,21.775688
6,2026-08-19 23:00:00+00:00,tt_bekasi,17.0,19.680433
6,2026-08-19 23:00:00+00:00,tt_bogor,35.0,34.68186
6,2026-08-19 23:00:00+00:00,tt_bsd,34.0,31.488546
6,2026-08-19 23:00:00+00:00,tt_cawang,26.0,41.263813
6,2026-08-19 23:00:00+00:00,tt_depok,31.0,28.623646
6,2026-08-19 23:00:00+00:00,tt_gatsu,45.0,40.786392
6,2026-08-19 23:00:00+00:00,tt_grogol,35.0,37.063877
6,2026-08-19 23:00:00+00:00,tt_kebonjeruk,30.0,30.175558
6,2026-08-19 23:00:00+00:00,tt_kelapagading,29.0,30.81544
6,2026-08-19 23:00:00+00:00,tt_kuningan,21.0,21.53711
6,2026-08-19 23:00:00+00:00,tt_sudirman,39.0,34.05483
6,2026-08-19 23:00:00+00:00,tt_tangerang,48.0,42.689236
6,2026-08-19 23:00:00+00:00,tt_tbsimatupang,72.0,52.936623
6,2026-08-19 23:00:00+00:00,tt_thamrin,20.0,22.65919
6,2026-08-20 01:00:00+00:00,tt_bekasi,18.0,19.550976
6,2026-08-20 01:00:00+00:00,tt_bogor,35.0,33.997433
6,2026-08-20 01:00:00+00:00,tt_bsd,29.0,30.598454
6,2026-08-20 01:00:00+00:00,tt_cawang,14.0,39.200996
6,2026-08-20 01:00:00+00:00,tt_depok,31.0,28.606995
6,2026-08-20 01:00:00+00:00,tt_gatsu,37.0,39.563095
6,2026-08-20 01:00:00+00:00,tt_grogol,30.0,36.37512
6,2026-08-20 01:00:00+00:00,tt_kebonjeruk,26.0,30.685665
6,2026-08-20 01:00:00+00:00,tt_kelapagading,29.0,30.819824
6,2026-08-20 01:00:00+00:00,tt_kuningan,21.0,21.476536
6,2026-08-20 01:00:00+00:00,tt_sudirman,27.0,35.590816
6,2026-08-20 01:00:00+00:00,tt_tangerang,36.0,40.374413
6,2026-08-20 01:00:00+00:00,tt_tbsimatupang,18.0,52.12673
6,2026-08-20 01:00:00+00:00,tt_thamrin,18.0,22.792873
6,2026-08-20 02:00:00+00:00,tt_bekasi,18.0,19.538513
6,2026-08-20 02:00:00+00:00,tt_bogor,40.0,33.65917
6,2026-08-20 02:00:00+00:00,tt_bsd,34.0,30.409523
6,2026-08-20 02:00:00+00:00,tt_cawang,18.0,38.1165
6,2026-08-20 02:00:00+00:00,tt_depok,31.0,28.509426
6,2026-08-20 02:00:00+00:00,tt_gatsu,45.0,39.10295
6,2026-08-20 02:00:00+00:00,tt_grogol,30.0,35.93207
6,2026-08-20 02:00:00+00:00,tt_kebonjeruk,26.0,30.889784
6,2026-08-20 02:00:00+00:00,tt_kelapagading,25.0,30.75882
6,2026-08-20 02:00:00+00:00,tt_kuningan,21.0,21.353397
6,2026-08-20 02:00:00+00:00,tt_sudirman,25.0,35.912094
6,2026-08-20 02:00:00+00:00,tt_tangerang,48.0,39.94526
6,2026-08-20 02:00:00+00:00,tt_tbsimatupang,21.0,51.886154
6,2026-08-20 02:00:00+00:00,tt_thamrin,18.0,22.824762
6,2026-08-20 04:00:00+00:00,tt_bekasi,15.0,19.521313
6,2026-08-20 04:00:00+00:00,tt_bogor,35.0,33.194
6,2026-08-20 04:00:00+00:00,tt_bsd,34.0,29.883614
6,2026-08-20 04:00:00+00:00,tt_cawang,20.0,36.170563
6,2026-08-20 04:00:00+00:00,tt_depok,27.0,28.313034
6,2026-08-20 04:00:00+00:00,tt_gatsu,45.0,38.42122
6,2026-08-20 04:00:00+00:00,tt_grogol,25.0,34.92917
6,2026-08-20 04:00:00+00:00,tt_kebonjeruk,25.0,30.966862
6,2026-08-20 04:00:00+00:00,tt_kelapagading,22.0,30.70337
6,2026-08-20 04:00:00+00:00,tt_kuningan,21.0,21.21889
6,2026-08-20 04:00:00+00:00,tt_sudirman,26.0,36.361774
6,2026-08-20 04:00:00+00:00,tt_tangerang,48.0,39.592285
6,2026-08-20 04:00:00+00:00,tt_tbsimatupang,45.0,51.526875
6,2026-08-20 04:00:00+00:00,tt_thamrin,13.0,22.699537
6,2026-08-20 06:00:00+00:00,tt_bekasi,15.0,18.773848
6,2026-08-20 06:00:00+00:00,tt_bogor,39.0,30.712915
6,2026-08-20 06:00:00+00:00,tt_bsd,34.0,29.485584
6,2026-08-20 06:00:00+00:00,tt_cawang,28.0,30.924557
6,2026-08-20 06:00:00+00:00,tt_depok,29.0,27.548439
6,2026-08-20 06:00:00+00:00,tt_gatsu,28.0,38.90637
6,2026-08-20 06:00:00+00:00,tt_grogol,29.0,32.670677
6,2026-08-20 06:00:00+00:00,tt_kebonjeruk,25.0,29.366693
6,2026-08-20 06:00:00+00:00,tt_kelapagading,20.0,31.742357
6,2026-08-20 06:00:00+00:00,tt_kuningan,15.999999,21.053339
6,2026-08-20 06:00:00+00:00,tt_sudirman,21.0,38.186092
6,2026-08-20 06:00:00+00:00,tt_tangerang,38.0,40.48871
6,2026-08-20 06:00:00+00:00,tt_tbsimatupang,27.0,53.020615
6,2026-08-20 06:00:00+00:00,tt_thamrin,12.0,21.640831
6,2026-08-20 07:00:00+00:00,tt_bekasi,15.999999,18.820312
6,2026-08-20 07:00:00+00:00,tt_bogor,36.0,31.452946
6,2026-08-20 07:00:00+00:00,tt_bsd,34.0,28.203697
6,2026-08-20 07:00:00+00:00,tt_cawang,21.0,27.594454
6,2026-08-20 07:00:00+00:00,tt_depok,26.0,28.033293
6,2026-08-20 07:00:00+00:00,tt_gatsu,20.0,39.56459
6,2026-08-20 07:00:00+00:00,tt_grogol,29.0,32.049164
6,2026-08-20 07:00:00+00:00,tt_kebonjeruk,22.0,28.283155
6,2026-08-20 07:00:00+00:00,tt_kelapagading,20.0,32.89461
6,2026-08-20 07:00:00+00:00,tt_kuningan,21.0,20.971792
6,2026-08-20 07:00:00+00:00,tt_sudirman,20.0,37.127052
6,2026-08-20 07:00:00+00:00,tt_tangerang,37.0,39.49229
6,2026-08-20 07:00:00+00:00,tt_tbsimatupang,49.0,51.891045
6,2026-08-20 07:00:00+00:00,tt_thamrin,12.0,20.984365
6,2026-08-20 09:00:00+00:00,tt_bekasi,14.0,19.015324
6,2026-08-20 09:00:00+00:00,tt_bogor,34.0,36.057663
6,2026-08-20 09:00:00+00:00,tt_bsd,28.0,29.21548
6,2026-08-20 09:00:00+00:00,tt_cawang,30.0,23.971825
6,2026-08-20 09:00:00+00:00,tt_depok,26.0,29.447603
6,2026-08-20 09:00:00+00:00,tt_gatsu,32.0,44.527363
6,2026-08-20 09:00:00+00:00,tt_grogol,31.0,31.091475
6,2026-08-20 09:00:00+00:00,tt_kebonjeruk,21.0,26.982334
6,2026-08-20 09:00:00+00:00,tt_kelapagading,21.0,32.616432
6,2026-08-20 09:00:00+00:00,tt_kuningan,13.0,21.57175
6,2026-08-20 09:00:00+00:00,tt_sudirman,23.0,34.25156
6,2026-08-20 09:00:00+00:00,tt_tangerang,34.0,42.26965
6,2026-08-20 09:00:00+00:00,tt_tbsimatupang,47.0,45.270767
6,2026-08-20 09:00:00+00:00,tt_thamrin,18.0,20.683992
6,2026-08-20 11:00:00+00:00,tt_bekasi,18.0,18.0596
6,2026-08-20 11:00:00+00:00,tt_bogor,35.0,36.516563
6,2026-08-20 11:00:00+00:00,tt_bsd,34.0,30.34958
6,2026-08-20 11:00:00+00:00,tt_cawang,33.0,23.010181
6,2026-08-20 11:00:00+00:00,tt_depok,26.0,28.373362
6,2026-08-20 11:00:00+00:00,tt_gatsu,7.0,47.71334
6,2026-08-20 11:00:00+00:00,tt_grogol,29.0,28.939238
6,2026-08-20 11:00:00+00:00,tt_kebonjeruk,18.0,26.234823
6,2026-08-20 11:00:00+00:00,tt_kelapagading,21.0,31.74018
6,2026-08-20 11:00:00+00:00,tt_kuningan,15.999999,21.86458
6,2026-08-20 11:00:00+00:00,tt_sudirman,12.0,33.3522
6,2026-08-20 11:00:00+00:00,tt_tangerang,35.0,44.477715
6,2026-08-20 11:00:00+00:00,tt_tbsimatupang,24.0,46.210327
6,2026-08-20 11:00:00+00:00,tt_thamrin,10.0,19.19075
6,2026-08-20 12:00:00+00:00,tt_bekasi,14.0,17.966143
6,2026-08-20 12:00:00+00:00,tt_bogor,37.0,37.759724
6,2026-08-20 12:00:00+00:00,tt_bsd,34.0,30.738836
6,2026-08-20 12:00:00+00:00,tt_cawang,43.0,25.895355
6,2026-08-20 12:00:00+00:00,tt_depok,24.0,28.643354
6,2026-08-20 12:00:00+00:00,tt_gatsu,10.0,46.99963
6,2026-08-20 12:00:00+00:00,tt_grogol,32.0,29.852596
6,2026-08-20 12:00:00+00:00,tt_kebonjeruk,23.0,26.214699
6,2026-08-20 12:00:00+00:00,tt_kelapagading,21.0,30.99818
6,2026-08-20 12:00:00+00:00,tt_kuningan,13.0,21.056225
6,2026-08-20 12:00:00+00:00,tt_sudirman,22.0,32.105515
6,2026-08-20 12:00:00+00:00,tt_tangerang,48.0,43.787197
6,2026-08-20 12:00:00+00:00,tt_tbsimatupang,40.0,44.561222
6,2026-08-20 12:00:00+00:00,tt_thamrin,9.0,18.676025
6,2026-08-20 14:00:00+00:00,tt_bekasi,18.0,18.779575
6,2026-08-20 14:00:00+00:00,tt_bogor,38.0,37.632748
6,2026-08-20 14:00:00+00:00,tt_bsd,27.0,31.011637
6,2026-08-20 14:00:00+00:00,tt_cawang,32.0,25.254202
6,2026-08-20 14:00:00+00:00,tt_depok,31.0,27.779911
6,2026-08-20 14:00:00+00:00,tt_gatsu,45.0,41.841667
6,2026-08-20 14:00:00+00:00,tt_grogol,40.0,31.72833
6,2026-08-20 14:00:00+00:00,tt_kebonjeruk,28.0,25.201546
6,2026-08-20 14:00:00+00:00,tt_kelapagading,29.0,30.272482
6,2026-08-20 14:00:00+00:00,tt_kuningan,15.999999,22.465137
6,2026-08-20 14:00:00+00:00,tt_sudirman,39.0,30.405504
6,2026-08-20 14:00:00+00:00,tt_tangerang,48.0,42.335434
6,2026-08-20 14:00:00+00:00,tt_tbsimatupang,59.0,48.433014
6,2026-08-20 14:00:00+00:00,tt_thamrin,13.0,18.15129
6,2026-08-20 16:00:00+00:00,tt_bekasi,15.0,18.37331
6,2026-08-20 16:00:00+00:00,tt_bogor,45.0,36.16396
6,2026-08-20 16:00:00+00:00,tt_bsd,34.0,29.272738
6,2026-08-20 16:00:00+00:00,tt_cawang,43.0,30.255701
6,2026-08-20 16:00:00+00:00,tt_depok,31.0,27.343483
6,2026-08-20 16:00:00+00:00,tt_gatsu,45.0,41.781754
6,2026-08-20 16:00:00+00:00,tt_grogol,40.0,34.095436
6,2026-08-20 16:00:00+00:00,tt_kebonjeruk,35.0,24.399189
6,2026-08-20 16:00:00+00:00,tt_kelapagading,29.0,29.732935
6,2026-08-20 16:00:00+00:00,tt_kuningan,21.0,20.150913
6,2026-08-20 16:00:00+00:00,tt_sudirman,39.0,30.266586
6,2026-08-20 16:00:00+00:00,tt_tangerang,48.0,41.147907
6,2026-08-20 16:00:00+00:00,tt_tbsimatupang,72.0,49.967613
6,2026-08-20 16:00:00+00:00,tt_thamrin,22.0,20.308405
6,2026-08-20 17:00:00+00:00,tt_bekasi,18.0,19.341728
6,2026-08-20 17:00:00+00:00,tt_bogor,45.0,36.49674
6,2026-08-20 17:00:00+00:00,tt_bsd,34.0,31.206322
6,2026-08-20 17:00:00+00:00,tt_cawang,43.0,34.178745
6,2026-08-20 17:00:00+00:00,tt_depok,31.0,27.073164
6,2026-08-20 17:00:00+00:00,tt_gatsu,45.0,38.606342
6,2026-08-20 17:00:00+00:00,tt_grogol,40.0,34.841995
6,2026-08-20 17:00:00+00:00,tt_kebonjeruk,35.0,23.603905
6,2026-08-20 17:00:00+00:00,tt_kelapagading,29.0,29.559046
6,2026-08-20 17:00:00+00:00,tt_kuningan,21.0,20.31167
6,2026-08-20 17:00:00+00:00,tt_sudirman,39.0,28.005575
6,2026-08-20 17:00:00+00:00,tt_tangerang,48.0,40.72378
6,2026-08-20 17:00:00+00:00,tt_tbsimatupang,72.0,47.71183
6,2026-08-20 17:00:00+00:00,tt_thamrin,22.0,19.469791
6,2026-08-20 19:00:00+00:00,tt_bekasi,18.0,18.994106
6,2026-08-20 19:00:00+00:00,tt_bogor,45.0,36.054173
6,2026-08-20 19:00:00+00:00,tt_bsd,34.0,31.922846
6,2026-08-20 19:00:00+00:00,tt_cawang,43.0,43.695747
6,2026-08-20 19:00:00+00:00,tt_depok,31.0,25.918224
6,2026-08-20 19:00:00+00:00,tt_gatsu,45.0,31.45307
6,2026-08-20 19:00:00+00:00,tt_grogol,40.0,36.204624
6,2026-08-20 19:00:00+00:00,tt_kebonjeruk,35.0,24.185501
6,2026-08-20 19:00:00+00:00,tt_kelapagading,29.0,28.586922
6,2026-08-20 19:00:00+00:00,tt_kuningan,21.0,19.262335
6,2026-08-20 19:00:00+00:00,tt_sudirman,39.0,28.61269
6,2026-08-20 19:00:00+00:00,tt_tangerang,48.0,44.165165
6,2026-08-20 19:00:00+00:00,tt_tbsimatupang,72.0,46.20421
6,2026-08-20 19:00:00+00:00,tt_thamrin,22.0,18.024393
6,2026-08-20 21:00:00+00:00,tt_bekasi,18.0,20.176975
6,2026-08-20 21:00:00+00:00,tt_bogor,45.0,34.766098
6,2026-08-20 21:00:00+00:00,tt_bsd,34.0,29.829527
6,2026-08-20 21:00:00+00:00,tt_cawang,43.0,41.688236
6,2026-08-20 21:00:00+00:00,tt_depok,31.0,28.214886
6,2026-08-20 21:00:00+00:00,tt_gatsu,45.0,39.108047
6,2026-08-20 21:00:00+00:00,tt_grogol,40.0,38.445656
6,2026-08-20 21:00:00+00:00,tt_kebonjeruk,35.0,26.298218
6,2026-08-20 21:00:00+00:00,tt_kelapagading,29.0,31.621183
6,2026-08-20 21:00:00+00:00,tt_kuningan,21.0,19.869747
6,2026-08-20 21:00:00+00:00,tt_sudirman,39.0,36.71794
6,2026-08-20 21:00:00+00:00,tt_tangerang,48.0,44.8442
6,2026-08-20 21:00:00+00:00,tt_tbsimatupang,72.0,51.482796
6,2026-08-20 21:00:00+00:00,tt_thamrin,22.0,17.94122
6,2026-08-20 22:00:00+00:00,tt_bekasi,18.0,19.756166
6,2026-08-20 22:00:00+00:00,tt_bogor,45.0,35.602947
6,2026-08-20 22:00:00+00:00,tt_bsd,34.0,31.099718
6,2026-08-20 22:00:00+00:00,tt_cawang,43.0,41.586727
6,2026-08-20 22:00:00+00:00,tt_depok,31.0,29.255938
6,2026-08-20 22:00:00+00:00,tt_gatsu,45.0,39.734898
6,2026-08-20 22:00:00+00:00,tt_grogol,40.0,38.32363
6,2026-08-20 22:00:00+00:00,tt_kebonjeruk,35.0,28.563824
6,2026-08-20 22:00:00+00:00,tt_kelapagading,29.0,31.950327
6,2026-08-20 22:00:00+00:00,tt_kuningan,21.0,21.189476
6,2026-08-20 22:00:00+00:00,tt_sudirman,39.0,37.745148
6,2026-08-20 22:00:00+00:00,tt_tangerang,48.0,44.13768
6,2026-08-20 22:00:00+00:00,tt_tbsimatupang,72.0,52.68203
6,2026-08-20 22:00:00+00:00,tt_thamrin,22.0,19.964565
6,2026-08-21 00:00:00+00:00,tt_bekasi,18.0,20.08913
6,2026-08-21 00:00:00+00:00,tt_bogor,35.0,35.05687
6,2026-08-21 00:00:00+00:00,tt_bsd,29.0,31.204535
6,2026-08-21 00:00:00+00:00,tt_cawang,18.0,39.9703
6,2026-08-21 00:00:00+00:00,tt_depok,25.0,29.430593
6,2026-08-21 00:00:00+00:00,tt_gatsu,45.0,39.211563
6,2026-08-21 00:00:00+00:00,tt_grogol,34.0,37.096382
6,2026-08-21 00:00:00+00:00,tt_kebonjeruk,25.0,30.18314
6,2026-08-21 00:00:00+00:00,tt_kelapagading,26.0,31.887531
6,2026-08-21 00:00:00+00:00,tt_kuningan,21.0,21.786266
6,2026-08-21 00:00:00+00:00,tt_sudirman,31.0,38.185272
6,2026-08-21 00:00:00+00:00,tt_tangerang,37.0,42.42923
6,2026-08-21 00:00:00+00:00,tt_tbsimatupang,32.0,52.564278
6,2026-08-21 00:00:00+00:00,tt_thamrin,22.0,21.416498
6,2026-08-21 02:00:00+00:00,tt_bekasi,17.0,19.853516
6,2026-08-21 02:00:00+00:00,tt_bogor,37.0,34.200382
6,2026-08-21 02:00:00+00:00,tt_bsd,28.0,30.664679
6,2026-08-21 02:00:00+00:00,tt_cawang,19.0,38.277744
6,2026-08-21 02:00:00+00:00,tt_depok,26.0,29.023197
6,2026-08-21 02:00:00+00:00,tt_gatsu,45.0,38.785763
6,2026-08-21 02:00:00+00:00,tt_grogol,31.0,35.714024
6,2026-08-21 02:00:00+00:00,tt_kebonjeruk,26.0,30.611246
6,2026-08-21 02:00:00+00:00,tt_kelapagading,29.0,31.534485
6,2026-08-21 02:00:00+00:00,tt_kuningan,21.0,21.601475
6,2026-08-21 02:00:00+00:00,tt_sudirman,23.0,37.918247
6,2026-08-21 02:00:00+00:00,tt_tangerang,37.0,41.201054
6,2026-08-21 02:00:00+00:00,tt_tbsimatupang,37.0,51.987656
6,2026-08-21 02:00:00+00:00,tt_thamrin,22.0,21.931496
6,2026-08-21 03:00:00+00:00,tt_bekasi,15.0,19.83068
6,2026-08-21 03:00:00+00:00,tt_bogor,38.0,33.863335
6,2026-08-21 03:00:00+00:00,tt_bsd,34.0,30.392645
6,2026-08-21 03:00:00+00:00,tt_cawang,21.0,37.425602
6,2026-08-21 03:00:00+00:00,tt_depok,31.0,28.811678
6,2026-08-21 03:00:00+00:00,tt_gatsu,45.0,38.361828
6,2026-08-21 03:00:00+00:00,tt_grogol,27.0,35.14441
6,2026-08-21 03:00:00+00:00,tt_kebonjeruk,24.0,30.68124
6,2026-08-21 03:00:00+00:00,tt_kelapagading,23.0,31.418875
6,2026-08-21 03:00:00+00:00,tt_kuningan,15.999999,21.628403
6,2026-08-21 03:00:00+00:00,tt_sudirman,28.0,37.766167
6,2026-08-21 03:00:00+00:00,tt_tangerang,48.0,40.743504
6,2026-08-21 03:00:00+00:00,tt_tbsimatupang,48.0,51.758583
6,2026-08-21 03:00:00+00:00,tt_thamrin,15.999999,21.979767
6,2026-08-21 05:00:00+00:00,tt_bekasi,15.999999,19.623032
6,2026-08-21 05:00:00+00:00,tt_bogor,45.0,33.271248
6,2026-08-21 05:00:00+00:00,tt_bsd,34.0,29.815155
6,2026-08-21 05:00:00+00:00,tt_cawang,43.0,35.926414
6,2026-08-21 05:00:00+00:00,tt_depok,31.0,28.45445
6,2026-08-21 05:00:00+00:00,tt_gatsu,45.0,37.949356
6,2026-08-21 05:00:00+00:00,tt_grogol,32.0,34.256298
6,2026-08-21 05:00:00+00:00,tt_kebonjeruk,27.0,30.714512
6,2026-08-21 05:00:00+00:00,tt_kelapagading,23.0,31.15207
6,2026-08-21 05:00:00+00:00,tt_kuningan,21.0,21.405972
6,2026-08-21 05:00:00+00:00,tt_sudirman,34.0,37.553486
6,2026-08-21 05:00:00+00:00,tt_tangerang,48.0,40.08194
6,2026-08-21 05:00:00+00:00,tt_tbsimatupang,72.0,51.455185
6,2026-08-21 05:00:00+00:00,tt_thamrin,21.0,22.083363
6,2026-08-21 07:00:00+00:00,tt_bekasi,14.0,18.961071
6,2026-08-21 07:00:00+00:00,tt_bogor,35.0,32.856285
6,2026-08-21 07:00:00+00:00,tt_bsd,34.0,27.32077
6,2026-08-21 07:00:00+00:00,tt_cawang,28.0,28.70133
6,2026-08-21 07:00:00+00:00,tt_depok,25.0,25.204485
6,2026-08-21 07:00:00+00:00,tt_gatsu,36.0,41.71526
6,2026-08-21 07:00:00+00:00,tt_grogol,28.0,33.83903
6,2026-08-21 07:00:00+00:00,tt_kebonjeruk,21.0,27.595577
6,2026-08-21 07:00:00+00:00,tt_kelapagading,20.0,30.90946
6,2026-08-21 07:00:00+00:00,tt_kuningan,21.0,20.489277
6,2026-08-21 07:00:00+00:00,tt_sudirman,18.0,36.2443
6,2026-08-21 07:00:00+00:00,tt_tangerang,39.0,38.310753
6,2026-08-21 07:00:00+00:00,tt_tbsimatupang,52.0,48.62941
6,2026-08-21 07:00:00+00:00,tt_thamrin,18.0,22.464039
6,2026-08-21 08:00:00+00:00,tt_bekasi,15.999999,18.747341
6,2026-08-21 08:00:00+00:00,tt_bogor,34.0,33.930534
6,2026-08-21 08:00:00+00:00,tt_bsd,34.0,26.7798
6,2026-08-21 08:00:00+00:00,tt_cawang,31.0,26.549667
6,2026-08-21 08:00:00+00:00,tt_depok,25.0,24.90295
6,2026-08-21 08:00:00+00:00,tt_gatsu,35.0,43.696915
6,2026-08-21 08:00:00+00:00,tt_grogol,29.0,33.559097
6,2026-08-21 08:00:00+00:00,tt_kebonjeruk,24.0,27.149498
6,2026-08-21 08:00:00+00:00,tt_kelapagading,21.0,32.188656
6,2026-08-21 08:00:00+00:00,tt_kuningan,17.0,20.542425
6,2026-08-21 08:00:00+00:00,tt_sudirman,24.0,33.922634
6,2026-08-21 08:00:00+00:00,tt_tangerang,40.0,38.117767
6,2026-08-21 08:00:00+00:00,tt_tbsimatupang,38.0,46.888226
6,2026-08-21 08:00:00+00:00,tt_thamrin,10.0,22.874062
6,2026-08-21 10:00:00+00:00,tt_bekasi,15.0,17.791748
6,2026-08-21 10:00:00+00:00,tt_bogor,32.0,35.15792
6,2026-08-21 10:00:00+00:00,tt_bsd,34.0,29.280825
6,2026-08-21 10:00:00+00:00,tt_cawang,22.0,24.52198
6,2026-08-21 10:00:00+00:00,tt_depok,24.0,27.1922
6,2026-08-21 10:00:00+00:00,tt_gatsu,34.0,46.694595
6,2026-08-21 10:00:00+00:00,tt_grogol,32.0,31.274824
6,2026-08-21 10:00:00+00:00,tt_kebonjeruk,20.0,25.754744
6,2026-08-21 10:00:00+00:00,tt_kelapagading,19.0,31.233597
6,2026-08-21 10:00:00+00:00,tt_kuningan,13.0,19.133583
6,2026-08-21 10:00:00+00:00,tt_sudirman,22.0,33.65963
6,2026-08-21 10:00:00+00:00,tt_tangerang,29.0,42.653038
6,2026-08-21 10:00:00+00:00,tt_tbsimatupang,27.0,47.645565
6,2026-08-21 10:00:00+00:00,tt_thamrin,19.0,21.466629
6,2026-08-21 12:00:00+00:00,tt_bekasi,13.0,18.142143
6,2026-08-21 12:00:00+00:00,tt_bogor,32.0,36.79113
6,2026-08-21 12:00:00+00:00,tt_bsd,34.0,30.712309
6,2026-08-21 12:00:00+00:00,tt_cawang,34.0,33.104153
6,2026-08-21 12:00:00+00:00,tt_depok,26.0,29.513586
6,2026-08-21 12:00:00+00:00,tt_gatsu,15.0,45.788452
6,2026-08-21 12:00:00+00:00,tt_grogol,32.0,31.664278
6,2026-08-21 12:00:00+00:00,tt_kebonjeruk,19.0,26.449352
6,2026-08-21 12:00:00+00:00,tt_kelapagading,18.0,29.873821
6,2026-08-21 12:00:00+00:00,tt_kuningan,13.0,21.116203
6,2026-08-21 12:00:00+00:00,tt_sudirman,18.0,35.696777
6,2026-08-21 12:00:00+00:00,tt_tangerang,32.0,44.305202
6,2026-08-21 12:00:00+00:00,tt_tbsimatupang,27.0,51.898697
6,2026-08-21 12:00:00+00:00,tt_thamrin,9.0,22.65939
6,2026-08-21 13:00:00+00:00,tt_bekasi,18.0,17.472809
6,2026-08-21 13:00:00+00:00,tt_bogor,45.0,35.09132
6,2026-08-21 13:00:00+00:00,tt_bsd,34.0,30.10653
6,2026-08-21 13:00:00+00:00,tt_cawang,32.0,32.457626
6,2026-08-21 13:00:00+00:00,tt_depok,25.0,27.62102
6,2026-08-21 13:00:00+00:00,tt_gatsu,45.0,44.92047
6,2026-08-21 13:00:00+00:00,tt_grogol,40.0,31.426914
6,2026-08-21 13:00:00+00:00,tt_kebonjeruk,25.0,25.20445
6,2026-08-21 13:00:00+00:00,tt_kelapagading,21.0,29.006748
6,2026-08-21 13:00:00+00:00,tt_kuningan,21.0,20.791483
6,2026-08-21 13:00:00+00:00,tt_sudirman,31.0,33.44541
6,2026-08-21 13:00:00+00:00,tt_tangerang,48.0,43.70836
6,2026-08-21 13:00:00+00:00,tt_tbsimatupang,72.0,52.097298
6,2026-08-21 13:00:00+00:00,tt_thamrin,15.999999,22.432648
