horizon,target_time,corridor,y_true,gru_pred
1,2026-08-18 02:00:00+00:00,tt_bekasi,16.0,20.640713
1,2026-08-18 02:00:00+00:00,tt_bogor,36.0,36.029545
1,2026-08-18 02:00:00+00:00,tt_bsd,34.0,32.76885
1,2026-08-18 02:00:00+00:00,tt_cawang,21.0,21.02637
1,2026-08-18 02:00:00+00:00,tt_depok,31.0,27.012358
1,2026-08-18 02:00:00+00:00,tt_gatsu,33.0,41.592
1,2026-08-18 02:00:00+00:00,tt_grogol,26.0,31.584639
1,2026-08-18 02:00:00+00:00,tt_kebonjeruk,26.0,23.812332
1,2026-08-18 02:00:00+00:00,tt_kelapagading,29.0,25.633556
1,2026-08-18 02:00:00+00:00,tt_kuningan,21.0,20.782038
1,2026-08-18 02:00:00+00:00,tt_sudirman,23.0,27.300419
1,2026-08-18 02:00:00+00:00,tt_tangerang,48.0,38.226467
1,2026-08-18 02:00:00+00:00,tt_tbsimatupang,16.0,35.08326
1,2026-08-18 02:00:00+00:00,tt_thamrin,17.0,19.365131
1,2026-08-18 04:00:00+00:00,tt_bekasi,15.0,19.10518
1,2026-08-18 04:00:00+00:00,tt_bogor,33.0,35.577133
1,2026-08-18 04:00:00+00:00,tt_bsd,28.0,33.457596
1,2026-08-18 04:00:00+00:00,tt_cawang,22.0,22.016588
1,2026-08-18 04:00:00+00:00,tt_depok,31.0,28.170525
1,2026-08-18 04:00:00+00:00,tt_gatsu,32.0,37.515606
1,2026-08-18 04:00:00+00:00,tt_grogol,27.0,30.333189
1,2026-08-18 04:00:00+00:00,tt_kebonjeruk,25.0,25.00288
1,2026-08-18 04:00:00+00:00,tt_kelapagading,29.0,23.148432
1,2026-08-18 04:00:00+00:00,tt_kuningan,16.0,17.540611
1,2026-08-18 04:00:00+00:00,tt_sudirman,24.0,24.362131
1,2026-08-18 04:00:00+00:00,tt_tangerang,36.0,39.709087
1,2026-08-18 04:00:00+00:00,tt_tbsimatupang,55.0,33.26269
1,2026-08-18 04:00:00+00:00,tt_thamrin,18.0,19.699776
1,2026-08-18 05:00:00+00:00,tt_bekasi,15.0,18.962934
1,2026-08-18 05:00:00+00:00,tt_bogor,38.0,35.526184
1,2026-08-18 05:00:00+00:00,tt_bsd,28.0,33.50057
1,2026-08-18 05:00:00+00:00,tt_cawang,28.0,23.942337
1,2026-08-18 05:00:00+00:00,tt_depok,26.0,27.761961
1,2026-08-18 05:00:00+00:00,tt_gatsu,45.0,37.00232
1,2026-08-18 05:00:00+00:00,tt_grogol,36.0,30.230532
1,2026-08-18 05:00:00+00:00,tt_kebonjeruk,22.0,24.820301
1,2026-08-18 05:00:00+00:00,tt_kelapagading,22.0,21.564919
1,2026-08-18 05:00:00+00:00,tt_kuningan,21.0,18.647396
1,2026-08-18 05:00:00+00:00,tt_sudirman,31.0,24.325026
1,2026-08-18 05:00:00+00:00,tt_tangerang,41.0,39.52698
1,2026-08-18 05:00:00+00:00,tt_tbsimatupang,51.0,35.264263
1,2026-08-18 05:00:00+00:00,tt_thamrin,20.0,19.107653
1,2026-08-18 07:00:00+00:00,tt_bekasi,15.0,17.296524
1,2026-08-18 07:00:00+00:00,tt_bogor,34.0,34.39249
1,2026-08-18 07:00:00+00:00,tt_bsd,30.0,33.30768
1,2026-08-18 07:00:00+00:00,tt_cawang,43.0,27.852238
1,2026-08-18 07:00:00+00:00,tt_depok,31.0,25.957872
1,2026-08-18 07:00:00+00:00,tt_gatsu,45.0,36.49107
1,2026-08-18 07:00:00+00:00,tt_grogol,32.0,30.789406
1,2026-08-18 07:00:00+00:00,tt_kebonjeruk,25.0,24.5626
1,2026-08-18 07:00:00+00:00,tt_kelapagading,22.0,20.696152
1,2026-08-18 07:00:00+00:00,tt_kuningan,15.0,19.775276
1,2026-08-18 07:00:00+00:00,tt_sudirman,28.0,26.837753
1,2026-08-18 07:00:00+00:00,tt_tangerang,38.0,39.42983
1,2026-08-18 07:00:00+00:00,tt_tbsimatupang,57.0,42.441284
1,2026-08-18 07:00:00+00:00,tt_thamrin,22.0,17.46368
1,2026-08-18 09:00:00+00:00,tt_bekasi,14.0,17.686428
1,2026-08-18 09:00:00+00:00,tt_bogor,35.0,34.730568
1,2026-08-18 09:00:00+00:00,tt_bsd,28.0,32.905693
1,2026-08-18 09:00:00+00:00,tt_cawang,29.0,35.13843
1,2026-08-18 09:00:00+00:00,tt_depok,24.0,26.524689
1,2026-08-18 09:00:00+00:00,tt_gatsu,45.0,35.406418
1,2026-08-18 09:00:00+00:00,tt_grogol,32.0,32.475754
1,2026-08-18 09:00:00+00:00,tt_kebonjeruk,23.0,26.191282
1,2026-08-18 09:00:00+00:00,tt_kelapagading,23.0,22.670982
1,2026-08-18 09:00:00+00:00,tt_kuningan,21.0,20.490767
1,2026-08-18 09:00:00+00:00,tt_sudirman,31.0,29.36313
1,2026-08-18 09:00:00+00:00,tt_tangerang,38.0,40.01654
1,2026-08-18 09:00:00+00:00,tt_tbsimatupang,43.0,51.476597
1,2026-08-18 09:00:00+00:00,tt_thamrin,22.0,17.919727
1,2026-08-18 10:00:00+00:00,tt_bekasi,14.0,17.276316
1,2026-08-18 10:00:00+00:00,tt_bogor,35.0,34.63205
1,2026-08-18 10:00:00+00:00,tt_bsd,34.0,33.17648
1,2026-08-18 10:00:00+00:00,tt_cawang,30.0,34.523712
1,2026-08-18 10:00:00+00:00,tt_depok,25.0,26.424564
1,2026-08-18 10:00:00+00:00,tt_gatsu,4.0,34.87958
1,2026-08-18 10:00:00+00:00,tt_grogol,31.0,33.5223
1,2026-08-18 10:00:00+00:00,tt_kebonjeruk,21.0,25.159636
1,2026-08-18 10:00:00+00:00,tt_kelapagading,21.0,21.91292
1,2026-08-18 10:00:00+00:00,tt_kuningan,14.0,19.226145
1,2026-08-18 10:00:00+00:00,tt_sudirman,23.0,27.778395
1,2026-08-18 10:00:00+00:00,tt_tangerang,34.0,39.37574
1,2026-08-18 10:00:00+00:00,tt_tbsimatupang,44.0,52.488495
1,2026-08-18 10:00:00+00:00,tt_thamrin,22.0,16.672384
1,2026-08-18 12:00:00+00:00,tt_bekasi,14.0,17.742903
1,2026-08-18 12:00:00+00:00,tt_bogor,35.0,35.98423
1,2026-08-18 12:00:00+00:00,tt_bsd,34.0,32.578194
1,2026-08-18 12:00:00+00:00,tt_cawang,34.0,38.084805
1,2026-08-18 12:00:00+00:00,tt_depok,26.0,27.696297
1,2026-08-18 12:00:00+00:00,tt_gatsu,45.0,32.76961
1,2026-08-18 12:00:00+00:00,tt_grogol,32.0,35.623276
1,2026-08-18 12:00:00+00:00,tt_kebonjeruk,25.0,25.200928
1,2026-08-18 12:00:00+00:00,tt_kelapagading,22.0,24.848433
1,2026-08-18 12:00:00+00:00,tt_kuningan,13.0,17.812151
1,2026-08-18 12:00:00+00:00,tt_sudirman,29.0,25.119146
1,2026-08-18 12:00:00+00:00,tt_tangerang,48.0,41.429413
1,2026-08-18 12:00:00+00:00,tt_tbsimatupang,72.0,58.34624
1,2026-08-18 12:00:00+00:00,tt_thamrin,17.0,17.152973
1,2026-08-18 14:00:00+00:00,tt_bekasi,16.0,17.461811
1,2026-08-18 14:00:00+00:00,tt_bogor,45.0,41.145794
1,2026-08-18 14:00:00+00:00,tt_bsd,34.0,34.144985
1,2026-08-18 14:00:00+00:00,tt_cawang,32.0,42.349216
1,2026-08-18 14:00:00+00:00,tt_depok,26.0,28.289457
1,2026-08-18 14:00:00+00:00,tt_gatsu,45.0,40.70111
1,2026-08-18 14:00:00+00:00,tt_grogol,40.0,39.06762
1,2026-08-18 14:00:00+00:00,tt_kebonjeruk,31.0,29.969063
1,2026-08-18 14:00:00+00:00,tt_kelapagading,29.0,26.59444
1,2026-08-18 14:00:00+00:00,tt_kuningan,16.0,19.057125
1,2026-08-18 14:00:00+00:00,tt_sudirman,30.0,33.069504
1,2026-08-18 14:00:00+00:00,tt_tangerang,48.0,46.52748
1,2026-08-18 14:00:00+00:00,tt_tbsimatupang,72.0,70.9513
1,2026-08-18 14:00:00+00:00,tt_thamrin,22.0,18.252792
1,2026-08-18 15:00:00+00:00,tt_bekasi,16.0,17.302967
1,2026-08-18 15:00:00+00:00,tt_bogor,45.0,42.690212
1,2026-08-18 15:00:00+00:00,tt_bsd,34.0,34.529415
1,2026-08-18 15:00:00+00:00,tt_cawang,43.0,43.33632
1,2026-08-18 15:00:00+00:00,tt_depok,31.0,29.133293
1,2026-08-18 15:00:00+00:00,tt_gatsu,45.0,42.497303
1,2026-08-18 15:00:00+00:00,tt_grogol,40.0,40.5406
1,2026-08-18 15:00:00+00:00,tt_kebonjeruk,35.0,32.312557
1,2026-08-18 15:00:00+00:00,tt_kelapagading,29.0,27.094816
1,2026-08-18 15:00:00+00:00,tt_kuningan,21.0,18.973316
1,2026-08-18 15:00:00+00:00,tt_sudirman,39.0,35.294594
1,2026-08-18 15:00:00+00:00,tt_tangerang,48.0,48.030643
1,2026-08-18 15:00:00+00:00,tt_tbsimatupang,72.0,75.11305
1,2026-08-18 15:00:00+00:00,tt_thamrin,22.0,18.63529
1,2026-08-18 17:00:00+00:00,tt_bekasi,17.0,18.440168
1,2026-08-18 17:00:00+00:00,tt_bogor,45.0,44.850178
1,2026-08-18 17:00:00+00:00,tt_bsd,34.0,35.132023
1,2026-08-18 17:00:00+00:00,tt_cawang,43.0,43.536503
1,2026-08-18 17:00:00+00:00,tt_depok,31.0,30.747213
1,2026-08-18 17:00:00+00:00,tt_gatsu,45.0,44.437817
1,2026-08-18 17:00:00+00:00,tt_grogol,40.0,41.54886
1,2026-08-18 17:00:00+00:00,tt_kebonjeruk,35.0,36.486027
1,2026-08-18 17:00:00+00:00,tt_kelapagading,29.0,28.256422
1,2026-08-18 17:00:00+00:00,tt_kuningan,21.0,19.600847
1,2026-08-18 17:00:00+00:00,tt_sudirman,39.0,39.071106
1,2026-08-18 17:00:00+00:00,tt_tangerang,48.0,49.344486
1,2026-08-18 17:00:00+00:00,tt_tbsimatupang,72.0,76.30949
1,2026-08-18 17:00:00+00:00,tt_thamrin,22.0,21.463427
1,2026-08-18 19:00:00+00:00,tt_bekasi,17.0,18.473566
1,2026-08-18 19:00:00+00:00,tt_bogor,45.0,43.388176
1,2026-08-18 19:00:00+00:00,tt_bsd,34.0,35.402203
1,2026-08-18 19:00:00+00:00,tt_cawang,43.0,41.14494
1,2026-08-18 19:00:00+00:00,tt_depok,31.0,31.548939
1,2026-08-18 19:00:00+00:00,tt_gatsu,45.0,46.0781
1,2026-08-18 19:00:00+00:00,tt_grogol,40.0,40.31348
1,2026-08-18 19:00:00+00:00,tt_kebonjeruk,35.0,36.552166
1,2026-08-18 19:00:00+00:00,tt_kelapagading,29.0,28.744652
1,2026-08-18 19:00:00+00:00,tt_kuningan,21.0,20.302452
1,2026-08-18 19:00:00+00:00,tt_sudirman,39.0,38.408833
1,2026-08-18 19:00:00+00:00,tt_tangerang,48.0,48.071842
1,2026-08-18 19:00:00+00:00,tt_tbsimatupang,72.0,70.88409
1,2026-08-18 19:00:00+00:00,tt_thamrin,22.0,22.583683
1,2026-08-18 20:00:00+00:00,tt_bekasi,17.0,18.43514
1,2026-08-18 20:00:00+00:00,tt_bogor,45.0,42.85087
1,2026-08-18 20:00:00+00:00,tt_bsd,34.0,34.834953
1,2026-08-18 20:00:00+00:00,tt_cawang,43.0,39.195686
1,2026-08-18 20:00:00+00:00,tt_depok,31.0,31.631966
1,2026-08-18 20:00:00+00:00,tt_gatsu,45.0,46.277378
1,2026-08-18 20:00:00+00:00,tt_grogol,40.0,39.670506
1,2026-08-18 20:00:00+00:00,tt_kebonjeruk,35.0,35.389645
1,2026-08-18 20:00:00+00:00,tt_kelapagading,29.0,28.420021
1,2026-08-18 20:00:00+00:00,tt_kuningan,21.0,20.971684
1,2026-08-18 20:00:00+00:00,tt_sudirman,39.0,37.77923
1,2026-08-18 20:00:00+00:00,tt_tangerang,48.0,47.09551
1,2026-08-18 20:00:00+00:00,tt_tbsimatupang,72.0,66.680916
1,2026-08-18 20:00:00+00:00,tt_thamrin,22.0,22.8722
1,2026-08-18 22:00:00+00:00,tt_bekasi,17.0,17.65444
1,2026-08-18 22:00:00+00:00,tt_bogor,45.0,41.48386
1,2026-08-18 22:00:00+00:00,tt_bsd,34.0,33.060463
1,2026-08-18 22:00:00+00:00,tt_cawang,43.0,33.78208
1,2026-08-18 22:00:00+00:00,tt_depok,31.0,30.590181
1,2026-08-18 22:00:00+00:00,tt_gatsu,45.0,45.70582
1,2026-08-18 22:00:00+00:00,tt_grogol,40.0,38.121292
1,2026-08-18 22:00:00+00:00,tt_kebonjeruk,35.0,32.828415
1,2026-08-18 22:00:00+00:00,tt_kelapagading,29.0,27.558624
1,2026-08-18 22:00:00+00:00,tt_kuningan,21.0,21.961266
1,2026-08-18 22:00:00+00:00,tt_sudirman,39.0,36.445496
1,2026-08-18 22:00:00+00:00,tt_tangerang,48.0,45.12903
1,2026-08-18 22:00:00+00:00,tt_tbsimatupang,72.0,57.482983
1,2026-08-18 22:00:00+00:00,tt_thamrin,22.0,21.837934
1,2026-08-19 00:00:00+00:00,tt_bekasi,15.0,17.370565
1,2026-08-19 00:00:00+00:00,tt_bogor,35.0,40.708897
1,2026-08-19 00:00:00+00:00,tt_bsd,29.0,31.846186
1,2026-08-19 00:00:00+00:00,tt_cawang,20.0,29.006319
1,2026-08-19 00:00:00+00:00,tt_depok,31.0,28.994242
1,2026-08-19 00:00:00+00:00,tt_gatsu,45.0,44.2687
1,2026-08-19 00:00:00+00:00,tt_grogol,40.0,36.540806
1,2026-08-19 00:00:00+00:00,tt_kebonjeruk,27.0,31.011448
1,2026-08-19 00:00:00+00:00,tt_kelapagading,29.0,26.163954
1,2026-08-19 00:00:00+00:00,tt_kuningan,21.0,22.380793
1,2026-08-19 00:00:00+00:00,tt_sudirman,39.0,34.246685
1,2026-08-19 00:00:00+00:00,tt_tangerang,48.0,42.91678
1,2026-08-19 00:00:00+00:00,tt_tbsimatupang,39.0,48.44407
1,2026-08-19 00:00:00+00:00,tt_thamrin,19.0,20.693058
1,2026-08-19 01:00:00+00:00,tt_bekasi,16.0,17.755678
1,2026-08-19 01:00:00+00:00,tt_bogor,37.0,39.586178
1,2026-08-19 01:00:00+00:00,tt_bsd,34.0,30.32815
1,2026-08-19 01:00:00+00:00,tt_cawang,13.0,21.09102
1,2026-08-19 01:00:00+00:00,tt_depok,27.0,26.94842
1,2026-08-19 01:00:00+00:00,tt_gatsu,13.0,42.956833
1,2026-08-19 01:00:00+00:00,tt_grogol,32.0,32.548313
1,2026-08-19 01:00:00+00:00,tt_kebonjeruk,25.0,25.071394
1,2026-08-19 01:00:00+00:00,tt_kelapagading,29.0,26.26369
1,2026-08-19 01:00:00+00:00,tt_kuningan,21.0,21.46664
1,2026-08-19 01:00:00+00:00,tt_sudirman,22.0,28.595228
1,2026-08-19 01:00:00+00:00,tt_tangerang,39.0,40.75997
1,2026-08-19 01:00:00+00:00,tt_tbsimatupang,18.0,35.235832
1,2026-08-19 01:00:00+00:00,tt_thamrin,22.0,18.795738
1,2026-08-19 03:00:00+00:00,tt_bekasi,16.0,20.66531
1,2026-08-19 03:00:00+00:00,tt_bogor,37.0,35.896217
1,2026-08-19 03:00:00+00:00,tt_bsd,34.0,31.883974
1,2026-08-19 03:00:00+00:00,tt_cawang,20.0,21.98745
1,2026-08-19 03:00:00+00:00,tt_depok,31.0,29.61603
1,2026-08-19 03:00:00+00:00,tt_gatsu,45.0,37.4796
1,2026-08-19 03:00:00+00:00,tt_grogol,31.0,31.373207
1,2026-08-19 03:00:00+00:00,tt_kebonjeruk,23.0,26.702417
1,2026-08-19 03:00:00+00:00,tt_kelapagading,29.0,25.181725
1,2026-08-19 03:00:00+00:00,tt_kuningan,16.0,18.494753
1,2026-08-19 03:00:00+00:00,tt_sudirman,24.0,25.628576
1,2026-08-19 03:00:00+00:00,tt_tangerang,40.0,38.82818
1,2026-08-19 03:00:00+00:00,tt_tbsimatupang,33.0,33.504684
1,2026-08-19 03:00:00+00:00,tt_thamrin,20.0,20.429579
1,2026-08-19 05:00:00+00:00,tt_bekasi,15.0,19.432127
1,2026-08-19 05:00:00+00:00,tt_bogor,32.0,35.108624
1,2026-08-19 05:00:00+00:00,tt_bsd,34.0,33.406593
1,2026-08-19 05:00:00+00:00,tt_cawang,17.0,23.367702
1,2026-08-19 05:00:00+00:00,tt_depok,31.0,28.39284
1,2026-08-19 05:00:00+00:00,tt_gatsu,45.0,37.746822
1,2026-08-19 05:00:00+00:00,tt_grogol,31.0,30.629549
1,2026-08-19 05:00:00+00:00,tt_kebonjeruk,24.0,24.949444
1,2026-08-19 05:00:00+00:00,tt_kelapagading,21.0,22.543297
1,2026-08-19 05:00:00+00:00,tt_kuningan,17.0,18.883087
1,2026-08-19 05:00:00+00:00,tt_sudirman,27.0,24.862652
1,2026-08-19 05:00:00+00:00,tt_tangerang,40.0,39.60482
1,2026-08-19 05:00:00+00:00,tt_tbsimatupang,43.0,35.32154
1,2026-08-19 05:00:00+00:00,tt_thamrin,17.0,18.844645
1,2026-08-19 06:00:00+00:00,tt_bekasi,18.0,18.266884
1,2026-08-19 06:00:00+00:00,tt_bogor,35.0,34.88678
1,2026-08-19 06:00:00+00:00,tt_bsd,34.0,33.16599
1,2026-08-19 06:00:00+00:00,tt_cawang,19.0,24.487738
1,2026-08-19 06:00:00+00:00,tt_depok,27.0,27.039608
1,2026-08-19 06:00:00+00:00,tt_gatsu,30.0,37.66919
1,2026-08-19 06:00:00+00:00,tt_grogol,27.0,30.779987
1,2026-08-19 06:00:00+00:00,tt_kebonjeruk,21.0,24.08251
1,2026-08-19 06:00:00+00:00,tt_kelapagading,21.0,21.270344
1,2026-08-19 06:00:00+00:00,tt_kuningan,21.0,18.676798
1,2026-08-19 06:00:00+00:00,tt_sudirman,18.0,25.027493
1,2026-08-19 06:00:00+00:00,tt_tangerang,38.0,39.822613
1,2026-08-19 06:00:00+00:00,tt_tbsimatupang,48.0,37.353523
1,2026-08-19 06:00:00+00:00,tt_thamrin,13.0,17.858454
1,2026-08-19 08:00:00+00:00,tt_bekasi,15.0,15.794335
1,2026-08-19 08:00:00+00:00,tt_bogor,34.0,33.86013
1,2026-08-19 08:00:00+00:00,tt_bsd,28.0,32.604595
1,2026-08-19 08:00:00+00:00,tt_cawang,32.0,28.361618
1,2026-08-19 08:00:00+00:00,tt_depok,25.0,25.283352
1,2026-08-19 08:00:00+00:00,tt_gatsu,26.0,33.366047
1,2026-08-19 08:00:00+00:00,tt_grogol,27.0,31.373764
1,2026-08-19 08:00:00+00:00,tt_kebonjeruk,18.0,22.217705
1,2026-08-19 08:00:00+00:00,tt_kelapagading,22.0,19.383528
1,2026-08-19 08:00:00+00:00,tt_kuningan,21.0,16.422773
1,2026-08-19 08:00:00+00:00,tt_sudirman,22.0,23.4277
1,2026-08-19 08:00:00+00:00,tt_tangerang,48.0,39.909817
1,2026-08-19 08:00:00+00:00,tt_tbsimatupang,32.0,41.89393
1,2026-08-19 08:00:00+00:00,tt_thamrin,8.0,16.750872
1,2026-08-19 10:00:00+00:00,tt_bekasi,13.0,15.274127
1,2026-08-19 10:00:00+00:00,tt_bogor,30.0,33.9923
1,2026-08-19 10:00:00+00:00,tt_bsd,34.0,32.492165
1,2026-08-19 10:00:00+00:00,tt_cawang,43.0,31.112507
1,2026-08-19 10:00:00+00:00,tt_depok,23.0,24.379791
1,2026-08-19 10:00:00+00:00,tt_gatsu,23.0,31.177317
1,2026-08-19 10:00:00+00:00,tt_grogol,30.0,32.306477
1,2026-08-19 10:00:00+00:00,tt_kebonjeruk,19.0,21.94526
1,2026-08-19 10:00:00+00:00,tt_kelapagading,22.0,19.833286
1,2026-08-19 10:00:00+00:00,tt_kuningan,16.0,14.68069
1,2026-08-19 10:00:00+00:00,tt_sudirman,19.0,21.982025
1,2026-08-19 10:00:00+00:00,tt_tangerang,28.0,39.62701
1,2026-08-19 10:00:00+00:00,tt_tbsimatupang,34.0,46.644012
1,2026-08-19 10:00:00+00:00,tt_thamrin,17.0,15.747371
1,2026-08-19 11:00:00+00:00,tt_bekasi,18.0,16.051418
1,2026-08-19 11:00:00+00:00,tt_bogor,33.0,34.773273
1,2026-08-19 11:00:00+00:00,tt_bsd,27.0,32.22049
1,2026-08-19 11:00:00+00:00,tt_cawang,43.0,34.402832
1,2026-08-19 11:00:00+00:00,tt_depok,25.0,24.624632
1,2026-08-19 11:00:00+00:00,tt_gatsu,35.0,30.91736
1,2026-08-19 11:00:00+00:00,tt_grogol,32.0,33.049683
1,2026-08-19 11:00:00+00:00,tt_kebonjeruk,21.0,22.225859
1,2026-08-19 11:00:00+00:00,tt_kelapagading,20.0,21.951422
1,2026-08-19 11:00:00+00:00,tt_kuningan,16.0,16.149534
1,2026-08-19 11:00:00+00:00,tt_sudirman,16.0,22.693634
1,2026-08-19 11:00:00+00:00,tt_tangerang,26.0,39.91445
1,2026-08-19 11:00:00+00:00,tt_tbsimatupang,44.0,50.589565
1,2026-08-19 11:00:00+00:00,tt_thamrin,10.0,16.289276
1,2026-08-19 13:00:00+00:00,tt_bekasi,18.0,15.934493
1,2026-08-19 13:00:00+00:00,tt_bogor,45.0,37.21524
1,2026-08-19 13:00:00+00:00,tt_bsd,34.0,32.835674
1,2026-08-19 13:00:00+00:00,tt_cawang,43.0,38.926857
1,2026-08-19 13:00:00+00:00,tt_depok,25.0,25.936209
1,2026-08-19 13:00:00+00:00,tt_gatsu,45.0,33.661877
1,2026-08-19 13:00:00+00:00,tt_grogol,31.0,35.262775
1,2026-08-19 13:00:00+00:00,tt_kebonjeruk,27.0,23.617569
1,2026-08-19 13:00:00+00:00,tt_kelapagading,23.0,23.731348
1,2026-08-19 13:00:00+00:00,tt_kuningan,13.0,17.044453
1,2026-08-19 13:00:00+00:00,tt_sudirman,30.0,25.438993
1,2026-08-19 13:00:00+00:00,tt_tangerang,48.0,43.012478
1,2026-08-19 13:00:00+00:00,tt_tbsimatupang,72.0,61.00015
1,2026-08-19 13:00:00+00:00,tt_thamrin,20.0,16.187307
1,2026-08-19 15:00:00+00:00,tt_bekasi,16.0,17.138618
1,2026-08-19 15:00:00+00:00,tt_bogor,38.0,42.381874
1,2026-08-19 15:00:00+00:00,tt_bsd,34.0,34.25576
1,2026-08-19 15:00:00+00:00,tt_cawang,32.0,44.85378
1,2026-08-19 15:00:00+00:00,tt_depok,31.0,28.870205
1,2026-08-19 15:00:00+00:00,tt_gatsu,45.0,41.482456
1,2026-08-19 15:00:00+00:00,tt_grogol,40.0,39.037376
1,2026-08-19 15:00:00+00:00,tt_kebonjeruk,31.0,30.670296
1,2026-08-19 15:00:00+00:00,tt_kelapagading,29.0,26.319548
1,2026-08-19 15:00:00+00:00,tt_kuningan,21.0,19.09376
1,2026-08-19 15:00:00+00:00,tt_sudirman,29.0,33.516865
1,2026-08-19 15:00:00+00:00,tt_tangerang,48.0,47.26905
1,2026-08-19 15:00:00+00:00,tt_tbsimatupang,72.0,74.56349
1,2026-08-19 15:00:00+00:00,tt_thamrin,21.0,18.90734
1,2026-08-19 16:00:00+00:00,tt_bekasi,18.0,17.005629
1,2026-08-19 16:00:00+00:00,tt_bogor,45.0,43.41774
1,2026-08-19 16:00:00+00:00,tt_bsd,34.0,34.59384
1,2026-08-19 16:00:00+00:00,tt_cawang,43.0,44.728
1,2026-08-19 16:00:00+00:00,tt_depok,31.0,29.204947
1,2026-08-19 16:00:00+00:00,tt_gatsu,45.0,42.281883
1,2026-08-19 16:00:00+00:00,tt_grogol,40.0,39.98853
1,2026-08-19 16:00:00+00:00,tt_kebonjeruk,35.0,32.268234
1,2026-08-19 16:00:00+00:00,tt_kelapagading,29.0,27.092962
1,2026-08-19 16:00:00+00:00,tt_kuningan,21.0,19.281595
1,2026-08-19 16:00:00+00:00,tt_sudirman,39.0,34.958683
1,2026-08-19 16:00:00+00:00,tt_tangerang,48.0,48.613777
1,2026-08-19 16:00:00+00:00,tt_tbsimatupang,72.0,76.29107
1,2026-08-19 16:00:00+00:00,tt_thamrin,22.0,19.316908
1,2026-08-19 18:00:00+00:00,tt_bekasi,18.0,18.289059
1,2026-08-19 18:00:00+00:00,tt_bogor,45.0,45.524494
1,2026-08-19 18:00:00+00:00,tt_bsd,34.0,35.13355
1,2026-08-19 18:00:00+00:00,tt_cawang,43.0,44.983627
1,2026-08-19 18:00:00+00:00,tt_depok,31.0,30.9827
1,2026-08-19 18:00:00+00:00,tt_gatsu,45.0,44.48939
1,2026-08-19 18:00:00+00:00,tt_grogol,40.0,41.622707
1,2026-08-19 18:00:00+00:00,tt_kebonjeruk,35.0,36.48085
1,2026-08-19 18:00:00+00:00,tt_kelapagading,29.0,28.017927
1,2026-08-19 18:00:00+00:00,tt_kuningan,21.0,19.386126
1,2026-08-19 18:00:00+00:00,tt_sudirman,39.0,38.794033
1,2026-08-19 18:00:00+00:00,tt_tangerang,44.0,49.68894
1,2026-08-19 18:00:00+00:00,tt_tbsimatupang,72.0,78.037094
1,2026-08-19 18:00:00+00:00,tt_thamrin,22.0,21.884987
1,2026-08-19 20:00:00+00:00,tt_bekasi,18.0,18.354708
1,2026-08-19 20:00:00+00:00,tt_bogor,45.0,43.808918
1,2026-08-19 20:00:00+00:00,tt_bsd,34.0,35.572598
1,2026-08-19 20:00:00+00:00,tt_cawang,43.0,41.881264
1,2026-08-19 20:00:00+00:00,tt_depok,31.0,31.719254
1,2026-08-19 20:00:00+00:00,tt_gatsu,45.0,46.02206
1,2026-08-19 20:00:00+00:00,tt_grogol,40.0,40.800472
1,2026-08-19 20:00:00+00:00,tt_kebonjeruk,35.0,36.986282
1,2026-08-19 20:00:00+00:00,tt_kelapagading,29.0,28.818014
1,2026-08-19 20:00:00+00:00,tt_kuningan,21.0,20.249277
1,2026-08-19 20:00:00+00:00,tt_sudirman,39.0,38.612736
1,2026-08-19 20:00:00+00:00,tt_tangerang,48.0,48.271297
1,2026-08-19 20:00:00+00:00,tt_tbsimatupang,72.0,72.06994
1,2026-08-19 20:00:00+00:00,tt_thamrin,22.0,22.90219
1,2026-08-19 21:00:00+00:00,tt_bekasi,18.0,18.399445
1,2026-08-19 21:00:00+00:00,tt_bogor,45.0,43.335674
1,2026-08-19 21:00:00+00:00,tt_bsd,34.0,34.920525
1,2026-08-19 21:00:00+00:00,tt_cawang,43.0,39.70924
1,2026-08-19 21:00:00+00:00,tt_depok,31.0,31.8235
1,2026-08-19 21:00:00+00:00,tt_gatsu,45.0,46.442303
1,2026-08-19 21:00:00+00:00,tt_grogol,40.0,40.270298
1,2026-08-19 21:00:00+00:00,tt_kebonjeruk,35.0,35.735058
1,2026-08-19 21:00:00+00:00,tt_kelapagading,29.0,28.50129
1,2026-08-19 21:00:00+00:00,tt_kuningan,21.0,20.736176
1,2026-08-19 21:00:00+00:00,tt_sudirman,39.0,37.81992
1,2026-08-19 21:00:00+00:00,tt_tangerang,48.0,47.150253
1,2026-08-19 21:00:00+00:00,tt_tbsimatupang,72.0,67.55958
1,2026-08-19 21:00:00+00:00,tt_thamrin,22.0,23.306671
1,2026-08-19 23:00:00+00:00,tt_bekasi,17.0,17.646221
1,2026-08-19 23:00:00+00:00,tt_bogor,35.0,41.56646
1,2026-08-19 23:00:00+00:00,tt_bsd,34.0,32.757195
1,2026-08-19 23:00:00+00:00,tt_cawang,26.0,33.26854
1,2026-08-19 23:00:00+00:00,tt_depok,31.0,30.5622
1,2026-08-19 23:00:00+00:00,tt_gatsu,45.0,45.607216
1,2026-08-19 23:00:00+00:00,tt_grogol,35.0,38.197884
1,2026-08-19 23:00:00+00:00,tt_kebonjeruk,30.0,32.68093
1,2026-08-19 23:00:00+00:00,tt_kelapagading,29.0,27.300953
1,2026-08-19 23:00:00+00:00,tt_kuningan,21.0,22.10676
1,2026-08-19 23:00:00+00:00,tt_sudirman,39.0,36.324738
1,2026-08-19 23:00:00+00:00,tt_tangerang,48.0,44.888073
1,2026-08-19 23:00:00+00:00,tt_tbsimatupang,72.0,56.58941
1,2026-08-19 23:00:00+00:00,tt_thamrin,20.0,22.00874
1,2026-08-20 01:00:00+00:00,tt_bekasi,18.0,18.670982
1,2026-08-20 01:00:00+00:00,tt_bogor,35.0,38.46503
1,2026-08-20 01:00:00+00:00,tt_bsd,29.0,31.556555
1,2026-08-20 01:00:00+00:00,tt_cawang,14.0,24.99389
1,2026-08-20 01:00:00+00:00,tt_depok,31.0,27.075508
1,2026-08-20 01:00:00+00:00,tt_gatsu,37.0,42.69733
1,2026-08-20 01:00:00+00:00,tt_grogol,30.0,34.318546
1,2026-08-20 01:00:00+00:00,tt_kebonjeruk,26.0,26.978062
1,2026-08-20 01:00:00+00:00,tt_kelapagading,29.0,25.567358
1,2026-08-20 01:00:00+00:00,tt_kuningan,21.0,22.505514
1,2026-08-20 01:00:00+00:00,tt_sudirman,27.0,31.639084
1,2026-08-20 01:00:00+00:00,tt_tangerang,36.0,40.48341
1,2026-08-20 01:00:00+00:00,tt_tbsimatupang,18.0,40.711407
1,2026-08-20 01:00:00+00:00,tt_thamrin,18.0,20.650148
1,2026-08-20 02:00:00+00:00,tt_bekasi,18.0,19.89767
1,2026-08-20 02:00:00+00:00,tt_bogor,40.0,37.008877
1,2026-08-20 02:00:00+00:00,tt_bsd,34.0,31.933264
1,2026-08-20 02:00:00+00:00,tt_cawang,18.0,20.224918
1,2026-08-20 02:00:00+00:00,tt_depok,31.0,27.360783
1,2026-08-20 02:00:00+00:00,tt_gatsu,45.0,41.34693
1,2026-08-20 02:00:00+00:00,tt_grogol,30.0,31.628042
1,2026-08-20 02:00:00+00:00,tt_kebonjeruk,26.0,24.761433
1,2026-08-20 02:00:00+00:00,tt_kelapagading,25.0,26.070412
1,2026-08-20 02:00:00+00:00,tt_kuningan,21.0,20.288874
1,2026-08-20 02:00:00+00:00,tt_sudirman,25.0,27.025028
1,2026-08-20 02:00:00+00:00,tt_tangerang,48.0,38.45494
1,2026-08-20 02:00:00+00:00,tt_tbsimatupang,21.0,34.332848
1,2026-08-20 02:00:00+00:00,tt_thamrin,18.0,19.136581
1,2026-08-20 04:00:00+00:00,tt_bekasi,15.0,18.383018
1,2026-08-20 04:00:00+00:00,tt_bogor,35.0,35.442154
1,2026-08-20 04:00:00+00:00,tt_bsd,34.0,33.45941
1,2026-08-20 04:00:00+00:00,tt_cawang,20.0,20.355877
1,2026-08-20 04:00:00+00:00,tt_depok,27.0,27.805206
1,2026-08-20 04:00:00+00:00,tt_gatsu,45.0,39.359093
1,2026-08-20 04:00:00+00:00,tt_grogol,25.0,29.616753
1,2026-08-20 04:00:00+00:00,tt_kebonjeruk,25.0,24.57614
1,2026-08-20 04:00:00+00:00,tt_kelapagading,22.0,23.19296
1,2026-08-20 04:00:00+00:00,tt_kuningan,21.0,17.886456
1,2026-08-20 04:00:00+00:00,tt_sudirman,26.0,24.756277
1,2026-08-20 04:00:00+00:00,tt_tangerang,48.0,40.423477
1,2026-08-20 04:00:00+00:00,tt_tbsimatupang,45.0,34.001884
1,2026-08-20 04:00:00+00:00,tt_thamrin,13.0,18.290627
1,2026-08-20 06:00:00+00:00,tt_bekasi,15.0,16.152227
1,2026-08-20 06:00:00+00:00,tt_bogor,39.0,34.898846
1,2026-08-20 06:00:00+00:00,tt_bsd,34.0,34.218296
1,2026-08-20 06:00:00+00:00,tt_cawang,28.0,22.977383
1,2026-08-20 06:00:00+00:00,tt_depok,29.0,25.46709
1,2026-08-20 06:00:00+00:00,tt_gatsu,28.0,38.241177
1,2026-08-20 06:00:00+00:00,tt_grogol,29.0,30.524382
1,2026-08-20 06:00:00+00:00,tt_kebonjeruk,25.0,23.14033
1,2026-08-20 06:00:00+00:00,tt_kelapagading,20.0,18.95698
1,2026-08-20 06:00:00+00:00,tt_kuningan,16.0,16.669096
1,2026-08-20 06:00:00+00:00,tt_sudirman,21.0,24.189486
1,2026-08-20 06:00:00+00:00,tt_tangerang,38.0,40.411457
1,2026-08-20 06:00:00+00:00,tt_tbsimatupang,27.0,37.75072
1,2026-08-20 06:00:00+00:00,tt_thamrin,12.0,16.52726
1,2026-08-20 07:00:00+00:00,tt_bekasi,16.0,15.345258
1,2026-08-20 07:00:00+00:00,tt_bogor,36.0,34.22303
1,2026-08-20 07:00:00+00:00,tt_bsd,34.0,33.532158
1,2026-08-20 07:00:00+00:00,tt_cawang,21.0,24.860218
1,2026-08-20 07:00:00+00:00,tt_depok,26.0,25.550364
1,2026-08-20 07:00:00+00:00,tt_gatsu,20.0,35.280582
1,2026-08-20 07:00:00+00:00,tt_grogol,29.0,30.56466
1,2026-08-20 07:00:00+00:00,tt_kebonjeruk,22.0,22.23367
1,2026-08-20 07:00:00+00:00,tt_kelapagading,20.0,18.607035
1,2026-08-20 07:00:00+00:00,tt_kuningan,21.0,15.510724
1,2026-08-20 07:00:00+00:00,tt_sudirman,20.0,22.81326
1,2026-08-20 07:00:00+00:00,tt_tangerang,37.0,40.30401
1,2026-08-20 07:00:00+00:00,tt_tbsimatupang,49.0,38.677593
1,2026-08-20 07:00:00+00:00,tt_thamrin,12.0,16.143124
1,2026-08-20 09:00:00+00:00,tt_bekasi,14.0,15.190913
1,2026-08-20 09:00:00+00:00,tt_bogor,34.0,34.315964
1,2026-08-20 09:00:00+00:00,tt_bsd,28.0,32.590622
1,2026-08-20 09:00:00+00:00,tt_cawang,30.0,30.134588
1,2026-08-20 09:00:00+00:00,tt_depok,26.0,24.493288
1,2026-08-20 09:00:00+00:00,tt_gatsu,32.0,32.64817
1,2026-08-20 09:00:00+00:00,tt_grogol,31.0,31.873962
1,2026-08-20 09:00:00+00:00,tt_kebonjeruk,21.0,22.867506
1,2026-08-20 09:00:00+00:00,tt_kelapagading,21.0,19.474445
1,2026-08-20 09:00:00+00:00,tt_kuningan,13.0,15.109723
1,2026-08-20 09:00:00+00:00,tt_sudirman,23.0,22.807528
1,2026-08-20 09:00:00+00:00,tt_tangerang,34.0,40.17986
1,2026-08-20 09:00:00+00:00,tt_tbsimatupang,47.0,45.76377
1,2026-08-20 09:00:00+00:00,tt_thamrin,18.0,15.496358
1,2026-08-20 11:00:00+00:00,tt_bekasi,18.0,16.149017
1,2026-08-20 11:00:00+00:00,tt_bogor,35.0,35.48684
1,2026-08-20 11:00:00+00:00,tt_bsd,34.0,32.3561
1,2026-08-20 11:00:00+00:00,tt_cawang,33.0,35.74462
1,2026-08-20 11:00:00+00:00,tt_depok,26.0,25.197248
1,2026-08-20 11:00:00+00:00,tt_gatsu,7.0,33.142
1,2026-08-20 11:00:00+00:00,tt_grogol,29.0,33.253323
1,2026-08-20 11:00:00+00:00,tt_kebonjeruk,18.0,24.157454
1,2026-08-20 11:00:00+00:00,tt_kelapagading,21.0,22.46311
1,2026-08-20 11:00:00+00:00,tt_kuningan,16.0,16.676626
1,2026-08-20 11:00:00+00:00,tt_sudirman,12.0,25.099236
1,2026-08-20 11:00:00+00:00,tt_tangerang,35.0,40.633476
1,2026-08-20 11:00:00+00:00,tt_tbsimatupang,24.0,54.181973
1,2026-08-20 11:00:00+00:00,tt_thamrin,10.0,15.705787
1,2026-08-20 12:00:00+00:00,tt_bekasi,14.0,15.799067
1,2026-08-20 12:00:00+00:00,tt_bogor,37.0,34.405575
1,2026-08-20 12:00:00+00:00,tt_bsd,34.0,31.920486
1,2026-08-20 12:00:00+00:00,tt_cawang,43.0,35.390976
1,2026-08-20 12:00:00+00:00,tt_depok,24.0,25.398798
1,2026-08-20 12:00:00+00:00,tt_gatsu,10.0,30.32028
1,2026-08-20 12:00:00+00:00,tt_grogol,32.0,33.184902
1,2026-08-20 12:00:00+00:00,tt_kebonjeruk,23.0,22.118958
1,2026-08-20 12:00:00+00:00,tt_kelapagading,21.0,22.01017
1,2026-08-20 12:00:00+00:00,tt_kuningan,13.0,15.4085455
1,2026-08-20 12:00:00+00:00,tt_sudirman,22.0,21.81288
1,2026-08-20 12:00:00+00:00,tt_tangerang,48.0,40.342567
1,2026-08-20 12:00:00+00:00,tt_tbsimatupang,40.0,52.351067
1,2026-08-20 12:00:00+00:00,tt_thamrin,9.0,15.723016
1,2026-08-20 14:00:00+00:00,tt_bekasi,18.0,16.281284
1,2026-08-20 14:00:00+00:00,tt_bogor,38.0,37.610355
1,2026-08-20 14:00:00+00:00,tt_bsd,27.0,32.484413
1,2026-08-20 14:00:00+00:00,tt_cawang,32.0,39.084724
1,2026-08-20 14:00:00+00:00,tt_depok,31.0,26.584793
1,2026-08-20 14:00:00+00:00,tt_gatsu,45.0,33.943752
1,2026-08-20 14:00:00+00:00,tt_grogol,40.0,35.60162
1,2026-08-20 14:00:00+00:00,tt_kebonjeruk,28.0,24.615732
1,2026-08-20 14:00:00+00:00,tt_kelapagading,29.0,25.418142
1,2026-08-20 14:00:00+00:00,tt_kuningan,16.0,15.709809
1,2026-08-20 14:00:00+00:00,tt_sudirman,39.0,24.087868
1,2026-08-20 14:00:00+00:00,tt_tangerang,48.0,43.74668
1,2026-08-20 14:00:00+00:00,tt_tbsimatupang,59.0,61.819176
1,2026-08-20 14:00:00+00:00,tt_thamrin,13.0,16.05474
1,2026-08-20 16:00:00+00:00,tt_bekasi,15.0,16.996117
1,2026-08-20 16:00:00+00:00,tt_bogor,45.0,42.419613
1,2026-08-20 16:00:00+00:00,tt_bsd,34.0,34.076946
1,2026-08-20 16:00:00+00:00,tt_cawang,43.0,42.03975
1,2026-08-20 16:00:00+00:00,tt_depok,31.0,28.020067
1,2026-08-20 16:00:00+00:00,tt_gatsu,45.0,40.699795
1,2026-08-20 16:00:00+00:00,tt_grogol,40.0,38.983635
1,2026-08-20 16:00:00+00:00,tt_kebonjeruk,35.0,32.057823
1,2026-08-20 16:00:00+00:00,tt_kelapagading,29.0,27.18626
1,2026-08-20 16:00:00+00:00,tt_kuningan,21.0,17.889894
1,2026-08-20 16:00:00+00:00,tt_sudirman,39.0,32.98654
1,2026-08-20 16:00:00+00:00,tt_tangerang,48.0,47.453743
1,2026-08-20 16:00:00+00:00,tt_tbsimatupang,72.0,71.04601
1,2026-08-20 16:00:00+00:00,tt_thamrin,22.0,18.330431
1,2026-08-20 17:00:00+00:00,tt_bekasi,18.0,17.523125
1,2026-08-20 17:00:00+00:00,tt_bogor,45.0,45.29585
1,2026-08-20 17:00:00+00:00,tt_bsd,34.0,34.09212
1,2026-08-20 17:00:00+00:00,tt_cawang,43.0,44.30462
1,2026-08-20 17:00:00+00:00,tt_depok,31.0,29.438147
1,2026-08-20 17:00:00+00:00,tt_gatsu,45.0,43.18479
1,2026-08-20 17:00:00+00:00,tt_grogol,40.0,40.834965
1,2026-08-20 17:00:00+00:00,tt_kebonjeruk,35.0,34.981037
1,2026-08-20 17:00:00+00:00,tt_kelapagading,29.0,28.232851
1,2026-08-20 17:00:00+00:00,tt_kuningan,21.0,19.592583
1,2026-08-20 17:00:00+00:00,tt_sudirman,39.0,37.12271
1,2026-08-20 17:00:00+00:00,tt_tangerang,48.0,50.101547
1,2026-08-20 17:00:00+00:00,tt_tbsimatupang,72.0,75.804214
1,2026-08-20 17:00:00+00:00,tt_thamrin,22.0,21.002682
1,2026-08-20 19:00:00+00:00,tt_bekasi,18.0,18.319744
1,2026-08-20 19:00:00+00:00,tt_bogor,45.0,45.231644
1,2026-08-20 19:00:00+00:00,tt_bsd,34.0,35.126743
1,2026-08-20 19:00:00+00:00,tt_cawang,43.0,43.886272
1,2026-08-20 19:00:00+00:00,tt_depok,31.0,31.21598
1,2026-08-20 19:00:00+00:00,tt_gatsu,45.0,44.894897
1,2026-08-20 19:00:00+00:00,tt_grogol,40.0,41.11072
1,2026-08-20 19:00:00+00:00,tt_kebonjeruk,35.0,36.684387
1,2026-08-20 19:00:00+00:00,tt_kelapagading,29.0,28.342869
1,2026-08-20 19:00:00+00:00,tt_kuningan,21.0,19.575718
1,2026-08-20 19:00:00+00:00,tt_sudirman,39.0,39.149162
1,2026-08-20 19:00:00+00:00,tt_tangerang,48.0,49.673584
1,2026-08-20 19:00:00+00:00,tt_tbsimatupang,72.0,75.57762
1,2026-08-20 19:00:00+00:00,tt_thamrin,22.0,22.512165
1,2026-08-20 21:00:00+00:00,tt_bekasi,18.0,18.629257
1,2026-08-20 21:00:00+00:00,tt_bogor,45.0,42.916218
1,2026-08-20 21:00:00+00:00,tt_bsd,34.0,35.165844
1,2026-08-20 21:00:00+00:00,tt_cawang,43.0,40.476925
1,2026-08-20 21:00:00+00:00,tt_depok,31.0,31.780548
1,2026-08-20 21:00:00+00:00,tt_gatsu,45.0,46.17503
1,2026-08-20 21:00:00+00:00,tt_grogol,40.0,39.763485
1,2026-08-20 21:00:00+00:00,tt_kebonjeruk,35.0,36.193577
1,2026-08-20 21:00:00+00:00,tt_kelapagading,29.0,28.48823
1,2026-08-20 21:00:00+00:00,tt_kuningan,21.0,20.64789
1,2026-08-20 21:00:00+00:00,tt_sudirman,39.0,38.045372
1,2026-08-20 21:00:00+00:00,tt_tangerang,48.0,47.566208
1,2026-08-20 21:00:00+00:00,tt_tbsimatupang,72.0,68.662155
1,2026-08-20 21:00:00+00:00,tt_thamrin,22.0,23.015762
1,2026-08-20 22:00:00+00:00,tt_bekasi,18.0,18.330751
1,2026-08-20 22:00:00+00:00,tt_bogor,45.0,42.430984
1,2026-08-20 22:00:00+00:00,tt_bsd,34.0,34.572815
1,2026-08-20 22:00:00+00:00,tt_cawang,43.0,38.044495
1,2026-08-20 22:00:00+00:00,tt_depok,31.0,31.532804
1,2026-08-20 22:00:00+00:00,tt_gatsu,45.0,46.42428
1,2026-08-20 22:00:00+00:00,tt_grogol,40.0,39.167023
1,2026-08-20 22:00:00+00:00,tt_kebonjeruk,35.0,34.540195
1,2026-08-20 22:00:00+00:00,tt_kelapagading,29.0,28.262232
1,2026-08-20 22:00:00+00:00,tt_kuningan,21.0,20.953339
1,2026-08-20 22:00:00+00:00,tt_sudirman,39.0,37.480133
1,2026-08-20 22:00:00+00:00,tt_tangerang,48.0,46.25849
1,2026-08-20 22:00:00+00:00,tt_tbsimatupang,72.0,63.990158
1,2026-08-20 22:00:00+00:00,tt_thamrin,22.0,22.894772
1,2026-08-21 00:00:00+00:00,tt_bekasi,18.0,17.524973
1,2026-08-21 00:00:00+00:00,tt_bogor,35.0,40.932674
1,2026-08-21 00:00:00+00:00,tt_bsd,29.0,32.409645
1,2026-08-21 00:00:00+00:00,tt_cawang,18.0,31.45267
1,2026-08-21 00:00:00+00:00,tt_depok,25.0,30.089348
1,2026-08-21 00:00:00+00:00,tt_gatsu,45.0,44.93821
1,2026-08-21 00:00:00+00:00,tt_grogol,34.0,37.278095
1,2026-08-21 00:00:00+00:00,tt_kebonjeruk,25.0,32.064373
1,2026-08-21 00:00:00+00:00,tt_kelapagading,26.0,26.732325
1,2026-08-21 00:00:00+00:00,tt_kuningan,21.0,22.277132
1,2026-08-21 00:00:00+00:00,tt_sudirman,31.0,35.71139
1,2026-08-21 00:00:00+00:00,tt_tangerang,37.0,44.208496
1,2026-08-21 00:00:00+00:00,tt_tbsimatupang,32.0,53.067066
1,2026-08-21 00:00:00+00:00,tt_thamrin,22.0,21.442636
1,2026-08-21 02:00:00+00:00,tt_bekasi,17.0,19.78159
1,2026-08-21 02:00:00+00:00,tt_bogor,37.0,36.89949
1,2026-08-21 02:00:00+00:00,tt_bsd,28.0,32.047653
1,2026-08-21 02:00:00+00:00,tt_cawang,19.0,20.222055
1,2026-08-21 02:00:00+00:00,tt_depok,26.0,27.202868
1,2026-08-21 02:00:00+00:00,tt_gatsu,45.0,41.840626
1,2026-08-21 02:00:00+00:00,tt_grogol,31.0,31.677662
1,2026-08-21 02:00:00+00:00,tt_kebonjeruk,26.0,23.43651
1,2026-08-21 02:00:00+00:00,tt_kelapagading,29.0,26.140913
1,2026-08-21 02:00:00+00:00,tt_kuningan,21.0,20.957636
1,2026-08-21 02:00:00+00:00,tt_sudirman,23.0,27.396076
1,2026-08-21 02:00:00+00:00,tt_tangerang,37.0,38.39434
1,2026-08-21 02:00:00+00:00,tt_tbsimatupang,37.0,34.818478
1,2026-08-21 02:00:00+00:00,tt_thamrin,22.0,19.228355
1,2026-08-21 03:00:00+00:00,tt_bekasi,15.0,19.485899
1,2026-08-21 03:00:00+00:00,tt_bogor,38.0,35.698315
1,2026-08-21 03:00:00+00:00,tt_bsd,34.0,32.619595
1,2026-08-21 03:00:00+00:00,tt_cawang,21.0,20.798332
1,2026-08-21 03:00:00+00:00,tt_depok,31.0,28.075607
1,2026-08-21 03:00:00+00:00,tt_gatsu,45.0,40.612614
1,2026-08-21 03:00:00+00:00,tt_grogol,27.0,30.636106
1,2026-08-21 03:00:00+00:00,tt_kebonjeruk,24.0,23.415688
1,2026-08-21 03:00:00+00:00,tt_kelapagading,23.0,24.166193
1,2026-08-21 03:00:00+00:00,tt_kuningan,16.0,20.522274
1,2026-08-21 03:00:00+00:00,tt_sudirman,28.0,26.548235
1,2026-08-21 03:00:00+00:00,tt_tangerang,48.0,38.85122
1,2026-08-21 03:00:00+00:00,tt_tbsimatupang,48.0,35.626083
1,2026-08-21 03:00:00+00:00,tt_thamrin,16.0,19.113304
1,2026-08-21 05:00:00+00:00,tt_bekasi,16.0,17.711779
1,2026-08-21 05:00:00+00:00,tt_bogor,45.0,34.859715
1,2026-08-21 05:00:00+00:00,tt_bsd,34.0,34.195282
1,2026-08-21 05:00:00+00:00,tt_cawang,43.0,22.626753
1,2026-08-21 05:00:00+00:00,tt_depok,31.0,26.511257
1,2026-08-21 05:00:00+00:00,tt_gatsu,45.0,39.444607
1,2026-08-21 05:00:00+00:00,tt_grogol,32.0,31.033314
1,2026-08-21 05:00:00+00:00,tt_kebonjeruk,27.0,23.640629
1,2026-08-21 05:00:00+00:00,tt_kelapagading,23.0,20.123766
1,2026-08-21 05:00:00+00:00,tt_kuningan,21.0,18.6781
1,2026-08-21 05:00:00+00:00,tt_sudirman,34.0,25.510534
1,2026-08-21 05:00:00+00:00,tt_tangerang,48.0,39.702248
1,2026-08-21 05:00:00+00:00,tt_tbsimatupang,72.0,37.632534
1,2026-08-21 05:00:00+00:00,tt_thamrin,21.0,17.606268
1,2026-08-21 07:00:00+00:00,tt_bekasi,14.0,18.467806
1,2026-08-21 07:00:00+00:00,tt_bogor,35.0,34.44084
1,2026-08-21 07:00:00+00:00,tt_bsd,34.0,33.885563
1,2026-08-21 07:00:00+00:00,tt_cawang,28.0,31.402807
1,2026-08-21 07:00:00+00:00,tt_depok,25.0,27.107384
1,2026-08-21 07:00:00+00:00,tt_gatsu,36.0,39.028576
1,2026-08-21 07:00:00+00:00,tt_grogol,28.0,31.976822
1,2026-08-21 07:00:00+00:00,tt_kebonjeruk,21.0,27.654486
1,2026-08-21 07:00:00+00:00,tt_kelapagading,20.0,22.40477
1,2026-08-21 07:00:00+00:00,tt_kuningan,21.0,21.46789
1,2026-08-21 07:00:00+00:00,tt_sudirman,18.0,31.497402
1,2026-08-21 07:00:00+00:00,tt_tangerang,39.0,40.621346
1,2026-08-21 07:00:00+00:00,tt_tbsimatupang,52.0,48.888447
1,2026-08-21 07:00:00+00:00,tt_thamrin,18.0,19.145205
1,2026-08-21 08:00:00+00:00,tt_bekasi,16.0,16.613056
1,2026-08-21 08:00:00+00:00,tt_bogor,34.0,34.146038
1,2026-08-21 08:00:00+00:00,tt_bsd,34.0,33.703316
1,2026-08-21 08:00:00+00:00,tt_cawang,31.0,30.632734
1,2026-08-21 08:00:00+00:00,tt_depok,25.0,25.949835
1,2026-08-21 08:00:00+00:00,tt_gatsu,35.0,35.710854
1,2026-08-21 08:00:00+00:00,tt_grogol,29.0,33.47155
1,2026-08-21 08:00:00+00:00,tt_kebonjeruk,24.0,24.45685
1,2026-08-21 08:00:00+00:00,tt_kelapagading,21.0,19.61156
1,2026-08-21 08:00:00+00:00,tt_kuningan,17.0,18.276012
1,2026-08-21 08:00:00+00:00,tt_sudirman,24.0,26.80033
1,2026-08-21 08:00:00+00:00,tt_tangerang,40.0,39.729324
1,2026-08-21 08:00:00+00:00,tt_tbsimatupang,38.0,48.030426
1,2026-08-21 08:00:00+00:00,tt_thamrin,10.0,16.571653
3,2026-08-18 04:00:00+00:00,tt_bekasi,15.0,17.58614
3,2026-08-18 04:00:00+00:00,tt_bogor,33.0,36.745544
3,2026-08-18 04:00:00+00:00,tt_bsd,28.0,33.534424
3,2026-08-18 04:00:00+00:00,tt_cawang,22.0,21.940258
3,2026-08-18 04:00:00+00:00,tt_depok,31.0,28.00329
3,2026-08-18 04:00:00+00:00,tt_gatsu,32.0,38.40791
3,2026-08-18 04:00:00+00:00,tt_grogol,27.0,30.882307
3,2026-08-18 04:00:00+00:00,tt_kebonjeruk,25.0,24.227732
3,2026-08-18 04:00:00+00:00,tt_kelapagading,29.0,21.948227
3,2026-08-18 04:00:00+00:00,tt_kuningan,16.0,19.157095
3,2026-08-18 04:00:00+00:00,tt_sudirman,24.0,26.363224
3,2026-08-18 04:00:00+00:00,tt_tangerang,36.0,38.75582
3,2026-08-18 04:00:00+00:00,tt_tbsimatupang,55.0,35.411922
3,2026-08-18 04:00:00+00:00,tt_thamrin,18.0,19.056662
3,2026-08-18 05:00:00+00:00,tt_bekasi,15.0,16.904408
3,2026-08-18 05:00:00+00:00,tt_bogor,38.0,35.311867
3,2026-08-18 05:00:00+00:00,tt_bsd,28.0,32.80353
3,2026-08-18 05:00:00+00:00,tt_cawang,28.0,24.54752
3,2026-08-18 05:00:00+00:00,tt_depok,26.0,28.138659
3,2026-08-18 05:00:00+00:00,tt_gatsu,45.0,35.773182
3,2026-08-18 05:00:00+00:00,tt_grogol,36.0,31.353563
3,2026-08-18 05:00:00+00:00,tt_kebonjeruk,22.0,24.487337
3,2026-08-18 05:00:00+00:00,tt_kelapagading,22.0,21.801006
3,2026-08-18 05:00:00+00:00,tt_kuningan,21.0,19.836254
3,2026-08-18 05:00:00+00:00,tt_sudirman,31.0,26.058216
3,2026-08-18 05:00:00+00:00,tt_tangerang,41.0,37.90375
3,2026-08-18 05:00:00+00:00,tt_tbsimatupang,51.0,38.824406
3,2026-08-18 05:00:00+00:00,tt_thamrin,20.0,20.00666
3,2026-08-18 07:00:00+00:00,tt_bekasi,15.0,16.510101
3,2026-08-18 07:00:00+00:00,tt_bogor,34.0,32.97904
3,2026-08-18 07:00:00+00:00,tt_bsd,30.0,32.648773
3,2026-08-18 07:00:00+00:00,tt_cawang,43.0,27.593449
3,2026-08-18 07:00:00+00:00,tt_depok,31.0,27.21881
3,2026-08-18 07:00:00+00:00,tt_gatsu,45.0,32.783123
3,2026-08-18 07:00:00+00:00,tt_grogol,32.0,32.111324
3,2026-08-18 07:00:00+00:00,tt_kebonjeruk,25.0,22.023462
3,2026-08-18 07:00:00+00:00,tt_kelapagading,22.0,22.940693
3,2026-08-18 07:00:00+00:00,tt_kuningan,15.0,18.651512
3,2026-08-18 07:00:00+00:00,tt_sudirman,28.0,23.707634
3,2026-08-18 07:00:00+00:00,tt_tangerang,38.0,37.64199
3,2026-08-18 07:00:00+00:00,tt_tbsimatupang,57.0,42.918884
3,2026-08-18 07:00:00+00:00,tt_thamrin,22.0,19.424742
3,2026-08-18 09:00:00+00:00,tt_bekasi,14.0,16.381838
3,2026-08-18 09:00:00+00:00,tt_bogor,35.0,33.231625
3,2026-08-18 09:00:00+00:00,tt_bsd,28.0,33.099815
3,2026-08-18 09:00:00+00:00,tt_cawang,29.0,30.284946
3,2026-08-18 09:00:00+00:00,tt_depok,24.0,26.434877
3,2026-08-18 09:00:00+00:00,tt_gatsu,45.0,33.18268
3,2026-08-18 09:00:00+00:00,tt_grogol,32.0,32.959064
3,2026-08-18 09:00:00+00:00,tt_kebonjeruk,23.0,23.31286
3,2026-08-18 09:00:00+00:00,tt_kelapagading,23.0,21.936977
3,2026-08-18 09:00:00+00:00,tt_kuningan,21.0,16.705198
3,2026-08-18 09:00:00+00:00,tt_sudirman,31.0,23.815998
3,2026-08-18 09:00:00+00:00,tt_tangerang,38.0,39.568344
3,2026-08-18 09:00:00+00:00,tt_tbsimatupang,43.0,49.45527
3,2026-08-18 09:00:00+00:00,tt_thamrin,22.0,16.118036
3,2026-08-18 10:00:00+00:00,tt_bekasi,14.0,17.63282
3,2026-08-18 10:00:00+00:00,tt_bogor,35.0,34.49428
3,2026-08-18 10:00:00+00:00,tt_bsd,34.0,33.526814
3,2026-08-18 10:00:00+00:00,tt_cawang,30.0,32.99749
3,2026-08-18 10:00:00+00:00,tt_depok,25.0,27.360374
3,2026-08-18 10:00:00+00:00,tt_gatsu,4.0,32.943073
3,2026-08-18 10:00:00+00:00,tt_grogol,31.0,33.8249
3,2026-08-18 10:00:00+00:00,tt_kebonjeruk,21.0,24.28674
3,2026-08-18 10:00:00+00:00,tt_kelapagading,21.0,23.354675
3,2026-08-18 10:00:00+00:00,tt_kuningan,14.0,18.203869
3,2026-08-18 10:00:00+00:00,tt_sudirman,23.0,25.188633
3,2026-08-18 10:00:00+00:00,tt_tangerang,34.0,40.603592
3,2026-08-18 10:00:00+00:00,tt_tbsimatupang,44.0,52.968136
3,2026-08-18 10:00:00+00:00,tt_thamrin,22.0,17.111147
3,2026-08-18 12:00:00+00:00,tt_bekasi,14.0,17.105913
3,2026-08-18 12:00:00+00:00,tt_bogor,35.0,37.830345
3,2026-08-18 12:00:00+00:00,tt_bsd,34.0,33.524147
3,2026-08-18 12:00:00+00:00,tt_cawang,34.0,36.001137
3,2026-08-18 12:00:00+00:00,tt_depok,26.0,27.212334
3,2026-08-18 12:00:00+00:00,tt_gatsu,45.0,36.49493
3,2026-08-18 12:00:00+00:00,tt_grogol,32.0,36.078396
3,2026-08-18 12:00:00+00:00,tt_kebonjeruk,25.0,26.961767
3,2026-08-18 12:00:00+00:00,tt_kelapagading,22.0,23.707806
3,2026-08-18 12:00:00+00:00,tt_kuningan,13.0,19.834288
3,2026-08-18 12:00:00+00:00,tt_sudirman,29.0,28.445097
3,2026-08-18 12:00:00+00:00,tt_tangerang,48.0,43.531055
3,2026-08-18 12:00:00+00:00,tt_tbsimatupang,72.0,58.641724
3,2026-08-18 12:00:00+00:00,tt_thamrin,17.0,16.646233
3,2026-08-18 14:00:00+00:00,tt_bekasi,16.0,18.935776
3,2026-08-18 14:00:00+00:00,tt_bogor,45.0,41.935932
3,2026-08-18 14:00:00+00:00,tt_bsd,34.0,32.68961
3,2026-08-18 14:00:00+00:00,tt_cawang,32.0,40.843937
3,2026-08-18 14:00:00+00:00,tt_depok,26.0,29.450207
3,2026-08-18 14:00:00+00:00,tt_gatsu,45.0,39.5452
3,2026-08-18 14:00:00+00:00,tt_grogol,40.0,37.917126
3,2026-08-18 14:00:00+00:00,tt_kebonjeruk,31.0,31.671953
3,2026-08-18 14:00:00+00:00,tt_kelapagading,29.0,25.972097
3,2026-08-18 14:00:00+00:00,tt_kuningan,16.0,19.530264
3,2026-08-18 14:00:00+00:00,tt_sudirman,30.0,32.027504
3,2026-08-18 14:00:00+00:00,tt_tangerang,48.0,46.16268
3,2026-08-18 14:00:00+00:00,tt_tbsimatupang,72.0,65.50617
3,2026-08-18 14:00:00+00:00,tt_thamrin,22.0,19.056578
3,2026-08-18 15:00:00+00:00,tt_bekasi,16.0,17.987349
3,2026-08-18 15:00:00+00:00,tt_bogor,45.0,43.59636
3,2026-08-18 15:00:00+00:00,tt_bsd,34.0,33.958378
3,2026-08-18 15:00:00+00:00,tt_cawang,43.0,42.32776
3,2026-08-18 15:00:00+00:00,tt_depok,31.0,30.252035
3,2026-08-18 15:00:00+00:00,tt_gatsu,45.0,42.44999
3,2026-08-18 15:00:00+00:00,tt_grogol,40.0,39.639698
3,2026-08-18 15:00:00+00:00,tt_kebonjeruk,35.0,33.040146
3,2026-08-18 15:00:00+00:00,tt_kelapagading,29.0,26.535568
3,2026-08-18 15:00:00+00:00,tt_kuningan,21.0,20.689047
3,2026-08-18 15:00:00+00:00,tt_sudirman,39.0,34.729828
3,2026-08-18 15:00:00+00:00,tt_tangerang,48.0,46.933693
3,2026-08-18 15:00:00+00:00,tt_tbsimatupang,72.0,70.25336
3,2026-08-18 15:00:00+00:00,tt_thamrin,22.0,19.35112
3,2026-08-18 17:00:00+00:00,tt_bekasi,17.0,16.289404
3,2026-08-18 17:00:00+00:00,tt_bogor,45.0,45.03757
3,2026-08-18 17:00:00+00:00,tt_bsd,34.0,34.432556
3,2026-08-18 17:00:00+00:00,tt_cawang,43.0,43.94917
3,2026-08-18 17:00:00+00:00,tt_depok,31.0,30.113716
3,2026-08-18 17:00:00+00:00,tt_gatsu,45.0,45.2904
3,2026-08-18 17:00:00+00:00,tt_grogol,40.0,41.19998
3,2026-08-18 17:00:00+00:00,tt_kebonjeruk,35.0,34.775208
3,2026-08-18 17:00:00+00:00,tt_kelapagading,29.0,26.882713
3,2026-08-18 17:00:00+00:00,tt_kuningan,21.0,20.900988
3,2026-08-18 17:00:00+00:00,tt_sudirman,39.0,36.910275
3,2026-08-18 17:00:00+00:00,tt_tangerang,48.0,48.329044
3,2026-08-18 17:00:00+00:00,tt_tbsimatupang,72.0,74.89934
3,2026-08-18 17:00:00+00:00,tt_thamrin,22.0,19.142788
3,2026-08-18 19:00:00+00:00,tt_bekasi,17.0,17.278059
3,2026-08-18 19:00:00+00:00,tt_bogor,45.0,44.377937
3,2026-08-18 19:00:00+00:00,tt_bsd,34.0,34.294292
3,2026-08-18 19:00:00+00:00,tt_cawang,43.0,42.442966
3,2026-08-18 19:00:00+00:00,tt_depok,31.0,31.053436
3,2026-08-18 19:00:00+00:00,tt_gatsu,45.0,46.079327
3,2026-08-18 19:00:00+00:00,tt_grogol,40.0,41.050343
3,2026-08-18 19:00:00+00:00,tt_kebonjeruk,35.0,35.33954
3,2026-08-18 19:00:00+00:00,tt_kelapagading,29.0,29.333681
3,2026-08-18 19:00:00+00:00,tt_kuningan,21.0,22.459518
3,2026-08-18 19:00:00+00:00,tt_sudirman,39.0,38.637844
3,2026-08-18 19:00:00+00:00,tt_tangerang,48.0,47.435883
3,2026-08-18 19:00:00+00:00,tt_tbsimatupang,72.0,71.101166
3,2026-08-18 19:00:00+00:00,tt_thamrin,22.0,21.455812
3,2026-08-18 20:00:00+00:00,tt_bekasi,17.0,17.706047
3,2026-08-18 20:00:00+00:00,tt_bogor,45.0,43.70254
3,2026-08-18 20:00:00+00:00,tt_bsd,34.0,34.055973
3,2026-08-18 20:00:00+00:00,tt_cawang,43.0,39.823933
3,2026-08-18 20:00:00+00:00,tt_depok,31.0,30.9635
3,2026-08-18 20:00:00+00:00,tt_gatsu,45.0,45.984203
3,2026-08-18 20:00:00+00:00,tt_grogol,40.0,40.346043
3,2026-08-18 20:00:00+00:00,tt_kebonjeruk,35.0,34.949295
3,2026-08-18 20:00:00+00:00,tt_kelapagading,29.0,29.914057
3,2026-08-18 20:00:00+00:00,tt_kuningan,21.0,22.351845
3,2026-08-18 20:00:00+00:00,tt_sudirman,39.0,37.905533
3,2026-08-18 20:00:00+00:00,tt_tangerang,48.0,46.726917
3,2026-08-18 20:00:00+00:00,tt_tbsimatupang,72.0,67.142494
3,2026-08-18 20:00:00+00:00,tt_thamrin,22.0,21.949194
3,2026-08-18 22:00:00+00:00,tt_bekasi,17.0,18.568884
3,2026-08-18 22:00:00+00:00,tt_bogor,45.0,40.966553
3,2026-08-18 22:00:00+00:00,tt_bsd,34.0,33.540745
3,2026-08-18 22:00:00+00:00,tt_cawang,43.0,32.97476
3,2026-08-18 22:00:00+00:00,tt_depok,31.0,30.360779
3,2026-08-18 22:00:00+00:00,tt_gatsu,45.0,45.263092
3,2026-08-18 22:00:00+00:00,tt_grogol,40.0,37.399445
3,2026-08-18 22:00:00+00:00,tt_kebonjeruk,35.0,32.699905
3,2026-08-18 22:00:00+00:00,tt_kelapagading,29.0,29.760763
3,2026-08-18 22:00:00+00:00,tt_kuningan,21.0,21.406113
3,2026-08-18 22:00:00+00:00,tt_sudirman,39.0,35.46608
3,2026-08-18 22:00:00+00:00,tt_tangerang,48.0,45.31343
3,2026-08-18 22:00:00+00:00,tt_tbsimatupang,72.0,57.059265
3,2026-08-18 22:00:00+00:00,tt_thamrin,22.0,21.756075
3,2026-08-19 00:00:00+00:00,tt_bekasi,15.0,18.910767
3,2026-08-19 00:00:00+00:00,tt_bogor,35.0,37.70259
3,2026-08-19 00:00:00+00:00,tt_bsd,29.0,32.07071
3,2026-08-19 00:00:00+00:00,tt_cawang,20.0,25.924532
3,2026-08-19 00:00:00+00:00,tt_depok,31.0,28.836052
3,2026-08-19 00:00:00+00:00,tt_gatsu,45.0,44.88503
3,2026-08-19 00:00:00+00:00,tt_grogol,40.0,34.461056
3,2026-08-19 00:00:00+00:00,tt_kebonjeruk,27.0,29.661692
3,2026-08-19 00:00:00+00:00,tt_kelapagading,29.0,27.932903
3,2026-08-19 00:00:00+00:00,tt_kuningan,21.0,19.602087
3,2026-08-19 00:00:00+00:00,tt_sudirman,39.0,32.834576
3,2026-08-19 00:00:00+00:00,tt_tangerang,48.0,43.51315
3,2026-08-19 00:00:00+00:00,tt_tbsimatupang,39.0,46.818203
3,2026-08-19 00:00:00+00:00,tt_thamrin,19.0,19.622137
3,2026-08-19 01:00:00+00:00,tt_bekasi,16.0,18.536797
3,2026-08-19 01:00:00+00:00,tt_bogor,37.0,36.38456
3,2026-08-19 01:00:00+00:00,tt_bsd,34.0,31.378693
3,2026-08-19 01:00:00+00:00,tt_cawang,13.0,22.934757
3,2026-08-19 01:00:00+00:00,tt_depok,27.0,28.446474
3,2026-08-19 01:00:00+00:00,tt_gatsu,13.0,44.385857
3,2026-08-19 01:00:00+00:00,tt_grogol,32.0,33.162987
3,2026-08-19 01:00:00+00:00,tt_kebonjeruk,25.0,28.365252
3,2026-08-19 01:00:00+00:00,tt_kelapagading,29.0,26.360886
3,2026-08-19 01:00:00+00:00,tt_kuningan,21.0,19.111094
3,2026-08-19 01:00:00+00:00,tt_sudirman,22.0,31.28819
3,2026-08-19 01:00:00+00:00,tt_tangerang,39.0,42.38681
3,2026-08-19 01:00:00+00:00,tt_tbsimatupang,18.0,41.990913
3,2026-08-19 01:00:00+00:00,tt_thamrin,22.0,18.51097
3,2026-08-19 03:00:00+00:00,tt_bekasi,16.0,17.381178
3,2026-08-19 03:00:00+00:00,tt_bogor,37.0,36.628963
3,2026-08-19 03:00:00+00:00,tt_bsd,34.0,32.440826
3,2026-08-19 03:00:00+00:00,tt_cawang,20.0,18.332535
3,2026-08-19 03:00:00+00:00,tt_depok,31.0,26.928879
3,2026-08-19 03:00:00+00:00,tt_gatsu,45.0,42.470394
3,2026-08-19 03:00:00+00:00,tt_grogol,31.0,30.449488
3,2026-08-19 03:00:00+00:00,tt_kebonjeruk,23.0,24.22767
3,2026-08-19 03:00:00+00:00,tt_kelapagading,29.0,21.235683
3,2026-08-19 03:00:00+00:00,tt_kuningan,16.0,18.499039
3,2026-08-19 03:00:00+00:00,tt_sudirman,24.0,26.929462
3,2026-08-19 03:00:00+00:00,tt_tangerang,40.0,39.82009
3,2026-08-19 03:00:00+00:00,tt_tbsimatupang,33.0,31.122564
3,2026-08-19 03:00:00+00:00,tt_thamrin,20.0,16.962564
3,2026-08-19 05:00:00+00:00,tt_bekasi,15.0,18.238956
3,2026-08-19 05:00:00+00:00,tt_bogor,32.0,34.95694
3,2026-08-19 05:00:00+00:00,tt_bsd,34.0,32.42841
3,2026-08-19 05:00:00+00:00,tt_cawang,17.0,25.325392
3,2026-08-19 05:00:00+00:00,tt_depok,31.0,29.510122
3,2026-08-19 05:00:00+00:00,tt_gatsu,45.0,37.03299
3,2026-08-19 05:00:00+00:00,tt_grogol,31.0,31.509995
3,2026-08-19 05:00:00+00:00,tt_kebonjeruk,24.0,25.74989
3,2026-08-19 05:00:00+00:00,tt_kelapagading,21.0,22.09272
3,2026-08-19 05:00:00+00:00,tt_kuningan,17.0,19.911211
3,2026-08-19 05:00:00+00:00,tt_sudirman,27.0,27.413696
3,2026-08-19 05:00:00+00:00,tt_tangerang,40.0,37.445763
3,2026-08-19 05:00:00+00:00,tt_tbsimatupang,43.0,37.225952
3,2026-08-19 05:00:00+00:00,tt_thamrin,17.0,20.140163
3,2026-08-19 06:00:00+00:00,tt_bekasi,18.0,17.365385
3,2026-08-19 06:00:00+00:00,tt_bogor,35.0,34.284573
3,2026-08-19 06:00:00+00:00,tt_bsd,34.0,32.514126
3,2026-08-19 06:00:00+00:00,tt_cawang,19.0,25.988245
3,2026-08-19 06:00:00+00:00,tt_depok,27.0,28.135344
3,2026-08-19 06:00:00+00:00,tt_gatsu,30.0,35.547226
3,2026-08-19 06:00:00+00:00,tt_grogol,27.0,32.081272
3,2026-08-19 06:00:00+00:00,tt_kebonjeruk,21.0,24.131605
3,2026-08-19 06:00:00+00:00,tt_kelapagading,21.0,21.76113
3,2026-08-19 06:00:00+00:00,tt_kuningan,21.0,18.845339
3,2026-08-19 06:00:00+00:00,tt_sudirman,18.0,25.338602
3,2026-08-19 06:00:00+00:00,tt_tangerang,38.0,37.25109
3,2026-08-19 06:00:00+00:00,tt_tbsimatupang,48.0,40.386246
3,2026-08-19 06:00:00+00:00,tt_thamrin,13.0,19.721931
3,2026-08-19 08:00:00+00:00,tt_bekasi,15.0,16.366959
3,2026-08-19 08:00:00+00:00,tt_bogor,34.0,32.948353
3,2026-08-19 08:00:00+00:00,tt_bsd,28.0,32.722763
3,2026-08-19 08:00:00+00:00,tt_cawang,32.0,27.456913
3,2026-08-19 08:00:00+00:00,tt_depok,25.0,26.187868
3,2026-08-19 08:00:00+00:00,tt_gatsu,26.0,33.900284
3,2026-08-19 08:00:00+00:00,tt_grogol,27.0,32.447594
3,2026-08-19 08:00:00+00:00,tt_kebonjeruk,18.0,22.279797
3,2026-08-19 08:00:00+00:00,tt_kelapagading,22.0,20.913784
3,2026-08-19 08:00:00+00:00,tt_kuningan,21.0,16.00418
3,2026-08-19 08:00:00+00:00,tt_sudirman,22.0,22.980127
3,2026-08-19 08:00:00+00:00,tt_tangerang,48.0,38.21247
3,2026-08-19 08:00:00+00:00,tt_tbsimatupang,32.0,45.758816
3,2026-08-19 08:00:00+00:00,tt_thamrin,8.0,17.745594
3,2026-08-19 10:00:00+00:00,tt_bekasi,13.0,17.008617
3,2026-08-19 10:00:00+00:00,tt_bogor,30.0,33.871017
3,2026-08-19 10:00:00+00:00,tt_bsd,34.0,32.53791
3,2026-08-19 10:00:00+00:00,tt_cawang,43.0,31.958937
3,2026-08-19 10:00:00+00:00,tt_depok,23.0,26.180767
3,2026-08-19 10:00:00+00:00,tt_gatsu,23.0,33.147224
3,2026-08-19 10:00:00+00:00,tt_grogol,30.0,32.823936
3,2026-08-19 10:00:00+00:00,tt_kebonjeruk,19.0,22.07199
3,2026-08-19 10:00:00+00:00,tt_kelapagading,22.0,23.067516
3,2026-08-19 10:00:00+00:00,tt_kuningan,16.0,15.079755
3,2026-08-19 10:00:00+00:00,tt_sudirman,19.0,22.863045
3,2026-08-19 10:00:00+00:00,tt_tangerang,28.0,40.110817
3,2026-08-19 10:00:00+00:00,tt_tbsimatupang,34.0,53.403404
3,2026-08-19 10:00:00+00:00,tt_thamrin,17.0,16.133783
3,2026-08-19 11:00:00+00:00,tt_bekasi,18.0,17.338152
3,2026-08-19 11:00:00+00:00,tt_bogor,33.0,34.70748
3,2026-08-19 11:00:00+00:00,tt_bsd,27.0,32.303577
3,2026-08-19 11:00:00+00:00,tt_cawang,43.0,34.07612
3,2026-08-19 11:00:00+00:00,tt_depok,25.0,26.700533
3,2026-08-19 11:00:00+00:00,tt_gatsu,35.0,33.058846
3,2026-08-19 11:00:00+00:00,tt_grogol,32.0,33.479652
3,2026-08-19 11:00:00+00:00,tt_kebonjeruk,21.0,23.354149
3,2026-08-19 11:00:00+00:00,tt_kelapagading,20.0,24.46182
3,2026-08-19 11:00:00+00:00,tt_kuningan,16.0,15.083615
3,2026-08-19 11:00:00+00:00,tt_sudirman,16.0,24.490854
3,2026-08-19 11:00:00+00:00,tt_tangerang,26.0,41.858818
3,2026-08-19 11:00:00+00:00,tt_tbsimatupang,44.0,57.426334
3,2026-08-19 11:00:00+00:00,tt_thamrin,10.0,15.607554
3,2026-08-19 13:00:00+00:00,tt_bekasi,18.0,18.935463
3,2026-08-19 13:00:00+00:00,tt_bogor,45.0,38.098667
3,2026-08-19 13:00:00+00:00,tt_bsd,34.0,32.881676
3,2026-08-19 13:00:00+00:00,tt_cawang,43.0,38.557037
3,2026-08-19 13:00:00+00:00,tt_depok,25.0,28.08783
3,2026-08-19 13:00:00+00:00,tt_gatsu,45.0,34.86567
3,2026-08-19 13:00:00+00:00,tt_grogol,31.0,35.707386
3,2026-08-19 13:00:00+00:00,tt_kebonjeruk,27.0,26.747272
3,2026-08-19 13:00:00+00:00,tt_kelapagading,23.0,25.557922
3,2026-08-19 13:00:00+00:00,tt_kuningan,13.0,17.022198
3,2026-08-19 13:00:00+00:00,tt_sudirman,30.0,28.310709
3,2026-08-19 13:00:00+00:00,tt_tangerang,48.0,45.03931
3,2026-08-19 13:00:00+00:00,tt_tbsimatupang,72.0,63.263634
3,2026-08-19 13:00:00+00:00,tt_thamrin,20.0,16.87866
3,2026-08-19 15:00:00+00:00,tt_bekasi,16.0,19.040892
3,2026-08-19 15:00:00+00:00,tt_bogor,38.0,41.8249
3,2026-08-19 15:00:00+00:00,tt_bsd,34.0,32.817493
3,2026-08-19 15:00:00+00:00,tt_cawang,32.0,41.242268
3,2026-08-19 15:00:00+00:00,tt_depok,31.0,28.835562
3,2026-08-19 15:00:00+00:00,tt_gatsu,45.0,39.03031
3,2026-08-19 15:00:00+00:00,tt_grogol,40.0,37.860428
3,2026-08-19 15:00:00+00:00,tt_kebonjeruk,31.0,29.954851
3,2026-08-19 15:00:00+00:00,tt_kelapagading,29.0,26.334393
3,2026-08-19 15:00:00+00:00,tt_kuningan,21.0,18.289774
3,2026-08-19 15:00:00+00:00,tt_sudirman,29.0,31.829885
3,2026-08-19 15:00:00+00:00,tt_tangerang,48.0,48.03878
3,2026-08-19 15:00:00+00:00,tt_tbsimatupang,72.0,68.68408
3,2026-08-19 15:00:00+00:00,tt_thamrin,21.0,17.59084
3,2026-08-19 16:00:00+00:00,tt_bekasi,18.0,17.614532
3,2026-08-19 16:00:00+00:00,tt_bogor,45.0,43.809895
3,2026-08-19 16:00:00+00:00,tt_bsd,34.0,34.068695
3,2026-08-19 16:00:00+00:00,tt_cawang,43.0,43.33466
3,2026-08-19 16:00:00+00:00,tt_depok,31.0,30.749966
3,2026-08-19 16:00:00+00:00,tt_gatsu,45.0,42.56304
3,2026-08-19 16:00:00+00:00,tt_grogol,40.0,39.74859
3,2026-08-19 16:00:00+00:00,tt_kebonjeruk,35.0,33.36375
3,2026-08-19 16:00:00+00:00,tt_kelapagading,29.0,27.314432
3,2026-08-19 16:00:00+00:00,tt_kuningan,21.0,20.719103
3,2026-08-19 16:00:00+00:00,tt_sudirman,39.0,35.850727
3,2026-08-19 16:00:00+00:00,tt_tangerang,48.0,48.681034
3,2026-08-19 16:00:00+00:00,tt_tbsimatupang,72.0,73.53337
3,2026-08-19 16:00:00+00:00,tt_thamrin,22.0,19.036575
3,2026-08-19 18:00:00+00:00,tt_bekasi,18.0,16.49691
3,2026-08-19 18:00:00+00:00,tt_bogor,45.0,44.94919
3,2026-08-19 18:00:00+00:00,tt_bsd,34.0,34.222115
3,2026-08-19 18:00:00+00:00,tt_cawang,43.0,44.098686
3,2026-08-19 18:00:00+00:00,tt_depok,31.0,30.69041
3,2026-08-19 18:00:00+00:00,tt_gatsu,45.0,44.758335
3,2026-08-19 18:00:00+00:00,tt_grogol,40.0,40.606754
3,2026-08-19 18:00:00+00:00,tt_kebonjeruk,35.0,35.03916
3,2026-08-19 18:00:00+00:00,tt_kelapagading,29.0,27.615076
3,2026-08-19 18:00:00+00:00,tt_kuningan,21.0,21.300835
3,2026-08-19 18:00:00+00:00,tt_sudirman,39.0,37.125877
3,2026-08-19 18:00:00+00:00,tt_tangerang,44.0,48.96895
3,2026-08-19 18:00:00+00:00,tt_tbsimatupang,72.0,75.36048
3,2026-08-19 18:00:00+00:00,tt_thamrin,22.0,19.754614
3,2026-08-19 20:00:00+00:00,tt_bekasi,18.0,17.167662
3,2026-08-19 20:00:00+00:00,tt_bogor,45.0,44.794685
3,2026-08-19 20:00:00+00:00,tt_bsd,34.0,34.265648
3,2026-08-19 20:00:00+00:00,tt_cawang,43.0,43.165703
3,2026-08-19 20:00:00+00:00,tt_depok,31.0,31.547153
3,2026-08-19 20:00:00+00:00,tt_gatsu,45.0,46.220913
3,2026-08-19 20:00:00+00:00,tt_grogol,40.0,41.118744
3,2026-08-19 20:00:00+00:00,tt_kebonjeruk,35.0,35.926098
3,2026-08-19 20:00:00+00:00,tt_kelapagading,29.0,29.507446
3,2026-08-19 20:00:00+00:00,tt_kuningan,21.0,22.582071
3,2026-08-19 20:00:00+00:00,tt_sudirman,39.0,39.194855
3,2026-08-19 20:00:00+00:00,tt_tangerang,48.0,48.29179
3,2026-08-19 20:00:00+00:00,tt_tbsimatupang,72.0,72.54539
3,2026-08-19 20:00:00+00:00,tt_thamrin,22.0,21.874176
3,2026-08-19 21:00:00+00:00,tt_bekasi,18.0,17.888084
3,2026-08-19 21:00:00+00:00,tt_bogor,45.0,44.008804
3,2026-08-19 21:00:00+00:00,tt_bsd,34.0,34.001858
3,2026-08-19 21:00:00+00:00,tt_cawang,43.0,40.483116
3,2026-08-19 21:00:00+00:00,tt_depok,31.0,31.455046
3,2026-08-19 21:00:00+00:00,tt_gatsu,45.0,46.088657
3,2026-08-19 21:00:00+00:00,tt_grogol,40.0,40.634205
3,2026-08-19 21:00:00+00:00,tt_kebonjeruk,35.0,35.309593
3,2026-08-19 21:00:00+00:00,tt_kelapagading,29.0,30.374573
3,2026-08-19 21:00:00+00:00,tt_kuningan,21.0,22.62133
3,2026-08-19 21:00:00+00:00,tt_sudirman,39.0,38.6236
3,2026-08-19 21:00:00+00:00,tt_tangerang,48.0,47.54684
3,2026-08-19 21:00:00+00:00,tt_tbsimatupang,72.0,68.27838
3,2026-08-19 21:00:00+00:00,tt_thamrin,22.0,22.425838
3,2026-08-19 23:00:00+00:00,tt_bekasi,17.0,18.752468
3,2026-08-19 23:00:00+00:00,tt_bogor,35.0,41.325546
3,2026-08-19 23:00:00+00:00,tt_bsd,34.0,33.56187
3,2026-08-19 23:00:00+00:00,tt_cawang,26.0,33.2796
3,2026-08-19 23:00:00+00:00,tt_depok,31.0,30.634024
3,2026-08-19 23:00:00+00:00,tt_gatsu,45.0,45.730736
3,2026-08-19 23:00:00+00:00,tt_grogol,35.0,37.67639
3,2026-08-19 23:00:00+00:00,tt_kebonjeruk,30.0,33.107464
3,2026-08-19 23:00:00+00:00,tt_kelapagading,29.0,30.315952
3,2026-08-19 23:00:00+00:00,tt_kuningan,21.0,21.623852
3,2026-08-19 23:00:00+00:00,tt_sudirman,39.0,36.0121
3,2026-08-19 23:00:00+00:00,tt_tangerang,48.0,45.644833
3,2026-08-19 23:00:00+00:00,tt_tbsimatupang,72.0,57.36755
3,2026-08-19 23:00:00+00:00,tt_thamrin,20.0,22.28628
3,2026-08-20 01:00:00+00:00,tt_bekasi,18.0,18.900911
3,2026-08-20 01:00:00+00:00,tt_bogor,35.0,37.361496
3,2026-08-20 01:00:00+00:00,tt_bsd,29.0,31.895012
3,2026-08-20 01:00:00+00:00,tt_cawang,14.0,25.276524
3,2026-08-20 01:00:00+00:00,tt_depok,31.0,28.76196
3,2026-08-20 01:00:00+00:00,tt_gatsu,37.0,44.92586
3,2026-08-20 01:00:00+00:00,tt_grogol,30.0,34.36588
3,2026-08-20 01:00:00+00:00,tt_kebonjeruk,26.0,29.575766
3,2026-08-20 01:00:00+00:00,tt_kelapagading,29.0,27.840677
3,2026-08-20 01:00:00+00:00,tt_kuningan,21.0,19.546104
3,2026-08-20 01:00:00+00:00,tt_sudirman,27.0,32.746063
3,2026-08-20 01:00:00+00:00,tt_tangerang,36.0,43.385357
3,2026-08-20 01:00:00+00:00,tt_tbsimatupang,18.0,45.71714
3,2026-08-20 01:00:00+00:00,tt_thamrin,18.0,19.521938
3,2026-08-20 02:00:00+00:00,tt_bekasi,18.0,18.043753
3,2026-08-20 02:00:00+00:00,tt_bogor,40.0,36.789467
3,2026-08-20 02:00:00+00:00,tt_bsd,34.0,32.2884
3,2026-08-20 02:00:00+00:00,tt_cawang,18.0,21.030708
3,2026-08-20 02:00:00+00:00,tt_depok,31.0,27.731512
3,2026-08-20 02:00:00+00:00,tt_gatsu,45.0,43.073185
3,2026-08-20 02:00:00+00:00,tt_grogol,30.0,31.495268
3,2026-08-20 02:00:00+00:00,tt_kebonjeruk,26.0,26.855078
3,2026-08-20 02:00:00+00:00,tt_kelapagading,25.0,24.16197
3,2026-08-20 02:00:00+00:00,tt_kuningan,21.0,18.9844
3,2026-08-20 02:00:00+00:00,tt_sudirman,25.0,29.237652
3,2026-08-20 02:00:00+00:00,tt_tangerang,48.0,41.282116
3,2026-08-20 02:00:00+00:00,tt_tbsimatupang,21.0,38.29809
3,2026-08-20 02:00:00+00:00,tt_thamrin,18.0,18.36932
3,2026-08-20 04:00:00+00:00,tt_bekasi,15.0,17.78222
3,2026-08-20 04:00:00+00:00,tt_bogor,35.0,36.706215
3,2026-08-20 04:00:00+00:00,tt_bsd,34.0,33.48863
3,2026-08-20 04:00:00+00:00,tt_cawang,20.0,21.155449
3,2026-08-20 04:00:00+00:00,tt_depok,27.0,28.463043
3,2026-08-20 04:00:00+00:00,tt_gatsu,45.0,39.24482
3,2026-08-20 04:00:00+00:00,tt_grogol,25.0,30.77137
3,2026-08-20 04:00:00+00:00,tt_kebonjeruk,25.0,24.832556
3,2026-08-20 04:00:00+00:00,tt_kelapagading,22.0,21.676798
3,2026-08-20 04:00:00+00:00,tt_kuningan,21.0,19.019955
3,2026-08-20 04:00:00+00:00,tt_sudirman,26.0,26.89458
3,2026-08-20 04:00:00+00:00,tt_tangerang,48.0,38.727272
3,2026-08-20 04:00:00+00:00,tt_tbsimatupang,45.0,33.92967
3,2026-08-20 04:00:00+00:00,tt_thamrin,13.0,18.90372
3,2026-08-20 06:00:00+00:00,tt_bekasi,15.0,15.777914
3,2026-08-20 06:00:00+00:00,tt_bogor,39.0,34.836235
3,2026-08-20 06:00:00+00:00,tt_bsd,34.0,32.31882
3,2026-08-20 06:00:00+00:00,tt_cawang,28.0,24.563053
3,2026-08-20 06:00:00+00:00,tt_depok,29.0,27.63016
3,2026-08-20 06:00:00+00:00,tt_gatsu,28.0,35.46619
3,2026-08-20 06:00:00+00:00,tt_grogol,29.0,31.479877
3,2026-08-20 06:00:00+00:00,tt_kebonjeruk,25.0,23.49305
3,2026-08-20 06:00:00+00:00,tt_kelapagading,20.0,21.310732
3,2026-08-20 06:00:00+00:00,tt_kuningan,16.0,18.63324
3,2026-08-20 06:00:00+00:00,tt_sudirman,21.0,25.100319
3,2026-08-20 06:00:00+00:00,tt_tangerang,38.0,38.008495
3,2026-08-20 06:00:00+00:00,tt_tbsimatupang,27.0,40.3649
3,2026-08-20 06:00:00+00:00,tt_thamrin,12.0,19.406609
3,2026-08-20 07:00:00+00:00,tt_bekasi,16.0,15.032628
3,2026-08-20 07:00:00+00:00,tt_bogor,36.0,33.733208
3,2026-08-20 07:00:00+00:00,tt_bsd,34.0,32.36282
3,2026-08-20 07:00:00+00:00,tt_cawang,21.0,26.144455
3,2026-08-20 07:00:00+00:00,tt_depok,26.0,25.914152
3,2026-08-20 07:00:00+00:00,tt_gatsu,20.0,34.272705
3,2026-08-20 07:00:00+00:00,tt_grogol,29.0,32.00013
3,2026-08-20 07:00:00+00:00,tt_kebonjeruk,22.0,21.583353
3,2026-08-20 07:00:00+00:00,tt_kelapagading,20.0,21.323378
3,2026-08-20 07:00:00+00:00,tt_kuningan,21.0,16.971876
3,2026-08-20 07:00:00+00:00,tt_sudirman,20.0,22.944038
3,2026-08-20 07:00:00+00:00,tt_tangerang,37.0,38.251633
3,2026-08-20 07:00:00+00:00,tt_tbsimatupang,49.0,43.944332
3,2026-08-20 07:00:00+00:00,tt_thamrin,12.0,17.487558
3,2026-08-20 09:00:00+00:00,tt_bekasi,14.0,15.449401
3,2026-08-20 09:00:00+00:00,tt_bogor,34.0,32.565624
3,2026-08-20 09:00:00+00:00,tt_bsd,28.0,32.407166
3,2026-08-20 09:00:00+00:00,tt_cawang,30.0,29.474718
3,2026-08-20 09:00:00+00:00,tt_depok,26.0,25.358057
3,2026-08-20 09:00:00+00:00,tt_gatsu,32.0,32.823177
3,2026-08-20 09:00:00+00:00,tt_grogol,31.0,32.586723
3,2026-08-20 09:00:00+00:00,tt_kebonjeruk,21.0,20.69399
3,2026-08-20 09:00:00+00:00,tt_kelapagading,21.0,22.377165
3,2026-08-20 09:00:00+00:00,tt_kuningan,13.0,14.561286
3,2026-08-20 09:00:00+00:00,tt_sudirman,23.0,22.03498
3,2026-08-20 09:00:00+00:00,tt_tangerang,34.0,39.56155
3,2026-08-20 09:00:00+00:00,tt_tbsimatupang,47.0,50.47254
3,2026-08-20 09:00:00+00:00,tt_thamrin,18.0,15.921495
3,2026-08-20 11:00:00+00:00,tt_bekasi,18.0,16.729412
3,2026-08-20 11:00:00+00:00,tt_bogor,35.0,34.821007
3,2026-08-20 11:00:00+00:00,tt_bsd,34.0,32.566525
3,2026-08-20 11:00:00+00:00,tt_cawang,33.0,34.526894
3,2026-08-20 11:00:00+00:00,tt_depok,26.0,26.887867
3,2026-08-20 11:00:00+00:00,tt_gatsu,7.0,33.355457
3,2026-08-20 11:00:00+00:00,tt_grogol,29.0,33.786037
3,2026-08-20 11:00:00+00:00,tt_kebonjeruk,18.0,23.550142
3,2026-08-20 11:00:00+00:00,tt_kelapagading,21.0,24.642591
3,2026-08-20 11:00:00+00:00,tt_kuningan,16.0,14.573571
3,2026-08-20 11:00:00+00:00,tt_sudirman,12.0,24.727734
3,2026-08-20 11:00:00+00:00,tt_tangerang,35.0,42.0658
3,2026-08-20 11:00:00+00:00,tt_tbsimatupang,24.0,58.11416
3,2026-08-20 11:00:00+00:00,tt_thamrin,10.0,15.4872465
3,2026-08-20 12:00:00+00:00,tt_bekasi,14.0,17.176271
3,2026-08-20 12:00:00+00:00,tt_bogor,37.0,36.671978
3,2026-08-20 12:00:00+00:00,tt_bsd,34.0,32.988087
3,2026-08-20 12:00:00+00:00,tt_cawang,43.0,36.475346
3,2026-08-20 12:00:00+00:00,tt_depok,24.0,28.037235
3,2026-08-20 12:00:00+00:00,tt_gatsu,10.0,34.535294
3,2026-08-20 12:00:00+00:00,tt_grogol,32.0,35.257023
3,2026-08-20 12:00:00+00:00,tt_kebonjeruk,23.0,25.525356
3,2026-08-20 12:00:00+00:00,tt_kelapagading,21.0,25.013304
3,2026-08-20 12:00:00+00:00,tt_kuningan,13.0,16.15936
3,2026-08-20 12:00:00+00:00,tt_sudirman,22.0,27.09424
3,2026-08-20 12:00:00+00:00,tt_tangerang,48.0,44.145313
3,2026-08-20 12:00:00+00:00,tt_tbsimatupang,40.0,61.323765
3,2026-08-20 12:00:00+00:00,tt_thamrin,9.0,16.015947
3,2026-08-20 14:00:00+00:00,tt_bekasi,18.0,18.300198
3,2026-08-20 14:00:00+00:00,tt_bogor,38.0,39.034695
3,2026-08-20 14:00:00+00:00,tt_bsd,27.0,32.575535
3,2026-08-20 14:00:00+00:00,tt_cawang,32.0,39.33392
3,2026-08-20 14:00:00+00:00,tt_depok,31.0,28.10872
3,2026-08-20 14:00:00+00:00,tt_gatsu,45.0,35.845184
3,2026-08-20 14:00:00+00:00,tt_grogol,40.0,36.177776
3,2026-08-20 14:00:00+00:00,tt_kebonjeruk,28.0,27.995255
3,2026-08-20 14:00:00+00:00,tt_kelapagading,29.0,25.398998
3,2026-08-20 14:00:00+00:00,tt_kuningan,16.0,16.796343
3,2026-08-20 14:00:00+00:00,tt_sudirman,39.0,28.99961
3,2026-08-20 14:00:00+00:00,tt_tangerang,48.0,46.082623
3,2026-08-20 14:00:00+00:00,tt_tbsimatupang,59.0,65.28745
3,2026-08-20 14:00:00+00:00,tt_thamrin,13.0,16.946316
3,2026-08-20 16:00:00+00:00,tt_bekasi,15.0,18.428276
3,2026-08-20 16:00:00+00:00,tt_bogor,45.0,42.441505
3,2026-08-20 16:00:00+00:00,tt_bsd,34.0,32.9818
3,2026-08-20 16:00:00+00:00,tt_cawang,43.0,41.931725
3,2026-08-20 16:00:00+00:00,tt_depok,31.0,30.318485
3,2026-08-20 16:00:00+00:00,tt_gatsu,45.0,40.28644
3,2026-08-20 16:00:00+00:00,tt_grogol,40.0,38.062126
3,2026-08-20 16:00:00+00:00,tt_kebonjeruk,35.0,32.25568
3,2026-08-20 16:00:00+00:00,tt_kelapagading,29.0,26.854147
3,2026-08-20 16:00:00+00:00,tt_kuningan,21.0,16.635822
3,2026-08-20 16:00:00+00:00,tt_sudirman,39.0,32.409504
3,2026-08-20 16:00:00+00:00,tt_tangerang,48.0,48.293327
3,2026-08-20 16:00:00+00:00,tt_tbsimatupang,72.0,71.28621
3,2026-08-20 16:00:00+00:00,tt_thamrin,22.0,17.981596
3,2026-08-20 17:00:00+00:00,tt_bekasi,18.0,17.389542
3,2026-08-20 17:00:00+00:00,tt_bogor,45.0,43.70281
3,2026-08-20 17:00:00+00:00,tt_bsd,34.0,33.55111
3,2026-08-20 17:00:00+00:00,tt_cawang,43.0,41.787094
3,2026-08-20 17:00:00+00:00,tt_depok,31.0,31.706339
3,2026-08-20 17:00:00+00:00,tt_gatsu,45.0,42.922726
3,2026-08-20 17:00:00+00:00,tt_grogol,40.0,39.21597
3,2026-08-20 17:00:00+00:00,tt_kebonjeruk,35.0,34.13172
3,2026-08-20 17:00:00+00:00,tt_kelapagading,29.0,26.845211
3,2026-08-20 17:00:00+00:00,tt_kuningan,21.0,18.97468
3,2026-08-20 17:00:00+00:00,tt_sudirman,39.0,35.98144
3,2026-08-20 17:00:00+00:00,tt_tangerang,48.0,49.076122
3,2026-08-20 17:00:00+00:00,tt_tbsimatupang,72.0,73.31398
3,2026-08-20 17:00:00+00:00,tt_thamrin,22.0,18.857893
3,2026-08-20 19:00:00+00:00,tt_bekasi,18.0,15.767851
3,2026-08-20 19:00:00+00:00,tt_bogor,45.0,44.20063
3,2026-08-20 19:00:00+00:00,tt_bsd,34.0,34.247757
3,2026-08-20 19:00:00+00:00,tt_cawang,43.0,43.58779
3,2026-08-20 19:00:00+00:00,tt_depok,31.0,31.051294
3,2026-08-20 19:00:00+00:00,tt_gatsu,45.0,44.94027
3,2026-08-20 19:00:00+00:00,tt_grogol,40.0,39.96907
3,2026-08-20 19:00:00+00:00,tt_kebonjeruk,35.0,35.325413
3,2026-08-20 19:00:00+00:00,tt_kelapagading,29.0,27.610058
3,2026-08-20 19:00:00+00:00,tt_kuningan,21.0,21.1548
3,2026-08-20 19:00:00+00:00,tt_sudirman,39.0,38.7415
3,2026-08-20 19:00:00+00:00,tt_tangerang,48.0,48.659824
3,2026-08-20 19:00:00+00:00,tt_tbsimatupang,72.0,74.61938
3,2026-08-20 19:00:00+00:00,tt_thamrin,22.0,20.174805
3,2026-08-20 21:00:00+00:00,tt_bekasi,18.0,17.146278
3,2026-08-20 21:00:00+00:00,tt_bogor,45.0,43.73377
3,2026-08-20 21:00:00+00:00,tt_bsd,34.0,34.17388
3,2026-08-20 21:00:00+00:00,tt_cawang,43.0,41.227634
3,2026-08-20 21:00:00+00:00,tt_depok,31.0,31.168718
3,2026-08-20 21:00:00+00:00,tt_gatsu,45.0,45.781685
3,2026-08-20 21:00:00+00:00,tt_grogol,40.0,40.26947
3,2026-08-20 21:00:00+00:00,tt_kebonjeruk,35.0,35.173225
3,2026-08-20 21:00:00+00:00,tt_kelapagading,29.0,29.553387
3,2026-08-20 21:00:00+00:00,tt_kuningan,21.0,22.190855
3,2026-08-20 21:00:00+00:00,tt_sudirman,39.0,38.78318
3,2026-08-20 21:00:00+00:00,tt_tangerang,48.0,47.640823
3,2026-08-20 21:00:00+00:00,tt_tbsimatupang,72.0,69.912384
3,2026-08-20 21:00:00+00:00,tt_thamrin,22.0,21.699474
3,2026-08-20 22:00:00+00:00,tt_bekasi,18.0,17.738628
3,2026-08-20 22:00:00+00:00,tt_bogor,45.0,43.005478
3,2026-08-20 22:00:00+00:00,tt_bsd,34.0,33.98446
3,2026-08-20 22:00:00+00:00,tt_cawang,43.0,38.3062
3,2026-08-20 22:00:00+00:00,tt_depok,31.0,30.938322
3,2026-08-20 22:00:00+00:00,tt_gatsu,45.0,45.594288
3,2026-08-20 22:00:00+00:00,tt_grogol,40.0,39.538895
3,2026-08-20 22:00:00+00:00,tt_kebonjeruk,35.0,34.598194
3,2026-08-20 22:00:00+00:00,tt_kelapagading,29.0,29.96186
3,2026-08-20 22:00:00+00:00,tt_kuningan,21.0,21.878454
3,2026-08-20 22:00:00+00:00,tt_sudirman,39.0,37.56085
3,2026-08-20 22:00:00+00:00,tt_tangerang,48.0,46.62117
3,2026-08-20 22:00:00+00:00,tt_tbsimatupang,72.0,65.207664
3,2026-08-20 22:00:00+00:00,tt_thamrin,22.0,22.158648
3,2026-08-21 00:00:00+00:00,tt_bekasi,18.0,19.131361
3,2026-08-21 00:00:00+00:00,tt_bogor,35.0,39.935024
3,2026-08-21 00:00:00+00:00,tt_bsd,29.0,33.26892
3,2026-08-21 00:00:00+00:00,tt_cawang,18.0,30.836117
3,2026-08-21 00:00:00+00:00,tt_depok,25.0,30.231173
3,2026-08-21 00:00:00+00:00,tt_gatsu,45.0,45.04988
3,2026-08-21 00:00:00+00:00,tt_grogol,34.0,36.365067
3,2026-08-21 00:00:00+00:00,tt_kebonjeruk,25.0,31.410917
3,2026-08-21 00:00:00+00:00,tt_kelapagading,26.0,29.665394
3,2026-08-21 00:00:00+00:00,tt_kuningan,21.0,20.721315
3,2026-08-21 00:00:00+00:00,tt_sudirman,31.0,34.66963
3,2026-08-21 00:00:00+00:00,tt_tangerang,37.0,44.898323
3,2026-08-21 00:00:00+00:00,tt_tbsimatupang,32.0,53.909927
3,2026-08-21 00:00:00+00:00,tt_thamrin,22.0,21.318914
3,2026-08-21 02:00:00+00:00,tt_bekasi,17.0,18.692574
3,2026-08-21 02:00:00+00:00,tt_bogor,37.0,36.37514
3,2026-08-21 02:00:00+00:00,tt_bsd,28.0,31.455162
3,2026-08-21 02:00:00+00:00,tt_cawang,19.0,23.357603
3,2026-08-21 02:00:00+00:00,tt_depok,26.0,28.521622
3,2026-08-21 02:00:00+00:00,tt_gatsu,45.0,44.257114
3,2026-08-21 02:00:00+00:00,tt_grogol,31.0,33.293404
3,2026-08-21 02:00:00+00:00,tt_kebonjeruk,26.0,28.57356
3,2026-08-21 02:00:00+00:00,tt_kelapagading,29.0,26.66858
3,2026-08-21 02:00:00+00:00,tt_kuningan,21.0,19.167156
3,2026-08-21 02:00:00+00:00,tt_sudirman,23.0,31.538694
3,2026-08-21 02:00:00+00:00,tt_tangerang,37.0,42.413246
3,2026-08-21 02:00:00+00:00,tt_tbsimatupang,37.0,42.58434
3,2026-08-21 02:00:00+00:00,tt_thamrin,22.0,18.749561
3,2026-08-21 03:00:00+00:00,tt_bekasi,15.0,17.738102
3,2026-08-21 03:00:00+00:00,tt_bogor,38.0,36.73076
3,2026-08-21 03:00:00+00:00,tt_bsd,34.0,32.320297
3,2026-08-21 03:00:00+00:00,tt_cawang,21.0,19.844215
3,2026-08-21 03:00:00+00:00,tt_depok,31.0,26.394285
3,2026-08-21 03:00:00+00:00,tt_gatsu,45.0,41.77443
3,2026-08-21 03:00:00+00:00,tt_grogol,27.0,31.196648
3,2026-08-21 03:00:00+00:00,tt_kebonjeruk,24.0,24.60611
3,2026-08-21 03:00:00+00:00,tt_kelapagading,23.0,22.188763
3,2026-08-21 03:00:00+00:00,tt_kuningan,16.0,19.03067
3,2026-08-21 03:00:00+00:00,tt_sudirman,28.0,27.199602
3,2026-08-21 03:00:00+00:00,tt_tangerang,48.0,39.790222
3,2026-08-21 03:00:00+00:00,tt_tbsimatupang,48.0,33.43
3,2026-08-21 03:00:00+00:00,tt_thamrin,16.0,18.181984
3,2026-08-21 05:00:00+00:00,tt_bekasi,16.0,16.025354
3,2026-08-21 05:00:00+00:00,tt_bogor,45.0,35.65372
3,2026-08-21 05:00:00+00:00,tt_bsd,34.0,32.602276
3,2026-08-21 05:00:00+00:00,tt_cawang,43.0,23.234533
3,2026-08-21 05:00:00+00:00,tt_depok,31.0,27.085222
3,2026-08-21 05:00:00+00:00,tt_gatsu,45.0,37.69087
3,2026-08-21 05:00:00+00:00,tt_grogol,32.0,31.239756
3,2026-08-21 05:00:00+00:00,tt_kebonjeruk,27.0,24.062788
3,2026-08-21 05:00:00+00:00,tt_kelapagading,23.0,21.093187
3,2026-08-21 05:00:00+00:00,tt_kuningan,21.0,19.993536
3,2026-08-21 05:00:00+00:00,tt_sudirman,34.0,25.918726
3,2026-08-21 05:00:00+00:00,tt_tangerang,48.0,38.82367
3,2026-08-21 05:00:00+00:00,tt_tbsimatupang,72.0,37.52108
3,2026-08-21 05:00:00+00:00,tt_thamrin,21.0,18.493359
3,2026-08-21 07:00:00+00:00,tt_bekasi,14.0,14.533664
3,2026-08-21 07:00:00+00:00,tt_bogor,35.0,34.378044
3,2026-08-21 07:00:00+00:00,tt_bsd,34.0,32.511017
3,2026-08-21 07:00:00+00:00,tt_cawang,28.0,26.5344
3,2026-08-21 07:00:00+00:00,tt_depok,25.0,25.471079
3,2026-08-21 07:00:00+00:00,tt_gatsu,36.0,35.09901
3,2026-08-21 07:00:00+00:00,tt_grogol,28.0,32.511883
3,2026-08-21 07:00:00+00:00,tt_kebonjeruk,21.0,22.463573
3,2026-08-21 07:00:00+00:00,tt_kelapagading,20.0,20.379915
3,2026-08-21 07:00:00+00:00,tt_kuningan,21.0,17.285564
3,2026-08-21 07:00:00+00:00,tt_sudirman,18.0,22.828331
3,2026-08-21 07:00:00+00:00,tt_tangerang,39.0,38.87497
3,2026-08-21 07:00:00+00:00,tt_tbsimatupang,52.0,45.001034
3,2026-08-21 07:00:00+00:00,tt_thamrin,18.0,17.25597
3,2026-08-21 08:00:00+00:00,tt_bekasi,16.0,16.486841
3,2026-08-21 08:00:00+00:00,tt_bogor,34.0,34.16411
3,2026-08-21 08:00:00+00:00,tt_bsd,34.0,33.363056
3,2026-08-21 08:00:00+00:00,tt_cawang,31.0,29.817463
3,2026-08-21 08:00:00+00:00,tt_depok,25.0,26.733316
3,2026-08-21 08:00:00+00:00,tt_gatsu,35.0,33.374023
3,2026-08-21 08:00:00+00:00,tt_grogol,29.0,33.48443
3,2026-08-21 08:00:00+00:00,tt_kebonjeruk,24.0,24.017683
3,2026-08-21 08:00:00+00:00,tt_kelapagading,21.0,22.557653
3,2026-08-21 08:00:00+00:00,tt_kuningan,17.0,17.663446
3,2026-08-21 08:00:00+00:00,tt_sudirman,24.0,24.354681
3,2026-08-21 08:00:00+00:00,tt_tangerang,40.0,39.652214
3,2026-08-21 08:00:00+00:00,tt_tbsimatupang,38.0,48.87425
3,2026-08-21 08:00:00+00:00,tt_thamrin,10.0,18.423203
3,2026-08-21 10:00:00+00:00,tt_bekasi,15.0,15.804658
3,2026-08-21 10:00:00+00:00,tt_bogor,32.0,36.491837
3,2026-08-21 10:00:00+00:00,tt_bsd,34.0,33.031162
3,2026-08-21 10:00:00+00:00,tt_cawang,22.0,33.83034
3,2026-08-21 10:00:00+00:00,tt_depok,24.0,25.284384
3,2026-08-21 10:00:00+00:00,tt_gatsu,34.0,35.636566
3,2026-08-21 10:00:00+00:00,tt_grogol,32.0,34.772743
3,2026-08-21 10:00:00+00:00,tt_kebonjeruk,20.0,24.569715
3,2026-08-21 10:00:00+00:00,tt_kelapagading,19.0,23.413582
3,2026-08-21 10:00:00+00:00,tt_kuningan,13.0,18.445503
3,2026-08-21 10:00:00+00:00,tt_sudirman,22.0,25.635313
3,2026-08-21 10:00:00+00:00,tt_tangerang,29.0,41.36813
3,2026-08-21 10:00:00+00:00,tt_tbsimatupang,27.0,54.483532
3,2026-08-21 10:00:00+00:00,tt_thamrin,19.0,16.44957
6,2026-08-18 07:00:00+00:00,tt_bekasi,15.0,15.954956
6,2026-08-18 07:00:00+00:00,tt_bogor,34.0,34.764603
6,2026-08-18 07:00:00+00:00,tt_bsd,30.0,32.7817
6,2026-08-18 07:00:00+00:00,tt_cawang,43.0,26.553524
6,2026-08-18 07:00:00+00:00,tt_depok,31.0,25.44987
6,2026-08-18 07:00:00+00:00,tt_gatsu,45.0,35.739506
6,2026-08-18 07:00:00+00:00,tt_grogol,32.0,29.687557
6,2026-08-18 07:00:00+00:00,tt_kebonjeruk,25.0,22.691002
6,2026-08-18 07:00:00+00:00,tt_kelapagading,22.0,20.606579
6,2026-08-18 07:00:00+00:00,tt_kuningan,15.0,18.857115
6,2026-08-18 07:00:00+00:00,tt_sudirman,28.0,25.132616
6,2026-08-18 07:00:00+00:00,tt_tangerang,38.0,39.887493
6,2026-08-18 07:00:00+00:00,tt_tbsimatupang,57.0,42.70322
6,2026-08-18 07:00:00+00:00,tt_thamrin,22.0,16.258833
6,2026-08-18 09:00:00+00:00,tt_bekasi,14.0,17.900448
6,2026-08-18 09:00:00+00:00,tt_bogor,35.0,35.170258
6,2026-08-18 09:00:00+00:00,tt_bsd,28.0,32.505123
6,2026-08-18 09:00:00+00:00,tt_cawang,29.0,32.08428
6,2026-08-18 09:00:00+00:00,tt_depok,24.0,25.32826
6,2026-08-18 09:00:00+00:00,tt_gatsu,45.0,28.353548
6,2026-08-18 09:00:00+00:00,tt_grogol,32.0,31.177893
6,2026-08-18 09:00:00+00:00,tt_kebonjeruk,23.0,24.578854
6,2026-08-18 09:00:00+00:00,tt_kelapagading,23.0,21.75731
6,2026-08-18 09:00:00+00:00,tt_kuningan,21.0,18.376465
6,2026-08-18 09:00:00+00:00,tt_sudirman,31.0,24.770391
6,2026-08-18 09:00:00+00:00,tt_tangerang,38.0,40.13182
6,2026-08-18 09:00:00+00:00,tt_tbsimatupang,43.0,47.70941
6,2026-08-18 09:00:00+00:00,tt_thamrin,22.0,17.05071
6,2026-08-18 10:00:00+00:00,tt_bekasi,14.0,17.9317
6,2026-08-18 10:00:00+00:00,tt_bogor,35.0,36.119884
6,2026-08-18 10:00:00+00:00,tt_bsd,34.0,30.830896
6,2026-08-18 10:00:00+00:00,tt_cawang,30.0,32.809704
6,2026-08-18 10:00:00+00:00,tt_depok,25.0,24.604969
6,2026-08-18 10:00:00+00:00,tt_gatsu,4.0,29.20004
6,2026-08-18 10:00:00+00:00,tt_grogol,31.0,32.287563
6,2026-08-18 10:00:00+00:00,tt_kebonjeruk,21.0,25.684103
6,2026-08-18 10:00:00+00:00,tt_kelapagading,21.0,22.445318
6,2026-08-18 10:00:00+00:00,tt_kuningan,14.0,19.081533
6,2026-08-18 10:00:00+00:00,tt_sudirman,23.0,24.313017
6,2026-08-18 10:00:00+00:00,tt_tangerang,34.0,40.185204
6,2026-08-18 10:00:00+00:00,tt_tbsimatupang,44.0,50.79454
6,2026-08-18 10:00:00+00:00,tt_thamrin,22.0,16.839705
6,2026-08-18 12:00:00+00:00,tt_bekasi,14.0,19.035774
6,2026-08-18 12:00:00+00:00,tt_bogor,35.0,36.407284
6,2026-08-18 12:00:00+00:00,tt_bsd,34.0,31.11265
6,2026-08-18 12:00:00+00:00,tt_cawang,34.0,35.524837
6,2026-08-18 12:00:00+00:00,tt_depok,26.0,26.145119
6,2026-08-18 12:00:00+00:00,tt_gatsu,45.0,34.34338
6,2026-08-18 12:00:00+00:00,tt_grogol,32.0,35.53447
6,2026-08-18 12:00:00+00:00,tt_kebonjeruk,25.0,26.886333
6,2026-08-18 12:00:00+00:00,tt_kelapagading,22.0,23.321938
6,2026-08-18 12:00:00+00:00,tt_kuningan,13.0,18.296185
6,2026-08-18 12:00:00+00:00,tt_sudirman,29.0,26.603271
6,2026-08-18 12:00:00+00:00,tt_tangerang,48.0,41.06994
6,2026-08-18 12:00:00+00:00,tt_tbsimatupang,72.0,57.454372
6,2026-08-18 12:00:00+00:00,tt_thamrin,17.0,16.689337
6,2026-08-18 14:00:00+00:00,tt_bekasi,16.0,20.15455
6,2026-08-18 14:00:00+00:00,tt_bogor,45.0,40.123444
6,2026-08-18 14:00:00+00:00,tt_bsd,34.0,31.42151
6,2026-08-18 14:00:00+00:00,tt_cawang,32.0,37.788082
6,2026-08-18 14:00:00+00:00,tt_depok,26.0,28.67322
6,2026-08-18 14:00:00+00:00,tt_gatsu,45.0,39.481735
6,2026-08-18 14:00:00+00:00,tt_grogol,40.0,37.795498
6,2026-08-18 14:00:00+00:00,tt_kebonjeruk,31.0,29.715807
6,2026-08-18 14:00:00+00:00,tt_kelapagading,29.0,26.723484
6,2026-08-18 14:00:00+00:00,tt_kuningan,16.0,20.254688
6,2026-08-18 14:00:00+00:00,tt_sudirman,30.0,31.996357
6,2026-08-18 14:00:00+00:00,tt_tangerang,48.0,43.233246
6,2026-08-18 14:00:00+00:00,tt_tbsimatupang,72.0,60.18163
6,2026-08-18 14:00:00+00:00,tt_thamrin,22.0,19.974522
6,2026-08-18 15:00:00+00:00,tt_bekasi,16.0,19.067623
6,2026-08-18 15:00:00+00:00,tt_bogor,45.0,41.03914
6,2026-08-18 15:00:00+00:00,tt_bsd,34.0,32.54948
6,2026-08-18 15:00:00+00:00,tt_cawang,43.0,39.30514
6,2026-08-18 15:00:00+00:00,tt_depok,31.0,28.619522
6,2026-08-18 15:00:00+00:00,tt_gatsu,45.0,41.15756
6,2026-08-18 15:00:00+00:00,tt_grogol,40.0,38.738876
6,2026-08-18 15:00:00+00:00,tt_kebonjeruk,35.0,30.104397
6,2026-08-18 15:00:00+00:00,tt_kelapagading,29.0,26.89579
6,2026-08-18 15:00:00+00:00,tt_kuningan,21.0,19.790009
6,2026-08-18 15:00:00+00:00,tt_sudirman,39.0,32.159138
6,2026-08-18 15:00:00+00:00,tt_tangerang,48.0,45.418083
6,2026-08-18 15:00:00+00:00,tt_tbsimatupang,72.0,63.944294
6,2026-08-18 15:00:00+00:00,tt_thamrin,22.0,19.646727
6,2026-08-18 17:00:00+00:00,tt_bekasi,17.0,18.377066
6,2026-08-18 17:00:00+00:00,tt_bogor,45.0,45.42537
6,2026-08-18 17:00:00+00:00,tt_bsd,34.0,34.166054
6,2026-08-18 17:00:00+00:00,tt_cawang,43.0,44.50858
6,2026-08-18 17:00:00+00:00,tt_depok,31.0,30.84035
6,2026-08-18 17:00:00+00:00,tt_gatsu,45.0,43.690075
6,2026-08-18 17:00:00+00:00,tt_grogol,40.0,38.787678
6,2026-08-18 17:00:00+00:00,tt_kebonjeruk,35.0,35.472504
6,2026-08-18 17:00:00+00:00,tt_kelapagading,29.0,30.18347
6,2026-08-18 17:00:00+00:00,tt_kuningan,21.0,22.972734
6,2026-08-18 17:00:00+00:00,tt_sudirman,39.0,37.049587
6,2026-08-18 17:00:00+00:00,tt_tangerang,48.0,47.116207
6,2026-08-18 17:00:00+00:00,tt_tbsimatupang,72.0,71.08718
6,2026-08-18 17:00:00+00:00,tt_thamrin,22.0,22.944225
6,2026-08-18 19:00:00+00:00,tt_bekasi,17.0,17.477493
6,2026-08-18 19:00:00+00:00,tt_bogor,45.0,43.837673
6,2026-08-18 19:00:00+00:00,tt_bsd,34.0,33.868675
6,2026-08-18 19:00:00+00:00,tt_cawang,43.0,42.318993
6,2026-08-18 19:00:00+00:00,tt_depok,31.0,30.213093
6,2026-08-18 19:00:00+00:00,tt_gatsu,45.0,46.13485
6,2026-08-18 19:00:00+00:00,tt_grogol,40.0,40.22578
6,2026-08-18 19:00:00+00:00,tt_kebonjeruk,35.0,34.47765
6,2026-08-18 19:00:00+00:00,tt_kelapagading,29.0,29.220608
6,2026-08-18 19:00:00+00:00,tt_kuningan,21.0,21.654457
6,2026-08-18 19:00:00+00:00,tt_sudirman,39.0,36.965717
6,2026-08-18 19:00:00+00:00,tt_tangerang,48.0,48.81854
6,2026-08-18 19:00:00+00:00,tt_tbsimatupang,72.0,69.08627
6,2026-08-18 19:00:00+00:00,tt_thamrin,22.0,21.967459
6,2026-08-18 20:00:00+00:00,tt_bekasi,17.0,17.2749
6,2026-08-18 20:00:00+00:00,tt_bogor,45.0,43.55331
6,2026-08-18 20:00:00+00:00,tt_bsd,34.0,34.102245
6,2026-08-18 20:00:00+00:00,tt_cawang,43.0,40.21001
6,2026-08-18 20:00:00+00:00,tt_depok,31.0,30.312096
6,2026-08-18 20:00:00+00:00,tt_gatsu,45.0,46.732475
6,2026-08-18 20:00:00+00:00,tt_grogol,40.0,39.92031
6,2026-08-18 20:00:00+00:00,tt_kebonjeruk,35.0,34.439667
6,2026-08-18 20:00:00+00:00,tt_kelapagading,29.0,28.4714
6,2026-08-18 20:00:00+00:00,tt_kuningan,21.0,20.718487
6,2026-08-18 20:00:00+00:00,tt_sudirman,39.0,36.874714
6,2026-08-18 20:00:00+00:00,tt_tangerang,48.0,49.21868
6,2026-08-18 20:00:00+00:00,tt_tbsimatupang,72.0,67.24753
6,2026-08-18 20:00:00+00:00,tt_thamrin,22.0,21.665186
6,2026-08-18 22:00:00+00:00,tt_bekasi,17.0,18.256165
6,2026-08-18 22:00:00+00:00,tt_bogor,45.0,41.446815
6,2026-08-18 22:00:00+00:00,tt_bsd,34.0,33.99463
6,2026-08-18 22:00:00+00:00,tt_cawang,43.0,33.380245
6,2026-08-18 22:00:00+00:00,tt_depok,31.0,29.92065
6,2026-08-18 22:00:00+00:00,tt_gatsu,45.0,46.64801
6,2026-08-18 22:00:00+00:00,tt_grogol,40.0,38.291763
6,2026-08-18 22:00:00+00:00,tt_kebonjeruk,35.0,32.429764
6,2026-08-18 22:00:00+00:00,tt_kelapagading,29.0,28.143368
6,2026-08-18 22:00:00+00:00,tt_kuningan,21.0,20.522024
6,2026-08-18 22:00:00+00:00,tt_sudirman,39.0,35.50429
6,2026-08-18 22:00:00+00:00,tt_tangerang,48.0,47.0272
6,2026-08-18 22:00:00+00:00,tt_tbsimatupang,72.0,56.607903
6,2026-08-18 22:00:00+00:00,tt_thamrin,22.0,22.033882
6,2026-08-19 00:00:00+00:00,tt_bekasi,15.0,18.061396
6,2026-08-19 00:00:00+00:00,tt_bogor,35.0,39.25428
6,2026-08-19 00:00:00+00:00,tt_bsd,29.0,31.52213
6,2026-08-19 00:00:00+00:00,tt_cawang,20.0,26.903173
6,2026-08-19 00:00:00+00:00,tt_depok,31.0,27.90328
6,2026-08-19 00:00:00+00:00,tt_gatsu,45.0,45.24536
6,2026-08-19 00:00:00+00:00,tt_grogol,40.0,35.962482
6,2026-08-19 00:00:00+00:00,tt_kebonjeruk,27.0,28.984663
6,2026-08-19 00:00:00+00:00,tt_kelapagading,29.0,27.20798
6,2026-08-19 00:00:00+00:00,tt_kuningan,21.0,20.368023
6,2026-08-19 00:00:00+00:00,tt_sudirman,39.0,33.373375
6,2026-08-19 00:00:00+00:00,tt_tangerang,48.0,43.544693
6,2026-08-19 00:00:00+00:00,tt_tbsimatupang,39.0,45.897907
6,2026-08-19 00:00:00+00:00,tt_thamrin,19.0,19.980272
6,2026-08-19 01:00:00+00:00,tt_bekasi,16.0,17.83622
6,2026-08-19 01:00:00+00:00,tt_bogor,37.0,38.3167
6,2026-08-19 01:00:00+00:00,tt_bsd,34.0,30.877815
6,2026-08-19 01:00:00+00:00,tt_cawang,13.0,24.515999
6,2026-08-19 01:00:00+00:00,tt_depok,27.0,27.228262
6,2026-08-19 01:00:00+00:00,tt_gatsu,13.0,44.706585
6,2026-08-19 01:00:00+00:00,tt_grogol,32.0,34.857162
6,2026-08-19 01:00:00+00:00,tt_kebonjeruk,25.0,27.391924
6,2026-08-19 01:00:00+00:00,tt_kelapagading,29.0,26.420496
6,2026-08-19 01:00:00+00:00,tt_kuningan,21.0,20.3438
6,2026-08-19 01:00:00+00:00,tt_sudirman,22.0,32.13817
6,2026-08-19 01:00:00+00:00,tt_tangerang,39.0,41.69586
6,2026-08-19 01:00:00+00:00,tt_tbsimatupang,18.0,41.975826
6,2026-08-19 01:00:00+00:00,tt_thamrin,22.0,18.998035
6,2026-08-19 03:00:00+00:00,tt_bekasi,16.0,17.590832
6,2026-08-19 03:00:00+00:00,tt_bogor,37.0,36.529915
6,2026-08-19 03:00:00+00:00,tt_bsd,34.0,31.912506
6,2026-08-19 03:00:00+00:00,tt_cawang,20.0,21.695086
6,2026-08-19 03:00:00+00:00,tt_depok,31.0,26.073217
6,2026-08-19 03:00:00+00:00,tt_gatsu,45.0,42.27097
6,2026-08-19 03:00:00+00:00,tt_grogol,31.0,32.880203
6,2026-08-19 03:00:00+00:00,tt_kebonjeruk,23.0,25.058393
6,2026-08-19 03:00:00+00:00,tt_kelapagading,29.0,23.689514
6,2026-08-19 03:00:00+00:00,tt_kuningan,16.0,21.282307
6,2026-08-19 03:00:00+00:00,tt_sudirman,24.0,29.064926
6,2026-08-19 03:00:00+00:00,tt_tangerang,40.0,39.333046
6,2026-08-19 03:00:00+00:00,tt_tbsimatupang,33.0,38.20956
6,2026-08-19 03:00:00+00:00,tt_thamrin,20.0,18.528593
6,2026-08-19 05:00:00+00:00,tt_bekasi,15.0,17.004675
6,2026-08-19 05:00:00+00:00,tt_bogor,32.0,36.166023
6,2026-08-19 05:00:00+00:00,tt_bsd,34.0,32.863937
6,2026-08-19 05:00:00+00:00,tt_cawang,17.0,20.386686
6,2026-08-19 05:00:00+00:00,tt_depok,31.0,25.62644
6,2026-08-19 05:00:00+00:00,tt_gatsu,45.0,39.93642
6,2026-08-19 05:00:00+00:00,tt_grogol,31.0,31.712648
6,2026-08-19 05:00:00+00:00,tt_kebonjeruk,24.0,24.246265
6,2026-08-19 05:00:00+00:00,tt_kelapagading,21.0,21.26519
6,2026-08-19 05:00:00+00:00,tt_kuningan,17.0,21.383978
6,2026-08-19 05:00:00+00:00,tt_sudirman,27.0,26.14401
6,2026-08-19 05:00:00+00:00,tt_tangerang,40.0,38.589863
6,2026-08-19 05:00:00+00:00,tt_tbsimatupang,43.0,37.395138
6,2026-08-19 05:00:00+00:00,tt_thamrin,17.0,19.619904
6,2026-08-19 06:00:00+00:00,tt_bekasi,18.0,15.349574
6,2026-08-19 06:00:00+00:00,tt_bogor,35.0,34.186054
6,2026-08-19 06:00:00+00:00,tt_bsd,34.0,33.510677
6,2026-08-19 06:00:00+00:00,tt_cawang,19.0,22.144848
6,2026-08-19 06:00:00+00:00,tt_depok,27.0,27.942936
6,2026-08-19 06:00:00+00:00,tt_gatsu,30.0,38.78597
6,2026-08-19 06:00:00+00:00,tt_grogol,27.0,30.781532
6,2026-08-19 06:00:00+00:00,tt_kebonjeruk,21.0,22.208279
6,2026-08-19 06:00:00+00:00,tt_kelapagading,21.0,20.707603
6,2026-08-19 06:00:00+00:00,tt_kuningan,21.0,18.029667
6,2026-08-19 06:00:00+00:00,tt_sudirman,18.0,23.91463
6,2026-08-19 06:00:00+00:00,tt_tangerang,38.0,38.759075
6,2026-08-19 06:00:00+00:00,tt_tbsimatupang,48.0,39.080563
6,2026-08-19 06:00:00+00:00,tt_thamrin,13.0,16.93255
6,2026-08-19 08:00:00+00:00,tt_bekasi,15.0,17.607944
6,2026-08-19 08:00:00+00:00,tt_bogor,34.0,34.045036
6,2026-08-19 08:00:00+00:00,tt_bsd,28.0,34.039745
6,2026-08-19 08:00:00+00:00,tt_cawang,32.0,30.690525
6,2026-08-19 08:00:00+00:00,tt_depok,25.0,27.241991
6,2026-08-19 08:00:00+00:00,tt_gatsu,26.0,30.328161
6,2026-08-19 08:00:00+00:00,tt_grogol,27.0,30.808208
6,2026-08-19 08:00:00+00:00,tt_kebonjeruk,18.0,24.733406
6,2026-08-19 08:00:00+00:00,tt_kelapagading,22.0,21.858803
6,2026-08-19 08:00:00+00:00,tt_kuningan,21.0,18.250658
6,2026-08-19 08:00:00+00:00,tt_sudirman,22.0,26.064127
6,2026-08-19 08:00:00+00:00,tt_tangerang,48.0,39.02361
6,2026-08-19 08:00:00+00:00,tt_tbsimatupang,32.0,45.140137
6,2026-08-19 08:00:00+00:00,tt_thamrin,8.0,18.78583
6,2026-08-19 10:00:00+00:00,tt_bekasi,13.0,18.125227
6,2026-08-19 10:00:00+00:00,tt_bogor,30.0,34.707993
6,2026-08-19 10:00:00+00:00,tt_bsd,34.0,31.46164
6,2026-08-19 10:00:00+00:00,tt_cawang,43.0,33.4006
6,2026-08-19 10:00:00+00:00,tt_depok,23.0,24.823727
6,2026-08-19 10:00:00+00:00,tt_gatsu,23.0,28.761486
6,2026-08-19 10:00:00+00:00,tt_grogol,30.0,32.142822
6,2026-08-19 10:00:00+00:00,tt_kebonjeruk,19.0,25.830046
6,2026-08-19 10:00:00+00:00,tt_kelapagading,22.0,21.692326
6,2026-08-19 10:00:00+00:00,tt_kuningan,16.0,18.724089
6,2026-08-19 10:00:00+00:00,tt_sudirman,19.0,24.40728
6,2026-08-19 10:00:00+00:00,tt_tangerang,28.0,40.062885
6,2026-08-19 10:00:00+00:00,tt_tbsimatupang,34.0,50.31166
6,2026-08-19 10:00:00+00:00,tt_thamrin,17.0,16.37361
6,2026-08-19 11:00:00+00:00,tt_bekasi,18.0,17.942337
6,2026-08-19 11:00:00+00:00,tt_bogor,33.0,35.24191
6,2026-08-19 11:00:00+00:00,tt_bsd,27.0,31.14691
6,2026-08-19 11:00:00+00:00,tt_cawang,43.0,34.94563
6,2026-08-19 11:00:00+00:00,tt_depok,25.0,24.351591
6,2026-08-19 11:00:00+00:00,tt_gatsu,35.0,29.614082
6,2026-08-19 11:00:00+00:00,tt_grogol,32.0,33.173668
6,2026-08-19 11:00:00+00:00,tt_kebonjeruk,21.0,26.231554
6,2026-08-19 11:00:00+00:00,tt_kelapagading,20.0,22.204733
6,2026-08-19 11:00:00+00:00,tt_kuningan,16.0,18.891401
6,2026-08-19 11:00:00+00:00,tt_sudirman,16.0,24.63359
6,2026-08-19 11:00:00+00:00,tt_tangerang,26.0,40.88184
6,2026-08-19 11:00:00+00:00,tt_tbsimatupang,44.0,54.153713
6,2026-08-19 11:00:00+00:00,tt_thamrin,10.0,15.935229
6,2026-08-19 13:00:00+00:00,tt_bekasi,18.0,17.844852
6,2026-08-19 13:00:00+00:00,tt_bogor,45.0,39.56986
6,2026-08-19 13:00:00+00:00,tt_bsd,34.0,30.994734
6,2026-08-19 13:00:00+00:00,tt_cawang,43.0,40.89666
6,2026-08-19 13:00:00+00:00,tt_depok,25.0,25.657053
6,2026-08-19 13:00:00+00:00,tt_gatsu,45.0,34.080757
6,2026-08-19 13:00:00+00:00,tt_grogol,31.0,37.539856
6,2026-08-19 13:00:00+00:00,tt_kebonjeruk,27.0,29.303122
6,2026-08-19 13:00:00+00:00,tt_kelapagading,23.0,26.05496
6,2026-08-19 13:00:00+00:00,tt_kuningan,13.0,18.992851
6,2026-08-19 13:00:00+00:00,tt_sudirman,30.0,28.798185
6,2026-08-19 13:00:00+00:00,tt_tangerang,48.0,43.40514
6,2026-08-19 13:00:00+00:00,tt_tbsimatupang,72.0,63.8064
6,2026-08-19 13:00:00+00:00,tt_thamrin,20.0,17.428926
6,2026-08-19 15:00:00+00:00,tt_bekasi,16.0,16.873657
6,2026-08-19 15:00:00+00:00,tt_bogor,38.0,43.353256
6,2026-08-19 15:00:00+00:00,tt_bsd,34.0,31.963383
6,2026-08-19 15:00:00+00:00,tt_cawang,32.0,44.058655
6,2026-08-19 15:00:00+00:00,tt_depok,31.0,28.24265
6,2026-08-19 15:00:00+00:00,tt_gatsu,45.0,38.974434
6,2026-08-19 15:00:00+00:00,tt_grogol,40.0,40.516445
6,2026-08-19 15:00:00+00:00,tt_kebonjeruk,31.0,32.91254
6,2026-08-19 15:00:00+00:00,tt_kelapagading,29.0,28.882708
6,2026-08-19 15:00:00+00:00,tt_kuningan,21.0,19.414207
6,2026-08-19 15:00:00+00:00,tt_sudirman,29.0,32.88016
6,2026-08-19 15:00:00+00:00,tt_tangerang,48.0,46.277615
6,2026-08-19 15:00:00+00:00,tt_tbsimatupang,72.0,72.09703
6,2026-08-19 15:00:00+00:00,tt_thamrin,21.0,18.525644
6,2026-08-19 16:00:00+00:00,tt_bekasi,18.0,17.392822
6,2026-08-19 16:00:00+00:00,tt_bogor,45.0,44.99971
6,2026-08-19 16:00:00+00:00,tt_bsd,34.0,32.68017
6,2026-08-19 16:00:00+00:00,tt_cawang,43.0,45.790524
6,2026-08-19 16:00:00+00:00,tt_depok,31.0,30.426023
6,2026-08-19 16:00:00+00:00,tt_gatsu,45.0,41.242077
6,2026-08-19 16:00:00+00:00,tt_grogol,40.0,40.815357
6,2026-08-19 16:00:00+00:00,tt_kebonjeruk,35.0,34.892975
6,2026-08-19 16:00:00+00:00,tt_kelapagading,29.0,30.567753
6,2026-08-19 16:00:00+00:00,tt_kuningan,21.0,21.271887
6,2026-08-19 16:00:00+00:00,tt_sudirman,39.0,35.60171
6,2026-08-19 16:00:00+00:00,tt_tangerang,48.0,46.249252
6,2026-08-19 16:00:00+00:00,tt_tbsimatupang,72.0,74.51999
6,2026-08-19 16:00:00+00:00,tt_thamrin,22.0,20.75683
6,2026-08-19 18:00:00+00:00,tt_bekasi,18.0,16.721594
6,2026-08-19 18:00:00+00:00,tt_bogor,45.0,46.18982
6,2026-08-19 18:00:00+00:00,tt_bsd,34.0,33.636734
6,2026-08-19 18:00:00+00:00,tt_cawang,43.0,46.831516
6,2026-08-19 18:00:00+00:00,tt_depok,31.0,31.127249
6,2026-08-19 18:00:00+00:00,tt_gatsu,45.0,44.653664
6,2026-08-19 18:00:00+00:00,tt_grogol,40.0,41.610336
6,2026-08-19 18:00:00+00:00,tt_kebonjeruk,35.0,35.859
6,2026-08-19 18:00:00+00:00,tt_kelapagading,29.0,31.58994
6,2026-08-19 18:00:00+00:00,tt_kuningan,21.0,22.251228
6,2026-08-19 18:00:00+00:00,tt_sudirman,39.0,37.26706
6,2026-08-19 18:00:00+00:00,tt_tangerang,44.0,47.66147
6,2026-08-19 18:00:00+00:00,tt_tbsimatupang,72.0,77.171524
6,2026-08-19 18:00:00+00:00,tt_thamrin,22.0,21.980068
6,2026-08-19 20:00:00+00:00,tt_bekasi,18.0,16.838438
6,2026-08-19 20:00:00+00:00,tt_bogor,45.0,44.327686
6,2026-08-19 20:00:00+00:00,tt_bsd,34.0,33.592003
6,2026-08-19 20:00:00+00:00,tt_cawang,43.0,42.636227
6,2026-08-19 20:00:00+00:00,tt_depok,31.0,31.212002
6,2026-08-19 20:00:00+00:00,tt_gatsu,45.0,46.40756
6,2026-08-19 20:00:00+00:00,tt_grogol,40.0,40.51926
6,2026-08-19 20:00:00+00:00,tt_kebonjeruk,35.0,34.40386
6,2026-08-19 20:00:00+00:00,tt_kelapagading,29.0,29.489649
6,2026-08-19 20:00:00+00:00,tt_kuningan,21.0,22.011705
6,2026-08-19 20:00:00+00:00,tt_sudirman,39.0,37.06983
6,2026-08-19 20:00:00+00:00,tt_tangerang,48.0,48.854076
6,2026-08-19 20:00:00+00:00,tt_tbsimatupang,72.0,69.8933
6,2026-08-19 20:00:00+00:00,tt_thamrin,22.0,20.777842
6,2026-08-19 21:00:00+00:00,tt_bekasi,18.0,16.929573
6,2026-08-19 21:00:00+00:00,tt_bogor,45.0,43.83496
6,2026-08-19 21:00:00+00:00,tt_bsd,34.0,34.00484
6,2026-08-19 21:00:00+00:00,tt_cawang,43.0,40.813004
6,2026-08-19 21:00:00+00:00,tt_depok,31.0,30.75346
6,2026-08-19 21:00:00+00:00,tt_gatsu,45.0,46.678078
6,2026-08-19 21:00:00+00:00,tt_grogol,40.0,40.29071
6,2026-08-19 21:00:00+00:00,tt_kebonjeruk,35.0,34.031216
6,2026-08-19 21:00:00+00:00,tt_kelapagading,29.0,29.246347
6,2026-08-19 21:00:00+00:00,tt_kuningan,21.0,21.743788
6,2026-08-19 21:00:00+00:00,tt_sudirman,39.0,36.682987
6,2026-08-19 21:00:00+00:00,tt_tangerang,48.0,48.95681
6,2026-08-19 21:00:00+00:00,tt_tbsimatupang,72.0,67.89659
6,2026-08-19 21:00:00+00:00,tt_thamrin,22.0,21.506569
6,2026-08-19 23:00:00+00:00,tt_bekasi,17.0,17.813286
6,2026-08-19 23:00:00+00:00,tt_bogor,35.0,41.83307
6,2026-08-19 23:00:00+00:00,tt_bsd,34.0,34.337265
6,2026-08-19 23:00:00+00:00,tt_cawang,26.0,34.065365
6,2026-08-19 23:00:00+00:00,tt_depok,31.0,30.255201
6,2026-08-19 23:00:00+00:00,tt_gatsu,45.0,46.625458
6,2026-08-19 23:00:00+00:00,tt_grogol,35.0,38.68585
6,2026-08-19 23:00:00+00:00,tt_kebonjeruk,30.0,32.29896
6,2026-08-19 23:00:00+00:00,tt_kelapagading,29.0,28.753939
6,2026-08-19 23:00:00+00:00,tt_kuningan,21.0,21.030159
6,2026-08-19 23:00:00+00:00,tt_sudirman,39.0,35.61575
6,2026-08-19 23:00:00+00:00,tt_tangerang,48.0,47.65683
6,2026-08-19 23:00:00+00:00,tt_tbsimatupang,72.0,57.650406
6,2026-08-19 23:00:00+00:00,tt_thamrin,20.0,21.708586
6,2026-08-20 01:00:00+00:00,tt_bekasi,18.0,18.081127
6,2026-08-20 01:00:00+00:00,tt_bogor,35.0,39.433514
6,2026-08-20 01:00:00+00:00,tt_bsd,29.0,31.583128
6,2026-08-20 01:00:00+00:00,tt_cawang,14.0,27.188108
6,2026-08-20 01:00:00+00:00,tt_depok,31.0,27.90717
6,2026-08-20 01:00:00+00:00,tt_gatsu,37.0,45.036083
6,2026-08-20 01:00:00+00:00,tt_grogol,30.0,36.259453
6,2026-08-20 01:00:00+00:00,tt_kebonjeruk,26.0,28.887486
6,2026-08-20 01:00:00+00:00,tt_kelapagading,29.0,27.776278
6,2026-08-20 01:00:00+00:00,tt_kuningan,21.0,20.723959
6,2026-08-20 01:00:00+00:00,tt_sudirman,27.0,33.34802
6,2026-08-20 01:00:00+00:00,tt_tangerang,36.0,43.875874
6,2026-08-20 01:00:00+00:00,tt_tbsimatupang,18.0,46.02806
6,2026-08-20 01:00:00+00:00,tt_thamrin,18.0,20.154224
6,2026-08-20 02:00:00+00:00,tt_bekasi,18.0,17.76386
6,2026-08-20 02:00:00+00:00,tt_bogor,40.0,38.4774
6,2026-08-20 02:00:00+00:00,tt_bsd,34.0,31.009212
6,2026-08-20 02:00:00+00:00,tt_cawang,18.0,24.350342
6,2026-08-20 02:00:00+00:00,tt_depok,31.0,27.127825
6,2026-08-20 02:00:00+00:00,tt_gatsu,45.0,44.71482
6,2026-08-20 02:00:00+00:00,tt_grogol,30.0,35.00422
6,2026-08-20 02:00:00+00:00,tt_kebonjeruk,26.0,27.234426
6,2026-08-20 02:00:00+00:00,tt_kelapagading,25.0,26.8629
6,2026-08-20 02:00:00+00:00,tt_kuningan,21.0,20.516054
6,2026-08-20 02:00:00+00:00,tt_sudirman,25.0,32.26561
6,2026-08-20 02:00:00+00:00,tt_tangerang,48.0,41.871384
6,2026-08-20 02:00:00+00:00,tt_tbsimatupang,21.0,41.48746
6,2026-08-20 02:00:00+00:00,tt_thamrin,18.0,18.962624
6,2026-08-20 04:00:00+00:00,tt_bekasi,15.0,17.680408
6,2026-08-20 04:00:00+00:00,tt_bogor,35.0,36.4461
6,2026-08-20 04:00:00+00:00,tt_bsd,34.0,32.22375
6,2026-08-20 04:00:00+00:00,tt_cawang,20.0,21.394014
6,2026-08-20 04:00:00+00:00,tt_depok,27.0,25.86059
6,2026-08-20 04:00:00+00:00,tt_gatsu,45.0,41.9548
6,2026-08-20 04:00:00+00:00,tt_grogol,25.0,32.899612
6,2026-08-20 04:00:00+00:00,tt_kebonjeruk,25.0,24.836473
6,2026-08-20 04:00:00+00:00,tt_kelapagading,22.0,23.514822
6,2026-08-20 04:00:00+00:00,tt_kuningan,21.0,21.587662
6,2026-08-20 04:00:00+00:00,tt_sudirman,26.0,28.67656
6,2026-08-20 04:00:00+00:00,tt_tangerang,48.0,39.25341
6,2026-08-20 04:00:00+00:00,tt_tbsimatupang,45.0,37.82293
6,2026-08-20 04:00:00+00:00,tt_thamrin,13.0,18.51253
6,2026-08-20 06:00:00+00:00,tt_bekasi,15.0,16.887743
6,2026-08-20 06:00:00+00:00,tt_bogor,39.0,36.52032
6,2026-08-20 06:00:00+00:00,tt_bsd,34.0,32.61657
6,2026-08-20 06:00:00+00:00,tt_cawang,28.0,22.243675
6,2026-08-20 06:00:00+00:00,tt_depok,29.0,25.719732
6,2026-08-20 06:00:00+00:00,tt_gatsu,28.0,39.797447
6,2026-08-20 06:00:00+00:00,tt_grogol,29.0,31.131098
6,2026-08-20 06:00:00+00:00,tt_kebonjeruk,25.0,23.128172
6,2026-08-20 06:00:00+00:00,tt_kelapagading,20.0,21.3089
6,2026-08-20 06:00:00+00:00,tt_kuningan,16.0,19.89063
6,2026-08-20 06:00:00+00:00,tt_sudirman,21.0,26.560928
6,2026-08-20 06:00:00+00:00,tt_tangerang,38.0,39.162407
6,2026-08-20 06:00:00+00:00,tt_tbsimatupang,27.0,39.25552
6,2026-08-20 06:00:00+00:00,tt_thamrin,12.0,18.088587
6,2026-08-20 07:00:00+00:00,tt_bekasi,16.0,15.815423
6,2026-08-20 07:00:00+00:00,tt_bogor,36.0,34.782516
6,2026-08-20 07:00:00+00:00,tt_bsd,34.0,33.53793
6,2026-08-20 07:00:00+00:00,tt_cawang,21.0,25.784296
6,2026-08-20 07:00:00+00:00,tt_depok,26.0,26.666248
6,2026-08-20 07:00:00+00:00,tt_gatsu,20.0,36.291767
6,2026-08-20 07:00:00+00:00,tt_grogol,29.0,29.927969
6,2026-08-20 07:00:00+00:00,tt_kebonjeruk,22.0,22.267677
6,2026-08-20 07:00:00+00:00,tt_kelapagading,20.0,20.722147
6,2026-08-20 07:00:00+00:00,tt_kuningan,21.0,18.260662
6,2026-08-20 07:00:00+00:00,tt_sudirman,20.0,25.11676
6,2026-08-20 07:00:00+00:00,tt_tangerang,37.0,39.93471
6,2026-08-20 07:00:00+00:00,tt_tbsimatupang,49.0,41.942043
6,2026-08-20 07:00:00+00:00,tt_thamrin,12.0,16.481703
6,2026-08-20 09:00:00+00:00,tt_bekasi,14.0,16.313803
6,2026-08-20 09:00:00+00:00,tt_bogor,34.0,34.176243
6,2026-08-20 09:00:00+00:00,tt_bsd,28.0,32.346657
6,2026-08-20 09:00:00+00:00,tt_cawang,30.0,30.392345
6,2026-08-20 09:00:00+00:00,tt_depok,26.0,25.239481
6,2026-08-20 09:00:00+00:00,tt_gatsu,32.0,29.607004
6,2026-08-20 09:00:00+00:00,tt_grogol,31.0,30.93163
6,2026-08-20 09:00:00+00:00,tt_kebonjeruk,21.0,22.926409
6,2026-08-20 09:00:00+00:00,tt_kelapagading,21.0,20.902002
6,2026-08-20 09:00:00+00:00,tt_kuningan,13.0,17.558342
6,2026-08-20 09:00:00+00:00,tt_sudirman,23.0,23.883404
6,2026-08-20 09:00:00+00:00,tt_tangerang,34.0,39.930614
6,2026-08-20 09:00:00+00:00,tt_tbsimatupang,47.0,46.866802
6,2026-08-20 09:00:00+00:00,tt_thamrin,18.0,16.128834
6,2026-08-20 11:00:00+00:00,tt_bekasi,18.0,16.06167
6,2026-08-20 11:00:00+00:00,tt_bogor,35.0,35.629936
6,2026-08-20 11:00:00+00:00,tt_bsd,34.0,30.401262
6,2026-08-20 11:00:00+00:00,tt_cawang,33.0,34.273857
6,2026-08-20 11:00:00+00:00,tt_depok,26.0,23.545332
6,2026-08-20 11:00:00+00:00,tt_gatsu,7.0,30.150057
6,2026-08-20 11:00:00+00:00,tt_grogol,29.0,34.277035
6,2026-08-20 11:00:00+00:00,tt_kebonjeruk,18.0,25.170965
6,2026-08-20 11:00:00+00:00,tt_kelapagading,21.0,22.089134
6,2026-08-20 11:00:00+00:00,tt_kuningan,16.0,17.11853
6,2026-08-20 11:00:00+00:00,tt_sudirman,12.0,23.87378
6,2026-08-20 11:00:00+00:00,tt_tangerang,35.0,41.479424
6,2026-08-20 11:00:00+00:00,tt_tbsimatupang,24.0,55.21319
6,2026-08-20 11:00:00+00:00,tt_thamrin,10.0,15.148976
6,2026-08-20 12:00:00+00:00,tt_bekasi,14.0,16.170229
6,2026-08-20 12:00:00+00:00,tt_bogor,37.0,37.642166
6,2026-08-20 12:00:00+00:00,tt_bsd,34.0,30.761452
6,2026-08-20 12:00:00+00:00,tt_cawang,43.0,37.59251
6,2026-08-20 12:00:00+00:00,tt_depok,24.0,24.239384
6,2026-08-20 12:00:00+00:00,tt_gatsu,10.0,31.097708
6,2026-08-20 12:00:00+00:00,tt_grogol,32.0,35.884796
6,2026-08-20 12:00:00+00:00,tt_kebonjeruk,23.0,27.017132
6,2026-08-20 12:00:00+00:00,tt_kelapagading,21.0,24.095892
6,2026-08-20 12:00:00+00:00,tt_kuningan,13.0,17.94159
6,2026-08-20 12:00:00+00:00,tt_sudirman,22.0,25.568079
6,2026-08-20 12:00:00+00:00,tt_tangerang,48.0,42.585377
6,2026-08-20 12:00:00+00:00,tt_tbsimatupang,40.0,59.627014
6,2026-08-20 12:00:00+00:00,tt_thamrin,9.0,15.385486
6,2026-08-20 14:00:00+00:00,tt_bekasi,18.0,16.435244
6,2026-08-20 14:00:00+00:00,tt_bogor,38.0,42.042915
6,2026-08-20 14:00:00+00:00,tt_bsd,27.0,31.189331
6,2026-08-20 14:00:00+00:00,tt_cawang,32.0,41.651955
6,2026-08-20 14:00:00+00:00,tt_depok,31.0,27.111181
6,2026-08-20 14:00:00+00:00,tt_gatsu,45.0,36.958786
6,2026-08-20 14:00:00+00:00,tt_grogol,40.0,39.069374
6,2026-08-20 14:00:00+00:00,tt_kebonjeruk,28.0,31.619543
6,2026-08-20 14:00:00+00:00,tt_kelapagading,29.0,27.350008
6,2026-08-20 14:00:00+00:00,tt_kuningan,16.0,18.99893
6,2026-08-20 14:00:00+00:00,tt_sudirman,39.0,31.147766
6,2026-08-20 14:00:00+00:00,tt_tangerang,48.0,44.70189
6,2026-08-20 14:00:00+00:00,tt_tbsimatupang,59.0,68.93612
6,2026-08-20 14:00:00+00:00,tt_thamrin,13.0,17.82368
6,2026-08-20 16:00:00+00:00,tt_bekasi,15.0,16.54888
6,2026-08-20 16:00:00+00:00,tt_bogor,45.0,44.71684
6,2026-08-20 16:00:00+00:00,tt_bsd,34.0,32.58007
6,2026-08-20 16:00:00+00:00,tt_cawang,43.0,43.736202
6,2026-08-20 16:00:00+00:00,tt_depok,31.0,29.40534
6,2026-08-20 16:00:00+00:00,tt_gatsu,45.0,41.377422
6,2026-08-20 16:00:00+00:00,tt_grogol,40.0,40.477703
6,2026-08-20 16:00:00+00:00,tt_kebonjeruk,35.0,33.753532
6,2026-08-20 16:00:00+00:00,tt_kelapagading,29.0,29.397503
6,2026-08-20 16:00:00+00:00,tt_kuningan,21.0,20.884523
6,2026-08-20 16:00:00+00:00,tt_sudirman,39.0,34.806145
6,2026-08-20 16:00:00+00:00,tt_tangerang,48.0,46.9185
6,2026-08-20 16:00:00+00:00,tt_tbsimatupang,72.0,73.37757
6,2026-08-20 16:00:00+00:00,tt_thamrin,22.0,20.11442
6,2026-08-20 17:00:00+00:00,tt_bekasi,18.0,16.651224
6,2026-08-20 17:00:00+00:00,tt_bogor,45.0,45.82419
6,2026-08-20 17:00:00+00:00,tt_bsd,34.0,33.09146
6,2026-08-20 17:00:00+00:00,tt_cawang,43.0,46.864876
6,2026-08-20 17:00:00+00:00,tt_depok,31.0,30.521736
6,2026-08-20 17:00:00+00:00,tt_gatsu,45.0,41.58064
6,2026-08-20 17:00:00+00:00,tt_grogol,40.0,40.73771
6,2026-08-20 17:00:00+00:00,tt_kebonjeruk,35.0,35.583843
6,2026-08-20 17:00:00+00:00,tt_kelapagading,29.0,30.91235
6,2026-08-20 17:00:00+00:00,tt_kuningan,21.0,21.70953
6,2026-08-20 17:00:00+00:00,tt_sudirman,39.0,36.558163
6,2026-08-20 17:00:00+00:00,tt_tangerang,48.0,47.24291
6,2026-08-20 17:00:00+00:00,tt_tbsimatupang,72.0,75.88597
6,2026-08-20 17:00:00+00:00,tt_thamrin,22.0,20.829565
6,2026-08-20 19:00:00+00:00,tt_bekasi,18.0,15.261716
6,2026-08-20 19:00:00+00:00,tt_bogor,45.0,46.560055
6,2026-08-20 19:00:00+00:00,tt_bsd,34.0,33.490765
6,2026-08-20 19:00:00+00:00,tt_cawang,43.0,46.698555
6,2026-08-20 19:00:00+00:00,tt_depok,31.0,31.641111
6,2026-08-20 19:00:00+00:00,tt_gatsu,45.0,43.93178
6,2026-08-20 19:00:00+00:00,tt_grogol,40.0,40.540215
6,2026-08-20 19:00:00+00:00,tt_kebonjeruk,35.0,37.770054
6,2026-08-20 19:00:00+00:00,tt_kelapagading,29.0,31.190382
6,2026-08-20 19:00:00+00:00,tt_kuningan,21.0,22.465195
6,2026-08-20 19:00:00+00:00,tt_sudirman,39.0,38.133617
6,2026-08-20 19:00:00+00:00,tt_tangerang,48.0,47.46995
6,2026-08-20 19:00:00+00:00,tt_tbsimatupang,72.0,77.11051
6,2026-08-20 19:00:00+00:00,tt_thamrin,22.0,21.74853
6,2026-08-20 21:00:00+00:00,tt_bekasi,18.0,15.550952
6,2026-08-20 21:00:00+00:00,tt_bogor,45.0,43.031864
6,2026-08-20 21:00:00+00:00,tt_bsd,34.0,34.419228
6,2026-08-20 21:00:00+00:00,tt_cawang,43.0,41.735806
6,2026-08-20 21:00:00+00:00,tt_depok,31.0,30.74782
6,2026-08-20 21:00:00+00:00,tt_gatsu,45.0,45.391453
6,2026-08-20 21:00:00+00:00,tt_grogol,40.0,40.468525
6,2026-08-20 21:00:00+00:00,tt_kebonjeruk,35.0,34.766296
6,2026-08-20 21:00:00+00:00,tt_kelapagading,29.0,28.931198
6,2026-08-20 21:00:00+00:00,tt_kuningan,21.0,20.885962
6,2026-08-20 21:00:00+00:00,tt_sudirman,39.0,36.309196
6,2026-08-20 21:00:00+00:00,tt_tangerang,48.0,49.416832
6,2026-08-20 21:00:00+00:00,tt_tbsimatupang,72.0,70.586266
6,2026-08-20 21:00:00+00:00,tt_thamrin,22.0,20.741537
6,2026-08-20 22:00:00+00:00,tt_bekasi,18.0,16.463728
6,2026-08-20 22:00:00+00:00,tt_bogor,45.0,42.601635
6,2026-08-20 22:00:00+00:00,tt_bsd,34.0,34.569508
6,2026-08-20 22:00:00+00:00,tt_cawang,43.0,38.457767
6,2026-08-20 22:00:00+00:00,tt_depok,31.0,31.196983
6,2026-08-20 22:00:00+00:00,tt_gatsu,45.0,45.772465
6,2026-08-20 22:00:00+00:00,tt_grogol,40.0,39.09882
6,2026-08-20 22:00:00+00:00,tt_kebonjeruk,35.0,34.294838
6,2026-08-20 22:00:00+00:00,tt_kelapagading,29.0,28.526007
6,2026-08-20 22:00:00+00:00,tt_kuningan,21.0,20.756844
6,2026-08-20 22:00:00+00:00,tt_sudirman,39.0,36.500916
6,2026-08-20 22:00:00+00:00,tt_tangerang,48.0,48.39946
6,2026-08-20 22:00:00+00:00,tt_tbsimatupang,72.0,65.43505
6,2026-08-20 22:00:00+00:00,tt_thamrin,22.0,21.197165
6,2026-08-21 00:00:00+00:00,tt_bekasi,18.0,17.436562
6,2026-08-21 00:00:00+00:00,tt_bogor,35.0,41.020267
6,2026-08-21 00:00:00+00:00,tt_bsd,29.0,33.43232
6,2026-08-21 00:00:00+00:00,tt_cawang,18.0,32.088768
6,2026-08-21 00:00:00+00:00,tt_depok,25.0,29.693768
6,2026-08-21 00:00:00+00:00,tt_gatsu,45.0,45.805042
6,2026-08-21 00:00:00+00:00,tt_grogol,34.0,38.086452
6,2026-08-21 00:00:00+00:00,tt_kebonjeruk,25.0,31.488611
6,2026-08-21 00:00:00+00:00,tt_kelapagading,26.0,28.27638
6,2026-08-21 00:00:00+00:00,tt_kuningan,21.0,20.55836
6,2026-08-21 00:00:00+00:00,tt_sudirman,31.0,34.955708
6,2026-08-21 00:00:00+00:00,tt_tangerang,37.0,46.57498
6,2026-08-21 00:00:00+00:00,tt_tbsimatupang,32.0,54.459427
6,2026-08-21 00:00:00+00:00,tt_thamrin,22.0,20.761778
6,2026-08-21 02:00:00+00:00,tt_bekasi,17.0,17.706013
6,2026-08-21 02:00:00+00:00,tt_bogor,37.0,38.552982
6,2026-08-21 02:00:00+00:00,tt_bsd,28.0,30.861086
6,2026-08-21 02:00:00+00:00,tt_cawang,19.0,25.570433
6,2026-08-21 02:00:00+00:00,tt_depok,26.0,27.414375
6,2026-08-21 02:00:00+00:00,tt_gatsu,45.0,44.56329
6,2026-08-21 02:00:00+00:00,tt_grogol,31.0,35.614655
6,2026-08-21 02:00:00+00:00,tt_kebonjeruk,26.0,28.015493
6,2026-08-21 02:00:00+00:00,tt_kelapagading,29.0,27.139364
6,2026-08-21 02:00:00+00:00,tt_kuningan,21.0,20.462961
6,2026-08-21 02:00:00+00:00,tt_sudirman,23.0,32.62152
6,2026-08-21 02:00:00+00:00,tt_tangerang,37.0,42.599552
6,2026-08-21 02:00:00+00:00,tt_tbsimatupang,37.0,43.478798
6,2026-08-21 02:00:00+00:00,tt_thamrin,22.0,19.11737
6,2026-08-21 03:00:00+00:00,tt_bekasi,15.0,17.516676
6,2026-08-21 03:00:00+00:00,tt_bogor,38.0,37.767265
6,2026-08-21 03:00:00+00:00,tt_bsd,34.0,30.704508
6,2026-08-21 03:00:00+00:00,tt_cawang,21.0,23.53913
6,2026-08-21 03:00:00+00:00,tt_depok,31.0,26.6943
6,2026-08-21 03:00:00+00:00,tt_gatsu,45.0,43.790684
6,2026-08-21 03:00:00+00:00,tt_grogol,27.0,34.424015
6,2026-08-21 03:00:00+00:00,tt_kebonjeruk,24.0,26.346682
6,2026-08-21 03:00:00+00:00,tt_kelapagading,23.0,26.008202
6,2026-08-21 03:00:00+00:00,tt_kuningan,16.0,20.456804
6,2026-08-21 03:00:00+00:00,tt_sudirman,28.0,31.47166
6,2026-08-21 03:00:00+00:00,tt_tangerang,48.0,40.556892
6,2026-08-21 03:00:00+00:00,tt_tbsimatupang,48.0,40.003323
6,2026-08-21 03:00:00+00:00,tt_thamrin,16.0,18.329031
6,2026-08-21 05:00:00+00:00,tt_bekasi,16.0,17.714966
6,2026-08-21 05:00:00+00:00,tt_bogor,45.0,36.256256
6,2026-08-21 05:00:00+00:00,tt_bsd,34.0,32.3842
6,2026-08-21 05:00:00+00:00,tt_cawang,43.0,21.085968
6,2026-08-21 05:00:00+00:00,tt_depok,31.0,25.69237
6,2026-08-21 05:00:00+00:00,tt_gatsu,45.0,40.813454
6,2026-08-21 05:00:00+00:00,tt_grogol,32.0,32.439056
6,2026-08-21 05:00:00+00:00,tt_kebonjeruk,27.0,24.512215
6,2026-08-21 05:00:00+00:00,tt_kelapagading,23.0,22.59745
6,2026-08-21 05:00:00+00:00,tt_kuningan,21.0,21.532639
6,2026-08-21 05:00:00+00:00,tt_sudirman,34.0,27.699352
6,2026-08-21 05:00:00+00:00,tt_tangerang,48.0,38.699295
6,2026-08-21 05:00:00+00:00,tt_tbsimatupang,72.0,37.57998
6,2026-08-21 05:00:00+00:00,tt_thamrin,21.0,18.735275
6,2026-08-21 07:00:00+00:00,tt_bekasi,14.0,16.013912
6,2026-08-21 07:00:00+00:00,tt_bogor,35.0,34.485367
6,2026-08-21 07:00:00+00:00,tt_bsd,34.0,33.57314
6,2026-08-21 07:00:00+00:00,tt_cawang,28.0,25.587568
6,2026-08-21 07:00:00+00:00,tt_depok,25.0,26.752186
6,2026-08-21 07:00:00+00:00,tt_gatsu,36.0,36.848454
6,2026-08-21 07:00:00+00:00,tt_grogol,28.0,29.863722
6,2026-08-21 07:00:00+00:00,tt_kebonjeruk,21.0,22.193832
6,2026-08-21 07:00:00+00:00,tt_kelapagading,20.0,19.74333
6,2026-08-21 07:00:00+00:00,tt_kuningan,21.0,18.260986
6,2026-08-21 07:00:00+00:00,tt_sudirman,18.0,25.006578
6,2026-08-21 07:00:00+00:00,tt_tangerang,39.0,39.724735
6,2026-08-21 07:00:00+00:00,tt_tbsimatupang,52.0,41.94655
6,2026-08-21 07:00:00+00:00,tt_thamrin,18.0,16.292063
6,2026-08-21 08:00:00+00:00,tt_bekasi,16.0,16.561026
6,2026-08-21 08:00:00+00:00,tt_bogor,34.0,34.624226
6,2026-08-21 08:00:00+00:00,tt_bsd,34.0,32.633953
6,2026-08-21 08:00:00+00:00,tt_cawang,31.0,27.96749
6,2026-08-21 08:00:00+00:00,tt_depok,25.0,25.644365
6,2026-08-21 08:00:00+00:00,tt_gatsu,35.0,34.541557
6,2026-08-21 08:00:00+00:00,tt_grogol,29.0,30.427778
6,2026-08-21 08:00:00+00:00,tt_kebonjeruk,24.0,22.4851
6,2026-08-21 08:00:00+00:00,tt_kelapagading,21.0,19.975048
6,2026-08-21 08:00:00+00:00,tt_kuningan,17.0,17.960989
6,2026-08-21 08:00:00+00:00,tt_sudirman,24.0,24.457964
6,2026-08-21 08:00:00+00:00,tt_tangerang,40.0,40.171032
6,2026-08-21 08:00:00+00:00,tt_tbsimatupang,38.0,44.83269
6,2026-08-21 08:00:00+00:00,tt_thamrin,10.0,16.67074
6,2026-08-21 10:00:00+00:00,tt_bekasi,15.0,17.221851
6,2026-08-21 10:00:00+00:00,tt_bogor,32.0,34.604313
6,2026-08-21 10:00:00+00:00,tt_bsd,34.0,30.807396
6,2026-08-21 10:00:00+00:00,tt_cawang,22.0,32.40233
6,2026-08-21 10:00:00+00:00,tt_depok,24.0,23.987104
6,2026-08-21 10:00:00+00:00,tt_gatsu,34.0,31.943516
6,2026-08-21 10:00:00+00:00,tt_grogol,32.0,32.75902
6,2026-08-21 10:00:00+00:00,tt_kebonjeruk,20.0,24.172283
6,2026-08-21 10:00:00+00:00,tt_kelapagading,19.0,21.13282
6,2026-08-21 10:00:00+00:00,tt_kuningan,13.0,17.342424
6,2026-08-21 10:00:00+00:00,tt_sudirman,22.0,23.98117
6,2026-08-21 10:00:00+00:00,tt_tangerang,29.0,41.177025
6,2026-08-21 10:00:00+00:00,tt_tbsimatupang,27.0,51.115086
6,2026-08-21 10:00:00+00:00,tt_thamrin,19.0,15.252898
6,2026-08-21 12:00:00+00:00,tt_bekasi,13.0,19.914564
6,2026-08-21 12:00:00+00:00,tt_bogor,32.0,36.750793
6,2026-08-21 12:00:00+00:00,tt_bsd,34.0,29.886742
6,2026-08-21 12:00:00+00:00,tt_cawang,34.0,32.228317
6,2026-08-21 12:00:00+00:00,tt_depok,26.0,27.711855
6,2026-08-21 12:00:00+00:00,tt_gatsu,15.0,37.63432
6,2026-08-21 12:00:00+00:00,tt_grogol,32.0,35.255295
6,2026-08-21 12:00:00+00:00,tt_kebonjeruk,19.0,27.283745
6,2026-08-21 12:00:00+00:00,tt_kelapagading,18.0,24.79898
6,2026-08-21 12:00:00+00:00,tt_kuningan,13.0,19.043852
6,2026-08-21 12:00:00+00:00,tt_sudirman,18.0,29.993576
6,2026-08-21 12:00:00+00:00,tt_tangerang,32.0,40.81296
6,2026-08-21 12:00:00+00:00,tt_tbsimatupang,27.0,51.74235
6,2026-08-21 12:00:00+00:00,tt_thamrin,9.0,18.031677
6,2026-08-21 13:00:00+00:00,tt_bekasi,18.0,18.088638
6,2026-08-21 13:00:00+00:00,tt_bogor,45.0,39.601833
6,2026-08-21 13:00:00+00:00,tt_bsd,34.0,30.790165
6,2026-08-21 13:00:00+00:00,tt_cawang,32.0,37.24456
6,2026-08-21 13:00:00+00:00,tt_depok,25.0,26.789051
6,2026-08-21 13:00:00+00:00,tt_gatsu,45.0,39.461994
6,2026-08-21 13:00:00+00:00,tt_grogol,40.0,37.45999
6,2026-08-21 13:00:00+00:00,tt_kebonjeruk,25.0,28.796432
6,2026-08-21 13:00:00+00:00,tt_kelapagading,21.0,25.438662
6,2026-08-21 13:00:00+00:00,tt_kuningan,21.0,18.3277
6,2026-08-21 13:00:00+00:00,tt_sudirman,31.0,30.789598
6,2026-08-21 13:00:00+00:00,tt_tangerang,48.0,44.28121
6,2026-08-21 13:00:00+00:00,tt_tbsimatupang,72.0,60.086754
6,2026-08-21 13:00:00+00:00,tt_thamrin,16.0,18.309208
