horizon,target_time,corridor,y_true,nograph_stgnn_pred
1,2026-08-18 02:00:00+00:00,tt_bekasi,15.999999,17.389666
1,2026-08-18 02:00:00+00:00,tt_bogor,36.0,34.190224
1,2026-08-18 02:00:00+00:00,tt_bsd,34.0,33.745945
1,2026-08-18 02:00:00+00:00,tt_cawang,21.0,24.888882
1,2026-08-18 02:00:00+00:00,tt_depok,31.0,28.01108
1,2026-08-18 02:00:00+00:00,tt_gatsu,33.0,43.8123
1,2026-08-18 02:00:00+00:00,tt_grogol,26.0,27.397564
1,2026-08-18 02:00:00+00:00,tt_kebonjeruk,26.0,28.430712
1,2026-08-18 02:00:00+00:00,tt_kelapagading,29.0,29.072779
1,2026-08-18 02:00:00+00:00,tt_kuningan,21.0,21.565956
1,2026-08-18 02:00:00+00:00,tt_sudirman,23.0,33.057907
1,2026-08-18 02:00:00+00:00,tt_tangerang,48.0,37.60175
1,2026-08-18 02:00:00+00:00,tt_tbsimatupang,15.999999,34.116467
1,2026-08-18 02:00:00+00:00,tt_thamrin,17.0,20.779205
1,2026-08-18 04:00:00+00:00,tt_bekasi,15.0,17.192192
1,2026-08-18 04:00:00+00:00,tt_bogor,33.0,35.872753
1,2026-08-18 04:00:00+00:00,tt_bsd,28.0,33.745945
1,2026-08-18 04:00:00+00:00,tt_cawang,22.0,23.833937
1,2026-08-18 04:00:00+00:00,tt_depok,31.0,30.488401
1,2026-08-18 04:00:00+00:00,tt_gatsu,32.0,33.394375
1,2026-08-18 04:00:00+00:00,tt_grogol,27.0,26.98233
1,2026-08-18 04:00:00+00:00,tt_kebonjeruk,25.0,26.84021
1,2026-08-18 04:00:00+00:00,tt_kelapagading,29.0,29.072779
1,2026-08-18 04:00:00+00:00,tt_kuningan,15.999999,21.565956
1,2026-08-18 04:00:00+00:00,tt_sudirman,24.0,26.29488
1,2026-08-18 04:00:00+00:00,tt_tangerang,36.0,46.554302
1,2026-08-18 04:00:00+00:00,tt_tbsimatupang,55.0,27.712875
1,2026-08-18 04:00:00+00:00,tt_thamrin,18.0,18.995413
1,2026-08-18 05:00:00+00:00,tt_bekasi,15.0,16.811802
1,2026-08-18 05:00:00+00:00,tt_bogor,38.0,33.970055
1,2026-08-18 05:00:00+00:00,tt_bsd,28.0,30.366833
1,2026-08-18 05:00:00+00:00,tt_cawang,28.0,23.943193
1,2026-08-18 05:00:00+00:00,tt_depok,26.0,30.868431
1,2026-08-18 05:00:00+00:00,tt_gatsu,45.0,32.50828
1,2026-08-18 05:00:00+00:00,tt_grogol,36.0,27.46224
1,2026-08-18 05:00:00+00:00,tt_kebonjeruk,22.0,26.247303
1,2026-08-18 05:00:00+00:00,tt_kelapagading,22.0,29.072779
1,2026-08-18 05:00:00+00:00,tt_kuningan,21.0,19.82203
1,2026-08-18 05:00:00+00:00,tt_sudirman,31.0,25.652882
1,2026-08-18 05:00:00+00:00,tt_tangerang,41.0,37.6679
1,2026-08-18 05:00:00+00:00,tt_tbsimatupang,51.0,47.38899
1,2026-08-18 05:00:00+00:00,tt_thamrin,20.0,18.967594
1,2026-08-18 07:00:00+00:00,tt_bekasi,15.0,16.437334
1,2026-08-18 07:00:00+00:00,tt_bogor,34.0,37.599594
1,2026-08-18 07:00:00+00:00,tt_bsd,30.0,28.462868
1,2026-08-18 07:00:00+00:00,tt_cawang,43.0,27.547037
1,2026-08-18 07:00:00+00:00,tt_depok,31.0,27.335073
1,2026-08-18 07:00:00+00:00,tt_gatsu,45.0,44.041836
1,2026-08-18 07:00:00+00:00,tt_grogol,32.0,35.178024
1,2026-08-18 07:00:00+00:00,tt_kebonjeruk,25.0,24.010456
1,2026-08-18 07:00:00+00:00,tt_kelapagading,22.0,24.63095
1,2026-08-18 07:00:00+00:00,tt_kuningan,15.0,20.992085
1,2026-08-18 07:00:00+00:00,tt_sudirman,28.0,30.256964
1,2026-08-18 07:00:00+00:00,tt_tangerang,38.0,40.22872
1,2026-08-18 07:00:00+00:00,tt_tbsimatupang,57.0,48.68834
1,2026-08-18 07:00:00+00:00,tt_thamrin,22.0,20.134085
1,2026-08-18 09:00:00+00:00,tt_bekasi,14.0,16.307785
1,2026-08-18 09:00:00+00:00,tt_bogor,35.0,34.071503
1,2026-08-18 09:00:00+00:00,tt_bsd,28.0,29.818398
1,2026-08-18 09:00:00+00:00,tt_cawang,29.0,41.793114
1,2026-08-18 09:00:00+00:00,tt_depok,24.0,30.35501
1,2026-08-18 09:00:00+00:00,tt_gatsu,45.0,43.99688
1,2026-08-18 09:00:00+00:00,tt_grogol,32.0,32.205025
1,2026-08-18 09:00:00+00:00,tt_kebonjeruk,23.0,24.994635
1,2026-08-18 09:00:00+00:00,tt_kelapagading,23.0,23.28421
1,2026-08-18 09:00:00+00:00,tt_kuningan,21.0,18.035576
1,2026-08-18 09:00:00+00:00,tt_sudirman,31.0,28.78317
1,2026-08-18 09:00:00+00:00,tt_tangerang,38.0,37.71611
1,2026-08-18 09:00:00+00:00,tt_tbsimatupang,43.0,53.143898
1,2026-08-18 09:00:00+00:00,tt_thamrin,22.0,21.723583
1,2026-08-18 10:00:00+00:00,tt_bekasi,14.0,15.946939
1,2026-08-18 10:00:00+00:00,tt_bogor,35.0,34.529503
1,2026-08-18 10:00:00+00:00,tt_bsd,34.0,28.99324
1,2026-08-18 10:00:00+00:00,tt_cawang,30.0,32.873775
1,2026-08-18 10:00:00+00:00,tt_depok,25.0,27.629993
1,2026-08-18 10:00:00+00:00,tt_gatsu,3.999998,43.84292
1,2026-08-18 10:00:00+00:00,tt_grogol,31.0,31.941324
1,2026-08-18 10:00:00+00:00,tt_kebonjeruk,21.0,24.411036
1,2026-08-18 10:00:00+00:00,tt_kelapagading,21.0,23.40829
1,2026-08-18 10:00:00+00:00,tt_kuningan,14.0,19.524055
1,2026-08-18 10:00:00+00:00,tt_sudirman,23.0,30.069479
1,2026-08-18 10:00:00+00:00,tt_tangerang,34.0,37.636486
1,2026-08-18 10:00:00+00:00,tt_tbsimatupang,44.0,42.719513
1,2026-08-18 10:00:00+00:00,tt_thamrin,22.0,22.038963
1,2026-08-18 12:00:00+00:00,tt_bekasi,14.0,15.592989
1,2026-08-18 12:00:00+00:00,tt_bogor,35.0,34.71817
1,2026-08-18 12:00:00+00:00,tt_bsd,34.0,33.31174
1,2026-08-18 12:00:00+00:00,tt_cawang,34.0,30.294008
1,2026-08-18 12:00:00+00:00,tt_depok,26.0,25.866941
1,2026-08-18 12:00:00+00:00,tt_gatsu,45.0,21.373158
1,2026-08-18 12:00:00+00:00,tt_grogol,32.0,31.117123
1,2026-08-18 12:00:00+00:00,tt_kebonjeruk,25.0,22.549034
1,2026-08-18 12:00:00+00:00,tt_kelapagading,22.0,22.325428
1,2026-08-18 12:00:00+00:00,tt_kuningan,13.0,16.998482
1,2026-08-18 12:00:00+00:00,tt_sudirman,29.0,25.440048
1,2026-08-18 12:00:00+00:00,tt_tangerang,48.0,34.090504
1,2026-08-18 12:00:00+00:00,tt_tbsimatupang,72.0,42.83924
1,2026-08-18 12:00:00+00:00,tt_thamrin,17.0,22.301353
1,2026-08-18 14:00:00+00:00,tt_bekasi,15.999999,15.473984
1,2026-08-18 14:00:00+00:00,tt_bogor,45.0,34.726414
1,2026-08-18 14:00:00+00:00,tt_bsd,34.0,33.77152
1,2026-08-18 14:00:00+00:00,tt_cawang,32.0,33.662525
1,2026-08-18 14:00:00+00:00,tt_depok,26.0,26.102922
1,2026-08-18 14:00:00+00:00,tt_gatsu,45.0,42.67546
1,2026-08-18 14:00:00+00:00,tt_grogol,40.0,31.778902
1,2026-08-18 14:00:00+00:00,tt_kebonjeruk,31.0,24.418663
1,2026-08-18 14:00:00+00:00,tt_kelapagading,29.0,22.487738
1,2026-08-18 14:00:00+00:00,tt_kuningan,15.999999,15.506622
1,2026-08-18 14:00:00+00:00,tt_sudirman,30.0,28.195932
1,2026-08-18 14:00:00+00:00,tt_tangerang,48.0,46.66968
1,2026-08-18 14:00:00+00:00,tt_tbsimatupang,72.0,64.33401
1,2026-08-18 14:00:00+00:00,tt_thamrin,22.0,19.542542
1,2026-08-18 15:00:00+00:00,tt_bekasi,15.999999,16.135536
1,2026-08-18 15:00:00+00:00,tt_bogor,45.0,42.210922
1,2026-08-18 15:00:00+00:00,tt_bsd,34.0,33.760273
1,2026-08-18 15:00:00+00:00,tt_cawang,43.0,32.58115
1,2026-08-18 15:00:00+00:00,tt_depok,31.0,26.164318
1,2026-08-18 15:00:00+00:00,tt_gatsu,45.0,43.70172
1,2026-08-18 15:00:00+00:00,tt_grogol,40.0,37.56115
1,2026-08-18 15:00:00+00:00,tt_kebonjeruk,35.0,28.003258
1,2026-08-18 15:00:00+00:00,tt_kelapagading,29.0,25.735329
1,2026-08-18 15:00:00+00:00,tt_kuningan,21.0,16.176735
1,2026-08-18 15:00:00+00:00,tt_sudirman,39.0,29.270193
1,2026-08-18 15:00:00+00:00,tt_tangerang,48.0,46.72467
1,2026-08-18 15:00:00+00:00,tt_tbsimatupang,72.0,64.15014
1,2026-08-18 15:00:00+00:00,tt_thamrin,22.0,20.78963
1,2026-08-18 17:00:00+00:00,tt_bekasi,17.0,16.781199
1,2026-08-18 17:00:00+00:00,tt_bogor,45.0,44.0754
1,2026-08-18 17:00:00+00:00,tt_bsd,34.0,33.733303
1,2026-08-18 17:00:00+00:00,tt_cawang,43.0,42.158493
1,2026-08-18 17:00:00+00:00,tt_depok,31.0,30.185951
1,2026-08-18 17:00:00+00:00,tt_gatsu,45.0,43.659767
1,2026-08-18 17:00:00+00:00,tt_grogol,40.0,39.550133
1,2026-08-18 17:00:00+00:00,tt_kebonjeruk,35.0,34.186687
1,2026-08-18 17:00:00+00:00,tt_kelapagading,29.0,28.346619
1,2026-08-18 17:00:00+00:00,tt_kuningan,21.0,19.888384
1,2026-08-18 17:00:00+00:00,tt_sudirman,39.0,38.175373
1,2026-08-18 17:00:00+00:00,tt_tangerang,48.0,46.396496
1,2026-08-18 17:00:00+00:00,tt_tbsimatupang,72.0,64.3073
1,2026-08-18 17:00:00+00:00,tt_thamrin,22.0,22.00515
1,2026-08-18 19:00:00+00:00,tt_bekasi,17.0,17.5576
1,2026-08-18 19:00:00+00:00,tt_bogor,45.0,43.80371
1,2026-08-18 19:00:00+00:00,tt_bsd,34.0,33.736526
1,2026-08-18 19:00:00+00:00,tt_cawang,43.0,42.185444
1,2026-08-18 19:00:00+00:00,tt_depok,31.0,30.975035
1,2026-08-18 19:00:00+00:00,tt_gatsu,45.0,43.61233
1,2026-08-18 19:00:00+00:00,tt_grogol,40.0,39.356766
1,2026-08-18 19:00:00+00:00,tt_kebonjeruk,35.0,34.72121
1,2026-08-18 19:00:00+00:00,tt_kelapagading,29.0,28.903538
1,2026-08-18 19:00:00+00:00,tt_kuningan,21.0,21.050526
1,2026-08-18 19:00:00+00:00,tt_sudirman,39.0,38.545456
1,2026-08-18 19:00:00+00:00,tt_tangerang,48.0,46.30075
1,2026-08-18 19:00:00+00:00,tt_tbsimatupang,72.0,64.405876
1,2026-08-18 19:00:00+00:00,tt_thamrin,22.0,22.344551
1,2026-08-18 20:00:00+00:00,tt_bekasi,17.0,17.727695
1,2026-08-18 20:00:00+00:00,tt_bogor,45.0,43.748253
1,2026-08-18 20:00:00+00:00,tt_bsd,34.0,33.740242
1,2026-08-18 20:00:00+00:00,tt_cawang,43.0,42.059147
1,2026-08-18 20:00:00+00:00,tt_depok,31.0,31.034704
1,2026-08-18 20:00:00+00:00,tt_gatsu,45.0,43.62085
1,2026-08-18 20:00:00+00:00,tt_grogol,40.0,39.30844
1,2026-08-18 20:00:00+00:00,tt_kebonjeruk,35.0,34.695198
1,2026-08-18 20:00:00+00:00,tt_kelapagading,29.0,28.972994
1,2026-08-18 20:00:00+00:00,tt_kuningan,21.0,21.263647
1,2026-08-18 20:00:00+00:00,tt_sudirman,39.0,38.45141
1,2026-08-18 20:00:00+00:00,tt_tangerang,48.0,46.28493
1,2026-08-18 20:00:00+00:00,tt_tbsimatupang,72.0,64.46369
1,2026-08-18 20:00:00+00:00,tt_thamrin,22.0,22.39473
1,2026-08-18 22:00:00+00:00,tt_bekasi,17.0,17.884563
1,2026-08-18 22:00:00+00:00,tt_bogor,45.0,43.71969
1,2026-08-18 22:00:00+00:00,tt_bsd,34.0,33.745945
1,2026-08-18 22:00:00+00:00,tt_cawang,43.0,41.980103
1,2026-08-18 22:00:00+00:00,tt_depok,31.0,31.048624
1,2026-08-18 22:00:00+00:00,tt_gatsu,45.0,43.670265
1,2026-08-18 22:00:00+00:00,tt_grogol,40.0,39.29619
1,2026-08-18 22:00:00+00:00,tt_kebonjeruk,35.0,34.670464
1,2026-08-18 22:00:00+00:00,tt_kelapagading,29.0,29.03016
1,2026-08-18 22:00:00+00:00,tt_kuningan,21.0,21.455929
1,2026-08-18 22:00:00+00:00,tt_sudirman,39.0,38.384277
1,2026-08-18 22:00:00+00:00,tt_tangerang,48.0,46.272575
1,2026-08-18 22:00:00+00:00,tt_tbsimatupang,72.0,64.5272
1,2026-08-18 22:00:00+00:00,tt_thamrin,22.0,22.440384
1,2026-08-19 00:00:00+00:00,tt_bekasi,15.0,17.9379
1,2026-08-19 00:00:00+00:00,tt_bogor,35.0,43.718445
1,2026-08-19 00:00:00+00:00,tt_bsd,29.0,33.745945
1,2026-08-19 00:00:00+00:00,tt_cawang,20.0,41.97666
1,2026-08-19 00:00:00+00:00,tt_depok,31.0,31.052612
1,2026-08-19 00:00:00+00:00,tt_gatsu,45.0,43.71561
1,2026-08-19 00:00:00+00:00,tt_grogol,40.0,39.310143
1,2026-08-19 00:00:00+00:00,tt_kebonjeruk,27.0,34.683884
1,2026-08-19 00:00:00+00:00,tt_kelapagading,29.0,29.06106
1,2026-08-19 00:00:00+00:00,tt_kuningan,21.0,21.549759
1,2026-08-19 00:00:00+00:00,tt_sudirman,39.0,38.39554
1,2026-08-19 00:00:00+00:00,tt_tangerang,48.0,46.253925
1,2026-08-19 00:00:00+00:00,tt_tbsimatupang,39.0,64.462746
1,2026-08-19 00:00:00+00:00,tt_thamrin,19.0,22.47323
1,2026-08-19 01:00:00+00:00,tt_bekasi,15.999999,17.2638
1,2026-08-19 01:00:00+00:00,tt_bogor,37.0,36.379684
1,2026-08-19 01:00:00+00:00,tt_bsd,34.0,30.842112
1,2026-08-19 01:00:00+00:00,tt_cawang,13.0,30.067171
1,2026-08-19 01:00:00+00:00,tt_depok,27.0,31.05405
1,2026-08-19 01:00:00+00:00,tt_gatsu,13.0,43.71561
1,2026-08-19 01:00:00+00:00,tt_grogol,32.0,39.31652
1,2026-08-19 01:00:00+00:00,tt_kebonjeruk,25.0,30.217575
1,2026-08-19 01:00:00+00:00,tt_kelapagading,29.0,29.06905
1,2026-08-19 01:00:00+00:00,tt_kuningan,21.0,21.566505
1,2026-08-19 01:00:00+00:00,tt_sudirman,22.0,38.403503
1,2026-08-19 01:00:00+00:00,tt_tangerang,39.0,46.253925
1,2026-08-19 01:00:00+00:00,tt_tbsimatupang,18.0,40.510014
1,2026-08-19 01:00:00+00:00,tt_thamrin,22.0,21.393524
1,2026-08-19 03:00:00+00:00,tt_bekasi,15.999999,17.144249
1,2026-08-19 03:00:00+00:00,tt_bogor,37.0,36.634163
1,2026-08-19 03:00:00+00:00,tt_bsd,34.0,33.43593
1,2026-08-19 03:00:00+00:00,tt_cawang,20.0,21.52678
1,2026-08-19 03:00:00+00:00,tt_depok,31.0,28.01108
1,2026-08-19 03:00:00+00:00,tt_gatsu,45.0,23.849335
1,2026-08-19 03:00:00+00:00,tt_grogol,31.0,32.282402
1,2026-08-19 03:00:00+00:00,tt_kebonjeruk,23.0,26.50895
1,2026-08-19 03:00:00+00:00,tt_kelapagading,29.0,29.072779
1,2026-08-19 03:00:00+00:00,tt_kuningan,15.999999,21.565956
1,2026-08-19 03:00:00+00:00,tt_sudirman,24.0,26.34086
1,2026-08-19 03:00:00+00:00,tt_tangerang,40.0,38.448765
1,2026-08-19 03:00:00+00:00,tt_tbsimatupang,33.0,28.326717
1,2026-08-19 03:00:00+00:00,tt_thamrin,20.0,22.128023
1,2026-08-19 05:00:00+00:00,tt_bekasi,15.0,17.114353
1,2026-08-19 05:00:00+00:00,tt_bogor,32.0,36.82663
1,2026-08-19 05:00:00+00:00,tt_bsd,34.0,33.76683
1,2026-08-19 05:00:00+00:00,tt_cawang,17.0,22.93828
1,2026-08-19 05:00:00+00:00,tt_depok,31.0,30.488401
1,2026-08-19 05:00:00+00:00,tt_gatsu,45.0,42.95004
1,2026-08-19 05:00:00+00:00,tt_grogol,31.0,31.363148
1,2026-08-19 05:00:00+00:00,tt_kebonjeruk,24.0,24.684378
1,2026-08-19 05:00:00+00:00,tt_kelapagading,21.0,29.072779
1,2026-08-19 05:00:00+00:00,tt_kuningan,17.0,18.743969
1,2026-08-19 05:00:00+00:00,tt_sudirman,27.0,25.503044
1,2026-08-19 05:00:00+00:00,tt_tangerang,40.0,39.479275
1,2026-08-19 05:00:00+00:00,tt_tbsimatupang,43.0,34.733665
1,2026-08-19 05:00:00+00:00,tt_thamrin,17.0,21.189846
1,2026-08-19 06:00:00+00:00,tt_bekasi,18.0,16.765366
1,2026-08-19 06:00:00+00:00,tt_bogor,35.0,33.420753
1,2026-08-19 06:00:00+00:00,tt_bsd,34.0,33.767673
1,2026-08-19 06:00:00+00:00,tt_cawang,19.0,22.162964
1,2026-08-19 06:00:00+00:00,tt_depok,27.0,30.868431
1,2026-08-19 06:00:00+00:00,tt_gatsu,30.0,43.796967
1,2026-08-19 06:00:00+00:00,tt_grogol,27.0,31.342476
1,2026-08-19 06:00:00+00:00,tt_kebonjeruk,21.0,24.694584
1,2026-08-19 06:00:00+00:00,tt_kelapagading,21.0,25.929575
1,2026-08-19 06:00:00+00:00,tt_kuningan,21.0,18.446274
1,2026-08-19 06:00:00+00:00,tt_sudirman,18.0,26.65911
1,2026-08-19 06:00:00+00:00,tt_tangerang,38.0,39.53508
1,2026-08-19 06:00:00+00:00,tt_tbsimatupang,48.0,41.67649
1,2026-08-19 06:00:00+00:00,tt_thamrin,13.0,19.92276
1,2026-08-19 08:00:00+00:00,tt_bekasi,15.0,18.12994
1,2026-08-19 08:00:00+00:00,tt_bogor,34.0,34.774593
1,2026-08-19 08:00:00+00:00,tt_bsd,28.0,33.749172
1,2026-08-19 08:00:00+00:00,tt_cawang,32.0,22.039635
1,2026-08-19 08:00:00+00:00,tt_depok,25.0,28.001705
1,2026-08-19 08:00:00+00:00,tt_gatsu,26.0,31.612686
1,2026-08-19 08:00:00+00:00,tt_grogol,27.0,28.34343
1,2026-08-19 08:00:00+00:00,tt_kebonjeruk,18.0,22.92358
1,2026-08-19 08:00:00+00:00,tt_kelapagading,22.0,23.09394
1,2026-08-19 08:00:00+00:00,tt_kuningan,21.0,20.590815
1,2026-08-19 08:00:00+00:00,tt_sudirman,22.0,22.4664
1,2026-08-19 08:00:00+00:00,tt_tangerang,48.0,37.69877
1,2026-08-19 08:00:00+00:00,tt_tbsimatupang,32.0,47.001762
1,2026-08-19 08:00:00+00:00,tt_thamrin,8.0,16.623442
1,2026-08-19 10:00:00+00:00,tt_bekasi,13.0,16.916695
1,2026-08-19 10:00:00+00:00,tt_bogor,30.0,33.94469
1,2026-08-19 10:00:00+00:00,tt_bsd,34.0,28.979334
1,2026-08-19 10:00:00+00:00,tt_cawang,43.0,30.232925
1,2026-08-19 10:00:00+00:00,tt_depok,23.0,26.011215
1,2026-08-19 10:00:00+00:00,tt_gatsu,23.0,28.43993
1,2026-08-19 10:00:00+00:00,tt_grogol,30.0,27.55054
1,2026-08-19 10:00:00+00:00,tt_kebonjeruk,19.0,20.509342
1,2026-08-19 10:00:00+00:00,tt_kelapagading,22.0,22.835796
1,2026-08-19 10:00:00+00:00,tt_kuningan,15.999999,21.273014
1,2026-08-19 10:00:00+00:00,tt_sudirman,19.0,22.953339
1,2026-08-19 10:00:00+00:00,tt_tangerang,28.0,46.598835
1,2026-08-19 10:00:00+00:00,tt_tbsimatupang,34.0,33.61997
1,2026-08-19 10:00:00+00:00,tt_thamrin,17.0,13.109722
1,2026-08-19 11:00:00+00:00,tt_bekasi,18.0,15.988468
1,2026-08-19 11:00:00+00:00,tt_bogor,33.0,31.475584
1,2026-08-19 11:00:00+00:00,tt_bsd,27.0,31.963915
1,2026-08-19 11:00:00+00:00,tt_cawang,43.0,39.39384
1,2026-08-19 11:00:00+00:00,tt_depok,25.0,24.93916
1,2026-08-19 11:00:00+00:00,tt_gatsu,35.0,26.967728
1,2026-08-19 11:00:00+00:00,tt_grogol,32.0,28.944221
1,2026-08-19 11:00:00+00:00,tt_kebonjeruk,21.0,20.24569
1,2026-08-19 11:00:00+00:00,tt_kelapagading,20.0,22.782005
1,2026-08-19 11:00:00+00:00,tt_kuningan,15.999999,19.62933
1,2026-08-19 11:00:00+00:00,tt_sudirman,15.999999,21.858236
1,2026-08-19 11:00:00+00:00,tt_tangerang,26.0,33.37407
1,2026-08-19 11:00:00+00:00,tt_tbsimatupang,44.0,34.07683
1,2026-08-19 11:00:00+00:00,tt_thamrin,10.0,15.191338
1,2026-08-19 13:00:00+00:00,tt_bekasi,18.0,17.885769
1,2026-08-19 13:00:00+00:00,tt_bogor,45.0,32.65924
1,2026-08-19 13:00:00+00:00,tt_bsd,34.0,28.148138
1,2026-08-19 13:00:00+00:00,tt_cawang,43.0,42.43938
1,2026-08-19 13:00:00+00:00,tt_depok,25.0,25.192013
1,2026-08-19 13:00:00+00:00,tt_gatsu,45.0,34.11529
1,2026-08-19 13:00:00+00:00,tt_grogol,31.0,31.451344
1,2026-08-19 13:00:00+00:00,tt_kebonjeruk,27.0,21.147871
1,2026-08-19 13:00:00+00:00,tt_kelapagading,23.0,21.496037
1,2026-08-19 13:00:00+00:00,tt_kuningan,13.0,17.996708
1,2026-08-19 13:00:00+00:00,tt_sudirman,30.0,18.695387
1,2026-08-19 13:00:00+00:00,tt_tangerang,48.0,28.105896
1,2026-08-19 13:00:00+00:00,tt_tbsimatupang,72.0,43.192173
1,2026-08-19 13:00:00+00:00,tt_thamrin,20.0,13.489962
1,2026-08-19 15:00:00+00:00,tt_bekasi,15.999999,18.54932
1,2026-08-19 15:00:00+00:00,tt_bogor,38.0,44.03446
1,2026-08-19 15:00:00+00:00,tt_bsd,34.0,33.141598
1,2026-08-19 15:00:00+00:00,tt_cawang,32.0,42.090443
1,2026-08-19 15:00:00+00:00,tt_depok,31.0,25.282269
1,2026-08-19 15:00:00+00:00,tt_gatsu,45.0,44.073524
1,2026-08-19 15:00:00+00:00,tt_grogol,40.0,31.109818
1,2026-08-19 15:00:00+00:00,tt_kebonjeruk,31.0,25.4796
1,2026-08-19 15:00:00+00:00,tt_kelapagading,29.0,22.80503
1,2026-08-19 15:00:00+00:00,tt_kuningan,21.0,15.898668
1,2026-08-19 15:00:00+00:00,tt_sudirman,29.0,27.5269
1,2026-08-19 15:00:00+00:00,tt_tangerang,48.0,46.36546
1,2026-08-19 15:00:00+00:00,tt_tbsimatupang,72.0,64.78732
1,2026-08-19 15:00:00+00:00,tt_thamrin,21.0,18.396084
1,2026-08-19 16:00:00+00:00,tt_bekasi,18.0,17.971539
1,2026-08-19 16:00:00+00:00,tt_bogor,45.0,38.83961
1,2026-08-19 16:00:00+00:00,tt_bsd,34.0,33.651985
1,2026-08-19 16:00:00+00:00,tt_cawang,43.0,34.145535
1,2026-08-19 16:00:00+00:00,tt_depok,31.0,28.408272
1,2026-08-19 16:00:00+00:00,tt_gatsu,45.0,44.103523
1,2026-08-19 16:00:00+00:00,tt_grogol,40.0,37.33612
1,2026-08-19 16:00:00+00:00,tt_kebonjeruk,35.0,28.562187
1,2026-08-19 16:00:00+00:00,tt_kelapagading,29.0,25.907543
1,2026-08-19 16:00:00+00:00,tt_kuningan,21.0,18.338322
1,2026-08-19 16:00:00+00:00,tt_sudirman,39.0,28.452785
1,2026-08-19 16:00:00+00:00,tt_tangerang,48.0,46.68581
1,2026-08-19 16:00:00+00:00,tt_tbsimatupang,72.0,64.468475
1,2026-08-19 16:00:00+00:00,tt_thamrin,22.0,19.840668
1,2026-08-19 18:00:00+00:00,tt_bekasi,18.0,18.525108
1,2026-08-19 18:00:00+00:00,tt_bogor,45.0,43.833237
1,2026-08-19 18:00:00+00:00,tt_bsd,34.0,33.77672
1,2026-08-19 18:00:00+00:00,tt_cawang,43.0,41.919037
1,2026-08-19 18:00:00+00:00,tt_depok,31.0,30.661022
1,2026-08-19 18:00:00+00:00,tt_gatsu,45.0,43.808784
1,2026-08-19 18:00:00+00:00,tt_grogol,40.0,39.559994
1,2026-08-19 18:00:00+00:00,tt_kebonjeruk,35.0,34.2686
1,2026-08-19 18:00:00+00:00,tt_kelapagading,29.0,28.392454
1,2026-08-19 18:00:00+00:00,tt_kuningan,21.0,20.621471
1,2026-08-19 18:00:00+00:00,tt_sudirman,39.0,38.092865
1,2026-08-19 18:00:00+00:00,tt_tangerang,44.0,46.317894
1,2026-08-19 18:00:00+00:00,tt_tbsimatupang,72.0,64.46472
1,2026-08-19 18:00:00+00:00,tt_thamrin,22.0,21.717236
1,2026-08-19 20:00:00+00:00,tt_bekasi,18.0,18.750587
1,2026-08-19 20:00:00+00:00,tt_bogor,45.0,43.79209
1,2026-08-19 20:00:00+00:00,tt_bsd,34.0,33.742004
1,2026-08-19 20:00:00+00:00,tt_cawang,43.0,42.113625
1,2026-08-19 20:00:00+00:00,tt_depok,31.0,31.01269
1,2026-08-19 20:00:00+00:00,tt_gatsu,45.0,43.720913
1,2026-08-19 20:00:00+00:00,tt_grogol,40.0,39.365097
1,2026-08-19 20:00:00+00:00,tt_kebonjeruk,35.0,34.720272
1,2026-08-19 20:00:00+00:00,tt_kelapagading,29.0,28.909586
1,2026-08-19 20:00:00+00:00,tt_kuningan,21.0,21.252735
1,2026-08-19 20:00:00+00:00,tt_sudirman,39.0,38.544205
1,2026-08-19 20:00:00+00:00,tt_tangerang,48.0,42.75254
1,2026-08-19 20:00:00+00:00,tt_tbsimatupang,72.0,64.62549
1,2026-08-19 20:00:00+00:00,tt_thamrin,22.0,22.291805
1,2026-08-19 21:00:00+00:00,tt_bekasi,18.0,18.797949
1,2026-08-19 21:00:00+00:00,tt_bogor,45.0,43.744617
1,2026-08-19 21:00:00+00:00,tt_bsd,34.0,33.740314
1,2026-08-19 21:00:00+00:00,tt_cawang,43.0,42.042496
1,2026-08-19 21:00:00+00:00,tt_depok,31.0,31.036446
1,2026-08-19 21:00:00+00:00,tt_gatsu,45.0,43.714775
1,2026-08-19 21:00:00+00:00,tt_grogol,40.0,39.312164
1,2026-08-19 21:00:00+00:00,tt_kebonjeruk,35.0,34.694466
1,2026-08-19 21:00:00+00:00,tt_kelapagading,29.0,28.97516
1,2026-08-19 21:00:00+00:00,tt_kuningan,21.0,21.366915
1,2026-08-19 21:00:00+00:00,tt_sudirman,39.0,38.45142
1,2026-08-19 21:00:00+00:00,tt_tangerang,48.0,45.88768
1,2026-08-19 21:00:00+00:00,tt_tbsimatupang,72.0,64.60132
1,2026-08-19 21:00:00+00:00,tt_thamrin,22.0,22.381401
1,2026-08-19 23:00:00+00:00,tt_bekasi,17.0,18.81638
1,2026-08-19 23:00:00+00:00,tt_bogor,35.0,43.715244
1,2026-08-19 23:00:00+00:00,tt_bsd,34.0,33.74071
1,2026-08-19 23:00:00+00:00,tt_cawang,26.0,41.98355
1,2026-08-19 23:00:00+00:00,tt_depok,31.0,31.047476
1,2026-08-19 23:00:00+00:00,tt_gatsu,45.0,43.718445
1,2026-08-19 23:00:00+00:00,tt_grogol,35.0,39.29646
1,2026-08-19 23:00:00+00:00,tt_kebonjeruk,30.0,34.672512
1,2026-08-19 23:00:00+00:00,tt_kelapagading,29.0,29.032892
1,2026-08-19 23:00:00+00:00,tt_kuningan,21.0,21.49739
1,2026-08-19 23:00:00+00:00,tt_sudirman,39.0,38.385548
1,2026-08-19 23:00:00+00:00,tt_tangerang,48.0,46.335083
1,2026-08-19 23:00:00+00:00,tt_tbsimatupang,72.0,64.5272
1,2026-08-19 23:00:00+00:00,tt_thamrin,20.0,22.477596
1,2026-08-20 01:00:00+00:00,tt_bekasi,18.0,18.254498
1,2026-08-20 01:00:00+00:00,tt_bogor,35.0,34.99961
1,2026-08-20 01:00:00+00:00,tt_bsd,29.0,33.745945
1,2026-08-20 01:00:00+00:00,tt_cawang,14.0,28.698963
1,2026-08-20 01:00:00+00:00,tt_depok,31.0,31.053135
1,2026-08-20 01:00:00+00:00,tt_gatsu,37.0,43.71561
1,2026-08-20 01:00:00+00:00,tt_grogol,30.0,34.835293
1,2026-08-20 01:00:00+00:00,tt_kebonjeruk,26.0,30.528872
1,2026-08-20 01:00:00+00:00,tt_kelapagading,29.0,29.062288
1,2026-08-20 01:00:00+00:00,tt_kuningan,21.0,21.572418
1,2026-08-20 01:00:00+00:00,tt_sudirman,27.0,38.39511
1,2026-08-20 01:00:00+00:00,tt_tangerang,36.0,46.2676
1,2026-08-20 01:00:00+00:00,tt_tbsimatupang,18.0,64.462746
1,2026-08-20 01:00:00+00:00,tt_thamrin,18.0,21.280165
1,2026-08-20 02:00:00+00:00,tt_bekasi,18.0,18.489697
1,2026-08-20 02:00:00+00:00,tt_bogor,40.0,34.885296
1,2026-08-20 02:00:00+00:00,tt_bsd,34.0,30.842112
1,2026-08-20 02:00:00+00:00,tt_cawang,18.0,24.27952
1,2026-08-20 02:00:00+00:00,tt_depok,31.0,31.05451
1,2026-08-20 02:00:00+00:00,tt_gatsu,45.0,37.748924
1,2026-08-20 02:00:00+00:00,tt_grogol,30.0,31.71314
1,2026-08-20 02:00:00+00:00,tt_kebonjeruk,26.0,28.340988
1,2026-08-20 02:00:00+00:00,tt_kelapagading,25.0,29.0693
1,2026-08-20 02:00:00+00:00,tt_kuningan,21.0,21.577961
1,2026-08-20 02:00:00+00:00,tt_sudirman,25.0,31.219143
1,2026-08-20 02:00:00+00:00,tt_tangerang,48.0,37.3332
1,2026-08-20 02:00:00+00:00,tt_tbsimatupang,21.0,34.4221
1,2026-08-20 02:00:00+00:00,tt_thamrin,18.0,20.32088
1,2026-08-20 04:00:00+00:00,tt_bekasi,15.0,18.726387
1,2026-08-20 04:00:00+00:00,tt_bogor,35.0,39.52134
1,2026-08-20 04:00:00+00:00,tt_bsd,34.0,33.43593
1,2026-08-20 04:00:00+00:00,tt_cawang,20.0,22.441387
1,2026-08-20 04:00:00+00:00,tt_depok,27.0,31.054323
1,2026-08-20 04:00:00+00:00,tt_gatsu,45.0,43.763187
1,2026-08-20 04:00:00+00:00,tt_grogol,25.0,30.463665
1,2026-08-20 04:00:00+00:00,tt_kebonjeruk,25.0,26.819351
1,2026-08-20 04:00:00+00:00,tt_kelapagading,22.0,26.290804
1,2026-08-20 04:00:00+00:00,tt_kuningan,21.0,21.565956
1,2026-08-20 04:00:00+00:00,tt_sudirman,26.0,26.897985
1,2026-08-20 04:00:00+00:00,tt_tangerang,48.0,46.36535
1,2026-08-20 04:00:00+00:00,tt_tbsimatupang,45.0,29.301453
1,2026-08-20 04:00:00+00:00,tt_thamrin,13.0,19.408815
1,2026-08-20 06:00:00+00:00,tt_bekasi,15.0,17.129086
1,2026-08-20 06:00:00+00:00,tt_bogor,39.0,35.081215
1,2026-08-20 06:00:00+00:00,tt_bsd,34.0,33.76683
1,2026-08-20 06:00:00+00:00,tt_cawang,28.0,22.734947
1,2026-08-20 06:00:00+00:00,tt_depok,29.0,28.01108
1,2026-08-20 06:00:00+00:00,tt_gatsu,28.0,43.799595
1,2026-08-20 06:00:00+00:00,tt_grogol,29.0,26.978859
1,2026-08-20 06:00:00+00:00,tt_kebonjeruk,25.0,25.862352
1,2026-08-20 06:00:00+00:00,tt_kelapagading,20.0,23.815302
1,2026-08-20 06:00:00+00:00,tt_kuningan,15.999999,21.565956
1,2026-08-20 06:00:00+00:00,tt_sudirman,21.0,26.853132
1,2026-08-20 06:00:00+00:00,tt_tangerang,38.0,46.363354
1,2026-08-20 06:00:00+00:00,tt_tbsimatupang,27.0,44.247807
1,2026-08-20 06:00:00+00:00,tt_thamrin,12.0,16.432549
1,2026-08-20 07:00:00+00:00,tt_bekasi,15.999999,16.7641
1,2026-08-20 07:00:00+00:00,tt_bogor,36.0,37.69711
1,2026-08-20 07:00:00+00:00,tt_bsd,34.0,33.767673
1,2026-08-20 07:00:00+00:00,tt_cawang,21.0,25.812847
1,2026-08-20 07:00:00+00:00,tt_depok,26.0,28.519577
1,2026-08-20 07:00:00+00:00,tt_gatsu,20.0,32.798492
1,2026-08-20 07:00:00+00:00,tt_grogol,29.0,28.155884
1,2026-08-20 07:00:00+00:00,tt_kebonjeruk,22.0,25.66526
1,2026-08-20 07:00:00+00:00,tt_kelapagading,20.0,22.61124
1,2026-08-20 07:00:00+00:00,tt_kuningan,21.0,19.82203
1,2026-08-20 07:00:00+00:00,tt_sudirman,20.0,25.093569
1,2026-08-20 07:00:00+00:00,tt_tangerang,37.0,38.77288
1,2026-08-20 07:00:00+00:00,tt_tbsimatupang,49.0,34.504677
1,2026-08-20 07:00:00+00:00,tt_thamrin,12.0,15.429062
1,2026-08-20 09:00:00+00:00,tt_bekasi,14.0,16.988533
1,2026-08-20 09:00:00+00:00,tt_bogor,34.0,35.825066
1,2026-08-20 09:00:00+00:00,tt_bsd,28.0,33.749172
1,2026-08-20 09:00:00+00:00,tt_cawang,30.0,23.564466
1,2026-08-20 09:00:00+00:00,tt_depok,26.0,26.795008
1,2026-08-20 09:00:00+00:00,tt_gatsu,32.0,25.337917
1,2026-08-20 09:00:00+00:00,tt_grogol,31.0,29.03597
1,2026-08-20 09:00:00+00:00,tt_kebonjeruk,21.0,23.696854
1,2026-08-20 09:00:00+00:00,tt_kelapagading,21.0,21.485899
1,2026-08-20 09:00:00+00:00,tt_kuningan,13.0,20.992085
1,2026-08-20 09:00:00+00:00,tt_sudirman,23.0,22.746677
1,2026-08-20 09:00:00+00:00,tt_tangerang,34.0,36.754185
1,2026-08-20 09:00:00+00:00,tt_tbsimatupang,47.0,47.137276
1,2026-08-20 09:00:00+00:00,tt_thamrin,18.0,14.437157
1,2026-08-20 11:00:00+00:00,tt_bekasi,18.0,15.983204
1,2026-08-20 11:00:00+00:00,tt_bogor,35.0,33.861576
1,2026-08-20 11:00:00+00:00,tt_bsd,34.0,28.979334
1,2026-08-20 11:00:00+00:00,tt_cawang,33.0,28.39984
1,2026-08-20 11:00:00+00:00,tt_depok,26.0,26.353962
1,2026-08-20 11:00:00+00:00,tt_gatsu,7.0,31.404428
1,2026-08-20 11:00:00+00:00,tt_grogol,29.0,30.741676
1,2026-08-20 11:00:00+00:00,tt_kebonjeruk,18.0,22.354343
1,2026-08-20 11:00:00+00:00,tt_kelapagading,21.0,21.651602
1,2026-08-20 11:00:00+00:00,tt_kuningan,15.999999,17.047886
1,2026-08-20 11:00:00+00:00,tt_sudirman,12.0,23.46571
1,2026-08-20 11:00:00+00:00,tt_tangerang,35.0,34.327644
1,2026-08-20 11:00:00+00:00,tt_tbsimatupang,24.0,45.382614
1,2026-08-20 11:00:00+00:00,tt_thamrin,10.0,17.409489
1,2026-08-20 12:00:00+00:00,tt_bekasi,14.0,17.153084
1,2026-08-20 12:00:00+00:00,tt_bogor,37.0,34.484646
1,2026-08-20 12:00:00+00:00,tt_bsd,34.0,31.963915
1,2026-08-20 12:00:00+00:00,tt_cawang,43.0,31.203674
1,2026-08-20 12:00:00+00:00,tt_depok,24.0,26.285686
1,2026-08-20 12:00:00+00:00,tt_gatsu,10.0,24.548698
1,2026-08-20 12:00:00+00:00,tt_grogol,32.0,29.879297
1,2026-08-20 12:00:00+00:00,tt_kebonjeruk,23.0,21.021954
1,2026-08-20 12:00:00+00:00,tt_kelapagading,21.0,21.655472
1,2026-08-20 12:00:00+00:00,tt_kuningan,13.0,17.098911
1,2026-08-20 12:00:00+00:00,tt_sudirman,22.0,19.91708
1,2026-08-20 12:00:00+00:00,tt_tangerang,48.0,34.88109
1,2026-08-20 12:00:00+00:00,tt_tbsimatupang,40.0,32.38941
1,2026-08-20 12:00:00+00:00,tt_thamrin,9.0,15.47463
1,2026-08-20 14:00:00+00:00,tt_bekasi,18.0,16.051426
1,2026-08-20 14:00:00+00:00,tt_bogor,38.0,36.589104
1,2026-08-20 14:00:00+00:00,tt_bsd,27.0,33.68315
1,2026-08-20 14:00:00+00:00,tt_cawang,32.0,42.21045
1,2026-08-20 14:00:00+00:00,tt_depok,31.0,24.99638
1,2026-08-20 14:00:00+00:00,tt_gatsu,45.0,18.772419
1,2026-08-20 14:00:00+00:00,tt_grogol,40.0,31.542912
1,2026-08-20 14:00:00+00:00,tt_kebonjeruk,28.0,22.691261
1,2026-08-20 14:00:00+00:00,tt_kelapagading,29.0,21.58715
1,2026-08-20 14:00:00+00:00,tt_kuningan,15.999999,15.590874
1,2026-08-20 14:00:00+00:00,tt_sudirman,39.0,21.658974
1,2026-08-20 14:00:00+00:00,tt_tangerang,48.0,46.76386
1,2026-08-20 14:00:00+00:00,tt_tbsimatupang,59.0,38.985138
1,2026-08-20 14:00:00+00:00,tt_thamrin,13.0,12.994526
1,2026-08-20 16:00:00+00:00,tt_bekasi,15.0,17.904732
1,2026-08-20 16:00:00+00:00,tt_bogor,45.0,37.520912
1,2026-08-20 16:00:00+00:00,tt_bsd,34.0,28.340376
1,2026-08-20 16:00:00+00:00,tt_cawang,43.0,32.386753
1,2026-08-20 16:00:00+00:00,tt_depok,31.0,29.893816
1,2026-08-20 16:00:00+00:00,tt_gatsu,45.0,42.379944
1,2026-08-20 16:00:00+00:00,tt_grogol,40.0,39.309258
1,2026-08-20 16:00:00+00:00,tt_kebonjeruk,35.0,26.726637
1,2026-08-20 16:00:00+00:00,tt_kelapagading,29.0,27.247957
1,2026-08-20 16:00:00+00:00,tt_kuningan,21.0,16.630505
1,2026-08-20 16:00:00+00:00,tt_sudirman,39.0,36.949886
1,2026-08-20 16:00:00+00:00,tt_tangerang,48.0,46.523952
1,2026-08-20 16:00:00+00:00,tt_tbsimatupang,72.0,55.57294
1,2026-08-20 16:00:00+00:00,tt_thamrin,22.0,14.122541
1,2026-08-20 17:00:00+00:00,tt_bekasi,18.0,17.271425
1,2026-08-20 17:00:00+00:00,tt_bogor,45.0,42.87314
1,2026-08-20 17:00:00+00:00,tt_bsd,34.0,31.677105
1,2026-08-20 17:00:00+00:00,tt_cawang,43.0,39.86718
1,2026-08-20 17:00:00+00:00,tt_depok,31.0,30.638725
1,2026-08-20 17:00:00+00:00,tt_gatsu,45.0,43.728756
1,2026-08-20 17:00:00+00:00,tt_grogol,40.0,39.5578
1,2026-08-20 17:00:00+00:00,tt_kebonjeruk,35.0,31.854433
1,2026-08-20 17:00:00+00:00,tt_kelapagading,29.0,28.243917
1,2026-08-20 17:00:00+00:00,tt_kuningan,21.0,18.749634
1,2026-08-20 17:00:00+00:00,tt_sudirman,39.0,38.25741
1,2026-08-20 17:00:00+00:00,tt_tangerang,48.0,46.392235
1,2026-08-20 17:00:00+00:00,tt_tbsimatupang,72.0,64.16729
1,2026-08-20 17:00:00+00:00,tt_thamrin,22.0,17.826206
1,2026-08-20 19:00:00+00:00,tt_bekasi,18.0,18.300777
1,2026-08-20 19:00:00+00:00,tt_bogor,45.0,43.956326
1,2026-08-20 19:00:00+00:00,tt_bsd,34.0,33.648243
1,2026-08-20 19:00:00+00:00,tt_cawang,43.0,42.295753
1,2026-08-20 19:00:00+00:00,tt_depok,31.0,31.018461
1,2026-08-20 19:00:00+00:00,tt_gatsu,45.0,43.69662
1,2026-08-20 19:00:00+00:00,tt_grogol,40.0,39.36039
1,2026-08-20 19:00:00+00:00,tt_kebonjeruk,35.0,34.56456
1,2026-08-20 19:00:00+00:00,tt_kelapagading,29.0,28.88025
1,2026-08-20 19:00:00+00:00,tt_kuningan,21.0,20.698963
1,2026-08-20 19:00:00+00:00,tt_sudirman,39.0,38.417213
1,2026-08-20 19:00:00+00:00,tt_tangerang,48.0,46.30754
1,2026-08-20 19:00:00+00:00,tt_tbsimatupang,72.0,64.26444
1,2026-08-20 19:00:00+00:00,tt_thamrin,22.0,21.195385
1,2026-08-20 21:00:00+00:00,tt_bekasi,18.0,18.676037
1,2026-08-20 21:00:00+00:00,tt_bogor,45.0,43.761543
1,2026-08-20 21:00:00+00:00,tt_bsd,34.0,33.77964
1,2026-08-20 21:00:00+00:00,tt_cawang,43.0,42.064667
1,2026-08-20 21:00:00+00:00,tt_depok,31.0,31.045963
1,2026-08-20 21:00:00+00:00,tt_gatsu,45.0,43.624626
1,2026-08-20 21:00:00+00:00,tt_grogol,40.0,39.294804
1,2026-08-20 21:00:00+00:00,tt_kebonjeruk,35.0,34.688778
1,2026-08-20 21:00:00+00:00,tt_kelapagading,29.0,29.002031
1,2026-08-20 21:00:00+00:00,tt_kuningan,21.0,21.272858
1,2026-08-20 21:00:00+00:00,tt_sudirman,39.0,38.365498
1,2026-08-20 21:00:00+00:00,tt_tangerang,48.0,46.281895
1,2026-08-20 21:00:00+00:00,tt_tbsimatupang,72.0,64.41892
1,2026-08-20 21:00:00+00:00,tt_thamrin,22.0,22.104403
1,2026-08-20 22:00:00+00:00,tt_bekasi,18.0,18.747366
1,2026-08-20 22:00:00+00:00,tt_bogor,45.0,43.72795
1,2026-08-20 22:00:00+00:00,tt_bsd,34.0,33.76514
1,2026-08-20 22:00:00+00:00,tt_cawang,43.0,42.005188
1,2026-08-20 22:00:00+00:00,tt_depok,31.0,31.047342
1,2026-08-20 22:00:00+00:00,tt_gatsu,45.0,43.637424
1,2026-08-20 22:00:00+00:00,tt_grogol,40.0,39.29631
1,2026-08-20 22:00:00+00:00,tt_kebonjeruk,35.0,34.673923
1,2026-08-20 22:00:00+00:00,tt_kelapagading,29.0,29.027657
1,2026-08-20 22:00:00+00:00,tt_kuningan,21.0,21.389338
1,2026-08-20 22:00:00+00:00,tt_sudirman,39.0,38.37421
1,2026-08-20 22:00:00+00:00,tt_tangerang,48.0,46.27232
1,2026-08-20 22:00:00+00:00,tt_tbsimatupang,72.0,64.47612
1,2026-08-20 22:00:00+00:00,tt_thamrin,22.0,22.283102
1,2026-08-21 00:00:00+00:00,tt_bekasi,18.0,18.815594
1,2026-08-21 00:00:00+00:00,tt_bogor,35.0,43.713947
1,2026-08-21 00:00:00+00:00,tt_bsd,29.0,33.746017
1,2026-08-21 00:00:00+00:00,tt_cawang,18.0,41.975014
1,2026-08-21 00:00:00+00:00,tt_depok,25.0,31.052
1,2026-08-21 00:00:00+00:00,tt_gatsu,45.0,43.678593
1,2026-08-21 00:00:00+00:00,tt_grogol,34.0,39.310143
1,2026-08-21 00:00:00+00:00,tt_kebonjeruk,25.0,34.675907
1,2026-08-21 00:00:00+00:00,tt_kelapagading,26.0,29.060503
1,2026-08-21 00:00:00+00:00,tt_kuningan,21.0,21.515585
1,2026-08-21 00:00:00+00:00,tt_sudirman,31.0,38.399284
1,2026-08-21 00:00:00+00:00,tt_tangerang,37.0,46.253925
1,2026-08-21 00:00:00+00:00,tt_tbsimatupang,32.0,64.551865
1,2026-08-21 00:00:00+00:00,tt_thamrin,22.0,22.463
1,2026-08-21 02:00:00+00:00,tt_bekasi,17.0,18.825584
1,2026-08-21 02:00:00+00:00,tt_bogor,37.0,34.98421
1,2026-08-21 02:00:00+00:00,tt_bsd,28.0,29.696733
1,2026-08-21 02:00:00+00:00,tt_cawang,19.0,25.205065
1,2026-08-21 02:00:00+00:00,tt_depok,26.0,26.762447
1,2026-08-21 02:00:00+00:00,tt_gatsu,45.0,43.71561
1,2026-08-21 02:00:00+00:00,tt_grogol,31.0,33.994232
1,2026-08-21 02:00:00+00:00,tt_kebonjeruk,26.0,27.22937
1,2026-08-21 02:00:00+00:00,tt_kelapagading,29.0,26.897879
1,2026-08-21 02:00:00+00:00,tt_kuningan,21.0,21.555218
1,2026-08-21 02:00:00+00:00,tt_sudirman,23.0,31.583458
1,2026-08-21 02:00:00+00:00,tt_tangerang,37.0,36.764133
1,2026-08-21 02:00:00+00:00,tt_tbsimatupang,37.0,34.571404
1,2026-08-21 02:00:00+00:00,tt_thamrin,22.0,22.492455
1,2026-08-21 03:00:00+00:00,tt_bekasi,15.0,18.478436
1,2026-08-21 03:00:00+00:00,tt_bogor,38.0,36.272606
1,2026-08-21 03:00:00+00:00,tt_bsd,34.0,28.806316
1,2026-08-21 03:00:00+00:00,tt_cawang,21.0,23.773285
1,2026-08-21 03:00:00+00:00,tt_depok,31.0,26.414032
1,2026-08-21 03:00:00+00:00,tt_gatsu,45.0,43.71561
1,2026-08-21 03:00:00+00:00,tt_grogol,27.0,32.007504
1,2026-08-21 03:00:00+00:00,tt_kebonjeruk,24.0,26.689363
1,2026-08-21 03:00:00+00:00,tt_kelapagading,23.0,28.001219
1,2026-08-21 03:00:00+00:00,tt_kuningan,15.999999,21.56594
1,2026-08-21 03:00:00+00:00,tt_sudirman,28.0,27.99281
1,2026-08-21 03:00:00+00:00,tt_tangerang,48.0,36.75658
1,2026-08-21 03:00:00+00:00,tt_tbsimatupang,48.0,37.748516
1,2026-08-21 03:00:00+00:00,tt_thamrin,15.999999,22.500158
1,2026-08-21 05:00:00+00:00,tt_bekasi,15.999999,17.037964
1,2026-08-21 05:00:00+00:00,tt_bogor,45.0,37.752964
1,2026-08-21 05:00:00+00:00,tt_bsd,34.0,33.26898
1,2026-08-21 05:00:00+00:00,tt_cawang,43.0,23.982437
1,2026-08-21 05:00:00+00:00,tt_depok,31.0,30.215206
1,2026-08-21 05:00:00+00:00,tt_gatsu,45.0,43.71561
1,2026-08-21 05:00:00+00:00,tt_grogol,32.0,28.443808
1,2026-08-21 05:00:00+00:00,tt_kebonjeruk,27.0,25.32909
1,2026-08-21 05:00:00+00:00,tt_kelapagading,23.0,24.91389
1,2026-08-21 05:00:00+00:00,tt_kuningan,21.0,18.743969
1,2026-08-21 05:00:00+00:00,tt_sudirman,34.0,28.292675
1,2026-08-21 05:00:00+00:00,tt_tangerang,48.0,46.68787
1,2026-08-21 05:00:00+00:00,tt_tbsimatupang,72.0,47.334763
1,2026-08-21 05:00:00+00:00,tt_thamrin,21.0,19.111616
1,2026-08-21 07:00:00+00:00,tt_bekasi,14.0,17.081081
1,2026-08-21 07:00:00+00:00,tt_bogor,35.0,44.006622
1,2026-08-21 07:00:00+00:00,tt_bsd,34.0,33.785866
1,2026-08-21 07:00:00+00:00,tt_cawang,28.0,41.325207
1,2026-08-21 07:00:00+00:00,tt_depok,25.0,30.993475
1,2026-08-21 07:00:00+00:00,tt_gatsu,36.0,43.71561
1,2026-08-21 07:00:00+00:00,tt_grogol,28.0,31.484528
1,2026-08-21 07:00:00+00:00,tt_kebonjeruk,21.0,26.823584
1,2026-08-21 07:00:00+00:00,tt_kelapagading,20.0,23.953884
1,2026-08-21 07:00:00+00:00,tt_kuningan,21.0,20.668613
1,2026-08-21 07:00:00+00:00,tt_sudirman,18.0,33.348213
1,2026-08-21 07:00:00+00:00,tt_tangerang,39.0,46.45467
1,2026-08-21 07:00:00+00:00,tt_tbsimatupang,52.0,64.054596
1,2026-08-21 07:00:00+00:00,tt_thamrin,18.0,20.811192
1,2026-08-21 08:00:00+00:00,tt_bekasi,15.999999,16.428196
1,2026-08-21 08:00:00+00:00,tt_bogor,34.0,36.631603
1,2026-08-21 08:00:00+00:00,tt_bsd,34.0,33.779255
1,2026-08-21 08:00:00+00:00,tt_cawang,31.0,32.606594
1,2026-08-21 08:00:00+00:00,tt_depok,25.0,28.243992
1,2026-08-21 08:00:00+00:00,tt_gatsu,35.0,37.060528
1,2026-08-21 08:00:00+00:00,tt_grogol,29.0,29.809067
1,2026-08-21 08:00:00+00:00,tt_kebonjeruk,24.0,24.809616
1,2026-08-21 08:00:00+00:00,tt_kelapagading,21.0,22.692436
1,2026-08-21 08:00:00+00:00,tt_kuningan,17.0,21.0905
1,2026-08-21 08:00:00+00:00,tt_sudirman,24.0,27.150652
1,2026-08-21 08:00:00+00:00,tt_tangerang,40.0,39.531906
1,2026-08-21 08:00:00+00:00,tt_tbsimatupang,38.0,49.79954
1,2026-08-21 08:00:00+00:00,tt_thamrin,10.0,20.088963
3,2026-08-18 04:00:00+00:00,tt_bekasi,15.0,17.446869
3,2026-08-18 04:00:00+00:00,tt_bogor,33.0,36.2286
3,2026-08-18 04:00:00+00:00,tt_bsd,28.0,32.90287
3,2026-08-18 04:00:00+00:00,tt_cawang,22.0,28.839222
3,2026-08-18 04:00:00+00:00,tt_depok,31.0,27.841175
3,2026-08-18 04:00:00+00:00,tt_gatsu,32.0,42.47309
3,2026-08-18 04:00:00+00:00,tt_grogol,27.0,30.427702
3,2026-08-18 04:00:00+00:00,tt_kebonjeruk,25.0,29.158707
3,2026-08-18 04:00:00+00:00,tt_kelapagading,29.0,28.688126
3,2026-08-18 04:00:00+00:00,tt_kuningan,15.999999,21.574318
3,2026-08-18 04:00:00+00:00,tt_sudirman,24.0,33.57411
3,2026-08-18 04:00:00+00:00,tt_tangerang,36.0,38.99666
3,2026-08-18 04:00:00+00:00,tt_tbsimatupang,55.0,41.550495
3,2026-08-18 04:00:00+00:00,tt_thamrin,18.0,21.089638
3,2026-08-18 05:00:00+00:00,tt_bekasi,15.0,17.372253
3,2026-08-18 05:00:00+00:00,tt_bogor,38.0,37.127808
3,2026-08-18 05:00:00+00:00,tt_bsd,28.0,32.90287
3,2026-08-18 05:00:00+00:00,tt_cawang,28.0,28.767645
3,2026-08-18 05:00:00+00:00,tt_depok,26.0,29.583065
3,2026-08-18 05:00:00+00:00,tt_gatsu,45.0,36.289757
3,2026-08-18 05:00:00+00:00,tt_grogol,36.0,30.530401
3,2026-08-18 05:00:00+00:00,tt_kebonjeruk,22.0,28.390205
3,2026-08-18 05:00:00+00:00,tt_kelapagading,22.0,28.688126
3,2026-08-18 05:00:00+00:00,tt_kuningan,21.0,21.574318
3,2026-08-18 05:00:00+00:00,tt_sudirman,31.0,29.852598
3,2026-08-18 05:00:00+00:00,tt_tangerang,41.0,44.898293
3,2026-08-18 05:00:00+00:00,tt_tbsimatupang,51.0,39.842842
3,2026-08-18 05:00:00+00:00,tt_thamrin,20.0,20.091265
3,2026-08-18 07:00:00+00:00,tt_bekasi,15.0,16.914383
3,2026-08-18 07:00:00+00:00,tt_bogor,34.0,35.285595
3,2026-08-18 07:00:00+00:00,tt_bsd,30.0,30.11009
3,2026-08-18 07:00:00+00:00,tt_cawang,43.0,28.277636
3,2026-08-18 07:00:00+00:00,tt_depok,31.0,30.294275
3,2026-08-18 07:00:00+00:00,tt_gatsu,45.0,35.12272
3,2026-08-18 07:00:00+00:00,tt_grogol,32.0,30.323414
3,2026-08-18 07:00:00+00:00,tt_kebonjeruk,25.0,27.430109
3,2026-08-18 07:00:00+00:00,tt_kelapagading,22.0,28.688126
3,2026-08-18 07:00:00+00:00,tt_kuningan,15.0,19.776833
3,2026-08-18 07:00:00+00:00,tt_sudirman,28.0,28.233261
3,2026-08-18 07:00:00+00:00,tt_tangerang,38.0,38.51766
3,2026-08-18 07:00:00+00:00,tt_tbsimatupang,57.0,56.11178
3,2026-08-18 07:00:00+00:00,tt_thamrin,22.0,19.520342
3,2026-08-18 09:00:00+00:00,tt_bekasi,14.0,16.623451
3,2026-08-18 09:00:00+00:00,tt_bogor,35.0,37.469124
3,2026-08-18 09:00:00+00:00,tt_bsd,28.0,28.927643
3,2026-08-18 09:00:00+00:00,tt_cawang,29.0,29.998274
3,2026-08-18 09:00:00+00:00,tt_depok,24.0,27.296293
3,2026-08-18 09:00:00+00:00,tt_gatsu,45.0,43.086678
3,2026-08-18 09:00:00+00:00,tt_grogol,32.0,35.596436
3,2026-08-18 09:00:00+00:00,tt_kebonjeruk,23.0,25.311672
3,2026-08-18 09:00:00+00:00,tt_kelapagading,23.0,24.96591
3,2026-08-18 09:00:00+00:00,tt_kuningan,21.0,21.232983
3,2026-08-18 09:00:00+00:00,tt_sudirman,31.0,31.512064
3,2026-08-18 09:00:00+00:00,tt_tangerang,38.0,40.81762
3,2026-08-18 09:00:00+00:00,tt_tbsimatupang,43.0,52.788548
3,2026-08-18 09:00:00+00:00,tt_thamrin,22.0,20.389845
3,2026-08-18 10:00:00+00:00,tt_bekasi,14.0,16.547039
3,2026-08-18 10:00:00+00:00,tt_bogor,35.0,35.17296
3,2026-08-18 10:00:00+00:00,tt_bsd,34.0,29.71899
3,2026-08-18 10:00:00+00:00,tt_cawang,30.0,38.345345
3,2026-08-18 10:00:00+00:00,tt_depok,25.0,29.415604
3,2026-08-18 10:00:00+00:00,tt_gatsu,3.999998,42.799313
3,2026-08-18 10:00:00+00:00,tt_grogol,31.0,33.44841
3,2026-08-18 10:00:00+00:00,tt_kebonjeruk,21.0,25.968105
3,2026-08-18 10:00:00+00:00,tt_kelapagading,21.0,24.473776
3,2026-08-18 10:00:00+00:00,tt_kuningan,14.0,19.215023
3,2026-08-18 10:00:00+00:00,tt_sudirman,23.0,30.04674
3,2026-08-18 10:00:00+00:00,tt_tangerang,34.0,38.96659
3,2026-08-18 10:00:00+00:00,tt_tbsimatupang,44.0,54.890953
3,2026-08-18 10:00:00+00:00,tt_thamrin,22.0,21.23123
3,2026-08-18 12:00:00+00:00,tt_bekasi,14.0,16.088923
3,2026-08-18 12:00:00+00:00,tt_bogor,35.0,34.642937
3,2026-08-18 12:00:00+00:00,tt_bsd,34.0,28.964111
3,2026-08-18 12:00:00+00:00,tt_cawang,34.0,32.741898
3,2026-08-18 12:00:00+00:00,tt_depok,26.0,27.372425
3,2026-08-18 12:00:00+00:00,tt_gatsu,45.0,42.502853
3,2026-08-18 12:00:00+00:00,tt_grogol,32.0,32.197952
3,2026-08-18 12:00:00+00:00,tt_kebonjeruk,25.0,25.111225
3,2026-08-18 12:00:00+00:00,tt_kelapagading,22.0,24.310698
3,2026-08-18 12:00:00+00:00,tt_kuningan,13.0,20.163845
3,2026-08-18 12:00:00+00:00,tt_sudirman,29.0,30.342804
3,2026-08-18 12:00:00+00:00,tt_tangerang,48.0,38.204185
3,2026-08-18 12:00:00+00:00,tt_tbsimatupang,72.0,45.254803
3,2026-08-18 12:00:00+00:00,tt_thamrin,17.0,21.740406
3,2026-08-18 14:00:00+00:00,tt_bekasi,15.999999,15.820948
3,2026-08-18 14:00:00+00:00,tt_bogor,45.0,33.982754
3,2026-08-18 14:00:00+00:00,tt_bsd,34.0,32.503685
3,2026-08-18 14:00:00+00:00,tt_cawang,32.0,31.539577
3,2026-08-18 14:00:00+00:00,tt_depok,26.0,26.321732
3,2026-08-18 14:00:00+00:00,tt_gatsu,45.0,29.630676
3,2026-08-18 14:00:00+00:00,tt_grogol,40.0,30.663795
3,2026-08-18 14:00:00+00:00,tt_kebonjeruk,31.0,22.967377
3,2026-08-18 14:00:00+00:00,tt_kelapagading,29.0,23.010923
3,2026-08-18 14:00:00+00:00,tt_kuningan,15.999999,17.360268
3,2026-08-18 14:00:00+00:00,tt_sudirman,30.0,25.719416
3,2026-08-18 14:00:00+00:00,tt_tangerang,48.0,35.08596
3,2026-08-18 14:00:00+00:00,tt_tbsimatupang,72.0,43.510773
3,2026-08-18 14:00:00+00:00,tt_thamrin,22.0,22.000454
3,2026-08-18 15:00:00+00:00,tt_bekasi,15.999999,15.75673
3,2026-08-18 15:00:00+00:00,tt_bogor,45.0,33.97445
3,2026-08-18 15:00:00+00:00,tt_bsd,34.0,32.684258
3,2026-08-18 15:00:00+00:00,tt_cawang,43.0,33.514248
3,2026-08-18 15:00:00+00:00,tt_depok,31.0,26.561712
3,2026-08-18 15:00:00+00:00,tt_gatsu,45.0,44.90116
3,2026-08-18 15:00:00+00:00,tt_grogol,40.0,31.122482
3,2026-08-18 15:00:00+00:00,tt_kebonjeruk,35.0,24.259113
3,2026-08-18 15:00:00+00:00,tt_kelapagading,29.0,23.06079
3,2026-08-18 15:00:00+00:00,tt_kuningan,21.0,16.571497
3,2026-08-18 15:00:00+00:00,tt_sudirman,39.0,27.707638
3,2026-08-18 15:00:00+00:00,tt_tangerang,48.0,43.24972
3,2026-08-18 15:00:00+00:00,tt_tbsimatupang,72.0,59.256493
3,2026-08-18 15:00:00+00:00,tt_thamrin,22.0,20.311598
3,2026-08-18 17:00:00+00:00,tt_bekasi,17.0,16.406126
3,2026-08-18 17:00:00+00:00,tt_bogor,45.0,39.973083
3,2026-08-18 17:00:00+00:00,tt_bsd,34.0,32.694107
3,2026-08-18 17:00:00+00:00,tt_cawang,43.0,32.941826
3,2026-08-18 17:00:00+00:00,tt_depok,31.0,26.550438
3,2026-08-18 17:00:00+00:00,tt_gatsu,45.0,45.548157
3,2026-08-18 17:00:00+00:00,tt_grogol,40.0,35.86489
3,2026-08-18 17:00:00+00:00,tt_kebonjeruk,35.0,27.950811
3,2026-08-18 17:00:00+00:00,tt_kelapagading,29.0,26.00925
3,2026-08-18 17:00:00+00:00,tt_kuningan,21.0,16.909664
3,2026-08-18 17:00:00+00:00,tt_sudirman,39.0,29.05706
3,2026-08-18 17:00:00+00:00,tt_tangerang,48.0,44.284115
3,2026-08-18 17:00:00+00:00,tt_tbsimatupang,72.0,59.5607
3,2026-08-18 17:00:00+00:00,tt_thamrin,22.0,21.278503
3,2026-08-18 19:00:00+00:00,tt_bekasi,17.0,16.805695
3,2026-08-18 19:00:00+00:00,tt_bogor,45.0,41.339645
3,2026-08-18 19:00:00+00:00,tt_bsd,34.0,32.73538
3,2026-08-18 19:00:00+00:00,tt_cawang,43.0,40.224655
3,2026-08-18 19:00:00+00:00,tt_depok,31.0,29.782925
3,2026-08-18 19:00:00+00:00,tt_gatsu,45.0,44.26458
3,2026-08-18 19:00:00+00:00,tt_grogol,40.0,37.326477
3,2026-08-18 19:00:00+00:00,tt_kebonjeruk,35.0,32.514725
3,2026-08-18 19:00:00+00:00,tt_kelapagading,29.0,27.484663
3,2026-08-18 19:00:00+00:00,tt_kuningan,21.0,19.935902
3,2026-08-18 19:00:00+00:00,tt_sudirman,39.0,36.09004
3,2026-08-18 19:00:00+00:00,tt_tangerang,48.0,44.0681
3,2026-08-18 19:00:00+00:00,tt_tbsimatupang,72.0,58.87742
3,2026-08-18 19:00:00+00:00,tt_thamrin,22.0,22.078415
3,2026-08-18 20:00:00+00:00,tt_bekasi,17.0,17.263378
3,2026-08-18 20:00:00+00:00,tt_bogor,45.0,41.386456
3,2026-08-18 20:00:00+00:00,tt_bsd,34.0,32.783012
3,2026-08-18 20:00:00+00:00,tt_cawang,43.0,40.33534
3,2026-08-18 20:00:00+00:00,tt_depok,31.0,30.038382
3,2026-08-18 20:00:00+00:00,tt_gatsu,45.0,43.852688
3,2026-08-18 20:00:00+00:00,tt_grogol,40.0,37.389942
3,2026-08-18 20:00:00+00:00,tt_kebonjeruk,35.0,32.91171
3,2026-08-18 20:00:00+00:00,tt_kelapagading,29.0,27.786222
3,2026-08-18 20:00:00+00:00,tt_kuningan,21.0,20.338572
3,2026-08-18 20:00:00+00:00,tt_sudirman,39.0,36.42681
3,2026-08-18 20:00:00+00:00,tt_tangerang,48.0,44.100784
3,2026-08-18 20:00:00+00:00,tt_tbsimatupang,72.0,58.602226
3,2026-08-18 20:00:00+00:00,tt_thamrin,22.0,22.180847
3,2026-08-18 22:00:00+00:00,tt_bekasi,17.0,17.628963
3,2026-08-18 22:00:00+00:00,tt_bogor,45.0,41.642883
3,2026-08-18 22:00:00+00:00,tt_bsd,34.0,32.854614
3,2026-08-18 22:00:00+00:00,tt_cawang,43.0,40.202667
3,2026-08-18 22:00:00+00:00,tt_depok,31.0,30.135315
3,2026-08-18 22:00:00+00:00,tt_gatsu,45.0,43.22995
3,2026-08-18 22:00:00+00:00,tt_grogol,40.0,37.62088
3,2026-08-18 22:00:00+00:00,tt_kebonjeruk,35.0,33.257263
3,2026-08-18 22:00:00+00:00,tt_kelapagading,29.0,28.172592
3,2026-08-18 22:00:00+00:00,tt_kuningan,21.0,20.853916
3,2026-08-18 22:00:00+00:00,tt_sudirman,39.0,36.6847
3,2026-08-18 22:00:00+00:00,tt_tangerang,48.0,44.215332
3,2026-08-18 22:00:00+00:00,tt_tbsimatupang,72.0,58.007786
3,2026-08-18 22:00:00+00:00,tt_thamrin,22.0,22.27463
3,2026-08-19 00:00:00+00:00,tt_bekasi,15.0,17.82727
3,2026-08-19 00:00:00+00:00,tt_bogor,35.0,41.92266
3,2026-08-19 00:00:00+00:00,tt_bsd,29.0,32.90287
3,2026-08-19 00:00:00+00:00,tt_cawang,20.0,40.222923
3,2026-08-19 00:00:00+00:00,tt_depok,31.0,30.215023
3,2026-08-19 00:00:00+00:00,tt_gatsu,45.0,42.467453
3,2026-08-19 00:00:00+00:00,tt_grogol,40.0,37.891144
3,2026-08-19 00:00:00+00:00,tt_kebonjeruk,27.0,33.534973
3,2026-08-19 00:00:00+00:00,tt_kelapagading,29.0,28.446947
3,2026-08-19 00:00:00+00:00,tt_kuningan,21.0,21.235249
3,2026-08-19 00:00:00+00:00,tt_sudirman,39.0,36.961723
3,2026-08-19 00:00:00+00:00,tt_tangerang,48.0,44.36762
3,2026-08-19 00:00:00+00:00,tt_tbsimatupang,39.0,57.668655
3,2026-08-19 00:00:00+00:00,tt_thamrin,19.0,22.36215
3,2026-08-19 01:00:00+00:00,tt_bekasi,15.999999,17.89101
3,2026-08-19 01:00:00+00:00,tt_bogor,37.0,42.037426
3,2026-08-19 01:00:00+00:00,tt_bsd,34.0,32.90287
3,2026-08-19 01:00:00+00:00,tt_cawang,13.0,40.3629
3,2026-08-19 01:00:00+00:00,tt_depok,27.0,30.263588
3,2026-08-19 01:00:00+00:00,tt_gatsu,13.0,42.419693
3,2026-08-19 01:00:00+00:00,tt_grogol,32.0,38.00076
3,2026-08-19 01:00:00+00:00,tt_kebonjeruk,25.0,33.64089
3,2026-08-19 01:00:00+00:00,tt_kelapagading,29.0,28.552166
3,2026-08-19 01:00:00+00:00,tt_kuningan,21.0,21.40263
3,2026-08-19 01:00:00+00:00,tt_sudirman,22.0,37.089783
3,2026-08-19 01:00:00+00:00,tt_tangerang,39.0,44.462982
3,2026-08-19 01:00:00+00:00,tt_tbsimatupang,18.0,57.667435
3,2026-08-19 01:00:00+00:00,tt_thamrin,22.0,22.416157
3,2026-08-19 03:00:00+00:00,tt_bekasi,15.999999,17.238586
3,2026-08-19 03:00:00+00:00,tt_bogor,37.0,36.955692
3,2026-08-19 03:00:00+00:00,tt_bsd,34.0,30.50572
3,2026-08-19 03:00:00+00:00,tt_cawang,20.0,32.31714
3,2026-08-19 03:00:00+00:00,tt_depok,31.0,30.321257
3,2026-08-19 03:00:00+00:00,tt_gatsu,45.0,42.34568
3,2026-08-19 03:00:00+00:00,tt_grogol,31.0,38.18503
3,2026-08-19 03:00:00+00:00,tt_kebonjeruk,23.0,30.17191
3,2026-08-19 03:00:00+00:00,tt_kelapagading,29.0,28.669899
3,2026-08-19 03:00:00+00:00,tt_kuningan,15.999999,21.584435
3,2026-08-19 03:00:00+00:00,tt_sudirman,24.0,37.264584
3,2026-08-19 03:00:00+00:00,tt_tangerang,40.0,44.55323
3,2026-08-19 03:00:00+00:00,tt_tbsimatupang,33.0,41.22327
3,2026-08-19 03:00:00+00:00,tt_thamrin,20.0,21.39378
3,2026-08-19 05:00:00+00:00,tt_bekasi,15.0,17.297771
3,2026-08-19 05:00:00+00:00,tt_bogor,32.0,37.774803
3,2026-08-19 05:00:00+00:00,tt_bsd,34.0,32.80695
3,2026-08-19 05:00:00+00:00,tt_cawang,17.0,28.627966
3,2026-08-19 05:00:00+00:00,tt_depok,31.0,27.841175
3,2026-08-19 05:00:00+00:00,tt_gatsu,45.0,30.792458
3,2026-08-19 05:00:00+00:00,tt_grogol,31.0,33.540955
3,2026-08-19 05:00:00+00:00,tt_kebonjeruk,24.0,27.841925
3,2026-08-19 05:00:00+00:00,tt_kelapagading,21.0,28.688126
3,2026-08-19 05:00:00+00:00,tt_kuningan,17.0,21.574318
3,2026-08-19 05:00:00+00:00,tt_sudirman,27.0,29.292444
3,2026-08-19 05:00:00+00:00,tt_tangerang,40.0,39.499466
3,2026-08-19 05:00:00+00:00,tt_tbsimatupang,43.0,39.747803
3,2026-08-19 05:00:00+00:00,tt_thamrin,17.0,22.299953
3,2026-08-19 06:00:00+00:00,tt_bekasi,18.0,17.274384
3,2026-08-19 06:00:00+00:00,tt_bogor,35.0,37.599457
3,2026-08-19 06:00:00+00:00,tt_bsd,34.0,32.911034
3,2026-08-19 06:00:00+00:00,tt_cawang,19.0,30.0281
3,2026-08-19 06:00:00+00:00,tt_depok,27.0,29.583065
3,2026-08-19 06:00:00+00:00,tt_gatsu,30.0,44.07599
3,2026-08-19 06:00:00+00:00,tt_grogol,27.0,32.84843
3,2026-08-19 06:00:00+00:00,tt_kebonjeruk,21.0,26.824457
3,2026-08-19 06:00:00+00:00,tt_kelapagading,21.0,28.688126
3,2026-08-19 06:00:00+00:00,tt_kuningan,21.0,19.776833
3,2026-08-19 06:00:00+00:00,tt_sudirman,18.0,29.278559
3,2026-08-19 06:00:00+00:00,tt_tangerang,38.0,40.11948
3,2026-08-19 06:00:00+00:00,tt_tbsimatupang,48.0,43.936813
3,2026-08-19 06:00:00+00:00,tt_thamrin,13.0,21.610775
3,2026-08-19 08:00:00+00:00,tt_bekasi,15.0,16.847132
3,2026-08-19 08:00:00+00:00,tt_bogor,34.0,34.614628
3,2026-08-19 08:00:00+00:00,tt_bsd,28.0,32.906315
3,2026-08-19 08:00:00+00:00,tt_cawang,32.0,28.524086
3,2026-08-19 08:00:00+00:00,tt_depok,25.0,30.294275
3,2026-08-19 08:00:00+00:00,tt_gatsu,26.0,44.99366
3,2026-08-19 08:00:00+00:00,tt_grogol,27.0,32.16381
3,2026-08-19 08:00:00+00:00,tt_kebonjeruk,18.0,26.254723
3,2026-08-19 08:00:00+00:00,tt_kelapagading,22.0,25.75856
3,2026-08-19 08:00:00+00:00,tt_kuningan,21.0,18.938969
3,2026-08-19 08:00:00+00:00,tt_sudirman,22.0,29.703428
3,2026-08-19 08:00:00+00:00,tt_tangerang,48.0,39.845726
3,2026-08-19 08:00:00+00:00,tt_tbsimatupang,32.0,48.121403
3,2026-08-19 08:00:00+00:00,tt_thamrin,8.0,20.059265
3,2026-08-19 10:00:00+00:00,tt_bekasi,13.0,18.156757
3,2026-08-19 10:00:00+00:00,tt_bogor,30.0,35.311794
3,2026-08-19 10:00:00+00:00,tt_bsd,34.0,32.895706
3,2026-08-19 10:00:00+00:00,tt_cawang,43.0,27.242977
3,2026-08-19 10:00:00+00:00,tt_depok,23.0,27.807848
3,2026-08-19 10:00:00+00:00,tt_gatsu,23.0,35.97886
3,2026-08-19 10:00:00+00:00,tt_grogol,30.0,29.308624
3,2026-08-19 10:00:00+00:00,tt_kebonjeruk,19.0,24.268469
3,2026-08-19 10:00:00+00:00,tt_kelapagading,22.0,23.93612
3,2026-08-19 10:00:00+00:00,tt_kuningan,15.999999,20.860277
3,2026-08-19 10:00:00+00:00,tt_sudirman,19.0,25.245567
3,2026-08-19 10:00:00+00:00,tt_tangerang,28.0,38.18131
3,2026-08-19 10:00:00+00:00,tt_tbsimatupang,34.0,49.600456
3,2026-08-19 10:00:00+00:00,tt_thamrin,17.0,17.278385
3,2026-08-19 11:00:00+00:00,tt_bekasi,18.0,17.235794
3,2026-08-19 11:00:00+00:00,tt_bogor,33.0,34.5243
3,2026-08-19 11:00:00+00:00,tt_bsd,27.0,30.098713
3,2026-08-19 11:00:00+00:00,tt_cawang,43.0,31.748636
3,2026-08-19 11:00:00+00:00,tt_depok,25.0,26.804707
3,2026-08-19 11:00:00+00:00,tt_gatsu,35.0,34.210693
3,2026-08-19 11:00:00+00:00,tt_grogol,32.0,28.842213
3,2026-08-19 11:00:00+00:00,tt_kebonjeruk,21.0,22.69381
3,2026-08-19 11:00:00+00:00,tt_kelapagading,20.0,23.956554
3,2026-08-19 11:00:00+00:00,tt_kuningan,15.999999,21.038992
3,2026-08-19 11:00:00+00:00,tt_sudirman,15.999999,25.652388
3,2026-08-19 11:00:00+00:00,tt_tangerang,26.0,43.961445
3,2026-08-19 11:00:00+00:00,tt_tbsimatupang,44.0,40.947865
3,2026-08-19 11:00:00+00:00,tt_thamrin,10.0,15.290052
3,2026-08-19 13:00:00+00:00,tt_bekasi,18.0,16.061668
3,2026-08-19 13:00:00+00:00,tt_bogor,45.0,31.730463
3,2026-08-19 13:00:00+00:00,tt_bsd,34.0,31.983671
3,2026-08-19 13:00:00+00:00,tt_cawang,43.0,38.112823
3,2026-08-19 13:00:00+00:00,tt_depok,25.0,25.477936
3,2026-08-19 13:00:00+00:00,tt_gatsu,45.0,31.624128
3,2026-08-19 13:00:00+00:00,tt_grogol,31.0,29.555754
3,2026-08-19 13:00:00+00:00,tt_kebonjeruk,27.0,21.33882
3,2026-08-19 13:00:00+00:00,tt_kelapagading,23.0,23.609058
3,2026-08-19 13:00:00+00:00,tt_kuningan,13.0,19.364918
3,2026-08-19 13:00:00+00:00,tt_sudirman,30.0,23.636732
3,2026-08-19 13:00:00+00:00,tt_tangerang,48.0,34.96786
3,2026-08-19 13:00:00+00:00,tt_tbsimatupang,72.0,38.75133
3,2026-08-19 13:00:00+00:00,tt_thamrin,20.0,16.815174
3,2026-08-19 15:00:00+00:00,tt_bekasi,15.999999,18.07794
3,2026-08-19 15:00:00+00:00,tt_bogor,38.0,32.46461
3,2026-08-19 15:00:00+00:00,tt_bsd,34.0,28.57383
3,2026-08-19 15:00:00+00:00,tt_cawang,32.0,39.328735
3,2026-08-19 15:00:00+00:00,tt_depok,31.0,25.817421
3,2026-08-19 15:00:00+00:00,tt_gatsu,45.0,35.637497
3,2026-08-19 15:00:00+00:00,tt_grogol,40.0,30.841776
3,2026-08-19 15:00:00+00:00,tt_kebonjeruk,31.0,21.563951
3,2026-08-19 15:00:00+00:00,tt_kelapagading,29.0,22.098715
3,2026-08-19 15:00:00+00:00,tt_kuningan,21.0,18.277088
3,2026-08-19 15:00:00+00:00,tt_sudirman,29.0,19.298601
3,2026-08-19 15:00:00+00:00,tt_tangerang,48.0,32.573147
3,2026-08-19 15:00:00+00:00,tt_tbsimatupang,72.0,42.22945
3,2026-08-19 15:00:00+00:00,tt_thamrin,21.0,14.285595
3,2026-08-19 16:00:00+00:00,tt_bekasi,18.0,18.310627
3,2026-08-19 16:00:00+00:00,tt_bogor,45.0,39.638702
3,2026-08-19 16:00:00+00:00,tt_bsd,34.0,31.787971
3,2026-08-19 16:00:00+00:00,tt_cawang,43.0,39.583473
3,2026-08-19 16:00:00+00:00,tt_depok,31.0,25.772186
3,2026-08-19 16:00:00+00:00,tt_gatsu,45.0,41.617287
3,2026-08-19 16:00:00+00:00,tt_grogol,40.0,30.453785
3,2026-08-19 16:00:00+00:00,tt_kebonjeruk,35.0,24.143816
3,2026-08-19 16:00:00+00:00,tt_kelapagading,29.0,22.904892
3,2026-08-19 16:00:00+00:00,tt_kuningan,21.0,17.069696
3,2026-08-19 16:00:00+00:00,tt_sudirman,39.0,25.338732
3,2026-08-19 16:00:00+00:00,tt_tangerang,48.0,44.35806
3,2026-08-19 16:00:00+00:00,tt_tbsimatupang,72.0,58.2436
3,2026-08-19 16:00:00+00:00,tt_thamrin,22.0,17.594896
3,2026-08-19 18:00:00+00:00,tt_bekasi,18.0,17.79691
3,2026-08-19 18:00:00+00:00,tt_bogor,45.0,37.30421
3,2026-08-19 18:00:00+00:00,tt_bsd,34.0,32.878048
3,2026-08-19 18:00:00+00:00,tt_cawang,43.0,34.436672
3,2026-08-19 18:00:00+00:00,tt_depok,31.0,28.58313
3,2026-08-19 18:00:00+00:00,tt_gatsu,45.0,42.191963
3,2026-08-19 18:00:00+00:00,tt_grogol,40.0,35.45737
3,2026-08-19 18:00:00+00:00,tt_kebonjeruk,35.0,27.810719
3,2026-08-19 18:00:00+00:00,tt_kelapagading,29.0,25.912228
3,2026-08-19 18:00:00+00:00,tt_kuningan,21.0,19.281563
3,2026-08-19 18:00:00+00:00,tt_sudirman,39.0,27.546875
3,2026-08-19 18:00:00+00:00,tt_tangerang,44.0,45.906815
3,2026-08-19 18:00:00+00:00,tt_tbsimatupang,72.0,59.551235
3,2026-08-19 18:00:00+00:00,tt_thamrin,22.0,19.680761
3,2026-08-19 20:00:00+00:00,tt_bekasi,18.0,18.497753
3,2026-08-19 20:00:00+00:00,tt_bogor,45.0,41.616436
3,2026-08-19 20:00:00+00:00,tt_bsd,34.0,32.8499
3,2026-08-19 20:00:00+00:00,tt_cawang,43.0,40.89135
3,2026-08-19 20:00:00+00:00,tt_depok,31.0,29.802704
3,2026-08-19 20:00:00+00:00,tt_gatsu,45.0,41.477715
3,2026-08-19 20:00:00+00:00,tt_grogol,40.0,37.177464
3,2026-08-19 20:00:00+00:00,tt_kebonjeruk,35.0,32.311657
3,2026-08-19 20:00:00+00:00,tt_kelapagading,29.0,27.465115
3,2026-08-19 20:00:00+00:00,tt_kuningan,21.0,20.534027
3,2026-08-19 20:00:00+00:00,tt_sudirman,39.0,35.5311
3,2026-08-19 20:00:00+00:00,tt_tangerang,48.0,45.212143
3,2026-08-19 20:00:00+00:00,tt_tbsimatupang,72.0,58.98358
3,2026-08-19 20:00:00+00:00,tt_thamrin,22.0,21.300442
3,2026-08-19 21:00:00+00:00,tt_bekasi,18.0,18.61959
3,2026-08-19 21:00:00+00:00,tt_bogor,45.0,41.68667
3,2026-08-19 21:00:00+00:00,tt_bsd,34.0,32.824593
3,2026-08-19 21:00:00+00:00,tt_cawang,43.0,40.867443
3,2026-08-19 21:00:00+00:00,tt_depok,31.0,29.939266
3,2026-08-19 21:00:00+00:00,tt_gatsu,45.0,41.65886
3,2026-08-19 21:00:00+00:00,tt_grogol,40.0,37.3329
3,2026-08-19 21:00:00+00:00,tt_kebonjeruk,35.0,32.774685
3,2026-08-19 21:00:00+00:00,tt_kelapagading,29.0,27.775568
3,2026-08-19 21:00:00+00:00,tt_kuningan,21.0,20.723835
3,2026-08-19 21:00:00+00:00,tt_sudirman,39.0,36.106842
3,2026-08-19 21:00:00+00:00,tt_tangerang,48.0,42.787666
3,2026-08-19 21:00:00+00:00,tt_tbsimatupang,72.0,58.534054
3,2026-08-19 21:00:00+00:00,tt_thamrin,22.0,21.734104
3,2026-08-19 23:00:00+00:00,tt_bekasi,17.0,18.780258
3,2026-08-19 23:00:00+00:00,tt_bogor,35.0,41.866543
3,2026-08-19 23:00:00+00:00,tt_bsd,34.0,32.841995
3,2026-08-19 23:00:00+00:00,tt_cawang,26.0,40.798748
3,2026-08-19 23:00:00+00:00,tt_depok,31.0,30.101898
3,2026-08-19 23:00:00+00:00,tt_gatsu,45.0,41.961613
3,2026-08-19 23:00:00+00:00,tt_grogol,35.0,37.64221
3,2026-08-19 23:00:00+00:00,tt_kebonjeruk,30.0,33.25025
3,2026-08-19 23:00:00+00:00,tt_kelapagading,29.0,28.177254
3,2026-08-19 23:00:00+00:00,tt_kuningan,21.0,21.024416
3,2026-08-19 23:00:00+00:00,tt_sudirman,39.0,36.605057
3,2026-08-19 23:00:00+00:00,tt_tangerang,48.0,44.814865
3,2026-08-19 23:00:00+00:00,tt_tbsimatupang,72.0,57.92888
3,2026-08-19 23:00:00+00:00,tt_thamrin,20.0,22.244858
3,2026-08-20 01:00:00+00:00,tt_bekasi,18.0,18.773933
3,2026-08-20 01:00:00+00:00,tt_bogor,35.0,42.08894
3,2026-08-20 01:00:00+00:00,tt_bsd,29.0,32.85962
3,2026-08-20 01:00:00+00:00,tt_cawang,14.0,40.82452
3,2026-08-20 01:00:00+00:00,tt_depok,31.0,30.241869
3,2026-08-20 01:00:00+00:00,tt_gatsu,37.0,42.14459
3,2026-08-20 01:00:00+00:00,tt_grogol,30.0,37.904865
3,2026-08-20 01:00:00+00:00,tt_kebonjeruk,26.0,33.55039
3,2026-08-20 01:00:00+00:00,tt_kelapagading,29.0,28.46405
3,2026-08-20 01:00:00+00:00,tt_kuningan,21.0,21.353195
3,2026-08-20 01:00:00+00:00,tt_sudirman,27.0,37.00539
3,2026-08-20 01:00:00+00:00,tt_tangerang,36.0,44.487514
3,2026-08-20 01:00:00+00:00,tt_tbsimatupang,18.0,57.668655
3,2026-08-20 01:00:00+00:00,tt_thamrin,18.0,22.507809
3,2026-08-20 02:00:00+00:00,tt_bekasi,18.0,18.412495
3,2026-08-20 02:00:00+00:00,tt_bogor,40.0,36.899437
3,2026-08-20 02:00:00+00:00,tt_bsd,34.0,32.88549
3,2026-08-20 02:00:00+00:00,tt_cawang,18.0,33.595062
3,2026-08-20 02:00:00+00:00,tt_depok,31.0,30.285677
3,2026-08-20 02:00:00+00:00,tt_gatsu,45.0,42.247696
3,2026-08-20 02:00:00+00:00,tt_grogol,30.0,35.33689
3,2026-08-20 02:00:00+00:00,tt_kebonjeruk,26.0,31.190012
3,2026-08-20 02:00:00+00:00,tt_kelapagading,25.0,28.56652
3,2026-08-20 02:00:00+00:00,tt_kuningan,21.0,21.493824
3,2026-08-20 02:00:00+00:00,tt_sudirman,25.0,37.121254
3,2026-08-20 02:00:00+00:00,tt_tangerang,48.0,44.48605
3,2026-08-20 02:00:00+00:00,tt_tbsimatupang,21.0,57.667435
3,2026-08-20 02:00:00+00:00,tt_thamrin,18.0,21.767685
3,2026-08-20 04:00:00+00:00,tt_bekasi,15.0,18.580856
3,2026-08-20 04:00:00+00:00,tt_bogor,35.0,36.53916
3,2026-08-20 04:00:00+00:00,tt_bsd,34.0,30.50572
3,2026-08-20 04:00:00+00:00,tt_cawang,20.0,29.123796
3,2026-08-20 04:00:00+00:00,tt_depok,27.0,30.330462
3,2026-08-20 04:00:00+00:00,tt_gatsu,45.0,37.985065
3,2026-08-20 04:00:00+00:00,tt_grogol,25.0,32.662266
3,2026-08-20 04:00:00+00:00,tt_kebonjeruk,25.0,28.758734
3,2026-08-20 04:00:00+00:00,tt_kelapagading,22.0,28.670984
3,2026-08-20 04:00:00+00:00,tt_kuningan,21.0,21.622517
3,2026-08-20 04:00:00+00:00,tt_sudirman,26.0,31.949293
3,2026-08-20 04:00:00+00:00,tt_tangerang,48.0,38.108616
3,2026-08-20 04:00:00+00:00,tt_tbsimatupang,45.0,39.463356
3,2026-08-20 04:00:00+00:00,tt_thamrin,13.0,20.493874
3,2026-08-20 06:00:00+00:00,tt_bekasi,15.0,18.727402
3,2026-08-20 06:00:00+00:00,tt_bogor,39.0,39.353294
3,2026-08-20 06:00:00+00:00,tt_bsd,34.0,32.80695
3,2026-08-20 06:00:00+00:00,tt_cawang,28.0,28.398829
3,2026-08-20 06:00:00+00:00,tt_depok,29.0,30.33133
3,2026-08-20 06:00:00+00:00,tt_gatsu,28.0,42.679817
3,2026-08-20 06:00:00+00:00,tt_grogol,29.0,31.677729
3,2026-08-20 06:00:00+00:00,tt_kebonjeruk,25.0,27.78432
3,2026-08-20 06:00:00+00:00,tt_kelapagading,20.0,26.425909
3,2026-08-20 06:00:00+00:00,tt_kuningan,15.999999,21.574318
3,2026-08-20 06:00:00+00:00,tt_sudirman,21.0,29.692558
3,2026-08-20 06:00:00+00:00,tt_tangerang,38.0,45.230457
3,2026-08-20 06:00:00+00:00,tt_tbsimatupang,27.0,42.2605
3,2026-08-20 06:00:00+00:00,tt_thamrin,12.0,19.833004
3,2026-08-20 07:00:00+00:00,tt_bekasi,15.999999,17.665173
3,2026-08-20 07:00:00+00:00,tt_bogor,36.0,36.467316
3,2026-08-20 07:00:00+00:00,tt_bsd,34.0,32.911034
3,2026-08-20 07:00:00+00:00,tt_cawang,21.0,28.395172
3,2026-08-20 07:00:00+00:00,tt_depok,26.0,28.50553
3,2026-08-20 07:00:00+00:00,tt_gatsu,20.0,42.540997
3,2026-08-20 07:00:00+00:00,tt_grogol,29.0,29.508575
3,2026-08-20 07:00:00+00:00,tt_kebonjeruk,22.0,27.201387
3,2026-08-20 07:00:00+00:00,tt_kelapagading,20.0,25.098507
3,2026-08-20 07:00:00+00:00,tt_kuningan,21.0,21.574318
3,2026-08-20 07:00:00+00:00,tt_sudirman,20.0,29.622978
3,2026-08-20 07:00:00+00:00,tt_tangerang,37.0,44.933685
3,2026-08-20 07:00:00+00:00,tt_tbsimatupang,49.0,51.388565
3,2026-08-20 07:00:00+00:00,tt_thamrin,12.0,17.9412
3,2026-08-20 09:00:00+00:00,tt_bekasi,14.0,16.991722
3,2026-08-20 09:00:00+00:00,tt_bogor,34.0,37.72903
3,2026-08-20 09:00:00+00:00,tt_bsd,28.0,32.906315
3,2026-08-20 09:00:00+00:00,tt_cawang,30.0,30.07105
3,2026-08-20 09:00:00+00:00,tt_depok,26.0,28.515427
3,2026-08-20 09:00:00+00:00,tt_gatsu,32.0,34.714825
3,2026-08-20 09:00:00+00:00,tt_grogol,31.0,29.635572
3,2026-08-20 09:00:00+00:00,tt_kebonjeruk,21.0,26.608587
3,2026-08-20 09:00:00+00:00,tt_kelapagading,21.0,23.436117
3,2026-08-20 09:00:00+00:00,tt_kuningan,13.0,19.776833
3,2026-08-20 09:00:00+00:00,tt_sudirman,23.0,27.38733
3,2026-08-20 09:00:00+00:00,tt_tangerang,34.0,39.2115
3,2026-08-20 09:00:00+00:00,tt_tbsimatupang,47.0,43.018677
3,2026-08-20 09:00:00+00:00,tt_thamrin,18.0,16.192268
3,2026-08-20 11:00:00+00:00,tt_bekasi,18.0,17.239784
3,2026-08-20 11:00:00+00:00,tt_bogor,35.0,35.720654
3,2026-08-20 11:00:00+00:00,tt_bsd,34.0,32.895706
3,2026-08-20 11:00:00+00:00,tt_cawang,33.0,25.91122
3,2026-08-20 11:00:00+00:00,tt_depok,26.0,27.013939
3,2026-08-20 11:00:00+00:00,tt_gatsu,7.0,31.126038
3,2026-08-20 11:00:00+00:00,tt_grogol,29.0,29.587463
3,2026-08-20 11:00:00+00:00,tt_kebonjeruk,18.0,24.56954
3,2026-08-20 11:00:00+00:00,tt_kelapagading,21.0,22.46611
3,2026-08-20 11:00:00+00:00,tt_kuningan,15.999999,21.232983
3,2026-08-20 11:00:00+00:00,tt_sudirman,12.0,25.15158
3,2026-08-20 11:00:00+00:00,tt_tangerang,35.0,38.584694
3,2026-08-20 11:00:00+00:00,tt_tbsimatupang,24.0,51.247425
3,2026-08-20 11:00:00+00:00,tt_thamrin,10.0,15.280636
3,2026-08-20 12:00:00+00:00,tt_bekasi,14.0,16.51514
3,2026-08-20 12:00:00+00:00,tt_bogor,37.0,34.329437
3,2026-08-20 12:00:00+00:00,tt_bsd,34.0,30.098713
3,2026-08-20 12:00:00+00:00,tt_cawang,43.0,28.128174
3,2026-08-20 12:00:00+00:00,tt_depok,24.0,26.828135
3,2026-08-20 12:00:00+00:00,tt_gatsu,10.0,34.841873
3,2026-08-20 12:00:00+00:00,tt_grogol,32.0,30.305904
3,2026-08-20 12:00:00+00:00,tt_kebonjeruk,23.0,23.694452
3,2026-08-20 12:00:00+00:00,tt_kelapagading,21.0,22.49963
3,2026-08-20 12:00:00+00:00,tt_kuningan,13.0,18.606968
3,2026-08-20 12:00:00+00:00,tt_sudirman,22.0,25.50911
3,2026-08-20 12:00:00+00:00,tt_tangerang,48.0,36.90851
3,2026-08-20 12:00:00+00:00,tt_tbsimatupang,40.0,48.849625
3,2026-08-20 12:00:00+00:00,tt_thamrin,9.0,17.18217
3,2026-08-20 14:00:00+00:00,tt_bekasi,18.0,17.510517
3,2026-08-20 14:00:00+00:00,tt_bogor,38.0,34.193924
3,2026-08-20 14:00:00+00:00,tt_bsd,27.0,31.983671
3,2026-08-20 14:00:00+00:00,tt_cawang,32.0,30.07505
3,2026-08-20 14:00:00+00:00,tt_depok,31.0,26.63256
3,2026-08-20 14:00:00+00:00,tt_gatsu,45.0,28.821587
3,2026-08-20 14:00:00+00:00,tt_grogol,40.0,29.290794
3,2026-08-20 14:00:00+00:00,tt_kebonjeruk,28.0,21.671896
3,2026-08-20 14:00:00+00:00,tt_kelapagading,29.0,22.11697
3,2026-08-20 14:00:00+00:00,tt_kuningan,15.999999,17.866539
3,2026-08-20 14:00:00+00:00,tt_sudirman,39.0,20.972385
3,2026-08-20 14:00:00+00:00,tt_tangerang,48.0,36.343147
3,2026-08-20 14:00:00+00:00,tt_tbsimatupang,59.0,37.697533
3,2026-08-20 14:00:00+00:00,tt_thamrin,13.0,15.352724
3,2026-08-20 16:00:00+00:00,tt_bekasi,15.0,16.127531
3,2026-08-20 16:00:00+00:00,tt_bogor,45.0,35.57762
3,2026-08-20 16:00:00+00:00,tt_bsd,34.0,32.93107
3,2026-08-20 16:00:00+00:00,tt_cawang,43.0,39.00499
3,2026-08-20 16:00:00+00:00,tt_depok,31.0,25.403208
3,2026-08-20 16:00:00+00:00,tt_gatsu,45.0,25.104671
3,2026-08-20 16:00:00+00:00,tt_grogol,40.0,30.794153
3,2026-08-20 16:00:00+00:00,tt_kebonjeruk,35.0,23.19825
3,2026-08-20 16:00:00+00:00,tt_kelapagading,29.0,21.693075
3,2026-08-20 16:00:00+00:00,tt_kuningan,21.0,16.306606
3,2026-08-20 16:00:00+00:00,tt_sudirman,39.0,22.380974
3,2026-08-20 16:00:00+00:00,tt_tangerang,48.0,44.94715
3,2026-08-20 16:00:00+00:00,tt_tbsimatupang,72.0,41.235527
3,2026-08-20 16:00:00+00:00,tt_thamrin,22.0,13.521027
3,2026-08-20 17:00:00+00:00,tt_bekasi,18.0,17.460016
3,2026-08-20 17:00:00+00:00,tt_bogor,45.0,36.06302
3,2026-08-20 17:00:00+00:00,tt_bsd,34.0,29.755568
3,2026-08-20 17:00:00+00:00,tt_cawang,43.0,33.51792
3,2026-08-20 17:00:00+00:00,tt_depok,31.0,28.567066
3,2026-08-20 17:00:00+00:00,tt_gatsu,45.0,40.995857
3,2026-08-20 17:00:00+00:00,tt_grogol,40.0,35.57181
3,2026-08-20 17:00:00+00:00,tt_kebonjeruk,35.0,25.511477
3,2026-08-20 17:00:00+00:00,tt_kelapagading,29.0,25.312653
3,2026-08-20 17:00:00+00:00,tt_kuningan,21.0,17.013157
3,2026-08-20 17:00:00+00:00,tt_sudirman,39.0,32.11853
3,2026-08-20 17:00:00+00:00,tt_tangerang,48.0,44.668262
3,2026-08-20 17:00:00+00:00,tt_tbsimatupang,72.0,52.45819
3,2026-08-20 17:00:00+00:00,tt_thamrin,22.0,14.577795
3,2026-08-20 19:00:00+00:00,tt_bekasi,18.0,17.13359
3,2026-08-20 19:00:00+00:00,tt_bogor,45.0,40.419746
3,2026-08-20 19:00:00+00:00,tt_bsd,34.0,31.866215
3,2026-08-20 19:00:00+00:00,tt_cawang,43.0,39.033752
3,2026-08-20 19:00:00+00:00,tt_depok,31.0,29.909618
3,2026-08-20 19:00:00+00:00,tt_gatsu,45.0,43.1549
3,2026-08-20 19:00:00+00:00,tt_grogol,40.0,37.17244
3,2026-08-20 19:00:00+00:00,tt_kebonjeruk,35.0,30.740421
3,2026-08-20 19:00:00+00:00,tt_kelapagading,29.0,27.272717
3,2026-08-20 19:00:00+00:00,tt_kuningan,21.0,19.152445
3,2026-08-20 19:00:00+00:00,tt_sudirman,39.0,36.022728
3,2026-08-20 19:00:00+00:00,tt_tangerang,48.0,44.181324
3,2026-08-20 19:00:00+00:00,tt_tbsimatupang,72.0,59.57023
3,2026-08-20 19:00:00+00:00,tt_thamrin,22.0,18.713348
3,2026-08-20 21:00:00+00:00,tt_bekasi,18.0,18.267033
3,2026-08-20 21:00:00+00:00,tt_bogor,45.0,41.232014
3,2026-08-20 21:00:00+00:00,tt_bsd,34.0,32.91975
3,2026-08-20 21:00:00+00:00,tt_cawang,43.0,40.422333
3,2026-08-20 21:00:00+00:00,tt_depok,31.0,30.079147
3,2026-08-20 21:00:00+00:00,tt_gatsu,45.0,41.949333
3,2026-08-20 21:00:00+00:00,tt_grogol,40.0,37.473495
3,2026-08-20 21:00:00+00:00,tt_kebonjeruk,35.0,32.73979
3,2026-08-20 21:00:00+00:00,tt_kelapagading,29.0,27.901375
3,2026-08-20 21:00:00+00:00,tt_kuningan,21.0,20.326744
3,2026-08-20 21:00:00+00:00,tt_sudirman,39.0,36.494884
3,2026-08-20 21:00:00+00:00,tt_tangerang,48.0,44.0793
3,2026-08-20 21:00:00+00:00,tt_tbsimatupang,72.0,59.075356
3,2026-08-20 21:00:00+00:00,tt_thamrin,22.0,20.846405
3,2026-08-20 22:00:00+00:00,tt_bekasi,18.0,18.454311
3,2026-08-20 22:00:00+00:00,tt_bogor,45.0,41.351044
3,2026-08-20 22:00:00+00:00,tt_bsd,34.0,32.908714
3,2026-08-20 22:00:00+00:00,tt_cawang,43.0,40.427433
3,2026-08-20 22:00:00+00:00,tt_depok,31.0,30.135923
3,2026-08-20 22:00:00+00:00,tt_gatsu,45.0,42.063442
3,2026-08-20 22:00:00+00:00,tt_grogol,40.0,37.629433
3,2026-08-20 22:00:00+00:00,tt_kebonjeruk,35.0,33.004406
3,2026-08-20 22:00:00+00:00,tt_kelapagading,29.0,28.112555
3,2026-08-20 22:00:00+00:00,tt_kuningan,21.0,20.605669
3,2026-08-20 22:00:00+00:00,tt_sudirman,39.0,36.72774
3,2026-08-20 22:00:00+00:00,tt_tangerang,48.0,44.17192
3,2026-08-20 22:00:00+00:00,tt_tbsimatupang,72.0,58.74164
3,2026-08-20 22:00:00+00:00,tt_thamrin,22.0,21.281311
3,2026-08-21 00:00:00+00:00,tt_bekasi,18.0,18.663036
3,2026-08-21 00:00:00+00:00,tt_bogor,35.0,41.667736
3,2026-08-21 00:00:00+00:00,tt_bsd,29.0,32.88312
3,2026-08-21 00:00:00+00:00,tt_cawang,18.0,40.55314
3,2026-08-21 00:00:00+00:00,tt_depok,25.0,30.236897
3,2026-08-21 00:00:00+00:00,tt_gatsu,45.0,42.275723
3,2026-08-21 00:00:00+00:00,tt_grogol,34.0,37.898426
3,2026-08-21 00:00:00+00:00,tt_kebonjeruk,25.0,33.38151
3,2026-08-21 00:00:00+00:00,tt_kelapagading,26.0,28.429811
3,2026-08-21 00:00:00+00:00,tt_kuningan,21.0,21.07801
3,2026-08-21 00:00:00+00:00,tt_sudirman,31.0,37.11773
3,2026-08-21 00:00:00+00:00,tt_tangerang,37.0,44.361473
3,2026-08-21 00:00:00+00:00,tt_tbsimatupang,32.0,58.06897
3,2026-08-21 00:00:00+00:00,tt_thamrin,22.0,21.926537
3,2026-08-21 02:00:00+00:00,tt_bekasi,17.0,18.783396
3,2026-08-21 02:00:00+00:00,tt_bogor,37.0,41.955624
3,2026-08-21 02:00:00+00:00,tt_bsd,28.0,32.89119
3,2026-08-21 02:00:00+00:00,tt_cawang,19.0,40.730762
3,2026-08-21 02:00:00+00:00,tt_depok,26.0,30.307562
3,2026-08-21 02:00:00+00:00,tt_gatsu,45.0,42.363705
3,2026-08-21 02:00:00+00:00,tt_grogol,31.0,38.095924
3,2026-08-21 02:00:00+00:00,tt_kebonjeruk,26.0,33.627922
3,2026-08-21 02:00:00+00:00,tt_kelapagading,29.0,28.622332
3,2026-08-21 02:00:00+00:00,tt_kuningan,21.0,21.418814
3,2026-08-21 02:00:00+00:00,tt_sudirman,23.0,37.294537
3,2026-08-21 02:00:00+00:00,tt_tangerang,37.0,44.55323
3,2026-08-21 02:00:00+00:00,tt_tbsimatupang,37.0,57.640987
3,2026-08-21 02:00:00+00:00,tt_thamrin,22.0,22.448303
3,2026-08-21 03:00:00+00:00,tt_bekasi,15.0,18.80518
3,2026-08-21 03:00:00+00:00,tt_bogor,38.0,36.749332
3,2026-08-21 03:00:00+00:00,tt_bsd,34.0,30.47756
3,2026-08-21 03:00:00+00:00,tt_cawang,21.0,32.11913
3,2026-08-21 03:00:00+00:00,tt_depok,31.0,27.81723
3,2026-08-21 03:00:00+00:00,tt_gatsu,45.0,42.365288
3,2026-08-21 03:00:00+00:00,tt_grogol,27.0,35.03722
3,2026-08-21 03:00:00+00:00,tt_kebonjeruk,24.0,29.530066
3,2026-08-21 03:00:00+00:00,tt_kelapagading,23.0,27.387173
3,2026-08-21 03:00:00+00:00,tt_kuningan,15.999999,21.509869
3,2026-08-21 03:00:00+00:00,tt_sudirman,28.0,33.39557
3,2026-08-21 03:00:00+00:00,tt_tangerang,48.0,38.60679
3,2026-08-21 03:00:00+00:00,tt_tbsimatupang,48.0,39.4616
3,2026-08-21 03:00:00+00:00,tt_thamrin,15.999999,22.54055
3,2026-08-21 05:00:00+00:00,tt_bekasi,15.999999,18.44405
3,2026-08-21 05:00:00+00:00,tt_bogor,45.0,37.554207
3,2026-08-21 05:00:00+00:00,tt_bsd,34.0,29.058664
3,2026-08-21 05:00:00+00:00,tt_cawang,43.0,30.122969
3,2026-08-21 05:00:00+00:00,tt_depok,31.0,26.863813
3,2026-08-21 05:00:00+00:00,tt_gatsu,45.0,42.34568
3,2026-08-21 05:00:00+00:00,tt_grogol,32.0,33.06282
3,2026-08-21 05:00:00+00:00,tt_kebonjeruk,27.0,28.132523
3,2026-08-21 05:00:00+00:00,tt_kelapagading,23.0,28.112381
3,2026-08-21 05:00:00+00:00,tt_kuningan,21.0,21.578468
3,2026-08-21 05:00:00+00:00,tt_sudirman,34.0,29.664719
3,2026-08-21 05:00:00+00:00,tt_tangerang,48.0,38.56718
3,2026-08-21 05:00:00+00:00,tt_tbsimatupang,72.0,44.599213
3,2026-08-21 05:00:00+00:00,tt_thamrin,21.0,22.57176
3,2026-08-21 07:00:00+00:00,tt_bekasi,14.0,17.203812
3,2026-08-21 07:00:00+00:00,tt_bogor,35.0,38.007603
3,2026-08-21 07:00:00+00:00,tt_bsd,34.0,32.69192
3,2026-08-21 07:00:00+00:00,tt_cawang,28.0,30.070797
3,2026-08-21 07:00:00+00:00,tt_depok,25.0,30.051483
3,2026-08-21 07:00:00+00:00,tt_gatsu,36.0,42.34568
3,2026-08-21 07:00:00+00:00,tt_grogol,28.0,30.097757
3,2026-08-21 07:00:00+00:00,tt_kebonjeruk,21.0,26.828537
3,2026-08-21 07:00:00+00:00,tt_kelapagading,20.0,25.274788
3,2026-08-21 07:00:00+00:00,tt_kuningan,21.0,18.986767
3,2026-08-21 07:00:00+00:00,tt_sudirman,18.0,30.071331
3,2026-08-21 07:00:00+00:00,tt_tangerang,39.0,45.372124
3,2026-08-21 07:00:00+00:00,tt_tbsimatupang,52.0,50.12693
3,2026-08-21 07:00:00+00:00,tt_thamrin,18.0,19.4419
3,2026-08-21 08:00:00+00:00,tt_bekasi,15.999999,17.356678
3,2026-08-21 08:00:00+00:00,tt_bogor,34.0,41.907864
3,2026-08-21 08:00:00+00:00,tt_bsd,34.0,32.860996
3,2026-08-21 08:00:00+00:00,tt_cawang,31.0,40.655388
3,2026-08-21 08:00:00+00:00,tt_depok,25.0,30.25488
3,2026-08-21 08:00:00+00:00,tt_gatsu,35.0,42.34568
3,2026-08-21 08:00:00+00:00,tt_grogol,29.0,31.949678
3,2026-08-21 08:00:00+00:00,tt_kebonjeruk,24.0,27.64508
3,2026-08-21 08:00:00+00:00,tt_kelapagading,21.0,24.880909
3,2026-08-21 08:00:00+00:00,tt_kuningan,17.0,20.506096
3,2026-08-21 08:00:00+00:00,tt_sudirman,24.0,32.916058
3,2026-08-21 08:00:00+00:00,tt_tangerang,40.0,45.039825
3,2026-08-21 08:00:00+00:00,tt_tbsimatupang,38.0,62.10503
3,2026-08-21 08:00:00+00:00,tt_thamrin,10.0,20.859484
3,2026-08-21 10:00:00+00:00,tt_bekasi,15.0,16.606861
3,2026-08-21 10:00:00+00:00,tt_bogor,32.0,36.747673
3,2026-08-21 10:00:00+00:00,tt_bsd,34.0,32.855858
3,2026-08-21 10:00:00+00:00,tt_cawang,22.0,35.256542
3,2026-08-21 10:00:00+00:00,tt_depok,24.0,27.749807
3,2026-08-21 10:00:00+00:00,tt_gatsu,34.0,37.514107
3,2026-08-21 10:00:00+00:00,tt_grogol,32.0,30.364872
3,2026-08-21 10:00:00+00:00,tt_kebonjeruk,20.0,25.535542
3,2026-08-21 10:00:00+00:00,tt_kelapagading,19.0,23.352486
3,2026-08-21 10:00:00+00:00,tt_kuningan,13.0,21.175442
3,2026-08-21 10:00:00+00:00,tt_sudirman,22.0,27.98795
3,2026-08-21 10:00:00+00:00,tt_tangerang,29.0,39.68659
3,2026-08-21 10:00:00+00:00,tt_tbsimatupang,27.0,50.56165
3,2026-08-21 10:00:00+00:00,tt_thamrin,19.0,20.275425
6,2026-08-18 07:00:00+00:00,tt_bekasi,15.0,18.42163
6,2026-08-18 07:00:00+00:00,tt_bogor,34.0,38.00432
6,2026-08-18 07:00:00+00:00,tt_bsd,30.0,32.09867
6,2026-08-18 07:00:00+00:00,tt_cawang,43.0,33.478935
6,2026-08-18 07:00:00+00:00,tt_depok,31.0,28.690144
6,2026-08-18 07:00:00+00:00,tt_gatsu,45.0,40.681232
6,2026-08-18 07:00:00+00:00,tt_grogol,32.0,33.943832
6,2026-08-18 07:00:00+00:00,tt_kebonjeruk,25.0,30.584343
6,2026-08-18 07:00:00+00:00,tt_kelapagading,22.0,28.797827
6,2026-08-18 07:00:00+00:00,tt_kuningan,15.0,22.118336
6,2026-08-18 07:00:00+00:00,tt_sudirman,28.0,33.952805
6,2026-08-18 07:00:00+00:00,tt_tangerang,38.0,40.05879
6,2026-08-18 07:00:00+00:00,tt_tbsimatupang,57.0,50.614517
6,2026-08-18 07:00:00+00:00,tt_thamrin,22.0,22.31282
6,2026-08-18 09:00:00+00:00,tt_bekasi,14.0,18.245726
6,2026-08-18 09:00:00+00:00,tt_bogor,35.0,37.384384
6,2026-08-18 09:00:00+00:00,tt_bsd,28.0,32.09867
6,2026-08-18 09:00:00+00:00,tt_cawang,29.0,32.095047
6,2026-08-18 09:00:00+00:00,tt_depok,24.0,29.697977
6,2026-08-18 09:00:00+00:00,tt_gatsu,45.0,37.94418
6,2026-08-18 09:00:00+00:00,tt_grogol,32.0,32.70144
6,2026-08-18 09:00:00+00:00,tt_kebonjeruk,23.0,29.398905
6,2026-08-18 09:00:00+00:00,tt_kelapagading,23.0,28.797827
6,2026-08-18 09:00:00+00:00,tt_kuningan,21.0,22.118336
6,2026-08-18 09:00:00+00:00,tt_sudirman,31.0,31.357721
6,2026-08-18 09:00:00+00:00,tt_tangerang,38.0,42.73574
6,2026-08-18 09:00:00+00:00,tt_tbsimatupang,43.0,50.178436
6,2026-08-18 09:00:00+00:00,tt_thamrin,22.0,20.84019
6,2026-08-18 10:00:00+00:00,tt_bekasi,14.0,18.000992
6,2026-08-18 10:00:00+00:00,tt_bogor,35.0,36.314312
6,2026-08-18 10:00:00+00:00,tt_bsd,34.0,30.867783
6,2026-08-18 10:00:00+00:00,tt_cawang,30.0,31.289345
6,2026-08-18 10:00:00+00:00,tt_depok,25.0,29.878275
6,2026-08-18 10:00:00+00:00,tt_gatsu,3.999998,37.061844
6,2026-08-18 10:00:00+00:00,tt_grogol,31.0,32.2627
6,2026-08-18 10:00:00+00:00,tt_kebonjeruk,21.0,28.837233
6,2026-08-18 10:00:00+00:00,tt_kelapagading,21.0,28.797827
6,2026-08-18 10:00:00+00:00,tt_kuningan,14.0,21.242947
6,2026-08-18 10:00:00+00:00,tt_sudirman,23.0,30.70512
6,2026-08-18 10:00:00+00:00,tt_tangerang,34.0,40.782322
6,2026-08-18 10:00:00+00:00,tt_tbsimatupang,44.0,54.3148
6,2026-08-18 10:00:00+00:00,tt_thamrin,22.0,20.59858
6,2026-08-18 12:00:00+00:00,tt_bekasi,14.0,17.685905
6,2026-08-18 12:00:00+00:00,tt_bogor,35.0,36.787624
6,2026-08-18 12:00:00+00:00,tt_bsd,34.0,29.79053
6,2026-08-18 12:00:00+00:00,tt_cawang,34.0,31.023937
6,2026-08-18 12:00:00+00:00,tt_depok,26.0,28.312372
6,2026-08-18 12:00:00+00:00,tt_gatsu,45.0,41.08172
6,2026-08-18 12:00:00+00:00,tt_grogol,32.0,34.833
6,2026-08-18 12:00:00+00:00,tt_kebonjeruk,25.0,27.119541
6,2026-08-18 12:00:00+00:00,tt_kelapagading,22.0,26.705826
6,2026-08-18 12:00:00+00:00,tt_kuningan,13.0,21.675829
6,2026-08-18 12:00:00+00:00,tt_sudirman,29.0,31.62211
6,2026-08-18 12:00:00+00:00,tt_tangerang,48.0,40.327362
6,2026-08-18 12:00:00+00:00,tt_tbsimatupang,72.0,52.78956
6,2026-08-18 12:00:00+00:00,tt_thamrin,17.0,20.860504
6,2026-08-18 14:00:00+00:00,tt_bekasi,15.999999,17.493065
6,2026-08-18 14:00:00+00:00,tt_bogor,45.0,34.77085
6,2026-08-18 14:00:00+00:00,tt_bsd,34.0,30.036312
6,2026-08-18 14:00:00+00:00,tt_cawang,32.0,37.595943
6,2026-08-18 14:00:00+00:00,tt_depok,26.0,29.577194
6,2026-08-18 14:00:00+00:00,tt_gatsu,45.0,40.88971
6,2026-08-18 14:00:00+00:00,tt_grogol,40.0,32.93175
6,2026-08-18 14:00:00+00:00,tt_kebonjeruk,31.0,26.751171
6,2026-08-18 14:00:00+00:00,tt_kelapagading,29.0,25.504614
6,2026-08-18 14:00:00+00:00,tt_kuningan,15.999999,19.99179
6,2026-08-18 14:00:00+00:00,tt_sudirman,30.0,30.226229
6,2026-08-18 14:00:00+00:00,tt_tangerang,48.0,38.698513
6,2026-08-18 14:00:00+00:00,tt_tbsimatupang,72.0,51.624687
6,2026-08-18 14:00:00+00:00,tt_thamrin,22.0,21.645916
6,2026-08-18 15:00:00+00:00,tt_bekasi,15.999999,17.24745
6,2026-08-18 15:00:00+00:00,tt_bogor,45.0,34.355682
6,2026-08-18 15:00:00+00:00,tt_bsd,34.0,29.551254
6,2026-08-18 15:00:00+00:00,tt_cawang,43.0,34.372955
6,2026-08-18 15:00:00+00:00,tt_depok,31.0,28.468067
6,2026-08-18 15:00:00+00:00,tt_gatsu,45.0,40.888214
6,2026-08-18 15:00:00+00:00,tt_grogol,40.0,32.26313
6,2026-08-18 15:00:00+00:00,tt_kebonjeruk,35.0,26.099253
6,2026-08-18 15:00:00+00:00,tt_kelapagading,29.0,25.258091
6,2026-08-18 15:00:00+00:00,tt_kuningan,21.0,20.61868
6,2026-08-18 15:00:00+00:00,tt_sudirman,39.0,30.36005
6,2026-08-18 15:00:00+00:00,tt_tangerang,48.0,38.108055
6,2026-08-18 15:00:00+00:00,tt_tbsimatupang,72.0,49.017532
6,2026-08-18 15:00:00+00:00,tt_thamrin,22.0,21.886835
6,2026-08-18 17:00:00+00:00,tt_bekasi,17.0,16.967216
6,2026-08-18 17:00:00+00:00,tt_bogor,45.0,33.183685
6,2026-08-18 17:00:00+00:00,tt_bsd,34.0,31.452868
6,2026-08-18 17:00:00+00:00,tt_cawang,43.0,32.698803
6,2026-08-18 17:00:00+00:00,tt_depok,31.0,27.354118
6,2026-08-18 17:00:00+00:00,tt_gatsu,45.0,39.086113
6,2026-08-18 17:00:00+00:00,tt_grogol,40.0,30.54485
6,2026-08-18 17:00:00+00:00,tt_kebonjeruk,35.0,24.13696
6,2026-08-18 17:00:00+00:00,tt_kelapagading,29.0,24.13866
6,2026-08-18 17:00:00+00:00,tt_kuningan,21.0,19.005756
6,2026-08-18 17:00:00+00:00,tt_sudirman,39.0,27.3064
6,2026-08-18 17:00:00+00:00,tt_tangerang,48.0,35.685715
6,2026-08-18 17:00:00+00:00,tt_tbsimatupang,72.0,43.21914
6,2026-08-18 17:00:00+00:00,tt_thamrin,22.0,22.285635
6,2026-08-18 19:00:00+00:00,tt_bekasi,17.0,16.812057
6,2026-08-18 19:00:00+00:00,tt_bogor,45.0,33.177174
6,2026-08-18 19:00:00+00:00,tt_bsd,34.0,31.728363
6,2026-08-18 19:00:00+00:00,tt_cawang,43.0,33.761986
6,2026-08-18 19:00:00+00:00,tt_depok,31.0,27.170414
6,2026-08-18 19:00:00+00:00,tt_gatsu,45.0,44.003136
6,2026-08-18 19:00:00+00:00,tt_grogol,40.0,30.815691
6,2026-08-18 19:00:00+00:00,tt_kebonjeruk,35.0,24.793194
6,2026-08-18 19:00:00+00:00,tt_kelapagading,29.0,23.626966
6,2026-08-18 19:00:00+00:00,tt_kuningan,21.0,17.783419
6,2026-08-18 19:00:00+00:00,tt_sudirman,39.0,28.126553
6,2026-08-18 19:00:00+00:00,tt_tangerang,48.0,41.74724
6,2026-08-18 19:00:00+00:00,tt_tbsimatupang,72.0,52.891197
6,2026-08-18 19:00:00+00:00,tt_thamrin,22.0,21.083588
6,2026-08-18 20:00:00+00:00,tt_bekasi,17.0,17.151714
6,2026-08-18 20:00:00+00:00,tt_bogor,45.0,36.975456
6,2026-08-18 20:00:00+00:00,tt_bsd,34.0,31.744707
6,2026-08-18 20:00:00+00:00,tt_cawang,43.0,33.218384
6,2026-08-18 20:00:00+00:00,tt_depok,31.0,27.072268
6,2026-08-18 20:00:00+00:00,tt_gatsu,45.0,44.1412
6,2026-08-18 20:00:00+00:00,tt_grogol,40.0,33.864803
6,2026-08-18 20:00:00+00:00,tt_kebonjeruk,35.0,26.748928
6,2026-08-18 20:00:00+00:00,tt_kelapagading,29.0,25.205713
6,2026-08-18 20:00:00+00:00,tt_kuningan,21.0,17.91962
6,2026-08-18 20:00:00+00:00,tt_sudirman,39.0,28.701069
6,2026-08-18 20:00:00+00:00,tt_tangerang,48.0,41.778652
6,2026-08-18 20:00:00+00:00,tt_tbsimatupang,72.0,52.54294
6,2026-08-18 20:00:00+00:00,tt_thamrin,22.0,21.703468
6,2026-08-18 22:00:00+00:00,tt_bekasi,17.0,17.53154
6,2026-08-18 22:00:00+00:00,tt_bogor,45.0,38.87541
6,2026-08-18 22:00:00+00:00,tt_bsd,34.0,31.83128
6,2026-08-18 22:00:00+00:00,tt_cawang,43.0,38.054558
6,2026-08-18 22:00:00+00:00,tt_depok,31.0,29.001524
6,2026-08-18 22:00:00+00:00,tt_gatsu,45.0,43.532154
6,2026-08-18 22:00:00+00:00,tt_grogol,40.0,35.441486
6,2026-08-18 22:00:00+00:00,tt_kebonjeruk,35.0,30.679848
6,2026-08-18 22:00:00+00:00,tt_kelapagading,29.0,26.764133
6,2026-08-18 22:00:00+00:00,tt_kuningan,21.0,19.80893
6,2026-08-18 22:00:00+00:00,tt_sudirman,39.0,33.949444
6,2026-08-18 22:00:00+00:00,tt_tangerang,48.0,41.63683
6,2026-08-18 22:00:00+00:00,tt_tbsimatupang,72.0,51.428688
6,2026-08-18 22:00:00+00:00,tt_thamrin,22.0,22.344955
6,2026-08-19 00:00:00+00:00,tt_bekasi,15.0,18.082806
6,2026-08-19 00:00:00+00:00,tt_bogor,35.0,39.21605
6,2026-08-19 00:00:00+00:00,tt_bsd,29.0,31.970852
6,2026-08-19 00:00:00+00:00,tt_cawang,20.0,38.623028
6,2026-08-19 00:00:00+00:00,tt_depok,31.0,29.597218
6,2026-08-19 00:00:00+00:00,tt_gatsu,45.0,42.512054
6,2026-08-19 00:00:00+00:00,tt_grogol,40.0,35.74304
6,2026-08-19 00:00:00+00:00,tt_kebonjeruk,27.0,31.75064
6,2026-08-19 00:00:00+00:00,tt_kelapagading,29.0,27.685078
6,2026-08-19 00:00:00+00:00,tt_kuningan,21.0,20.74973
6,2026-08-19 00:00:00+00:00,tt_sudirman,39.0,34.84059
6,2026-08-19 00:00:00+00:00,tt_tangerang,48.0,41.646366
6,2026-08-19 00:00:00+00:00,tt_tbsimatupang,39.0,50.575977
6,2026-08-19 00:00:00+00:00,tt_thamrin,19.0,22.606464
6,2026-08-19 01:00:00+00:00,tt_bekasi,15.999999,18.272758
6,2026-08-19 01:00:00+00:00,tt_bogor,37.0,39.442192
6,2026-08-19 01:00:00+00:00,tt_bsd,34.0,32.022934
6,2026-08-19 01:00:00+00:00,tt_cawang,13.0,38.37405
6,2026-08-19 01:00:00+00:00,tt_depok,27.0,29.69172
6,2026-08-19 01:00:00+00:00,tt_gatsu,13.0,42.00645
6,2026-08-19 01:00:00+00:00,tt_grogol,32.0,35.970207
6,2026-08-19 01:00:00+00:00,tt_kebonjeruk,25.0,32.034657
6,2026-08-19 01:00:00+00:00,tt_kelapagading,29.0,27.98913
6,2026-08-19 01:00:00+00:00,tt_kuningan,21.0,21.093792
6,2026-08-19 01:00:00+00:00,tt_sudirman,22.0,35.096508
6,2026-08-19 01:00:00+00:00,tt_tangerang,39.0,41.74025
6,2026-08-19 01:00:00+00:00,tt_tbsimatupang,18.0,50.072624
6,2026-08-19 01:00:00+00:00,tt_thamrin,22.0,22.671427
6,2026-08-19 03:00:00+00:00,tt_bekasi,15.999999,18.553425
6,2026-08-19 03:00:00+00:00,tt_bogor,37.0,39.83205
6,2026-08-19 03:00:00+00:00,tt_bsd,34.0,32.09867
6,2026-08-19 03:00:00+00:00,tt_cawang,20.0,38.32703
6,2026-08-19 03:00:00+00:00,tt_depok,31.0,29.871208
6,2026-08-19 03:00:00+00:00,tt_gatsu,45.0,40.716496
6,2026-08-19 03:00:00+00:00,tt_grogol,31.0,36.372894
6,2026-08-19 03:00:00+00:00,tt_kebonjeruk,23.0,32.492397
6,2026-08-19 03:00:00+00:00,tt_kelapagading,29.0,28.432037
6,2026-08-19 03:00:00+00:00,tt_kuningan,15.999999,21.649097
6,2026-08-19 03:00:00+00:00,tt_sudirman,24.0,35.516525
6,2026-08-19 03:00:00+00:00,tt_tangerang,40.0,41.946415
6,2026-08-19 03:00:00+00:00,tt_tbsimatupang,33.0,49.528267
6,2026-08-19 03:00:00+00:00,tt_thamrin,20.0,22.80454
6,2026-08-19 05:00:00+00:00,tt_bekasi,15.0,18.70367
6,2026-08-19 05:00:00+00:00,tt_bogor,32.0,40.16384
6,2026-08-19 05:00:00+00:00,tt_bsd,34.0,32.09867
6,2026-08-19 05:00:00+00:00,tt_cawang,17.0,38.707428
6,2026-08-19 05:00:00+00:00,tt_depok,31.0,30.01188
6,2026-08-19 05:00:00+00:00,tt_gatsu,45.0,40.478004
6,2026-08-19 05:00:00+00:00,tt_grogol,31.0,36.690495
6,2026-08-19 05:00:00+00:00,tt_kebonjeruk,24.0,32.764996
6,2026-08-19 05:00:00+00:00,tt_kelapagading,21.0,28.705326
6,2026-08-19 05:00:00+00:00,tt_kuningan,17.0,22.06192
6,2026-08-19 05:00:00+00:00,tt_sudirman,27.0,35.84609
6,2026-08-19 05:00:00+00:00,tt_tangerang,40.0,42.22798
6,2026-08-19 05:00:00+00:00,tt_tbsimatupang,43.0,49.5475
6,2026-08-19 05:00:00+00:00,tt_thamrin,17.0,22.964798
6,2026-08-19 06:00:00+00:00,tt_bekasi,18.0,18.36614
6,2026-08-19 06:00:00+00:00,tt_bogor,35.0,38.68869
6,2026-08-19 06:00:00+00:00,tt_bsd,34.0,31.016546
6,2026-08-19 06:00:00+00:00,tt_cawang,19.0,37.20415
6,2026-08-19 06:00:00+00:00,tt_depok,27.0,30.045069
6,2026-08-19 06:00:00+00:00,tt_gatsu,30.0,40.478004
6,2026-08-19 06:00:00+00:00,tt_grogol,27.0,36.83172
6,2026-08-19 06:00:00+00:00,tt_kebonjeruk,21.0,31.329567
6,2026-08-19 06:00:00+00:00,tt_kelapagading,21.0,28.771536
6,2026-08-19 06:00:00+00:00,tt_kuningan,21.0,22.137894
6,2026-08-19 06:00:00+00:00,tt_sudirman,18.0,35.973244
6,2026-08-19 06:00:00+00:00,tt_tangerang,38.0,42.22798
6,2026-08-19 06:00:00+00:00,tt_tbsimatupang,48.0,48.704712
6,2026-08-19 06:00:00+00:00,tt_thamrin,13.0,22.467487
6,2026-08-19 08:00:00+00:00,tt_bekasi,15.0,18.237387
6,2026-08-19 08:00:00+00:00,tt_bogor,34.0,38.030197
6,2026-08-19 08:00:00+00:00,tt_bsd,28.0,31.960207
6,2026-08-19 08:00:00+00:00,tt_cawang,32.0,35.30519
6,2026-08-19 08:00:00+00:00,tt_depok,25.0,28.690144
6,2026-08-19 08:00:00+00:00,tt_gatsu,26.0,38.52252
6,2026-08-19 08:00:00+00:00,tt_grogol,27.0,34.626347
6,2026-08-19 08:00:00+00:00,tt_kebonjeruk,18.0,29.601387
6,2026-08-19 08:00:00+00:00,tt_kelapagading,22.0,28.797827
6,2026-08-19 08:00:00+00:00,tt_kuningan,21.0,22.118336
6,2026-08-19 08:00:00+00:00,tt_sudirman,22.0,33.03185
6,2026-08-19 08:00:00+00:00,tt_tangerang,48.0,40.187496
6,2026-08-19 08:00:00+00:00,tt_tbsimatupang,32.0,50.691544
6,2026-08-19 08:00:00+00:00,tt_thamrin,8.0,22.736958
6,2026-08-19 10:00:00+00:00,tt_bekasi,13.0,18.132132
6,2026-08-19 10:00:00+00:00,tt_bogor,30.0,37.2657
6,2026-08-19 10:00:00+00:00,tt_bsd,34.0,32.08769
6,2026-08-19 10:00:00+00:00,tt_cawang,43.0,34.21708
6,2026-08-19 10:00:00+00:00,tt_depok,23.0,29.697977
6,2026-08-19 10:00:00+00:00,tt_gatsu,23.0,43.668663
6,2026-08-19 10:00:00+00:00,tt_grogol,30.0,33.40301
6,2026-08-19 10:00:00+00:00,tt_kebonjeruk,19.0,28.092466
6,2026-08-19 10:00:00+00:00,tt_kelapagading,22.0,28.797827
6,2026-08-19 10:00:00+00:00,tt_kuningan,15.999999,20.565657
6,2026-08-19 10:00:00+00:00,tt_sudirman,19.0,31.6132
6,2026-08-19 10:00:00+00:00,tt_tangerang,28.0,39.695526
6,2026-08-19 10:00:00+00:00,tt_tbsimatupang,34.0,50.087025
6,2026-08-19 10:00:00+00:00,tt_thamrin,17.0,22.159828
6,2026-08-19 11:00:00+00:00,tt_bekasi,18.0,17.904636
6,2026-08-19 11:00:00+00:00,tt_bogor,33.0,35.895763
6,2026-08-19 11:00:00+00:00,tt_bsd,27.0,32.091297
6,2026-08-19 11:00:00+00:00,tt_cawang,43.0,33.067463
6,2026-08-19 11:00:00+00:00,tt_depok,25.0,29.878275
6,2026-08-19 11:00:00+00:00,tt_gatsu,35.0,43.648197
6,2026-08-19 11:00:00+00:00,tt_grogol,32.0,32.93048
6,2026-08-19 11:00:00+00:00,tt_kebonjeruk,21.0,27.664469
6,2026-08-19 11:00:00+00:00,tt_kelapagading,20.0,27.512964
6,2026-08-19 11:00:00+00:00,tt_kuningan,15.999999,20.225533
6,2026-08-19 11:00:00+00:00,tt_sudirman,15.999999,31.427952
6,2026-08-19 11:00:00+00:00,tt_tangerang,26.0,39.3897
6,2026-08-19 11:00:00+00:00,tt_tbsimatupang,44.0,50.124115
6,2026-08-19 11:00:00+00:00,tt_thamrin,10.0,21.431622
6,2026-08-19 13:00:00+00:00,tt_bekasi,18.0,18.617897
6,2026-08-19 13:00:00+00:00,tt_bogor,45.0,35.301064
6,2026-08-19 13:00:00+00:00,tt_bsd,34.0,32.086857
6,2026-08-19 13:00:00+00:00,tt_cawang,43.0,30.866877
6,2026-08-19 13:00:00+00:00,tt_depok,25.0,28.597345
6,2026-08-19 13:00:00+00:00,tt_gatsu,45.0,40.18501
6,2026-08-19 13:00:00+00:00,tt_grogol,31.0,30.937439
6,2026-08-19 13:00:00+00:00,tt_kebonjeruk,27.0,25.96727
6,2026-08-19 13:00:00+00:00,tt_kelapagading,23.0,25.70044
6,2026-08-19 13:00:00+00:00,tt_kuningan,13.0,21.099937
6,2026-08-19 13:00:00+00:00,tt_sudirman,30.0,28.592928
6,2026-08-19 13:00:00+00:00,tt_tangerang,48.0,38.13126
6,2026-08-19 13:00:00+00:00,tt_tbsimatupang,72.0,49.7399
6,2026-08-19 13:00:00+00:00,tt_thamrin,20.0,19.378513
6,2026-08-19 15:00:00+00:00,tt_bekasi,15.999999,18.013393
6,2026-08-19 15:00:00+00:00,tt_bogor,38.0,33.957737
6,2026-08-19 15:00:00+00:00,tt_bsd,34.0,30.167156
6,2026-08-19 15:00:00+00:00,tt_cawang,32.0,31.80726
6,2026-08-19 15:00:00+00:00,tt_depok,31.0,27.463612
6,2026-08-19 15:00:00+00:00,tt_gatsu,45.0,37.47042
6,2026-08-19 15:00:00+00:00,tt_grogol,40.0,29.654516
6,2026-08-19 15:00:00+00:00,tt_kebonjeruk,31.0,23.651608
6,2026-08-19 15:00:00+00:00,tt_kelapagading,29.0,24.89498
6,2026-08-19 15:00:00+00:00,tt_kuningan,21.0,21.44982
6,2026-08-19 15:00:00+00:00,tt_sudirman,29.0,27.093515
6,2026-08-19 15:00:00+00:00,tt_tangerang,48.0,41.68603
6,2026-08-19 15:00:00+00:00,tt_tbsimatupang,72.0,45.123863
6,2026-08-19 15:00:00+00:00,tt_thamrin,21.0,17.030998
6,2026-08-19 16:00:00+00:00,tt_bekasi,18.0,17.524776
6,2026-08-19 16:00:00+00:00,tt_bogor,45.0,32.475407
6,2026-08-19 16:00:00+00:00,tt_bsd,34.0,31.338293
6,2026-08-19 16:00:00+00:00,tt_cawang,43.0,35.527863
6,2026-08-19 16:00:00+00:00,tt_depok,31.0,26.796286
6,2026-08-19 16:00:00+00:00,tt_gatsu,45.0,35.882484
6,2026-08-19 16:00:00+00:00,tt_grogol,40.0,29.782085
6,2026-08-19 16:00:00+00:00,tt_kebonjeruk,35.0,22.746582
6,2026-08-19 16:00:00+00:00,tt_kelapagading,29.0,24.552422
6,2026-08-19 16:00:00+00:00,tt_kuningan,21.0,20.64748
6,2026-08-19 16:00:00+00:00,tt_sudirman,39.0,25.601875
6,2026-08-19 16:00:00+00:00,tt_tangerang,48.0,39.289795
6,2026-08-19 16:00:00+00:00,tt_tbsimatupang,72.0,42.136425
6,2026-08-19 16:00:00+00:00,tt_thamrin,22.0,17.800587
6,2026-08-19 18:00:00+00:00,tt_bekasi,18.0,18.529083
6,2026-08-19 18:00:00+00:00,tt_bogor,45.0,32.062386
6,2026-08-19 18:00:00+00:00,tt_bsd,34.0,29.599329
6,2026-08-19 18:00:00+00:00,tt_cawang,43.0,36.786858
6,2026-08-19 18:00:00+00:00,tt_depok,31.0,26.479038
6,2026-08-19 18:00:00+00:00,tt_gatsu,45.0,35.513382
6,2026-08-19 18:00:00+00:00,tt_grogol,40.0,30.01467
6,2026-08-19 18:00:00+00:00,tt_kebonjeruk,35.0,22.079142
6,2026-08-19 18:00:00+00:00,tt_kelapagading,29.0,23.275805
6,2026-08-19 18:00:00+00:00,tt_kuningan,21.0,19.631538
6,2026-08-19 18:00:00+00:00,tt_sudirman,39.0,21.018318
6,2026-08-19 18:00:00+00:00,tt_tangerang,44.0,36.487915
6,2026-08-19 18:00:00+00:00,tt_tbsimatupang,72.0,40.40988
6,2026-08-19 18:00:00+00:00,tt_thamrin,22.0,16.207739
6,2026-08-19 20:00:00+00:00,tt_bekasi,18.0,18.978035
6,2026-08-19 20:00:00+00:00,tt_bogor,45.0,38.407295
6,2026-08-19 20:00:00+00:00,tt_bsd,34.0,31.665958
6,2026-08-19 20:00:00+00:00,tt_cawang,43.0,37.781975
6,2026-08-19 20:00:00+00:00,tt_depok,31.0,26.238428
6,2026-08-19 20:00:00+00:00,tt_gatsu,45.0,40.37211
6,2026-08-19 20:00:00+00:00,tt_grogol,40.0,29.941378
6,2026-08-19 20:00:00+00:00,tt_kebonjeruk,35.0,24.419622
6,2026-08-19 20:00:00+00:00,tt_kelapagading,29.0,23.389942
6,2026-08-19 20:00:00+00:00,tt_kuningan,21.0,18.29755
6,2026-08-19 20:00:00+00:00,tt_sudirman,39.0,25.86513
6,2026-08-19 20:00:00+00:00,tt_tangerang,48.0,43.896046
6,2026-08-19 20:00:00+00:00,tt_tbsimatupang,72.0,53.257248
6,2026-08-19 20:00:00+00:00,tt_thamrin,22.0,18.57978
6,2026-08-19 21:00:00+00:00,tt_bekasi,18.0,18.733526
6,2026-08-19 21:00:00+00:00,tt_bogor,45.0,37.007137
6,2026-08-19 21:00:00+00:00,tt_bsd,34.0,31.897728
6,2026-08-19 21:00:00+00:00,tt_cawang,43.0,36.193893
6,2026-08-19 21:00:00+00:00,tt_depok,31.0,27.741405
6,2026-08-19 21:00:00+00:00,tt_gatsu,45.0,40.261677
6,2026-08-19 21:00:00+00:00,tt_grogol,40.0,33.388157
6,2026-08-19 21:00:00+00:00,tt_kebonjeruk,35.0,26.384388
6,2026-08-19 21:00:00+00:00,tt_kelapagading,29.0,24.979069
6,2026-08-19 21:00:00+00:00,tt_kuningan,21.0,19.497902
6,2026-08-19 21:00:00+00:00,tt_sudirman,39.0,26.63891
6,2026-08-19 21:00:00+00:00,tt_tangerang,48.0,44.060783
6,2026-08-19 21:00:00+00:00,tt_tbsimatupang,72.0,52.980316
6,2026-08-19 21:00:00+00:00,tt_thamrin,22.0,19.502903
6,2026-08-19 23:00:00+00:00,tt_bekasi,17.0,19.095142
6,2026-08-19 23:00:00+00:00,tt_bogor,35.0,39.126156
6,2026-08-19 23:00:00+00:00,tt_bsd,34.0,31.978958
6,2026-08-19 23:00:00+00:00,tt_cawang,26.0,38.919827
6,2026-08-19 23:00:00+00:00,tt_depok,31.0,28.993372
6,2026-08-19 23:00:00+00:00,tt_gatsu,45.0,39.2582
6,2026-08-19 23:00:00+00:00,tt_grogol,35.0,35.203045
6,2026-08-19 23:00:00+00:00,tt_kebonjeruk,30.0,30.4261
6,2026-08-19 23:00:00+00:00,tt_kelapagading,29.0,26.745922
6,2026-08-19 23:00:00+00:00,tt_kuningan,21.0,20.587978
6,2026-08-19 23:00:00+00:00,tt_sudirman,39.0,33.07234
6,2026-08-19 23:00:00+00:00,tt_tangerang,48.0,43.536903
6,2026-08-19 23:00:00+00:00,tt_tbsimatupang,72.0,51.80707
6,2026-08-19 23:00:00+00:00,tt_thamrin,20.0,21.273054
6,2026-08-20 01:00:00+00:00,tt_bekasi,18.0,19.378975
6,2026-08-20 01:00:00+00:00,tt_bogor,35.0,39.60423
6,2026-08-20 01:00:00+00:00,tt_bsd,29.0,31.940096
6,2026-08-20 01:00:00+00:00,tt_cawang,14.0,39.168365
6,2026-08-20 01:00:00+00:00,tt_depok,31.0,29.50287
6,2026-08-20 01:00:00+00:00,tt_gatsu,37.0,39.71984
6,2026-08-20 01:00:00+00:00,tt_grogol,30.0,35.78556
6,2026-08-20 01:00:00+00:00,tt_kebonjeruk,26.0,31.664177
6,2026-08-20 01:00:00+00:00,tt_kelapagading,29.0,27.69013
6,2026-08-20 01:00:00+00:00,tt_kuningan,21.0,21.112982
6,2026-08-20 01:00:00+00:00,tt_sudirman,27.0,34.55679
6,2026-08-20 01:00:00+00:00,tt_tangerang,36.0,42.1081
6,2026-08-20 01:00:00+00:00,tt_tbsimatupang,18.0,50.315483
6,2026-08-20 01:00:00+00:00,tt_thamrin,18.0,22.41024
6,2026-08-20 02:00:00+00:00,tt_bekasi,18.0,19.465206
6,2026-08-20 02:00:00+00:00,tt_bogor,40.0,39.778423
6,2026-08-20 02:00:00+00:00,tt_bsd,34.0,32.00519
6,2026-08-20 02:00:00+00:00,tt_cawang,18.0,39.249977
6,2026-08-20 02:00:00+00:00,tt_depok,31.0,29.672155
6,2026-08-20 02:00:00+00:00,tt_gatsu,45.0,39.90801
6,2026-08-20 02:00:00+00:00,tt_grogol,30.0,36.012016
6,2026-08-20 02:00:00+00:00,tt_kebonjeruk,26.0,32.032158
6,2026-08-20 02:00:00+00:00,tt_kelapagading,25.0,27.999449
6,2026-08-20 02:00:00+00:00,tt_kuningan,21.0,21.340984
6,2026-08-20 02:00:00+00:00,tt_sudirman,25.0,34.969162
6,2026-08-20 02:00:00+00:00,tt_tangerang,48.0,42.3098
6,2026-08-20 02:00:00+00:00,tt_tbsimatupang,21.0,49.988327
6,2026-08-20 02:00:00+00:00,tt_thamrin,18.0,22.642471
6,2026-08-20 04:00:00+00:00,tt_bekasi,15.0,19.45678
6,2026-08-20 04:00:00+00:00,tt_bogor,35.0,40.095665
6,2026-08-20 04:00:00+00:00,tt_bsd,34.0,32.032513
6,2026-08-20 04:00:00+00:00,tt_cawang,20.0,39.273342
6,2026-08-20 04:00:00+00:00,tt_depok,27.0,29.91887
6,2026-08-20 04:00:00+00:00,tt_gatsu,45.0,40.16384
6,2026-08-20 04:00:00+00:00,tt_grogol,25.0,36.397114
6,2026-08-20 04:00:00+00:00,tt_kebonjeruk,25.0,32.516335
6,2026-08-20 04:00:00+00:00,tt_kelapagading,22.0,28.458813
6,2026-08-20 04:00:00+00:00,tt_kuningan,21.0,21.81408
6,2026-08-20 04:00:00+00:00,tt_sudirman,26.0,35.58854
6,2026-08-20 04:00:00+00:00,tt_tangerang,48.0,42.094723
6,2026-08-20 04:00:00+00:00,tt_tbsimatupang,45.0,49.528267
6,2026-08-20 04:00:00+00:00,tt_thamrin,13.0,23.019306
6,2026-08-20 06:00:00+00:00,tt_bekasi,15.0,19.161314
6,2026-08-20 06:00:00+00:00,tt_bogor,39.0,38.02074
6,2026-08-20 06:00:00+00:00,tt_bsd,34.0,32.09867
6,2026-08-20 06:00:00+00:00,tt_cawang,28.0,36.340027
6,2026-08-20 06:00:00+00:00,tt_depok,29.0,30.036144
6,2026-08-20 06:00:00+00:00,tt_gatsu,28.0,40.478004
6,2026-08-20 06:00:00+00:00,tt_grogol,29.0,35.047497
6,2026-08-20 06:00:00+00:00,tt_kebonjeruk,25.0,31.089098
6,2026-08-20 06:00:00+00:00,tt_kelapagading,20.0,28.715471
6,2026-08-20 06:00:00+00:00,tt_kuningan,15.999999,22.168365
6,2026-08-20 06:00:00+00:00,tt_sudirman,21.0,35.842915
6,2026-08-20 06:00:00+00:00,tt_tangerang,38.0,42.199368
6,2026-08-20 06:00:00+00:00,tt_tbsimatupang,27.0,49.5475
6,2026-08-20 06:00:00+00:00,tt_thamrin,12.0,22.264088
6,2026-08-20 07:00:00+00:00,tt_bekasi,15.999999,19.277784
6,2026-08-20 07:00:00+00:00,tt_bogor,36.0,37.408737
6,2026-08-20 07:00:00+00:00,tt_bsd,34.0,31.016546
6,2026-08-20 07:00:00+00:00,tt_cawang,21.0,34.876907
6,2026-08-20 07:00:00+00:00,tt_depok,26.0,30.058609
6,2026-08-20 07:00:00+00:00,tt_gatsu,20.0,39.05351
6,2026-08-20 07:00:00+00:00,tt_grogol,29.0,33.988895
6,2026-08-20 07:00:00+00:00,tt_kebonjeruk,22.0,30.150852
6,2026-08-20 07:00:00+00:00,tt_kelapagading,20.0,28.773035
6,2026-08-20 07:00:00+00:00,tt_kuningan,21.0,22.189655
6,2026-08-20 07:00:00+00:00,tt_sudirman,20.0,34.128006
6,2026-08-20 07:00:00+00:00,tt_tangerang,37.0,40.492126
6,2026-08-20 07:00:00+00:00,tt_tbsimatupang,49.0,51.728203
6,2026-08-20 07:00:00+00:00,tt_thamrin,12.0,21.728752
6,2026-08-20 09:00:00+00:00,tt_bekasi,14.0,19.384855
6,2026-08-20 09:00:00+00:00,tt_bogor,34.0,38.420357
6,2026-08-20 09:00:00+00:00,tt_bsd,28.0,31.960207
6,2026-08-20 09:00:00+00:00,tt_cawang,30.0,33.067223
6,2026-08-20 09:00:00+00:00,tt_depok,26.0,30.058662
6,2026-08-20 09:00:00+00:00,tt_gatsu,32.0,40.585632
6,2026-08-20 09:00:00+00:00,tt_grogol,31.0,32.86466
6,2026-08-20 09:00:00+00:00,tt_kebonjeruk,21.0,29.087072
6,2026-08-20 09:00:00+00:00,tt_kelapagading,21.0,27.479168
6,2026-08-20 09:00:00+00:00,tt_kuningan,13.0,22.118336
6,2026-08-20 09:00:00+00:00,tt_sudirman,23.0,32.365307
6,2026-08-20 09:00:00+00:00,tt_tangerang,34.0,42.61849
6,2026-08-20 09:00:00+00:00,tt_tbsimatupang,47.0,53.19885
6,2026-08-20 09:00:00+00:00,tt_thamrin,18.0,20.959927
6,2026-08-20 11:00:00+00:00,tt_bekasi,18.0,18.48568
6,2026-08-20 11:00:00+00:00,tt_bogor,35.0,36.34207
6,2026-08-20 11:00:00+00:00,tt_bsd,34.0,32.08769
6,2026-08-20 11:00:00+00:00,tt_cawang,33.0,31.35579
6,2026-08-20 11:00:00+00:00,tt_depok,26.0,28.690144
6,2026-08-20 11:00:00+00:00,tt_gatsu,7.0,40.618908
6,2026-08-20 11:00:00+00:00,tt_grogol,29.0,30.676357
6,2026-08-20 11:00:00+00:00,tt_kebonjeruk,18.0,28.06116
6,2026-08-20 11:00:00+00:00,tt_kelapagading,21.0,25.971539
6,2026-08-20 11:00:00+00:00,tt_kuningan,15.999999,22.118336
6,2026-08-20 11:00:00+00:00,tt_sudirman,12.0,31.270018
6,2026-08-20 11:00:00+00:00,tt_tangerang,35.0,42.506134
6,2026-08-20 11:00:00+00:00,tt_tbsimatupang,24.0,53.07792
6,2026-08-20 11:00:00+00:00,tt_thamrin,10.0,19.003572
6,2026-08-20 12:00:00+00:00,tt_bekasi,14.0,18.210644
6,2026-08-20 12:00:00+00:00,tt_bogor,37.0,36.846497
6,2026-08-20 12:00:00+00:00,tt_bsd,34.0,32.091297
6,2026-08-20 12:00:00+00:00,tt_cawang,43.0,31.606192
6,2026-08-20 12:00:00+00:00,tt_depok,24.0,28.808838
6,2026-08-20 12:00:00+00:00,tt_gatsu,10.0,38.748314
6,2026-08-20 12:00:00+00:00,tt_grogol,32.0,30.633211
6,2026-08-20 12:00:00+00:00,tt_kebonjeruk,23.0,27.656706
6,2026-08-20 12:00:00+00:00,tt_kelapagading,21.0,25.12513
6,2026-08-20 12:00:00+00:00,tt_kuningan,13.0,21.242947
6,2026-08-20 12:00:00+00:00,tt_sudirman,22.0,30.085016
6,2026-08-20 12:00:00+00:00,tt_tangerang,48.0,40.933853
6,2026-08-20 12:00:00+00:00,tt_tbsimatupang,40.0,51.27057
6,2026-08-20 12:00:00+00:00,tt_thamrin,9.0,18.17614
6,2026-08-20 14:00:00+00:00,tt_bekasi,18.0,18.146069
6,2026-08-20 14:00:00+00:00,tt_bogor,38.0,35.394665
6,2026-08-20 14:00:00+00:00,tt_bsd,27.0,32.086857
6,2026-08-20 14:00:00+00:00,tt_cawang,32.0,28.204063
6,2026-08-20 14:00:00+00:00,tt_depok,31.0,27.855204
6,2026-08-20 14:00:00+00:00,tt_gatsu,45.0,36.61567
6,2026-08-20 14:00:00+00:00,tt_grogol,40.0,30.069977
6,2026-08-20 14:00:00+00:00,tt_kebonjeruk,28.0,26.0046
6,2026-08-20 14:00:00+00:00,tt_kelapagading,29.0,23.83778
6,2026-08-20 14:00:00+00:00,tt_kuningan,15.999999,21.675829
6,2026-08-20 14:00:00+00:00,tt_sudirman,39.0,27.760809
6,2026-08-20 14:00:00+00:00,tt_tangerang,48.0,39.55542
6,2026-08-20 14:00:00+00:00,tt_tbsimatupang,59.0,51.222878
6,2026-08-20 14:00:00+00:00,tt_thamrin,13.0,16.972752
6,2026-08-20 16:00:00+00:00,tt_bekasi,15.0,17.455
6,2026-08-20 16:00:00+00:00,tt_bogor,45.0,33.4919
6,2026-08-20 16:00:00+00:00,tt_bsd,34.0,30.167156
6,2026-08-20 16:00:00+00:00,tt_cawang,43.0,26.684013
6,2026-08-20 16:00:00+00:00,tt_depok,31.0,27.391148
6,2026-08-20 16:00:00+00:00,tt_gatsu,45.0,36.683853
6,2026-08-20 16:00:00+00:00,tt_grogol,40.0,29.908247
6,2026-08-20 16:00:00+00:00,tt_kebonjeruk,35.0,24.276447
6,2026-08-20 16:00:00+00:00,tt_kelapagading,29.0,23.175348
6,2026-08-20 16:00:00+00:00,tt_kuningan,21.0,19.512524
6,2026-08-20 16:00:00+00:00,tt_sudirman,39.0,26.376785
6,2026-08-20 16:00:00+00:00,tt_tangerang,48.0,37.60138
6,2026-08-20 16:00:00+00:00,tt_tbsimatupang,72.0,48.122955
6,2026-08-20 16:00:00+00:00,tt_thamrin,22.0,18.089306
6,2026-08-20 17:00:00+00:00,tt_bekasi,18.0,18.025135
6,2026-08-20 17:00:00+00:00,tt_bogor,45.0,33.607964
6,2026-08-20 17:00:00+00:00,tt_bsd,34.0,31.338293
6,2026-08-20 17:00:00+00:00,tt_cawang,43.0,28.483183
6,2026-08-20 17:00:00+00:00,tt_depok,31.0,27.236313
6,2026-08-20 17:00:00+00:00,tt_gatsu,45.0,34.753555
6,2026-08-20 17:00:00+00:00,tt_grogol,40.0,29.422436
6,2026-08-20 17:00:00+00:00,tt_kebonjeruk,35.0,23.30123
6,2026-08-20 17:00:00+00:00,tt_kelapagading,29.0,22.855627
6,2026-08-20 17:00:00+00:00,tt_kuningan,21.0,19.286963
6,2026-08-20 17:00:00+00:00,tt_sudirman,39.0,23.853403
6,2026-08-20 17:00:00+00:00,tt_tangerang,48.0,36.9909
6,2026-08-20 17:00:00+00:00,tt_tbsimatupang,72.0,44.98643
6,2026-08-20 17:00:00+00:00,tt_thamrin,22.0,17.03318
6,2026-08-20 19:00:00+00:00,tt_bekasi,18.0,17.334042
6,2026-08-20 19:00:00+00:00,tt_bogor,45.0,34.456738
6,2026-08-20 19:00:00+00:00,tt_bsd,34.0,32.028656
6,2026-08-20 19:00:00+00:00,tt_cawang,43.0,36.124115
6,2026-08-20 19:00:00+00:00,tt_depok,31.0,26.3362
6,2026-08-20 19:00:00+00:00,tt_gatsu,45.0,31.365458
6,2026-08-20 19:00:00+00:00,tt_grogol,40.0,30.074568
6,2026-08-20 19:00:00+00:00,tt_kebonjeruk,35.0,23.55209
6,2026-08-20 19:00:00+00:00,tt_kelapagading,29.0,22.277775
6,2026-08-20 19:00:00+00:00,tt_kuningan,21.0,17.975779
6,2026-08-20 19:00:00+00:00,tt_sudirman,39.0,22.882416
6,2026-08-20 19:00:00+00:00,tt_tangerang,48.0,42.331177
6,2026-08-20 19:00:00+00:00,tt_tbsimatupang,72.0,41.110687
6,2026-08-20 19:00:00+00:00,tt_thamrin,22.0,15.650843
6,2026-08-20 21:00:00+00:00,tt_bekasi,18.0,18.38935
6,2026-08-20 21:00:00+00:00,tt_bogor,45.0,34.68923
6,2026-08-20 21:00:00+00:00,tt_bsd,34.0,29.873903
6,2026-08-20 21:00:00+00:00,tt_cawang,43.0,33.597076
6,2026-08-20 21:00:00+00:00,tt_depok,31.0,28.655443
6,2026-08-20 21:00:00+00:00,tt_gatsu,45.0,40.958622
6,2026-08-20 21:00:00+00:00,tt_grogol,40.0,34.63623
6,2026-08-20 21:00:00+00:00,tt_kebonjeruk,35.0,25.691868
6,2026-08-20 21:00:00+00:00,tt_kelapagading,29.0,25.53754
6,2026-08-20 21:00:00+00:00,tt_kuningan,21.0,18.025326
6,2026-08-20 21:00:00+00:00,tt_sudirman,39.0,32.255566
6,2026-08-20 21:00:00+00:00,tt_tangerang,48.0,42.1808
6,2026-08-20 21:00:00+00:00,tt_tbsimatupang,72.0,48.829445
6,2026-08-20 21:00:00+00:00,tt_thamrin,22.0,16.198183
6,2026-08-20 22:00:00+00:00,tt_bekasi,18.0,18.108395
6,2026-08-20 22:00:00+00:00,tt_bogor,45.0,37.34495
6,2026-08-20 22:00:00+00:00,tt_bsd,34.0,31.213203
6,2026-08-20 22:00:00+00:00,tt_cawang,43.0,36.895943
6,2026-08-20 22:00:00+00:00,tt_depok,31.0,29.146988
6,2026-08-20 22:00:00+00:00,tt_gatsu,45.0,40.77558
6,2026-08-20 22:00:00+00:00,tt_grogol,40.0,35.18921
6,2026-08-20 22:00:00+00:00,tt_kebonjeruk,35.0,28.817743
6,2026-08-20 22:00:00+00:00,tt_kelapagading,29.0,26.436092
6,2026-08-20 22:00:00+00:00,tt_kuningan,21.0,19.095383
6,2026-08-20 22:00:00+00:00,tt_sudirman,39.0,33.526638
6,2026-08-20 22:00:00+00:00,tt_tangerang,48.0,41.83383
6,2026-08-20 22:00:00+00:00,tt_tbsimatupang,72.0,52.125195
6,2026-08-20 22:00:00+00:00,tt_thamrin,22.0,18.366966
6,2026-08-21 00:00:00+00:00,tt_bekasi,18.0,18.779263
6,2026-08-21 00:00:00+00:00,tt_bogor,35.0,38.718143
6,2026-08-21 00:00:00+00:00,tt_bsd,29.0,31.97341
6,2026-08-21 00:00:00+00:00,tt_cawang,18.0,38.513504
6,2026-08-21 00:00:00+00:00,tt_depok,25.0,29.585777
6,2026-08-21 00:00:00+00:00,tt_gatsu,45.0,39.94821
6,2026-08-21 00:00:00+00:00,tt_grogol,34.0,35.758133
6,2026-08-21 00:00:00+00:00,tt_kebonjeruk,25.0,31.041977
6,2026-08-21 00:00:00+00:00,tt_kelapagading,26.0,27.53276
6,2026-08-21 00:00:00+00:00,tt_kuningan,21.0,20.316784
6,2026-08-21 00:00:00+00:00,tt_sudirman,31.0,34.740772
6,2026-08-21 00:00:00+00:00,tt_tangerang,37.0,41.557514
6,2026-08-21 00:00:00+00:00,tt_tbsimatupang,32.0,51.955822
6,2026-08-21 00:00:00+00:00,tt_thamrin,22.0,20.600979
6,2026-08-21 02:00:00+00:00,tt_bekasi,17.0,19.193462
6,2026-08-21 02:00:00+00:00,tt_bogor,37.0,39.217518
6,2026-08-21 02:00:00+00:00,tt_bsd,28.0,32.008167
6,2026-08-21 02:00:00+00:00,tt_cawang,19.0,38.775017
6,2026-08-21 02:00:00+00:00,tt_depok,26.0,29.826202
6,2026-08-21 02:00:00+00:00,tt_gatsu,45.0,40.363182
6,2026-08-21 02:00:00+00:00,tt_grogol,31.0,36.19739
6,2026-08-21 02:00:00+00:00,tt_kebonjeruk,26.0,31.936874
6,2026-08-21 02:00:00+00:00,tt_kelapagading,29.0,28.180922
6,2026-08-21 02:00:00+00:00,tt_kuningan,21.0,21.11512
6,2026-08-21 02:00:00+00:00,tt_sudirman,23.0,35.497963
6,2026-08-21 02:00:00+00:00,tt_tangerang,37.0,41.786472
6,2026-08-21 02:00:00+00:00,tt_tbsimatupang,37.0,50.788193
6,2026-08-21 02:00:00+00:00,tt_thamrin,22.0,21.688503
6,2026-08-21 03:00:00+00:00,tt_bekasi,15.0,19.301115
6,2026-08-21 03:00:00+00:00,tt_bogor,38.0,39.45881
6,2026-08-21 03:00:00+00:00,tt_bsd,34.0,32.05815
6,2026-08-21 03:00:00+00:00,tt_cawang,21.0,38.887394
6,2026-08-21 03:00:00+00:00,tt_depok,31.0,29.910303
6,2026-08-21 03:00:00+00:00,tt_gatsu,45.0,40.460987
6,2026-08-21 03:00:00+00:00,tt_grogol,27.0,36.38585
6,2026-08-21 03:00:00+00:00,tt_kebonjeruk,24.0,32.24202
6,2026-08-21 03:00:00+00:00,tt_kelapagading,23.0,28.405588
6,2026-08-21 03:00:00+00:00,tt_kuningan,15.999999,21.423275
6,2026-08-21 03:00:00+00:00,tt_sudirman,28.0,35.767876
6,2026-08-21 03:00:00+00:00,tt_tangerang,48.0,41.935528
6,2026-08-21 03:00:00+00:00,tt_tbsimatupang,48.0,50.26048
6,2026-08-21 03:00:00+00:00,tt_thamrin,15.999999,22.186214
6,2026-08-21 05:00:00+00:00,tt_bekasi,15.999999,19.473257
6,2026-08-21 05:00:00+00:00,tt_bogor,45.0,39.875668
6,2026-08-21 05:00:00+00:00,tt_bsd,34.0,32.0831
6,2026-08-21 05:00:00+00:00,tt_cawang,43.0,39.122196
6,2026-08-21 05:00:00+00:00,tt_depok,31.0,30.023815
6,2026-08-21 05:00:00+00:00,tt_gatsu,45.0,40.54471
6,2026-08-21 05:00:00+00:00,tt_grogol,32.0,36.690495
6,2026-08-21 05:00:00+00:00,tt_kebonjeruk,27.0,32.637337
6,2026-08-21 05:00:00+00:00,tt_kelapagading,23.0,28.700512
6,2026-08-21 05:00:00+00:00,tt_kuningan,21.0,21.908
6,2026-08-21 05:00:00+00:00,tt_sudirman,34.0,36.02792
6,2026-08-21 05:00:00+00:00,tt_tangerang,48.0,42.22798
6,2026-08-21 05:00:00+00:00,tt_tbsimatupang,72.0,49.499516
6,2026-08-21 05:00:00+00:00,tt_thamrin,21.0,22.938677
6,2026-08-21 07:00:00+00:00,tt_bekasi,14.0,19.48524
6,2026-08-21 07:00:00+00:00,tt_bogor,35.0,37.76422
6,2026-08-21 07:00:00+00:00,tt_bsd,34.0,30.375328
6,2026-08-21 07:00:00+00:00,tt_cawang,28.0,36.074635
6,2026-08-21 07:00:00+00:00,tt_depok,25.0,28.161772
6,2026-08-21 07:00:00+00:00,tt_gatsu,36.0,40.478004
6,2026-08-21 07:00:00+00:00,tt_grogol,28.0,35.065037
6,2026-08-21 07:00:00+00:00,tt_kebonjeruk,21.0,30.111277
6,2026-08-21 07:00:00+00:00,tt_kelapagading,20.0,27.767376
6,2026-08-21 07:00:00+00:00,tt_kuningan,21.0,22.078426
6,2026-08-21 07:00:00+00:00,tt_sudirman,18.0,33.878696
6,2026-08-21 07:00:00+00:00,tt_tangerang,39.0,39.95127
6,2026-08-21 07:00:00+00:00,tt_tbsimatupang,52.0,50.24112
6,2026-08-21 07:00:00+00:00,tt_thamrin,18.0,23.069675
6,2026-08-21 08:00:00+00:00,tt_bekasi,15.999999,19.324791
6,2026-08-21 08:00:00+00:00,tt_bogor,34.0,37.78131
6,2026-08-21 08:00:00+00:00,tt_bsd,34.0,29.893734
6,2026-08-21 08:00:00+00:00,tt_cawang,31.0,35.3993
6,2026-08-21 08:00:00+00:00,tt_depok,25.0,27.822603
6,2026-08-21 08:00:00+00:00,tt_gatsu,35.0,40.478004
6,2026-08-21 08:00:00+00:00,tt_grogol,29.0,34.118916
6,2026-08-21 08:00:00+00:00,tt_kebonjeruk,24.0,29.642508
6,2026-08-21 08:00:00+00:00,tt_kelapagading,21.0,28.200329
6,2026-08-21 08:00:00+00:00,tt_kuningan,17.0,22.126183
6,2026-08-21 08:00:00+00:00,tt_sudirman,24.0,32.463734
6,2026-08-21 08:00:00+00:00,tt_tangerang,40.0,39.440422
6,2026-08-21 08:00:00+00:00,tt_tbsimatupang,38.0,49.86917
6,2026-08-21 08:00:00+00:00,tt_thamrin,10.0,23.103315
6,2026-08-21 10:00:00+00:00,tt_bekasi,15.0,18.482624
6,2026-08-21 10:00:00+00:00,tt_bogor,32.0,37.637554
6,2026-08-21 10:00:00+00:00,tt_bsd,34.0,31.73595
6,2026-08-21 10:00:00+00:00,tt_cawang,22.0,34.11897
6,2026-08-21 10:00:00+00:00,tt_depok,24.0,29.442837
6,2026-08-21 10:00:00+00:00,tt_gatsu,34.0,40.478004
6,2026-08-21 10:00:00+00:00,tt_grogol,32.0,32.095795
6,2026-08-21 10:00:00+00:00,tt_kebonjeruk,20.0,28.418196
6,2026-08-21 10:00:00+00:00,tt_kelapagading,19.0,26.617886
6,2026-08-21 10:00:00+00:00,tt_kuningan,13.0,20.565657
6,2026-08-21 10:00:00+00:00,tt_sudirman,22.0,31.530865
6,2026-08-21 10:00:00+00:00,tt_tangerang,29.0,42.856102
6,2026-08-21 10:00:00+00:00,tt_tbsimatupang,27.0,50.005993
6,2026-08-21 10:00:00+00:00,tt_thamrin,19.0,21.208988
6,2026-08-21 12:00:00+00:00,tt_bekasi,13.0,18.312355
6,2026-08-21 12:00:00+00:00,tt_bogor,32.0,40.097054
6,2026-08-21 12:00:00+00:00,tt_bsd,34.0,31.985073
6,2026-08-21 12:00:00+00:00,tt_cawang,34.0,40.92665
6,2026-08-21 12:00:00+00:00,tt_depok,26.0,29.858862
6,2026-08-21 12:00:00+00:00,tt_gatsu,15.0,40.478004
6,2026-08-21 12:00:00+00:00,tt_grogol,32.0,32.38581
6,2026-08-21 12:00:00+00:00,tt_kebonjeruk,19.0,28.40525
6,2026-08-21 12:00:00+00:00,tt_kelapagading,18.0,25.698114
6,2026-08-21 12:00:00+00:00,tt_kuningan,13.0,21.324265
6,2026-08-21 12:00:00+00:00,tt_sudirman,18.0,32.99596
6,2026-08-21 12:00:00+00:00,tt_tangerang,32.0,42.75557
6,2026-08-21 12:00:00+00:00,tt_tbsimatupang,27.0,55.818428
6,2026-08-21 12:00:00+00:00,tt_thamrin,9.0,21.733505
6,2026-08-21 13:00:00+00:00,tt_bekasi,18.0,17.872272
6,2026-08-21 13:00:00+00:00,tt_bogor,45.0,38.15099
6,2026-08-21 13:00:00+00:00,tt_bsd,34.0,31.999472
6,2026-08-21 13:00:00+00:00,tt_cawang,32.0,38.45446
6,2026-08-21 13:00:00+00:00,tt_depok,25.0,28.765099
6,2026-08-21 13:00:00+00:00,tt_gatsu,45.0,38.949665
6,2026-08-21 13:00:00+00:00,tt_grogol,40.0,31.357328
6,2026-08-21 13:00:00+00:00,tt_kebonjeruk,25.0,27.268421
6,2026-08-21 13:00:00+00:00,tt_kelapagading,21.0,24.857819
6,2026-08-21 13:00:00+00:00,tt_kuningan,21.0,21.506607
6,2026-08-21 13:00:00+00:00,tt_sudirman,31.0,30.932617
6,2026-08-21 13:00:00+00:00,tt_tangerang,48.0,41.065178
6,2026-08-21 13:00:00+00:00,tt_tbsimatupang,72.0,53.067657
6,2026-08-21 13:00:00+00:00,tt_thamrin,15.999999,21.25156
